sample_id,post_id,true_label,pred_label,fold,model
78,ai_0013.png,4,3,0,koclip_svm
79,ai_0013.png,4,2,0,koclip_svm
80,ai_0013.png,4,4,0,koclip_svm
81,ai_0013.png,4,4,0,koclip_svm
82,ai_0013.png,1,4,0,koclip_svm
83,ai_0013.png,1,0,0,koclip_svm
84,ai_0013.png,1,4,0,koclip_svm
85,ai_0013.png,2,2,0,koclip_svm
86,ai_0013.png,2,2,0,koclip_svm
87,ai_0013.png,1,3,0,koclip_svm
88,ai_0013.png,1,3,0,koclip_svm
112,ai_0015.png,3,4,0,koclip_svm
113,ai_0015.png,2,4,0,koclip_svm
114,ai_0015.png,2,4,0,koclip_svm
115,ai_0015.png,2,4,0,koclip_svm
116,ai_0015.png,3,4,0,koclip_svm
117,ai_0015.png,4,4,0,koclip_svm
118,ai_0015.png,4,4,0,koclip_svm
119,ai_0015.png,3,4,0,koclip_svm
120,ai_0015.png,0,4,0,koclip_svm
264,domesticTravel_0008.png,4,2,0,koclip_svm
265,domesticTravel_0008.png,4,2,0,koclip_svm
325,domesticTravel_0021.png,1,1,0,koclip_svm
326,domesticTravel_0021.png,1,3,0,koclip_svm
327,domesticTravel_0021.png,0,1,0,koclip_svm
328,domesticTravel_0021.png,4,3,0,koclip_svm
329,domesticTravel_0021.png,1,2,0,koclip_svm
330,domesticTravel_0021.png,3,3,0,koclip_svm
331,domesticTravel_0021.png,4,3,0,koclip_svm
332,domesticTravel_0021.png,4,3,0,koclip_svm
333,domesticTravel_0021.png,4,3,0,koclip_svm
334,domesticTravel_0021.png,4,3,0,koclip_svm
335,domesticTravel_0021.png,4,1,0,koclip_svm
336,domesticTravel_0021.png,1,2,0,koclip_svm
337,domesticTravel_0021.png,1,1,0,koclip_svm
338,domesticTravel_0021.png,0,1,0,koclip_svm
339,domesticTravel_0021.png,1,1,0,koclip_svm
340,domesticTravel_0021.png,3,1,0,koclip_svm
341,domesticTravel_0021.png,4,1,0,koclip_svm
342,domesticTravel_0021.png,1,1,0,koclip_svm
343,domesticTravel_0021.png,2,1,0,koclip_svm
344,domesticTravel_0021.png,3,2,0,koclip_svm
345,domesticTravel_0021.png,2,2,0,koclip_svm
346,fall_0001.png,4,4,0,koclip_svm
347,fall_0001.png,3,2,0,koclip_svm
348,fall_0001.png,3,3,0,koclip_svm
349,fall_0001.png,2,2,0,koclip_svm
350,fall_0001.png,0,1,0,koclip_svm
351,fall_0001.png,1,3,0,koclip_svm
352,fall_0001.png,4,1,0,koclip_svm
373,fall_0005.png,2,2,0,koclip_svm
374,fall_0005.png,2,1,0,koclip_svm
375,fall_0005.png,4,4,0,koclip_svm
376,fall_0005.png,1,4,0,koclip_svm
412,fall_0009.png,4,4,0,koclip_svm
413,fall_0009.png,4,2,0,koclip_svm
414,fall_0009.png,3,4,0,koclip_svm
415,fall_0009.png,3,4,0,koclip_svm
416,fall_0009.png,4,4,0,koclip_svm
469,fall_0014.png,4,4,0,koclip_svm
470,fall_0014.png,4,4,0,koclip_svm
471,fall_0014.png,4,4,0,koclip_svm
472,fall_0014.png,4,4,0,koclip_svm
473,fall_0014.png,4,4,0,koclip_svm
474,fall_0014.png,4,4,0,koclip_svm
475,fall_0014.png,3,2,0,koclip_svm
476,fall_0014.png,3,4,0,koclip_svm
477,fall_0014.png,2,4,0,koclip_svm
478,fall_0014.png,1,1,0,koclip_svm
479,fall_0014.png,2,4,0,koclip_svm
480,fall_0014.png,2,4,0,koclip_svm
481,fall_0014.png,2,4,0,koclip_svm
482,fall_0014.png,1,4,0,koclip_svm
483,fall_0014.png,2,4,0,koclip_svm
484,fall_0014.png,2,4,0,koclip_svm
485,fall_0014.png,1,4,0,koclip_svm
486,fall_0014.png,1,4,0,koclip_svm
487,fall_0014.png,1,3,0,koclip_svm
511,fall_0017.png,4,1,0,koclip_svm
512,fall_0017.png,4,1,0,koclip_svm
513,fall_0017.png,4,4,0,koclip_svm
514,fall_0017.png,4,4,0,koclip_svm
515,fall_0017.png,4,1,0,koclip_svm
516,fall_0017.png,4,4,0,koclip_svm
517,fall_0017.png,4,4,0,koclip_svm
518,fall_0017.png,2,2,0,koclip_svm
519,fall_0017.png,4,4,0,koclip_svm
520,fall_0017.png,4,4,0,koclip_svm
567,fashion_0002.png,4,4,0,koclip_svm
568,fashion_0002.png,4,4,0,koclip_svm
569,fashion_0002.png,4,4,0,koclip_svm
570,fashion_0002.png,4,4,0,koclip_svm
571,fashion_0002.png,3,4,0,koclip_svm
572,fashion_0002.png,1,4,0,koclip_svm
573,fashion_0002.png,4,4,0,koclip_svm
574,fashion_0002.png,4,4,0,koclip_svm
575,fashion_0002.png,4,4,0,koclip_svm
576,fashion_0002.png,4,4,0,koclip_svm
577,fashion_0002.png,4,4,0,koclip_svm
578,fashion_0002.png,3,4,0,koclip_svm
579,fashion_0002.png,4,3,0,koclip_svm
580,fashion_0002.png,4,4,0,koclip_svm
581,fashion_0002.png,4,4,0,koclip_svm
582,fashion_0002.png,3,3,0,koclip_svm
583,fashion_0002.png,3,3,0,koclip_svm
584,fashion_0002.png,3,3,0,koclip_svm
585,fashion_0002.png,4,4,0,koclip_svm
586,fashion_0002.png,4,4,0,koclip_svm
587,fashion_0002.png,4,4,0,koclip_svm
588,fashion_0002.png,4,4,0,koclip_svm
589,fashion_0003.png,4,1,0,koclip_svm
590,fashion_0003.png,4,1,0,koclip_svm
591,fashion_0003.png,1,1,0,koclip_svm
592,fashion_0003.png,3,1,0,koclip_svm
593,fashion_0003.png,3,1,0,koclip_svm
594,fashion_0003.png,4,1,0,koclip_svm
595,fashion_0003.png,1,1,0,koclip_svm
596,fashion_0003.png,1,1,0,koclip_svm
597,fashion_0003.png,4,1,0,koclip_svm
598,fashion_0003.png,4,1,0,koclip_svm
599,fashion_0003.png,2,1,0,koclip_svm
600,fashion_0003.png,3,3,0,koclip_svm
601,fashion_0003.png,3,1,0,koclip_svm
602,fashion_0003.png,3,1,0,koclip_svm
603,fashion_0003.png,2,1,0,koclip_svm
604,fashion_0005.png,3,1,0,koclip_svm
605,fashion_0005.png,4,1,0,koclip_svm
606,fashion_0005.png,3,0,0,koclip_svm
607,fashion_0005.png,2,1,0,koclip_svm
608,fashion_0005.png,3,0,0,koclip_svm
918,movie_0022.png,4,1,0,koclip_svm
919,movie_0022.png,0,3,0,koclip_svm
920,movie_0022.png,1,3,0,koclip_svm
921,movie_0022.png,0,3,0,koclip_svm
922,movie_0022.png,0,4,0,koclip_svm
923,movie_0022.png,0,4,0,koclip_svm
924,movie_0022.png,0,0,0,koclip_svm
925,movie_0022.png,0,4,0,koclip_svm
926,movie_0022.png,0,4,0,koclip_svm
927,movie_0022.png,0,4,0,koclip_svm
928,movie_0022.png,2,1,0,koclip_svm
929,movie_0022.png,0,4,0,koclip_svm
930,movie_0022.png,1,2,0,koclip_svm
931,movie_0022.png,4,1,0,koclip_svm
932,movie_0022.png,3,1,0,koclip_svm
933,movie_0022.png,4,4,0,koclip_svm
934,movie_0022.png,3,4,0,koclip_svm
997,olive_0011.png,2,3,0,koclip_svm
998,olive_0011.png,4,3,0,koclip_svm
999,olive_0011.png,2,2,0,koclip_svm
1000,olive_0011.png,3,3,0,koclip_svm
1001,olive_0011.png,2,3,0,koclip_svm
1002,olive_0011.png,4,4,0,koclip_svm
1003,olive_0011.png,1,1,0,koclip_svm
1004,olive_0011.png,1,4,0,koclip_svm
1005,olive_0011.png,4,1,0,koclip_svm
1006,olive_0011.png,3,4,0,koclip_svm
1007,olive_0011.png,2,3,0,koclip_svm
1008,olive_0011.png,1,1,0,koclip_svm
1009,olive_0011.png,1,3,0,koclip_svm
1010,olive_0011.png,1,1,0,koclip_svm
1011,olive_0011.png,1,3,0,koclip_svm
1012,olive_0011.png,2,3,0,koclip_svm
1013,olive_0011.png,0,3,0,koclip_svm
1014,olive_0011.png,2,3,0,koclip_svm
1015,olive_0011.png,1,3,0,koclip_svm
1016,olive_0011.png,1,1,0,koclip_svm
1017,olive_0011.png,3,4,0,koclip_svm
1018,olive_0012.png,4,4,0,koclip_svm
1038,olive_0015.png,4,1,0,koclip_svm
1039,olive_0015.png,4,4,0,koclip_svm
1040,olive_0015.png,2,1,0,koclip_svm
1041,olive_0015.png,3,1,0,koclip_svm
1042,olive_0015.png,3,1,0,koclip_svm
1043,olive_0015.png,3,4,0,koclip_svm
1044,olive_0015.png,1,1,0,koclip_svm
1045,olive_0015.png,1,3,0,koclip_svm
1046,olive_0015.png,2,4,0,koclip_svm
1047,olive_0015.png,1,1,0,koclip_svm
1048,olive_0015.png,2,1,0,koclip_svm
1049,olive_0015.png,2,1,0,koclip_svm
1050,olive_0015.png,1,4,0,koclip_svm
1051,olive_0015.png,1,1,0,koclip_svm
1052,olive_0015.png,3,1,0,koclip_svm
1053,olive_0015.png,1,1,0,koclip_svm
1054,olive_0015.png,3,3,0,koclip_svm
1055,olive_0015.png,3,3,0,koclip_svm
1056,olive_0015.png,3,4,0,koclip_svm
1057,olive_0015.png,2,2,0,koclip_svm
1058,olive_0015.png,2,2,0,koclip_svm
1059,olive_0015.png,2,2,0,koclip_svm
1060,olive_0015.png,2,2,0,koclip_svm
1061,olive_0015.png,2,2,0,koclip_svm
1161,restaurant_0009.png,4,1,0,koclip_svm
1162,restaurant_0009.png,1,4,0,koclip_svm
1163,restaurant_0009.png,3,4,0,koclip_svm
1164,restaurant_0009.png,2,4,0,koclip_svm
1165,restaurant_0009.png,0,3,0,koclip_svm
1166,restaurant_0009.png,1,1,0,koclip_svm
1167,restaurant_0010.png,4,4,0,koclip_svm
1168,restaurant_0010.png,4,2,0,koclip_svm
1169,restaurant_0010.png,3,1,0,koclip_svm
1177,restaurant_0013.png,1,0,0,koclip_svm
1178,restaurant_0013.png,1,2,0,koclip_svm
1179,restaurant_0013.png,4,3,0,koclip_svm
1180,restaurant_0013.png,4,3,0,koclip_svm
1181,restaurant_0013.png,3,3,0,koclip_svm
1182,restaurant_0013.png,3,4,0,koclip_svm
1183,restaurant_0013.png,3,3,0,koclip_svm
1184,restaurant_0013.png,3,4,0,koclip_svm
1185,restaurant_0013.png,4,3,0,koclip_svm
1186,restaurant_0013.png,4,3,0,koclip_svm
1187,restaurant_0013.png,4,3,0,koclip_svm
1188,restaurant_0013.png,4,4,0,koclip_svm
1189,restaurant_0013.png,4,4,0,koclip_svm
1190,restaurant_0013.png,4,4,0,koclip_svm
1191,restaurant_0013.png,4,4,0,koclip_svm
1192,restaurant_0013.png,4,4,0,koclip_svm
1193,restaurant_0013.png,4,4,0,koclip_svm
1194,restaurant_0013.png,4,4,0,koclip_svm
1195,restaurant_0013.png,4,4,0,koclip_svm
1196,restaurant_0013.png,3,4,0,koclip_svm
1197,restaurant_0013.png,3,4,0,koclip_svm
1198,restaurant_0013.png,1,4,0,koclip_svm
1199,restaurant_0013.png,2,3,0,koclip_svm
1200,restaurant_0013.png,4,3,0,koclip_svm
1201,restaurant_0013.png,2,3,0,koclip_svm
1202,restaurant_0013.png,1,0,0,koclip_svm
1203,restaurant_0013.png,2,3,0,koclip_svm
1204,restaurant_0013.png,3,3,0,koclip_svm
1205,restaurant_0013.png,3,3,0,koclip_svm
1206,restaurant_0013.png,1,2,0,koclip_svm
1208,restaurant_0016.png,1,1,0,koclip_svm
1209,restaurant_0016.png,1,1,0,koclip_svm
1210,restaurant_0016.png,2,2,0,koclip_svm
1211,restaurant_0016.png,4,4,0,koclip_svm
1212,restaurant_0016.png,4,4,0,koclip_svm
1213,restaurant_0016.png,0,0,0,koclip_svm
1214,restaurant_0016.png,0,4,0,koclip_svm
1215,restaurant_0016.png,0,4,0,koclip_svm
1216,restaurant_0016.png,3,3,0,koclip_svm
1217,restaurant_0016.png,3,3,0,koclip_svm
1218,restaurant_0017.png,4,3,0,koclip_svm
1219,restaurant_0017.png,4,4,0,koclip_svm
1220,restaurant_0017.png,3,3,0,koclip_svm
1221,restaurant_0017.png,4,4,0,koclip_svm
1222,restaurant_0017.png,4,3,0,koclip_svm
1223,restaurant_0017.png,4,1,0,koclip_svm
1224,restaurant_0017.png,3,3,0,koclip_svm
1225,restaurant_0017.png,3,1,0,koclip_svm
1226,restaurant_0017.png,2,1,0,koclip_svm
1227,restaurant_0017.png,3,1,0,koclip_svm
1228,restaurant_0017.png,3,3,0,koclip_svm
1229,restaurant_0017.png,3,1,0,koclip_svm
1230,restaurant_0017.png,3,3,0,koclip_svm
1231,restaurant_0017.png,4,3,0,koclip_svm
1232,restaurant_0017.png,2,3,0,koclip_svm
1233,restaurant_0017.png,3,3,0,koclip_svm
1234,restaurant_0017.png,0,0,0,koclip_svm
1235,restaurant_0017.png,1,1,0,koclip_svm
1236,restaurant_0017.png,1,4,0,koclip_svm
1237,restaurant_0017.png,1,3,0,koclip_svm
1238,restaurant_0017.png,1,4,0,koclip_svm
1239,restaurant_0017.png,1,1,0,koclip_svm
1240,restaurant_0017.png,1,1,0,koclip_svm
1241,restaurant_0017.png,1,1,0,koclip_svm
1346,zerokal_0002.png,4,4,0,koclip_svm
1347,zerokal_0002.png,4,4,0,koclip_svm
1348,zerokal_0002.png,4,4,0,koclip_svm
1349,zerokal_0002.png,3,3,0,koclip_svm
1350,zerokal_0002.png,2,1,0,koclip_svm
1351,zerokal_0002.png,2,3,0,koclip_svm
1432,zerokal_0009.png,3,3,0,koclip_svm
1433,zerokal_0009.png,4,2,0,koclip_svm
1434,zerokal_0009.png,4,4,0,koclip_svm
1447,zerokal_0012.png,4,3,0,koclip_svm
1448,zerokal_0012.png,3,3,0,koclip_svm
1449,zerokal_0012.png,4,3,0,koclip_svm
1450,zerokal_0012.png,4,3,0,koclip_svm
1451,zerokal_0012.png,4,3,0,koclip_svm
1518,travelgram_0005.png,4,4,0,koclip_svm
1519,travelgram_0005.png,4,4,0,koclip_svm
1520,travelgram_0005.png,4,4,0,koclip_svm
1521,travelgram_0005.png,4,4,0,koclip_svm
1522,travelgram_0005.png,2,4,0,koclip_svm
1523,travelgram_0010.png,4,3,0,koclip_svm
1524,travelgram_0011.png,2,0,0,koclip_svm
1613,travelgram_0023.png,2,2,0,koclip_svm
1614,travelgram_0023.png,2,3,0,koclip_svm
1615,travelgram_0023.png,0,1,0,koclip_svm
1616,travelgram_0023.png,3,3,0,koclip_svm
1617,travelgram_0023.png,4,1,0,koclip_svm
1618,travelgram_0024.png,4,1,0,koclip_svm
1619,travelgram_0024.png,4,4,0,koclip_svm
1620,travelgram_0024.png,4,1,0,koclip_svm
1621,travelgram_0024.png,3,2,0,koclip_svm
1622,travelgram_0024.png,4,3,0,koclip_svm
1623,travelgram_0024.png,3,3,0,koclip_svm
1624,travelgram_0024.png,4,1,0,koclip_svm
1625,travelgram_0024.png,2,1,0,koclip_svm
1626,travelgram_0024.png,3,2,0,koclip_svm
1627,travelgram_0024.png,2,3,0,koclip_svm
1628,travelgram_0024.png,4,3,0,koclip_svm
1629,travelgram_0024.png,3,3,0,koclip_svm
1652,travelgram_0038.png,4,3,0,koclip_svm
1653,travelgram_0038.png,4,2,0,koclip_svm
1654,travelgram_0038.png,4,3,0,koclip_svm
1655,travelgram_0038.png,3,3,0,koclip_svm
1656,travelgram_0038.png,3,3,0,koclip_svm
1657,travelgram_0040.png,4,4,0,koclip_svm
1658,travelgram_0040.png,4,2,0,koclip_svm
1659,travelgram_0040.png,4,4,0,koclip_svm
1660,travelgram_0040.png,1,1,0,koclip_svm
1661,travelgram_0040.png,1,1,0,koclip_svm
1662,travelgram_0040.png,3,1,0,koclip_svm
1663,travelgram_0040.png,4,4,0,koclip_svm
1664,travelgram_0040.png,3,2,0,koclip_svm
1665,travelgram_0040.png,2,3,0,koclip_svm
1666,travelgram_0040.png,2,3,0,koclip_svm
1667,travelgram_0040.png,1,3,0,koclip_svm
1668,travelgram_0040.png,2,4,0,koclip_svm
1669,travelgram_0040.png,4,2,0,koclip_svm
1670,travelgram_0040.png,4,3,0,koclip_svm
1671,travelgram_0040.png,2,4,0,koclip_svm
1687,travelgram_0052.png,1,4,0,koclip_svm
1688,travelgram_0052.png,2,3,0,koclip_svm
1689,travelgram_0052.png,3,3,0,koclip_svm
1690,travelgram_0052.png,1,3,0,koclip_svm
1767,travelgram_0072.png,1,2,0,koclip_svm
1768,travelgram_0072.png,0,1,0,koclip_svm
1769,travelgram_0072.png,3,1,0,koclip_svm
1770,travelgram_0072.png,0,1,0,koclip_svm
1771,travelgram_0072.png,3,2,0,koclip_svm
1818,travelgram_0085.png,3,1,0,koclip_svm
1819,travelgram_0085.png,3,0,0,koclip_svm
1820,travelgram_0085.png,3,3,0,koclip_svm
1821,travelgram_0085.png,3,3,0,koclip_svm
1822,travelgram_0085.png,3,3,0,koclip_svm
1823,travelgram_0085.png,2,2,0,koclip_svm
1824,travelgram_0085.png,3,3,0,koclip_svm
1825,travelgram_0085.png,3,3,0,koclip_svm
1826,travelgram_0085.png,2,2,0,koclip_svm
1827,travelgram_0085.png,1,2,0,koclip_svm
1828,travelgram_0085.png,3,4,0,koclip_svm
1829,travelgram_0085.png,3,2,0,koclip_svm
1830,travelgram_0085.png,0,0,0,koclip_svm
1831,travelgram_0085.png,3,3,0,koclip_svm
1832,travelgram_0085.png,1,0,0,koclip_svm
1833,travelgram_0085.png,3,3,0,koclip_svm
1834,travelgram_0085.png,2,2,0,koclip_svm
1835,travelgram_0085.png,2,2,0,koclip_svm
1836,travelgram_0085.png,2,2,0,koclip_svm
1837,travelgram_0085.png,3,3,0,koclip_svm
1838,travelgram_0085.png,3,3,0,koclip_svm
1839,travelgram_0085.png,2,2,0,koclip_svm
1840,travelgram_0085.png,2,2,0,koclip_svm
1841,travelgram_0085.png,1,4,0,koclip_svm
1842,travelgram_0085.png,1,4,0,koclip_svm
1843,travelgram_0085.png,0,4,0,koclip_svm
1844,travelgram_0085.png,1,1,0,koclip_svm
1845,travelgram_0085.png,0,4,0,koclip_svm
1846,travelgram_0085.png,4,3,0,koclip_svm
1847,travelgram_0085.png,4,3,0,koclip_svm
1849,travelgram_0088.png,4,3,0,koclip_svm
1850,travelgram_0088.png,1,3,0,koclip_svm
1851,travelgram_0088.png,3,3,0,koclip_svm
1852,travelgram_0088.png,3,2,0,koclip_svm
1853,travelgram_0088.png,4,0,0,koclip_svm
1884,solotravel_0008.png,3,3,0,koclip_svm
1885,solotravel_0008.png,3,3,0,koclip_svm
1886,solotravel_0008.png,3,3,0,koclip_svm
1887,solotravel_0008.png,3,2,0,koclip_svm
1888,solotravel_0008.png,4,2,0,koclip_svm
1889,solotravel_0008.png,3,2,0,koclip_svm
1890,solotravel_0008.png,1,4,0,koclip_svm
1891,solotravel_0008.png,4,4,0,koclip_svm
1892,solotravel_0008.png,1,4,0,koclip_svm
1893,solotravel_0008.png,1,2,0,koclip_svm
1894,solotravel_0008.png,1,2,0,koclip_svm
1895,solotravel_0008.png,1,4,0,koclip_svm
1896,solotravel_0008.png,2,2,0,koclip_svm
1897,solotravel_0008.png,4,3,0,koclip_svm
1898,solotravel_0008.png,3,3,0,koclip_svm
1910,solotravel_0015.png,4,0,0,koclip_svm
1911,solotravel_0015.png,4,3,0,koclip_svm
1912,solotravel_0015.png,3,3,0,koclip_svm
1913,solotravel_0015.png,1,3,0,koclip_svm
1914,solotravel_0015.png,2,3,0,koclip_svm
1915,solotravel_0018.png,1,1,0,koclip_svm
1916,solotravel_0018.png,2,2,0,koclip_svm
1917,solotravel_0018.png,4,4,0,koclip_svm
1918,solotravel_0018.png,2,1,0,koclip_svm
1919,solotravel_0018.png,3,3,0,koclip_svm
1925,solotravel_0021.png,4,2,0,koclip_svm
1926,solotravel_0021.png,4,2,0,koclip_svm
1936,solotravel_0026.png,3,2,0,koclip_svm
1937,solotravel_0026.png,4,4,0,koclip_svm
1938,solotravel_0026.png,3,4,0,koclip_svm
1939,solotravel_0026.png,3,2,0,koclip_svm
1940,solotravel_0026.png,3,3,0,koclip_svm
1946,solotravel_0029.png,3,3,0,koclip_svm
1947,solotravel_0029.png,4,2,0,koclip_svm
1993,solotravel_0041.png,0,4,0,koclip_svm
1994,solotravel_0041.png,0,4,0,koclip_svm
1995,solotravel_0041.png,0,4,0,koclip_svm
1996,solotravel_0041.png,0,0,0,koclip_svm
1997,solotravel_0041.png,1,4,0,koclip_svm
1998,solotravel_0041.png,0,1,0,koclip_svm
1999,solotravel_0042.png,4,1,0,koclip_svm
2000,solotravel_0042.png,4,3,0,koclip_svm
2001,solotravel_0042.png,4,3,0,koclip_svm
2002,solotravel_0042.png,3,1,0,koclip_svm
2003,solotravel_0042.png,3,3,0,koclip_svm
2009,solotravel_0044.png,4,4,0,koclip_svm
2010,solotravel_0044.png,3,4,0,koclip_svm
2011,solotravel_0044.png,4,4,0,koclip_svm
2061,solotravel_0052.png,0,3,0,koclip_svm
2062,solotravel_0052.png,2,3,0,koclip_svm
2063,solotravel_0052.png,4,4,0,koclip_svm
2064,solotravel_0052.png,4,4,0,koclip_svm
2065,solotravel_0052.png,2,3,0,koclip_svm
2066,solotravel_0054.png,4,4,0,koclip_svm
2067,solotravel_0054.png,2,2,0,koclip_svm
2068,solotravel_0054.png,2,3,0,koclip_svm
2154,solotravel_0071.png,1,0,0,koclip_svm
2155,solotravel_0071.png,3,3,0,koclip_svm
2156,solotravel_0071.png,1,1,0,koclip_svm
2157,solotravel_0071.png,1,1,0,koclip_svm
2158,solotravel_0071.png,1,1,0,koclip_svm
2159,solotravel_0074.png,3,2,0,koclip_svm
2160,solotravel_0074.png,3,1,0,koclip_svm
2161,solotravel_0074.png,1,4,0,koclip_svm
2162,solotravel_0074.png,2,3,0,koclip_svm
2163,solotravel_0074.png,3,4,0,koclip_svm
2164,solotravel_0074.png,3,1,0,koclip_svm
2179,solotravel_0077.png,1,4,0,koclip_svm
2180,solotravel_0077.png,0,3,0,koclip_svm
2181,solotravel_0077.png,0,0,0,koclip_svm
2182,solotravel_0077.png,0,4,0,koclip_svm
2183,solotravel_0077.png,0,4,0,koclip_svm
2209,solotravel_0086.png,0,4,0,koclip_svm
2210,solotravel_0086.png,0,4,0,koclip_svm
2211,solotravel_0086.png,1,4,0,koclip_svm
2212,solotravel_0086.png,0,3,0,koclip_svm
2213,solotravel_0086.png,0,1,0,koclip_svm
2214,solotravel_0087.png,3,3,0,koclip_svm
2215,solotravel_0087.png,4,1,0,koclip_svm
2216,solotravel_0087.png,4,1,0,koclip_svm
2217,solotravel_0087.png,4,4,0,koclip_svm
2218,solotravel_0087.png,1,1,0,koclip_svm
2223,solotravel_0090.png,4,3,0,koclip_svm
2224,solotravel_0090.png,4,2,0,koclip_svm
2225,solotravel_0090.png,4,2,0,koclip_svm
2226,solotravel_0090.png,3,2,0,koclip_svm
2227,solotravel_0090.png,2,2,0,koclip_svm
2228,solotravel_0090.png,3,2,0,koclip_svm
2229,solotravel_0090.png,0,1,0,koclip_svm
2230,solotravel_0090.png,1,2,0,koclip_svm
2249,travel_0001.png,3,3,0,koclip_svm
2250,travel_0001.png,4,0,0,koclip_svm
2251,travel_0001.png,1,4,0,koclip_svm
2252,travel_0001.png,4,0,0,koclip_svm
2263,travel_0004.png,4,3,0,koclip_svm
2264,travel_0004.png,2,3,0,koclip_svm
2265,travel_0004.png,4,3,0,koclip_svm
2266,travel_0004.png,3,2,0,koclip_svm
2267,travel_0004.png,2,3,0,koclip_svm
2360,travel_0031.png,3,0,0,koclip_svm
2361,travel_0031.png,4,1,0,koclip_svm
2362,travel_0031.png,1,1,0,koclip_svm
2363,travel_0031.png,0,4,0,koclip_svm
2364,travel_0031.png,0,1,0,koclip_svm
2365,travel_0031.png,1,3,0,koclip_svm
2366,travel_0031.png,1,1,0,koclip_svm
2367,travel_0031.png,0,1,0,koclip_svm
2368,travel_0031.png,1,3,0,koclip_svm
2377,travel_0034.png,1,4,0,koclip_svm
2378,travel_0034.png,4,4,0,koclip_svm
2379,travel_0034.png,4,4,0,koclip_svm
2380,travel_0034.png,3,0,0,koclip_svm
2517,travel_0063.png,1,4,0,koclip_svm
2518,travel_0063.png,0,4,0,koclip_svm
2519,travel_0063.png,1,3,0,koclip_svm
2520,travel_0063.png,1,1,0,koclip_svm
2521,travel_0063.png,1,1,0,koclip_svm
2538,travel_0074.png,1,2,0,koclip_svm
2539,travel_0074.png,0,2,0,koclip_svm
2540,travel_0074.png,1,2,0,koclip_svm
2541,travel_0074.png,1,4,0,koclip_svm
2542,travel_0074.png,1,0,0,koclip_svm
2543,travel_0074.png,1,3,0,koclip_svm
2544,travel_0074.png,0,1,0,koclip_svm
2545,travel_0074.png,3,2,0,koclip_svm
2546,travel_0074.png,1,3,0,koclip_svm
2547,travel_0074.png,1,4,0,koclip_svm
2548,travel_0074.png,1,3,0,koclip_svm
2549,travel_0074.png,1,4,0,koclip_svm
2550,travel_0074.png,0,0,0,koclip_svm
2551,travel_0074.png,0,1,0,koclip_svm
2552,travel_0074.png,0,1,0,koclip_svm
2553,travel_0074.png,0,2,0,koclip_svm
2554,travel_0074.png,0,3,0,koclip_svm
2555,travel_0074.png,1,4,0,koclip_svm
2556,travel_0074.png,1,4,0,koclip_svm
2557,travel_0074.png,0,3,0,koclip_svm
2558,travel_0074.png,3,3,0,koclip_svm
2559,travel_0074.png,0,1,0,koclip_svm
2560,travel_0074.png,0,1,0,koclip_svm
2561,travel_0074.png,1,1,0,koclip_svm
2562,travel_0074.png,0,0,0,koclip_svm
2579,travel_0078.png,4,1,0,koclip_svm
2580,travel_0078.png,3,1,0,koclip_svm
2581,travel_0078.png,3,1,0,koclip_svm
2582,travel_0078.png,3,3,0,koclip_svm
2583,travel_0078.png,3,3,0,koclip_svm
2584,travel_0078.png,1,3,0,koclip_svm
2585,travel_0078.png,2,2,0,koclip_svm
2586,travel_0078.png,1,2,0,koclip_svm
2598,travel_0083.png,4,1,0,koclip_svm
2599,travel_0083.png,3,1,0,koclip_svm
2600,travel_0083.png,4,1,0,koclip_svm
2601,travel_0083.png,4,3,0,koclip_svm
2602,travel_0083.png,4,1,0,koclip_svm
2603,travel_0084.png,4,3,0,koclip_svm
2659,foodstagram_0009.png,3,0,0,koclip_svm
2660,foodstagram_0009.png,4,3,0,koclip_svm
2661,foodstagram_0009.png,4,3,0,koclip_svm
2662,foodstagram_0009.png,3,3,0,koclip_svm
2663,foodstagram_0009.png,4,4,0,koclip_svm
2689,foodstagram_0013.png,4,4,0,koclip_svm
2690,foodstagram_0013.png,1,4,0,koclip_svm
2691,foodstagram_0013.png,4,4,0,koclip_svm
2692,foodstagram_0013.png,4,4,0,koclip_svm
2693,foodstagram_0013.png,4,4,0,koclip_svm
2694,foodstagram_0013.png,4,4,0,koclip_svm
2702,foodstagram_0018.png,1,1,0,koclip_svm
2703,foodstagram_0018.png,4,4,0,koclip_svm
2704,foodstagram_0018.png,1,1,0,koclip_svm
2705,foodstagram_0018.png,3,3,0,koclip_svm
2706,foodstagram_0018.png,2,1,0,koclip_svm
2707,foodstagram_0018.png,3,4,0,koclip_svm
2708,foodstagram_0018.png,3,3,0,koclip_svm
2709,foodstagram_0018.png,3,3,0,koclip_svm
2710,foodstagram_0018.png,3,3,0,koclip_svm
2711,foodstagram_0018.png,2,3,0,koclip_svm
2712,foodstagram_0018.png,3,3,0,koclip_svm
2713,foodstagram_0018.png,3,3,0,koclip_svm
2714,foodstagram_0018.png,1,1,0,koclip_svm
2715,foodstagram_0018.png,1,1,0,koclip_svm
2716,foodstagram_0018.png,0,4,0,koclip_svm
2717,foodstagram_0018.png,1,1,0,koclip_svm
2718,foodstagram_0018.png,1,1,0,koclip_svm
2719,foodstagram_0018.png,1,1,0,koclip_svm
2720,foodstagram_0018.png,3,3,0,koclip_svm
2721,foodstagram_0018.png,1,1,0,koclip_svm
2722,foodstagram_0018.png,1,1,0,koclip_svm
2723,foodstagram_0018.png,2,2,0,koclip_svm
2724,foodstagram_0018.png,2,1,0,koclip_svm
2725,foodstagram_0018.png,1,4,0,koclip_svm
2726,foodstagram_0018.png,3,3,0,koclip_svm
2727,foodstagram_0018.png,2,4,0,koclip_svm
2728,foodstagram_0018.png,3,1,0,koclip_svm
2729,foodstagram_0018.png,3,3,0,koclip_svm
2730,foodstagram_0018.png,4,4,0,koclip_svm
2731,foodstagram_0018.png,0,1,0,koclip_svm
2768,foodstagram_0023.png,3,1,0,koclip_svm
2769,foodstagram_0023.png,3,1,0,koclip_svm
2770,foodstagram_0023.png,1,1,0,koclip_svm
2803,foodstagram_0027.png,2,2,0,koclip_svm
2804,foodstagram_0027.png,4,4,0,koclip_svm
2805,foodstagram_0027.png,4,3,0,koclip_svm
2806,foodstagram_0027.png,3,3,0,koclip_svm
2807,foodstagram_0027.png,4,3,0,koclip_svm
2808,foodstagram_0027.png,3,3,0,koclip_svm
2809,foodstagram_0027.png,3,4,0,koclip_svm
2810,foodstagram_0027.png,2,3,0,koclip_svm
2811,foodstagram_0027.png,0,4,0,koclip_svm
2812,foodstagram_0027.png,4,3,0,koclip_svm
2813,foodstagram_0027.png,2,2,0,koclip_svm
2814,foodstagram_0027.png,3,3,0,koclip_svm
2815,foodstagram_0027.png,4,4,0,koclip_svm
2816,foodstagram_0027.png,2,2,0,koclip_svm
2817,foodstagram_0030.png,4,4,0,koclip_svm
2818,foodstagram_0030.png,4,3,0,koclip_svm
2819,foodstagram_0030.png,4,4,0,koclip_svm
2820,foodstagram_0030.png,4,4,0,koclip_svm
2821,foodstagram_0030.png,0,0,0,koclip_svm
2832,foodstagram_0034.png,4,4,0,koclip_svm
2833,foodstagram_0034.png,4,4,0,koclip_svm
2839,foodstagram_0036.png,4,3,0,koclip_svm
2848,foodstagram_0040.png,4,3,0,koclip_svm
2849,foodstagram_0040.png,4,1,0,koclip_svm
2850,foodstagram_0040.png,3,1,0,koclip_svm
2851,foodstagram_0040.png,1,1,0,koclip_svm
2857,foodstagram_0042.png,2,1,0,koclip_svm
2863,foodstagram_0045.png,3,4,0,koclip_svm
2864,foodstagram_0045.png,3,4,0,koclip_svm
2865,foodstagram_0045.png,3,4,0,koclip_svm
2871,foodstagram_0050.png,4,1,0,koclip_svm
2872,foodstagram_0050.png,3,3,0,koclip_svm
2873,foodstagram_0050.png,2,0,0,koclip_svm
2874,foodstagram_0050.png,1,1,0,koclip_svm
2927,foodstagram_0060.png,4,1,0,koclip_svm
2928,foodstagram_0060.png,3,3,0,koclip_svm
2929,foodstagram_0060.png,3,3,0,koclip_svm
2930,foodstagram_0060.png,3,3,0,koclip_svm
2939,foodstagram_0063.png,4,4,0,koclip_svm
2940,foodstagram_0063.png,4,4,0,koclip_svm
2941,foodstagram_0063.png,4,3,0,koclip_svm
2942,foodstagram_0063.png,4,4,0,koclip_svm
2943,foodstagram_0063.png,4,4,0,koclip_svm
2944,foodstagram_0064.png,4,0,0,koclip_svm
2945,foodstagram_0064.png,2,4,0,koclip_svm
2946,foodstagram_0064.png,2,2,0,koclip_svm
2947,foodstagram_0064.png,2,1,0,koclip_svm
2948,foodstagram_0064.png,3,0,0,koclip_svm
2954,foodstagram_0066.png,4,0,0,koclip_svm
2955,foodstagram_0066.png,3,3,0,koclip_svm
2956,foodstagram_0066.png,3,0,0,koclip_svm
2957,foodstagram_0066.png,3,3,0,koclip_svm
2958,foodstagram_0066.png,3,3,0,koclip_svm
2959,foodstagram_0066.png,4,3,0,koclip_svm
2960,foodstagram_0066.png,4,1,0,koclip_svm
2961,foodstagram_0066.png,1,1,0,koclip_svm
2962,foodstagram_0066.png,1,1,0,koclip_svm
2963,foodstagram_0066.png,4,4,0,koclip_svm
2964,foodstagram_0066.png,3,3,0,koclip_svm
2965,foodstagram_0066.png,4,4,0,koclip_svm
2966,foodstagram_0066.png,4,4,0,koclip_svm
2967,foodstagram_0066.png,3,0,0,koclip_svm
2968,foodstagram_0066.png,3,3,0,koclip_svm
2969,foodstagram_0066.png,2,3,0,koclip_svm
2970,foodstagram_0066.png,3,3,0,koclip_svm
2971,foodstagram_0066.png,3,3,0,koclip_svm
2972,foodstagram_0066.png,2,3,0,koclip_svm
2973,foodstagram_0066.png,2,3,0,koclip_svm
2974,foodstagram_0066.png,0,0,0,koclip_svm
2975,foodstagram_0066.png,0,0,0,koclip_svm
2976,foodstagram_0066.png,1,0,0,koclip_svm
2977,foodstagram_0066.png,0,3,0,koclip_svm
2978,foodstagram_0066.png,0,0,0,koclip_svm
3001,foodstagram_0069.png,4,4,0,koclip_svm
3002,foodstagram_0069.png,0,1,0,koclip_svm
3003,foodstagram_0069.png,3,4,0,koclip_svm
3032,foodstagram_0082.png,0,3,0,koclip_svm
3043,foodstagram_0086.png,4,4,0,koclip_svm
3044,foodstagram_0086.png,4,4,0,koclip_svm
3045,foodstagram_0086.png,4,4,0,koclip_svm
3229,meokstagram_0019.png,1,1,0,koclip_svm
3230,meokstagram_0019.png,3,4,0,koclip_svm
3231,meokstagram_0019.png,4,4,0,koclip_svm
3232,meokstagram_0019.png,4,4,0,koclip_svm
3233,meokstagram_0019.png,4,4,0,koclip_svm
3251,meokstagram_0029.png,4,4,0,koclip_svm
3252,meokstagram_0029.png,4,3,0,koclip_svm
3253,meokstagram_0029.png,3,1,0,koclip_svm
3254,meokstagram_0029.png,4,1,0,koclip_svm
3255,meokstagram_0029.png,3,3,0,koclip_svm
3261,meokstagram_0032.png,1,1,0,koclip_svm
3262,meokstagram_0032.png,4,4,0,koclip_svm
3263,meokstagram_0032.png,1,1,0,koclip_svm
3264,meokstagram_0032.png,0,2,0,koclip_svm
3265,meokstagram_0032.png,1,1,0,koclip_svm
3285,meokstagram_0034.png,3,3,0,koclip_svm
3294,meokstagram_0037.png,4,4,0,koclip_svm
3302,meokstagram_0041.png,4,1,0,koclip_svm
3303,meokstagram_0041.png,4,2,0,koclip_svm
3304,meokstagram_0041.png,4,1,0,koclip_svm
3305,meokstagram_0041.png,3,3,0,koclip_svm
3306,meokstagram_0041.png,4,1,0,koclip_svm
3307,meokstagram_0041.png,4,1,0,koclip_svm
3308,meokstagram_0041.png,3,3,0,koclip_svm
3309,meokstagram_0041.png,3,3,0,koclip_svm
3310,meokstagram_0041.png,3,3,0,koclip_svm
3311,meokstagram_0041.png,3,3,0,koclip_svm
3312,meokstagram_0041.png,3,3,0,koclip_svm
3313,meokstagram_0041.png,3,3,0,koclip_svm
3316,meokstagram_0045.png,3,1,0,koclip_svm
3317,meokstagram_0045.png,0,4,0,koclip_svm
3318,meokstagram_0045.png,4,1,0,koclip_svm
3319,meokstagram_0045.png,1,1,0,koclip_svm
3320,meokstagram_0045.png,4,3,0,koclip_svm
3321,meokstagram_0045.png,3,3,0,koclip_svm
3322,meokstagram_0045.png,3,3,0,koclip_svm
3323,meokstagram_0045.png,3,3,0,koclip_svm
3324,meokstagram_0045.png,2,2,0,koclip_svm
3325,meokstagram_0045.png,1,1,0,koclip_svm
3326,meokstagram_0045.png,2,2,0,koclip_svm
3327,meokstagram_0045.png,0,0,0,koclip_svm
3328,meokstagram_0045.png,0,1,0,koclip_svm
3329,meokstagram_0045.png,3,3,0,koclip_svm
3330,meokstagram_0045.png,3,3,0,koclip_svm
3331,meokstagram_0045.png,4,0,0,koclip_svm
3332,meokstagram_0045.png,4,4,0,koclip_svm
3333,meokstagram_0045.png,4,4,0,koclip_svm
3334,meokstagram_0045.png,4,4,0,koclip_svm
3335,meokstagram_0045.png,4,3,0,koclip_svm
3336,meokstagram_0045.png,1,1,0,koclip_svm
3337,meokstagram_0045.png,1,4,0,koclip_svm
3338,meokstagram_0045.png,1,3,0,koclip_svm
3355,meokstagram_0049.png,0,0,0,koclip_svm
3356,meokstagram_0049.png,0,0,0,koclip_svm
3357,meokstagram_0049.png,0,4,0,koclip_svm
3358,meokstagram_0049.png,0,4,0,koclip_svm
3359,meokstagram_0049.png,0,0,0,koclip_svm
3360,meokstagram_0049.png,0,1,0,koclip_svm
3361,meokstagram_0049.png,0,0,0,koclip_svm
3362,meokstagram_0049.png,1,3,0,koclip_svm
3363,meokstagram_0049.png,1,3,0,koclip_svm
3364,meokstagram_0049.png,2,4,0,koclip_svm
3365,meokstagram_0049.png,1,3,0,koclip_svm
3366,meokstagram_0049.png,0,3,0,koclip_svm
3367,meokstagram_0049.png,0,3,0,koclip_svm
3368,meokstagram_0049.png,0,3,0,koclip_svm
3369,meokstagram_0049.png,0,0,0,koclip_svm
3370,meokstagram_0049.png,0,2,0,koclip_svm
3371,meokstagram_0049.png,0,3,0,koclip_svm
3372,meokstagram_0049.png,0,3,0,koclip_svm
3373,meokstagram_0049.png,0,3,0,koclip_svm
3374,meokstagram_0049.png,0,2,0,koclip_svm
3375,meokstagram_0049.png,0,2,0,koclip_svm
3376,meokstagram_0049.png,0,3,0,koclip_svm
3377,meokstagram_0049.png,0,2,0,koclip_svm
3378,meokstagram_0049.png,0,1,0,koclip_svm
3379,meokstagram_0049.png,0,4,0,koclip_svm
3380,meokstagram_0049.png,0,1,0,koclip_svm
3381,meokstagram_0049.png,0,1,0,koclip_svm
3382,meokstagram_0049.png,1,1,0,koclip_svm
3383,meokstagram_0049.png,0,3,0,koclip_svm
3384,meokstagram_0050.png,4,4,0,koclip_svm
3385,meokstagram_0050.png,3,1,0,koclip_svm
3568,meokstagram_0083.png,3,3,0,koclip_svm
3569,meokstagram_0083.png,3,3,0,koclip_svm
3570,meokstagram_0083.png,4,4,0,koclip_svm
3571,meokstagram_0083.png,4,4,0,koclip_svm
3572,meokstagram_0083.png,4,4,0,koclip_svm
3576,meokstagram_0085.png,4,4,0,koclip_svm
3577,meokstagram_0086.png,4,3,0,koclip_svm
3578,meokstagram_0086.png,1,1,0,koclip_svm
3579,meokstagram_0086.png,1,0,0,koclip_svm
3580,meokstagram_0086.png,1,1,0,koclip_svm
3581,meokstagram_0086.png,0,0,0,koclip_svm
3612,meokstagram_0096.png,1,4,0,koclip_svm
3613,meokstagram_0096.png,4,1,0,koclip_svm
3614,meokstagram_0096.png,4,4,0,koclip_svm
3678,jmt_0015.png,4,1,0,koclip_svm
3679,jmt_0015.png,4,1,0,koclip_svm
3680,jmt_0015.png,4,4,0,koclip_svm
3681,jmt_0015.png,2,3,0,koclip_svm
3682,jmt_0015.png,3,3,0,koclip_svm
3683,jmt_0016.png,4,0,0,koclip_svm
3713,jmt_0031.png,0,1,0,koclip_svm
3714,jmt_0031.png,1,4,0,koclip_svm
3715,jmt_0031.png,4,4,0,koclip_svm
3716,jmt_0031.png,2,2,0,koclip_svm
3717,jmt_0031.png,2,2,0,koclip_svm
3737,jmt_0038.png,0,1,0,koclip_svm
3738,jmt_0038.png,4,3,0,koclip_svm
3739,jmt_0038.png,4,1,0,koclip_svm
3740,jmt_0038.png,3,4,0,koclip_svm
3741,jmt_0039.png,4,4,0,koclip_svm
3742,jmt_0039.png,1,4,0,koclip_svm
3743,jmt_0039.png,3,1,0,koclip_svm
3744,jmt_0039.png,3,1,0,koclip_svm
3745,jmt_0039.png,2,2,0,koclip_svm
3795,jmt_0057.png,0,4,0,koclip_svm
3796,jmt_0057.png,2,3,0,koclip_svm
3797,jmt_0057.png,0,1,0,koclip_svm
3799,jmt_0060.png,4,3,0,koclip_svm
3800,jmt_0060.png,4,4,0,koclip_svm
3801,jmt_0060.png,4,4,0,koclip_svm
3802,jmt_0060.png,3,4,0,koclip_svm
3803,jmt_0060.png,3,2,0,koclip_svm
3814,jmt_0063.png,4,3,0,koclip_svm
3815,jmt_0063.png,4,4,0,koclip_svm
3816,jmt_0063.png,2,1,0,koclip_svm
3817,jmt_0063.png,3,0,0,koclip_svm
3823,jmt_0068.png,4,4,0,koclip_svm
3824,jmt_0068.png,4,4,0,koclip_svm
3866,jmt_0075.png,4,3,0,koclip_svm
3867,jmt_0075.png,4,4,0,koclip_svm
3868,jmt_0075.png,1,3,0,koclip_svm
3869,jmt_0075.png,4,4,0,koclip_svm
3870,jmt_0075.png,1,4,0,koclip_svm
3871,jmt_0075.png,4,3,0,koclip_svm
3872,jmt_0075.png,2,4,0,koclip_svm
3873,jmt_0075.png,3,3,0,koclip_svm
3874,jmt_0075.png,2,4,0,koclip_svm
3875,jmt_0075.png,2,4,0,koclip_svm
3876,jmt_0077.png,1,1,0,koclip_svm
3877,jmt_0077.png,1,1,0,koclip_svm
3878,jmt_0077.png,4,1,0,koclip_svm
3879,jmt_0077.png,3,1,0,koclip_svm
3880,jmt_0077.png,2,1,0,koclip_svm
3901,jmt_0086.png,0,1,0,koclip_svm
3902,jmt_0086.png,4,1,0,koclip_svm
3903,jmt_0086.png,3,2,0,koclip_svm
3904,jmt_0086.png,4,1,0,koclip_svm
3905,jmt_0086.png,4,1,0,koclip_svm
3911,jmt_0089.png,4,4,0,koclip_svm
3912,jmt_0089.png,1,4,0,koclip_svm
3913,jmt_0089.png,1,4,0,koclip_svm
3914,jmt_0089.png,4,1,0,koclip_svm
3915,jmt_0089.png,1,4,0,koclip_svm
3930,jmt_0094.png,2,2,0,koclip_svm
3931,jmt_0094.png,4,3,0,koclip_svm
3961,makeup_0003.png,1,1,0,koclip_svm
3962,makeup_0003.png,4,3,0,koclip_svm
3963,makeup_0003.png,4,4,0,koclip_svm
3964,makeup_0003.png,4,3,0,koclip_svm
3965,makeup_0003.png,3,2,0,koclip_svm
3974,makeup_0006.png,4,1,0,koclip_svm
3975,makeup_0006.png,1,1,0,koclip_svm
3976,makeup_0006.png,3,4,0,koclip_svm
3977,makeup_0006.png,0,1,0,koclip_svm
3978,makeup_0006.png,3,1,0,koclip_svm
3989,makeup_0012.png,4,2,0,koclip_svm
3990,makeup_0012.png,4,4,0,koclip_svm
3991,makeup_0015.png,4,1,0,koclip_svm
3992,makeup_0015.png,4,4,0,koclip_svm
3999,makeup_0018.png,4,4,0,koclip_svm
4011,makeup_0026.png,4,3,0,koclip_svm
4027,makeup_0028.png,4,2,0,koclip_svm
4028,makeup_0028.png,3,1,0,koclip_svm
4029,makeup_0028.png,1,1,0,koclip_svm
4030,makeup_0028.png,4,4,0,koclip_svm
4031,makeup_0028.png,2,3,0,koclip_svm
4080,makeup_0035.png,4,4,0,koclip_svm
4081,makeup_0035.png,2,3,0,koclip_svm
4082,makeup_0035.png,3,4,0,koclip_svm
4083,makeup_0035.png,4,3,0,koclip_svm
4084,makeup_0035.png,3,2,0,koclip_svm
4085,makeup_0035.png,2,3,0,koclip_svm
4086,makeup_0035.png,3,3,0,koclip_svm
4087,makeup_0035.png,3,2,0,koclip_svm
4088,makeup_0035.png,3,3,0,koclip_svm
4089,makeup_0035.png,1,1,0,koclip_svm
4090,makeup_0035.png,2,3,0,koclip_svm
4091,makeup_0035.png,1,3,0,koclip_svm
4092,makeup_0035.png,2,3,0,koclip_svm
4093,makeup_0035.png,3,3,0,koclip_svm
4094,makeup_0035.png,1,1,0,koclip_svm
4095,makeup_0035.png,1,1,0,koclip_svm
4104,makeup_0038.png,4,3,0,koclip_svm
4105,makeup_0038.png,4,4,0,koclip_svm
4106,makeup_0038.png,4,3,0,koclip_svm
4107,makeup_0038.png,4,3,0,koclip_svm
4108,makeup_0038.png,4,1,0,koclip_svm
4109,makeup_0038.png,3,4,0,koclip_svm
4110,makeup_0038.png,2,3,0,koclip_svm
4111,makeup_0038.png,3,3,0,koclip_svm
4112,makeup_0038.png,1,1,0,koclip_svm
4113,makeup_0038.png,1,0,0,koclip_svm
4114,makeup_0039.png,4,4,0,koclip_svm
4115,makeup_0039.png,1,1,0,koclip_svm
4116,makeup_0039.png,3,3,0,koclip_svm
4117,makeup_0039.png,3,3,0,koclip_svm
4118,makeup_0039.png,4,4,0,koclip_svm
4171,makeup_0055.png,4,2,0,koclip_svm
4172,makeup_0055.png,4,4,0,koclip_svm
4173,makeup_0055.png,4,1,0,koclip_svm
4174,makeup_0055.png,4,3,0,koclip_svm
4175,makeup_0055.png,4,1,0,koclip_svm
4195,makeup_0062.png,4,4,0,koclip_svm
4196,makeup_0062.png,4,4,0,koclip_svm
4197,makeup_0062.png,1,4,0,koclip_svm
4198,makeup_0062.png,3,3,0,koclip_svm
4199,makeup_0062.png,1,2,0,koclip_svm
4225,makeup_0070.png,4,4,0,koclip_svm
4238,makeup_0072.png,4,4,0,koclip_svm
4239,makeup_0072.png,1,4,0,koclip_svm
4240,makeup_0072.png,4,4,0,koclip_svm
4241,makeup_0072.png,3,3,0,koclip_svm
4242,makeup_0072.png,4,3,0,koclip_svm
4243,makeup_0073.png,4,2,0,koclip_svm
4244,makeup_0073.png,1,4,0,koclip_svm
4246,makeup_0076.png,4,4,0,koclip_svm
4247,makeup_0076.png,4,4,0,koclip_svm
4248,makeup_0076.png,3,1,0,koclip_svm
4249,makeup_0076.png,2,4,0,koclip_svm
4250,makeup_0076.png,4,4,0,koclip_svm
4311,makeup_0086.png,2,3,0,koclip_svm
4312,makeup_0086.png,3,3,0,koclip_svm
4313,makeup_0086.png,3,3,0,koclip_svm
4314,makeup_0086.png,1,3,0,koclip_svm
4315,makeup_0086.png,1,3,0,koclip_svm
4327,makeup_0090.png,4,4,0,koclip_svm
4328,makeup_0090.png,3,3,0,koclip_svm
4341,makeup_0100.png,4,4,0,koclip_svm
4342,makeup_0100.png,3,3,0,koclip_svm
4343,makeup_0100.png,4,3,0,koclip_svm
4344,dailymakeup_0001.png,4,3,0,koclip_svm
4350,dailymakeup_0004.png,1,1,0,koclip_svm
4351,dailymakeup_0004.png,1,1,0,koclip_svm
4352,dailymakeup_0004.png,3,3,0,koclip_svm
4374,dailymakeup_0013.png,3,3,0,koclip_svm
4375,dailymakeup_0013.png,1,1,0,koclip_svm
4376,dailymakeup_0013.png,1,1,0,koclip_svm
4377,dailymakeup_0013.png,1,1,0,koclip_svm
4378,dailymakeup_0013.png,1,4,0,koclip_svm
4379,dailymakeup_0013.png,1,1,0,koclip_svm
4380,dailymakeup_0013.png,1,1,0,koclip_svm
4381,dailymakeup_0013.png,0,1,0,koclip_svm
4382,dailymakeup_0013.png,0,1,0,koclip_svm
4383,dailymakeup_0013.png,1,1,0,koclip_svm
4384,dailymakeup_0013.png,1,2,0,koclip_svm
4385,dailymakeup_0013.png,2,2,0,koclip_svm
4386,dailymakeup_0013.png,1,2,0,koclip_svm
4387,dailymakeup_0013.png,1,1,0,koclip_svm
4388,dailymakeup_0013.png,1,2,0,koclip_svm
4389,dailymakeup_0013.png,4,3,0,koclip_svm
4390,dailymakeup_0013.png,3,3,0,koclip_svm
4391,dailymakeup_0013.png,3,2,0,koclip_svm
4392,dailymakeup_0013.png,4,4,0,koclip_svm
4393,dailymakeup_0013.png,4,1,0,koclip_svm
4394,dailymakeup_0013.png,4,3,0,koclip_svm
4395,dailymakeup_0014.png,3,3,0,koclip_svm
4396,dailymakeup_0014.png,1,1,0,koclip_svm
4397,dailymakeup_0014.png,1,1,0,koclip_svm
4398,dailymakeup_0014.png,1,2,0,koclip_svm
4399,dailymakeup_0014.png,2,1,0,koclip_svm
4411,dailymakeup_0018.png,3,1,0,koclip_svm
4412,dailymakeup_0018.png,3,2,0,koclip_svm
4413,dailymakeup_0018.png,2,1,0,koclip_svm
4427,dailymakeup_0022.png,4,3,0,koclip_svm
4428,dailymakeup_0022.png,2,2,0,koclip_svm
4439,dailymakeup_0025.png,4,3,0,koclip_svm
4440,dailymakeup_0025.png,3,2,0,koclip_svm
4441,dailymakeup_0025.png,3,3,0,koclip_svm
4442,dailymakeup_0025.png,2,3,0,koclip_svm
4443,dailymakeup_0025.png,2,2,0,koclip_svm
4452,dailymakeup_0027.png,4,3,0,koclip_svm
4453,dailymakeup_0027.png,1,4,0,koclip_svm
4454,dailymakeup_0027.png,0,1,0,koclip_svm
4455,dailymakeup_0027.png,0,3,0,koclip_svm
4456,dailymakeup_0027.png,0,1,0,koclip_svm
4457,dailymakeup_0028.png,2,1,0,koclip_svm
4458,dailymakeup_0028.png,2,1,0,koclip_svm
4459,dailymakeup_0028.png,4,1,0,koclip_svm
4460,dailymakeup_0028.png,1,2,0,koclip_svm
4461,dailymakeup_0028.png,4,1,0,koclip_svm
4462,dailymakeup_0028.png,2,1,0,koclip_svm
4463,dailymakeup_0028.png,2,1,0,koclip_svm
4464,dailymakeup_0028.png,0,1,0,koclip_svm
4465,dailymakeup_0028.png,0,1,0,koclip_svm
4466,dailymakeup_0028.png,4,1,0,koclip_svm
4467,dailymakeup_0028.png,3,1,0,koclip_svm
4468,dailymakeup_0028.png,3,3,0,koclip_svm
4469,dailymakeup_0028.png,3,1,0,koclip_svm
4470,dailymakeup_0028.png,0,1,0,koclip_svm
4471,dailymakeup_0028.png,0,1,0,koclip_svm
4472,dailymakeup_0028.png,1,1,0,koclip_svm
4473,dailymakeup_0028.png,0,2,0,koclip_svm
4474,dailymakeup_0028.png,0,1,0,koclip_svm
4521,dailymakeup_0037.png,3,1,0,koclip_svm
4522,dailymakeup_0037.png,4,1,0,koclip_svm
4523,dailymakeup_0037.png,3,1,0,koclip_svm
4524,dailymakeup_0037.png,2,1,0,koclip_svm
4525,dailymakeup_0037.png,0,1,0,koclip_svm
4526,dailymakeup_0037.png,3,1,0,koclip_svm
4527,dailymakeup_0037.png,4,1,0,koclip_svm
4528,dailymakeup_0037.png,2,4,0,koclip_svm
4529,dailymakeup_0037.png,3,3,0,koclip_svm
4530,dailymakeup_0037.png,4,4,0,koclip_svm
4531,dailymakeup_0037.png,3,3,0,koclip_svm
4532,dailymakeup_0037.png,3,4,0,koclip_svm
4533,dailymakeup_0037.png,4,3,0,koclip_svm
4534,dailymakeup_0037.png,2,2,0,koclip_svm
4535,dailymakeup_0037.png,1,3,0,koclip_svm
4536,dailymakeup_0037.png,1,3,0,koclip_svm
4537,dailymakeup_0037.png,3,3,0,koclip_svm
4538,dailymakeup_0037.png,1,2,0,koclip_svm
4539,dailymakeup_0037.png,1,3,0,koclip_svm
4540,dailymakeup_0037.png,2,3,0,koclip_svm
4541,dailymakeup_0037.png,1,1,0,koclip_svm
4542,dailymakeup_0037.png,3,3,0,koclip_svm
4543,dailymakeup_0037.png,2,3,0,koclip_svm
4552,dailymakeup_0040.png,3,3,0,koclip_svm
4553,dailymakeup_0041.png,4,4,0,koclip_svm
4592,dailymakeup_0051.png,4,4,0,koclip_svm
4593,dailymakeup_0051.png,4,3,0,koclip_svm
4594,dailymakeup_0051.png,4,1,0,koclip_svm
4595,dailymakeup_0051.png,3,1,0,koclip_svm
4596,dailymakeup_0051.png,2,1,0,koclip_svm
4597,dailymakeup_0051.png,2,3,0,koclip_svm
4598,dailymakeup_0051.png,1,3,0,koclip_svm
4599,dailymakeup_0051.png,1,2,0,koclip_svm
4600,dailymakeup_0051.png,4,3,0,koclip_svm
4601,dailymakeup_0051.png,2,3,0,koclip_svm
4602,dailymakeup_0051.png,0,3,0,koclip_svm
4603,dailymakeup_0051.png,0,3,0,koclip_svm
4604,dailymakeup_0051.png,1,3,0,koclip_svm
4605,dailymakeup_0051.png,1,3,0,koclip_svm
4606,dailymakeup_0051.png,2,3,0,koclip_svm
4607,dailymakeup_0051.png,0,3,0,koclip_svm
4608,dailymakeup_0051.png,1,1,0,koclip_svm
4609,dailymakeup_0051.png,1,3,0,koclip_svm
4610,dailymakeup_0051.png,1,1,0,koclip_svm
4611,dailymakeup_0051.png,0,1,0,koclip_svm
4612,dailymakeup_0051.png,0,1,0,koclip_svm
4613,dailymakeup_0051.png,3,2,0,koclip_svm
4614,dailymakeup_0051.png,3,1,0,koclip_svm
4615,dailymakeup_0051.png,3,1,0,koclip_svm
4616,dailymakeup_0051.png,2,2,0,koclip_svm
4617,dailymakeup_0051.png,1,1,0,koclip_svm
4618,dailymakeup_0051.png,2,3,0,koclip_svm
4619,dailymakeup_0051.png,1,1,0,koclip_svm
4620,dailymakeup_0051.png,0,1,0,koclip_svm
4674,dailymakeup_0067.png,4,3,0,koclip_svm
4700,dailymakeup_0070.png,2,1,0,koclip_svm
4701,dailymakeup_0070.png,3,2,0,koclip_svm
4702,dailymakeup_0070.png,1,1,0,koclip_svm
4703,dailymakeup_0070.png,3,2,0,koclip_svm
4704,dailymakeup_0070.png,1,1,0,koclip_svm
4734,dailymakeup_0079.png,3,3,0,koclip_svm
4735,dailymakeup_0079.png,4,3,0,koclip_svm
4736,dailymakeup_0079.png,3,2,0,koclip_svm
4785,dailymakeup_0092.png,3,3,0,koclip_svm
4786,dailymakeup_0092.png,3,3,0,koclip_svm
4787,dailymakeup_0092.png,2,3,0,koclip_svm
4788,dailymakeup_0092.png,3,4,0,koclip_svm
4789,dailymakeup_0092.png,1,3,0,koclip_svm
4803,dailymakeup_0098.png,0,1,0,koclip_svm
4804,dailymakeup_0098.png,1,4,0,koclip_svm
4805,dailymakeup_0098.png,1,3,0,koclip_svm
4806,dailymakeup_0098.png,3,3,0,koclip_svm
4856,kkuankku_0007.png,3,3,0,koclip_svm
4857,kkuankku_0007.png,4,4,0,koclip_svm
4858,kkuankku_0007.png,3,3,0,koclip_svm
4859,kkuankku_0007.png,2,2,0,koclip_svm
4860,kkuankku_0007.png,3,3,0,koclip_svm
4861,kkuankku_0007.png,3,3,0,koclip_svm
4862,kkuankku_0007.png,4,3,0,koclip_svm
4863,kkuankku_0007.png,2,3,0,koclip_svm
4864,kkuankku_0007.png,1,4,0,koclip_svm
4865,kkuankku_0007.png,4,4,0,koclip_svm
4866,kkuankku_0007.png,3,3,0,koclip_svm
4867,kkuankku_0007.png,3,3,0,koclip_svm
4868,kkuankku_0007.png,1,3,0,koclip_svm
4869,kkuankku_0007.png,4,4,0,koclip_svm
4870,kkuankku_0007.png,3,3,0,koclip_svm
4871,kkuankku_0007.png,1,4,0,koclip_svm
4872,kkuankku_0007.png,2,2,0,koclip_svm
4873,kkuankku_0007.png,3,3,0,koclip_svm
4874,kkuankku_0007.png,3,3,0,koclip_svm
4875,kkuankku_0007.png,3,3,0,koclip_svm
4876,kkuankku_0007.png,2,4,0,koclip_svm
4877,kkuankku_0007.png,1,3,0,koclip_svm
4878,kkuankku_0008.png,4,3,0,koclip_svm
4879,kkuankku_0008.png,4,3,0,koclip_svm
4880,kkuankku_0008.png,3,4,0,koclip_svm
4881,kkuankku_0008.png,3,3,0,koclip_svm
4882,kkuankku_0008.png,4,4,0,koclip_svm
4883,kkuankku_0008.png,0,4,0,koclip_svm
4884,kkuankku_0008.png,3,3,0,koclip_svm
4885,kkuankku_0008.png,1,1,0,koclip_svm
4886,kkuankku_0011.png,2,4,0,koclip_svm
4892,kkuankku_0014.png,4,3,0,koclip_svm
4893,kkuankku_0014.png,2,3,0,koclip_svm
4894,kkuankku_0014.png,3,3,0,koclip_svm
4895,kkuankku_0017.png,4,2,0,koclip_svm
4896,kkuankku_0017.png,4,3,0,koclip_svm
4897,kkuankku_0017.png,3,3,0,koclip_svm
4898,kkuankku_0017.png,3,3,0,koclip_svm
4899,kkuankku_0017.png,2,3,0,koclip_svm
4910,kkuankku_0025.png,4,2,0,koclip_svm
4911,kkuankku_0025.png,3,1,0,koclip_svm
4912,kkuankku_0025.png,4,4,0,koclip_svm
4913,kkuankku_0025.png,3,1,0,koclip_svm
4914,kkuankku_0025.png,2,2,0,koclip_svm
4915,kkuankku_0026.png,4,4,0,koclip_svm
4916,kkuankku_0026.png,4,1,0,koclip_svm
4917,kkuankku_0026.png,4,4,0,koclip_svm
4918,kkuankku_0026.png,3,4,0,koclip_svm
4988,kkuankku_0051.png,2,2,0,koclip_svm
4989,kkuankku_0051.png,3,3,0,koclip_svm
4990,kkuankku_0051.png,4,3,0,koclip_svm
4991,kkuankku_0051.png,1,2,0,koclip_svm
5069,kkuankku_0071.png,1,4,0,koclip_svm
5178,kkuankku_0100.png,4,3,0,koclip_svm
5179,kkuankku_0100.png,3,2,0,koclip_svm
5180,kkuankku_0100.png,3,3,0,koclip_svm
5181,kkuankku_0100.png,4,3,0,koclip_svm
5182,kkuankku_0100.png,3,3,0,koclip_svm
5183,kkuankku_0100.png,3,3,0,koclip_svm
5184,kkuankku_0100.png,3,3,0,koclip_svm
5185,kkuankku_0100.png,3,3,0,koclip_svm
5186,kkuankku_0100.png,2,2,0,koclip_svm
5187,kkuankku_0100.png,2,2,0,koclip_svm
5188,kkuankku_0100.png,2,2,0,koclip_svm
5189,kkuankku_0100.png,4,3,0,koclip_svm
5190,kkuankku_0100.png,2,2,0,koclip_svm
5191,kkuankku_0100.png,3,2,0,koclip_svm
5192,kkuankku_0100.png,3,2,0,koclip_svm
5193,kkuankku_0100.png,3,3,0,koclip_svm
5194,kkuankku_0100.png,3,3,0,koclip_svm
5195,kkuankku_0100.png,1,2,0,koclip_svm
5196,kkuankku_0100.png,1,4,0,koclip_svm
5197,kkuankku_0100.png,4,3,0,koclip_svm
5198,kkuankku_0100.png,3,2,0,koclip_svm
5199,kkuankku_0100.png,2,2,0,koclip_svm
5200,kkuankku_0100.png,2,2,0,koclip_svm
5201,kkuankku_0100.png,1,2,0,koclip_svm
5202,kkuankku_0100.png,1,2,0,koclip_svm
5203,kkuankku_0100.png,1,1,0,koclip_svm
5302,dailylook_0024.png,4,2,0,koclip_svm
5303,dailylook_0024.png,3,3,0,koclip_svm
5304,dailylook_0024.png,4,3,0,koclip_svm
5305,dailylook_0024.png,3,3,0,koclip_svm
5317,dailylook_0029.png,3,3,0,koclip_svm
5318,dailylook_0029.png,4,2,0,koclip_svm
5319,dailylook_0029.png,1,2,0,koclip_svm
5320,dailylook_0029.png,1,0,0,koclip_svm
5321,dailylook_0029.png,3,3,0,koclip_svm
5322,dailylook_0029.png,1,3,0,koclip_svm
5339,dailylook_0042.png,1,1,0,koclip_svm
5340,dailylook_0042.png,2,2,0,koclip_svm
5341,dailylook_0042.png,4,1,0,koclip_svm
5342,dailylook_0042.png,2,3,0,koclip_svm
5343,dailylook_0042.png,0,1,0,koclip_svm
5344,dailylook_0043.png,4,3,0,koclip_svm
5345,dailylook_0043.png,3,3,0,koclip_svm
5346,dailylook_0043.png,4,3,0,koclip_svm
5347,dailylook_0043.png,2,3,0,koclip_svm
5348,dailylook_0043.png,4,3,0,koclip_svm
5349,dailylook_0043.png,3,3,0,koclip_svm
5350,dailylook_0043.png,1,1,0,koclip_svm
5351,dailylook_0043.png,3,3,0,koclip_svm
5375,dailylook_0049.png,4,4,0,koclip_svm
5376,dailylook_0049.png,3,3,0,koclip_svm
5377,dailylook_0049.png,4,2,0,koclip_svm
5378,dailylook_0049.png,4,4,0,koclip_svm
5379,dailylook_0049.png,4,4,0,koclip_svm
5380,dailylook_0049.png,3,3,0,koclip_svm
5381,dailylook_0049.png,4,3,0,koclip_svm
5382,dailylook_0049.png,3,3,0,koclip_svm
5383,dailylook_0049.png,4,3,0,koclip_svm
5384,dailylook_0049.png,4,3,0,koclip_svm
5385,dailylook_0049.png,3,3,0,koclip_svm
5386,dailylook_0049.png,2,3,0,koclip_svm
5387,dailylook_0049.png,2,3,0,koclip_svm
5388,dailylook_0049.png,3,3,0,koclip_svm
5389,dailylook_0049.png,3,3,0,koclip_svm
5390,dailylook_0049.png,3,3,0,koclip_svm
5391,dailylook_0049.png,2,3,0,koclip_svm
5392,dailylook_0049.png,2,3,0,koclip_svm
5393,dailylook_0049.png,4,1,0,koclip_svm
5394,dailylook_0049.png,4,1,0,koclip_svm
5426,dailylook_0060.png,4,2,0,koclip_svm
5427,dailylook_0060.png,3,3,0,koclip_svm
5428,dailylook_0060.png,3,1,0,koclip_svm
5429,dailylook_0060.png,0,1,0,koclip_svm
5430,dailylook_0060.png,3,3,0,koclip_svm
5484,dailylook_0080.png,3,3,0,koclip_svm
5485,dailylook_0080.png,4,4,0,koclip_svm
5486,dailylook_0080.png,4,3,0,koclip_svm
5487,dailylook_0080.png,1,4,0,koclip_svm
5488,dailylook_0080.png,1,3,0,koclip_svm
5500,dailylook_0088.png,2,1,0,koclip_svm
5501,dailylook_0088.png,3,2,0,koclip_svm
5502,dailylook_0088.png,2,1,0,koclip_svm
5503,dailylook_0088.png,3,2,0,koclip_svm
5504,dailylook_0088.png,1,2,0,koclip_svm
5505,dailylook_0088.png,0,1,0,koclip_svm
5506,dailylook_0088.png,0,1,0,koclip_svm
5507,dailylook_0088.png,0,2,0,koclip_svm
5508,dailylook_0088.png,3,2,0,koclip_svm
5509,dailylook_0088.png,4,2,0,koclip_svm
5510,dailylook_0088.png,4,3,0,koclip_svm
5511,dailylook_0088.png,3,3,0,koclip_svm
5512,dailylook_0088.png,3,3,0,koclip_svm
5513,dailylook_0088.png,3,0,0,koclip_svm
5514,dailylook_0088.png,3,3,0,koclip_svm
5515,dailylook_0088.png,3,2,0,koclip_svm
5516,dailylook_0088.png,4,2,0,koclip_svm
5517,dailylook_0088.png,4,2,0,koclip_svm
5518,dailylook_0088.png,4,2,0,koclip_svm
5519,dailylook_0088.png,0,3,0,koclip_svm
5520,dailylook_0088.png,1,3,0,koclip_svm
5521,dailylook_0088.png,3,3,0,koclip_svm
5522,dailylook_0088.png,2,3,0,koclip_svm
5523,dailylook_0088.png,3,3,0,koclip_svm
5526,dailylook_0091.png,3,3,0,koclip_svm
5527,dailylook_0091.png,1,4,0,koclip_svm
5528,dailylook_0091.png,1,3,0,koclip_svm
5529,dailylook_0091.png,3,3,0,koclip_svm
5530,dailylook_0091.png,4,4,0,koclip_svm
5531,dailylook_0091.png,2,3,0,koclip_svm
5532,dailylook_0091.png,4,4,0,koclip_svm
5533,dailylook_0091.png,3,4,0,koclip_svm
5534,dailylook_0091.png,2,3,0,koclip_svm
5535,dailylook_0091.png,4,4,0,koclip_svm
5536,dailylook_0091.png,2,3,0,koclip_svm
5537,dailylook_0091.png,4,3,0,koclip_svm
5538,dailylook_0091.png,4,4,0,koclip_svm
5539,dailylook_0091.png,4,3,0,koclip_svm
5540,dailylook_0091.png,3,3,0,koclip_svm
5541,dailylook_0091.png,3,4,0,koclip_svm
5542,dailylook_0091.png,3,3,0,koclip_svm
5543,dailylook_0091.png,3,3,0,koclip_svm
5544,dailylook_0091.png,2,3,0,koclip_svm
5545,dailylook_0091.png,1,4,0,koclip_svm
5546,dailylook_0091.png,3,3,0,koclip_svm
5547,dailylook_0091.png,3,3,0,koclip_svm
5548,dailylook_0091.png,3,3,0,koclip_svm
5549,dailylook_0091.png,3,3,0,koclip_svm
5550,dailylook_0091.png,3,3,0,koclip_svm
5551,dailylook_0091.png,2,3,0,koclip_svm
5552,dailylook_0091.png,3,4,0,koclip_svm
5568,dailylook_0093.png,3,3,0,koclip_svm
5569,dailylook_0093.png,3,3,0,koclip_svm
5570,dailylook_0093.png,3,3,0,koclip_svm
5571,dailylook_0093.png,3,3,0,koclip_svm
5601,ootd_0006.png,0,1,0,koclip_svm
5602,ootd_0006.png,2,2,0,koclip_svm
5603,ootd_0006.png,2,1,0,koclip_svm
5661,ootd_0026.png,4,1,0,koclip_svm
5662,ootd_0026.png,3,1,0,koclip_svm
5754,ootd_0051.png,3,3,0,koclip_svm
5755,ootd_0051.png,4,3,0,koclip_svm
5756,ootd_0051.png,4,2,0,koclip_svm
5757,ootd_0051.png,4,0,0,koclip_svm
5758,ootd_0051.png,4,3,0,koclip_svm
5845,ootd_0086.png,3,3,0,koclip_svm
5846,ootd_0086.png,2,2,0,koclip_svm
5847,ootd_0086.png,1,3,0,koclip_svm
5848,ootd_0086.png,3,3,0,koclip_svm
5849,ootd_0086.png,3,3,0,koclip_svm
5850,ootd_0086.png,3,3,0,koclip_svm
5851,ootd_0086.png,3,3,0,koclip_svm
5852,ootd_0086.png,0,1,0,koclip_svm
5853,ootd_0086.png,0,3,0,koclip_svm
5854,ootd_0086.png,0,3,0,koclip_svm
5855,ootd_0086.png,3,3,0,koclip_svm
5856,ootd_0086.png,2,4,0,koclip_svm
5857,ootd_0086.png,2,3,0,koclip_svm
5858,ootd_0086.png,0,1,0,koclip_svm
5859,ootd_0086.png,0,1,0,koclip_svm
5860,ootd_0086.png,2,3,0,koclip_svm
5861,ootd_0086.png,2,3,0,koclip_svm
5862,ootd_0086.png,1,1,0,koclip_svm
5863,ootd_0086.png,1,1,0,koclip_svm
5864,ootd_0086.png,1,3,0,koclip_svm
5865,ootd_0086.png,1,1,0,koclip_svm
5866,ootd_0086.png,3,3,0,koclip_svm
5867,ootd_0086.png,3,3,0,koclip_svm
5868,ootd_0086.png,2,1,0,koclip_svm
5871,ootd_0089.png,4,1,0,koclip_svm
5872,ootd_0089.png,4,4,0,koclip_svm
5873,ootd_0089.png,3,3,0,koclip_svm
5874,ootd_0089.png,2,2,0,koclip_svm
5875,ootd_0090.png,4,3,0,koclip_svm
5876,ootd_0090.png,3,3,0,koclip_svm
5877,ootd_0090.png,3,3,0,koclip_svm
5878,ootd_0090.png,2,3,0,koclip_svm
5879,ootd_0090.png,4,2,0,koclip_svm
5880,ootd_0090.png,3,3,0,koclip_svm
5898,ootd_0094.png,0,4,0,koclip_svm
5899,ootd_0094.png,3,3,0,koclip_svm
5900,ootd_0094.png,4,3,0,koclip_svm
5901,ootd_0094.png,3,2,0,koclip_svm
5902,ootd_0094.png,2,3,0,koclip_svm
5934,fashionista_0004.png,4,4,0,koclip_svm
5935,fashionista_0004.png,2,4,0,koclip_svm
5936,fashionista_0004.png,2,4,0,koclip_svm
5937,fashionista_0004.png,3,2,0,koclip_svm
5938,fashionista_0004.png,2,4,0,koclip_svm
5939,fashionista_0005.png,4,3,0,koclip_svm
5940,fashionista_0005.png,4,4,0,koclip_svm
5941,fashionista_0005.png,4,1,0,koclip_svm
5942,fashionista_0005.png,3,1,0,koclip_svm
5943,fashionista_0005.png,2,1,0,koclip_svm
5952,fashionista_0017.png,1,1,0,koclip_svm
5953,fashionista_0017.png,0,0,0,koclip_svm
5954,fashionista_0017.png,4,4,0,koclip_svm
5955,fashionista_0017.png,3,1,0,koclip_svm
5956,fashionista_0017.png,0,0,0,koclip_svm
5959,fashionista_0024.png,3,3,0,koclip_svm
5960,fashionista_0024.png,3,3,0,koclip_svm
5961,fashionista_0024.png,3,3,0,koclip_svm
5962,fashionista_0024.png,2,3,0,koclip_svm
5963,fashionista_0024.png,1,0,0,koclip_svm
6096,fashionista_0050.png,0,1,0,koclip_svm
6097,fashionista_0050.png,0,4,0,koclip_svm
6098,fashionista_0050.png,2,1,0,koclip_svm
6099,fashionista_0050.png,1,1,0,koclip_svm
6100,fashionista_0050.png,0,1,0,koclip_svm
6337,fashionista_0088.png,1,1,0,koclip_svm
6338,fashionista_0088.png,0,0,0,koclip_svm
6339,fashionista_0088.png,2,2,0,koclip_svm
6340,fashionista_0088.png,2,2,0,koclip_svm
6341,fashionista_0088.png,2,2,0,koclip_svm
6342,fashionista_0088.png,1,3,0,koclip_svm
6343,fashionista_0088.png,4,1,0,koclip_svm
6344,fashionista_0088.png,4,3,0,koclip_svm
6345,fashionista_0088.png,0,4,0,koclip_svm
6346,fashionista_0088.png,1,2,0,koclip_svm
6347,fashionista_0088.png,1,3,0,koclip_svm
6348,fashionista_0088.png,2,2,0,koclip_svm
6349,fashionista_0088.png,0,2,0,koclip_svm
6350,fashionista_0088.png,0,2,0,koclip_svm
6351,fashionista_0088.png,0,3,0,koclip_svm
6352,fashionista_0088.png,1,3,0,koclip_svm
6353,fashionista_0088.png,1,2,0,koclip_svm
6354,fashionista_0088.png,1,2,0,koclip_svm
6355,fashionista_0088.png,2,2,0,koclip_svm
6356,fashionista_0088.png,2,2,0,koclip_svm
6357,fashionista_0088.png,3,2,0,koclip_svm
6358,fashionista_0088.png,0,1,0,koclip_svm
6359,fashionista_0088.png,2,2,0,koclip_svm
6360,fashionista_0088.png,1,1,0,koclip_svm
6361,fashionista_0088.png,0,0,0,koclip_svm
6362,fashionista_0088.png,4,2,0,koclip_svm
6363,fashionista_0088.png,3,2,0,koclip_svm
6364,fashionista_0088.png,0,1,0,koclip_svm
6365,fashionista_0088.png,0,1,0,koclip_svm
6531,neungsohwa_0020.png,2,3,0,koclip_svm
6532,neungsohwa_0020.png,2,1,0,koclip_svm
6533,neungsohwa_0020.png,2,2,0,koclip_svm
6534,neungsohwa_0020.png,0,1,0,koclip_svm
6535,neungsohwa_0020.png,3,3,0,koclip_svm
6536,neungsohwa_0020.png,3,2,0,koclip_svm
6537,neungsohwa_0020.png,4,3,0,koclip_svm
6538,neungsohwa_0020.png,2,2,0,koclip_svm
6539,neungsohwa_0020.png,0,0,0,koclip_svm
6540,neungsohwa_0020.png,1,0,0,koclip_svm
6541,neungsohwa_0020.png,1,1,0,koclip_svm
6542,neungsohwa_0020.png,2,2,0,koclip_svm
6543,neungsohwa_0020.png,1,0,0,koclip_svm
6544,neungsohwa_0020.png,2,2,0,koclip_svm
6545,neungsohwa_0020.png,4,1,0,koclip_svm
6546,neungsohwa_0020.png,3,1,0,koclip_svm
6547,neungsohwa_0020.png,1,1,0,koclip_svm
6548,neungsohwa_0020.png,1,1,0,koclip_svm
6549,neungsohwa_0020.png,1,1,0,koclip_svm
6550,neungsohwa_0020.png,0,0,0,koclip_svm
6551,neungsohwa_0021.png,3,2,0,koclip_svm
6552,neungsohwa_0021.png,1,1,0,koclip_svm
6553,neungsohwa_0021.png,2,1,0,koclip_svm
6554,neungsohwa_0021.png,3,1,0,koclip_svm
6555,neungsohwa_0021.png,4,4,0,koclip_svm
6556,neungsohwa_0021.png,4,0,0,koclip_svm
6557,neungsohwa_0021.png,2,1,0,koclip_svm
6558,neungsohwa_0021.png,3,3,0,koclip_svm
6559,neungsohwa_0021.png,3,3,0,koclip_svm
6590,neungsohwa_0034.png,4,4,0,koclip_svm
6591,neungsohwa_0034.png,2,1,0,koclip_svm
6592,neungsohwa_0034.png,3,4,0,koclip_svm
6593,neungsohwa_0034.png,2,2,0,koclip_svm
6594,neungsohwa_0034.png,3,2,0,koclip_svm
6595,neungsohwa_0034.png,1,1,0,koclip_svm
6596,neungsohwa_0034.png,1,4,0,koclip_svm
6655,neungsohwa_0050.png,4,4,0,koclip_svm
6656,neungsohwa_0050.png,3,4,0,koclip_svm
6657,neungsohwa_0050.png,4,1,0,koclip_svm
6658,neungsohwa_0050.png,0,4,0,koclip_svm
6659,neungsohwa_0051.png,1,4,0,koclip_svm
6660,neungsohwa_0051.png,0,1,0,koclip_svm
6661,neungsohwa_0051.png,3,4,0,koclip_svm
6662,neungsohwa_0051.png,3,4,0,koclip_svm
6680,neungsohwa_0057.png,1,1,0,koclip_svm
6703,neungsohwa_0066.png,0,0,0,koclip_svm
6704,neungsohwa_0066.png,3,0,0,koclip_svm
6705,neungsohwa_0066.png,0,0,0,koclip_svm
6706,neungsohwa_0066.png,0,1,0,koclip_svm
6713,neungsohwa_0073.png,4,4,0,koclip_svm
6736,neungsohwa_0080.png,2,1,0,koclip_svm
6737,neungsohwa_0080.png,0,1,0,koclip_svm
6738,neungsohwa_0080.png,4,4,0,koclip_svm
6749,neungsohwa_0085.png,4,1,0,koclip_svm
6750,neungsohwa_0085.png,4,4,0,koclip_svm
6751,neungsohwa_0085.png,2,2,0,koclip_svm
6752,neungsohwa_0085.png,2,2,0,koclip_svm
6753,neungsohwa_0085.png,1,1,0,koclip_svm
6764,neungsohwa_0089.png,4,1,0,koclip_svm
6765,neungsohwa_0089.png,4,2,0,koclip_svm
6766,neungsohwa_0089.png,1,1,0,koclip_svm
6767,neungsohwa_0089.png,4,4,0,koclip_svm
6768,neungsohwa_0089.png,1,1,0,koclip_svm
6843,danpung_0007.png,1,1,0,koclip_svm
6844,danpung_0007.png,0,1,0,koclip_svm
6847,danpung_0009.png,3,1,0,koclip_svm
6848,danpung_0009.png,1,0,0,koclip_svm
6849,danpung_0009.png,4,4,0,koclip_svm
6850,danpung_0009.png,3,4,0,koclip_svm
6851,danpung_0009.png,4,4,0,koclip_svm
6852,danpung_0009.png,3,3,0,koclip_svm
6853,danpung_0009.png,2,3,0,koclip_svm
6854,danpung_0009.png,4,3,0,koclip_svm
6863,danpung_0012.png,3,1,0,koclip_svm
6864,danpung_0012.png,4,1,0,koclip_svm
6865,danpung_0012.png,3,1,0,koclip_svm
6866,danpung_0012.png,2,3,0,koclip_svm
6867,danpung_0012.png,2,3,0,koclip_svm
6868,danpung_0012.png,3,3,0,koclip_svm
6869,danpung_0012.png,1,1,0,koclip_svm
6910,danpung_0020.png,1,1,0,koclip_svm
6966,danpung_0031.png,1,1,0,koclip_svm
6967,danpung_0031.png,4,1,0,koclip_svm
6968,danpung_0031.png,3,1,0,koclip_svm
6969,danpung_0031.png,2,3,0,koclip_svm
6970,danpung_0031.png,2,3,0,koclip_svm
7021,danpung_0040.png,4,0,0,koclip_svm
7022,danpung_0040.png,2,0,0,koclip_svm
7023,danpung_0040.png,2,4,0,koclip_svm
7024,danpung_0040.png,4,4,0,koclip_svm
7025,danpung_0040.png,4,4,0,koclip_svm
7026,danpung_0040.png,4,3,0,koclip_svm
7027,danpung_0040.png,3,3,0,koclip_svm
7028,danpung_0040.png,3,3,0,koclip_svm
7029,danpung_0040.png,3,3,0,koclip_svm
7030,danpung_0040.png,0,0,0,koclip_svm
7031,danpung_0040.png,1,1,0,koclip_svm
7032,danpung_0040.png,2,2,0,koclip_svm
7033,danpung_0040.png,3,3,0,koclip_svm
7034,danpung_0040.png,1,0,0,koclip_svm
7035,danpung_0040.png,1,4,0,koclip_svm
7036,danpung_0040.png,1,4,0,koclip_svm
7080,danpung_0058.png,4,4,0,koclip_svm
7081,danpung_0058.png,4,3,0,koclip_svm
7082,danpung_0058.png,4,1,0,koclip_svm
7083,danpung_0058.png,1,1,0,koclip_svm
7084,danpung_0058.png,0,1,0,koclip_svm
7085,danpung_0058.png,3,1,0,koclip_svm
7086,danpung_0058.png,0,4,0,koclip_svm
7087,danpung_0058.png,4,3,0,koclip_svm
7088,danpung_0058.png,2,2,0,koclip_svm
7089,danpung_0058.png,1,2,0,koclip_svm
7090,danpung_0058.png,0,4,0,koclip_svm
7091,danpung_0058.png,4,3,0,koclip_svm
7092,danpung_0058.png,3,2,0,koclip_svm
7093,danpung_0058.png,4,2,0,koclip_svm
7094,danpung_0058.png,4,3,0,koclip_svm
7095,danpung_0058.png,4,4,0,koclip_svm
7096,danpung_0058.png,3,3,0,koclip_svm
7120,danpung_0064.png,4,3,0,koclip_svm
7121,danpung_0064.png,4,1,0,koclip_svm
7122,danpung_0064.png,4,1,0,koclip_svm
7123,danpung_0064.png,3,3,0,koclip_svm
7124,danpung_0064.png,3,3,0,koclip_svm
7125,danpung_0064.png,3,3,0,koclip_svm
7126,danpung_0064.png,3,3,0,koclip_svm
7127,danpung_0064.png,4,2,0,koclip_svm
7128,danpung_0064.png,2,3,0,koclip_svm
7129,danpung_0064.png,1,2,0,koclip_svm
7130,danpung_0064.png,3,3,0,koclip_svm
7131,danpung_0064.png,4,1,0,koclip_svm
7132,danpung_0064.png,3,4,0,koclip_svm
7133,danpung_0066.png,4,4,0,koclip_svm
7134,danpung_0066.png,1,0,0,koclip_svm
7135,danpung_0066.png,1,0,0,koclip_svm
7136,danpung_0066.png,1,1,0,koclip_svm
7198,danpung_0075.png,2,1,0,koclip_svm
7199,danpung_0075.png,1,2,0,koclip_svm
7262,danpung_0089.png,3,1,0,koclip_svm
7263,danpung_0089.png,3,1,0,koclip_svm
7264,danpung_0089.png,3,4,0,koclip_svm
7265,danpung_0089.png,4,1,0,koclip_svm
7266,danpung_0090.png,3,3,0,koclip_svm
7267,danpung_0090.png,3,4,0,koclip_svm
7268,danpung_0090.png,2,0,0,koclip_svm
7269,danpung_0090.png,3,4,0,koclip_svm
7300,cherryblossom_0009.png,0,0,0,koclip_svm
7301,cherryblossom_0009.png,4,4,0,koclip_svm
7302,cherryblossom_0009.png,4,4,0,koclip_svm
7319,cherryblossom_0019.png,4,4,0,koclip_svm
7320,cherryblossom_0019.png,1,1,0,koclip_svm
7321,cherryblossom_0019.png,2,2,0,koclip_svm
7322,cherryblossom_0019.png,1,1,0,koclip_svm
7428,cherryblossom_0045.png,0,0,0,koclip_svm
7429,cherryblossom_0045.png,0,1,0,koclip_svm
7430,cherryblossom_0045.png,0,0,0,koclip_svm
7431,cherryblossom_0045.png,0,0,0,koclip_svm
7432,cherryblossom_0045.png,0,0,0,koclip_svm
7438,cherryblossom_0049.png,4,4,0,koclip_svm
7439,cherryblossom_0049.png,2,3,0,koclip_svm
7440,cherryblossom_0049.png,1,4,0,koclip_svm
7441,cherryblossom_0049.png,4,4,0,koclip_svm
7442,cherryblossom_0049.png,4,4,0,koclip_svm
7443,cherryblossom_0049.png,3,2,0,koclip_svm
7444,cherryblossom_0049.png,2,4,0,koclip_svm
7463,cherryblossom_0053.png,4,1,0,koclip_svm
7464,cherryblossom_0053.png,4,4,0,koclip_svm
7465,cherryblossom_0053.png,2,4,0,koclip_svm
7466,cherryblossom_0053.png,3,4,0,koclip_svm
7467,cherryblossom_0053.png,1,1,0,koclip_svm
7493,cherryblossom_0058.png,0,1,0,koclip_svm
7494,cherryblossom_0058.png,3,3,0,koclip_svm
7495,cherryblossom_0058.png,4,4,0,koclip_svm
7514,cherryblossom_0067.png,3,1,0,koclip_svm
7515,cherryblossom_0067.png,3,1,0,koclip_svm
7516,cherryblossom_0067.png,4,1,0,koclip_svm
7517,cherryblossom_0067.png,4,0,0,koclip_svm
7554,cherryblossom_0083.png,4,4,0,koclip_svm
7555,cherryblossom_0083.png,3,4,0,koclip_svm
7556,cherryblossom_0083.png,3,4,0,koclip_svm
7557,cherryblossom_0083.png,1,4,0,koclip_svm
7558,cherryblossom_0083.png,4,4,0,koclip_svm
7564,cherryblossom_0085.png,2,0,0,koclip_svm
7565,cherryblossom_0085.png,3,1,0,koclip_svm
7566,cherryblossom_0085.png,4,0,0,koclip_svm
7567,cherryblossom_0085.png,4,0,0,koclip_svm
7578,cherryblossom_0091.png,4,0,0,koclip_svm
7579,cherryblossom_0091.png,3,0,0,koclip_svm
7580,cherryblossom_0091.png,4,3,0,koclip_svm
7581,cherryblossom_0091.png,4,4,0,koclip_svm
7716,kpop_0013.png,1,0,0,koclip_svm
7717,kpop_0013.png,3,1,0,koclip_svm
7718,kpop_0013.png,2,2,0,koclip_svm
7719,kpop_0013.png,3,3,0,koclip_svm
7720,kpop_0013.png,3,1,0,koclip_svm
7721,kpop_0014.png,4,0,0,koclip_svm
7722,kpop_0014.png,4,0,0,koclip_svm
7723,kpop_0014.png,4,1,0,koclip_svm
7724,kpop_0014.png,4,1,0,koclip_svm
7725,kpop_0014.png,4,3,0,koclip_svm
7726,kpop_0014.png,3,3,0,koclip_svm
7727,kpop_0014.png,4,1,0,koclip_svm
7728,kpop_0014.png,4,4,0,koclip_svm
7729,kpop_0014.png,4,3,0,koclip_svm
7744,kpop_0018.png,4,4,0,koclip_svm
7745,kpop_0018.png,4,1,0,koclip_svm
7746,kpop_0018.png,1,3,0,koclip_svm
7747,kpop_0018.png,1,1,0,koclip_svm
7753,kpop_0021.png,4,4,0,koclip_svm
7754,kpop_0021.png,3,3,0,koclip_svm
7755,kpop_0021.png,4,3,0,koclip_svm
7756,kpop_0021.png,1,4,0,koclip_svm
7757,kpop_0021.png,4,3,0,koclip_svm
7758,kpop_0021.png,4,4,0,koclip_svm
7759,kpop_0021.png,1,0,0,koclip_svm
7760,kpop_0021.png,1,0,0,koclip_svm
7761,kpop_0021.png,4,4,0,koclip_svm
7762,kpop_0021.png,1,0,0,koclip_svm
7763,kpop_0021.png,1,0,0,koclip_svm
7764,kpop_0021.png,4,4,0,koclip_svm
7765,kpop_0021.png,4,4,0,koclip_svm
7766,kpop_0021.png,1,0,0,koclip_svm
7767,kpop_0021.png,3,3,0,koclip_svm
7768,kpop_0021.png,4,4,0,koclip_svm
7769,kpop_0022.png,4,4,0,koclip_svm
7770,kpop_0022.png,4,0,0,koclip_svm
7771,kpop_0022.png,4,3,0,koclip_svm
7772,kpop_0022.png,4,3,0,koclip_svm
7804,kpop_0027.png,4,3,0,koclip_svm
7805,kpop_0027.png,3,2,0,koclip_svm
7806,kpop_0027.png,2,2,0,koclip_svm
7849,kpop_0034.png,4,0,0,koclip_svm
7850,kpop_0034.png,4,0,0,koclip_svm
7851,kpop_0034.png,3,0,0,koclip_svm
7852,kpop_0034.png,3,0,0,koclip_svm
7853,kpop_0034.png,4,4,0,koclip_svm
7896,kpop_0040.png,0,1,0,koclip_svm
7897,kpop_0040.png,3,3,0,koclip_svm
7898,kpop_0041.png,1,4,0,koclip_svm
7899,kpop_0041.png,4,4,0,koclip_svm
7900,kpop_0041.png,3,3,0,koclip_svm
7901,kpop_0041.png,4,4,0,koclip_svm
7902,kpop_0041.png,1,4,0,koclip_svm
7903,kpop_0041.png,1,4,0,koclip_svm
7904,kpop_0041.png,3,4,0,koclip_svm
7905,kpop_0041.png,3,3,0,koclip_svm
7906,kpop_0041.png,3,3,0,koclip_svm
7907,kpop_0041.png,1,4,0,koclip_svm
7908,kpop_0041.png,4,4,0,koclip_svm
7909,kpop_0041.png,2,3,0,koclip_svm
7910,kpop_0041.png,3,3,0,koclip_svm
7911,kpop_0041.png,3,3,0,koclip_svm
7912,kpop_0041.png,3,3,0,koclip_svm
7913,kpop_0041.png,3,4,0,koclip_svm
7914,kpop_0041.png,4,3,0,koclip_svm
7915,kpop_0041.png,1,4,0,koclip_svm
7916,kpop_0041.png,4,4,0,koclip_svm
7917,kpop_0041.png,0,4,0,koclip_svm
7918,kpop_0041.png,4,4,0,koclip_svm
7919,kpop_0041.png,3,3,0,koclip_svm
7920,kpop_0041.png,3,4,0,koclip_svm
7921,kpop_0041.png,2,4,0,koclip_svm
7922,kpop_0041.png,4,4,0,koclip_svm
7923,kpop_0041.png,3,3,0,koclip_svm
7924,kpop_0041.png,1,4,0,koclip_svm
7925,kpop_0041.png,1,4,0,koclip_svm
7926,kpop_0041.png,3,4,0,koclip_svm
7927,kpop_0041.png,4,4,0,koclip_svm
7977,kpop_0047.png,1,4,0,koclip_svm
7978,kpop_0047.png,4,4,0,koclip_svm
7979,kpop_0047.png,4,4,0,koclip_svm
7980,kpop_0047.png,4,4,0,koclip_svm
7981,kpop_0047.png,1,4,0,koclip_svm
7982,kpop_0047.png,3,4,0,koclip_svm
7983,kpop_0047.png,3,2,0,koclip_svm
7984,kpop_0047.png,3,4,0,koclip_svm
7985,kpop_0047.png,3,4,0,koclip_svm
7986,kpop_0047.png,4,3,0,koclip_svm
7987,kpop_0047.png,1,3,0,koclip_svm
7988,kpop_0047.png,3,3,0,koclip_svm
7989,kpop_0047.png,3,1,0,koclip_svm
7990,kpop_0047.png,4,3,0,koclip_svm
7991,kpop_0047.png,1,3,0,koclip_svm
7992,kpop_0047.png,1,1,0,koclip_svm
8088,kpop_0062.png,4,3,0,koclip_svm
8089,kpop_0062.png,3,4,0,koclip_svm
8090,kpop_0062.png,3,4,0,koclip_svm
8091,kpop_0062.png,1,4,0,koclip_svm
8092,kpop_0062.png,0,1,0,koclip_svm
8146,kpop_0070.png,4,4,0,koclip_svm
8147,kpop_0070.png,1,1,0,koclip_svm
8148,kpop_0070.png,1,4,0,koclip_svm
8149,kpop_0070.png,1,1,0,koclip_svm
8150,kpop_0070.png,3,3,0,koclip_svm
8156,kpop_0072.png,4,2,0,koclip_svm
8157,kpop_0072.png,4,4,0,koclip_svm
8158,kpop_0072.png,4,4,0,koclip_svm
8159,kpop_0072.png,4,4,0,koclip_svm
8160,kpop_0072.png,4,3,0,koclip_svm
8161,kpop_0072.png,4,3,0,koclip_svm
8162,kpop_0072.png,1,4,0,koclip_svm
8163,kpop_0072.png,0,4,0,koclip_svm
8164,kpop_0072.png,1,4,0,koclip_svm
8165,kpop_0072.png,0,4,0,koclip_svm
8166,kpop_0072.png,0,4,0,koclip_svm
8167,kpop_0072.png,1,4,0,koclip_svm
8168,kpop_0072.png,0,4,0,koclip_svm
8169,kpop_0072.png,1,4,0,koclip_svm
8170,kpop_0072.png,0,4,0,koclip_svm
8171,kpop_0072.png,1,4,0,koclip_svm
8172,kpop_0072.png,1,4,0,koclip_svm
8173,kpop_0072.png,1,4,0,koclip_svm
8174,kpop_0072.png,3,4,0,koclip_svm
8175,kpop_0072.png,3,3,0,koclip_svm
8176,kpop_0072.png,3,3,0,koclip_svm
8177,kpop_0072.png,4,4,0,koclip_svm
8178,kpop_0072.png,2,2,0,koclip_svm
8251,kpop_0085.png,4,3,0,koclip_svm
8252,kpop_0085.png,4,3,0,koclip_svm
8253,kpop_0085.png,3,3,0,koclip_svm
8306,kpop_0093.png,4,4,0,koclip_svm
8307,kpop_0093.png,4,3,0,koclip_svm
8308,kpop_0093.png,4,4,0,koclip_svm
8309,kpop_0093.png,3,3,0,koclip_svm
8310,kpop_0093.png,4,4,0,koclip_svm
8315,kpop_0095.png,4,3,0,koclip_svm
8316,kpop_0095.png,1,3,0,koclip_svm
8395,spotify_0006.png,1,2,0,koclip_svm
8396,spotify_0006.png,1,3,0,koclip_svm
8397,spotify_0006.png,1,1,0,koclip_svm
8398,spotify_0006.png,1,1,0,koclip_svm
8399,spotify_0006.png,1,1,0,koclip_svm
8410,spotify_0010.png,1,1,0,koclip_svm
8411,spotify_0010.png,1,1,0,koclip_svm
8412,spotify_0010.png,4,4,0,koclip_svm
8413,spotify_0010.png,3,3,0,koclip_svm
8414,spotify_0010.png,1,2,0,koclip_svm
8415,spotify_0010.png,1,2,0,koclip_svm
8416,spotify_0010.png,1,3,0,koclip_svm
8417,spotify_0010.png,3,2,0,koclip_svm
8418,spotify_0010.png,4,4,0,koclip_svm
8419,spotify_0011.png,4,1,0,koclip_svm
8420,spotify_0011.png,1,3,0,koclip_svm
8425,spotify_0016.png,4,4,0,koclip_svm
8426,spotify_0016.png,4,4,0,koclip_svm
8427,spotify_0016.png,1,4,0,koclip_svm
8428,spotify_0016.png,1,3,0,koclip_svm
8429,spotify_0016.png,3,4,0,koclip_svm
8430,spotify_0017.png,4,2,0,koclip_svm
8431,spotify_0017.png,4,1,0,koclip_svm
8432,spotify_0017.png,3,2,0,koclip_svm
8433,spotify_0017.png,2,2,0,koclip_svm
8434,spotify_0017.png,4,2,0,koclip_svm
8435,spotify_0017.png,4,1,0,koclip_svm
8436,spotify_0017.png,4,1,0,koclip_svm
8437,spotify_0017.png,4,3,0,koclip_svm
8438,spotify_0017.png,4,1,0,koclip_svm
8439,spotify_0017.png,0,4,0,koclip_svm
8454,spotify_0026.png,1,1,0,koclip_svm
8455,spotify_0026.png,3,3,0,koclip_svm
8456,spotify_0026.png,4,4,0,koclip_svm
8457,spotify_0026.png,4,4,0,koclip_svm
8458,spotify_0029.png,4,3,0,koclip_svm
8459,spotify_0029.png,3,3,0,koclip_svm
8460,spotify_0029.png,3,4,0,koclip_svm
8461,spotify_0029.png,2,3,0,koclip_svm
8462,spotify_0029.png,2,2,0,koclip_svm
8463,spotify_0029.png,3,2,0,koclip_svm
8464,spotify_0029.png,3,4,0,koclip_svm
8465,spotify_0029.png,4,3,0,koclip_svm
8466,spotify_0029.png,3,3,0,koclip_svm
8467,spotify_0029.png,3,1,0,koclip_svm
8468,spotify_0029.png,2,2,0,koclip_svm
8469,spotify_0029.png,3,2,0,koclip_svm
8470,spotify_0029.png,1,2,0,koclip_svm
8471,spotify_0029.png,2,2,0,koclip_svm
8472,spotify_0029.png,0,3,0,koclip_svm
8495,spotify_0044.png,1,1,0,koclip_svm
8496,spotify_0044.png,1,1,0,koclip_svm
8497,spotify_0044.png,1,1,0,koclip_svm
8498,spotify_0044.png,0,1,0,koclip_svm
8521,spotify_0050.png,1,2,0,koclip_svm
8522,spotify_0050.png,4,1,0,koclip_svm
8523,spotify_0050.png,4,1,0,koclip_svm
8593,spotify_0067.png,1,4,0,koclip_svm
8594,spotify_0067.png,0,1,0,koclip_svm
8595,spotify_0067.png,1,2,0,koclip_svm
8596,spotify_0067.png,2,2,0,koclip_svm
8597,spotify_0067.png,2,2,0,koclip_svm
8618,spotify_0079.png,3,2,0,koclip_svm
8619,spotify_0079.png,3,2,0,koclip_svm
8620,spotify_0079.png,2,2,0,koclip_svm
8621,spotify_0079.png,1,4,0,koclip_svm
8665,spotify_0098.png,3,3,0,koclip_svm
8666,spotify_0098.png,0,4,0,koclip_svm
8667,spotify_0098.png,4,0,0,koclip_svm
8668,spotify_0098.png,3,2,0,koclip_svm
8669,spotify_0098.png,1,0,0,koclip_svm
8700,netflix_0005.png,4,4,0,koclip_svm
8701,netflix_0005.png,4,4,0,koclip_svm
8702,netflix_0005.png,4,1,0,koclip_svm
8703,netflix_0005.png,3,4,0,koclip_svm
8714,netflix_0008.png,4,1,0,koclip_svm
8715,netflix_0008.png,4,4,0,koclip_svm
8716,netflix_0008.png,4,2,0,koclip_svm
8717,netflix_0008.png,4,4,0,koclip_svm
8718,netflix_0008.png,4,2,0,koclip_svm
8724,netflix_0012.png,1,2,0,koclip_svm
8725,netflix_0012.png,1,4,0,koclip_svm
8726,netflix_0012.png,0,1,0,koclip_svm
8728,netflix_0014.png,4,4,0,koclip_svm
8729,netflix_0014.png,4,1,0,koclip_svm
8730,netflix_0014.png,2,2,0,koclip_svm
8731,netflix_0014.png,0,4,0,koclip_svm
8732,netflix_0014.png,0,2,0,koclip_svm
8733,netflix_0014.png,0,2,0,koclip_svm
8734,netflix_0014.png,0,2,0,koclip_svm
8735,netflix_0014.png,0,1,0,koclip_svm
8736,netflix_0014.png,4,2,0,koclip_svm
8737,netflix_0014.png,3,4,0,koclip_svm
8738,netflix_0014.png,4,2,0,koclip_svm
8739,netflix_0014.png,2,2,0,koclip_svm
8740,netflix_0014.png,2,2,0,koclip_svm
8741,netflix_0014.png,4,4,0,koclip_svm
8742,netflix_0014.png,3,2,0,koclip_svm
8781,netflix_0023.png,4,2,0,koclip_svm
8782,netflix_0025.png,4,1,0,koclip_svm
8783,netflix_0025.png,4,4,0,koclip_svm
8784,netflix_0025.png,4,1,0,koclip_svm
8785,netflix_0025.png,3,1,0,koclip_svm
8786,netflix_0025.png,4,2,0,koclip_svm
8787,netflix_0027.png,4,4,0,koclip_svm
8788,netflix_0027.png,4,4,0,koclip_svm
8789,netflix_0027.png,4,4,0,koclip_svm
8790,netflix_0027.png,3,4,0,koclip_svm
8821,netflix_0037.png,4,1,0,koclip_svm
8822,netflix_0037.png,4,4,0,koclip_svm
8823,netflix_0037.png,4,4,0,koclip_svm
8824,netflix_0037.png,0,4,0,koclip_svm
8825,netflix_0037.png,0,4,0,koclip_svm
8877,netflix_0050.png,4,4,0,koclip_svm
8878,netflix_0050.png,4,1,0,koclip_svm
8879,netflix_0050.png,3,1,0,koclip_svm
8880,netflix_0050.png,3,1,0,koclip_svm
8881,netflix_0050.png,2,4,0,koclip_svm
8887,netflix_0052.png,2,1,0,koclip_svm
8888,netflix_0052.png,4,1,0,koclip_svm
8889,netflix_0052.png,3,2,0,koclip_svm
8890,netflix_0052.png,2,2,0,koclip_svm
8914,netflix_0058.png,4,4,0,koclip_svm
8915,netflix_0058.png,1,1,0,koclip_svm
8916,netflix_0058.png,1,1,0,koclip_svm
8917,netflix_0058.png,2,2,0,koclip_svm
8918,netflix_0058.png,3,2,0,koclip_svm
8952,netflix_0065.png,4,1,0,koclip_svm
8953,netflix_0065.png,3,3,0,koclip_svm
8954,netflix_0065.png,4,4,0,koclip_svm
8955,netflix_0065.png,1,1,0,koclip_svm
8956,netflix_0065.png,1,1,0,koclip_svm
8969,netflix_0071.png,1,4,0,koclip_svm
8970,netflix_0071.png,3,1,0,koclip_svm
8971,netflix_0071.png,3,1,0,koclip_svm
8972,netflix_0071.png,1,4,0,koclip_svm
8973,netflix_0071.png,1,4,0,koclip_svm
8974,netflix_0071.png,1,4,0,koclip_svm
8975,netflix_0071.png,1,4,0,koclip_svm
8976,netflix_0071.png,4,4,0,koclip_svm
8977,netflix_0071.png,4,4,0,koclip_svm
9014,netflix_0090.png,3,1,0,koclip_svm
9015,netflix_0090.png,1,1,0,koclip_svm
9016,netflix_0090.png,3,1,0,koclip_svm
9017,netflix_0090.png,1,1,0,koclip_svm
9018,netflix_0091.png,4,2,0,koclip_svm
9019,netflix_0091.png,4,4,0,koclip_svm
9020,netflix_0091.png,1,4,0,koclip_svm
9021,netflix_0091.png,0,3,0,koclip_svm
9077,apple_0005.png,1,1,0,koclip_svm
9078,apple_0005.png,3,1,0,koclip_svm
9079,apple_0005.png,3,2,0,koclip_svm
9080,apple_0005.png,3,1,0,koclip_svm
9081,apple_0005.png,1,2,0,koclip_svm
9082,apple_0005.png,4,4,0,koclip_svm
9083,apple_0005.png,1,4,0,koclip_svm
9084,apple_0005.png,0,4,0,koclip_svm
9085,apple_0005.png,0,4,0,koclip_svm
9086,apple_0005.png,0,4,0,koclip_svm
9087,apple_0005.png,0,4,0,koclip_svm
9088,apple_0005.png,0,4,0,koclip_svm
9089,apple_0005.png,4,4,0,koclip_svm
9090,apple_0005.png,4,4,0,koclip_svm
9091,apple_0005.png,3,1,0,koclip_svm
9092,apple_0005.png,2,1,0,koclip_svm
9093,apple_0005.png,2,1,0,koclip_svm
9094,apple_0005.png,4,4,0,koclip_svm
9095,apple_0005.png,1,1,0,koclip_svm
9096,apple_0005.png,1,1,0,koclip_svm
9097,apple_0005.png,2,1,0,koclip_svm
9098,apple_0005.png,4,4,0,koclip_svm
9099,apple_0005.png,4,4,0,koclip_svm
9131,apple_0017.png,4,4,0,koclip_svm
9132,apple_0017.png,3,4,0,koclip_svm
9174,apple_0037.png,4,4,0,koclip_svm
9175,apple_0037.png,3,4,0,koclip_svm
9176,apple_0037.png,4,4,0,koclip_svm
9177,apple_0037.png,3,2,0,koclip_svm
9178,apple_0037.png,1,4,0,koclip_svm
9198,apple_0044.png,1,2,0,koclip_svm
9242,apple_0057.png,4,4,0,koclip_svm
9243,apple_0057.png,4,4,0,koclip_svm
9244,apple_0057.png,3,4,0,koclip_svm
9245,apple_0057.png,2,2,0,koclip_svm
9246,apple_0059.png,4,4,0,koclip_svm
9247,apple_0059.png,4,4,0,koclip_svm
9248,apple_0059.png,3,4,0,koclip_svm
9259,apple_0069.png,3,4,0,koclip_svm
9260,apple_0069.png,4,4,0,koclip_svm
9261,apple_0069.png,4,4,0,koclip_svm
9262,apple_0069.png,4,4,0,koclip_svm
9263,apple_0069.png,4,4,0,koclip_svm
9264,apple_0069.png,4,4,0,koclip_svm
9265,apple_0069.png,2,2,0,koclip_svm
9266,apple_0069.png,1,1,0,koclip_svm
9272,apple_0072.png,4,4,0,koclip_svm
9273,apple_0072.png,4,4,0,koclip_svm
9274,apple_0072.png,4,4,0,koclip_svm
9275,apple_0072.png,4,4,0,koclip_svm
9276,apple_0072.png,3,4,0,koclip_svm
9277,apple_0072.png,3,2,0,koclip_svm
9283,apple_0075.png,4,4,0,koclip_svm
9284,apple_0075.png,4,4,0,koclip_svm
9285,apple_0075.png,4,4,0,koclip_svm
9286,apple_0075.png,4,4,0,koclip_svm
9311,apple_0084.png,4,4,0,koclip_svm
9312,apple_0084.png,3,4,0,koclip_svm
9313,apple_0084.png,3,0,0,koclip_svm
9314,apple_0084.png,2,2,0,koclip_svm
9315,apple_0084.png,2,1,0,koclip_svm
9337,apple_0095.png,4,4,0,koclip_svm
9338,apple_0095.png,4,4,0,koclip_svm
9339,apple_0095.png,2,2,0,koclip_svm
9360,galaxy_0003.png,1,1,0,koclip_svm
9361,galaxy_0003.png,4,0,0,koclip_svm
9362,galaxy_0003.png,3,1,0,koclip_svm
9363,galaxy_0003.png,4,4,0,koclip_svm
9364,galaxy_0003.png,4,4,0,koclip_svm
9365,galaxy_0003.png,2,0,0,koclip_svm
9366,galaxy_0003.png,1,1,0,koclip_svm
9367,galaxy_0003.png,2,1,0,koclip_svm
9368,galaxy_0003.png,4,1,0,koclip_svm
9369,galaxy_0003.png,1,0,0,koclip_svm
9370,galaxy_0003.png,1,4,0,koclip_svm
9371,galaxy_0003.png,1,4,0,koclip_svm
9372,galaxy_0003.png,1,4,0,koclip_svm
9385,galaxy_0008.png,4,4,0,koclip_svm
9386,galaxy_0008.png,1,0,0,koclip_svm
9387,galaxy_0008.png,4,4,0,koclip_svm
9388,galaxy_0008.png,2,1,0,koclip_svm
9389,galaxy_0008.png,0,0,0,koclip_svm
9390,galaxy_0010.png,1,4,0,koclip_svm
9391,galaxy_0010.png,2,4,0,koclip_svm
9392,galaxy_0010.png,3,2,0,koclip_svm
9393,galaxy_0010.png,4,1,0,koclip_svm
9394,galaxy_0010.png,0,4,0,koclip_svm
9417,galaxy_0017.png,4,2,0,koclip_svm
9418,galaxy_0017.png,2,2,0,koclip_svm
9419,galaxy_0017.png,4,4,0,koclip_svm
9420,galaxy_0017.png,1,3,0,koclip_svm
9421,galaxy_0017.png,1,2,0,koclip_svm
9422,galaxy_0017.png,4,2,0,koclip_svm
9423,galaxy_0017.png,2,2,0,koclip_svm
9457,galaxy_0026.png,3,4,0,koclip_svm
9458,galaxy_0026.png,4,1,0,koclip_svm
9459,galaxy_0026.png,4,1,0,koclip_svm
9460,galaxy_0026.png,4,1,0,koclip_svm
9461,galaxy_0026.png,3,4,0,koclip_svm
9462,galaxy_0026.png,3,4,0,koclip_svm
9463,galaxy_0026.png,4,4,0,koclip_svm
9464,galaxy_0026.png,4,4,0,koclip_svm
9465,galaxy_0026.png,4,4,0,koclip_svm
9466,galaxy_0026.png,2,2,0,koclip_svm
9467,galaxy_0026.png,2,1,0,koclip_svm
9468,galaxy_0026.png,2,4,0,koclip_svm
9469,galaxy_0026.png,1,4,0,koclip_svm
9470,galaxy_0026.png,1,1,0,koclip_svm
9471,galaxy_0026.png,1,1,0,koclip_svm
9472,galaxy_0026.png,1,4,0,koclip_svm
9473,galaxy_0026.png,1,1,0,koclip_svm
9474,galaxy_0026.png,1,1,0,koclip_svm
9475,galaxy_0026.png,1,4,0,koclip_svm
9546,galaxy_0041.png,4,4,0,koclip_svm
9547,galaxy_0041.png,4,4,0,koclip_svm
9548,galaxy_0041.png,4,4,0,koclip_svm
9549,galaxy_0041.png,1,1,0,koclip_svm
9550,galaxy_0043.png,4,4,0,koclip_svm
9551,galaxy_0043.png,4,4,0,koclip_svm
9552,galaxy_0043.png,4,4,0,koclip_svm
9553,galaxy_0043.png,3,4,0,koclip_svm
9554,galaxy_0043.png,2,3,0,koclip_svm
9561,galaxy_0048.png,4,4,0,koclip_svm
9562,galaxy_0048.png,4,4,0,koclip_svm
9563,galaxy_0048.png,4,2,0,koclip_svm
9564,galaxy_0048.png,3,2,0,koclip_svm
9565,galaxy_0048.png,2,2,0,koclip_svm
9566,galaxy_0050.png,4,4,0,koclip_svm
9567,galaxy_0050.png,4,4,0,koclip_svm
9568,galaxy_0050.png,3,4,0,koclip_svm
9569,galaxy_0050.png,1,4,0,koclip_svm
9570,galaxy_0050.png,2,4,0,koclip_svm
9571,galaxy_0050.png,3,4,0,koclip_svm
9576,galaxy_0053.png,0,1,0,koclip_svm
9577,galaxy_0054.png,1,4,0,koclip_svm
9578,galaxy_0054.png,1,4,0,koclip_svm
9579,galaxy_0054.png,1,4,0,koclip_svm
9580,galaxy_0054.png,2,4,0,koclip_svm
9581,galaxy_0054.png,2,4,0,koclip_svm
9582,galaxy_0057.png,4,2,0,koclip_svm
9583,galaxy_0057.png,2,2,0,koclip_svm
9584,galaxy_0057.png,3,4,0,koclip_svm
9585,galaxy_0057.png,2,2,0,koclip_svm
9586,galaxy_0057.png,2,4,0,koclip_svm
9612,galaxy_0064.png,4,4,0,koclip_svm
9613,galaxy_0064.png,4,4,0,koclip_svm
9614,galaxy_0064.png,3,4,0,koclip_svm
9615,galaxy_0064.png,4,4,0,koclip_svm
9616,galaxy_0064.png,4,4,0,koclip_svm
9617,galaxy_0065.png,1,4,0,koclip_svm
9618,galaxy_0065.png,1,4,0,koclip_svm
9619,galaxy_0065.png,2,1,0,koclip_svm
9653,galaxy_0074.png,3,1,0,koclip_svm
9654,galaxy_0074.png,3,4,0,koclip_svm
9655,galaxy_0074.png,1,4,0,koclip_svm
9656,galaxy_0074.png,3,4,0,koclip_svm
9657,galaxy_0074.png,1,0,0,koclip_svm
9658,galaxy_0074.png,1,0,0,koclip_svm
9699,galaxy_0084.png,1,4,0,koclip_svm
9700,galaxy_0084.png,4,4,0,koclip_svm
9701,galaxy_0084.png,4,4,0,koclip_svm
9702,galaxy_0084.png,4,4,0,koclip_svm
9703,galaxy_0084.png,4,4,0,koclip_svm
9704,galaxy_0084.png,2,2,0,koclip_svm
9705,galaxy_0084.png,1,4,0,koclip_svm
9706,galaxy_0084.png,1,2,0,koclip_svm
9707,galaxy_0084.png,0,0,0,koclip_svm
9708,galaxy_0084.png,1,1,0,koclip_svm
9709,galaxy_0084.png,1,2,0,koclip_svm
9710,galaxy_0084.png,1,2,0,koclip_svm
9711,galaxy_0084.png,2,2,0,koclip_svm
9717,galaxy_0087.png,3,1,0,koclip_svm
9718,galaxy_0087.png,4,4,0,koclip_svm
9719,galaxy_0087.png,2,1,0,koclip_svm
9720,galaxy_0087.png,3,4,0,koclip_svm
9721,galaxy_0087.png,2,1,0,koclip_svm
9737,galaxy_0090.png,0,2,0,koclip_svm
9738,galaxy_0090.png,1,1,0,koclip_svm
9739,galaxy_0090.png,1,1,0,koclip_svm
9740,galaxy_0090.png,1,1,0,koclip_svm
9741,galaxy_0090.png,4,4,0,koclip_svm
9742,galaxy_0090.png,2,2,0,koclip_svm
9743,galaxy_0090.png,1,2,0,koclip_svm
9744,galaxy_0090.png,2,2,0,koclip_svm
9759,galaxy_0092.png,4,4,0,koclip_svm
9760,galaxy_0092.png,3,4,0,koclip_svm
9812,iphone16_0003.png,0,1,0,koclip_svm
9813,iphone16_0003.png,2,1,0,koclip_svm
9814,iphone16_0003.png,2,1,0,koclip_svm
9815,iphone16_0003.png,4,1,0,koclip_svm
9816,iphone16_0003.png,4,4,0,koclip_svm
9835,iphone16_0006.png,4,4,0,koclip_svm
9836,iphone16_0006.png,4,1,0,koclip_svm
9837,iphone16_0006.png,4,2,0,koclip_svm
9838,iphone16_0006.png,3,0,0,koclip_svm
9839,iphone16_0007.png,1,1,0,koclip_svm
9840,iphone16_0007.png,1,1,0,koclip_svm
9841,iphone16_0007.png,4,4,0,koclip_svm
9842,iphone16_0007.png,0,4,0,koclip_svm
9843,iphone16_0007.png,0,0,0,koclip_svm
9900,iphone16_0026.png,1,4,0,koclip_svm
9901,iphone16_0026.png,4,4,0,koclip_svm
9902,iphone16_0026.png,2,1,0,koclip_svm
9903,iphone16_0026.png,2,1,0,koclip_svm
9904,iphone16_0026.png,4,4,0,koclip_svm
9955,iphone16_0043.png,0,4,0,koclip_svm
9956,iphone16_0043.png,0,0,0,koclip_svm
9957,iphone16_0043.png,0,4,0,koclip_svm
9958,iphone16_0043.png,1,1,0,koclip_svm
9959,iphone16_0043.png,0,4,0,koclip_svm
9964,iphone16_0047.png,4,4,0,koclip_svm
9965,iphone16_0047.png,4,3,0,koclip_svm
9966,iphone16_0047.png,3,4,0,koclip_svm
9967,iphone16_0047.png,2,3,0,koclip_svm
9968,iphone16_0047.png,3,3,0,koclip_svm
9969,iphone16_0047.png,2,3,0,koclip_svm
9970,iphone16_0047.png,2,3,0,koclip_svm
9971,iphone16_0047.png,3,1,0,koclip_svm
9972,iphone16_0047.png,4,3,0,koclip_svm
10007,iphone16_0057.png,4,1,0,koclip_svm
10008,iphone16_0057.png,0,4,0,koclip_svm
10009,iphone16_0057.png,0,4,0,koclip_svm
10010,iphone16_0057.png,0,4,0,koclip_svm
10011,iphone16_0057.png,0,4,0,koclip_svm
10012,iphone16_0057.png,4,4,0,koclip_svm
10013,iphone16_0057.png,4,4,0,koclip_svm
10014,iphone16_0057.png,4,0,0,koclip_svm
10015,iphone16_0057.png,2,2,0,koclip_svm
10016,iphone16_0057.png,4,2,0,koclip_svm
10017,iphone16_0057.png,1,4,0,koclip_svm
10018,iphone16_0057.png,4,2,0,koclip_svm
10028,iphone16_0059.png,0,4,0,koclip_svm
10029,iphone16_0059.png,4,4,0,koclip_svm
10030,iphone16_0059.png,3,4,0,koclip_svm
10031,iphone16_0059.png,1,1,0,koclip_svm
10032,iphone16_0059.png,0,1,0,koclip_svm
10055,iphone16_0066.png,4,4,0,koclip_svm
10056,iphone16_0066.png,4,4,0,koclip_svm
10057,iphone16_0066.png,1,4,0,koclip_svm
10058,iphone16_0066.png,2,2,0,koclip_svm
10059,iphone16_0066.png,2,4,0,koclip_svm
10060,iphone16_0067.png,0,4,0,koclip_svm
10061,iphone16_0067.png,0,2,0,koclip_svm
10062,iphone16_0067.png,0,0,0,koclip_svm
10063,iphone16_0067.png,0,0,0,koclip_svm
10064,iphone16_0067.png,4,4,0,koclip_svm
10073,iphone16_0072.png,4,4,0,koclip_svm
10074,iphone16_0072.png,1,4,0,koclip_svm
10075,iphone16_0072.png,4,4,0,koclip_svm
10076,iphone16_0072.png,0,0,0,koclip_svm
10234,iphone16_0094.png,4,3,0,koclip_svm
10235,iphone16_0094.png,4,3,0,koclip_svm
10236,iphone16_0094.png,4,4,0,koclip_svm
10237,iphone16_0094.png,4,4,0,koclip_svm
10238,iphone16_0094.png,2,3,0,koclip_svm
10239,iphone16_0094.png,3,4,0,koclip_svm
10240,iphone16_0094.png,2,3,0,koclip_svm
10241,iphone16_0094.png,1,3,0,koclip_svm
10282,healthstagram_0009.png,4,3,0,koclip_svm
10283,healthstagram_0009.png,4,4,0,koclip_svm
10284,healthstagram_0009.png,4,2,0,koclip_svm
10285,healthstagram_0009.png,3,4,0,koclip_svm
10286,healthstagram_0009.png,4,4,0,koclip_svm
10287,healthstagram_0009.png,3,2,0,koclip_svm
10288,healthstagram_0009.png,4,0,0,koclip_svm
10289,healthstagram_0009.png,1,0,0,koclip_svm
10290,healthstagram_0009.png,3,2,0,koclip_svm
10291,healthstagram_0009.png,1,1,0,koclip_svm
10414,healthstagram_0031.png,2,2,0,koclip_svm
10415,healthstagram_0031.png,2,2,0,koclip_svm
10416,healthstagram_0031.png,4,4,0,koclip_svm
10417,healthstagram_0031.png,4,4,0,koclip_svm
10418,healthstagram_0031.png,4,4,0,koclip_svm
10419,healthstagram_0031.png,1,4,0,koclip_svm
10420,healthstagram_0031.png,3,2,0,koclip_svm
10421,healthstagram_0035.png,4,2,0,koclip_svm
10422,healthstagram_0035.png,1,0,0,koclip_svm
10423,healthstagram_0035.png,0,0,0,koclip_svm
10424,healthstagram_0035.png,1,0,0,koclip_svm
10425,healthstagram_0035.png,4,0,0,koclip_svm
10426,healthstagram_0035.png,0,0,0,koclip_svm
10427,healthstagram_0035.png,1,1,0,koclip_svm
10428,healthstagram_0035.png,1,1,0,koclip_svm
10429,healthstagram_0035.png,4,4,0,koclip_svm
10430,healthstagram_0035.png,3,4,0,koclip_svm
10431,healthstagram_0035.png,2,2,0,koclip_svm
10432,healthstagram_0035.png,4,4,0,koclip_svm
10433,healthstagram_0035.png,4,0,0,koclip_svm
10434,healthstagram_0035.png,3,4,0,koclip_svm
10435,healthstagram_0035.png,4,4,0,koclip_svm
10471,healthstagram_0040.png,0,0,0,koclip_svm
10472,healthstagram_0040.png,3,3,0,koclip_svm
10473,healthstagram_0040.png,3,0,0,koclip_svm
10474,healthstagram_0040.png,2,1,0,koclip_svm
10475,healthstagram_0040.png,3,2,0,koclip_svm
10476,healthstagram_0040.png,2,1,0,koclip_svm
10477,healthstagram_0040.png,2,2,0,koclip_svm
10478,healthstagram_0040.png,4,3,0,koclip_svm
10479,healthstagram_0040.png,4,4,0,koclip_svm
10480,healthstagram_0040.png,4,4,0,koclip_svm
10481,healthstagram_0040.png,4,4,0,koclip_svm
10482,healthstagram_0040.png,3,3,0,koclip_svm
10483,healthstagram_0040.png,4,4,0,koclip_svm
10484,healthstagram_0040.png,4,4,0,koclip_svm
10485,healthstagram_0040.png,2,3,0,koclip_svm
10486,healthstagram_0040.png,1,0,0,koclip_svm
10487,healthstagram_0040.png,1,0,0,koclip_svm
10488,healthstagram_0040.png,1,0,0,koclip_svm
10489,healthstagram_0040.png,4,4,0,koclip_svm
10512,healthstagram_0049.png,1,0,0,koclip_svm
10532,healthstagram_0056.png,4,4,0,koclip_svm
10533,healthstagram_0056.png,4,4,0,koclip_svm
10534,healthstagram_0056.png,2,2,0,koclip_svm
10535,healthstagram_0056.png,4,4,0,koclip_svm
10536,healthstagram_0056.png,3,3,0,koclip_svm
10537,healthstagram_0056.png,0,0,0,koclip_svm
10538,healthstagram_0056.png,0,0,0,koclip_svm
10539,healthstagram_0056.png,1,0,0,koclip_svm
10540,healthstagram_0056.png,4,4,0,koclip_svm
10541,healthstagram_0056.png,4,4,0,koclip_svm
10542,healthstagram_0056.png,2,2,0,koclip_svm
10543,healthstagram_0056.png,3,4,0,koclip_svm
10544,healthstagram_0056.png,4,4,0,koclip_svm
10545,healthstagram_0056.png,2,2,0,koclip_svm
10546,healthstagram_0056.png,2,2,0,koclip_svm
10547,healthstagram_0056.png,3,1,0,koclip_svm
10548,healthstagram_0056.png,4,4,0,koclip_svm
10589,healthstagram_0064.png,4,1,0,koclip_svm
10590,healthstagram_0064.png,1,4,0,koclip_svm
10591,healthstagram_0064.png,2,4,0,koclip_svm
10592,healthstagram_0064.png,3,3,0,koclip_svm
10593,healthstagram_0064.png,3,3,0,koclip_svm
10620,healthstagram_0069.png,2,2,0,koclip_svm
10621,healthstagram_0073.png,4,3,0,koclip_svm
10622,healthstagram_0073.png,4,4,0,koclip_svm
10623,healthstagram_0073.png,4,4,0,koclip_svm
10624,healthstagram_0073.png,4,4,0,koclip_svm
10625,healthstagram_0073.png,4,4,0,koclip_svm
10626,healthstagram_0073.png,4,4,0,koclip_svm
10627,healthstagram_0073.png,2,2,0,koclip_svm
10628,healthstagram_0073.png,2,2,0,koclip_svm
10629,healthstagram_0073.png,2,2,0,koclip_svm
10630,healthstagram_0073.png,2,1,0,koclip_svm
10631,healthstagram_0073.png,1,2,0,koclip_svm
10632,healthstagram_0073.png,2,2,0,koclip_svm
10633,healthstagram_0073.png,4,4,0,koclip_svm
10634,healthstagram_0073.png,4,1,0,koclip_svm
10635,healthstagram_0073.png,3,0,0,koclip_svm
10641,healthstagram_0080.png,2,2,0,koclip_svm
10642,healthstagram_0080.png,4,4,0,koclip_svm
10643,healthstagram_0080.png,3,2,0,koclip_svm
10644,healthstagram_0080.png,4,4,0,koclip_svm
10645,healthstagram_0080.png,2,3,0,koclip_svm
10647,healthstagram_0083.png,1,0,0,koclip_svm
10679,healthstagram_0087.png,4,4,0,koclip_svm
10680,healthstagram_0087.png,3,4,0,koclip_svm
10681,healthstagram_0087.png,2,4,0,koclip_svm
10682,healthstagram_0087.png,2,2,0,koclip_svm
10683,healthstagram_0087.png,1,3,0,koclip_svm
10684,healthstagram_0087.png,2,4,0,koclip_svm
10685,healthstagram_0087.png,4,4,0,koclip_svm
10686,healthstagram_0087.png,1,1,0,koclip_svm
10687,healthstagram_0087.png,1,2,0,koclip_svm
10688,healthstagram_0087.png,4,4,0,koclip_svm
10689,healthstagram_0087.png,2,2,0,koclip_svm
10690,healthstagram_0087.png,2,2,0,koclip_svm
10778,healthstagram_0099.png,4,4,0,koclip_svm
10779,healthstagram_0099.png,1,2,0,koclip_svm
10780,healthstagram_0099.png,2,0,0,koclip_svm
10781,healthstagram_0099.png,0,0,0,koclip_svm
10782,healthstagram_0099.png,1,1,0,koclip_svm
10799,ounwan_0006.png,4,1,0,koclip_svm
10800,ounwan_0006.png,1,0,0,koclip_svm
10801,ounwan_0006.png,1,1,0,koclip_svm
10802,ounwan_0006.png,0,1,0,koclip_svm
10803,ounwan_0006.png,1,1,0,koclip_svm
10804,ounwan_0006.png,0,0,0,koclip_svm
10805,ounwan_0006.png,2,1,0,koclip_svm
10806,ounwan_0006.png,0,4,0,koclip_svm
10807,ounwan_0006.png,0,4,0,koclip_svm
10808,ounwan_0006.png,0,1,0,koclip_svm
10809,ounwan_0006.png,2,2,0,koclip_svm
10810,ounwan_0006.png,2,2,0,koclip_svm
10811,ounwan_0006.png,4,4,0,koclip_svm
10812,ounwan_0006.png,0,4,0,koclip_svm
10813,ounwan_0006.png,0,4,0,koclip_svm
10814,ounwan_0006.png,2,3,0,koclip_svm
10815,ounwan_0006.png,2,1,0,koclip_svm
10816,ounwan_0006.png,3,1,0,koclip_svm
10817,ounwan_0006.png,0,1,0,koclip_svm
10963,ounwan_0034.png,4,4,0,koclip_svm
10964,ounwan_0034.png,4,4,0,koclip_svm
10965,ounwan_0034.png,3,2,0,koclip_svm
10966,ounwan_0034.png,3,3,0,koclip_svm
10967,ounwan_0034.png,2,2,0,koclip_svm
11120,ounwan_0057.png,1,2,0,koclip_svm
11121,ounwan_0057.png,1,1,0,koclip_svm
11122,ounwan_0057.png,1,1,0,koclip_svm
11123,ounwan_0057.png,2,1,0,koclip_svm
11124,ounwan_0057.png,2,2,0,koclip_svm
11125,ounwan_0057.png,2,2,0,koclip_svm
11126,ounwan_0057.png,2,2,0,koclip_svm
11127,ounwan_0057.png,2,0,0,koclip_svm
11128,ounwan_0057.png,1,3,0,koclip_svm
11129,ounwan_0057.png,0,0,0,koclip_svm
11130,ounwan_0057.png,2,2,0,koclip_svm
11131,ounwan_0057.png,1,0,0,koclip_svm
11132,ounwan_0057.png,0,1,0,koclip_svm
11135,ounwan_0059.png,3,3,0,koclip_svm
11140,ounwan_0062.png,4,1,0,koclip_svm
11141,ounwan_0062.png,4,1,0,koclip_svm
11154,ounwan_0064.png,3,1,0,koclip_svm
11155,ounwan_0064.png,3,1,0,koclip_svm
11156,ounwan_0065.png,1,4,0,koclip_svm
11157,ounwan_0065.png,0,0,0,koclip_svm
11158,ounwan_0065.png,0,0,0,koclip_svm
11159,ounwan_0065.png,0,0,0,koclip_svm
11160,ounwan_0065.png,0,0,0,koclip_svm
11161,ounwan_0065.png,3,0,0,koclip_svm
11162,ounwan_0065.png,0,1,0,koclip_svm
11163,ounwan_0065.png,1,3,0,koclip_svm
11164,ounwan_0065.png,2,0,0,koclip_svm
11165,ounwan_0065.png,3,0,0,koclip_svm
11166,ounwan_0065.png,1,0,0,koclip_svm
11167,ounwan_0065.png,0,0,0,koclip_svm
11168,ounwan_0065.png,0,3,0,koclip_svm
11169,ounwan_0065.png,0,1,0,koclip_svm
11170,ounwan_0065.png,0,0,0,koclip_svm
11171,ounwan_0065.png,2,2,0,koclip_svm
11172,ounwan_0065.png,1,4,0,koclip_svm
11173,ounwan_0065.png,0,0,0,koclip_svm
11174,ounwan_0065.png,3,3,0,koclip_svm
11175,ounwan_0065.png,0,4,0,koclip_svm
11176,ounwan_0065.png,1,0,0,koclip_svm
11177,ounwan_0065.png,3,0,0,koclip_svm
11178,ounwan_0065.png,1,0,0,koclip_svm
11179,ounwan_0065.png,0,0,0,koclip_svm
11180,ounwan_0065.png,1,0,0,koclip_svm
11181,ounwan_0065.png,0,0,0,koclip_svm
11182,ounwan_0065.png,0,0,0,koclip_svm
11183,ounwan_0065.png,1,0,0,koclip_svm
11184,ounwan_0065.png,0,0,0,koclip_svm
11218,ounwan_0073.png,2,2,0,koclip_svm
11219,ounwan_0073.png,2,2,0,koclip_svm
11220,ounwan_0073.png,4,2,0,koclip_svm
11221,ounwan_0073.png,4,2,0,koclip_svm
11222,ounwan_0073.png,1,2,0,koclip_svm
11223,ounwan_0073.png,4,4,0,koclip_svm
11224,ounwan_0073.png,2,2,0,koclip_svm
11225,ounwan_0073.png,3,2,0,koclip_svm
11226,ounwan_0073.png,4,3,0,koclip_svm
11227,ounwan_0073.png,2,3,0,koclip_svm
11228,ounwan_0073.png,3,1,0,koclip_svm
11229,ounwan_0073.png,4,4,0,koclip_svm
11230,ounwan_0073.png,2,2,0,koclip_svm
11231,ounwan_0073.png,4,2,0,koclip_svm
11232,ounwan_0073.png,3,2,0,koclip_svm
11233,ounwan_0073.png,4,2,0,koclip_svm
11234,ounwan_0073.png,2,2,0,koclip_svm
11235,ounwan_0073.png,2,2,0,koclip_svm
11236,ounwan_0073.png,4,2,0,koclip_svm
11237,ounwan_0073.png,4,4,0,koclip_svm
11238,ounwan_0073.png,2,1,0,koclip_svm
11239,ounwan_0073.png,4,4,0,koclip_svm
11240,ounwan_0073.png,1,1,0,koclip_svm
11241,ounwan_0073.png,0,0,0,koclip_svm
11242,ounwan_0073.png,2,2,0,koclip_svm
11243,ounwan_0073.png,4,4,0,koclip_svm
11244,ounwan_0073.png,4,4,0,koclip_svm
11245,ounwan_0073.png,2,2,0,koclip_svm
11246,ounwan_0073.png,3,3,0,koclip_svm
11247,ounwan_0073.png,0,2,0,koclip_svm
11248,ounwan_0075.png,0,1,0,koclip_svm
11249,ounwan_0075.png,1,3,0,koclip_svm
11250,ounwan_0075.png,4,1,0,koclip_svm
11251,ounwan_0075.png,1,2,0,koclip_svm
11252,ounwan_0075.png,1,2,0,koclip_svm
11253,ounwan_0075.png,2,2,0,koclip_svm
11254,ounwan_0075.png,1,4,0,koclip_svm
11255,ounwan_0075.png,1,3,0,koclip_svm
11256,ounwan_0075.png,0,2,0,koclip_svm
11257,ounwan_0075.png,0,2,0,koclip_svm
11258,ounwan_0075.png,1,4,0,koclip_svm
11259,ounwan_0075.png,0,2,0,koclip_svm
11260,ounwan_0075.png,1,4,0,koclip_svm
11261,ounwan_0075.png,1,4,0,koclip_svm
11262,ounwan_0075.png,0,4,0,koclip_svm
11263,ounwan_0075.png,0,3,0,koclip_svm
11264,ounwan_0075.png,0,2,0,koclip_svm
11265,ounwan_0075.png,0,1,0,koclip_svm
11266,ounwan_0075.png,0,4,0,koclip_svm
11267,ounwan_0075.png,0,2,0,koclip_svm
11275,ounwan_0078.png,4,4,0,koclip_svm
11276,ounwan_0078.png,4,3,0,koclip_svm
11298,ounwan_0081.png,3,3,0,koclip_svm
11299,ounwan_0081.png,4,4,0,koclip_svm
11300,ounwan_0081.png,2,2,0,koclip_svm
11301,ounwan_0081.png,2,2,0,koclip_svm
11302,ounwan_0081.png,3,2,0,koclip_svm
11355,ounwan_0091.png,3,3,0,koclip_svm
11356,ounwan_0091.png,2,2,0,koclip_svm
11357,ounwan_0091.png,2,0,0,koclip_svm
11358,ounwan_0091.png,4,1,0,koclip_svm
11359,ounwan_0091.png,4,4,0,koclip_svm
11369,ounwan_0095.png,3,2,0,koclip_svm
11370,ounwan_0095.png,4,4,0,koclip_svm
11371,ounwan_0095.png,3,3,0,koclip_svm
11372,ounwan_0095.png,3,3,0,koclip_svm
11373,ounwan_0095.png,3,4,0,koclip_svm
11374,ounwan_0095.png,4,4,0,koclip_svm
11375,ounwan_0095.png,3,4,0,koclip_svm
11376,ounwan_0095.png,4,4,0,koclip_svm
11377,ounwan_0095.png,2,2,0,koclip_svm
11378,ounwan_0095.png,0,0,0,koclip_svm
11379,ounwan_0095.png,0,0,0,koclip_svm
11399,dietfood_0001.png,4,2,0,koclip_svm
11400,dietfood_0001.png,3,2,0,koclip_svm
11401,dietfood_0001.png,4,1,0,koclip_svm
11402,dietfood_0001.png,3,2,0,koclip_svm
11403,dietfood_0001.png,4,2,0,koclip_svm
11404,dietfood_0001.png,2,3,0,koclip_svm
11405,dietfood_0001.png,1,2,0,koclip_svm
11450,dietfood_0009.png,4,0,0,koclip_svm
11451,dietfood_0009.png,4,2,0,koclip_svm
11452,dietfood_0009.png,2,2,0,koclip_svm
11456,dietfood_0011.png,0,4,0,koclip_svm
11457,dietfood_0011.png,0,4,0,koclip_svm
11458,dietfood_0011.png,0,4,0,koclip_svm
11483,dietfood_0016.png,4,3,0,koclip_svm
11484,dietfood_0016.png,1,4,0,koclip_svm
11485,dietfood_0016.png,4,4,0,koclip_svm
11486,dietfood_0017.png,4,3,0,koclip_svm
11487,dietfood_0017.png,3,2,0,koclip_svm
11488,dietfood_0017.png,4,3,0,koclip_svm
11489,dietfood_0017.png,3,4,0,koclip_svm
11490,dietfood_0017.png,2,1,0,koclip_svm
11491,dietfood_0017.png,2,2,0,koclip_svm
11502,dietfood_0020.png,4,4,0,koclip_svm
11503,dietfood_0020.png,3,3,0,koclip_svm
11504,dietfood_0020.png,4,4,0,koclip_svm
11505,dietfood_0020.png,4,4,0,koclip_svm
11506,dietfood_0020.png,3,3,0,koclip_svm
11513,dietfood_0022.png,4,4,0,koclip_svm
11626,dietfood_0038.png,4,3,0,koclip_svm
11627,dietfood_0038.png,4,3,0,koclip_svm
11628,dietfood_0038.png,3,2,0,koclip_svm
11629,dietfood_0038.png,3,3,0,koclip_svm
11630,dietfood_0038.png,2,3,0,koclip_svm
11631,dietfood_0038.png,3,2,0,koclip_svm
11632,dietfood_0038.png,3,3,0,koclip_svm
11633,dietfood_0038.png,3,3,0,koclip_svm
11634,dietfood_0038.png,4,3,0,koclip_svm
11635,dietfood_0038.png,3,4,0,koclip_svm
11636,dietfood_0041.png,2,3,0,koclip_svm
11637,dietfood_0041.png,2,3,0,koclip_svm
11638,dietfood_0041.png,3,3,0,koclip_svm
11639,dietfood_0041.png,3,3,0,koclip_svm
11645,dietfood_0044.png,4,4,0,koclip_svm
11646,dietfood_0044.png,4,3,0,koclip_svm
11647,dietfood_0044.png,3,4,0,koclip_svm
11648,dietfood_0044.png,3,3,0,koclip_svm
11649,dietfood_0044.png,3,3,0,koclip_svm
11755,dietfood_0062.png,4,3,0,koclip_svm
11756,dietfood_0062.png,4,4,0,koclip_svm
11757,dietfood_0062.png,4,3,0,koclip_svm
11758,dietfood_0062.png,3,2,0,koclip_svm
11759,dietfood_0062.png,4,3,0,koclip_svm
11806,dietfood_0070.png,3,2,0,koclip_svm
11807,dietfood_0070.png,2,2,0,koclip_svm
11808,dietfood_0070.png,2,2,0,koclip_svm
11809,dietfood_0070.png,3,2,0,koclip_svm
11810,dietfood_0070.png,3,3,0,koclip_svm
11811,dietfood_0070.png,1,4,0,koclip_svm
11812,dietfood_0070.png,3,3,0,koclip_svm
11813,dietfood_0070.png,1,4,0,koclip_svm
11814,dietfood_0070.png,4,4,0,koclip_svm
11815,dietfood_0070.png,4,4,0,koclip_svm
11816,dietfood_0070.png,4,4,0,koclip_svm
11817,dietfood_0070.png,4,4,0,koclip_svm
11864,dietfood_0077.png,3,3,0,koclip_svm
11865,dietfood_0077.png,3,3,0,koclip_svm
11866,dietfood_0077.png,4,3,0,koclip_svm
11867,dietfood_0077.png,2,3,0,koclip_svm
11868,dietfood_0077.png,3,3,0,koclip_svm
11886,dietfood_0082.png,4,4,0,koclip_svm
11887,dietfood_0082.png,4,4,0,koclip_svm
11888,dietfood_0082.png,4,4,0,koclip_svm
11889,dietfood_0082.png,4,3,0,koclip_svm
11890,dietfood_0082.png,0,3,0,koclip_svm
11891,dietfood_0082.png,4,4,0,koclip_svm
11892,dietfood_0082.png,4,1,0,koclip_svm
11893,dietfood_0082.png,2,3,0,koclip_svm
11894,dietfood_0082.png,4,4,0,koclip_svm
11895,dietfood_0082.png,3,3,0,koclip_svm
11896,dietfood_0082.png,3,3,0,koclip_svm
11897,dietfood_0082.png,4,4,0,koclip_svm
11898,dietfood_0082.png,4,3,0,koclip_svm
11899,dietfood_0082.png,2,3,0,koclip_svm
11900,dietfood_0082.png,2,3,0,koclip_svm
11942,dietfood_0089.png,2,3,0,koclip_svm
11943,dietfood_0089.png,2,3,0,koclip_svm
11944,dietfood_0089.png,4,2,0,koclip_svm
11945,dietfood_0089.png,1,4,0,koclip_svm
11946,dietfood_0089.png,1,0,0,koclip_svm
11947,dietfood_0089.png,2,3,0,koclip_svm
11950,dietfood_0092.png,3,3,0,koclip_svm
11951,dietfood_0092.png,3,3,0,koclip_svm
11952,dietfood_0092.png,4,2,0,koclip_svm
11953,dietfood_0092.png,2,3,0,koclip_svm
11954,dietfood_0092.png,2,2,0,koclip_svm
15,ai_0005.png,4,3,1,koclip_svm
16,ai_0005.png,1,2,1,koclip_svm
17,ai_0005.png,0,4,1,koclip_svm
18,ai_0005.png,0,4,1,koclip_svm
19,ai_0005.png,0,4,1,koclip_svm
45,ai_0010.png,2,1,1,koclip_svm
46,ai_0010.png,4,1,1,koclip_svm
47,ai_0010.png,4,1,1,koclip_svm
48,ai_0010.png,3,1,1,koclip_svm
49,ai_0010.png,4,1,1,koclip_svm
50,ai_0010.png,4,4,1,koclip_svm
51,ai_0010.png,3,2,1,koclip_svm
52,ai_0010.png,2,2,1,koclip_svm
53,ai_0010.png,1,2,1,koclip_svm
54,ai_0010.png,3,4,1,koclip_svm
55,ai_0012.png,3,1,1,koclip_svm
56,ai_0012.png,3,2,1,koclip_svm
57,ai_0012.png,4,4,1,koclip_svm
58,ai_0012.png,1,2,1,koclip_svm
59,ai_0012.png,1,1,1,koclip_svm
60,ai_0012.png,0,0,1,koclip_svm
61,ai_0012.png,0,2,1,koclip_svm
62,ai_0012.png,1,2,1,koclip_svm
63,ai_0012.png,1,2,1,koclip_svm
64,ai_0012.png,1,1,1,koclip_svm
65,ai_0012.png,1,2,1,koclip_svm
66,ai_0012.png,0,3,1,koclip_svm
67,ai_0012.png,1,1,1,koclip_svm
68,ai_0012.png,1,1,1,koclip_svm
69,ai_0012.png,4,4,1,koclip_svm
70,ai_0012.png,4,2,1,koclip_svm
71,ai_0012.png,2,2,1,koclip_svm
72,ai_0012.png,2,2,1,koclip_svm
73,ai_0012.png,2,2,1,koclip_svm
74,ai_0012.png,4,4,1,koclip_svm
75,ai_0012.png,3,1,1,koclip_svm
76,ai_0012.png,2,2,1,koclip_svm
77,ai_0012.png,3,2,1,koclip_svm
121,ai_0016.png,4,4,1,koclip_svm
122,ai_0016.png,4,4,1,koclip_svm
123,ai_0016.png,4,4,1,koclip_svm
124,ai_0016.png,4,4,1,koclip_svm
125,ai_0016.png,4,4,1,koclip_svm
126,ai_0016.png,4,4,1,koclip_svm
127,ai_0016.png,4,4,1,koclip_svm
128,ai_0016.png,4,2,1,koclip_svm
129,ai_0016.png,4,4,1,koclip_svm
130,ai_0016.png,1,2,1,koclip_svm
131,ai_0016.png,2,4,1,koclip_svm
132,ai_0016.png,2,4,1,koclip_svm
133,ai_0016.png,4,2,1,koclip_svm
134,ai_0016.png,1,4,1,koclip_svm
135,ai_0016.png,0,4,1,koclip_svm
136,ai_0016.png,1,4,1,koclip_svm
137,ai_0016.png,2,4,1,koclip_svm
138,ai_0017.png,4,4,1,koclip_svm
139,ai_0017.png,3,1,1,koclip_svm
140,ai_0017.png,4,4,1,koclip_svm
141,ai_0017.png,4,2,1,koclip_svm
142,ai_0017.png,4,1,1,koclip_svm
143,ai_0017.png,3,2,1,koclip_svm
144,ai_0017.png,3,2,1,koclip_svm
145,ai_0017.png,2,3,1,koclip_svm
146,ai_0017.png,1,4,1,koclip_svm
147,ai_0017.png,1,4,1,koclip_svm
148,ai_0017.png,1,1,1,koclip_svm
149,ai_0017.png,1,2,1,koclip_svm
150,ai_0017.png,1,2,1,koclip_svm
151,ai_0017.png,1,2,1,koclip_svm
152,ai_0017.png,1,4,1,koclip_svm
153,ai_0017.png,1,4,1,koclip_svm
154,ai_0017.png,1,4,1,koclip_svm
155,ai_0017.png,1,2,1,koclip_svm
156,ai_0017.png,1,2,1,koclip_svm
257,domesticTravel_0005.png,3,0,1,koclip_svm
302,domesticTravel_0015.png,4,4,1,koclip_svm
303,domesticTravel_0015.png,1,4,1,koclip_svm
304,domesticTravel_0015.png,4,4,1,koclip_svm
305,domesticTravel_0015.png,3,3,1,koclip_svm
367,fall_0003.png,0,0,1,koclip_svm
368,fall_0003.png,0,1,1,koclip_svm
369,fall_0003.png,0,1,1,koclip_svm
370,fall_0003.png,0,1,1,koclip_svm
371,fall_0003.png,0,1,1,koclip_svm
372,fall_0003.png,0,1,1,koclip_svm
377,fall_0006.png,4,4,1,koclip_svm
488,fall_0015.png,4,2,1,koclip_svm
489,fall_0015.png,3,2,1,koclip_svm
490,fall_0015.png,3,2,1,koclip_svm
491,fall_0015.png,1,4,1,koclip_svm
492,fall_0015.png,2,3,1,koclip_svm
493,fall_0015.png,3,2,1,koclip_svm
494,fall_0015.png,3,3,1,koclip_svm
495,fall_0015.png,2,2,1,koclip_svm
496,fall_0015.png,4,2,1,koclip_svm
497,fall_0015.png,4,1,1,koclip_svm
521,fall_0021.png,3,1,1,koclip_svm
522,fall_0021.png,4,2,1,koclip_svm
523,fall_0021.png,3,2,1,koclip_svm
524,fall_0021.png,3,3,1,koclip_svm
525,fall_0021.png,2,2,1,koclip_svm
526,fall_0021.png,3,2,1,koclip_svm
527,fall_0021.png,3,2,1,koclip_svm
528,fall_0021.png,2,2,1,koclip_svm
529,fall_0021.png,2,1,1,koclip_svm
530,fall_0021.png,3,4,1,koclip_svm
531,fall_0021.png,4,4,1,koclip_svm
532,fall_0021.png,4,4,1,koclip_svm
533,fall_0021.png,4,4,1,koclip_svm
534,fall_0021.png,3,4,1,koclip_svm
535,fall_0021.png,4,1,1,koclip_svm
536,fall_0021.png,2,1,1,koclip_svm
559,fall_0023.png,4,1,1,koclip_svm
560,fall_0023.png,3,1,1,koclip_svm
561,fall_0023.png,3,1,1,koclip_svm
562,fall_0023.png,4,1,1,koclip_svm
563,fall_0023.png,4,4,1,koclip_svm
564,fall_0023.png,1,4,1,koclip_svm
565,fashion_0001.png,4,4,1,koclip_svm
566,fashion_0001.png,4,4,1,koclip_svm
726,movie_0004.png,1,1,1,koclip_svm
727,movie_0004.png,1,1,1,koclip_svm
728,movie_0004.png,1,2,1,koclip_svm
729,movie_0004.png,1,1,1,koclip_svm
730,movie_0004.png,4,1,1,koclip_svm
731,movie_0004.png,4,1,1,koclip_svm
732,movie_0004.png,4,1,1,koclip_svm
733,movie_0004.png,3,2,1,koclip_svm
734,movie_0004.png,1,1,1,koclip_svm
735,movie_0004.png,1,1,1,koclip_svm
736,movie_0004.png,4,1,1,koclip_svm
737,movie_0004.png,4,1,1,koclip_svm
738,movie_0004.png,2,1,1,koclip_svm
739,movie_0004.png,3,1,1,koclip_svm
740,movie_0004.png,2,1,1,koclip_svm
741,movie_0004.png,2,1,1,koclip_svm
742,movie_0004.png,1,1,1,koclip_svm
743,movie_0004.png,1,1,1,koclip_svm
744,movie_0004.png,4,4,1,koclip_svm
745,movie_0004.png,4,4,1,koclip_svm
746,movie_0004.png,1,2,1,koclip_svm
747,movie_0004.png,1,1,1,koclip_svm
748,movie_0004.png,1,1,1,koclip_svm
749,movie_0004.png,1,1,1,koclip_svm
750,movie_0004.png,4,1,1,koclip_svm
751,movie_0004.png,4,2,1,koclip_svm
752,movie_0004.png,0,0,1,koclip_svm
874,movie_0018.png,4,2,1,koclip_svm
875,movie_0018.png,4,1,1,koclip_svm
876,movie_0018.png,3,2,1,koclip_svm
962,olive_0007.png,4,1,1,koclip_svm
963,olive_0007.png,3,1,1,koclip_svm
964,olive_0007.png,3,3,1,koclip_svm
965,olive_0007.png,4,4,1,koclip_svm
966,olive_0007.png,4,4,1,koclip_svm
967,olive_0007.png,4,4,1,koclip_svm
968,olive_0007.png,1,1,1,koclip_svm
969,olive_0007.png,1,4,1,koclip_svm
970,olive_0007.png,1,1,1,koclip_svm
971,olive_0007.png,1,1,1,koclip_svm
972,olive_0007.png,4,1,1,koclip_svm
973,olive_0007.png,4,4,1,koclip_svm
974,olive_0007.png,4,4,1,koclip_svm
975,olive_0007.png,1,1,1,koclip_svm
976,olive_0007.png,1,4,1,koclip_svm
977,olive_0007.png,4,1,1,koclip_svm
978,olive_0007.png,3,2,1,koclip_svm
979,olive_0007.png,2,2,1,koclip_svm
980,olive_0007.png,2,2,1,koclip_svm
981,olive_0007.png,2,2,1,koclip_svm
982,olive_0007.png,2,2,1,koclip_svm
983,olive_0007.png,1,4,1,koclip_svm
984,olive_0007.png,1,3,1,koclip_svm
985,olive_0007.png,2,4,1,koclip_svm
986,olive_0007.png,1,1,1,koclip_svm
987,olive_0007.png,3,1,1,koclip_svm
988,olive_0010.png,1,2,1,koclip_svm
989,olive_0010.png,1,2,1,koclip_svm
990,olive_0010.png,2,2,1,koclip_svm
991,olive_0010.png,4,4,1,koclip_svm
992,olive_0010.png,3,4,1,koclip_svm
993,olive_0010.png,3,2,1,koclip_svm
994,olive_0010.png,1,1,1,koclip_svm
995,olive_0010.png,2,4,1,koclip_svm
996,olive_0010.png,3,3,1,koclip_svm
1037,olive_0014.png,4,4,1,koclip_svm
1069,olive_0020.png,4,1,1,koclip_svm
1070,olive_0020.png,4,4,1,koclip_svm
1071,olive_0020.png,4,4,1,koclip_svm
1072,olive_0020.png,4,4,1,koclip_svm
1073,olive_0020.png,4,4,1,koclip_svm
1074,olive_0020.png,4,4,1,koclip_svm
1075,olive_0020.png,3,3,1,koclip_svm
1076,olive_0020.png,3,3,1,koclip_svm
1077,olive_0020.png,2,4,1,koclip_svm
1078,olive_0020.png,2,2,1,koclip_svm
1079,olive_0020.png,2,2,1,koclip_svm
1080,olive_0020.png,2,3,1,koclip_svm
1081,olive_0020.png,1,4,1,koclip_svm
1082,olive_0020.png,1,3,1,koclip_svm
1083,olive_0020.png,2,2,1,koclip_svm
1084,olive_0020.png,3,3,1,koclip_svm
1085,olive_0020.png,3,4,1,koclip_svm
1086,olive_0020.png,4,4,1,koclip_svm
1087,olive_0020.png,4,4,1,koclip_svm
1088,olive_0020.png,2,3,1,koclip_svm
1089,olive_0020.png,2,4,1,koclip_svm
1090,olive_0020.png,1,1,1,koclip_svm
1091,olive_0020.png,4,4,1,koclip_svm
1092,olive_0020.png,4,4,1,koclip_svm
1093,olive_0020.png,2,2,1,koclip_svm
1094,olive_0020.png,3,4,1,koclip_svm
1095,olive_0020.png,3,1,1,koclip_svm
1096,olive_0020.png,3,4,1,koclip_svm
1112,restaurant_0001.png,4,4,1,koclip_svm
1113,restaurant_0001.png,3,3,1,koclip_svm
1114,restaurant_0001.png,3,1,1,koclip_svm
1115,restaurant_0001.png,3,1,1,koclip_svm
1116,restaurant_0001.png,2,2,1,koclip_svm
1117,restaurant_0001.png,2,2,1,koclip_svm
1118,restaurant_0001.png,2,2,1,koclip_svm
1119,restaurant_0001.png,1,4,1,koclip_svm
1120,restaurant_0001.png,1,3,1,koclip_svm
1121,restaurant_0001.png,2,2,1,koclip_svm
1122,restaurant_0001.png,4,4,1,koclip_svm
1123,restaurant_0001.png,4,4,1,koclip_svm
1124,restaurant_0001.png,4,4,1,koclip_svm
1125,restaurant_0001.png,4,4,1,koclip_svm
1126,restaurant_0001.png,2,2,1,koclip_svm
1127,restaurant_0001.png,2,2,1,koclip_svm
1128,restaurant_0001.png,1,3,1,koclip_svm
1129,restaurant_0001.png,1,2,1,koclip_svm
1130,restaurant_0001.png,4,4,1,koclip_svm
1131,restaurant_0001.png,2,3,1,koclip_svm
1132,restaurant_0001.png,4,4,1,koclip_svm
1133,restaurant_0002.png,3,1,1,koclip_svm
1134,restaurant_0002.png,4,1,1,koclip_svm
1135,restaurant_0002.png,4,1,1,koclip_svm
1136,restaurant_0002.png,4,1,1,koclip_svm
1137,restaurant_0002.png,3,1,1,koclip_svm
1138,restaurant_0002.png,4,4,1,koclip_svm
1139,restaurant_0002.png,4,1,1,koclip_svm
1140,restaurant_0002.png,3,3,1,koclip_svm
1141,restaurant_0002.png,4,1,1,koclip_svm
1142,restaurant_0002.png,4,1,1,koclip_svm
1143,restaurant_0002.png,4,4,1,koclip_svm
1207,restaurant_0015.png,4,4,1,koclip_svm
1242,restaurant_0018.png,3,1,1,koclip_svm
1243,restaurant_0018.png,3,1,1,koclip_svm
1244,restaurant_0018.png,1,1,1,koclip_svm
1245,restaurant_0018.png,3,2,1,koclip_svm
1246,restaurant_0018.png,1,2,1,koclip_svm
1247,restaurant_0018.png,1,1,1,koclip_svm
1248,restaurant_0018.png,1,2,1,koclip_svm
1249,restaurant_0018.png,1,0,1,koclip_svm
1250,restaurant_0018.png,0,0,1,koclip_svm
1251,restaurant_0018.png,0,1,1,koclip_svm
1252,restaurant_0018.png,0,1,1,koclip_svm
1253,restaurant_0018.png,0,1,1,koclip_svm
1254,restaurant_0018.png,0,1,1,koclip_svm
1255,restaurant_0018.png,1,1,1,koclip_svm
1256,restaurant_0018.png,0,1,1,koclip_svm
1257,restaurant_0018.png,0,2,1,koclip_svm
1258,restaurant_0018.png,1,1,1,koclip_svm
1259,restaurant_0018.png,0,0,1,koclip_svm
1260,restaurant_0018.png,0,1,1,koclip_svm
1261,restaurant_0018.png,2,1,1,koclip_svm
1262,restaurant_0018.png,1,1,1,koclip_svm
1263,restaurant_0018.png,2,2,1,koclip_svm
1264,restaurant_0018.png,4,1,1,koclip_svm
1265,restaurant_0018.png,4,0,1,koclip_svm
1266,restaurant_0018.png,3,3,1,koclip_svm
1267,restaurant_0018.png,4,3,1,koclip_svm
1293,restaurant_0021.png,1,1,1,koclip_svm
1294,restaurant_0021.png,1,1,1,koclip_svm
1295,restaurant_0021.png,2,4,1,koclip_svm
1296,restaurant_0021.png,2,4,1,koclip_svm
1297,restaurant_0021.png,0,4,1,koclip_svm
1298,restaurant_0021.png,3,2,1,koclip_svm
1299,restaurant_0021.png,2,1,1,koclip_svm
1300,restaurant_0021.png,4,2,1,koclip_svm
1301,restaurant_0021.png,0,3,1,koclip_svm
1302,restaurant_0021.png,2,3,1,koclip_svm
1303,restaurant_0021.png,0,1,1,koclip_svm
1304,restaurant_0021.png,0,3,1,koclip_svm
1305,restaurant_0021.png,1,1,1,koclip_svm
1306,restaurant_0021.png,4,1,1,koclip_svm
1307,restaurant_0021.png,2,1,1,koclip_svm
1308,restaurant_0021.png,2,4,1,koclip_svm
1309,restaurant_0021.png,1,2,1,koclip_svm
1310,restaurant_0021.png,3,2,1,koclip_svm
1311,restaurant_0021.png,0,4,1,koclip_svm
1312,restaurant_0021.png,1,4,1,koclip_svm
1313,restaurant_0021.png,0,1,1,koclip_svm
1314,restaurant_0021.png,0,4,1,koclip_svm
1315,restaurant_0021.png,3,2,1,koclip_svm
1316,restaurant_0021.png,0,4,1,koclip_svm
1317,restaurant_0021.png,1,4,1,koclip_svm
1318,restaurant_0021.png,4,1,1,koclip_svm
1319,restaurant_0022.png,4,4,1,koclip_svm
1320,restaurant_0022.png,1,4,1,koclip_svm
1321,restaurant_0022.png,1,4,1,koclip_svm
1322,restaurant_0022.png,4,4,1,koclip_svm
1323,restaurant_0022.png,3,3,1,koclip_svm
1324,restaurant_0022.png,3,3,1,koclip_svm
1325,restaurant_0023.png,4,4,1,koclip_svm
1326,restaurant_0023.png,3,3,1,koclip_svm
1327,restaurant_0023.png,4,3,1,koclip_svm
1328,restaurant_0023.png,3,3,1,koclip_svm
1329,restaurant_0023.png,2,2,1,koclip_svm
1330,restaurant_0023.png,3,3,1,koclip_svm
1331,restaurant_0023.png,1,1,1,koclip_svm
1332,restaurant_0023.png,2,2,1,koclip_svm
1333,restaurant_0023.png,1,2,1,koclip_svm
1334,restaurant_0023.png,4,4,1,koclip_svm
1335,restaurant_0023.png,3,3,1,koclip_svm
1336,restaurant_0023.png,1,4,1,koclip_svm
1337,restaurant_0023.png,1,3,1,koclip_svm
1338,restaurant_0023.png,1,1,1,koclip_svm
1339,restaurant_0023.png,1,1,1,koclip_svm
1340,restaurant_0023.png,1,3,1,koclip_svm
1341,restaurant_0023.png,0,0,1,koclip_svm
1342,zerokal_0001.png,4,4,1,koclip_svm
1343,zerokal_0001.png,3,3,1,koclip_svm
1344,zerokal_0001.png,3,2,1,koclip_svm
1345,zerokal_0001.png,2,3,1,koclip_svm
1356,zerokal_0004.png,3,0,1,koclip_svm
1357,zerokal_0004.png,2,2,1,koclip_svm
1358,zerokal_0004.png,4,3,1,koclip_svm
1359,zerokal_0004.png,3,3,1,koclip_svm
1360,zerokal_0004.png,2,2,1,koclip_svm
1361,zerokal_0004.png,3,2,1,koclip_svm
1362,zerokal_0004.png,4,2,1,koclip_svm
1363,zerokal_0004.png,2,2,1,koclip_svm
1364,zerokal_0004.png,2,2,1,koclip_svm
1365,zerokal_0004.png,3,2,1,koclip_svm
1366,zerokal_0004.png,2,3,1,koclip_svm
1367,zerokal_0004.png,2,2,1,koclip_svm
1368,zerokal_0004.png,2,2,1,koclip_svm
1369,zerokal_0004.png,3,2,1,koclip_svm
1370,zerokal_0004.png,4,3,1,koclip_svm
1371,zerokal_0004.png,1,0,1,koclip_svm
1372,zerokal_0004.png,2,4,1,koclip_svm
1373,zerokal_0004.png,4,3,1,koclip_svm
1374,zerokal_0004.png,3,4,1,koclip_svm
1375,zerokal_0004.png,1,2,1,koclip_svm
1376,zerokal_0004.png,3,2,1,koclip_svm
1377,zerokal_0004.png,4,2,1,koclip_svm
1378,zerokal_0004.png,4,4,1,koclip_svm
1379,zerokal_0004.png,2,3,1,koclip_svm
1452,zerokal_0013.png,0,1,1,koclip_svm
1453,zerokal_0013.png,4,1,1,koclip_svm
1454,zerokal_0013.png,4,4,1,koclip_svm
1455,zerokal_0013.png,1,1,1,koclip_svm
1456,zerokal_0013.png,1,1,1,koclip_svm
1457,zerokal_0013.png,1,1,1,koclip_svm
1458,zerokal_0013.png,0,0,1,koclip_svm
1459,zerokal_0013.png,0,1,1,koclip_svm
1460,zerokal_0013.png,4,1,1,koclip_svm
1461,zerokal_0013.png,4,1,1,koclip_svm
1462,zerokal_0014.png,4,4,1,koclip_svm
1463,zerokal_0014.png,4,3,1,koclip_svm
1464,zerokal_0014.png,4,0,1,koclip_svm
1465,zerokal_0014.png,3,3,1,koclip_svm
1466,zerokal_0014.png,4,3,1,koclip_svm
1467,zerokal_0014.png,3,3,1,koclip_svm
1468,zerokal_0015.png,3,1,1,koclip_svm
1469,zerokal_0015.png,3,1,1,koclip_svm
1470,zerokal_0015.png,4,4,1,koclip_svm
1471,zerokal_0015.png,4,4,1,koclip_svm
1472,zerokal_0015.png,4,1,1,koclip_svm
1473,zerokal_0015.png,2,4,1,koclip_svm
1474,zerokal_0015.png,1,4,1,koclip_svm
1475,zerokal_0015.png,2,4,1,koclip_svm
1476,zerokal_0015.png,1,4,1,koclip_svm
1477,zerokal_0015.png,3,2,1,koclip_svm
1478,zerokal_0015.png,3,2,1,koclip_svm
1479,zerokal_0015.png,3,1,1,koclip_svm
1480,zerokal_0015.png,1,1,1,koclip_svm
1481,zerokal_0015.png,1,1,1,koclip_svm
1482,zerokal_0017.png,0,1,1,koclip_svm
1483,zerokal_0017.png,4,1,1,koclip_svm
1484,zerokal_0017.png,4,4,1,koclip_svm
1485,zerokal_0017.png,1,1,1,koclip_svm
1486,zerokal_0017.png,1,1,1,koclip_svm
1487,zerokal_0017.png,1,1,1,koclip_svm
1488,zerokal_0017.png,0,0,1,koclip_svm
1489,zerokal_0017.png,1,1,1,koclip_svm
1490,zerokal_0017.png,3,1,1,koclip_svm
1491,zerokal_0017.png,4,1,1,koclip_svm
1513,travelgram_0001.png,1,1,1,koclip_svm
1514,travelgram_0001.png,2,2,1,koclip_svm
1515,travelgram_0001.png,3,3,1,koclip_svm
1516,travelgram_0001.png,4,3,1,koclip_svm
1517,travelgram_0001.png,2,2,1,koclip_svm
1525,travelgram_0012.png,2,2,1,koclip_svm
1526,travelgram_0012.png,1,1,1,koclip_svm
1527,travelgram_0012.png,3,3,1,koclip_svm
1528,travelgram_0012.png,4,3,1,koclip_svm
1529,travelgram_0012.png,2,1,1,koclip_svm
1530,travelgram_0012.png,2,1,1,koclip_svm
1531,travelgram_0012.png,1,2,1,koclip_svm
1532,travelgram_0012.png,4,1,1,koclip_svm
1533,travelgram_0012.png,0,0,1,koclip_svm
1534,travelgram_0012.png,2,4,1,koclip_svm
1535,travelgram_0012.png,4,0,1,koclip_svm
1536,travelgram_0012.png,1,1,1,koclip_svm
1537,travelgram_0012.png,1,3,1,koclip_svm
1538,travelgram_0012.png,1,1,1,koclip_svm
1539,travelgram_0012.png,1,1,1,koclip_svm
1540,travelgram_0012.png,1,1,1,koclip_svm
1541,travelgram_0012.png,1,1,1,koclip_svm
1542,travelgram_0012.png,1,1,1,koclip_svm
1543,travelgram_0012.png,1,2,1,koclip_svm
1544,travelgram_0012.png,0,1,1,koclip_svm
1545,travelgram_0012.png,2,1,1,koclip_svm
1546,travelgram_0012.png,2,1,1,koclip_svm
1547,travelgram_0012.png,3,3,1,koclip_svm
1548,travelgram_0012.png,3,1,1,koclip_svm
1549,travelgram_0013.png,4,2,1,koclip_svm
1550,travelgram_0013.png,4,4,1,koclip_svm
1551,travelgram_0013.png,3,4,1,koclip_svm
1552,travelgram_0013.png,1,1,1,koclip_svm
1553,travelgram_0013.png,2,2,1,koclip_svm
1554,travelgram_0016.png,4,3,1,koclip_svm
1555,travelgram_0016.png,2,2,1,koclip_svm
1556,travelgram_0016.png,1,1,1,koclip_svm
1557,travelgram_0016.png,4,3,1,koclip_svm
1558,travelgram_0016.png,3,2,1,koclip_svm
1559,travelgram_0016.png,2,2,1,koclip_svm
1560,travelgram_0016.png,0,0,1,koclip_svm
1561,travelgram_0016.png,4,4,1,koclip_svm
1562,travelgram_0016.png,3,0,1,koclip_svm
1563,travelgram_0016.png,4,0,1,koclip_svm
1564,travelgram_0016.png,4,0,1,koclip_svm
1565,travelgram_0016.png,4,1,1,koclip_svm
1566,travelgram_0016.png,4,0,1,koclip_svm
1567,travelgram_0016.png,1,4,1,koclip_svm
1568,travelgram_0016.png,4,1,1,koclip_svm
1569,travelgram_0016.png,4,4,1,koclip_svm
1570,travelgram_0016.png,4,4,1,koclip_svm
1571,travelgram_0016.png,3,4,1,koclip_svm
1572,travelgram_0016.png,4,0,1,koclip_svm
1573,travelgram_0016.png,4,0,1,koclip_svm
1574,travelgram_0016.png,4,4,1,koclip_svm
1575,travelgram_0016.png,3,4,1,koclip_svm
1576,travelgram_0016.png,1,0,1,koclip_svm
1577,travelgram_0016.png,1,0,1,koclip_svm
1583,travelgram_0021.png,4,4,1,koclip_svm
1584,travelgram_0021.png,4,4,1,koclip_svm
1585,travelgram_0021.png,4,4,1,koclip_svm
1586,travelgram_0021.png,4,4,1,koclip_svm
1587,travelgram_0021.png,2,2,1,koclip_svm
1588,travelgram_0021.png,3,3,1,koclip_svm
1589,travelgram_0021.png,1,4,1,koclip_svm
1590,travelgram_0021.png,3,3,1,koclip_svm
1591,travelgram_0021.png,1,4,1,koclip_svm
1592,travelgram_0021.png,2,2,1,koclip_svm
1593,travelgram_0021.png,1,2,1,koclip_svm
1594,travelgram_0021.png,3,2,1,koclip_svm
1595,travelgram_0021.png,4,4,1,koclip_svm
1596,travelgram_0021.png,4,4,1,koclip_svm
1597,travelgram_0021.png,4,3,1,koclip_svm
1598,travelgram_0021.png,4,3,1,koclip_svm
1599,travelgram_0021.png,3,3,1,koclip_svm
1600,travelgram_0021.png,3,2,1,koclip_svm
1601,travelgram_0021.png,1,1,1,koclip_svm
1602,travelgram_0021.png,0,2,1,koclip_svm
1603,travelgram_0021.png,2,2,1,koclip_svm
1604,travelgram_0021.png,1,3,1,koclip_svm
1605,travelgram_0021.png,1,2,1,koclip_svm
1606,travelgram_0021.png,1,1,1,koclip_svm
1607,travelgram_0021.png,1,2,1,koclip_svm
1608,travelgram_0021.png,0,3,1,koclip_svm
1609,travelgram_0021.png,1,2,1,koclip_svm
1610,travelgram_0021.png,4,4,1,koclip_svm
1611,travelgram_0021.png,3,4,1,koclip_svm
1612,travelgram_0021.png,4,4,1,koclip_svm
1682,travelgram_0050.png,3,3,1,koclip_svm
1683,travelgram_0050.png,3,3,1,koclip_svm
1684,travelgram_0050.png,2,2,1,koclip_svm
1685,travelgram_0050.png,4,2,1,koclip_svm
1686,travelgram_0050.png,1,4,1,koclip_svm
1700,travelgram_0056.png,3,3,1,koclip_svm
1701,travelgram_0056.png,3,3,1,koclip_svm
1702,travelgram_0056.png,4,3,1,koclip_svm
1703,travelgram_0056.png,4,3,1,koclip_svm
1704,travelgram_0056.png,3,3,1,koclip_svm
1705,travelgram_0056.png,4,3,1,koclip_svm
1706,travelgram_0056.png,3,2,1,koclip_svm
1707,travelgram_0056.png,4,2,1,koclip_svm
1708,travelgram_0056.png,4,0,1,koclip_svm
1709,travelgram_0056.png,4,0,1,koclip_svm
1710,travelgram_0056.png,4,1,1,koclip_svm
1711,travelgram_0056.png,4,0,1,koclip_svm
1712,travelgram_0056.png,4,0,1,koclip_svm
1713,travelgram_0056.png,4,3,1,koclip_svm
1714,travelgram_0056.png,4,3,1,koclip_svm
1715,travelgram_0056.png,3,3,1,koclip_svm
1716,travelgram_0056.png,4,3,1,koclip_svm
1717,travelgram_0056.png,2,2,1,koclip_svm
1718,travelgram_0056.png,4,3,1,koclip_svm
1719,travelgram_0056.png,3,3,1,koclip_svm
1720,travelgram_0056.png,3,1,1,koclip_svm
1721,travelgram_0056.png,3,2,1,koclip_svm
1722,travelgram_0056.png,3,1,1,koclip_svm
1723,travelgram_0056.png,2,3,1,koclip_svm
1724,travelgram_0056.png,4,2,1,koclip_svm
1725,travelgram_0056.png,4,3,1,koclip_svm
1726,travelgram_0056.png,4,2,1,koclip_svm
1727,travelgram_0056.png,4,1,1,koclip_svm
1728,travelgram_0056.png,4,0,1,koclip_svm
1729,travelgram_0056.png,4,1,1,koclip_svm
1730,travelgram_0057.png,0,1,1,koclip_svm
1731,travelgram_0057.png,1,1,1,koclip_svm
1741,travelgram_0065.png,0,2,1,koclip_svm
1742,travelgram_0067.png,3,3,1,koclip_svm
1743,travelgram_0067.png,4,1,1,koclip_svm
1746,travelgram_0069.png,4,4,1,koclip_svm
1747,travelgram_0069.png,4,3,1,koclip_svm
1748,travelgram_0069.png,1,2,1,koclip_svm
1749,travelgram_0069.png,0,4,1,koclip_svm
1750,travelgram_0069.png,1,4,1,koclip_svm
1772,travelgram_0075.png,4,3,1,koclip_svm
1773,travelgram_0075.png,4,3,1,koclip_svm
1774,travelgram_0075.png,4,3,1,koclip_svm
1775,travelgram_0075.png,3,2,1,koclip_svm
1776,travelgram_0075.png,4,4,1,koclip_svm
1777,travelgram_0075.png,4,3,1,koclip_svm
1817,travelgram_0083.png,3,4,1,koclip_svm
1857,travelgram_0096.png,3,3,1,koclip_svm
1858,travelgram_0096.png,3,2,1,koclip_svm
1859,travelgram_0096.png,4,1,1,koclip_svm
1860,travelgram_0096.png,3,1,1,koclip_svm
1861,travelgram_0096.png,4,1,1,koclip_svm
1862,travelgram_0097.png,1,4,1,koclip_svm
1863,travelgram_0097.png,2,3,1,koclip_svm
1864,travelgram_0097.png,1,2,1,koclip_svm
1865,travelgram_0097.png,0,4,1,koclip_svm
1866,travelgram_0097.png,2,2,1,koclip_svm
1874,solotravel_0001.png,1,1,1,koclip_svm
1875,solotravel_0001.png,4,2,1,koclip_svm
1876,solotravel_0001.png,4,4,1,koclip_svm
1877,solotravel_0001.png,2,2,1,koclip_svm
1878,solotravel_0002.png,4,4,1,koclip_svm
1879,solotravel_0002.png,2,1,1,koclip_svm
1880,solotravel_0002.png,4,1,1,koclip_svm
1904,solotravel_0010.png,1,1,1,koclip_svm
1941,solotravel_0027.png,4,2,1,koclip_svm
1942,solotravel_0027.png,4,4,1,koclip_svm
1943,solotravel_0027.png,2,4,1,koclip_svm
1944,solotravel_0027.png,1,4,1,koclip_svm
1945,solotravel_0027.png,3,2,1,koclip_svm
1948,solotravel_0031.png,4,3,1,koclip_svm
1949,solotravel_0031.png,3,3,1,koclip_svm
1950,solotravel_0031.png,2,2,1,koclip_svm
1951,solotravel_0031.png,4,4,1,koclip_svm
1952,solotravel_0031.png,3,2,1,koclip_svm
1953,solotravel_0031.png,2,2,1,koclip_svm
2052,solotravel_0049.png,4,3,1,koclip_svm
2053,solotravel_0049.png,0,1,1,koclip_svm
2054,solotravel_0049.png,1,3,1,koclip_svm
2055,solotravel_0049.png,3,1,1,koclip_svm
2056,solotravel_0049.png,4,1,1,koclip_svm
2057,solotravel_0050.png,1,1,1,koclip_svm
2083,solotravel_0061.png,1,4,1,koclip_svm
2084,solotravel_0061.png,0,0,1,koclip_svm
2085,solotravel_0061.png,0,4,1,koclip_svm
2086,solotravel_0061.png,0,4,1,koclip_svm
2087,solotravel_0061.png,3,2,1,koclip_svm
2088,solotravel_0061.png,3,4,1,koclip_svm
2089,solotravel_0061.png,2,3,1,koclip_svm
2090,solotravel_0061.png,1,2,1,koclip_svm
2091,solotravel_0061.png,2,2,1,koclip_svm
2092,solotravel_0061.png,2,2,1,koclip_svm
2093,solotravel_0061.png,2,2,1,koclip_svm
2094,solotravel_0061.png,0,4,1,koclip_svm
2095,solotravel_0061.png,0,4,1,koclip_svm
2116,solotravel_0066.png,3,3,1,koclip_svm
2117,solotravel_0066.png,3,3,1,koclip_svm
2118,solotravel_0066.png,4,4,1,koclip_svm
2119,solotravel_0066.png,2,1,1,koclip_svm
2120,solotravel_0066.png,2,4,1,koclip_svm
2165,solotravel_0075.png,4,1,1,koclip_svm
2166,solotravel_0075.png,4,1,1,koclip_svm
2167,solotravel_0075.png,4,3,1,koclip_svm
2168,solotravel_0075.png,3,4,1,koclip_svm
2169,solotravel_0075.png,4,1,1,koclip_svm
2170,solotravel_0075.png,3,2,1,koclip_svm
2171,solotravel_0075.png,3,3,1,koclip_svm
2172,solotravel_0075.png,1,4,1,koclip_svm
2173,solotravel_0075.png,3,3,1,koclip_svm
2174,solotravel_0075.png,2,2,1,koclip_svm
2175,solotravel_0075.png,2,4,1,koclip_svm
2189,solotravel_0081.png,4,4,1,koclip_svm
2190,solotravel_0081.png,4,4,1,koclip_svm
2191,solotravel_0081.png,2,0,1,koclip_svm
2192,solotravel_0081.png,3,1,1,koclip_svm
2193,solotravel_0081.png,2,4,1,koclip_svm
2231,solotravel_0091.png,3,4,1,koclip_svm
2232,solotravel_0091.png,4,4,1,koclip_svm
2233,solotravel_0091.png,4,4,1,koclip_svm
2234,solotravel_0091.png,2,3,1,koclip_svm
2235,solotravel_0091.png,2,1,1,koclip_svm
2244,solotravel_0099.png,4,3,1,koclip_svm
2245,solotravel_0099.png,3,2,1,koclip_svm
2246,solotravel_0099.png,4,4,1,koclip_svm
2247,solotravel_0099.png,4,2,1,koclip_svm
2248,solotravel_0099.png,1,1,1,koclip_svm
2258,travel_0003.png,4,3,1,koclip_svm
2259,travel_0003.png,4,1,1,koclip_svm
2260,travel_0003.png,2,3,1,koclip_svm
2261,travel_0003.png,2,3,1,koclip_svm
2262,travel_0003.png,1,4,1,koclip_svm
2335,travel_0022.png,4,3,1,koclip_svm
2336,travel_0022.png,3,3,1,koclip_svm
2337,travel_0022.png,3,3,1,koclip_svm
2338,travel_0022.png,3,3,1,koclip_svm
2339,travel_0022.png,2,3,1,koclip_svm
2340,travel_0022.png,1,3,1,koclip_svm
2341,travel_0022.png,1,3,1,koclip_svm
2342,travel_0022.png,1,3,1,koclip_svm
2343,travel_0022.png,3,3,1,koclip_svm
2344,travel_0022.png,1,3,1,koclip_svm
2345,travel_0022.png,0,3,1,koclip_svm
2346,travel_0022.png,2,2,1,koclip_svm
2347,travel_0022.png,2,3,1,koclip_svm
2348,travel_0022.png,2,2,1,koclip_svm
2349,travel_0022.png,2,3,1,koclip_svm
2374,travel_0033.png,0,1,1,koclip_svm
2375,travel_0033.png,1,1,1,koclip_svm
2376,travel_0033.png,1,0,1,koclip_svm
2407,travel_0046.png,3,3,1,koclip_svm
2408,travel_0046.png,3,0,1,koclip_svm
2409,travel_0046.png,4,3,1,koclip_svm
2410,travel_0046.png,4,3,1,koclip_svm
2411,travel_0046.png,4,3,1,koclip_svm
2412,travel_0046.png,0,1,1,koclip_svm
2413,travel_0046.png,2,3,1,koclip_svm
2414,travel_0046.png,3,3,1,koclip_svm
2415,travel_0046.png,1,3,1,koclip_svm
2425,travel_0049.png,2,0,1,koclip_svm
2426,travel_0049.png,1,1,1,koclip_svm
2427,travel_0049.png,4,0,1,koclip_svm
2428,travel_0049.png,4,0,1,koclip_svm
2429,travel_0049.png,3,3,1,koclip_svm
2430,travel_0049.png,1,4,1,koclip_svm
2431,travel_0049.png,4,0,1,koclip_svm
2432,travel_0049.png,4,0,1,koclip_svm
2433,travel_0049.png,4,0,1,koclip_svm
2434,travel_0049.png,3,3,1,koclip_svm
2435,travel_0049.png,4,0,1,koclip_svm
2473,travel_0057.png,1,1,1,koclip_svm
2474,travel_0057.png,4,2,1,koclip_svm
2475,travel_0057.png,3,4,1,koclip_svm
2476,travel_0057.png,1,0,1,koclip_svm
2477,travel_0057.png,1,1,1,koclip_svm
2483,travel_0059.png,4,2,1,koclip_svm
2484,travel_0059.png,3,1,1,koclip_svm
2485,travel_0059.png,3,3,1,koclip_svm
2512,travel_0062.png,4,4,1,koclip_svm
2513,travel_0062.png,4,3,1,koclip_svm
2514,travel_0062.png,4,3,1,koclip_svm
2515,travel_0062.png,4,4,1,koclip_svm
2516,travel_0062.png,2,3,1,koclip_svm
2537,travel_0073.png,4,1,1,koclip_svm
2577,travel_0077.png,1,4,1,koclip_svm
2578,travel_0077.png,2,1,1,koclip_svm
2635,travel_0093.png,3,4,1,koclip_svm
2636,travel_0093.png,4,4,1,koclip_svm
2637,travel_0093.png,1,4,1,koclip_svm
2638,travel_0093.png,1,4,1,koclip_svm
2639,travel_0093.png,1,4,1,koclip_svm
2640,travel_0093.png,1,4,1,koclip_svm
2641,travel_0093.png,1,4,1,koclip_svm
2642,travel_0093.png,1,1,1,koclip_svm
2643,travel_0093.png,1,4,1,koclip_svm
2644,travel_0093.png,4,0,1,koclip_svm
2645,travel_0093.png,2,2,1,koclip_svm
2650,foodstagram_0003.png,4,4,1,koclip_svm
2651,foodstagram_0003.png,4,4,1,koclip_svm
2652,foodstagram_0003.png,4,4,1,koclip_svm
2653,foodstagram_0003.png,2,2,1,koclip_svm
2657,foodstagram_0006.png,4,0,1,koclip_svm
2658,foodstagram_0006.png,4,4,1,koclip_svm
2697,foodstagram_0015.png,4,1,1,koclip_svm
2698,foodstagram_0015.png,4,1,1,koclip_svm
2699,foodstagram_0015.png,4,4,1,koclip_svm
2700,foodstagram_0015.png,4,1,1,koclip_svm
2701,foodstagram_0015.png,4,3,1,koclip_svm
2733,foodstagram_0020.png,1,1,1,koclip_svm
2734,foodstagram_0020.png,4,3,1,koclip_svm
2735,foodstagram_0020.png,1,1,1,koclip_svm
2736,foodstagram_0020.png,1,1,1,koclip_svm
2737,foodstagram_0020.png,2,1,1,koclip_svm
2738,foodstagram_0020.png,0,1,1,koclip_svm
2739,foodstagram_0020.png,1,1,1,koclip_svm
2740,foodstagram_0020.png,1,2,1,koclip_svm
2741,foodstagram_0020.png,1,1,1,koclip_svm
2742,foodstagram_0020.png,1,1,1,koclip_svm
2743,foodstagram_0020.png,1,3,1,koclip_svm
2744,foodstagram_0020.png,1,3,1,koclip_svm
2745,foodstagram_0020.png,1,1,1,koclip_svm
2746,foodstagram_0020.png,1,3,1,koclip_svm
2747,foodstagram_0020.png,1,3,1,koclip_svm
2748,foodstagram_0020.png,1,3,1,koclip_svm
2749,foodstagram_0020.png,1,0,1,koclip_svm
2750,foodstagram_0020.png,2,1,1,koclip_svm
2751,foodstagram_0020.png,2,2,1,koclip_svm
2752,foodstagram_0020.png,1,1,1,koclip_svm
2753,foodstagram_0020.png,0,0,1,koclip_svm
2754,foodstagram_0020.png,3,3,1,koclip_svm
2755,foodstagram_0020.png,3,1,1,koclip_svm
2756,foodstagram_0020.png,3,3,1,koclip_svm
2757,foodstagram_0020.png,3,3,1,koclip_svm
2758,foodstagram_0020.png,1,3,1,koclip_svm
2759,foodstagram_0020.png,1,1,1,koclip_svm
2760,foodstagram_0020.png,0,3,1,koclip_svm
2761,foodstagram_0020.png,1,1,1,koclip_svm
2762,foodstagram_0020.png,3,1,1,koclip_svm
2767,foodstagram_0022.png,4,3,1,koclip_svm
2771,foodstagram_0025.png,4,3,1,koclip_svm
2772,foodstagram_0025.png,1,1,1,koclip_svm
2773,foodstagram_0025.png,3,1,1,koclip_svm
2774,foodstagram_0025.png,4,1,1,koclip_svm
2866,foodstagram_0048.png,3,3,1,koclip_svm
2867,foodstagram_0048.png,4,3,1,koclip_svm
2868,foodstagram_0048.png,2,3,1,koclip_svm
2869,foodstagram_0048.png,2,2,1,koclip_svm
2870,foodstagram_0048.png,4,4,1,koclip_svm
2875,foodstagram_0051.png,1,3,1,koclip_svm
2876,foodstagram_0051.png,4,4,1,koclip_svm
2877,foodstagram_0051.png,4,4,1,koclip_svm
2878,foodstagram_0051.png,4,4,1,koclip_svm
2879,foodstagram_0051.png,3,3,1,koclip_svm
2880,foodstagram_0052.png,1,4,1,koclip_svm
2881,foodstagram_0052.png,4,4,1,koclip_svm
2894,foodstagram_0057.png,1,3,1,koclip_svm
2895,foodstagram_0057.png,1,3,1,koclip_svm
2896,foodstagram_0057.png,1,3,1,koclip_svm
2897,foodstagram_0057.png,0,2,1,koclip_svm
2898,foodstagram_0057.png,2,4,1,koclip_svm
2899,foodstagram_0057.png,2,3,1,koclip_svm
2900,foodstagram_0057.png,3,2,1,koclip_svm
2901,foodstagram_0057.png,3,3,1,koclip_svm
2902,foodstagram_0057.png,3,3,1,koclip_svm
2903,foodstagram_0057.png,3,2,1,koclip_svm
2904,foodstagram_0057.png,4,3,1,koclip_svm
2905,foodstagram_0057.png,3,3,1,koclip_svm
2906,foodstagram_0057.png,3,3,1,koclip_svm
2907,foodstagram_0057.png,1,2,1,koclip_svm
2908,foodstagram_0057.png,3,2,1,koclip_svm
2909,foodstagram_0057.png,3,2,1,koclip_svm
2910,foodstagram_0057.png,0,0,1,koclip_svm
2911,foodstagram_0057.png,0,0,1,koclip_svm
2912,foodstagram_0057.png,0,0,1,koclip_svm
2913,foodstagram_0057.png,0,1,1,koclip_svm
2914,foodstagram_0057.png,1,2,1,koclip_svm
2915,foodstagram_0057.png,1,3,1,koclip_svm
2916,foodstagram_0057.png,3,2,1,koclip_svm
2935,foodstagram_0062.png,4,1,1,koclip_svm
2936,foodstagram_0062.png,4,0,1,koclip_svm
2937,foodstagram_0062.png,3,4,1,koclip_svm
2938,foodstagram_0062.png,4,0,1,koclip_svm
2949,foodstagram_0065.png,4,3,1,koclip_svm
2950,foodstagram_0065.png,4,3,1,koclip_svm
2951,foodstagram_0065.png,2,2,1,koclip_svm
2952,foodstagram_0065.png,4,4,1,koclip_svm
2953,foodstagram_0065.png,4,4,1,koclip_svm
3020,foodstagram_0078.png,4,4,1,koclip_svm
3021,foodstagram_0078.png,3,3,1,koclip_svm
3022,foodstagram_0078.png,3,3,1,koclip_svm
3023,foodstagram_0078.png,1,1,1,koclip_svm
3024,foodstagram_0078.png,3,0,1,koclip_svm
3046,foodstagram_0088.png,4,3,1,koclip_svm
3047,foodstagram_0088.png,4,4,1,koclip_svm
3048,foodstagram_0088.png,4,4,1,koclip_svm
3049,foodstagram_0088.png,1,4,1,koclip_svm
3050,foodstagram_0088.png,4,3,1,koclip_svm
3062,foodstagram_0093.png,0,4,1,koclip_svm
3063,foodstagram_0093.png,4,4,1,koclip_svm
3064,foodstagram_0093.png,4,4,1,koclip_svm
3065,foodstagram_0093.png,1,4,1,koclip_svm
3066,foodstagram_0093.png,4,4,1,koclip_svm
3067,foodstagram_0093.png,3,3,1,koclip_svm
3068,foodstagram_0093.png,4,3,1,koclip_svm
3069,foodstagram_0093.png,2,3,1,koclip_svm
3070,foodstagram_0093.png,3,3,1,koclip_svm
3071,foodstagram_0093.png,4,4,1,koclip_svm
3072,foodstagram_0093.png,4,4,1,koclip_svm
3073,foodstagram_0093.png,3,3,1,koclip_svm
3074,foodstagram_0093.png,2,4,1,koclip_svm
3075,foodstagram_0093.png,1,2,1,koclip_svm
3076,foodstagram_0093.png,3,3,1,koclip_svm
3077,foodstagram_0093.png,4,4,1,koclip_svm
3078,foodstagram_0093.png,0,4,1,koclip_svm
3079,foodstagram_0093.png,0,1,1,koclip_svm
3080,foodstagram_0093.png,3,1,1,koclip_svm
3081,foodstagram_0093.png,2,3,1,koclip_svm
3082,foodstagram_0093.png,4,4,1,koclip_svm
3083,foodstagram_0093.png,3,3,1,koclip_svm
3084,foodstagram_0093.png,3,3,1,koclip_svm
3085,foodstagram_0093.png,3,3,1,koclip_svm
3086,foodstagram_0093.png,4,3,1,koclip_svm
3087,foodstagram_0093.png,2,2,1,koclip_svm
3088,foodstagram_0093.png,0,1,1,koclip_svm
3089,foodstagram_0093.png,0,1,1,koclip_svm
3090,foodstagram_0095.png,4,3,1,koclip_svm
3091,foodstagram_0095.png,4,3,1,koclip_svm
3092,foodstagram_0095.png,3,3,1,koclip_svm
3093,foodstagram_0095.png,4,3,1,koclip_svm
3094,foodstagram_0095.png,2,3,1,koclip_svm
3095,foodstagram_0095.png,3,3,1,koclip_svm
3096,foodstagram_0095.png,3,3,1,koclip_svm
3097,foodstagram_0095.png,3,3,1,koclip_svm
3098,foodstagram_0095.png,3,3,1,koclip_svm
3099,foodstagram_0095.png,4,3,1,koclip_svm
3100,foodstagram_0095.png,3,3,1,koclip_svm
3101,foodstagram_0095.png,2,3,1,koclip_svm
3102,foodstagram_0096.png,4,4,1,koclip_svm
3103,foodstagram_0096.png,0,1,1,koclip_svm
3104,foodstagram_0096.png,4,4,1,koclip_svm
3105,foodstagram_0096.png,3,4,1,koclip_svm
3106,foodstagram_0096.png,1,3,1,koclip_svm
3107,meokstagram_0003.png,4,4,1,koclip_svm
3108,meokstagram_0003.png,3,1,1,koclip_svm
3109,meokstagram_0003.png,3,3,1,koclip_svm
3110,meokstagram_0003.png,1,3,1,koclip_svm
3111,meokstagram_0003.png,3,3,1,koclip_svm
3112,meokstagram_0003.png,3,3,1,koclip_svm
3113,meokstagram_0003.png,4,3,1,koclip_svm
3114,meokstagram_0003.png,3,2,1,koclip_svm
3115,meokstagram_0003.png,1,1,1,koclip_svm
3135,meokstagram_0008.png,3,3,1,koclip_svm
3136,meokstagram_0008.png,3,3,1,koclip_svm
3137,meokstagram_0008.png,4,4,1,koclip_svm
3138,meokstagram_0008.png,4,4,1,koclip_svm
3139,meokstagram_0008.png,4,4,1,koclip_svm
3236,meokstagram_0022.png,4,4,1,koclip_svm
3237,meokstagram_0022.png,4,4,1,koclip_svm
3238,meokstagram_0022.png,4,1,1,koclip_svm
3239,meokstagram_0022.png,3,3,1,koclip_svm
3240,meokstagram_0022.png,2,3,1,koclip_svm
3241,meokstagram_0022.png,2,2,1,koclip_svm
3256,meokstagram_0031.png,1,4,1,koclip_svm
3257,meokstagram_0031.png,4,3,1,koclip_svm
3258,meokstagram_0031.png,3,3,1,koclip_svm
3259,meokstagram_0031.png,0,1,1,koclip_svm
3260,meokstagram_0031.png,2,3,1,koclip_svm
3394,meokstagram_0054.png,1,0,1,koclip_svm
3395,meokstagram_0054.png,0,4,1,koclip_svm
3396,meokstagram_0054.png,0,0,1,koclip_svm
3397,meokstagram_0054.png,1,0,1,koclip_svm
3398,meokstagram_0054.png,1,4,1,koclip_svm
3399,meokstagram_0055.png,2,2,1,koclip_svm
3400,meokstagram_0055.png,3,3,1,koclip_svm
3401,meokstagram_0055.png,3,3,1,koclip_svm
3402,meokstagram_0055.png,0,0,1,koclip_svm
3403,meokstagram_0055.png,0,4,1,koclip_svm
3404,meokstagram_0055.png,0,4,1,koclip_svm
3405,meokstagram_0055.png,0,4,1,koclip_svm
3406,meokstagram_0055.png,0,4,1,koclip_svm
3407,meokstagram_0055.png,0,4,1,koclip_svm
3408,meokstagram_0055.png,0,0,1,koclip_svm
3409,meokstagram_0055.png,0,4,1,koclip_svm
3410,meokstagram_0055.png,4,4,1,koclip_svm
3411,meokstagram_0055.png,3,3,1,koclip_svm
3412,meokstagram_0055.png,3,3,1,koclip_svm
3413,meokstagram_0055.png,1,3,1,koclip_svm
3414,meokstagram_0055.png,3,3,1,koclip_svm
3415,meokstagram_0055.png,3,3,1,koclip_svm
3416,meokstagram_0055.png,3,3,1,koclip_svm
3417,meokstagram_0055.png,2,3,1,koclip_svm
3418,meokstagram_0055.png,3,3,1,koclip_svm
3419,meokstagram_0055.png,3,3,1,koclip_svm
3420,meokstagram_0055.png,3,3,1,koclip_svm
3448,meokstagram_0060.png,3,1,1,koclip_svm
3449,meokstagram_0060.png,1,1,1,koclip_svm
3450,meokstagram_0060.png,3,4,1,koclip_svm
3451,meokstagram_0060.png,1,3,1,koclip_svm
3486,meokstagram_0070.png,4,4,1,koclip_svm
3487,meokstagram_0070.png,4,4,1,koclip_svm
3488,meokstagram_0070.png,4,3,1,koclip_svm
3489,meokstagram_0070.png,4,3,1,koclip_svm
3490,meokstagram_0070.png,3,4,1,koclip_svm
3491,meokstagram_0070.png,1,4,1,koclip_svm
3492,meokstagram_0070.png,1,4,1,koclip_svm
3553,meokstagram_0075.png,4,3,1,koclip_svm
3582,meokstagram_0089.png,1,4,1,koclip_svm
3583,meokstagram_0089.png,4,4,1,koclip_svm
3584,meokstagram_0089.png,3,4,1,koclip_svm
3597,meokstagram_0093.png,2,2,1,koclip_svm
3598,meokstagram_0093.png,1,1,1,koclip_svm
3599,meokstagram_0093.png,1,1,1,koclip_svm
3600,meokstagram_0093.png,1,1,1,koclip_svm
3601,meokstagram_0093.png,3,1,1,koclip_svm
3618,meokstagram_0098.png,0,4,1,koclip_svm
3619,meokstagram_0098.png,3,3,1,koclip_svm
3620,meokstagram_0098.png,3,3,1,koclip_svm
3621,meokstagram_0098.png,2,2,1,koclip_svm
3622,meokstagram_0098.png,4,3,1,koclip_svm
3699,jmt_0024.png,3,1,1,koclip_svm
3700,jmt_0024.png,4,1,1,koclip_svm
3701,jmt_0025.png,3,4,1,koclip_svm
3702,jmt_0025.png,4,4,1,koclip_svm
3708,jmt_0028.png,2,0,1,koclip_svm
3709,jmt_0028.png,4,4,1,koclip_svm
3710,jmt_0028.png,4,3,1,koclip_svm
3711,jmt_0028.png,0,0,1,koclip_svm
3712,jmt_0028.png,1,0,1,koclip_svm
3718,jmt_0032.png,4,4,1,koclip_svm
3719,jmt_0032.png,1,1,1,koclip_svm
3720,jmt_0032.png,2,2,1,koclip_svm
3721,jmt_0032.png,2,2,1,koclip_svm
3722,jmt_0033.png,4,4,1,koclip_svm
3723,jmt_0033.png,3,3,1,koclip_svm
3724,jmt_0033.png,2,2,1,koclip_svm
3725,jmt_0033.png,2,0,1,koclip_svm
3726,jmt_0033.png,3,1,1,koclip_svm
3746,jmt_0040.png,3,1,1,koclip_svm
3747,jmt_0040.png,3,1,1,koclip_svm
3748,jmt_0040.png,3,1,1,koclip_svm
3749,jmt_0040.png,1,1,1,koclip_svm
3750,jmt_0040.png,1,3,1,koclip_svm
3756,jmt_0042.png,4,2,1,koclip_svm
3757,jmt_0042.png,2,2,1,koclip_svm
3758,jmt_0042.png,1,1,1,koclip_svm
3759,jmt_0042.png,2,0,1,koclip_svm
3760,jmt_0042.png,4,1,1,koclip_svm
3766,jmt_0044.png,1,1,1,koclip_svm
3767,jmt_0044.png,4,3,1,koclip_svm
3768,jmt_0044.png,4,4,1,koclip_svm
3769,jmt_0044.png,4,4,1,koclip_svm
3770,jmt_0044.png,3,3,1,koclip_svm
3798,jmt_0059.png,4,2,1,koclip_svm
3809,jmt_0062.png,4,4,1,koclip_svm
3810,jmt_0062.png,4,4,1,koclip_svm
3811,jmt_0062.png,1,2,1,koclip_svm
3812,jmt_0062.png,0,3,1,koclip_svm
3813,jmt_0062.png,1,4,1,koclip_svm
3891,jmt_0083.png,4,4,1,koclip_svm
3892,jmt_0083.png,4,3,1,koclip_svm
3893,jmt_0083.png,4,3,1,koclip_svm
3894,jmt_0083.png,1,4,1,koclip_svm
3895,jmt_0083.png,0,4,1,koclip_svm
3920,jmt_0091.png,1,0,1,koclip_svm
3921,jmt_0091.png,4,4,1,koclip_svm
3922,jmt_0091.png,4,4,1,koclip_svm
3923,jmt_0091.png,3,2,1,koclip_svm
3924,jmt_0091.png,1,1,1,koclip_svm
3925,jmt_0092.png,0,1,1,koclip_svm
3926,jmt_0092.png,3,3,1,koclip_svm
3927,jmt_0092.png,1,2,1,koclip_svm
3928,jmt_0092.png,2,1,1,koclip_svm
3929,jmt_0092.png,3,1,1,koclip_svm
3941,jmt_0097.png,3,3,1,koclip_svm
3942,jmt_0097.png,3,4,1,koclip_svm
3943,jmt_0097.png,4,4,1,koclip_svm
3944,jmt_0097.png,3,4,1,koclip_svm
3945,jmt_0097.png,4,1,1,koclip_svm
4005,makeup_0020.png,2,4,1,koclip_svm
4006,makeup_0020.png,4,4,1,koclip_svm
4007,makeup_0023.png,1,1,1,koclip_svm
4008,makeup_0023.png,4,4,1,koclip_svm
4009,makeup_0023.png,4,1,1,koclip_svm
4010,makeup_0023.png,1,1,1,koclip_svm
4119,makeup_0040.png,1,1,1,koclip_svm
4120,makeup_0040.png,1,1,1,koclip_svm
4121,makeup_0040.png,4,4,1,koclip_svm
4122,makeup_0040.png,3,4,1,koclip_svm
4123,makeup_0040.png,4,1,1,koclip_svm
4124,makeup_0040.png,3,3,1,koclip_svm
4125,makeup_0040.png,3,4,1,koclip_svm
4126,makeup_0040.png,2,3,1,koclip_svm
4127,makeup_0040.png,2,1,1,koclip_svm
4158,makeup_0051.png,1,1,1,koclip_svm
4159,makeup_0051.png,4,4,1,koclip_svm
4160,makeup_0051.png,4,4,1,koclip_svm
4161,makeup_0051.png,4,4,1,koclip_svm
4162,makeup_0051.png,2,2,1,koclip_svm
4167,makeup_0054.png,4,1,1,koclip_svm
4168,makeup_0054.png,4,1,1,koclip_svm
4169,makeup_0054.png,4,4,1,koclip_svm
4170,makeup_0054.png,2,2,1,koclip_svm
4181,makeup_0058.png,4,4,1,koclip_svm
4182,makeup_0058.png,3,3,1,koclip_svm
4183,makeup_0058.png,3,3,1,koclip_svm
4184,makeup_0058.png,2,1,1,koclip_svm
4190,makeup_0061.png,3,1,1,koclip_svm
4191,makeup_0061.png,4,4,1,koclip_svm
4192,makeup_0061.png,4,4,1,koclip_svm
4193,makeup_0061.png,4,4,1,koclip_svm
4194,makeup_0061.png,1,4,1,koclip_svm
4210,makeup_0066.png,4,4,1,koclip_svm
4211,makeup_0066.png,2,2,1,koclip_svm
4212,makeup_0066.png,2,1,1,koclip_svm
4213,makeup_0066.png,3,3,1,koclip_svm
4214,makeup_0066.png,1,1,1,koclip_svm
4215,makeup_0067.png,4,4,1,koclip_svm
4216,makeup_0067.png,3,3,1,koclip_svm
4217,makeup_0067.png,4,3,1,koclip_svm
4218,makeup_0067.png,2,1,1,koclip_svm
4219,makeup_0067.png,3,3,1,koclip_svm
4260,makeup_0079.png,2,2,1,koclip_svm
4261,makeup_0079.png,3,3,1,koclip_svm
4262,makeup_0079.png,4,0,1,koclip_svm
4263,makeup_0079.png,4,0,1,koclip_svm
4264,makeup_0079.png,3,4,1,koclip_svm
4278,makeup_0082.png,4,4,1,koclip_svm
4279,makeup_0082.png,1,3,1,koclip_svm
4280,makeup_0082.png,4,4,1,koclip_svm
4281,makeup_0082.png,1,1,1,koclip_svm
4302,makeup_0085.png,0,1,1,koclip_svm
4303,makeup_0085.png,0,1,1,koclip_svm
4304,makeup_0085.png,0,3,1,koclip_svm
4305,makeup_0085.png,0,3,1,koclip_svm
4306,makeup_0085.png,4,4,1,koclip_svm
4307,makeup_0085.png,4,4,1,koclip_svm
4308,makeup_0085.png,3,3,1,koclip_svm
4309,makeup_0085.png,3,3,1,koclip_svm
4310,makeup_0085.png,4,3,1,koclip_svm
4353,dailymakeup_0005.png,3,3,1,koclip_svm
4354,dailymakeup_0005.png,3,3,1,koclip_svm
4355,dailymakeup_0005.png,3,3,1,koclip_svm
4422,dailymakeup_0021.png,3,3,1,koclip_svm
4423,dailymakeup_0021.png,3,3,1,koclip_svm
4424,dailymakeup_0021.png,3,3,1,koclip_svm
4425,dailymakeup_0021.png,1,1,1,koclip_svm
4426,dailymakeup_0021.png,0,1,1,koclip_svm
4434,dailymakeup_0024.png,2,1,1,koclip_svm
4435,dailymakeup_0024.png,4,1,1,koclip_svm
4436,dailymakeup_0024.png,3,3,1,koclip_svm
4437,dailymakeup_0024.png,2,3,1,koclip_svm
4438,dailymakeup_0024.png,3,3,1,koclip_svm
4444,dailymakeup_0026.png,2,3,1,koclip_svm
4445,dailymakeup_0026.png,3,3,1,koclip_svm
4446,dailymakeup_0026.png,4,4,1,koclip_svm
4447,dailymakeup_0026.png,3,3,1,koclip_svm
4448,dailymakeup_0026.png,1,1,1,koclip_svm
4449,dailymakeup_0026.png,2,3,1,koclip_svm
4450,dailymakeup_0026.png,2,1,1,koclip_svm
4451,dailymakeup_0026.png,2,1,1,koclip_svm
4475,dailymakeup_0029.png,4,4,1,koclip_svm
4515,dailymakeup_0035.png,4,3,1,koclip_svm
4516,dailymakeup_0035.png,3,4,1,koclip_svm
4517,dailymakeup_0035.png,3,3,1,koclip_svm
4518,dailymakeup_0035.png,3,3,1,koclip_svm
4519,dailymakeup_0035.png,4,4,1,koclip_svm
4520,dailymakeup_0036.png,4,4,1,koclip_svm
4637,dailymakeup_0055.png,4,2,1,koclip_svm
4638,dailymakeup_0055.png,3,3,1,koclip_svm
4639,dailymakeup_0055.png,1,1,1,koclip_svm
4640,dailymakeup_0055.png,1,1,1,koclip_svm
4670,dailymakeup_0064.png,1,1,1,koclip_svm
4671,dailymakeup_0065.png,3,3,1,koclip_svm
4672,dailymakeup_0065.png,3,3,1,koclip_svm
4673,dailymakeup_0065.png,3,3,1,koclip_svm
4690,dailymakeup_0069.png,2,1,1,koclip_svm
4691,dailymakeup_0069.png,1,1,1,koclip_svm
4692,dailymakeup_0069.png,1,1,1,koclip_svm
4693,dailymakeup_0069.png,1,1,1,koclip_svm
4694,dailymakeup_0069.png,2,1,1,koclip_svm
4695,dailymakeup_0069.png,1,1,1,koclip_svm
4696,dailymakeup_0069.png,1,1,1,koclip_svm
4697,dailymakeup_0069.png,2,1,1,koclip_svm
4698,dailymakeup_0069.png,2,2,1,koclip_svm
4699,dailymakeup_0069.png,1,3,1,koclip_svm
4738,dailymakeup_0081.png,4,4,1,koclip_svm
4739,dailymakeup_0081.png,3,3,1,koclip_svm
4740,dailymakeup_0081.png,3,3,1,koclip_svm
4741,dailymakeup_0081.png,3,1,1,koclip_svm
4747,dailymakeup_0083.png,4,1,1,koclip_svm
4765,dailymakeup_0089.png,1,4,1,koclip_svm
4766,dailymakeup_0089.png,2,4,1,koclip_svm
4767,dailymakeup_0089.png,4,4,1,koclip_svm
4768,dailymakeup_0089.png,0,4,1,koclip_svm
4769,dailymakeup_0089.png,3,3,1,koclip_svm
4790,dailymakeup_0093.png,4,4,1,koclip_svm
4791,dailymakeup_0094.png,2,4,1,koclip_svm
4792,dailymakeup_0094.png,4,4,1,koclip_svm
4798,dailymakeup_0097.png,1,3,1,koclip_svm
4799,dailymakeup_0097.png,1,3,1,koclip_svm
4800,dailymakeup_0097.png,1,4,1,koclip_svm
4801,dailymakeup_0097.png,2,3,1,koclip_svm
4802,dailymakeup_0097.png,1,3,1,koclip_svm
4844,kkuankku_0005.png,3,1,1,koclip_svm
4845,kkuankku_0005.png,4,3,1,koclip_svm
4846,kkuankku_0005.png,4,3,1,koclip_svm
4900,kkuankku_0018.png,4,4,1,koclip_svm
4901,kkuankku_0018.png,4,2,1,koclip_svm
4902,kkuankku_0018.png,3,4,1,koclip_svm
4903,kkuankku_0018.png,3,3,1,koclip_svm
4904,kkuankku_0018.png,2,2,1,koclip_svm
4905,kkuankku_0018.png,4,2,1,koclip_svm
4980,kkuankku_0043.png,2,4,1,koclip_svm
4981,kkuankku_0043.png,4,4,1,koclip_svm
4982,kkuankku_0043.png,3,4,1,koclip_svm
4983,kkuankku_0043.png,3,2,1,koclip_svm
4984,kkuankku_0047.png,4,3,1,koclip_svm
4985,kkuankku_0047.png,4,4,1,koclip_svm
4986,kkuankku_0047.png,3,2,1,koclip_svm
4987,kkuankku_0047.png,4,3,1,koclip_svm
4996,kkuankku_0054.png,4,3,1,koclip_svm
4997,kkuankku_0054.png,3,4,1,koclip_svm
4998,kkuankku_0054.png,3,3,1,koclip_svm
4999,kkuankku_0054.png,3,3,1,koclip_svm
5000,kkuankku_0054.png,2,4,1,koclip_svm
5046,kkuankku_0066.png,4,1,1,koclip_svm
5047,kkuankku_0066.png,4,3,1,koclip_svm
5048,kkuankku_0066.png,4,3,1,koclip_svm
5049,kkuankku_0066.png,4,3,1,koclip_svm
5050,kkuankku_0066.png,3,3,1,koclip_svm
5051,kkuankku_0066.png,4,2,1,koclip_svm
5052,kkuankku_0066.png,3,3,1,koclip_svm
5053,kkuankku_0066.png,4,2,1,koclip_svm
5054,kkuankku_0066.png,3,3,1,koclip_svm
5055,kkuankku_0066.png,4,4,1,koclip_svm
5056,kkuankku_0066.png,4,4,1,koclip_svm
5057,kkuankku_0066.png,2,4,1,koclip_svm
5058,kkuankku_0066.png,1,1,1,koclip_svm
5059,kkuankku_0066.png,4,4,1,koclip_svm
5060,kkuankku_0066.png,2,2,1,koclip_svm
5061,kkuankku_0066.png,4,2,1,koclip_svm
5062,kkuankku_0066.png,3,3,1,koclip_svm
5063,kkuankku_0066.png,4,1,1,koclip_svm
5064,kkuankku_0066.png,3,3,1,koclip_svm
5080,kkuankku_0078.png,4,1,1,koclip_svm
5081,kkuankku_0078.png,1,1,1,koclip_svm
5082,kkuankku_0078.png,2,1,1,koclip_svm
5095,kkuankku_0088.png,4,4,1,koclip_svm
5096,kkuankku_0088.png,4,2,1,koclip_svm
5097,kkuankku_0088.png,2,2,1,koclip_svm
5098,kkuankku_0088.png,3,3,1,koclip_svm
5099,kkuankku_0088.png,3,3,1,koclip_svm
5100,kkuankku_0088.png,3,3,1,koclip_svm
5101,kkuankku_0088.png,3,2,1,koclip_svm
5102,kkuankku_0088.png,4,2,1,koclip_svm
5103,kkuankku_0088.png,4,3,1,koclip_svm
5104,kkuankku_0088.png,4,3,1,koclip_svm
5136,kkuankku_0098.png,3,3,1,koclip_svm
5137,kkuankku_0098.png,3,3,1,koclip_svm
5138,kkuankku_0098.png,1,3,1,koclip_svm
5139,kkuankku_0098.png,4,4,1,koclip_svm
5140,kkuankku_0098.png,3,3,1,koclip_svm
5141,kkuankku_0098.png,1,4,1,koclip_svm
5142,kkuankku_0098.png,0,0,1,koclip_svm
5143,kkuankku_0098.png,1,4,1,koclip_svm
5144,kkuankku_0098.png,0,4,1,koclip_svm
5145,kkuankku_0098.png,2,3,1,koclip_svm
5146,kkuankku_0098.png,2,3,1,koclip_svm
5147,kkuankku_0098.png,0,4,1,koclip_svm
5148,kkuankku_0098.png,4,3,1,koclip_svm
5149,kkuankku_0098.png,2,4,1,koclip_svm
5150,kkuankku_0098.png,3,3,1,koclip_svm
5151,kkuankku_0098.png,3,3,1,koclip_svm
5204,dailylook_0004.png,4,4,1,koclip_svm
5205,dailylook_0004.png,4,4,1,koclip_svm
5206,dailylook_0004.png,3,3,1,koclip_svm
5207,dailylook_0004.png,4,0,1,koclip_svm
5226,dailylook_0009.png,3,3,1,koclip_svm
5227,dailylook_0009.png,3,3,1,koclip_svm
5228,dailylook_0009.png,4,3,1,koclip_svm
5229,dailylook_0009.png,4,4,1,koclip_svm
5230,dailylook_0009.png,3,3,1,koclip_svm
5231,dailylook_0009.png,3,3,1,koclip_svm
5232,dailylook_0009.png,3,3,1,koclip_svm
5233,dailylook_0009.png,2,4,1,koclip_svm
5234,dailylook_0009.png,3,3,1,koclip_svm
5264,dailylook_0014.png,4,4,1,koclip_svm
5265,dailylook_0014.png,1,4,1,koclip_svm
5266,dailylook_0014.png,3,2,1,koclip_svm
5267,dailylook_0014.png,3,4,1,koclip_svm
5268,dailylook_0014.png,3,3,1,koclip_svm
5269,dailylook_0015.png,3,3,1,koclip_svm
5270,dailylook_0015.png,3,3,1,koclip_svm
5271,dailylook_0015.png,3,3,1,koclip_svm
5272,dailylook_0015.png,1,1,1,koclip_svm
5273,dailylook_0015.png,3,3,1,koclip_svm
5297,dailylook_0021.png,3,3,1,koclip_svm
5298,dailylook_0021.png,3,3,1,koclip_svm
5299,dailylook_0021.png,3,3,1,koclip_svm
5300,dailylook_0021.png,2,4,1,koclip_svm
5301,dailylook_0021.png,2,4,1,koclip_svm
5334,dailylook_0041.png,1,1,1,koclip_svm
5335,dailylook_0041.png,4,4,1,koclip_svm
5336,dailylook_0041.png,4,4,1,koclip_svm
5337,dailylook_0041.png,4,4,1,koclip_svm
5338,dailylook_0041.png,3,3,1,koclip_svm
5357,dailylook_0045.png,3,3,1,koclip_svm
5358,dailylook_0045.png,3,3,1,koclip_svm
5359,dailylook_0045.png,3,3,1,koclip_svm
5360,dailylook_0045.png,3,3,1,koclip_svm
5361,dailylook_0045.png,3,3,1,koclip_svm
5395,dailylook_0050.png,4,3,1,koclip_svm
5396,dailylook_0050.png,4,3,1,koclip_svm
5397,dailylook_0050.png,3,1,1,koclip_svm
5398,dailylook_0050.png,4,3,1,koclip_svm
5399,dailylook_0050.png,4,3,1,koclip_svm
5400,dailylook_0050.png,3,3,1,koclip_svm
5418,dailylook_0057.png,4,3,1,koclip_svm
5419,dailylook_0057.png,4,3,1,koclip_svm
5420,dailylook_0057.png,4,4,1,koclip_svm
5421,dailylook_0057.png,2,4,1,koclip_svm
5422,dailylook_0057.png,2,3,1,koclip_svm
5423,dailylook_0057.png,4,3,1,koclip_svm
5424,dailylook_0057.png,4,3,1,koclip_svm
5425,dailylook_0057.png,3,3,1,koclip_svm
5489,dailylook_0081.png,4,3,1,koclip_svm
5490,dailylook_0081.png,3,3,1,koclip_svm
5491,dailylook_0081.png,3,1,1,koclip_svm
5492,dailylook_0081.png,4,1,1,koclip_svm
5493,dailylook_0081.png,3,3,1,koclip_svm
5604,ootd_0007.png,4,3,1,koclip_svm
5605,ootd_0007.png,2,2,1,koclip_svm
5712,ootd_0043.png,0,1,1,koclip_svm
5713,ootd_0043.png,3,3,1,koclip_svm
5714,ootd_0043.png,3,3,1,koclip_svm
5715,ootd_0043.png,2,2,1,koclip_svm
5716,ootd_0043.png,4,3,1,koclip_svm
5717,ootd_0043.png,3,3,1,koclip_svm
5718,ootd_0043.png,2,3,1,koclip_svm
5719,ootd_0043.png,2,2,1,koclip_svm
5720,ootd_0043.png,1,4,1,koclip_svm
5721,ootd_0043.png,1,4,1,koclip_svm
5722,ootd_0043.png,3,3,1,koclip_svm
5723,ootd_0043.png,4,2,1,koclip_svm
5724,ootd_0043.png,3,3,1,koclip_svm
5725,ootd_0043.png,0,2,1,koclip_svm
5726,ootd_0043.png,4,0,1,koclip_svm
5727,ootd_0043.png,1,1,1,koclip_svm
5728,ootd_0043.png,4,0,1,koclip_svm
5729,ootd_0043.png,0,1,1,koclip_svm
5730,ootd_0043.png,0,1,1,koclip_svm
5731,ootd_0043.png,3,3,1,koclip_svm
5732,ootd_0043.png,3,3,1,koclip_svm
5733,ootd_0043.png,4,2,1,koclip_svm
5734,ootd_0043.png,0,4,1,koclip_svm
5735,ootd_0043.png,0,0,1,koclip_svm
5736,ootd_0043.png,4,3,1,koclip_svm
5743,ootd_0046.png,0,0,1,koclip_svm
5744,ootd_0046.png,1,1,1,koclip_svm
5745,ootd_0046.png,2,4,1,koclip_svm
5746,ootd_0046.png,2,2,1,koclip_svm
5747,ootd_0046.png,3,3,1,koclip_svm
5748,ootd_0046.png,2,2,1,koclip_svm
5749,ootd_0046.png,3,3,1,koclip_svm
5750,ootd_0046.png,1,1,1,koclip_svm
5751,ootd_0046.png,3,1,1,koclip_svm
5752,ootd_0046.png,3,1,1,koclip_svm
5753,ootd_0046.png,3,3,1,koclip_svm
5780,ootd_0053.png,3,3,1,koclip_svm
5781,ootd_0053.png,3,3,1,koclip_svm
5782,ootd_0053.png,4,2,1,koclip_svm
5783,ootd_0053.png,3,3,1,koclip_svm
5784,ootd_0055.png,1,3,1,koclip_svm
5785,ootd_0055.png,3,2,1,koclip_svm
5786,ootd_0055.png,2,1,1,koclip_svm
5787,ootd_0055.png,3,3,1,koclip_svm
5788,ootd_0055.png,2,3,1,koclip_svm
5789,ootd_0055.png,3,4,1,koclip_svm
5790,ootd_0055.png,3,3,1,koclip_svm
5791,ootd_0055.png,1,1,1,koclip_svm
5835,ootd_0081.png,0,0,1,koclip_svm
5836,ootd_0081.png,3,0,1,koclip_svm
5837,ootd_0081.png,3,0,1,koclip_svm
5838,ootd_0081.png,3,0,1,koclip_svm
5839,ootd_0081.png,2,2,1,koclip_svm
5869,ootd_0087.png,3,3,1,koclip_svm
5870,ootd_0087.png,0,4,1,koclip_svm
5903,ootd_0096.png,4,2,1,koclip_svm
5904,ootd_0096.png,4,1,1,koclip_svm
5905,ootd_0096.png,4,1,1,koclip_svm
5906,ootd_0096.png,1,2,1,koclip_svm
5907,ootd_0096.png,1,1,1,koclip_svm
5908,ootd_0096.png,1,2,1,koclip_svm
5909,ootd_0096.png,2,4,1,koclip_svm
5910,ootd_0096.png,3,3,1,koclip_svm
5911,ootd_0096.png,3,3,1,koclip_svm
5912,ootd_0096.png,3,2,1,koclip_svm
5913,ootd_0096.png,3,3,1,koclip_svm
5914,ootd_0096.png,2,1,1,koclip_svm
5915,ootd_0096.png,3,3,1,koclip_svm
5964,fashionista_0026.png,0,0,1,koclip_svm
5965,fashionista_0026.png,0,0,1,koclip_svm
5966,fashionista_0026.png,0,0,1,koclip_svm
5967,fashionista_0026.png,0,0,1,koclip_svm
5968,fashionista_0026.png,3,2,1,koclip_svm
5983,fashionista_0029.png,4,2,1,koclip_svm
6172,fashionista_0060.png,2,2,1,koclip_svm
6173,fashionista_0060.png,2,2,1,koclip_svm
6174,fashionista_0060.png,4,4,1,koclip_svm
6175,fashionista_0060.png,4,1,1,koclip_svm
6176,fashionista_0060.png,2,3,1,koclip_svm
6177,fashionista_0060.png,4,4,1,koclip_svm
6178,fashionista_0060.png,4,4,1,koclip_svm
6179,fashionista_0060.png,2,1,1,koclip_svm
6180,fashionista_0060.png,2,3,1,koclip_svm
6181,fashionista_0060.png,0,1,1,koclip_svm
6182,fashionista_0060.png,0,1,1,koclip_svm
6183,fashionista_0060.png,1,2,1,koclip_svm
6184,fashionista_0060.png,2,3,1,koclip_svm
6185,fashionista_0060.png,0,1,1,koclip_svm
6186,fashionista_0060.png,3,3,1,koclip_svm
6187,fashionista_0060.png,0,1,1,koclip_svm
6188,fashionista_0060.png,0,1,1,koclip_svm
6189,fashionista_0060.png,0,0,1,koclip_svm
6190,fashionista_0060.png,0,1,1,koclip_svm
6191,fashionista_0060.png,0,1,1,koclip_svm
6192,fashionista_0060.png,0,1,1,koclip_svm
6193,fashionista_0060.png,0,1,1,koclip_svm
6194,fashionista_0060.png,0,0,1,koclip_svm
6195,fashionista_0060.png,0,0,1,koclip_svm
6196,fashionista_0060.png,0,0,1,koclip_svm
6197,fashionista_0060.png,0,0,1,koclip_svm
6198,fashionista_0060.png,0,1,1,koclip_svm
6199,fashionista_0060.png,0,1,1,koclip_svm
6290,fashionista_0082.png,1,4,1,koclip_svm
6291,fashionista_0082.png,0,0,1,koclip_svm
6292,fashionista_0082.png,0,0,1,koclip_svm
6293,fashionista_0082.png,0,0,1,koclip_svm
6294,fashionista_0082.png,0,0,1,koclip_svm
6295,fashionista_0082.png,0,0,1,koclip_svm
6296,fashionista_0082.png,1,0,1,koclip_svm
6297,fashionista_0082.png,0,0,1,koclip_svm
6298,fashionista_0082.png,1,4,1,koclip_svm
6299,fashionista_0082.png,0,0,1,koclip_svm
6300,fashionista_0082.png,1,3,1,koclip_svm
6301,fashionista_0082.png,2,2,1,koclip_svm
6302,fashionista_0082.png,2,2,1,koclip_svm
6303,fashionista_0082.png,3,1,1,koclip_svm
6304,fashionista_0082.png,0,0,1,koclip_svm
6305,fashionista_0082.png,2,2,1,koclip_svm
6306,fashionista_0082.png,0,0,1,koclip_svm
6307,fashionista_0082.png,4,2,1,koclip_svm
6308,fashionista_0082.png,0,3,1,koclip_svm
6309,fashionista_0082.png,0,0,1,koclip_svm
6310,fashionista_0082.png,4,3,1,koclip_svm
6311,fashionista_0082.png,0,2,1,koclip_svm
6312,fashionista_0082.png,4,2,1,koclip_svm
6438,fashionista_0100.png,0,2,1,koclip_svm
6439,fashionista_0100.png,3,2,1,koclip_svm
6440,fashionista_0100.png,0,0,1,koclip_svm
6441,fashionista_0100.png,1,4,1,koclip_svm
6442,fashionista_0100.png,2,2,1,koclip_svm
6443,fashionista_0100.png,1,4,1,koclip_svm
6444,fashionista_0100.png,1,1,1,koclip_svm
6445,fashionista_0100.png,3,3,1,koclip_svm
6446,fashionista_0100.png,3,1,1,koclip_svm
6447,fashionista_0100.png,3,3,1,koclip_svm
6448,fashionista_0100.png,0,0,1,koclip_svm
6449,fashionista_0100.png,3,2,1,koclip_svm
6450,fashionista_0100.png,1,1,1,koclip_svm
6451,fashionista_0100.png,0,0,1,koclip_svm
6452,fashionista_0100.png,3,3,1,koclip_svm
6453,fashionista_0100.png,0,1,1,koclip_svm
6454,fashionista_0100.png,0,1,1,koclip_svm
6455,fashionista_0100.png,0,1,1,koclip_svm
6456,fashionista_0100.png,0,1,1,koclip_svm
6457,fashionista_0100.png,0,1,1,koclip_svm
6458,fashionista_0100.png,0,0,1,koclip_svm
6459,fashionista_0100.png,0,0,1,koclip_svm
6460,fashionista_0100.png,0,0,1,koclip_svm
6461,fashionista_0100.png,0,0,1,koclip_svm
6462,fashionista_0100.png,0,1,1,koclip_svm
6466,neungsohwa_0006.png,4,0,1,koclip_svm
6467,neungsohwa_0006.png,4,4,1,koclip_svm
6468,neungsohwa_0006.png,1,0,1,koclip_svm
6469,neungsohwa_0006.png,1,0,1,koclip_svm
6470,neungsohwa_0007.png,4,1,1,koclip_svm
6471,neungsohwa_0007.png,1,2,1,koclip_svm
6472,neungsohwa_0007.png,3,1,1,koclip_svm
6473,neungsohwa_0007.png,4,4,1,koclip_svm
6474,neungsohwa_0007.png,4,1,1,koclip_svm
6475,neungsohwa_0007.png,3,1,1,koclip_svm
6476,neungsohwa_0007.png,2,2,1,koclip_svm
6477,neungsohwa_0007.png,4,1,1,koclip_svm
6478,neungsohwa_0007.png,3,1,1,koclip_svm
6479,neungsohwa_0007.png,0,0,1,koclip_svm
6480,neungsohwa_0007.png,2,3,1,koclip_svm
6481,neungsohwa_0007.png,3,1,1,koclip_svm
6482,neungsohwa_0007.png,0,0,1,koclip_svm
6483,neungsohwa_0007.png,1,1,1,koclip_svm
6484,neungsohwa_0007.png,0,1,1,koclip_svm
6485,neungsohwa_0007.png,0,2,1,koclip_svm
6486,neungsohwa_0007.png,2,3,1,koclip_svm
6487,neungsohwa_0007.png,0,1,1,koclip_svm
6488,neungsohwa_0007.png,1,1,1,koclip_svm
6489,neungsohwa_0007.png,2,2,1,koclip_svm
6490,neungsohwa_0007.png,2,3,1,koclip_svm
6491,neungsohwa_0007.png,3,1,1,koclip_svm
6492,neungsohwa_0007.png,3,1,1,koclip_svm
6493,neungsohwa_0008.png,3,0,1,koclip_svm
6494,neungsohwa_0008.png,4,4,1,koclip_svm
6495,neungsohwa_0008.png,3,1,1,koclip_svm
6496,neungsohwa_0008.png,1,1,1,koclip_svm
6497,neungsohwa_0008.png,1,4,1,koclip_svm
6498,neungsohwa_0008.png,4,1,1,koclip_svm
6499,neungsohwa_0008.png,2,2,1,koclip_svm
6500,neungsohwa_0008.png,4,1,1,koclip_svm
6501,neungsohwa_0008.png,3,3,1,koclip_svm
6502,neungsohwa_0008.png,3,3,1,koclip_svm
6503,neungsohwa_0008.png,3,1,1,koclip_svm
6504,neungsohwa_0008.png,2,2,1,koclip_svm
6505,neungsohwa_0008.png,4,4,1,koclip_svm
6506,neungsohwa_0008.png,4,4,1,koclip_svm
6510,neungsohwa_0011.png,4,1,1,koclip_svm
6511,neungsohwa_0011.png,1,1,1,koclip_svm
6520,neungsohwa_0015.png,1,1,1,koclip_svm
6521,neungsohwa_0015.png,4,4,1,koclip_svm
6597,neungsohwa_0035.png,3,0,1,koclip_svm
6598,neungsohwa_0035.png,4,4,1,koclip_svm
6628,neungsohwa_0047.png,0,4,1,koclip_svm
6629,neungsohwa_0047.png,0,4,1,koclip_svm
6707,neungsohwa_0068.png,1,0,1,koclip_svm
6708,neungsohwa_0068.png,1,1,1,koclip_svm
6709,neungsohwa_0068.png,1,1,1,koclip_svm
6714,neungsohwa_0074.png,4,4,1,koclip_svm
6715,neungsohwa_0074.png,4,3,1,koclip_svm
6716,neungsohwa_0074.png,4,4,1,koclip_svm
6717,neungsohwa_0074.png,0,0,1,koclip_svm
6718,neungsohwa_0074.png,0,0,1,koclip_svm
6731,neungsohwa_0079.png,0,4,1,koclip_svm
6732,neungsohwa_0079.png,0,4,1,koclip_svm
6733,neungsohwa_0079.png,1,4,1,koclip_svm
6734,neungsohwa_0079.png,3,2,1,koclip_svm
6735,neungsohwa_0079.png,0,4,1,koclip_svm
6742,neungsohwa_0083.png,1,3,1,koclip_svm
6743,neungsohwa_0083.png,4,4,1,koclip_svm
6744,neungsohwa_0083.png,1,3,1,koclip_svm
6745,neungsohwa_0083.png,1,0,1,koclip_svm
6746,neungsohwa_0084.png,4,1,1,koclip_svm
6747,neungsohwa_0084.png,4,4,1,koclip_svm
6748,neungsohwa_0084.png,1,1,1,koclip_svm
6754,neungsohwa_0086.png,4,0,1,koclip_svm
6755,neungsohwa_0086.png,4,4,1,koclip_svm
6756,neungsohwa_0086.png,4,0,1,koclip_svm
6757,neungsohwa_0086.png,3,3,1,koclip_svm
6758,neungsohwa_0086.png,2,1,1,koclip_svm
6773,neungsohwa_0091.png,3,4,1,koclip_svm
6774,neungsohwa_0091.png,1,4,1,koclip_svm
6775,neungsohwa_0091.png,4,4,1,koclip_svm
6776,neungsohwa_0091.png,2,2,1,koclip_svm
6777,neungsohwa_0091.png,3,2,1,koclip_svm
6783,neungsohwa_0095.png,3,0,1,koclip_svm
6784,neungsohwa_0095.png,4,4,1,koclip_svm
6785,neungsohwa_0095.png,0,2,1,koclip_svm
6786,neungsohwa_0095.png,0,2,1,koclip_svm
6787,neungsohwa_0095.png,0,2,1,koclip_svm
6788,neungsohwa_0095.png,0,2,1,koclip_svm
6789,neungsohwa_0095.png,0,4,1,koclip_svm
6790,neungsohwa_0095.png,0,0,1,koclip_svm
6791,neungsohwa_0096.png,0,0,1,koclip_svm
6792,neungsohwa_0096.png,1,1,1,koclip_svm
6793,neungsohwa_0096.png,3,4,1,koclip_svm
6798,neungsohwa_0099.png,1,1,1,koclip_svm
6799,neungsohwa_0099.png,3,0,1,koclip_svm
6800,neungsohwa_0099.png,4,4,1,koclip_svm
6801,neungsohwa_0099.png,2,2,1,koclip_svm
6855,danpung_0010.png,3,3,1,koclip_svm
6856,danpung_0010.png,4,1,1,koclip_svm
6857,danpung_0010.png,4,3,1,koclip_svm
6858,danpung_0010.png,3,3,1,koclip_svm
6859,danpung_0010.png,3,3,1,koclip_svm
6860,danpung_0011.png,4,4,1,koclip_svm
6861,danpung_0011.png,3,3,1,koclip_svm
6862,danpung_0011.png,3,3,1,koclip_svm
6916,danpung_0022.png,3,1,1,koclip_svm
6917,danpung_0022.png,0,0,1,koclip_svm
6918,danpung_0022.png,4,3,1,koclip_svm
6919,danpung_0023.png,4,4,1,koclip_svm
6920,danpung_0023.png,3,3,1,koclip_svm
6921,danpung_0023.png,4,3,1,koclip_svm
6922,danpung_0023.png,3,3,1,koclip_svm
6923,danpung_0023.png,4,1,1,koclip_svm
6924,danpung_0023.png,2,1,1,koclip_svm
6925,danpung_0023.png,4,4,1,koclip_svm
6926,danpung_0023.png,3,3,1,koclip_svm
6927,danpung_0023.png,4,4,1,koclip_svm
6928,danpung_0023.png,3,3,1,koclip_svm
6929,danpung_0023.png,2,3,1,koclip_svm
6930,danpung_0023.png,4,2,1,koclip_svm
6931,danpung_0023.png,1,0,1,koclip_svm
6932,danpung_0023.png,1,1,1,koclip_svm
6933,danpung_0023.png,2,2,1,koclip_svm
6934,danpung_0023.png,3,2,1,koclip_svm
6935,danpung_0023.png,2,2,1,koclip_svm
6936,danpung_0023.png,2,2,1,koclip_svm
6937,danpung_0024.png,4,1,1,koclip_svm
6938,danpung_0024.png,0,1,1,koclip_svm
6939,danpung_0024.png,3,4,1,koclip_svm
6940,danpung_0024.png,3,1,1,koclip_svm
6941,danpung_0024.png,3,3,1,koclip_svm
6942,danpung_0024.png,4,4,1,koclip_svm
6943,danpung_0024.png,4,4,1,koclip_svm
6944,danpung_0024.png,1,1,1,koclip_svm
6945,danpung_0024.png,4,4,1,koclip_svm
6981,danpung_0035.png,3,1,1,koclip_svm
6982,danpung_0035.png,4,4,1,koclip_svm
6983,danpung_0035.png,3,3,1,koclip_svm
6984,danpung_0035.png,2,2,1,koclip_svm
6985,danpung_0035.png,2,2,1,koclip_svm
6986,danpung_0035.png,3,2,1,koclip_svm
6987,danpung_0035.png,2,2,1,koclip_svm
7054,danpung_0046.png,4,3,1,koclip_svm
7055,danpung_0046.png,4,1,1,koclip_svm
7056,danpung_0046.png,4,4,1,koclip_svm
7057,danpung_0046.png,3,4,1,koclip_svm
7058,danpung_0046.png,1,4,1,koclip_svm
7059,danpung_0046.png,1,3,1,koclip_svm
7060,danpung_0046.png,1,3,1,koclip_svm
7074,danpung_0053.png,2,2,1,koclip_svm
7196,danpung_0073.png,4,1,1,koclip_svm
7197,danpung_0073.png,4,3,1,koclip_svm
7215,danpung_0079.png,4,4,1,koclip_svm
7216,danpung_0079.png,3,3,1,koclip_svm
7217,danpung_0079.png,3,3,1,koclip_svm
7218,danpung_0079.png,3,4,1,koclip_svm
7219,danpung_0079.png,3,4,1,koclip_svm
7220,danpung_0079.png,3,4,1,koclip_svm
7221,danpung_0079.png,4,4,1,koclip_svm
7222,danpung_0079.png,3,4,1,koclip_svm
7223,danpung_0079.png,3,4,1,koclip_svm
7224,danpung_0079.png,3,4,1,koclip_svm
7232,danpung_0083.png,4,4,1,koclip_svm
7233,danpung_0083.png,4,4,1,koclip_svm
7234,danpung_0083.png,4,4,1,koclip_svm
7235,danpung_0083.png,2,4,1,koclip_svm
7236,danpung_0083.png,3,4,1,koclip_svm
7237,danpung_0083.png,3,4,1,koclip_svm
7238,danpung_0083.png,4,3,1,koclip_svm
7253,danpung_0087.png,4,3,1,koclip_svm
7254,danpung_0087.png,4,4,1,koclip_svm
7255,danpung_0087.png,2,3,1,koclip_svm
7256,danpung_0087.png,3,2,1,koclip_svm
7257,danpung_0087.png,2,2,1,koclip_svm
7258,danpung_0087.png,0,1,1,koclip_svm
7272,danpung_0095.png,4,4,1,koclip_svm
7273,danpung_0095.png,0,1,1,koclip_svm
7274,danpung_0095.png,0,1,1,koclip_svm
7294,cherryblossom_0002.png,3,1,1,koclip_svm
7295,cherryblossom_0002.png,4,4,1,koclip_svm
7303,cherryblossom_0011.png,4,4,1,koclip_svm
7304,cherryblossom_0011.png,4,1,1,koclip_svm
7305,cherryblossom_0011.png,4,1,1,koclip_svm
7323,cherryblossom_0022.png,1,3,1,koclip_svm
7324,cherryblossom_0022.png,4,1,1,koclip_svm
7325,cherryblossom_0022.png,4,1,1,koclip_svm
7394,cherryblossom_0034.png,4,3,1,koclip_svm
7395,cherryblossom_0034.png,3,1,1,koclip_svm
7396,cherryblossom_0034.png,4,4,1,koclip_svm
7397,cherryblossom_0035.png,4,4,1,koclip_svm
7398,cherryblossom_0035.png,3,3,1,koclip_svm
7399,cherryblossom_0035.png,1,1,1,koclip_svm
7400,cherryblossom_0036.png,2,2,1,koclip_svm
7401,cherryblossom_0036.png,4,4,1,koclip_svm
7402,cherryblossom_0036.png,3,1,1,koclip_svm
7403,cherryblossom_0036.png,4,1,1,koclip_svm
7404,cherryblossom_0036.png,2,0,1,koclip_svm
7405,cherryblossom_0036.png,1,1,1,koclip_svm
7456,cherryblossom_0051.png,0,4,1,koclip_svm
7457,cherryblossom_0051.png,0,4,1,koclip_svm
7458,cherryblossom_0051.png,0,4,1,koclip_svm
7459,cherryblossom_0051.png,0,4,1,koclip_svm
7460,cherryblossom_0051.png,0,1,1,koclip_svm
7492,cherryblossom_0057.png,4,1,1,koclip_svm
7496,cherryblossom_0059.png,4,3,1,koclip_svm
7497,cherryblossom_0059.png,4,4,1,koclip_svm
7498,cherryblossom_0059.png,2,0,1,koclip_svm
7509,cherryblossom_0065.png,1,4,1,koclip_svm
7510,cherryblossom_0065.png,4,4,1,koclip_svm
7511,cherryblossom_0065.png,4,0,1,koclip_svm
7512,cherryblossom_0066.png,4,4,1,koclip_svm
7513,cherryblossom_0066.png,3,4,1,koclip_svm
7520,cherryblossom_0070.png,4,4,1,koclip_svm
7521,cherryblossom_0076.png,4,4,1,koclip_svm
7522,cherryblossom_0076.png,1,0,1,koclip_svm
7523,cherryblossom_0076.png,1,1,1,koclip_svm
7524,cherryblossom_0076.png,0,0,1,koclip_svm
7528,cherryblossom_0078.png,3,3,1,koclip_svm
7529,cherryblossom_0078.png,4,4,1,koclip_svm
7530,cherryblossom_0078.png,2,4,1,koclip_svm
7531,cherryblossom_0078.png,1,1,1,koclip_svm
7582,cherryblossom_0092.png,4,4,1,koclip_svm
7583,cherryblossom_0092.png,2,1,1,koclip_svm
7584,cherryblossom_0093.png,4,4,1,koclip_svm
7585,cherryblossom_0093.png,4,1,1,koclip_svm
7586,cherryblossom_0093.png,3,3,1,koclip_svm
7587,cherryblossom_0093.png,4,4,1,koclip_svm
7588,cherryblossom_0093.png,2,3,1,koclip_svm
7589,cherryblossom_0094.png,4,4,1,koclip_svm
7590,cherryblossom_0094.png,4,4,1,koclip_svm
7605,cherryblossom_0098.png,4,4,1,koclip_svm
7606,cherryblossom_0098.png,3,3,1,koclip_svm
7639,kpop_0003.png,4,4,1,koclip_svm
7640,kpop_0003.png,4,4,1,koclip_svm
7641,kpop_0003.png,3,3,1,koclip_svm
7642,kpop_0003.png,3,3,1,koclip_svm
7643,kpop_0003.png,4,4,1,koclip_svm
7644,kpop_0004.png,0,0,1,koclip_svm
7645,kpop_0004.png,0,0,1,koclip_svm
7646,kpop_0004.png,1,0,1,koclip_svm
7647,kpop_0004.png,3,1,1,koclip_svm
7652,kpop_0006.png,0,1,1,koclip_svm
7653,kpop_0006.png,0,1,1,koclip_svm
7654,kpop_0006.png,1,4,1,koclip_svm
7655,kpop_0006.png,4,3,1,koclip_svm
7656,kpop_0006.png,4,4,1,koclip_svm
7657,kpop_0007.png,4,4,1,koclip_svm
7658,kpop_0007.png,4,4,1,koclip_svm
7659,kpop_0007.png,4,1,1,koclip_svm
7660,kpop_0007.png,3,3,1,koclip_svm
7661,kpop_0007.png,2,1,1,koclip_svm
7662,kpop_0007.png,3,1,1,koclip_svm
7663,kpop_0007.png,4,4,1,koclip_svm
7664,kpop_0007.png,1,0,1,koclip_svm
7665,kpop_0007.png,2,3,1,koclip_svm
7666,kpop_0007.png,1,1,1,koclip_svm
7667,kpop_0007.png,1,4,1,koclip_svm
7668,kpop_0007.png,1,4,1,koclip_svm
7669,kpop_0007.png,1,4,1,koclip_svm
7735,kpop_0016.png,4,4,1,koclip_svm
7736,kpop_0016.png,3,4,1,koclip_svm
7737,kpop_0016.png,3,2,1,koclip_svm
7738,kpop_0016.png,2,1,1,koclip_svm
7739,kpop_0016.png,4,3,1,koclip_svm
7740,kpop_0017.png,4,1,1,koclip_svm
7741,kpop_0017.png,4,4,1,koclip_svm
7742,kpop_0017.png,2,4,1,koclip_svm
7743,kpop_0017.png,3,1,1,koclip_svm
7817,kpop_0030.png,4,4,1,koclip_svm
7818,kpop_0030.png,4,4,1,koclip_svm
7819,kpop_0030.png,4,4,1,koclip_svm
7820,kpop_0030.png,4,4,1,koclip_svm
7821,kpop_0030.png,3,4,1,koclip_svm
7822,kpop_0030.png,3,4,1,koclip_svm
7823,kpop_0030.png,3,3,1,koclip_svm
7824,kpop_0030.png,2,2,1,koclip_svm
7825,kpop_0030.png,0,1,1,koclip_svm
7826,kpop_0030.png,1,1,1,koclip_svm
7827,kpop_0030.png,2,1,1,koclip_svm
7828,kpop_0030.png,1,1,1,koclip_svm
7870,kpop_0036.png,4,4,1,koclip_svm
7871,kpop_0036.png,4,0,1,koclip_svm
7872,kpop_0036.png,3,0,1,koclip_svm
7873,kpop_0036.png,3,0,1,koclip_svm
7874,kpop_0036.png,3,3,1,koclip_svm
7966,kpop_0046.png,4,4,1,koclip_svm
7967,kpop_0046.png,4,4,1,koclip_svm
7968,kpop_0046.png,4,4,1,koclip_svm
7969,kpop_0046.png,4,4,1,koclip_svm
7970,kpop_0046.png,4,1,1,koclip_svm
7971,kpop_0046.png,3,1,1,koclip_svm
7972,kpop_0046.png,2,1,1,koclip_svm
7973,kpop_0046.png,3,1,1,koclip_svm
7974,kpop_0046.png,2,1,1,koclip_svm
7975,kpop_0046.png,2,3,1,koclip_svm
7976,kpop_0046.png,3,4,1,koclip_svm
8015,kpop_0051.png,4,1,1,koclip_svm
8016,kpop_0051.png,4,3,1,koclip_svm
8017,kpop_0051.png,4,4,1,koclip_svm
8018,kpop_0051.png,3,4,1,koclip_svm
8019,kpop_0051.png,0,1,1,koclip_svm
8020,kpop_0051.png,1,4,1,koclip_svm
8031,kpop_0055.png,4,1,1,koclip_svm
8032,kpop_0055.png,4,4,1,koclip_svm
8033,kpop_0055.png,4,4,1,koclip_svm
8034,kpop_0055.png,4,1,1,koclip_svm
8035,kpop_0055.png,3,1,1,koclip_svm
8036,kpop_0055.png,3,1,1,koclip_svm
8037,kpop_0055.png,2,4,1,koclip_svm
8038,kpop_0055.png,4,2,1,koclip_svm
8039,kpop_0055.png,3,3,1,koclip_svm
8040,kpop_0055.png,0,0,1,koclip_svm
8041,kpop_0055.png,1,0,1,koclip_svm
8042,kpop_0055.png,2,2,1,koclip_svm
8043,kpop_0055.png,1,1,1,koclip_svm
8044,kpop_0055.png,1,2,1,koclip_svm
8045,kpop_0055.png,1,2,1,koclip_svm
8046,kpop_0055.png,4,4,1,koclip_svm
8047,kpop_0055.png,4,0,1,koclip_svm
8070,kpop_0058.png,1,1,1,koclip_svm
8071,kpop_0058.png,1,4,1,koclip_svm
8072,kpop_0058.png,1,1,1,koclip_svm
8073,kpop_0058.png,1,4,1,koclip_svm
8112,kpop_0066.png,3,0,1,koclip_svm
8113,kpop_0066.png,2,1,1,koclip_svm
8114,kpop_0066.png,4,1,1,koclip_svm
8115,kpop_0066.png,4,0,1,koclip_svm
8116,kpop_0066.png,4,4,1,koclip_svm
8117,kpop_0066.png,4,0,1,koclip_svm
8118,kpop_0066.png,4,1,1,koclip_svm
8119,kpop_0066.png,4,0,1,koclip_svm
8120,kpop_0066.png,3,3,1,koclip_svm
8121,kpop_0066.png,3,1,1,koclip_svm
8122,kpop_0066.png,2,1,1,koclip_svm
8123,kpop_0066.png,3,3,1,koclip_svm
8124,kpop_0066.png,4,1,1,koclip_svm
8125,kpop_0066.png,2,0,1,koclip_svm
8126,kpop_0066.png,3,1,1,koclip_svm
8127,kpop_0066.png,3,1,1,koclip_svm
8128,kpop_0066.png,1,0,1,koclip_svm
8129,kpop_0066.png,1,0,1,koclip_svm
8130,kpop_0066.png,1,0,1,koclip_svm
8135,kpop_0068.png,0,4,1,koclip_svm
8136,kpop_0068.png,0,3,1,koclip_svm
8137,kpop_0068.png,0,1,1,koclip_svm
8138,kpop_0068.png,0,4,1,koclip_svm
8139,kpop_0068.png,1,4,1,koclip_svm
8179,kpop_0073.png,4,4,1,koclip_svm
8180,kpop_0073.png,1,4,1,koclip_svm
8181,kpop_0073.png,4,3,1,koclip_svm
8182,kpop_0073.png,3,3,1,koclip_svm
8183,kpop_0073.png,3,0,1,koclip_svm
8189,kpop_0075.png,4,4,1,koclip_svm
8190,kpop_0075.png,3,1,1,koclip_svm
8191,kpop_0075.png,2,4,1,koclip_svm
8192,kpop_0075.png,3,3,1,koclip_svm
8193,kpop_0075.png,1,1,1,koclip_svm
8276,kpop_0089.png,4,4,1,koclip_svm
8277,kpop_0089.png,4,3,1,koclip_svm
8278,kpop_0089.png,4,3,1,koclip_svm
8279,kpop_0089.png,2,4,1,koclip_svm
8280,kpop_0089.png,2,4,1,koclip_svm
8281,kpop_0089.png,3,3,1,koclip_svm
8282,kpop_0089.png,1,3,1,koclip_svm
8283,kpop_0090.png,4,1,1,koclip_svm
8284,kpop_0090.png,4,1,1,koclip_svm
8285,kpop_0090.png,3,1,1,koclip_svm
8286,kpop_0090.png,2,1,1,koclip_svm
8287,kpop_0090.png,4,3,1,koclip_svm
8288,kpop_0091.png,3,0,1,koclip_svm
8289,kpop_0091.png,2,1,1,koclip_svm
8290,kpop_0091.png,1,1,1,koclip_svm
8291,kpop_0091.png,4,3,1,koclip_svm
8292,kpop_0091.png,2,1,1,koclip_svm
8323,kpop_0097.png,4,4,1,koclip_svm
8324,kpop_0097.png,3,4,1,koclip_svm
8325,kpop_0097.png,4,1,1,koclip_svm
8326,kpop_0097.png,4,4,1,koclip_svm
8327,kpop_0097.png,4,0,1,koclip_svm
8328,kpop_0097.png,3,4,1,koclip_svm
8329,kpop_0097.png,4,4,1,koclip_svm
8330,kpop_0097.png,3,1,1,koclip_svm
8331,kpop_0097.png,3,4,1,koclip_svm
8332,kpop_0097.png,3,4,1,koclip_svm
8333,kpop_0097.png,3,4,1,koclip_svm
8334,kpop_0097.png,2,4,1,koclip_svm
8335,kpop_0097.png,3,3,1,koclip_svm
8336,kpop_0097.png,2,4,1,koclip_svm
8363,kpop_0099.png,4,3,1,koclip_svm
8364,kpop_0099.png,3,3,1,koclip_svm
8365,kpop_0099.png,3,1,1,koclip_svm
8366,kpop_0099.png,4,4,1,koclip_svm
8367,kpop_0099.png,4,1,1,koclip_svm
8368,kpop_0099.png,4,4,1,koclip_svm
8369,kpop_0099.png,4,4,1,koclip_svm
8370,kpop_0099.png,4,4,1,koclip_svm
8371,kpop_0099.png,4,4,1,koclip_svm
8372,kpop_0099.png,3,1,1,koclip_svm
8373,kpop_0099.png,2,1,1,koclip_svm
8374,kpop_0099.png,2,1,1,koclip_svm
8375,kpop_0099.png,4,4,1,koclip_svm
8376,kpop_0100.png,4,0,1,koclip_svm
8377,kpop_0100.png,4,4,1,koclip_svm
8378,kpop_0100.png,4,1,1,koclip_svm
8379,kpop_0100.png,4,3,1,koclip_svm
8380,kpop_0100.png,3,3,1,koclip_svm
8440,spotify_0020.png,2,1,1,koclip_svm
8441,spotify_0020.png,1,1,1,koclip_svm
8442,spotify_0020.png,2,1,1,koclip_svm
8443,spotify_0020.png,1,1,1,koclip_svm
8444,spotify_0020.png,3,1,1,koclip_svm
8445,spotify_0021.png,2,1,1,koclip_svm
8446,spotify_0021.png,1,3,1,koclip_svm
8447,spotify_0021.png,1,3,1,koclip_svm
8448,spotify_0021.png,1,2,1,koclip_svm
8449,spotify_0021.png,1,2,1,koclip_svm
8487,spotify_0041.png,1,1,1,koclip_svm
8488,spotify_0041.png,3,3,1,koclip_svm
8489,spotify_0041.png,2,3,1,koclip_svm
8490,spotify_0041.png,2,3,1,koclip_svm
8491,spotify_0041.png,2,2,1,koclip_svm
8517,spotify_0047.png,4,4,1,koclip_svm
8518,spotify_0047.png,3,3,1,koclip_svm
8519,spotify_0047.png,4,4,1,koclip_svm
8520,spotify_0047.png,4,4,1,koclip_svm
8524,spotify_0051.png,2,2,1,koclip_svm
8525,spotify_0051.png,1,3,1,koclip_svm
8526,spotify_0051.png,2,2,1,koclip_svm
8527,spotify_0051.png,1,2,1,koclip_svm
8528,spotify_0051.png,4,1,1,koclip_svm
8529,spotify_0052.png,4,4,1,koclip_svm
8530,spotify_0052.png,3,3,1,koclip_svm
8531,spotify_0052.png,2,3,1,koclip_svm
8532,spotify_0052.png,4,3,1,koclip_svm
8533,spotify_0052.png,1,1,1,koclip_svm
8563,spotify_0060.png,3,1,1,koclip_svm
8564,spotify_0060.png,3,3,1,koclip_svm
8565,spotify_0060.png,4,4,1,koclip_svm
8566,spotify_0060.png,4,4,1,koclip_svm
8584,spotify_0065.png,1,0,1,koclip_svm
8585,spotify_0065.png,1,0,1,koclip_svm
8586,spotify_0065.png,1,0,1,koclip_svm
8587,spotify_0065.png,0,1,1,koclip_svm
8598,spotify_0070.png,3,2,1,koclip_svm
8604,spotify_0073.png,2,2,1,koclip_svm
8605,spotify_0073.png,3,3,1,koclip_svm
8606,spotify_0073.png,1,1,1,koclip_svm
8607,spotify_0073.png,0,1,1,koclip_svm
8608,spotify_0074.png,0,0,1,koclip_svm
8609,spotify_0074.png,0,0,1,koclip_svm
8610,spotify_0074.png,2,1,1,koclip_svm
8611,spotify_0074.png,2,2,1,koclip_svm
8650,spotify_0094.png,4,2,1,koclip_svm
8651,spotify_0094.png,4,2,1,koclip_svm
8652,spotify_0094.png,1,2,1,koclip_svm
8653,spotify_0094.png,1,3,1,koclip_svm
8654,spotify_0094.png,1,4,1,koclip_svm
8685,netflix_0003.png,4,4,1,koclip_svm
8686,netflix_0003.png,4,4,1,koclip_svm
8687,netflix_0003.png,4,1,1,koclip_svm
8688,netflix_0003.png,2,2,1,koclip_svm
8689,netflix_0003.png,2,2,1,koclip_svm
8753,netflix_0020.png,1,2,1,koclip_svm
8754,netflix_0020.png,0,2,1,koclip_svm
8755,netflix_0020.png,1,1,1,koclip_svm
8756,netflix_0020.png,1,4,1,koclip_svm
8757,netflix_0020.png,0,4,1,koclip_svm
8758,netflix_0020.png,0,4,1,koclip_svm
8759,netflix_0020.png,0,4,1,koclip_svm
8760,netflix_0020.png,0,4,1,koclip_svm
8761,netflix_0020.png,0,3,1,koclip_svm
8762,netflix_0020.png,0,1,1,koclip_svm
8763,netflix_0020.png,1,1,1,koclip_svm
8764,netflix_0020.png,1,4,1,koclip_svm
8765,netflix_0020.png,2,3,1,koclip_svm
8766,netflix_0020.png,1,1,1,koclip_svm
8767,netflix_0020.png,1,1,1,koclip_svm
8768,netflix_0020.png,0,1,1,koclip_svm
8769,netflix_0020.png,0,3,1,koclip_svm
8770,netflix_0020.png,1,2,1,koclip_svm
8771,netflix_0020.png,0,2,1,koclip_svm
8831,netflix_0041.png,4,4,1,koclip_svm
8832,netflix_0041.png,4,3,1,koclip_svm
8833,netflix_0041.png,4,4,1,koclip_svm
8834,netflix_0041.png,4,2,1,koclip_svm
8835,netflix_0041.png,2,2,1,koclip_svm
8836,netflix_0041.png,2,4,1,koclip_svm
8837,netflix_0041.png,1,2,1,koclip_svm
8838,netflix_0041.png,1,2,1,koclip_svm
8839,netflix_0041.png,1,4,1,koclip_svm
8840,netflix_0041.png,1,2,1,koclip_svm
8841,netflix_0041.png,1,2,1,koclip_svm
8842,netflix_0041.png,1,2,1,koclip_svm
8843,netflix_0041.png,1,2,1,koclip_svm
8844,netflix_0041.png,0,2,1,koclip_svm
8845,netflix_0041.png,3,2,1,koclip_svm
8846,netflix_0041.png,4,2,1,koclip_svm
8847,netflix_0041.png,3,2,1,koclip_svm
8891,netflix_0053.png,4,4,1,koclip_svm
8892,netflix_0053.png,4,4,1,koclip_svm
8893,netflix_0053.png,3,2,1,koclip_svm
8894,netflix_0053.png,4,4,1,koclip_svm
8895,netflix_0053.png,1,4,1,koclip_svm
8896,netflix_0053.png,1,4,1,koclip_svm
8897,netflix_0053.png,1,4,1,koclip_svm
8898,netflix_0053.png,1,2,1,koclip_svm
8899,netflix_0053.png,1,4,1,koclip_svm
8900,netflix_0053.png,2,1,1,koclip_svm
8901,netflix_0053.png,1,4,1,koclip_svm
8902,netflix_0053.png,1,4,1,koclip_svm
8903,netflix_0053.png,4,4,1,koclip_svm
8909,netflix_0055.png,2,2,1,koclip_svm
8910,netflix_0055.png,1,2,1,koclip_svm
8911,netflix_0055.png,4,1,1,koclip_svm
8912,netflix_0055.png,4,1,1,koclip_svm
8913,netflix_0055.png,1,1,1,koclip_svm
8982,netflix_0076.png,4,4,1,koclip_svm
8983,netflix_0076.png,3,4,1,koclip_svm
8984,netflix_0076.png,4,1,1,koclip_svm
8985,netflix_0076.png,3,3,1,koclip_svm
8986,netflix_0076.png,2,4,1,koclip_svm
8992,netflix_0081.png,4,4,1,koclip_svm
8993,netflix_0081.png,1,1,1,koclip_svm
8994,netflix_0081.png,0,1,1,koclip_svm
8995,netflix_0081.png,2,2,1,koclip_svm
8996,netflix_0081.png,2,2,1,koclip_svm
8997,netflix_0083.png,4,4,1,koclip_svm
8998,netflix_0083.png,3,1,1,koclip_svm
9009,netflix_0089.png,1,0,1,koclip_svm
9010,netflix_0089.png,2,1,1,koclip_svm
9011,netflix_0089.png,1,0,1,koclip_svm
9012,netflix_0089.png,1,1,1,koclip_svm
9013,netflix_0089.png,0,1,1,koclip_svm
9062,apple_0001.png,1,2,1,koclip_svm
9063,apple_0001.png,3,1,1,koclip_svm
9064,apple_0001.png,1,4,1,koclip_svm
9065,apple_0001.png,0,1,1,koclip_svm
9066,apple_0001.png,1,1,1,koclip_svm
9118,apple_0012.png,4,4,1,koclip_svm
9119,apple_0012.png,4,4,1,koclip_svm
9120,apple_0012.png,4,4,1,koclip_svm
9164,apple_0033.png,4,4,1,koclip_svm
9165,apple_0033.png,4,4,1,koclip_svm
9166,apple_0033.png,4,4,1,koclip_svm
9167,apple_0033.png,4,4,1,koclip_svm
9168,apple_0033.png,4,4,1,koclip_svm
9204,apple_0046.png,4,4,1,koclip_svm
9205,apple_0046.png,4,4,1,koclip_svm
9206,apple_0046.png,1,1,1,koclip_svm
9207,apple_0046.png,3,2,1,koclip_svm
9256,apple_0065.png,4,4,1,koclip_svm
9257,apple_0065.png,4,4,1,koclip_svm
9258,apple_0065.png,3,4,1,koclip_svm
9278,apple_0074.png,4,4,1,koclip_svm
9279,apple_0074.png,3,4,1,koclip_svm
9280,apple_0074.png,4,4,1,koclip_svm
9281,apple_0074.png,3,4,1,koclip_svm
9282,apple_0074.png,1,4,1,koclip_svm
9330,apple_0093.png,1,1,1,koclip_svm
9331,apple_0093.png,1,1,1,koclip_svm
9332,apple_0093.png,4,4,1,koclip_svm
9333,apple_0093.png,4,4,1,koclip_svm
9334,apple_0093.png,4,4,1,koclip_svm
9335,apple_0093.png,2,4,1,koclip_svm
9336,apple_0093.png,1,4,1,koclip_svm
9374,galaxy_0006.png,4,4,1,koclip_svm
9375,galaxy_0006.png,4,4,1,koclip_svm
9376,galaxy_0006.png,4,4,1,koclip_svm
9377,galaxy_0006.png,0,0,1,koclip_svm
9378,galaxy_0006.png,1,1,1,koclip_svm
9413,galaxy_0016.png,4,2,1,koclip_svm
9414,galaxy_0016.png,4,2,1,koclip_svm
9415,galaxy_0016.png,2,1,1,koclip_svm
9416,galaxy_0016.png,1,4,1,koclip_svm
9476,galaxy_0027.png,1,3,1,koclip_svm
9477,galaxy_0027.png,4,4,1,koclip_svm
9478,galaxy_0027.png,3,4,1,koclip_svm
9479,galaxy_0027.png,4,4,1,koclip_svm
9480,galaxy_0027.png,2,4,1,koclip_svm
9481,galaxy_0027.png,1,1,1,koclip_svm
9482,galaxy_0027.png,1,1,1,koclip_svm
9483,galaxy_0027.png,1,1,1,koclip_svm
9484,galaxy_0027.png,3,1,1,koclip_svm
9485,galaxy_0027.png,2,4,1,koclip_svm
9486,galaxy_0027.png,4,4,1,koclip_svm
9503,galaxy_0031.png,0,1,1,koclip_svm
9504,galaxy_0031.png,1,1,1,koclip_svm
9505,galaxy_0031.png,1,1,1,koclip_svm
9506,galaxy_0031.png,4,1,1,koclip_svm
9507,galaxy_0031.png,2,1,1,koclip_svm
9508,galaxy_0031.png,2,1,1,koclip_svm
9509,galaxy_0031.png,4,4,1,koclip_svm
9510,galaxy_0031.png,4,4,1,koclip_svm
9511,galaxy_0031.png,4,4,1,koclip_svm
9512,galaxy_0031.png,4,4,1,koclip_svm
9513,galaxy_0031.png,3,1,1,koclip_svm
9514,galaxy_0031.png,4,4,1,koclip_svm
9515,galaxy_0031.png,2,2,1,koclip_svm
9516,galaxy_0031.png,2,1,1,koclip_svm
9517,galaxy_0031.png,2,1,1,koclip_svm
9518,galaxy_0031.png,0,0,1,koclip_svm
9519,galaxy_0031.png,0,0,1,koclip_svm
9520,galaxy_0031.png,3,4,1,koclip_svm
9521,galaxy_0032.png,3,4,1,koclip_svm
9522,galaxy_0032.png,1,1,1,koclip_svm
9523,galaxy_0032.png,4,4,1,koclip_svm
9524,galaxy_0032.png,4,4,1,koclip_svm
9525,galaxy_0033.png,4,1,1,koclip_svm
9526,galaxy_0033.png,4,1,1,koclip_svm
9527,galaxy_0033.png,3,2,1,koclip_svm
9528,galaxy_0033.png,4,3,1,koclip_svm
9529,galaxy_0033.png,4,4,1,koclip_svm
9530,galaxy_0034.png,4,1,1,koclip_svm
9531,galaxy_0034.png,4,1,1,koclip_svm
9534,galaxy_0036.png,0,0,1,koclip_svm
9535,galaxy_0036.png,1,1,1,koclip_svm
9536,galaxy_0036.png,1,1,1,koclip_svm
9537,galaxy_0036.png,0,1,1,koclip_svm
9538,galaxy_0036.png,0,1,1,koclip_svm
9539,galaxy_0036.png,1,1,1,koclip_svm
9625,galaxy_0067.png,3,1,1,koclip_svm
9626,galaxy_0067.png,1,1,1,koclip_svm
9627,galaxy_0067.png,4,1,1,koclip_svm
9628,galaxy_0067.png,4,4,1,koclip_svm
9675,galaxy_0079.png,3,2,1,koclip_svm
9676,galaxy_0079.png,4,4,1,koclip_svm
9677,galaxy_0079.png,1,4,1,koclip_svm
9678,galaxy_0079.png,4,4,1,koclip_svm
9694,galaxy_0082.png,4,4,1,koclip_svm
9883,iphone16_0019.png,1,4,1,koclip_svm
9894,iphone16_0023.png,3,3,1,koclip_svm
9905,iphone16_0028.png,4,0,1,koclip_svm
9906,iphone16_0028.png,4,0,1,koclip_svm
9907,iphone16_0028.png,4,4,1,koclip_svm
9908,iphone16_0028.png,4,0,1,koclip_svm
9932,iphone16_0037.png,4,4,1,koclip_svm
9939,iphone16_0041.png,0,4,1,koclip_svm
9940,iphone16_0041.png,0,4,1,koclip_svm
9941,iphone16_0041.png,1,4,1,koclip_svm
9942,iphone16_0041.png,1,4,1,koclip_svm
9943,iphone16_0041.png,1,1,1,koclip_svm
9944,iphone16_0041.png,1,4,1,koclip_svm
9945,iphone16_0041.png,1,4,1,koclip_svm
9946,iphone16_0041.png,1,1,1,koclip_svm
9947,iphone16_0041.png,0,0,1,koclip_svm
9948,iphone16_0041.png,1,1,1,koclip_svm
9949,iphone16_0042.png,4,4,1,koclip_svm
9950,iphone16_0042.png,4,1,1,koclip_svm
9951,iphone16_0042.png,1,0,1,koclip_svm
9952,iphone16_0042.png,1,1,1,koclip_svm
9953,iphone16_0042.png,3,1,1,koclip_svm
9954,iphone16_0042.png,4,1,1,koclip_svm
9993,iphone16_0053.png,4,4,1,koclip_svm
9994,iphone16_0053.png,2,3,1,koclip_svm
9995,iphone16_0053.png,3,2,1,koclip_svm
9996,iphone16_0053.png,4,4,1,koclip_svm
9997,iphone16_0053.png,2,2,1,koclip_svm
10033,iphone16_0060.png,1,4,1,koclip_svm
10034,iphone16_0060.png,0,0,1,koclip_svm
10035,iphone16_0060.png,3,4,1,koclip_svm
10036,iphone16_0060.png,0,4,1,koclip_svm
10037,iphone16_0060.png,2,4,1,koclip_svm
10065,iphone16_0069.png,4,4,1,koclip_svm
10066,iphone16_0069.png,4,4,1,koclip_svm
10067,iphone16_0069.png,4,1,1,koclip_svm
10068,iphone16_0069.png,4,1,1,koclip_svm
10069,iphone16_0069.png,4,1,1,koclip_svm
10111,iphone16_0076.png,4,4,1,koclip_svm
10112,iphone16_0076.png,4,4,1,koclip_svm
10113,iphone16_0076.png,4,1,1,koclip_svm
10114,iphone16_0076.png,1,0,1,koclip_svm
10115,iphone16_0076.png,1,2,1,koclip_svm
10242,iphone16_0096.png,4,4,1,koclip_svm
10243,iphone16_0096.png,4,2,1,koclip_svm
10244,iphone16_0096.png,3,2,1,koclip_svm
10245,iphone16_0096.png,1,4,1,koclip_svm
10246,iphone16_0096.png,1,4,1,koclip_svm
10274,healthstagram_0008.png,4,4,1,koclip_svm
10275,healthstagram_0008.png,4,4,1,koclip_svm
10276,healthstagram_0008.png,3,3,1,koclip_svm
10277,healthstagram_0008.png,3,4,1,koclip_svm
10278,healthstagram_0008.png,3,4,1,koclip_svm
10279,healthstagram_0008.png,2,4,1,koclip_svm
10280,healthstagram_0008.png,2,4,1,koclip_svm
10281,healthstagram_0008.png,2,2,1,koclip_svm
10312,healthstagram_0011.png,4,4,1,koclip_svm
10313,healthstagram_0011.png,1,1,1,koclip_svm
10354,healthstagram_0022.png,3,4,1,koclip_svm
10355,healthstagram_0022.png,3,2,1,koclip_svm
10356,healthstagram_0022.png,3,4,1,koclip_svm
10357,healthstagram_0022.png,1,0,1,koclip_svm
10358,healthstagram_0022.png,1,0,1,koclip_svm
10359,healthstagram_0022.png,4,3,1,koclip_svm
10360,healthstagram_0022.png,4,3,1,koclip_svm
10361,healthstagram_0022.png,4,3,1,koclip_svm
10362,healthstagram_0022.png,2,2,1,koclip_svm
10363,healthstagram_0022.png,3,4,1,koclip_svm
10364,healthstagram_0022.png,2,2,1,koclip_svm
10365,healthstagram_0022.png,4,4,1,koclip_svm
10366,healthstagram_0022.png,0,0,1,koclip_svm
10367,healthstagram_0022.png,0,0,1,koclip_svm
10368,healthstagram_0022.png,2,4,1,koclip_svm
10369,healthstagram_0022.png,3,0,1,koclip_svm
10370,healthstagram_0022.png,3,0,1,koclip_svm
10371,healthstagram_0022.png,2,2,1,koclip_svm
10372,healthstagram_0022.png,0,0,1,koclip_svm
10373,healthstagram_0022.png,3,4,1,koclip_svm
10374,healthstagram_0022.png,3,2,1,koclip_svm
10375,healthstagram_0022.png,1,0,1,koclip_svm
10376,healthstagram_0022.png,0,0,1,koclip_svm
10377,healthstagram_0022.png,2,2,1,koclip_svm
10378,healthstagram_0022.png,2,3,1,koclip_svm
10379,healthstagram_0022.png,0,0,1,koclip_svm
10409,healthstagram_0029.png,4,1,1,koclip_svm
10410,healthstagram_0029.png,1,0,1,koclip_svm
10411,healthstagram_0029.png,1,1,1,koclip_svm
10412,healthstagram_0029.png,0,0,1,koclip_svm
10413,healthstagram_0029.png,2,3,1,koclip_svm
10436,healthstagram_0036.png,4,1,1,koclip_svm
10437,healthstagram_0036.png,4,1,1,koclip_svm
10438,healthstagram_0036.png,4,4,1,koclip_svm
10439,healthstagram_0036.png,4,4,1,koclip_svm
10440,healthstagram_0036.png,3,3,1,koclip_svm
10490,healthstagram_0041.png,4,3,1,koclip_svm
10491,healthstagram_0041.png,3,4,1,koclip_svm
10492,healthstagram_0041.png,1,0,1,koclip_svm
10493,healthstagram_0041.png,1,1,1,koclip_svm
10494,healthstagram_0041.png,0,0,1,koclip_svm
10495,healthstagram_0041.png,2,2,1,koclip_svm
10496,healthstagram_0041.png,1,1,1,koclip_svm
10497,healthstagram_0041.png,1,0,1,koclip_svm
10498,healthstagram_0041.png,2,2,1,koclip_svm
10499,healthstagram_0041.png,2,4,1,koclip_svm
10500,healthstagram_0041.png,0,0,1,koclip_svm
10501,healthstagram_0041.png,0,2,1,koclip_svm
10502,healthstagram_0041.png,0,0,1,koclip_svm
10503,healthstagram_0041.png,2,2,1,koclip_svm
10504,healthstagram_0041.png,2,2,1,koclip_svm
10505,healthstagram_0041.png,0,0,1,koclip_svm
10549,healthstagram_0057.png,4,3,1,koclip_svm
10550,healthstagram_0057.png,4,4,1,koclip_svm
10551,healthstagram_0057.png,4,4,1,koclip_svm
10552,healthstagram_0057.png,3,4,1,koclip_svm
10553,healthstagram_0057.png,4,2,1,koclip_svm
10554,healthstagram_0057.png,4,4,1,koclip_svm
10555,healthstagram_0057.png,3,1,1,koclip_svm
10556,healthstagram_0057.png,3,2,1,koclip_svm
10557,healthstagram_0057.png,3,2,1,koclip_svm
10558,healthstagram_0057.png,4,3,1,koclip_svm
10559,healthstagram_0057.png,2,2,1,koclip_svm
10637,healthstagram_0075.png,0,1,1,koclip_svm
10638,healthstagram_0075.png,3,4,1,koclip_svm
10639,healthstagram_0075.png,3,4,1,koclip_svm
10640,healthstagram_0076.png,4,4,1,koclip_svm
10697,healthstagram_0090.png,0,2,1,koclip_svm
10822,ounwan_0011.png,4,4,1,koclip_svm
10823,ounwan_0011.png,4,4,1,koclip_svm
10824,ounwan_0011.png,3,4,1,koclip_svm
10825,ounwan_0011.png,4,4,1,koclip_svm
10826,ounwan_0011.png,3,2,1,koclip_svm
10827,ounwan_0011.png,2,2,1,koclip_svm
10828,ounwan_0011.png,2,2,1,koclip_svm
10829,ounwan_0011.png,4,4,1,koclip_svm
10830,ounwan_0011.png,3,4,1,koclip_svm
10831,ounwan_0011.png,1,1,1,koclip_svm
10832,ounwan_0011.png,3,4,1,koclip_svm
10833,ounwan_0011.png,2,2,1,koclip_svm
10834,ounwan_0011.png,4,4,1,koclip_svm
10835,ounwan_0011.png,2,2,1,koclip_svm
10836,ounwan_0011.png,2,2,1,koclip_svm
10837,ounwan_0011.png,3,4,1,koclip_svm
10838,ounwan_0011.png,4,4,1,koclip_svm
10839,ounwan_0011.png,4,4,1,koclip_svm
10840,ounwan_0011.png,4,4,1,koclip_svm
10841,ounwan_0011.png,3,4,1,koclip_svm
10842,ounwan_0011.png,2,2,1,koclip_svm
10843,ounwan_0011.png,1,0,1,koclip_svm
10844,ounwan_0011.png,2,2,1,koclip_svm
10845,ounwan_0011.png,1,4,1,koclip_svm
10846,ounwan_0011.png,1,4,1,koclip_svm
10882,ounwan_0015.png,4,2,1,koclip_svm
10883,ounwan_0015.png,1,1,1,koclip_svm
10884,ounwan_0015.png,1,1,1,koclip_svm
10885,ounwan_0015.png,4,4,1,koclip_svm
10886,ounwan_0015.png,1,0,1,koclip_svm
10887,ounwan_0015.png,4,4,1,koclip_svm
10888,ounwan_0015.png,3,3,1,koclip_svm
10889,ounwan_0015.png,2,2,1,koclip_svm
10890,ounwan_0015.png,2,2,1,koclip_svm
10891,ounwan_0015.png,4,2,1,koclip_svm
10892,ounwan_0015.png,2,2,1,koclip_svm
10893,ounwan_0015.png,4,4,1,koclip_svm
10894,ounwan_0015.png,4,4,1,koclip_svm
10895,ounwan_0015.png,2,2,1,koclip_svm
10896,ounwan_0015.png,2,2,1,koclip_svm
10897,ounwan_0015.png,3,2,1,koclip_svm
10903,ounwan_0018.png,4,3,1,koclip_svm
10904,ounwan_0018.png,3,3,1,koclip_svm
10905,ounwan_0018.png,2,1,1,koclip_svm
10906,ounwan_0018.png,2,2,1,koclip_svm
10907,ounwan_0018.png,4,3,1,koclip_svm
10908,ounwan_0018.png,4,4,1,koclip_svm
10909,ounwan_0018.png,2,2,1,koclip_svm
10910,ounwan_0019.png,0,4,1,koclip_svm
10911,ounwan_0019.png,0,4,1,koclip_svm
10912,ounwan_0019.png,0,4,1,koclip_svm
10913,ounwan_0019.png,0,4,1,koclip_svm
10947,ounwan_0033.png,4,4,1,koclip_svm
10948,ounwan_0033.png,0,4,1,koclip_svm
10949,ounwan_0033.png,2,3,1,koclip_svm
10950,ounwan_0033.png,3,4,1,koclip_svm
10951,ounwan_0033.png,1,1,1,koclip_svm
10952,ounwan_0033.png,2,1,1,koclip_svm
10953,ounwan_0033.png,4,4,1,koclip_svm
10954,ounwan_0033.png,3,3,1,koclip_svm
10955,ounwan_0033.png,3,3,1,koclip_svm
10956,ounwan_0033.png,4,4,1,koclip_svm
10957,ounwan_0033.png,2,2,1,koclip_svm
10958,ounwan_0033.png,1,2,1,koclip_svm
10959,ounwan_0033.png,1,1,1,koclip_svm
10960,ounwan_0033.png,3,4,1,koclip_svm
10961,ounwan_0033.png,3,4,1,koclip_svm
10962,ounwan_0033.png,2,4,1,koclip_svm
10971,ounwan_0036.png,4,3,1,koclip_svm
10972,ounwan_0036.png,4,3,1,koclip_svm
10973,ounwan_0036.png,4,0,1,koclip_svm
10974,ounwan_0036.png,2,2,1,koclip_svm
10975,ounwan_0036.png,4,0,1,koclip_svm
11005,ounwan_0043.png,4,4,1,koclip_svm
11006,ounwan_0043.png,3,3,1,koclip_svm
11007,ounwan_0043.png,2,1,1,koclip_svm
11008,ounwan_0043.png,4,4,1,koclip_svm
11009,ounwan_0043.png,2,2,1,koclip_svm
11010,ounwan_0043.png,3,2,1,koclip_svm
11011,ounwan_0043.png,3,2,1,koclip_svm
11012,ounwan_0043.png,3,2,1,koclip_svm
11013,ounwan_0043.png,3,3,1,koclip_svm
11014,ounwan_0043.png,3,2,1,koclip_svm
11015,ounwan_0043.png,4,4,1,koclip_svm
11016,ounwan_0043.png,2,4,1,koclip_svm
11017,ounwan_0043.png,1,1,1,koclip_svm
11018,ounwan_0043.png,1,2,1,koclip_svm
11019,ounwan_0043.png,0,0,1,koclip_svm
11020,ounwan_0043.png,0,0,1,koclip_svm
11021,ounwan_0043.png,0,0,1,koclip_svm
11022,ounwan_0043.png,1,0,1,koclip_svm
11023,ounwan_0043.png,4,4,1,koclip_svm
11024,ounwan_0043.png,4,4,1,koclip_svm
11025,ounwan_0043.png,2,2,1,koclip_svm
11026,ounwan_0043.png,1,0,1,koclip_svm
11027,ounwan_0043.png,0,0,1,koclip_svm
11028,ounwan_0043.png,2,0,1,koclip_svm
11065,ounwan_0050.png,3,3,1,koclip_svm
11095,ounwan_0054.png,4,3,1,koclip_svm
11136,ounwan_0061.png,2,2,1,koclip_svm
11137,ounwan_0061.png,3,3,1,koclip_svm
11138,ounwan_0061.png,2,0,1,koclip_svm
11139,ounwan_0061.png,3,4,1,koclip_svm
11197,ounwan_0069.png,3,3,1,koclip_svm
11198,ounwan_0069.png,4,2,1,koclip_svm
11199,ounwan_0069.png,2,2,1,koclip_svm
11200,ounwan_0069.png,4,4,1,koclip_svm
11201,ounwan_0069.png,4,4,1,koclip_svm
11202,ounwan_0069.png,3,2,1,koclip_svm
11203,ounwan_0069.png,1,2,1,koclip_svm
11204,ounwan_0069.png,2,2,1,koclip_svm
11205,ounwan_0069.png,1,0,1,koclip_svm
11206,ounwan_0069.png,0,2,1,koclip_svm
11207,ounwan_0069.png,0,2,1,koclip_svm
11208,ounwan_0069.png,1,2,1,koclip_svm
11209,ounwan_0069.png,2,2,1,koclip_svm
11210,ounwan_0069.png,0,2,1,koclip_svm
11211,ounwan_0069.png,4,4,1,koclip_svm
11212,ounwan_0069.png,3,3,1,koclip_svm
11213,ounwan_0069.png,0,4,1,koclip_svm
11214,ounwan_0069.png,3,2,1,koclip_svm
11215,ounwan_0071.png,1,1,1,koclip_svm
11268,ounwan_0077.png,2,1,1,koclip_svm
11269,ounwan_0077.png,1,1,1,koclip_svm
11270,ounwan_0077.png,1,1,1,koclip_svm
11271,ounwan_0077.png,1,1,1,koclip_svm
11272,ounwan_0077.png,1,1,1,koclip_svm
11273,ounwan_0077.png,2,0,1,koclip_svm
11274,ounwan_0077.png,1,4,1,koclip_svm
11313,ounwan_0086.png,4,3,1,koclip_svm
11314,ounwan_0086.png,4,2,1,koclip_svm
11315,ounwan_0086.png,3,4,1,koclip_svm
11316,ounwan_0086.png,3,4,1,koclip_svm
11317,ounwan_0086.png,4,2,1,koclip_svm
11327,ounwan_0089.png,4,3,1,koclip_svm
11328,ounwan_0089.png,3,3,1,koclip_svm
11329,ounwan_0089.png,2,0,1,koclip_svm
11330,ounwan_0089.png,1,4,1,koclip_svm
11331,ounwan_0089.png,1,4,1,koclip_svm
11332,ounwan_0089.png,2,2,1,koclip_svm
11333,ounwan_0089.png,2,2,1,koclip_svm
11334,ounwan_0089.png,1,4,1,koclip_svm
11335,ounwan_0089.png,1,2,1,koclip_svm
11336,ounwan_0089.png,1,4,1,koclip_svm
11337,ounwan_0089.png,1,4,1,koclip_svm
11338,ounwan_0089.png,0,1,1,koclip_svm
11339,ounwan_0089.png,1,1,1,koclip_svm
11340,ounwan_0089.png,1,1,1,koclip_svm
11341,ounwan_0089.png,1,0,1,koclip_svm
11342,ounwan_0089.png,1,4,1,koclip_svm
11343,ounwan_0089.png,3,4,1,koclip_svm
11344,ounwan_0089.png,2,0,1,koclip_svm
11345,ounwan_0089.png,3,4,1,koclip_svm
11346,ounwan_0089.png,4,4,1,koclip_svm
11347,ounwan_0089.png,1,3,1,koclip_svm
11348,ounwan_0089.png,1,4,1,koclip_svm
11349,ounwan_0089.png,3,2,1,koclip_svm
11350,ounwan_0089.png,1,4,1,koclip_svm
11351,ounwan_0089.png,4,4,1,koclip_svm
11352,ounwan_0089.png,2,4,1,koclip_svm
11353,ounwan_0089.png,1,4,1,koclip_svm
11362,ounwan_0093.png,0,1,1,koclip_svm
11363,ounwan_0093.png,1,2,1,koclip_svm
11364,ounwan_0093.png,2,3,1,koclip_svm
11365,ounwan_0093.png,4,4,1,koclip_svm
11366,ounwan_0094.png,3,2,1,koclip_svm
11367,ounwan_0094.png,3,3,1,koclip_svm
11368,ounwan_0094.png,2,2,1,koclip_svm
11453,dietfood_0010.png,3,4,1,koclip_svm
11454,dietfood_0010.png,4,4,1,koclip_svm
11455,dietfood_0010.png,2,4,1,koclip_svm
11464,dietfood_0013.png,3,4,1,koclip_svm
11465,dietfood_0013.png,2,4,1,koclip_svm
11466,dietfood_0013.png,1,4,1,koclip_svm
11467,dietfood_0013.png,2,4,1,koclip_svm
11468,dietfood_0013.png,3,3,1,koclip_svm
11492,dietfood_0018.png,1,4,1,koclip_svm
11493,dietfood_0018.png,3,3,1,koclip_svm
11494,dietfood_0018.png,3,1,1,koclip_svm
11495,dietfood_0018.png,4,4,1,koclip_svm
11496,dietfood_0018.png,3,4,1,koclip_svm
11567,dietfood_0029.png,0,4,1,koclip_svm
11568,dietfood_0029.png,0,3,1,koclip_svm
11569,dietfood_0029.png,0,4,1,koclip_svm
11570,dietfood_0029.png,0,3,1,koclip_svm
11571,dietfood_0029.png,0,4,1,koclip_svm
11572,dietfood_0031.png,4,2,1,koclip_svm
11573,dietfood_0031.png,2,2,1,koclip_svm
11574,dietfood_0031.png,3,0,1,koclip_svm
11575,dietfood_0031.png,1,0,1,koclip_svm
11576,dietfood_0031.png,0,0,1,koclip_svm
11640,dietfood_0042.png,4,2,1,koclip_svm
11641,dietfood_0042.png,4,4,1,koclip_svm
11642,dietfood_0042.png,3,0,1,koclip_svm
11643,dietfood_0042.png,4,2,1,koclip_svm
11644,dietfood_0042.png,2,2,1,koclip_svm
11675,dietfood_0051.png,3,3,1,koclip_svm
11676,dietfood_0051.png,3,4,1,koclip_svm
11677,dietfood_0051.png,4,3,1,koclip_svm
11678,dietfood_0051.png,3,3,1,koclip_svm
11679,dietfood_0051.png,2,3,1,koclip_svm
11711,dietfood_0058.png,4,3,1,koclip_svm
11712,dietfood_0058.png,4,4,1,koclip_svm
11713,dietfood_0058.png,3,3,1,koclip_svm
11714,dietfood_0058.png,4,3,1,koclip_svm
11715,dietfood_0058.png,4,3,1,koclip_svm
11716,dietfood_0058.png,4,3,1,koclip_svm
11717,dietfood_0058.png,4,4,1,koclip_svm
11718,dietfood_0058.png,4,4,1,koclip_svm
11719,dietfood_0058.png,4,4,1,koclip_svm
11720,dietfood_0058.png,3,3,1,koclip_svm
11721,dietfood_0058.png,3,2,1,koclip_svm
11722,dietfood_0058.png,3,3,1,koclip_svm
11723,dietfood_0058.png,2,3,1,koclip_svm
11724,dietfood_0058.png,4,4,1,koclip_svm
11725,dietfood_0058.png,4,3,1,koclip_svm
11726,dietfood_0058.png,3,4,1,koclip_svm
11727,dietfood_0058.png,2,4,1,koclip_svm
11728,dietfood_0058.png,3,3,1,koclip_svm
11729,dietfood_0058.png,2,2,1,koclip_svm
11730,dietfood_0058.png,4,4,1,koclip_svm
11788,dietfood_0068.png,4,3,1,koclip_svm
11789,dietfood_0068.png,3,3,1,koclip_svm
11790,dietfood_0068.png,4,4,1,koclip_svm
11791,dietfood_0068.png,4,4,1,koclip_svm
11792,dietfood_0068.png,4,4,1,koclip_svm
11793,dietfood_0068.png,2,4,1,koclip_svm
11794,dietfood_0068.png,1,3,1,koclip_svm
11795,dietfood_0068.png,2,4,1,koclip_svm
11796,dietfood_0068.png,4,4,1,koclip_svm
11797,dietfood_0068.png,3,4,1,koclip_svm
11798,dietfood_0068.png,3,4,1,koclip_svm
11799,dietfood_0068.png,1,4,1,koclip_svm
11800,dietfood_0068.png,1,4,1,koclip_svm
11823,dietfood_0072.png,4,4,1,koclip_svm
11824,dietfood_0072.png,3,3,1,koclip_svm
11825,dietfood_0072.png,3,3,1,koclip_svm
11826,dietfood_0072.png,3,3,1,koclip_svm
11827,dietfood_0072.png,3,3,1,koclip_svm
11852,dietfood_0076.png,0,4,1,koclip_svm
11853,dietfood_0076.png,0,0,1,koclip_svm
11854,dietfood_0076.png,4,4,1,koclip_svm
11855,dietfood_0076.png,3,0,1,koclip_svm
11856,dietfood_0076.png,3,0,1,koclip_svm
11857,dietfood_0076.png,1,4,1,koclip_svm
11858,dietfood_0076.png,2,0,1,koclip_svm
11859,dietfood_0076.png,1,0,1,koclip_svm
11860,dietfood_0076.png,1,0,1,koclip_svm
11861,dietfood_0076.png,2,0,1,koclip_svm
11862,dietfood_0076.png,4,0,1,koclip_svm
11863,dietfood_0076.png,1,0,1,koclip_svm
11883,dietfood_0081.png,0,4,1,koclip_svm
11884,dietfood_0081.png,0,3,1,koclip_svm
11885,dietfood_0081.png,0,3,1,koclip_svm
11901,dietfood_0083.png,4,3,1,koclip_svm
11902,dietfood_0083.png,4,4,1,koclip_svm
11903,dietfood_0083.png,4,3,1,koclip_svm
11904,dietfood_0083.png,3,3,1,koclip_svm
11905,dietfood_0083.png,1,1,1,koclip_svm
11906,dietfood_0084.png,4,3,1,koclip_svm
11907,dietfood_0084.png,4,3,1,koclip_svm
11908,dietfood_0084.png,4,4,1,koclip_svm
11909,dietfood_0084.png,4,3,1,koclip_svm
11910,dietfood_0084.png,4,3,1,koclip_svm
11924,dietfood_0087.png,4,3,1,koclip_svm
11925,dietfood_0087.png,4,4,1,koclip_svm
11926,dietfood_0087.png,4,3,1,koclip_svm
11927,dietfood_0087.png,2,2,1,koclip_svm
11928,dietfood_0087.png,2,3,1,koclip_svm
11929,dietfood_0087.png,2,3,1,koclip_svm
11930,dietfood_0087.png,4,3,1,koclip_svm
11931,dietfood_0087.png,1,3,1,koclip_svm
11932,dietfood_0087.png,4,3,1,koclip_svm
11933,dietfood_0087.png,3,3,1,koclip_svm
11934,dietfood_0087.png,2,2,1,koclip_svm
11935,dietfood_0087.png,4,4,1,koclip_svm
11936,dietfood_0087.png,3,3,1,koclip_svm
11937,dietfood_0087.png,3,3,1,koclip_svm
11938,dietfood_0087.png,3,3,1,koclip_svm
11939,dietfood_0087.png,3,3,1,koclip_svm
11940,dietfood_0087.png,2,2,1,koclip_svm
11941,dietfood_0087.png,2,3,1,koclip_svm
12005,dietfood_0099.png,4,3,1,koclip_svm
12006,dietfood_0099.png,4,3,1,koclip_svm
1,ai_0001.png,4,4,2,koclip_svm
2,ai_0001.png,3,4,2,koclip_svm
3,ai_0001.png,4,4,2,koclip_svm
4,ai_0001.png,3,4,2,koclip_svm
5,ai_0001.png,3,1,2,koclip_svm
20,ai_0006.png,3,4,2,koclip_svm
89,ai_0014.png,4,1,2,koclip_svm
90,ai_0014.png,1,2,2,koclip_svm
91,ai_0014.png,4,4,2,koclip_svm
92,ai_0014.png,1,1,2,koclip_svm
93,ai_0014.png,1,1,2,koclip_svm
94,ai_0014.png,0,0,2,koclip_svm
95,ai_0014.png,0,0,2,koclip_svm
96,ai_0014.png,1,2,2,koclip_svm
97,ai_0014.png,0,4,2,koclip_svm
98,ai_0014.png,3,2,2,koclip_svm
99,ai_0014.png,3,2,2,koclip_svm
100,ai_0014.png,2,0,2,koclip_svm
101,ai_0014.png,1,1,2,koclip_svm
102,ai_0014.png,1,1,2,koclip_svm
103,ai_0014.png,4,4,2,koclip_svm
104,ai_0014.png,3,3,2,koclip_svm
105,ai_0014.png,2,2,2,koclip_svm
106,ai_0014.png,3,2,2,koclip_svm
107,ai_0014.png,2,2,2,koclip_svm
108,ai_0014.png,4,4,2,koclip_svm
109,ai_0014.png,2,2,2,koclip_svm
110,ai_0014.png,0,1,2,koclip_svm
111,ai_0014.png,1,2,2,koclip_svm
214,ai_0020.png,4,4,2,koclip_svm
215,ai_0020.png,3,2,2,koclip_svm
216,ai_0020.png,2,2,2,koclip_svm
217,ai_0020.png,3,4,2,koclip_svm
218,ai_0020.png,1,2,2,koclip_svm
219,ai_0020.png,1,1,2,koclip_svm
220,ai_0020.png,1,1,2,koclip_svm
221,ai_0020.png,4,1,2,koclip_svm
222,domesticTravel_0003.png,1,1,2,koclip_svm
223,domesticTravel_0003.png,3,1,2,koclip_svm
224,domesticTravel_0003.png,3,3,2,koclip_svm
225,domesticTravel_0003.png,2,3,2,koclip_svm
226,domesticTravel_0003.png,3,3,2,koclip_svm
227,domesticTravel_0003.png,4,1,2,koclip_svm
228,domesticTravel_0003.png,2,1,2,koclip_svm
229,domesticTravel_0003.png,3,1,2,koclip_svm
230,domesticTravel_0003.png,1,1,2,koclip_svm
231,domesticTravel_0003.png,2,1,2,koclip_svm
232,domesticTravel_0003.png,1,1,2,koclip_svm
233,domesticTravel_0003.png,2,4,2,koclip_svm
234,domesticTravel_0003.png,0,0,2,koclip_svm
235,domesticTravel_0003.png,3,2,2,koclip_svm
236,domesticTravel_0003.png,1,1,2,koclip_svm
258,domesticTravel_0006.png,4,1,2,koclip_svm
259,domesticTravel_0006.png,0,1,2,koclip_svm
260,domesticTravel_0006.png,4,4,2,koclip_svm
261,domesticTravel_0006.png,1,1,2,koclip_svm
262,domesticTravel_0006.png,0,1,2,koclip_svm
279,domesticTravel_0011.png,1,1,2,koclip_svm
280,domesticTravel_0011.png,4,4,2,koclip_svm
281,domesticTravel_0011.png,4,1,2,koclip_svm
282,domesticTravel_0011.png,3,0,2,koclip_svm
283,domesticTravel_0011.png,3,2,2,koclip_svm
284,domesticTravel_0011.png,3,3,2,koclip_svm
285,domesticTravel_0011.png,2,2,2,koclip_svm
286,domesticTravel_0011.png,4,3,2,koclip_svm
287,domesticTravel_0011.png,4,4,2,koclip_svm
288,domesticTravel_0011.png,3,2,2,koclip_svm
290,domesticTravel_0014.png,4,1,2,koclip_svm
291,domesticTravel_0014.png,3,3,2,koclip_svm
292,domesticTravel_0014.png,4,2,2,koclip_svm
293,domesticTravel_0014.png,3,3,2,koclip_svm
294,domesticTravel_0014.png,3,3,2,koclip_svm
295,domesticTravel_0014.png,2,2,2,koclip_svm
296,domesticTravel_0014.png,2,2,2,koclip_svm
297,domesticTravel_0014.png,3,3,2,koclip_svm
298,domesticTravel_0014.png,3,3,2,koclip_svm
299,domesticTravel_0014.png,1,3,2,koclip_svm
300,domesticTravel_0014.png,4,4,2,koclip_svm
301,domesticTravel_0014.png,4,1,2,koclip_svm
306,domesticTravel_0016.png,4,2,2,koclip_svm
307,domesticTravel_0016.png,4,1,2,koclip_svm
308,domesticTravel_0016.png,4,2,2,koclip_svm
309,domesticTravel_0016.png,1,0,2,koclip_svm
310,domesticTravel_0016.png,3,3,2,koclip_svm
311,domesticTravel_0016.png,3,2,2,koclip_svm
312,domesticTravel_0016.png,3,3,2,koclip_svm
313,domesticTravel_0016.png,2,2,2,koclip_svm
314,domesticTravel_0016.png,0,0,2,koclip_svm
315,domesticTravel_0016.png,0,1,2,koclip_svm
316,domesticTravel_0016.png,0,1,2,koclip_svm
317,domesticTravel_0016.png,2,2,2,koclip_svm
318,domesticTravel_0016.png,1,0,2,koclip_svm
319,domesticTravel_0016.png,2,2,2,koclip_svm
320,domesticTravel_0016.png,4,4,2,koclip_svm
439,fall_0013.png,4,1,2,koclip_svm
440,fall_0013.png,4,1,2,koclip_svm
441,fall_0013.png,3,1,2,koclip_svm
442,fall_0013.png,3,1,2,koclip_svm
443,fall_0013.png,4,0,2,koclip_svm
444,fall_0013.png,4,0,2,koclip_svm
445,fall_0013.png,4,0,2,koclip_svm
446,fall_0013.png,4,4,2,koclip_svm
447,fall_0013.png,4,1,2,koclip_svm
448,fall_0013.png,4,1,2,koclip_svm
449,fall_0013.png,4,4,2,koclip_svm
450,fall_0013.png,4,0,2,koclip_svm
451,fall_0013.png,3,1,2,koclip_svm
452,fall_0013.png,0,4,2,koclip_svm
453,fall_0013.png,0,0,2,koclip_svm
454,fall_0013.png,1,4,2,koclip_svm
455,fall_0013.png,1,0,2,koclip_svm
456,fall_0013.png,1,0,2,koclip_svm
457,fall_0013.png,1,1,2,koclip_svm
458,fall_0013.png,1,1,2,koclip_svm
459,fall_0013.png,1,1,2,koclip_svm
460,fall_0013.png,1,1,2,koclip_svm
461,fall_0013.png,0,1,2,koclip_svm
462,fall_0013.png,1,0,2,koclip_svm
463,fall_0013.png,0,0,2,koclip_svm
464,fall_0013.png,1,0,2,koclip_svm
465,fall_0013.png,0,1,2,koclip_svm
466,fall_0013.png,1,0,2,koclip_svm
467,fall_0013.png,1,2,2,koclip_svm
468,fall_0013.png,1,1,2,koclip_svm
498,fall_0016.png,3,4,2,koclip_svm
499,fall_0016.png,4,1,2,koclip_svm
500,fall_0016.png,4,4,2,koclip_svm
501,fall_0016.png,4,1,2,koclip_svm
502,fall_0016.png,4,1,2,koclip_svm
503,fall_0016.png,2,2,2,koclip_svm
504,fall_0016.png,0,4,2,koclip_svm
505,fall_0016.png,4,4,2,koclip_svm
506,fall_0016.png,3,1,2,koclip_svm
507,fall_0016.png,4,4,2,koclip_svm
508,fall_0016.png,4,4,2,koclip_svm
509,fall_0016.png,1,1,2,koclip_svm
510,fall_0016.png,4,4,2,koclip_svm
663,fashion_0016.png,4,4,2,koclip_svm
664,fashion_0016.png,4,4,2,koclip_svm
665,fashion_0016.png,3,4,2,koclip_svm
666,fashion_0016.png,2,4,2,koclip_svm
667,fashion_0016.png,3,4,2,koclip_svm
668,fashion_0016.png,4,4,2,koclip_svm
669,fashion_0016.png,3,3,2,koclip_svm
670,fashion_0016.png,3,3,2,koclip_svm
671,fashion_0016.png,1,3,2,koclip_svm
672,fashion_0016.png,3,4,2,koclip_svm
673,fashion_0016.png,4,4,2,koclip_svm
674,fashion_0016.png,4,4,2,koclip_svm
675,fashion_0016.png,3,3,2,koclip_svm
676,fashion_0016.png,4,4,2,koclip_svm
677,fashion_0016.png,4,4,2,koclip_svm
678,fashion_0016.png,3,4,2,koclip_svm
679,fashion_0016.png,4,4,2,koclip_svm
680,fashion_0016.png,4,4,2,koclip_svm
681,fashion_0016.png,2,4,2,koclip_svm
682,fashion_0016.png,4,4,2,koclip_svm
683,fashion_0016.png,3,4,2,koclip_svm
684,fashion_0018.png,3,3,2,koclip_svm
685,fashion_0018.png,2,1,2,koclip_svm
686,fashion_0018.png,1,1,2,koclip_svm
687,fashion_0018.png,1,1,2,koclip_svm
688,fashion_0018.png,4,3,2,koclip_svm
689,fashion_0018.png,4,3,2,koclip_svm
690,fashion_0018.png,3,3,2,koclip_svm
691,fashion_0018.png,2,2,2,koclip_svm
692,fashion_0018.png,4,2,2,koclip_svm
693,fashion_0018.png,4,2,2,koclip_svm
694,fashion_0018.png,3,3,2,koclip_svm
695,fashion_0018.png,3,3,2,koclip_svm
696,fashion_0018.png,1,1,2,koclip_svm
697,fashion_0018.png,1,2,2,koclip_svm
698,fashion_0018.png,3,2,2,koclip_svm
699,fashion_0018.png,3,1,2,koclip_svm
700,fashion_0018.png,3,1,2,koclip_svm
701,fashion_0018.png,4,2,2,koclip_svm
794,movie_0011.png,4,4,2,koclip_svm
795,movie_0011.png,4,4,2,koclip_svm
796,movie_0011.png,3,4,2,koclip_svm
797,movie_0011.png,1,2,2,koclip_svm
798,movie_0011.png,4,2,2,koclip_svm
799,movie_0011.png,4,2,2,koclip_svm
800,movie_0011.png,4,4,2,koclip_svm
801,movie_0011.png,2,2,2,koclip_svm
802,movie_0011.png,1,2,2,koclip_svm
803,movie_0011.png,3,3,2,koclip_svm
804,movie_0011.png,3,2,2,koclip_svm
813,movie_0015.png,4,0,2,koclip_svm
814,movie_0015.png,4,2,2,koclip_svm
815,movie_0015.png,4,1,2,koclip_svm
816,movie_0015.png,2,2,2,koclip_svm
817,movie_0015.png,1,3,2,koclip_svm
818,movie_0015.png,1,1,2,koclip_svm
819,movie_0015.png,1,1,2,koclip_svm
820,movie_0015.png,2,1,2,koclip_svm
821,movie_0015.png,1,1,2,koclip_svm
822,movie_0015.png,2,1,2,koclip_svm
823,movie_0015.png,2,1,2,koclip_svm
824,movie_0015.png,1,1,2,koclip_svm
825,movie_0015.png,2,2,2,koclip_svm
826,movie_0015.png,1,1,2,koclip_svm
827,movie_0015.png,1,1,2,koclip_svm
828,movie_0015.png,1,3,2,koclip_svm
829,movie_0015.png,1,3,2,koclip_svm
830,movie_0015.png,2,2,2,koclip_svm
831,movie_0015.png,2,3,2,koclip_svm
832,movie_0015.png,1,1,2,koclip_svm
833,movie_0015.png,1,1,2,koclip_svm
834,movie_0015.png,1,1,2,koclip_svm
835,movie_0015.png,1,3,2,koclip_svm
836,movie_0015.png,0,1,2,koclip_svm
837,movie_0015.png,1,2,2,koclip_svm
838,movie_0015.png,3,3,2,koclip_svm
839,movie_0015.png,1,1,2,koclip_svm
840,movie_0015.png,1,3,2,koclip_svm
841,movie_0015.png,3,3,2,koclip_svm
842,movie_0015.png,0,1,2,koclip_svm
843,movie_0016.png,3,1,2,koclip_svm
844,movie_0016.png,2,1,2,koclip_svm
845,movie_0016.png,4,1,2,koclip_svm
846,movie_0016.png,1,1,2,koclip_svm
847,movie_0016.png,2,1,2,koclip_svm
848,movie_0016.png,1,2,2,koclip_svm
849,movie_0016.png,2,3,2,koclip_svm
877,movie_0020.png,4,1,2,koclip_svm
878,movie_0020.png,3,1,2,koclip_svm
879,movie_0020.png,2,1,2,koclip_svm
880,movie_0020.png,1,2,2,koclip_svm
881,movie_0020.png,0,3,2,koclip_svm
882,movie_0020.png,0,4,2,koclip_svm
883,movie_0020.png,2,2,2,koclip_svm
884,movie_0020.png,1,1,2,koclip_svm
885,movie_0020.png,1,2,2,koclip_svm
886,movie_0020.png,0,3,2,koclip_svm
887,movie_0020.png,1,3,2,koclip_svm
1019,olive_0013.png,4,1,2,koclip_svm
1020,olive_0013.png,4,4,2,koclip_svm
1021,olive_0013.png,4,4,2,koclip_svm
1022,olive_0013.png,4,4,2,koclip_svm
1023,olive_0013.png,3,4,2,koclip_svm
1024,olive_0013.png,4,4,2,koclip_svm
1025,olive_0013.png,3,4,2,koclip_svm
1026,olive_0013.png,1,1,2,koclip_svm
1027,olive_0013.png,1,1,2,koclip_svm
1028,olive_0013.png,4,4,2,koclip_svm
1029,olive_0013.png,4,1,2,koclip_svm
1030,olive_0013.png,4,3,2,koclip_svm
1031,olive_0013.png,4,4,2,koclip_svm
1032,olive_0013.png,4,4,2,koclip_svm
1033,olive_0013.png,3,3,2,koclip_svm
1034,olive_0013.png,2,2,2,koclip_svm
1035,olive_0013.png,2,3,2,koclip_svm
1036,olive_0013.png,3,4,2,koclip_svm
1097,olive_0021.png,2,1,2,koclip_svm
1098,olive_0021.png,4,4,2,koclip_svm
1099,olive_0021.png,4,1,2,koclip_svm
1100,olive_0021.png,3,1,2,koclip_svm
1101,olive_0021.png,1,1,2,koclip_svm
1102,olive_0021.png,3,1,2,koclip_svm
1103,olive_0021.png,4,4,2,koclip_svm
1104,olive_0021.png,3,3,2,koclip_svm
1105,olive_0021.png,3,1,2,koclip_svm
1106,olive_0021.png,2,2,2,koclip_svm
1107,olive_0021.png,3,4,2,koclip_svm
1108,olive_0021.png,1,1,2,koclip_svm
1109,olive_0021.png,4,3,2,koclip_svm
1110,olive_0021.png,4,4,2,koclip_svm
1111,olive_0022.png,3,1,2,koclip_svm
1268,restaurant_0020.png,4,1,2,koclip_svm
1269,restaurant_0020.png,3,1,2,koclip_svm
1270,restaurant_0020.png,4,4,2,koclip_svm
1271,restaurant_0020.png,2,3,2,koclip_svm
1272,restaurant_0020.png,3,3,2,koclip_svm
1273,restaurant_0020.png,3,1,2,koclip_svm
1274,restaurant_0020.png,2,1,2,koclip_svm
1275,restaurant_0020.png,3,3,2,koclip_svm
1276,restaurant_0020.png,3,3,2,koclip_svm
1277,restaurant_0020.png,2,1,2,koclip_svm
1278,restaurant_0020.png,4,3,2,koclip_svm
1279,restaurant_0020.png,2,1,2,koclip_svm
1280,restaurant_0020.png,2,1,2,koclip_svm
1281,restaurant_0020.png,2,1,2,koclip_svm
1282,restaurant_0020.png,3,4,2,koclip_svm
1283,restaurant_0020.png,3,4,2,koclip_svm
1284,restaurant_0020.png,3,3,2,koclip_svm
1285,restaurant_0020.png,3,1,2,koclip_svm
1286,restaurant_0020.png,3,4,2,koclip_svm
1287,restaurant_0020.png,1,3,2,koclip_svm
1288,restaurant_0020.png,1,3,2,koclip_svm
1289,restaurant_0020.png,1,1,2,koclip_svm
1290,restaurant_0020.png,1,1,2,koclip_svm
1291,restaurant_0020.png,3,1,2,koclip_svm
1292,restaurant_0020.png,0,0,2,koclip_svm
1415,zerokal_0008.png,4,1,2,koclip_svm
1416,zerokal_0008.png,4,1,2,koclip_svm
1417,zerokal_0008.png,4,1,2,koclip_svm
1418,zerokal_0008.png,3,1,2,koclip_svm
1419,zerokal_0008.png,3,1,2,koclip_svm
1420,zerokal_0008.png,4,1,2,koclip_svm
1421,zerokal_0008.png,3,3,2,koclip_svm
1422,zerokal_0008.png,3,3,2,koclip_svm
1423,zerokal_0008.png,2,1,2,koclip_svm
1424,zerokal_0008.png,1,2,2,koclip_svm
1425,zerokal_0008.png,1,2,2,koclip_svm
1426,zerokal_0008.png,0,2,2,koclip_svm
1427,zerokal_0008.png,2,2,2,koclip_svm
1428,zerokal_0008.png,1,1,2,koclip_svm
1429,zerokal_0008.png,1,1,2,koclip_svm
1430,zerokal_0008.png,1,1,2,koclip_svm
1431,zerokal_0008.png,4,0,2,koclip_svm
1492,zerokal_0018.png,4,1,2,koclip_svm
1493,zerokal_0018.png,4,4,2,koclip_svm
1494,zerokal_0018.png,4,1,2,koclip_svm
1495,zerokal_0018.png,1,2,2,koclip_svm
1496,zerokal_0018.png,1,1,2,koclip_svm
1497,zerokal_0018.png,3,2,2,koclip_svm
1498,zerokal_0018.png,2,4,2,koclip_svm
1499,zerokal_0018.png,1,3,2,koclip_svm
1648,travelgram_0037.png,4,4,2,koclip_svm
1649,travelgram_0037.png,3,3,2,koclip_svm
1650,travelgram_0037.png,2,3,2,koclip_svm
1651,travelgram_0037.png,3,3,2,koclip_svm
1751,travelgram_0070.png,0,3,2,koclip_svm
1752,travelgram_0070.png,0,2,2,koclip_svm
1753,travelgram_0070.png,0,0,2,koclip_svm
1754,travelgram_0070.png,0,3,2,koclip_svm
1755,travelgram_0070.png,0,2,2,koclip_svm
1756,travelgram_0070.png,0,2,2,koclip_svm
1757,travelgram_0070.png,0,2,2,koclip_svm
1758,travelgram_0070.png,0,3,2,koclip_svm
1759,travelgram_0070.png,0,4,2,koclip_svm
1760,travelgram_0070.png,0,4,2,koclip_svm
1761,travelgram_0070.png,0,4,2,koclip_svm
1899,solotravel_0009.png,2,2,2,koclip_svm
1900,solotravel_0009.png,4,4,2,koclip_svm
1901,solotravel_0009.png,2,2,2,koclip_svm
1902,solotravel_0009.png,3,2,2,koclip_svm
1903,solotravel_0009.png,4,3,2,koclip_svm
1935,solotravel_0025.png,4,4,2,koclip_svm
1954,solotravel_0033.png,4,3,2,koclip_svm
1955,solotravel_0033.png,1,3,2,koclip_svm
1956,solotravel_0033.png,2,3,2,koclip_svm
1957,solotravel_0033.png,3,2,2,koclip_svm
1958,solotravel_0033.png,2,2,2,koclip_svm
1964,solotravel_0037.png,4,4,2,koclip_svm
1965,solotravel_0037.png,3,4,2,koclip_svm
1966,solotravel_0037.png,1,3,2,koclip_svm
1967,solotravel_0037.png,4,4,2,koclip_svm
2004,solotravel_0043.png,4,0,2,koclip_svm
2005,solotravel_0043.png,4,4,2,koclip_svm
2006,solotravel_0043.png,4,4,2,koclip_svm
2007,solotravel_0043.png,1,0,2,koclip_svm
2008,solotravel_0043.png,4,4,2,koclip_svm
2069,solotravel_0055.png,3,4,2,koclip_svm
2070,solotravel_0055.png,3,3,2,koclip_svm
2071,solotravel_0055.png,3,3,2,koclip_svm
2072,solotravel_0055.png,2,4,2,koclip_svm
2073,solotravel_0055.png,1,4,2,koclip_svm
2074,solotravel_0057.png,1,0,2,koclip_svm
2075,solotravel_0057.png,4,1,2,koclip_svm
2111,solotravel_0065.png,3,1,2,koclip_svm
2112,solotravel_0065.png,4,1,2,koclip_svm
2113,solotravel_0065.png,3,3,2,koclip_svm
2114,solotravel_0065.png,3,3,2,koclip_svm
2115,solotravel_0065.png,4,1,2,koclip_svm
2121,solotravel_0067.png,4,0,2,koclip_svm
2122,solotravel_0067.png,4,0,2,koclip_svm
2123,solotravel_0067.png,3,2,2,koclip_svm
2124,solotravel_0067.png,3,3,2,koclip_svm
2125,solotravel_0067.png,2,2,2,koclip_svm
2184,solotravel_0079.png,4,4,2,koclip_svm
2185,solotravel_0079.png,3,2,2,koclip_svm
2186,solotravel_0079.png,3,2,2,koclip_svm
2187,solotravel_0079.png,2,2,2,koclip_svm
2188,solotravel_0079.png,2,4,2,koclip_svm
2194,solotravel_0082.png,4,1,2,koclip_svm
2195,solotravel_0082.png,3,4,2,koclip_svm
2196,solotravel_0082.png,4,3,2,koclip_svm
2197,solotravel_0082.png,0,4,2,koclip_svm
2198,solotravel_0082.png,0,1,2,koclip_svm
2285,travel_0012.png,4,0,2,koclip_svm
2286,travel_0012.png,2,1,2,koclip_svm
2287,travel_0012.png,3,0,2,koclip_svm
2288,travel_0012.png,3,0,2,koclip_svm
2289,travel_0012.png,3,0,2,koclip_svm
2290,travel_0013.png,2,3,2,koclip_svm
2291,travel_0013.png,3,3,2,koclip_svm
2292,travel_0013.png,1,4,2,koclip_svm
2293,travel_0013.png,4,4,2,koclip_svm
2294,travel_0013.png,1,3,2,koclip_svm
2295,travel_0013.png,2,2,2,koclip_svm
2296,travel_0013.png,2,2,2,koclip_svm
2297,travel_0013.png,0,0,2,koclip_svm
2298,travel_0013.png,4,0,2,koclip_svm
2299,travel_0013.png,0,0,2,koclip_svm
2300,travel_0013.png,4,4,2,koclip_svm
2301,travel_0013.png,0,0,2,koclip_svm
2302,travel_0013.png,1,0,2,koclip_svm
2303,travel_0013.png,0,0,2,koclip_svm
2304,travel_0013.png,1,1,2,koclip_svm
2305,travel_0013.png,3,3,2,koclip_svm
2306,travel_0013.png,0,0,2,koclip_svm
2307,travel_0013.png,4,3,2,koclip_svm
2308,travel_0013.png,0,0,2,koclip_svm
2309,travel_0013.png,4,4,2,koclip_svm
2310,travel_0013.png,0,0,2,koclip_svm
2311,travel_0013.png,3,3,2,koclip_svm
2312,travel_0013.png,0,0,2,koclip_svm
2313,travel_0013.png,0,4,2,koclip_svm
2314,travel_0013.png,1,1,2,koclip_svm
2315,travel_0013.png,4,4,2,koclip_svm
2316,travel_0013.png,4,4,2,koclip_svm
2317,travel_0013.png,3,0,2,koclip_svm
2318,travel_0013.png,4,4,2,koclip_svm
2319,travel_0013.png,0,1,2,koclip_svm
2320,travel_0015.png,4,2,2,koclip_svm
2321,travel_0018.png,1,1,2,koclip_svm
2322,travel_0018.png,0,4,2,koclip_svm
2323,travel_0018.png,0,4,2,koclip_svm
2324,travel_0018.png,1,3,2,koclip_svm
2325,travel_0018.png,0,4,2,koclip_svm
2326,travel_0018.png,0,4,2,koclip_svm
2331,travel_0020.png,4,3,2,koclip_svm
2332,travel_0020.png,4,3,2,koclip_svm
2333,travel_0020.png,3,1,2,koclip_svm
2334,travel_0020.png,2,2,2,koclip_svm
2350,travel_0023.png,3,3,2,koclip_svm
2351,travel_0023.png,4,0,2,koclip_svm
2352,travel_0023.png,4,2,2,koclip_svm
2353,travel_0023.png,3,3,2,koclip_svm
2381,travel_0036.png,0,4,2,koclip_svm
2382,travel_0036.png,0,4,2,koclip_svm
2383,travel_0036.png,0,4,2,koclip_svm
2384,travel_0038.png,3,3,2,koclip_svm
2385,travel_0038.png,4,2,2,koclip_svm
2386,travel_0038.png,4,4,2,koclip_svm
2387,travel_0038.png,2,0,2,koclip_svm
2388,travel_0038.png,0,4,2,koclip_svm
2392,travel_0044.png,3,4,2,koclip_svm
2393,travel_0044.png,3,4,2,koclip_svm
2394,travel_0044.png,4,3,2,koclip_svm
2527,travel_0067.png,4,3,2,koclip_svm
2528,travel_0067.png,4,3,2,koclip_svm
2529,travel_0067.png,2,2,2,koclip_svm
2530,travel_0067.png,4,1,2,koclip_svm
2531,travel_0069.png,3,3,2,koclip_svm
2532,travel_0069.png,4,4,2,koclip_svm
2533,travel_0069.png,3,3,2,koclip_svm
2534,travel_0069.png,4,3,2,koclip_svm
2535,travel_0071.png,4,1,2,koclip_svm
2536,travel_0071.png,4,2,2,koclip_svm
2609,travel_0086.png,1,1,2,koclip_svm
2610,travel_0086.png,1,2,2,koclip_svm
2611,travel_0086.png,1,3,2,koclip_svm
2625,travel_0092.png,0,4,2,koclip_svm
2626,travel_0092.png,0,4,2,koclip_svm
2627,travel_0092.png,4,3,2,koclip_svm
2628,travel_0092.png,1,2,2,koclip_svm
2629,travel_0092.png,1,0,2,koclip_svm
2630,travel_0092.png,1,4,2,koclip_svm
2631,travel_0092.png,0,4,2,koclip_svm
2632,travel_0092.png,0,4,2,koclip_svm
2633,travel_0092.png,1,2,2,koclip_svm
2634,travel_0092.png,0,2,2,koclip_svm
2647,travel_0097.png,4,3,2,koclip_svm
2648,travel_0097.png,3,1,2,koclip_svm
2649,travel_0097.png,2,2,2,koclip_svm
2654,foodstagram_0005.png,1,2,2,koclip_svm
2655,foodstagram_0005.png,0,2,2,koclip_svm
2656,foodstagram_0005.png,3,3,2,koclip_svm
2664,foodstagram_0011.png,0,4,2,koclip_svm
2665,foodstagram_0011.png,4,4,2,koclip_svm
2763,foodstagram_0021.png,4,3,2,koclip_svm
2764,foodstagram_0021.png,3,4,2,koclip_svm
2765,foodstagram_0021.png,2,3,2,koclip_svm
2766,foodstagram_0021.png,4,3,2,koclip_svm
2840,foodstagram_0037.png,4,4,2,koclip_svm
2841,foodstagram_0037.png,2,2,2,koclip_svm
2842,foodstagram_0039.png,4,4,2,koclip_svm
2843,foodstagram_0039.png,4,4,2,koclip_svm
2844,foodstagram_0039.png,4,4,2,koclip_svm
2845,foodstagram_0039.png,4,1,2,koclip_svm
2846,foodstagram_0039.png,4,1,2,koclip_svm
2847,foodstagram_0039.png,4,1,2,koclip_svm
2882,foodstagram_0054.png,3,2,2,koclip_svm
2883,foodstagram_0055.png,4,4,2,koclip_svm
2884,foodstagram_0055.png,4,4,2,koclip_svm
2885,foodstagram_0055.png,3,0,2,koclip_svm
2886,foodstagram_0055.png,3,0,2,koclip_svm
2887,foodstagram_0055.png,3,0,2,koclip_svm
2922,foodstagram_0059.png,3,3,2,koclip_svm
2923,foodstagram_0059.png,4,3,2,koclip_svm
2924,foodstagram_0059.png,4,4,2,koclip_svm
2925,foodstagram_0059.png,3,2,2,koclip_svm
2926,foodstagram_0059.png,3,2,2,koclip_svm
2979,foodstagram_0067.png,1,2,2,koclip_svm
2980,foodstagram_0067.png,1,2,2,koclip_svm
2981,foodstagram_0067.png,2,2,2,koclip_svm
2982,foodstagram_0067.png,2,2,2,koclip_svm
2983,foodstagram_0067.png,2,2,2,koclip_svm
2984,foodstagram_0067.png,1,1,2,koclip_svm
2985,foodstagram_0067.png,3,3,2,koclip_svm
2986,foodstagram_0067.png,3,3,2,koclip_svm
2987,foodstagram_0067.png,1,1,2,koclip_svm
2988,foodstagram_0067.png,1,0,2,koclip_svm
2989,foodstagram_0067.png,0,0,2,koclip_svm
2990,foodstagram_0067.png,1,0,2,koclip_svm
2991,foodstagram_0067.png,1,0,2,koclip_svm
2992,foodstagram_0067.png,0,0,2,koclip_svm
2993,foodstagram_0067.png,3,1,2,koclip_svm
2994,foodstagram_0067.png,2,3,2,koclip_svm
2995,foodstagram_0067.png,3,3,2,koclip_svm
2996,foodstagram_0067.png,1,1,2,koclip_svm
2997,foodstagram_0067.png,3,3,2,koclip_svm
3008,foodstagram_0073.png,4,4,2,koclip_svm
3009,foodstagram_0073.png,4,4,2,koclip_svm
3010,foodstagram_0073.png,4,4,2,koclip_svm
3011,foodstagram_0073.png,4,4,2,koclip_svm
3012,foodstagram_0073.png,4,4,2,koclip_svm
3013,foodstagram_0073.png,3,3,2,koclip_svm
3019,foodstagram_0075.png,4,4,2,koclip_svm
3025,foodstagram_0079.png,4,4,2,koclip_svm
3026,foodstagram_0079.png,1,1,2,koclip_svm
3027,foodstagram_0079.png,3,3,2,koclip_svm
3028,foodstagram_0079.png,1,0,2,koclip_svm
3029,foodstagram_0079.png,1,1,2,koclip_svm
3052,foodstagram_0091.png,4,4,2,koclip_svm
3053,foodstagram_0091.png,4,4,2,koclip_svm
3054,foodstagram_0091.png,3,3,2,koclip_svm
3055,foodstagram_0091.png,3,3,2,koclip_svm
3056,foodstagram_0091.png,3,3,2,koclip_svm
3116,meokstagram_0004.png,2,3,2,koclip_svm
3117,meokstagram_0004.png,0,0,2,koclip_svm
3118,meokstagram_0004.png,3,3,2,koclip_svm
3119,meokstagram_0004.png,1,2,2,koclip_svm
3120,meokstagram_0004.png,1,2,2,koclip_svm
3121,meokstagram_0004.png,1,0,2,koclip_svm
3122,meokstagram_0004.png,0,0,2,koclip_svm
3123,meokstagram_0004.png,0,2,2,koclip_svm
3140,meokstagram_0009.png,4,1,2,koclip_svm
3141,meokstagram_0009.png,4,4,2,koclip_svm
3142,meokstagram_0009.png,3,1,2,koclip_svm
3143,meokstagram_0009.png,0,4,2,koclip_svm
3144,meokstagram_0009.png,3,3,2,koclip_svm
3145,meokstagram_0009.png,4,1,2,koclip_svm
3146,meokstagram_0009.png,3,3,2,koclip_svm
3147,meokstagram_0009.png,4,1,2,koclip_svm
3148,meokstagram_0009.png,1,1,2,koclip_svm
3149,meokstagram_0009.png,1,3,2,koclip_svm
3150,meokstagram_0009.png,2,1,2,koclip_svm
3151,meokstagram_0009.png,4,3,2,koclip_svm
3152,meokstagram_0009.png,3,3,2,koclip_svm
3153,meokstagram_0009.png,1,1,2,koclip_svm
3154,meokstagram_0009.png,1,3,2,koclip_svm
3155,meokstagram_0009.png,2,3,2,koclip_svm
3156,meokstagram_0009.png,2,3,2,koclip_svm
3157,meokstagram_0009.png,3,3,2,koclip_svm
3158,meokstagram_0009.png,3,3,2,koclip_svm
3159,meokstagram_0009.png,0,1,2,koclip_svm
3160,meokstagram_0009.png,1,3,2,koclip_svm
3161,meokstagram_0009.png,1,3,2,koclip_svm
3162,meokstagram_0009.png,1,2,2,koclip_svm
3163,meokstagram_0009.png,2,1,2,koclip_svm
3164,meokstagram_0009.png,1,1,2,koclip_svm
3165,meokstagram_0009.png,0,0,2,koclip_svm
3166,meokstagram_0009.png,0,0,2,koclip_svm
3167,meokstagram_0009.png,0,0,2,koclip_svm
3168,meokstagram_0009.png,0,0,2,koclip_svm
3169,meokstagram_0009.png,0,0,2,koclip_svm
3189,meokstagram_0014.png,2,2,2,koclip_svm
3190,meokstagram_0014.png,3,3,2,koclip_svm
3191,meokstagram_0014.png,3,3,2,koclip_svm
3192,meokstagram_0014.png,2,3,2,koclip_svm
3193,meokstagram_0014.png,1,2,2,koclip_svm
3194,meokstagram_0014.png,1,3,2,koclip_svm
3242,meokstagram_0025.png,1,2,2,koclip_svm
3243,meokstagram_0025.png,3,2,2,koclip_svm
3244,meokstagram_0025.png,2,2,2,koclip_svm
3245,meokstagram_0025.png,3,2,2,koclip_svm
3246,meokstagram_0025.png,1,2,2,koclip_svm
3291,meokstagram_0036.png,4,4,2,koclip_svm
3292,meokstagram_0036.png,4,4,2,koclip_svm
3293,meokstagram_0036.png,2,2,2,koclip_svm
3386,meokstagram_0051.png,0,4,2,koclip_svm
3387,meokstagram_0051.png,3,4,2,koclip_svm
3388,meokstagram_0051.png,0,4,2,koclip_svm
3389,meokstagram_0051.png,0,4,2,koclip_svm
3390,meokstagram_0051.png,1,3,2,koclip_svm
3391,meokstagram_0052.png,4,4,2,koclip_svm
3392,meokstagram_0052.png,4,4,2,koclip_svm
3393,meokstagram_0052.png,4,2,2,koclip_svm
3421,meokstagram_0056.png,0,1,2,koclip_svm
3422,meokstagram_0056.png,0,4,2,koclip_svm
3423,meokstagram_0056.png,0,2,2,koclip_svm
3424,meokstagram_0056.png,1,3,2,koclip_svm
3425,meokstagram_0056.png,0,4,2,koclip_svm
3426,meokstagram_0057.png,3,3,2,koclip_svm
3427,meokstagram_0057.png,4,3,2,koclip_svm
3428,meokstagram_0057.png,2,2,2,koclip_svm
3429,meokstagram_0057.png,3,3,2,koclip_svm
3430,meokstagram_0057.png,3,3,2,koclip_svm
3431,meokstagram_0057.png,2,2,2,koclip_svm
3432,meokstagram_0057.png,2,3,2,koclip_svm
3433,meokstagram_0057.png,3,3,2,koclip_svm
3434,meokstagram_0057.png,4,3,2,koclip_svm
3435,meokstagram_0057.png,3,3,2,koclip_svm
3436,meokstagram_0057.png,1,3,2,koclip_svm
3437,meokstagram_0057.png,2,3,2,koclip_svm
3438,meokstagram_0057.png,3,2,2,koclip_svm
3439,meokstagram_0057.png,4,3,2,koclip_svm
3440,meokstagram_0057.png,2,2,2,koclip_svm
3441,meokstagram_0057.png,3,2,2,koclip_svm
3442,meokstagram_0058.png,4,3,2,koclip_svm
3443,meokstagram_0059.png,3,2,2,koclip_svm
3444,meokstagram_0059.png,0,0,2,koclip_svm
3445,meokstagram_0059.png,0,1,2,koclip_svm
3446,meokstagram_0059.png,3,3,2,koclip_svm
3447,meokstagram_0059.png,4,3,2,koclip_svm
3452,meokstagram_0061.png,2,1,2,koclip_svm
3453,meokstagram_0061.png,1,1,2,koclip_svm
3454,meokstagram_0061.png,3,4,2,koclip_svm
3455,meokstagram_0061.png,4,4,2,koclip_svm
3456,meokstagram_0061.png,4,4,2,koclip_svm
3457,meokstagram_0061.png,2,4,2,koclip_svm
3458,meokstagram_0061.png,2,4,2,koclip_svm
3459,meokstagram_0061.png,1,1,2,koclip_svm
3460,meokstagram_0061.png,1,3,2,koclip_svm
3461,meokstagram_0061.png,1,3,2,koclip_svm
3462,meokstagram_0061.png,1,3,2,koclip_svm
3463,meokstagram_0061.png,3,3,2,koclip_svm
3464,meokstagram_0061.png,3,3,2,koclip_svm
3465,meokstagram_0061.png,4,4,2,koclip_svm
3466,meokstagram_0061.png,1,1,2,koclip_svm
3467,meokstagram_0061.png,1,0,2,koclip_svm
3468,meokstagram_0061.png,1,1,2,koclip_svm
3469,meokstagram_0061.png,1,1,2,koclip_svm
3482,meokstagram_0069.png,4,4,2,koclip_svm
3483,meokstagram_0069.png,4,4,2,koclip_svm
3484,meokstagram_0069.png,3,3,2,koclip_svm
3485,meokstagram_0069.png,1,2,2,koclip_svm
3493,meokstagram_0071.png,4,4,2,koclip_svm
3494,meokstagram_0071.png,4,4,2,koclip_svm
3495,meokstagram_0071.png,4,4,2,koclip_svm
3496,meokstagram_0071.png,4,4,2,koclip_svm
3497,meokstagram_0071.png,1,4,2,koclip_svm
3498,meokstagram_0071.png,0,4,2,koclip_svm
3499,meokstagram_0071.png,4,4,2,koclip_svm
3500,meokstagram_0071.png,1,4,2,koclip_svm
3501,meokstagram_0071.png,3,3,2,koclip_svm
3502,meokstagram_0071.png,2,3,2,koclip_svm
3503,meokstagram_0071.png,2,1,2,koclip_svm
3504,meokstagram_0071.png,1,3,2,koclip_svm
3505,meokstagram_0071.png,0,3,2,koclip_svm
3529,meokstagram_0073.png,4,1,2,koclip_svm
3530,meokstagram_0073.png,1,1,2,koclip_svm
3531,meokstagram_0073.png,1,1,2,koclip_svm
3532,meokstagram_0073.png,4,4,2,koclip_svm
3533,meokstagram_0073.png,4,4,2,koclip_svm
3534,meokstagram_0073.png,4,4,2,koclip_svm
3535,meokstagram_0073.png,4,4,2,koclip_svm
3536,meokstagram_0073.png,3,4,2,koclip_svm
3537,meokstagram_0073.png,4,4,2,koclip_svm
3538,meokstagram_0073.png,4,4,2,koclip_svm
3539,meokstagram_0073.png,3,3,2,koclip_svm
3540,meokstagram_0073.png,3,4,2,koclip_svm
3541,meokstagram_0073.png,3,3,2,koclip_svm
3542,meokstagram_0073.png,4,3,2,koclip_svm
3543,meokstagram_0073.png,3,3,2,koclip_svm
3544,meokstagram_0073.png,2,1,2,koclip_svm
3545,meokstagram_0073.png,0,3,2,koclip_svm
3546,meokstagram_0073.png,2,3,2,koclip_svm
3547,meokstagram_0073.png,2,2,2,koclip_svm
3573,meokstagram_0084.png,4,4,2,koclip_svm
3574,meokstagram_0084.png,4,4,2,koclip_svm
3575,meokstagram_0084.png,4,4,2,koclip_svm
3607,meokstagram_0095.png,4,4,2,koclip_svm
3608,meokstagram_0095.png,1,4,2,koclip_svm
3609,meokstagram_0095.png,1,1,2,koclip_svm
3610,meokstagram_0095.png,3,4,2,koclip_svm
3611,meokstagram_0095.png,3,3,2,koclip_svm
3628,meokstagram_0100.png,1,1,2,koclip_svm
3629,meokstagram_0100.png,1,1,2,koclip_svm
3630,meokstagram_0100.png,1,4,2,koclip_svm
3631,meokstagram_0100.png,1,1,2,koclip_svm
3632,meokstagram_0100.png,2,2,2,koclip_svm
3638,jmt_0003.png,0,1,2,koclip_svm
3639,jmt_0003.png,3,4,2,koclip_svm
3640,jmt_0003.png,2,3,2,koclip_svm
3641,jmt_0003.png,0,1,2,koclip_svm
3642,jmt_0003.png,4,4,2,koclip_svm
3648,jmt_0006.png,3,3,2,koclip_svm
3649,jmt_0006.png,1,1,2,koclip_svm
3656,jmt_0009.png,4,1,2,koclip_svm
3657,jmt_0009.png,4,2,2,koclip_svm
3658,jmt_0011.png,3,0,2,koclip_svm
3659,jmt_0011.png,4,1,2,koclip_svm
3660,jmt_0011.png,2,2,2,koclip_svm
3661,jmt_0011.png,1,1,2,koclip_svm
3662,jmt_0011.png,1,3,2,koclip_svm
3668,jmt_0013.png,4,2,2,koclip_svm
3669,jmt_0013.png,2,1,2,koclip_svm
3670,jmt_0013.png,4,4,2,koclip_svm
3671,jmt_0013.png,3,4,2,koclip_svm
3672,jmt_0013.png,4,1,2,koclip_svm
3727,jmt_0034.png,1,1,2,koclip_svm
3728,jmt_0034.png,4,3,2,koclip_svm
3729,jmt_0034.png,4,4,2,koclip_svm
3730,jmt_0034.png,4,3,2,koclip_svm
3731,jmt_0034.png,3,2,2,koclip_svm
3735,jmt_0037.png,4,0,2,koclip_svm
3736,jmt_0037.png,4,4,2,koclip_svm
3776,jmt_0048.png,1,2,2,koclip_svm
3777,jmt_0048.png,0,1,2,koclip_svm
3778,jmt_0048.png,1,4,2,koclip_svm
3780,jmt_0051.png,4,3,2,koclip_svm
3781,jmt_0051.png,1,4,2,koclip_svm
3782,jmt_0053.png,4,4,2,koclip_svm
3825,jmt_0069.png,4,4,2,koclip_svm
3826,jmt_0069.png,4,4,2,koclip_svm
3827,jmt_0069.png,3,1,2,koclip_svm
3828,jmt_0069.png,4,3,2,koclip_svm
3829,jmt_0069.png,3,3,2,koclip_svm
3881,jmt_0079.png,4,4,2,koclip_svm
3882,jmt_0079.png,4,1,2,koclip_svm
3883,jmt_0079.png,4,0,2,koclip_svm
3884,jmt_0079.png,3,4,2,koclip_svm
3886,jmt_0081.png,3,4,2,koclip_svm
3887,jmt_0081.png,2,4,2,koclip_svm
3888,jmt_0081.png,4,4,2,koclip_svm
3889,jmt_0081.png,4,4,2,koclip_svm
3890,jmt_0081.png,3,3,2,koclip_svm
3906,jmt_0087.png,4,4,2,koclip_svm
3907,jmt_0087.png,4,4,2,koclip_svm
3908,jmt_0087.png,4,1,2,koclip_svm
3909,jmt_0087.png,4,4,2,koclip_svm
3910,jmt_0087.png,4,1,2,koclip_svm
3936,jmt_0096.png,4,4,2,koclip_svm
3937,jmt_0096.png,3,4,2,koclip_svm
3938,jmt_0096.png,1,4,2,koclip_svm
3939,jmt_0096.png,3,2,2,koclip_svm
3940,jmt_0096.png,2,1,2,koclip_svm
3946,jmt_0099.png,2,3,2,koclip_svm
3947,jmt_0099.png,4,4,2,koclip_svm
3948,jmt_0099.png,3,3,2,koclip_svm
3949,jmt_0100.png,4,2,2,koclip_svm
3950,jmt_0100.png,4,1,2,koclip_svm
3951,jmt_0100.png,4,1,2,koclip_svm
3952,jmt_0100.png,3,4,2,koclip_svm
3953,jmt_0100.png,3,4,2,koclip_svm
3954,jmt_0100.png,2,1,2,koclip_svm
3955,jmt_0100.png,2,1,2,koclip_svm
3956,jmt_0100.png,3,0,2,koclip_svm
3957,jmt_0100.png,3,0,2,koclip_svm
3958,jmt_0100.png,1,0,2,koclip_svm
3959,jmt_0100.png,3,0,2,koclip_svm
3960,makeup_0002.png,4,3,2,koclip_svm
3979,makeup_0008.png,3,3,2,koclip_svm
3980,makeup_0008.png,4,4,2,koclip_svm
3981,makeup_0008.png,4,4,2,koclip_svm
4000,makeup_0019.png,4,1,2,koclip_svm
4001,makeup_0019.png,2,1,2,koclip_svm
4002,makeup_0019.png,3,3,2,koclip_svm
4003,makeup_0019.png,1,1,2,koclip_svm
4004,makeup_0019.png,3,3,2,koclip_svm
4051,makeup_0031.png,2,3,2,koclip_svm
4052,makeup_0031.png,3,3,2,koclip_svm
4053,makeup_0031.png,3,3,2,koclip_svm
4054,makeup_0031.png,4,3,2,koclip_svm
4055,makeup_0031.png,0,3,2,koclip_svm
4056,makeup_0031.png,0,3,2,koclip_svm
4057,makeup_0031.png,3,3,2,koclip_svm
4058,makeup_0031.png,4,4,2,koclip_svm
4059,makeup_0031.png,2,4,2,koclip_svm
4060,makeup_0031.png,4,3,2,koclip_svm
4061,makeup_0031.png,4,4,2,koclip_svm
4062,makeup_0031.png,0,1,2,koclip_svm
4076,makeup_0034.png,2,3,2,koclip_svm
4077,makeup_0034.png,4,3,2,koclip_svm
4078,makeup_0034.png,4,1,2,koclip_svm
4079,makeup_0034.png,3,3,2,koclip_svm
4096,makeup_0036.png,4,3,2,koclip_svm
4097,makeup_0036.png,4,2,2,koclip_svm
4098,makeup_0036.png,4,3,2,koclip_svm
4099,makeup_0036.png,1,3,2,koclip_svm
4100,makeup_0036.png,0,3,2,koclip_svm
4101,makeup_0037.png,3,3,2,koclip_svm
4102,makeup_0037.png,3,3,2,koclip_svm
4103,makeup_0037.png,2,1,2,koclip_svm
4141,makeup_0048.png,4,4,2,koclip_svm
4142,makeup_0048.png,4,4,2,koclip_svm
4143,makeup_0048.png,3,3,2,koclip_svm
4144,makeup_0048.png,1,2,2,koclip_svm
4145,makeup_0048.png,4,4,2,koclip_svm
4146,makeup_0049.png,4,2,2,koclip_svm
4147,makeup_0049.png,4,4,2,koclip_svm
4148,makeup_0049.png,2,2,2,koclip_svm
4149,makeup_0049.png,1,2,2,koclip_svm
4150,makeup_0049.png,4,4,2,koclip_svm
4151,makeup_0049.png,1,2,2,koclip_svm
4152,makeup_0049.png,3,3,2,koclip_svm
4153,makeup_0049.png,1,3,2,koclip_svm
4154,makeup_0049.png,1,3,2,koclip_svm
4155,makeup_0049.png,3,3,2,koclip_svm
4156,makeup_0049.png,1,1,2,koclip_svm
4157,makeup_0049.png,0,0,2,koclip_svm
4255,makeup_0078.png,4,4,2,koclip_svm
4256,makeup_0078.png,4,4,2,koclip_svm
4257,makeup_0078.png,3,2,2,koclip_svm
4258,makeup_0078.png,3,3,2,koclip_svm
4259,makeup_0078.png,2,2,2,koclip_svm
4321,makeup_0089.png,4,0,2,koclip_svm
4322,makeup_0089.png,2,4,2,koclip_svm
4323,makeup_0089.png,4,0,2,koclip_svm
4324,makeup_0089.png,4,4,2,koclip_svm
4325,makeup_0089.png,4,4,2,koclip_svm
4326,makeup_0089.png,4,4,2,koclip_svm
4339,makeup_0099.png,4,1,2,koclip_svm
4340,makeup_0099.png,4,1,2,koclip_svm
4349,dailymakeup_0003.png,4,4,2,koclip_svm
4364,dailymakeup_0010.png,3,3,2,koclip_svm
4365,dailymakeup_0010.png,3,3,2,koclip_svm
4366,dailymakeup_0010.png,4,4,2,koclip_svm
4367,dailymakeup_0010.png,3,3,2,koclip_svm
4414,dailymakeup_0019.png,4,4,2,koclip_svm
4415,dailymakeup_0019.png,3,3,2,koclip_svm
4416,dailymakeup_0019.png,1,4,2,koclip_svm
4417,dailymakeup_0019.png,1,4,2,koclip_svm
4505,dailymakeup_0033.png,3,2,2,koclip_svm
4506,dailymakeup_0033.png,4,4,2,koclip_svm
4507,dailymakeup_0033.png,2,2,2,koclip_svm
4508,dailymakeup_0033.png,2,3,2,koclip_svm
4509,dailymakeup_0033.png,1,4,2,koclip_svm
4510,dailymakeup_0033.png,1,4,2,koclip_svm
4511,dailymakeup_0033.png,1,4,2,koclip_svm
4512,dailymakeup_0033.png,3,3,2,koclip_svm
4513,dailymakeup_0033.png,1,2,2,koclip_svm
4514,dailymakeup_0033.png,1,4,2,koclip_svm
4554,dailymakeup_0042.png,1,3,2,koclip_svm
4555,dailymakeup_0042.png,2,3,2,koclip_svm
4556,dailymakeup_0042.png,2,2,2,koclip_svm
4557,dailymakeup_0042.png,4,3,2,koclip_svm
4558,dailymakeup_0042.png,1,2,2,koclip_svm
4559,dailymakeup_0042.png,1,2,2,koclip_svm
4560,dailymakeup_0042.png,2,2,2,koclip_svm
4561,dailymakeup_0042.png,1,1,2,koclip_svm
4562,dailymakeup_0042.png,3,1,2,koclip_svm
4563,dailymakeup_0042.png,4,3,2,koclip_svm
4564,dailymakeup_0042.png,4,3,2,koclip_svm
4565,dailymakeup_0042.png,2,2,2,koclip_svm
4566,dailymakeup_0042.png,3,3,2,koclip_svm
4567,dailymakeup_0042.png,1,3,2,koclip_svm
4568,dailymakeup_0042.png,3,3,2,koclip_svm
4569,dailymakeup_0042.png,4,3,2,koclip_svm
4570,dailymakeup_0042.png,4,3,2,koclip_svm
4575,dailymakeup_0045.png,4,3,2,koclip_svm
4576,dailymakeup_0045.png,1,1,2,koclip_svm
4577,dailymakeup_0045.png,1,1,2,koclip_svm
4578,dailymakeup_0045.png,1,1,2,koclip_svm
4579,dailymakeup_0045.png,1,0,2,koclip_svm
4580,dailymakeup_0045.png,3,3,2,koclip_svm
4581,dailymakeup_0045.png,2,3,2,koclip_svm
4582,dailymakeup_0046.png,4,3,2,koclip_svm
4583,dailymakeup_0046.png,4,3,2,koclip_svm
4584,dailymakeup_0046.png,2,3,2,koclip_svm
4655,dailymakeup_0058.png,4,1,2,koclip_svm
4656,dailymakeup_0058.png,4,1,2,koclip_svm
4657,dailymakeup_0058.png,4,1,2,koclip_svm
4658,dailymakeup_0058.png,4,1,2,koclip_svm
4659,dailymakeup_0058.png,4,3,2,koclip_svm
4660,dailymakeup_0058.png,3,1,2,koclip_svm
4664,dailymakeup_0060.png,4,3,2,koclip_svm
4717,dailymakeup_0073.png,4,3,2,koclip_svm
4722,dailymakeup_0075.png,1,2,2,koclip_svm
4723,dailymakeup_0075.png,2,1,2,koclip_svm
4724,dailymakeup_0075.png,3,4,2,koclip_svm
4725,dailymakeup_0075.png,1,1,2,koclip_svm
4726,dailymakeup_0075.png,0,1,2,koclip_svm
4742,dailymakeup_0082.png,2,1,2,koclip_svm
4743,dailymakeup_0082.png,3,3,2,koclip_svm
4744,dailymakeup_0082.png,3,3,2,koclip_svm
4745,dailymakeup_0082.png,4,3,2,koclip_svm
4746,dailymakeup_0082.png,3,2,2,koclip_svm
4748,dailymakeup_0084.png,2,3,2,koclip_svm
4749,dailymakeup_0084.png,0,0,2,koclip_svm
4750,dailymakeup_0084.png,2,2,2,koclip_svm
4751,dailymakeup_0084.png,3,3,2,koclip_svm
4752,dailymakeup_0084.png,2,3,2,koclip_svm
4753,dailymakeup_0084.png,1,3,2,koclip_svm
4754,dailymakeup_0084.png,1,1,2,koclip_svm
4755,dailymakeup_0084.png,3,1,2,koclip_svm
4756,dailymakeup_0084.png,3,3,2,koclip_svm
4757,dailymakeup_0084.png,1,1,2,koclip_svm
4781,dailymakeup_0091.png,3,1,2,koclip_svm
4782,dailymakeup_0091.png,1,1,2,koclip_svm
4783,dailymakeup_0091.png,2,1,2,koclip_svm
4784,dailymakeup_0091.png,1,1,2,koclip_svm
4793,dailymakeup_0096.png,3,3,2,koclip_svm
4794,dailymakeup_0096.png,4,0,2,koclip_svm
4795,dailymakeup_0096.png,3,3,2,koclip_svm
4796,dailymakeup_0096.png,2,3,2,koclip_svm
4797,dailymakeup_0096.png,3,3,2,koclip_svm
4821,kkuankku_0003.png,3,4,2,koclip_svm
4822,kkuankku_0003.png,3,3,2,koclip_svm
4823,kkuankku_0003.png,3,2,2,koclip_svm
4824,kkuankku_0003.png,4,4,2,koclip_svm
4825,kkuankku_0003.png,2,3,2,koclip_svm
4942,kkuankku_0034.png,4,2,2,koclip_svm
4943,kkuankku_0034.png,2,2,2,koclip_svm
4944,kkuankku_0034.png,4,1,2,koclip_svm
4945,kkuankku_0034.png,3,1,2,koclip_svm
4946,kkuankku_0034.png,3,1,2,koclip_svm
4992,kkuankku_0052.png,4,4,2,koclip_svm
4993,kkuankku_0052.png,4,3,2,koclip_svm
4994,kkuankku_0052.png,3,2,2,koclip_svm
4995,kkuankku_0052.png,4,3,2,koclip_svm
5065,kkuankku_0069.png,4,3,2,koclip_svm
5066,kkuankku_0069.png,3,1,2,koclip_svm
5067,kkuankku_0069.png,3,3,2,koclip_svm
5068,kkuankku_0069.png,1,1,2,koclip_svm
5070,kkuankku_0072.png,2,2,2,koclip_svm
5071,kkuankku_0072.png,3,2,2,koclip_svm
5072,kkuankku_0072.png,3,2,2,koclip_svm
5073,kkuankku_0072.png,2,3,2,koclip_svm
5074,kkuankku_0072.png,2,3,2,koclip_svm
5075,kkuankku_0072.png,4,2,2,koclip_svm
5076,kkuankku_0072.png,4,3,2,koclip_svm
5077,kkuankku_0072.png,3,2,2,koclip_svm
5078,kkuankku_0072.png,3,3,2,koclip_svm
5079,kkuankku_0072.png,3,2,2,koclip_svm
5083,kkuankku_0079.png,4,3,2,koclip_svm
5084,kkuankku_0079.png,4,3,2,koclip_svm
5085,kkuankku_0079.png,4,3,2,koclip_svm
5086,kkuankku_0079.png,4,3,2,koclip_svm
5087,kkuankku_0079.png,2,3,2,koclip_svm
5088,kkuankku_0079.png,3,3,2,koclip_svm
5089,kkuankku_0079.png,1,3,2,koclip_svm
5105,kkuankku_0089.png,4,2,2,koclip_svm
5106,kkuankku_0089.png,4,3,2,koclip_svm
5107,kkuankku_0089.png,4,2,2,koclip_svm
5108,kkuankku_0089.png,3,3,2,koclip_svm
5109,kkuankku_0089.png,3,3,2,koclip_svm
5115,kkuankku_0097.png,2,3,2,koclip_svm
5116,kkuankku_0097.png,1,3,2,koclip_svm
5117,kkuankku_0097.png,4,4,2,koclip_svm
5118,kkuankku_0097.png,4,4,2,koclip_svm
5119,kkuankku_0097.png,4,4,2,koclip_svm
5120,kkuankku_0097.png,4,4,2,koclip_svm
5121,kkuankku_0097.png,3,4,2,koclip_svm
5122,kkuankku_0097.png,3,4,2,koclip_svm
5123,kkuankku_0097.png,1,3,2,koclip_svm
5124,kkuankku_0097.png,1,4,2,koclip_svm
5125,kkuankku_0097.png,1,4,2,koclip_svm
5126,kkuankku_0097.png,3,3,2,koclip_svm
5127,kkuankku_0097.png,4,2,2,koclip_svm
5128,kkuankku_0097.png,2,2,2,koclip_svm
5129,kkuankku_0097.png,2,3,2,koclip_svm
5130,kkuankku_0097.png,3,3,2,koclip_svm
5131,kkuankku_0097.png,1,3,2,koclip_svm
5132,kkuankku_0097.png,4,4,2,koclip_svm
5133,kkuankku_0097.png,4,4,2,koclip_svm
5134,kkuankku_0097.png,3,3,2,koclip_svm
5135,kkuankku_0097.png,3,3,2,koclip_svm
5152,kkuankku_0099.png,4,3,2,koclip_svm
5153,kkuankku_0099.png,3,3,2,koclip_svm
5154,kkuankku_0099.png,3,3,2,koclip_svm
5155,kkuankku_0099.png,3,3,2,koclip_svm
5156,kkuankku_0099.png,4,3,2,koclip_svm
5157,kkuankku_0099.png,3,3,2,koclip_svm
5158,kkuankku_0099.png,3,3,2,koclip_svm
5159,kkuankku_0099.png,4,3,2,koclip_svm
5160,kkuankku_0099.png,3,3,2,koclip_svm
5161,kkuankku_0099.png,4,3,2,koclip_svm
5162,kkuankku_0099.png,4,2,2,koclip_svm
5163,kkuankku_0099.png,2,1,2,koclip_svm
5164,kkuankku_0099.png,1,1,2,koclip_svm
5165,kkuankku_0099.png,2,1,2,koclip_svm
5166,kkuankku_0099.png,1,1,2,koclip_svm
5167,kkuankku_0099.png,0,1,2,koclip_svm
5168,kkuankku_0099.png,4,2,2,koclip_svm
5169,kkuankku_0099.png,4,3,2,koclip_svm
5170,kkuankku_0099.png,4,1,2,koclip_svm
5171,kkuankku_0099.png,4,4,2,koclip_svm
5172,kkuankku_0099.png,4,3,2,koclip_svm
5173,kkuankku_0099.png,4,3,2,koclip_svm
5174,kkuankku_0099.png,3,3,2,koclip_svm
5175,kkuankku_0099.png,3,1,2,koclip_svm
5176,kkuankku_0099.png,2,2,2,koclip_svm
5177,kkuankku_0099.png,3,3,2,koclip_svm
5208,dailylook_0005.png,2,3,2,koclip_svm
5209,dailylook_0005.png,1,4,2,koclip_svm
5210,dailylook_0005.png,4,3,2,koclip_svm
5211,dailylook_0005.png,1,3,2,koclip_svm
5212,dailylook_0005.png,4,2,2,koclip_svm
5213,dailylook_0005.png,3,3,2,koclip_svm
5214,dailylook_0005.png,1,3,2,koclip_svm
5215,dailylook_0005.png,2,4,2,koclip_svm
5216,dailylook_0005.png,0,4,2,koclip_svm
5217,dailylook_0005.png,1,4,2,koclip_svm
5218,dailylook_0005.png,1,4,2,koclip_svm
5219,dailylook_0005.png,2,1,2,koclip_svm
5220,dailylook_0005.png,2,1,2,koclip_svm
5221,dailylook_0005.png,1,1,2,koclip_svm
5222,dailylook_0008.png,3,3,2,koclip_svm
5223,dailylook_0008.png,4,1,2,koclip_svm
5224,dailylook_0008.png,4,1,2,koclip_svm
5225,dailylook_0008.png,3,3,2,koclip_svm
5254,dailylook_0011.png,1,1,2,koclip_svm
5255,dailylook_0011.png,2,1,2,koclip_svm
5256,dailylook_0011.png,3,3,2,koclip_svm
5257,dailylook_0011.png,3,2,2,koclip_svm
5258,dailylook_0011.png,1,4,2,koclip_svm
5259,dailylook_0012.png,4,1,2,koclip_svm
5260,dailylook_0012.png,3,3,2,koclip_svm
5261,dailylook_0012.png,3,3,2,koclip_svm
5262,dailylook_0012.png,3,2,2,koclip_svm
5263,dailylook_0012.png,3,3,2,koclip_svm
5274,dailylook_0017.png,3,3,2,koclip_svm
5275,dailylook_0017.png,3,3,2,koclip_svm
5276,dailylook_0017.png,3,3,2,koclip_svm
5277,dailylook_0017.png,1,3,2,koclip_svm
5289,dailylook_0020.png,4,4,2,koclip_svm
5290,dailylook_0020.png,4,2,2,koclip_svm
5291,dailylook_0020.png,1,4,2,koclip_svm
5292,dailylook_0020.png,1,2,2,koclip_svm
5293,dailylook_0020.png,0,1,2,koclip_svm
5294,dailylook_0020.png,0,4,2,koclip_svm
5295,dailylook_0020.png,0,4,2,koclip_svm
5296,dailylook_0020.png,1,2,2,koclip_svm
5311,dailylook_0026.png,3,3,2,koclip_svm
5312,dailylook_0026.png,3,3,2,koclip_svm
5313,dailylook_0026.png,2,3,2,koclip_svm
5314,dailylook_0026.png,3,3,2,koclip_svm
5315,dailylook_0026.png,4,3,2,koclip_svm
5316,dailylook_0026.png,3,3,2,koclip_svm
5328,dailylook_0038.png,4,3,2,koclip_svm
5329,dailylook_0038.png,2,3,2,koclip_svm
5330,dailylook_0038.png,3,3,2,koclip_svm
5331,dailylook_0038.png,4,3,2,koclip_svm
5332,dailylook_0038.png,4,3,2,koclip_svm
5333,dailylook_0038.png,3,3,2,koclip_svm
5362,dailylook_0046.png,3,3,2,koclip_svm
5363,dailylook_0046.png,3,3,2,koclip_svm
5364,dailylook_0046.png,4,1,2,koclip_svm
5365,dailylook_0046.png,3,1,2,koclip_svm
5366,dailylook_0046.png,2,2,2,koclip_svm
5367,dailylook_0048.png,4,4,2,koclip_svm
5368,dailylook_0048.png,3,3,2,koclip_svm
5369,dailylook_0048.png,4,3,2,koclip_svm
5370,dailylook_0048.png,2,4,2,koclip_svm
5371,dailylook_0048.png,4,3,2,koclip_svm
5372,dailylook_0048.png,1,4,2,koclip_svm
5373,dailylook_0048.png,1,4,2,koclip_svm
5374,dailylook_0048.png,1,4,2,koclip_svm
5401,dailylook_0054.png,1,4,2,koclip_svm
5402,dailylook_0054.png,2,3,2,koclip_svm
5403,dailylook_0054.png,3,3,2,koclip_svm
5404,dailylook_0054.png,4,0,2,koclip_svm
5405,dailylook_0054.png,2,3,2,koclip_svm
5431,dailylook_0061.png,1,0,2,koclip_svm
5432,dailylook_0062.png,4,1,2,koclip_svm
5433,dailylook_0062.png,3,3,2,koclip_svm
5434,dailylook_0062.png,4,3,2,koclip_svm
5435,dailylook_0062.png,3,3,2,koclip_svm
5436,dailylook_0062.png,3,3,2,koclip_svm
5459,dailylook_0071.png,1,1,2,koclip_svm
5460,dailylook_0071.png,3,3,2,koclip_svm
5461,dailylook_0071.png,2,3,2,koclip_svm
5462,dailylook_0071.png,1,1,2,koclip_svm
5463,dailylook_0071.png,0,1,2,koclip_svm
5464,dailylook_0073.png,4,2,2,koclip_svm
5465,dailylook_0073.png,2,3,2,koclip_svm
5466,dailylook_0073.png,4,3,2,koclip_svm
5467,dailylook_0073.png,4,3,2,koclip_svm
5468,dailylook_0074.png,4,3,2,koclip_svm
5469,dailylook_0074.png,4,4,2,koclip_svm
5470,dailylook_0074.png,4,3,2,koclip_svm
5471,dailylook_0074.png,3,3,2,koclip_svm
5472,dailylook_0074.png,3,3,2,koclip_svm
5473,dailylook_0074.png,2,2,2,koclip_svm
5474,dailylook_0077.png,4,3,2,koclip_svm
5475,dailylook_0077.png,4,3,2,koclip_svm
5476,dailylook_0077.png,4,3,2,koclip_svm
5477,dailylook_0077.png,4,3,2,koclip_svm
5478,dailylook_0077.png,3,3,2,koclip_svm
5494,dailylook_0083.png,3,2,2,koclip_svm
5495,dailylook_0083.png,4,3,2,koclip_svm
5496,dailylook_0083.png,4,2,2,koclip_svm
5497,dailylook_0083.png,4,3,2,koclip_svm
5498,dailylook_0083.png,0,1,2,koclip_svm
5499,dailylook_0087.png,3,3,2,koclip_svm
5524,dailylook_0089.png,4,3,2,koclip_svm
5525,dailylook_0089.png,0,3,2,koclip_svm
5595,ootd_0005.png,4,2,2,koclip_svm
5596,ootd_0005.png,4,3,2,koclip_svm
5597,ootd_0005.png,3,3,2,koclip_svm
5598,ootd_0005.png,3,3,2,koclip_svm
5599,ootd_0005.png,3,3,2,koclip_svm
5600,ootd_0005.png,4,3,2,koclip_svm
5606,ootd_0008.png,3,3,2,koclip_svm
5607,ootd_0008.png,3,4,2,koclip_svm
5608,ootd_0008.png,3,3,2,koclip_svm
5609,ootd_0008.png,2,2,2,koclip_svm
5610,ootd_0008.png,3,3,2,koclip_svm
5616,ootd_0014.png,4,2,2,koclip_svm
5638,ootd_0017.png,1,1,2,koclip_svm
5639,ootd_0017.png,0,1,2,koclip_svm
5640,ootd_0017.png,1,3,2,koclip_svm
5641,ootd_0017.png,2,2,2,koclip_svm
5642,ootd_0017.png,2,2,2,koclip_svm
5643,ootd_0017.png,3,3,2,koclip_svm
5644,ootd_0017.png,3,3,2,koclip_svm
5645,ootd_0017.png,2,2,2,koclip_svm
5646,ootd_0017.png,1,0,2,koclip_svm
5647,ootd_0017.png,3,2,2,koclip_svm
5648,ootd_0017.png,3,2,2,koclip_svm
5649,ootd_0017.png,0,0,2,koclip_svm
5650,ootd_0017.png,0,0,2,koclip_svm
5651,ootd_0017.png,3,3,2,koclip_svm
5652,ootd_0017.png,0,2,2,koclip_svm
5653,ootd_0017.png,0,0,2,koclip_svm
5654,ootd_0017.png,3,3,2,koclip_svm
5840,ootd_0083.png,4,3,2,koclip_svm
5841,ootd_0083.png,3,3,2,koclip_svm
5842,ootd_0083.png,4,3,2,koclip_svm
5843,ootd_0083.png,4,3,2,koclip_svm
5844,ootd_0083.png,3,3,2,koclip_svm
5944,fashionista_0007.png,2,2,2,koclip_svm
5945,fashionista_0007.png,3,1,2,koclip_svm
5946,fashionista_0007.png,4,1,2,koclip_svm
5947,fashionista_0008.png,1,2,2,koclip_svm
5948,fashionista_0008.png,3,3,2,koclip_svm
5949,fashionista_0008.png,3,2,2,koclip_svm
5950,fashionista_0008.png,4,3,2,koclip_svm
5951,fashionista_0008.png,2,4,2,koclip_svm
5957,fashionista_0021.png,0,1,2,koclip_svm
5958,fashionista_0021.png,1,1,2,koclip_svm
5969,fashionista_0027.png,4,1,2,koclip_svm
5970,fashionista_0027.png,4,2,2,koclip_svm
5971,fashionista_0027.png,3,3,2,koclip_svm
5972,fashionista_0027.png,4,3,2,koclip_svm
5973,fashionista_0027.png,4,3,2,koclip_svm
5974,fashionista_0027.png,3,3,2,koclip_svm
5975,fashionista_0027.png,2,2,2,koclip_svm
5976,fashionista_0027.png,3,3,2,koclip_svm
5977,fashionista_0027.png,4,3,2,koclip_svm
5978,fashionista_0027.png,4,3,2,koclip_svm
5979,fashionista_0027.png,3,3,2,koclip_svm
5980,fashionista_0027.png,3,2,2,koclip_svm
5981,fashionista_0027.png,3,3,2,koclip_svm
5982,fashionista_0027.png,4,3,2,koclip_svm
5989,fashionista_0034.png,4,3,2,koclip_svm
5990,fashionista_0034.png,4,1,2,koclip_svm
5991,fashionista_0034.png,2,2,2,koclip_svm
5992,fashionista_0034.png,1,3,2,koclip_svm
6001,fashionista_0040.png,1,3,2,koclip_svm
6002,fashionista_0040.png,2,2,2,koclip_svm
6003,fashionista_0040.png,1,3,2,koclip_svm
6004,fashionista_0040.png,2,3,2,koclip_svm
6005,fashionista_0040.png,4,2,2,koclip_svm
6006,fashionista_0041.png,3,1,2,koclip_svm
6007,fashionista_0041.png,4,4,2,koclip_svm
6008,fashionista_0042.png,1,1,2,koclip_svm
6009,fashionista_0042.png,1,1,2,koclip_svm
6010,fashionista_0042.png,3,1,2,koclip_svm
6011,fashionista_0042.png,0,0,2,koclip_svm
6012,fashionista_0042.png,2,3,2,koclip_svm
6013,fashionista_0042.png,2,2,2,koclip_svm
6014,fashionista_0042.png,1,0,2,koclip_svm
6015,fashionista_0042.png,2,2,2,koclip_svm
6016,fashionista_0042.png,2,2,2,koclip_svm
6017,fashionista_0042.png,1,2,2,koclip_svm
6018,fashionista_0042.png,0,0,2,koclip_svm
6019,fashionista_0042.png,0,3,2,koclip_svm
6020,fashionista_0042.png,3,3,2,koclip_svm
6021,fashionista_0042.png,3,2,2,koclip_svm
6022,fashionista_0042.png,2,4,2,koclip_svm
6023,fashionista_0042.png,3,4,2,koclip_svm
6024,fashionista_0042.png,2,4,2,koclip_svm
6025,fashionista_0042.png,3,2,2,koclip_svm
6026,fashionista_0042.png,3,3,2,koclip_svm
6027,fashionista_0042.png,3,3,2,koclip_svm
6028,fashionista_0042.png,2,3,2,koclip_svm
6029,fashionista_0042.png,4,4,2,koclip_svm
6030,fashionista_0042.png,3,2,2,koclip_svm
6031,fashionista_0042.png,1,1,2,koclip_svm
6032,fashionista_0042.png,0,4,2,koclip_svm
6033,fashionista_0042.png,3,0,2,koclip_svm
6034,fashionista_0042.png,3,3,2,koclip_svm
6035,fashionista_0042.png,3,3,2,koclip_svm
6036,fashionista_0042.png,2,2,2,koclip_svm
6037,fashionista_0042.png,0,3,2,koclip_svm
6038,fashionista_0044.png,1,1,2,koclip_svm
6039,fashionista_0044.png,0,0,2,koclip_svm
6040,fashionista_0044.png,3,2,2,koclip_svm
6041,fashionista_0044.png,2,2,2,koclip_svm
6042,fashionista_0044.png,2,2,2,koclip_svm
6043,fashionista_0044.png,3,3,2,koclip_svm
6044,fashionista_0044.png,4,1,2,koclip_svm
6045,fashionista_0044.png,4,4,2,koclip_svm
6046,fashionista_0044.png,4,4,2,koclip_svm
6047,fashionista_0044.png,1,2,2,koclip_svm
6048,fashionista_0044.png,3,3,2,koclip_svm
6049,fashionista_0044.png,3,2,2,koclip_svm
6050,fashionista_0044.png,2,2,2,koclip_svm
6051,fashionista_0044.png,1,2,2,koclip_svm
6052,fashionista_0044.png,0,0,2,koclip_svm
6053,fashionista_0044.png,3,3,2,koclip_svm
6054,fashionista_0044.png,2,2,2,koclip_svm
6055,fashionista_0044.png,2,2,2,koclip_svm
6056,fashionista_0044.png,3,2,2,koclip_svm
6057,fashionista_0044.png,2,2,2,koclip_svm
6058,fashionista_0044.png,3,2,2,koclip_svm
6059,fashionista_0044.png,0,0,2,koclip_svm
6060,fashionista_0044.png,2,2,2,koclip_svm
6061,fashionista_0044.png,3,1,2,koclip_svm
6062,fashionista_0044.png,1,1,2,koclip_svm
6063,fashionista_0044.png,0,0,2,koclip_svm
6064,fashionista_0044.png,1,2,2,koclip_svm
6065,fashionista_0044.png,2,2,2,koclip_svm
6066,fashionista_0044.png,2,2,2,koclip_svm
6283,fashionista_0078.png,0,2,2,koclip_svm
6284,fashionista_0078.png,3,4,2,koclip_svm
6285,fashionista_0078.png,3,2,2,koclip_svm
6286,fashionista_0078.png,3,2,2,koclip_svm
6287,fashionista_0078.png,3,3,2,koclip_svm
6288,fashionista_0078.png,3,4,2,koclip_svm
6289,fashionista_0078.png,4,4,2,koclip_svm
6463,neungsohwa_0005.png,4,4,2,koclip_svm
6464,neungsohwa_0005.png,3,4,2,koclip_svm
6465,neungsohwa_0005.png,1,4,2,koclip_svm
6522,neungsohwa_0016.png,4,4,2,koclip_svm
6523,neungsohwa_0016.png,1,1,2,koclip_svm
6524,neungsohwa_0016.png,4,1,2,koclip_svm
6525,neungsohwa_0016.png,4,1,2,koclip_svm
6577,neungsohwa_0027.png,4,4,2,koclip_svm
6578,neungsohwa_0027.png,0,1,2,koclip_svm
6579,neungsohwa_0027.png,1,0,2,koclip_svm
6581,neungsohwa_0029.png,4,1,2,koclip_svm
6582,neungsohwa_0029.png,3,1,2,koclip_svm
6583,neungsohwa_0029.png,4,4,2,koclip_svm
6584,neungsohwa_0029.png,2,3,2,koclip_svm
6585,neungsohwa_0029.png,0,3,2,koclip_svm
6586,neungsohwa_0030.png,3,1,2,koclip_svm
6587,neungsohwa_0030.png,4,4,2,koclip_svm
6607,neungsohwa_0040.png,4,4,2,koclip_svm
6608,neungsohwa_0040.png,2,2,2,koclip_svm
6609,neungsohwa_0040.png,4,4,2,koclip_svm
6610,neungsohwa_0040.png,1,4,2,koclip_svm
6611,neungsohwa_0041.png,4,4,2,koclip_svm
6612,neungsohwa_0041.png,4,4,2,koclip_svm
6613,neungsohwa_0041.png,1,4,2,koclip_svm
6614,neungsohwa_0041.png,4,4,2,koclip_svm
6615,neungsohwa_0041.png,2,4,2,koclip_svm
6620,neungsohwa_0044.png,1,4,2,koclip_svm
6621,neungsohwa_0044.png,4,4,2,koclip_svm
6622,neungsohwa_0044.png,1,1,2,koclip_svm
6623,neungsohwa_0045.png,1,1,2,koclip_svm
6624,neungsohwa_0045.png,3,1,2,koclip_svm
6625,neungsohwa_0045.png,0,4,2,koclip_svm
6626,neungsohwa_0045.png,4,4,2,koclip_svm
6627,neungsohwa_0045.png,2,1,2,koclip_svm
6638,neungsohwa_0049.png,3,1,2,koclip_svm
6639,neungsohwa_0049.png,4,1,2,koclip_svm
6640,neungsohwa_0049.png,4,1,2,koclip_svm
6641,neungsohwa_0049.png,4,4,2,koclip_svm
6642,neungsohwa_0049.png,3,4,2,koclip_svm
6643,neungsohwa_0049.png,2,2,2,koclip_svm
6644,neungsohwa_0049.png,3,2,2,koclip_svm
6645,neungsohwa_0049.png,3,3,2,koclip_svm
6646,neungsohwa_0049.png,3,3,2,koclip_svm
6647,neungsohwa_0049.png,4,4,2,koclip_svm
6648,neungsohwa_0049.png,1,0,2,koclip_svm
6649,neungsohwa_0049.png,2,2,2,koclip_svm
6650,neungsohwa_0049.png,2,1,2,koclip_svm
6651,neungsohwa_0049.png,2,0,2,koclip_svm
6652,neungsohwa_0049.png,2,0,2,koclip_svm
6653,neungsohwa_0049.png,1,2,2,koclip_svm
6654,neungsohwa_0049.png,0,4,2,koclip_svm
6663,neungsohwa_0053.png,1,1,2,koclip_svm
6664,neungsohwa_0053.png,2,2,2,koclip_svm
6665,neungsohwa_0053.png,0,4,2,koclip_svm
6666,neungsohwa_0053.png,0,4,2,koclip_svm
6667,neungsohwa_0053.png,1,1,2,koclip_svm
6668,neungsohwa_0053.png,0,1,2,koclip_svm
6669,neungsohwa_0053.png,0,3,2,koclip_svm
6670,neungsohwa_0053.png,0,1,2,koclip_svm
6671,neungsohwa_0053.png,0,4,2,koclip_svm
6672,neungsohwa_0053.png,3,4,2,koclip_svm
6673,neungsohwa_0053.png,0,3,2,koclip_svm
6674,neungsohwa_0053.png,0,1,2,koclip_svm
6681,neungsohwa_0058.png,4,1,2,koclip_svm
6682,neungsohwa_0058.png,4,1,2,koclip_svm
6683,neungsohwa_0058.png,4,1,2,koclip_svm
6684,neungsohwa_0058.png,4,4,2,koclip_svm
6685,neungsohwa_0059.png,1,1,2,koclip_svm
6686,neungsohwa_0059.png,4,4,2,koclip_svm
6687,neungsohwa_0059.png,2,2,2,koclip_svm
6688,neungsohwa_0059.png,3,4,2,koclip_svm
6689,neungsohwa_0059.png,1,1,2,koclip_svm
6690,neungsohwa_0059.png,1,1,2,koclip_svm
6691,neungsohwa_0060.png,4,4,2,koclip_svm
6698,neungsohwa_0065.png,4,4,2,koclip_svm
6699,neungsohwa_0065.png,4,1,2,koclip_svm
6700,neungsohwa_0065.png,4,1,2,koclip_svm
6701,neungsohwa_0065.png,1,1,2,koclip_svm
6702,neungsohwa_0065.png,1,1,2,koclip_svm
6721,neungsohwa_0076.png,3,0,2,koclip_svm
6722,neungsohwa_0076.png,3,0,2,koclip_svm
6723,neungsohwa_0076.png,4,4,2,koclip_svm
6724,neungsohwa_0076.png,2,1,2,koclip_svm
6725,neungsohwa_0076.png,1,4,2,koclip_svm
6739,neungsohwa_0082.png,2,1,2,koclip_svm
6740,neungsohwa_0082.png,4,4,2,koclip_svm
6741,neungsohwa_0082.png,3,4,2,koclip_svm
6759,neungsohwa_0087.png,1,4,2,koclip_svm
6760,neungsohwa_0087.png,4,4,2,koclip_svm
6761,neungsohwa_0087.png,3,4,2,koclip_svm
6762,neungsohwa_0087.png,2,2,2,koclip_svm
6763,neungsohwa_0087.png,1,1,2,koclip_svm
6794,neungsohwa_0098.png,2,1,2,koclip_svm
6795,neungsohwa_0098.png,1,4,2,koclip_svm
6796,neungsohwa_0098.png,0,1,2,koclip_svm
6797,neungsohwa_0098.png,1,4,2,koclip_svm
6817,danpung_0001.png,4,4,2,koclip_svm
6818,danpung_0001.png,3,3,2,koclip_svm
6819,danpung_0001.png,3,3,2,koclip_svm
6820,danpung_0001.png,3,3,2,koclip_svm
6821,danpung_0001.png,1,3,2,koclip_svm
6822,danpung_0001.png,3,0,2,koclip_svm
6823,danpung_0001.png,4,3,2,koclip_svm
6824,danpung_0001.png,2,0,2,koclip_svm
6825,danpung_0001.png,1,0,2,koclip_svm
6826,danpung_0001.png,3,1,2,koclip_svm
6827,danpung_0001.png,1,0,2,koclip_svm
6828,danpung_0001.png,0,0,2,koclip_svm
6829,danpung_0001.png,2,0,2,koclip_svm
6830,danpung_0001.png,2,2,2,koclip_svm
6831,danpung_0001.png,1,3,2,koclip_svm
6832,danpung_0001.png,1,2,2,koclip_svm
6833,danpung_0001.png,0,2,2,koclip_svm
6834,danpung_0003.png,4,4,2,koclip_svm
6835,danpung_0003.png,3,1,2,koclip_svm
6836,danpung_0003.png,1,1,2,koclip_svm
6837,danpung_0003.png,3,3,2,koclip_svm
6838,danpung_0003.png,4,4,2,koclip_svm
6880,danpung_0015.png,4,3,2,koclip_svm
6881,danpung_0015.png,4,3,2,koclip_svm
6882,danpung_0015.png,4,3,2,koclip_svm
6883,danpung_0015.png,3,3,2,koclip_svm
6893,danpung_0017.png,1,0,2,koclip_svm
6894,danpung_0017.png,2,1,2,koclip_svm
6895,danpung_0017.png,4,4,2,koclip_svm
6896,danpung_0018.png,3,0,2,koclip_svm
6897,danpung_0018.png,1,1,2,koclip_svm
6898,danpung_0018.png,1,1,2,koclip_svm
6899,danpung_0018.png,4,4,2,koclip_svm
6900,danpung_0018.png,3,3,2,koclip_svm
6901,danpung_0018.png,4,3,2,koclip_svm
6902,danpung_0018.png,2,3,2,koclip_svm
6903,danpung_0018.png,4,4,2,koclip_svm
6904,danpung_0018.png,2,2,2,koclip_svm
6905,danpung_0018.png,2,2,2,koclip_svm
6906,danpung_0018.png,4,3,2,koclip_svm
6907,danpung_0018.png,4,4,2,koclip_svm
6908,danpung_0018.png,3,1,2,koclip_svm
6909,danpung_0018.png,2,4,2,koclip_svm
6946,danpung_0030.png,4,4,2,koclip_svm
6947,danpung_0030.png,4,3,2,koclip_svm
6948,danpung_0030.png,4,4,2,koclip_svm
6949,danpung_0030.png,3,1,2,koclip_svm
6950,danpung_0030.png,3,4,2,koclip_svm
6951,danpung_0030.png,4,4,2,koclip_svm
6952,danpung_0030.png,4,4,2,koclip_svm
6953,danpung_0030.png,2,3,2,koclip_svm
6954,danpung_0030.png,3,2,2,koclip_svm
6955,danpung_0030.png,2,1,2,koclip_svm
6956,danpung_0030.png,1,4,2,koclip_svm
6957,danpung_0030.png,3,3,2,koclip_svm
6958,danpung_0030.png,4,3,2,koclip_svm
6959,danpung_0030.png,3,3,2,koclip_svm
6960,danpung_0030.png,3,3,2,koclip_svm
6961,danpung_0030.png,4,3,2,koclip_svm
6962,danpung_0030.png,3,4,2,koclip_svm
6963,danpung_0030.png,2,3,2,koclip_svm
6964,danpung_0030.png,2,2,2,koclip_svm
6965,danpung_0030.png,0,0,2,koclip_svm
6992,danpung_0037.png,4,1,2,koclip_svm
6993,danpung_0037.png,3,1,2,koclip_svm
6994,danpung_0037.png,1,0,2,koclip_svm
6995,danpung_0037.png,1,0,2,koclip_svm
6996,danpung_0037.png,1,4,2,koclip_svm
6997,danpung_0037.png,0,1,2,koclip_svm
6998,danpung_0037.png,1,1,2,koclip_svm
6999,danpung_0037.png,3,1,2,koclip_svm
7000,danpung_0037.png,0,1,2,koclip_svm
7001,danpung_0037.png,3,2,2,koclip_svm
7002,danpung_0037.png,4,1,2,koclip_svm
7003,danpung_0037.png,2,2,2,koclip_svm
7004,danpung_0037.png,3,2,2,koclip_svm
7005,danpung_0037.png,4,2,2,koclip_svm
7006,danpung_0037.png,4,2,2,koclip_svm
7007,danpung_0037.png,4,4,2,koclip_svm
7008,danpung_0037.png,4,3,2,koclip_svm
7009,danpung_0037.png,4,4,2,koclip_svm
7010,danpung_0037.png,4,3,2,koclip_svm
7011,danpung_0037.png,4,3,2,koclip_svm
7012,danpung_0037.png,4,3,2,koclip_svm
7013,danpung_0037.png,4,3,2,koclip_svm
7014,danpung_0037.png,1,1,2,koclip_svm
7015,danpung_0037.png,3,3,2,koclip_svm
7016,danpung_0037.png,3,3,2,koclip_svm
7017,danpung_0039.png,4,3,2,koclip_svm
7018,danpung_0039.png,4,3,2,koclip_svm
7019,danpung_0039.png,3,1,2,koclip_svm
7020,danpung_0039.png,3,1,2,koclip_svm
7051,danpung_0044.png,1,1,2,koclip_svm
7052,danpung_0044.png,0,4,2,koclip_svm
7053,danpung_0044.png,1,3,2,koclip_svm
7061,danpung_0047.png,0,3,2,koclip_svm
7145,danpung_0068.png,2,0,2,koclip_svm
7146,danpung_0068.png,4,1,2,koclip_svm
7147,danpung_0068.png,2,0,2,koclip_svm
7148,danpung_0068.png,2,0,2,koclip_svm
7149,danpung_0068.png,3,0,2,koclip_svm
7150,danpung_0068.png,3,4,2,koclip_svm
7151,danpung_0068.png,2,3,2,koclip_svm
7152,danpung_0068.png,4,1,2,koclip_svm
7153,danpung_0068.png,3,3,2,koclip_svm
7154,danpung_0068.png,4,3,2,koclip_svm
7155,danpung_0068.png,2,3,2,koclip_svm
7156,danpung_0068.png,3,3,2,koclip_svm
7157,danpung_0068.png,2,3,2,koclip_svm
7158,danpung_0068.png,3,2,2,koclip_svm
7159,danpung_0068.png,4,1,2,koclip_svm
7160,danpung_0068.png,1,1,2,koclip_svm
7161,danpung_0068.png,1,1,2,koclip_svm
7162,danpung_0068.png,4,3,2,koclip_svm
7163,danpung_0068.png,2,2,2,koclip_svm
7164,danpung_0068.png,2,1,2,koclip_svm
7165,danpung_0068.png,3,2,2,koclip_svm
7166,danpung_0068.png,3,3,2,koclip_svm
7167,danpung_0068.png,3,2,2,koclip_svm
7168,danpung_0068.png,2,1,2,koclip_svm
7169,danpung_0068.png,3,3,2,koclip_svm
7170,danpung_0068.png,0,3,2,koclip_svm
7171,danpung_0068.png,1,1,2,koclip_svm
7172,danpung_0069.png,0,1,2,koclip_svm
7173,danpung_0069.png,3,3,2,koclip_svm
7174,danpung_0069.png,0,4,2,koclip_svm
7175,danpung_0069.png,4,3,2,koclip_svm
7176,danpung_0069.png,2,3,2,koclip_svm
7177,danpung_0069.png,4,4,2,koclip_svm
7178,danpung_0069.png,2,3,2,koclip_svm
7179,danpung_0069.png,3,3,2,koclip_svm
7180,danpung_0069.png,0,1,2,koclip_svm
7181,danpung_0069.png,4,4,2,koclip_svm
7182,danpung_0069.png,0,4,2,koclip_svm
7183,danpung_0069.png,0,4,2,koclip_svm
7184,danpung_0069.png,0,4,2,koclip_svm
7185,danpung_0069.png,4,4,2,koclip_svm
7186,danpung_0069.png,4,4,2,koclip_svm
7187,danpung_0069.png,1,3,2,koclip_svm
7188,danpung_0069.png,3,3,2,koclip_svm
7189,danpung_0069.png,2,3,2,koclip_svm
7190,danpung_0069.png,3,3,2,koclip_svm
7191,danpung_0069.png,2,3,2,koclip_svm
7192,danpung_0069.png,4,4,2,koclip_svm
7248,danpung_0086.png,1,1,2,koclip_svm
7249,danpung_0086.png,1,3,2,koclip_svm
7250,danpung_0086.png,1,1,2,koclip_svm
7251,danpung_0086.png,1,4,2,koclip_svm
7252,danpung_0086.png,1,3,2,koclip_svm
7275,danpung_0098.png,4,4,2,koclip_svm
7276,danpung_0098.png,2,1,2,koclip_svm
7277,danpung_0098.png,4,1,2,koclip_svm
7278,danpung_0098.png,4,4,2,koclip_svm
7279,danpung_0098.png,4,1,2,koclip_svm
7280,danpung_0098.png,4,1,2,koclip_svm
7281,danpung_0098.png,4,4,2,koclip_svm
7282,danpung_0098.png,4,4,2,koclip_svm
7283,danpung_0098.png,2,3,2,koclip_svm
7284,danpung_0098.png,1,2,2,koclip_svm
7285,danpung_0098.png,4,1,2,koclip_svm
7286,danpung_0098.png,1,0,2,koclip_svm
7287,danpung_0098.png,2,1,2,koclip_svm
7288,danpung_0098.png,4,1,2,koclip_svm
7289,danpung_0098.png,1,1,2,koclip_svm
7290,danpung_0098.png,3,4,2,koclip_svm
7291,danpung_0098.png,3,4,2,koclip_svm
7292,danpung_0098.png,4,3,2,koclip_svm
7293,danpung_0098.png,2,0,2,koclip_svm
7297,cherryblossom_0006.png,4,4,2,koclip_svm
7298,cherryblossom_0006.png,3,4,2,koclip_svm
7299,cherryblossom_0006.png,4,4,2,koclip_svm
7307,cherryblossom_0014.png,3,3,2,koclip_svm
7308,cherryblossom_0014.png,4,4,2,koclip_svm
7309,cherryblossom_0015.png,3,1,2,koclip_svm
7310,cherryblossom_0015.png,3,1,2,koclip_svm
7311,cherryblossom_0015.png,4,4,2,koclip_svm
7312,cherryblossom_0015.png,2,4,2,koclip_svm
7313,cherryblossom_0015.png,3,4,2,koclip_svm
7326,cherryblossom_0024.png,4,3,2,koclip_svm
7327,cherryblossom_0024.png,4,4,2,koclip_svm
7328,cherryblossom_0024.png,1,0,2,koclip_svm
7329,cherryblossom_0024.png,0,0,2,koclip_svm
7330,cherryblossom_0024.png,2,2,2,koclip_svm
7351,cherryblossom_0026.png,0,4,2,koclip_svm
7352,cherryblossom_0026.png,1,4,2,koclip_svm
7353,cherryblossom_0026.png,0,4,2,koclip_svm
7374,cherryblossom_0033.png,4,4,2,koclip_svm
7375,cherryblossom_0033.png,4,4,2,koclip_svm
7376,cherryblossom_0033.png,1,1,2,koclip_svm
7377,cherryblossom_0033.png,0,4,2,koclip_svm
7378,cherryblossom_0033.png,0,4,2,koclip_svm
7379,cherryblossom_0033.png,0,4,2,koclip_svm
7380,cherryblossom_0033.png,0,1,2,koclip_svm
7381,cherryblossom_0033.png,3,3,2,koclip_svm
7382,cherryblossom_0033.png,3,3,2,koclip_svm
7383,cherryblossom_0033.png,4,4,2,koclip_svm
7384,cherryblossom_0033.png,3,3,2,koclip_svm
7385,cherryblossom_0033.png,2,3,2,koclip_svm
7386,cherryblossom_0033.png,3,4,2,koclip_svm
7387,cherryblossom_0033.png,2,2,2,koclip_svm
7388,cherryblossom_0033.png,3,2,2,koclip_svm
7389,cherryblossom_0033.png,3,2,2,koclip_svm
7390,cherryblossom_0033.png,2,2,2,koclip_svm
7391,cherryblossom_0033.png,4,3,2,koclip_svm
7392,cherryblossom_0033.png,1,1,2,koclip_svm
7393,cherryblossom_0033.png,4,4,2,koclip_svm
7415,cherryblossom_0041.png,4,4,2,koclip_svm
7416,cherryblossom_0041.png,3,3,2,koclip_svm
7417,cherryblossom_0041.png,2,3,2,koclip_svm
7418,cherryblossom_0041.png,4,0,2,koclip_svm
7461,cherryblossom_0052.png,1,1,2,koclip_svm
7462,cherryblossom_0052.png,4,3,2,koclip_svm
7468,cherryblossom_0054.png,4,4,2,koclip_svm
7473,cherryblossom_0056.png,3,1,2,koclip_svm
7474,cherryblossom_0056.png,3,1,2,koclip_svm
7475,cherryblossom_0056.png,3,1,2,koclip_svm
7476,cherryblossom_0056.png,3,4,2,koclip_svm
7477,cherryblossom_0056.png,3,4,2,koclip_svm
7478,cherryblossom_0056.png,0,1,2,koclip_svm
7479,cherryblossom_0056.png,0,1,2,koclip_svm
7480,cherryblossom_0056.png,0,1,2,koclip_svm
7481,cherryblossom_0056.png,0,1,2,koclip_svm
7482,cherryblossom_0056.png,1,1,2,koclip_svm
7483,cherryblossom_0056.png,0,0,2,koclip_svm
7484,cherryblossom_0056.png,0,1,2,koclip_svm
7485,cherryblossom_0056.png,1,1,2,koclip_svm
7486,cherryblossom_0056.png,4,4,2,koclip_svm
7487,cherryblossom_0056.png,2,3,2,koclip_svm
7488,cherryblossom_0056.png,0,1,2,koclip_svm
7489,cherryblossom_0056.png,1,4,2,koclip_svm
7490,cherryblossom_0056.png,4,4,2,koclip_svm
7491,cherryblossom_0056.png,4,4,2,koclip_svm
7499,cherryblossom_0061.png,4,3,2,koclip_svm
7500,cherryblossom_0061.png,4,4,2,koclip_svm
7501,cherryblossom_0061.png,0,0,2,koclip_svm
7502,cherryblossom_0061.png,0,0,2,koclip_svm
7503,cherryblossom_0061.png,0,0,2,koclip_svm
7504,cherryblossom_0062.png,4,0,2,koclip_svm
7505,cherryblossom_0062.png,4,1,2,koclip_svm
7506,cherryblossom_0062.png,4,4,2,koclip_svm
7507,cherryblossom_0062.png,1,1,2,koclip_svm
7508,cherryblossom_0062.png,3,1,2,koclip_svm
7559,cherryblossom_0084.png,2,2,2,koclip_svm
7560,cherryblossom_0084.png,4,4,2,koclip_svm
7561,cherryblossom_0084.png,1,0,2,koclip_svm
7562,cherryblossom_0084.png,3,3,2,koclip_svm
7563,cherryblossom_0084.png,2,4,2,koclip_svm
7572,cherryblossom_0088.png,4,4,2,koclip_svm
7573,cherryblossom_0088.png,4,1,2,koclip_svm
7574,cherryblossom_0088.png,4,4,2,koclip_svm
7607,cherryblossom_0099.png,4,4,2,koclip_svm
7608,cherryblossom_0099.png,4,4,2,koclip_svm
7609,cherryblossom_0099.png,3,4,2,koclip_svm
7610,cherryblossom_0099.png,4,4,2,koclip_svm
7611,cherryblossom_0099.png,1,3,2,koclip_svm
7612,cherryblossom_0099.png,3,4,2,koclip_svm
7613,cherryblossom_0099.png,4,4,2,koclip_svm
7614,cherryblossom_0099.png,4,4,2,koclip_svm
7615,cherryblossom_0099.png,4,4,2,koclip_svm
7616,cherryblossom_0099.png,3,3,2,koclip_svm
7617,cherryblossom_0099.png,2,4,2,koclip_svm
7618,cherryblossom_0099.png,1,4,2,koclip_svm
7619,cherryblossom_0099.png,1,1,2,koclip_svm
7620,cherryblossom_0099.png,3,1,2,koclip_svm
7621,cherryblossom_0099.png,3,4,2,koclip_svm
7622,cherryblossom_0099.png,1,1,2,koclip_svm
7623,cherryblossom_0099.png,1,1,2,koclip_svm
7624,cherryblossom_0099.png,2,2,2,koclip_svm
7625,cherryblossom_0099.png,2,2,2,koclip_svm
7626,cherryblossom_0099.png,1,1,2,koclip_svm
7627,cherryblossom_0099.png,2,2,2,koclip_svm
7628,cherryblossom_0100.png,0,0,2,koclip_svm
7629,cherryblossom_0100.png,4,4,2,koclip_svm
7630,cherryblossom_0100.png,1,1,2,koclip_svm
7705,kpop_0010.png,0,4,2,koclip_svm
7706,kpop_0010.png,4,4,2,koclip_svm
7707,kpop_0010.png,4,2,2,koclip_svm
7708,kpop_0010.png,3,4,2,koclip_svm
7748,kpop_0020.png,1,1,2,koclip_svm
7749,kpop_0020.png,2,2,2,koclip_svm
7750,kpop_0020.png,3,3,2,koclip_svm
7751,kpop_0020.png,3,1,2,koclip_svm
7752,kpop_0020.png,3,3,2,koclip_svm
7773,kpop_0023.png,4,1,2,koclip_svm
7774,kpop_0023.png,4,1,2,koclip_svm
7775,kpop_0023.png,4,4,2,koclip_svm
7776,kpop_0023.png,4,4,2,koclip_svm
7777,kpop_0023.png,3,3,2,koclip_svm
7807,kpop_0028.png,0,4,2,koclip_svm
7808,kpop_0028.png,0,4,2,koclip_svm
7809,kpop_0028.png,0,0,2,koclip_svm
7810,kpop_0028.png,1,3,2,koclip_svm
7811,kpop_0028.png,0,4,2,koclip_svm
7829,kpop_0031.png,1,3,2,koclip_svm
7830,kpop_0031.png,3,4,2,koclip_svm
7831,kpop_0031.png,3,4,2,koclip_svm
7832,kpop_0031.png,3,4,2,koclip_svm
7875,kpop_0038.png,0,4,2,koclip_svm
7876,kpop_0038.png,0,4,2,koclip_svm
7877,kpop_0038.png,0,4,2,koclip_svm
7878,kpop_0038.png,0,1,2,koclip_svm
7879,kpop_0038.png,0,3,2,koclip_svm
7880,kpop_0038.png,0,3,2,koclip_svm
7881,kpop_0038.png,0,4,2,koclip_svm
7882,kpop_0038.png,0,1,2,koclip_svm
7883,kpop_0038.png,0,1,2,koclip_svm
7884,kpop_0038.png,0,1,2,koclip_svm
7885,kpop_0038.png,0,4,2,koclip_svm
7886,kpop_0038.png,0,4,2,koclip_svm
7887,kpop_0038.png,0,3,2,koclip_svm
7888,kpop_0038.png,0,3,2,koclip_svm
8074,kpop_0059.png,4,2,2,koclip_svm
8075,kpop_0059.png,4,4,2,koclip_svm
8076,kpop_0059.png,4,4,2,koclip_svm
8077,kpop_0059.png,4,4,2,koclip_svm
8078,kpop_0059.png,3,3,2,koclip_svm
8083,kpop_0061.png,3,3,2,koclip_svm
8084,kpop_0061.png,3,2,2,koclip_svm
8085,kpop_0061.png,4,1,2,koclip_svm
8086,kpop_0061.png,1,2,2,koclip_svm
8087,kpop_0061.png,3,1,2,koclip_svm
8107,kpop_0065.png,4,4,2,koclip_svm
8108,kpop_0065.png,2,2,2,koclip_svm
8109,kpop_0065.png,1,4,2,koclip_svm
8110,kpop_0065.png,0,1,2,koclip_svm
8111,kpop_0065.png,3,3,2,koclip_svm
8140,kpop_0069.png,3,1,2,koclip_svm
8141,kpop_0069.png,3,1,2,koclip_svm
8142,kpop_0069.png,2,3,2,koclip_svm
8143,kpop_0069.png,4,0,2,koclip_svm
8144,kpop_0069.png,0,4,2,koclip_svm
8145,kpop_0069.png,0,4,2,koclip_svm
8184,kpop_0074.png,4,4,2,koclip_svm
8185,kpop_0074.png,4,4,2,koclip_svm
8186,kpop_0074.png,4,4,2,koclip_svm
8187,kpop_0074.png,4,4,2,koclip_svm
8188,kpop_0074.png,4,4,2,koclip_svm
8194,kpop_0076.png,4,4,2,koclip_svm
8195,kpop_0076.png,4,4,2,koclip_svm
8196,kpop_0076.png,3,4,2,koclip_svm
8197,kpop_0076.png,3,4,2,koclip_svm
8198,kpop_0076.png,3,3,2,koclip_svm
8214,kpop_0078.png,4,4,2,koclip_svm
8215,kpop_0078.png,4,4,2,koclip_svm
8216,kpop_0078.png,4,4,2,koclip_svm
8217,kpop_0078.png,4,4,2,koclip_svm
8233,kpop_0081.png,3,2,2,koclip_svm
8234,kpop_0081.png,4,3,2,koclip_svm
8235,kpop_0081.png,3,4,2,koclip_svm
8247,kpop_0083.png,4,4,2,koclip_svm
8248,kpop_0083.png,4,4,2,koclip_svm
8249,kpop_0083.png,1,1,2,koclip_svm
8250,kpop_0083.png,3,3,2,koclip_svm
8271,kpop_0088.png,4,1,2,koclip_svm
8272,kpop_0088.png,4,4,2,koclip_svm
8273,kpop_0088.png,4,4,2,koclip_svm
8274,kpop_0088.png,4,4,2,koclip_svm
8275,kpop_0088.png,3,3,2,koclip_svm
8293,kpop_0092.png,4,4,2,koclip_svm
8294,kpop_0092.png,4,4,2,koclip_svm
8295,kpop_0092.png,4,3,2,koclip_svm
8296,kpop_0092.png,3,3,2,koclip_svm
8297,kpop_0092.png,3,3,2,koclip_svm
8298,kpop_0092.png,3,4,2,koclip_svm
8299,kpop_0092.png,3,4,2,koclip_svm
8300,kpop_0092.png,3,4,2,koclip_svm
8301,kpop_0092.png,3,3,2,koclip_svm
8302,kpop_0092.png,3,4,2,koclip_svm
8303,kpop_0092.png,3,3,2,koclip_svm
8304,kpop_0092.png,2,2,2,koclip_svm
8305,kpop_0092.png,2,2,2,koclip_svm
8311,kpop_0094.png,3,4,2,koclip_svm
8312,kpop_0094.png,3,3,2,koclip_svm
8313,kpop_0094.png,3,4,2,koclip_svm
8314,kpop_0094.png,3,4,2,koclip_svm
8337,kpop_0098.png,3,1,2,koclip_svm
8338,kpop_0098.png,4,4,2,koclip_svm
8339,kpop_0098.png,4,1,2,koclip_svm
8340,kpop_0098.png,4,1,2,koclip_svm
8341,kpop_0098.png,1,3,2,koclip_svm
8342,kpop_0098.png,1,1,2,koclip_svm
8343,kpop_0098.png,3,1,2,koclip_svm
8344,kpop_0098.png,4,1,2,koclip_svm
8345,kpop_0098.png,4,4,2,koclip_svm
8346,kpop_0098.png,3,3,2,koclip_svm
8347,kpop_0098.png,3,2,2,koclip_svm
8348,kpop_0098.png,4,3,2,koclip_svm
8349,kpop_0098.png,1,4,2,koclip_svm
8350,kpop_0098.png,1,1,2,koclip_svm
8351,kpop_0098.png,1,3,2,koclip_svm
8352,kpop_0098.png,3,1,2,koclip_svm
8353,kpop_0098.png,1,1,2,koclip_svm
8354,kpop_0098.png,1,1,2,koclip_svm
8355,kpop_0098.png,3,1,2,koclip_svm
8356,kpop_0098.png,4,1,2,koclip_svm
8357,kpop_0098.png,2,4,2,koclip_svm
8358,kpop_0098.png,2,4,2,koclip_svm
8359,kpop_0098.png,3,1,2,koclip_svm
8360,kpop_0098.png,0,3,2,koclip_svm
8361,kpop_0098.png,3,3,2,koclip_svm
8362,kpop_0098.png,4,3,2,koclip_svm
8381,spotify_0001.png,4,1,2,koclip_svm
8382,spotify_0001.png,4,2,2,koclip_svm
8383,spotify_0001.png,3,3,2,koclip_svm
8384,spotify_0001.png,0,4,2,koclip_svm
8389,spotify_0004.png,4,1,2,koclip_svm
8390,spotify_0004.png,4,0,2,koclip_svm
8391,spotify_0004.png,4,4,2,koclip_svm
8392,spotify_0004.png,4,0,2,koclip_svm
8492,spotify_0043.png,4,3,2,koclip_svm
8493,spotify_0043.png,2,2,2,koclip_svm
8494,spotify_0043.png,1,1,2,koclip_svm
8499,spotify_0045.png,4,4,2,koclip_svm
8500,spotify_0045.png,4,4,2,koclip_svm
8501,spotify_0045.png,2,2,2,koclip_svm
8502,spotify_0045.png,3,2,2,koclip_svm
8503,spotify_0046.png,4,4,2,koclip_svm
8504,spotify_0046.png,4,4,2,koclip_svm
8505,spotify_0046.png,2,1,2,koclip_svm
8506,spotify_0046.png,3,2,2,koclip_svm
8507,spotify_0046.png,3,2,2,koclip_svm
8508,spotify_0046.png,4,4,2,koclip_svm
8509,spotify_0046.png,2,4,2,koclip_svm
8510,spotify_0046.png,3,4,2,koclip_svm
8511,spotify_0046.png,4,4,2,koclip_svm
8512,spotify_0046.png,4,4,2,koclip_svm
8513,spotify_0046.png,4,4,2,koclip_svm
8514,spotify_0046.png,1,4,2,koclip_svm
8515,spotify_0046.png,1,4,2,koclip_svm
8516,spotify_0046.png,1,1,2,koclip_svm
8544,spotify_0056.png,4,1,2,koclip_svm
8545,spotify_0056.png,4,1,2,koclip_svm
8546,spotify_0056.png,4,3,2,koclip_svm
8547,spotify_0056.png,4,1,2,koclip_svm
8548,spotify_0056.png,4,1,2,koclip_svm
8549,spotify_0056.png,3,4,2,koclip_svm
8550,spotify_0056.png,3,3,2,koclip_svm
8551,spotify_0056.png,2,3,2,koclip_svm
8552,spotify_0056.png,1,1,2,koclip_svm
8553,spotify_0056.png,2,4,2,koclip_svm
8554,spotify_0056.png,2,4,2,koclip_svm
8555,spotify_0056.png,2,4,2,koclip_svm
8556,spotify_0056.png,1,4,2,koclip_svm
8557,spotify_0056.png,0,1,2,koclip_svm
8612,spotify_0076.png,4,4,2,koclip_svm
8613,spotify_0076.png,4,4,2,koclip_svm
8614,spotify_0076.png,2,1,2,koclip_svm
8615,spotify_0076.png,1,1,2,koclip_svm
8616,spotify_0076.png,2,2,2,koclip_svm
8626,spotify_0084.png,1,1,2,koclip_svm
8632,spotify_0087.png,0,1,2,koclip_svm
8709,netflix_0007.png,4,4,2,koclip_svm
8710,netflix_0007.png,4,3,2,koclip_svm
8711,netflix_0007.png,1,2,2,koclip_svm
8712,netflix_0007.png,3,3,2,koclip_svm
8713,netflix_0007.png,4,4,2,koclip_svm
8719,netflix_0009.png,1,2,2,koclip_svm
8720,netflix_0009.png,3,2,2,koclip_svm
8721,netflix_0009.png,1,1,2,koclip_svm
8722,netflix_0009.png,4,4,2,koclip_svm
8723,netflix_0009.png,1,4,2,koclip_svm
8796,netflix_0030.png,2,2,2,koclip_svm
8797,netflix_0030.png,1,4,2,koclip_svm
8798,netflix_0030.png,1,4,2,koclip_svm
8799,netflix_0030.png,4,4,2,koclip_svm
8807,netflix_0032.png,4,4,2,koclip_svm
8808,netflix_0032.png,3,2,2,koclip_svm
8851,netflix_0043.png,3,1,2,koclip_svm
8852,netflix_0043.png,1,1,2,koclip_svm
8862,netflix_0047.png,4,4,2,koclip_svm
8863,netflix_0047.png,4,4,2,koclip_svm
8864,netflix_0047.png,3,4,2,koclip_svm
8865,netflix_0047.png,4,4,2,koclip_svm
8866,netflix_0047.png,3,2,2,koclip_svm
8872,netflix_0049.png,4,4,2,koclip_svm
8873,netflix_0049.png,4,4,2,koclip_svm
8874,netflix_0049.png,3,1,2,koclip_svm
8875,netflix_0049.png,3,1,2,koclip_svm
8876,netflix_0049.png,2,2,2,koclip_svm
8934,netflix_0062.png,4,4,2,koclip_svm
8935,netflix_0062.png,4,4,2,koclip_svm
8936,netflix_0062.png,4,3,2,koclip_svm
8937,netflix_0062.png,4,1,2,koclip_svm
8938,netflix_0062.png,4,1,2,koclip_svm
8939,netflix_0062.png,4,1,2,koclip_svm
8940,netflix_0062.png,4,2,2,koclip_svm
8941,netflix_0062.png,4,4,2,koclip_svm
8942,netflix_0062.png,4,4,2,koclip_svm
8943,netflix_0062.png,4,4,2,koclip_svm
8944,netflix_0062.png,2,3,2,koclip_svm
8945,netflix_0062.png,2,2,2,koclip_svm
8946,netflix_0062.png,3,2,2,koclip_svm
8947,netflix_0062.png,3,4,2,koclip_svm
8948,netflix_0062.png,2,2,2,koclip_svm
8949,netflix_0063.png,4,2,2,koclip_svm
8950,netflix_0063.png,3,2,2,koclip_svm
8951,netflix_0063.png,4,2,2,koclip_svm
9072,apple_0003.png,0,4,2,koclip_svm
9073,apple_0003.png,0,4,2,koclip_svm
9074,apple_0003.png,0,4,2,koclip_svm
9075,apple_0003.png,1,2,2,koclip_svm
9076,apple_0003.png,0,4,2,koclip_svm
9138,apple_0023.png,4,4,2,koclip_svm
9139,apple_0023.png,0,4,2,koclip_svm
9140,apple_0023.png,0,4,2,koclip_svm
9141,apple_0023.png,4,4,2,koclip_svm
9154,apple_0027.png,4,4,2,koclip_svm
9155,apple_0027.png,4,4,2,koclip_svm
9156,apple_0027.png,0,4,2,koclip_svm
9157,apple_0027.png,4,4,2,koclip_svm
9158,apple_0027.png,4,4,2,koclip_svm
9159,apple_0028.png,4,4,2,koclip_svm
9160,apple_0028.png,4,4,2,koclip_svm
9161,apple_0028.png,3,4,2,koclip_svm
9162,apple_0028.png,4,4,2,koclip_svm
9163,apple_0028.png,1,4,2,koclip_svm
9169,apple_0035.png,3,3,2,koclip_svm
9170,apple_0035.png,4,1,2,koclip_svm
9171,apple_0035.png,3,1,2,koclip_svm
9172,apple_0035.png,4,3,2,koclip_svm
9173,apple_0035.png,4,3,2,koclip_svm
9179,apple_0038.png,4,4,2,koclip_svm
9180,apple_0038.png,4,4,2,koclip_svm
9181,apple_0038.png,3,2,2,koclip_svm
9182,apple_0038.png,1,3,2,koclip_svm
9183,apple_0038.png,1,4,2,koclip_svm
9214,apple_0048.png,4,4,2,koclip_svm
9215,apple_0048.png,3,4,2,koclip_svm
9216,apple_0048.png,1,2,2,koclip_svm
9217,apple_0048.png,1,4,2,koclip_svm
9218,apple_0048.png,1,4,2,koclip_svm
9219,apple_0048.png,2,1,2,koclip_svm
9220,apple_0048.png,2,2,2,koclip_svm
9221,apple_0048.png,3,2,2,koclip_svm
9222,apple_0048.png,1,2,2,koclip_svm
9306,apple_0080.png,4,4,2,koclip_svm
9307,apple_0080.png,3,2,2,koclip_svm
9308,apple_0080.png,2,2,2,koclip_svm
9309,apple_0080.png,2,2,2,koclip_svm
9310,apple_0080.png,1,4,2,koclip_svm
9329,apple_0092.png,4,4,2,koclip_svm
9340,apple_0096.png,4,4,2,koclip_svm
9341,apple_0096.png,4,4,2,koclip_svm
9342,apple_0096.png,4,4,2,koclip_svm
9343,apple_0096.png,4,4,2,koclip_svm
9373,galaxy_0004.png,4,4,2,koclip_svm
9395,galaxy_0012.png,4,4,2,koclip_svm
9396,galaxy_0012.png,4,4,2,koclip_svm
9397,galaxy_0012.png,3,4,2,koclip_svm
9398,galaxy_0012.png,1,4,2,koclip_svm
9399,galaxy_0012.png,1,4,2,koclip_svm
9405,galaxy_0014.png,4,4,2,koclip_svm
9406,galaxy_0014.png,3,4,2,koclip_svm
9407,galaxy_0014.png,0,4,2,koclip_svm
9408,galaxy_0014.png,0,4,2,koclip_svm
9409,galaxy_0014.png,1,2,2,koclip_svm
9410,galaxy_0015.png,4,1,2,koclip_svm
9411,galaxy_0015.png,4,4,2,koclip_svm
9412,galaxy_0015.png,3,4,2,koclip_svm
9427,galaxy_0020.png,1,0,2,koclip_svm
9428,galaxy_0020.png,1,1,2,koclip_svm
9429,galaxy_0020.png,4,4,2,koclip_svm
9430,galaxy_0020.png,1,1,2,koclip_svm
9431,galaxy_0022.png,4,4,2,koclip_svm
9432,galaxy_0022.png,0,4,2,koclip_svm
9433,galaxy_0022.png,4,4,2,koclip_svm
9434,galaxy_0022.png,0,4,2,koclip_svm
9435,galaxy_0022.png,3,4,2,koclip_svm
9436,galaxy_0022.png,4,4,2,koclip_svm
9437,galaxy_0022.png,4,4,2,koclip_svm
9438,galaxy_0022.png,1,1,2,koclip_svm
9439,galaxy_0022.png,0,1,2,koclip_svm
9440,galaxy_0022.png,0,0,2,koclip_svm
9441,galaxy_0022.png,0,3,2,koclip_svm
9442,galaxy_0022.png,2,2,2,koclip_svm
9443,galaxy_0022.png,1,1,2,koclip_svm
9444,galaxy_0022.png,1,1,2,koclip_svm
9445,galaxy_0022.png,0,3,2,koclip_svm
9446,galaxy_0022.png,0,3,2,koclip_svm
9492,galaxy_0029.png,4,4,2,koclip_svm
9493,galaxy_0029.png,4,4,2,koclip_svm
9494,galaxy_0029.png,3,4,2,koclip_svm
9495,galaxy_0029.png,0,4,2,koclip_svm
9496,galaxy_0029.png,1,1,2,koclip_svm
9545,galaxy_0040.png,0,1,2,koclip_svm
9555,galaxy_0044.png,0,1,2,koclip_svm
9556,galaxy_0044.png,4,1,2,koclip_svm
9557,galaxy_0044.png,3,4,2,koclip_svm
9558,galaxy_0044.png,3,1,2,koclip_svm
9559,galaxy_0044.png,2,4,2,koclip_svm
9560,galaxy_0044.png,4,4,2,koclip_svm
9592,galaxy_0060.png,2,1,2,koclip_svm
9593,galaxy_0060.png,1,1,2,koclip_svm
9594,galaxy_0060.png,4,4,2,koclip_svm
9595,galaxy_0060.png,3,1,2,koclip_svm
9641,galaxy_0071.png,4,4,2,koclip_svm
9642,galaxy_0071.png,1,4,2,koclip_svm
9643,galaxy_0071.png,2,4,2,koclip_svm
9659,galaxy_0075.png,4,4,2,koclip_svm
9660,galaxy_0075.png,4,4,2,koclip_svm
9661,galaxy_0075.png,2,4,2,koclip_svm
9766,galaxy_0096.png,2,1,2,koclip_svm
9767,galaxy_0096.png,1,4,2,koclip_svm
9768,galaxy_0096.png,0,1,2,koclip_svm
9769,galaxy_0096.png,2,1,2,koclip_svm
9770,galaxy_0096.png,1,4,2,koclip_svm
9844,iphone16_0008.png,4,4,2,koclip_svm
9845,iphone16_0008.png,4,2,2,koclip_svm
9846,iphone16_0008.png,3,2,2,koclip_svm
9847,iphone16_0008.png,3,2,2,koclip_svm
9848,iphone16_0008.png,2,2,2,koclip_svm
9852,iphone16_0011.png,3,4,2,koclip_svm
9853,iphone16_0011.png,4,4,2,koclip_svm
9854,iphone16_0011.png,4,4,2,koclip_svm
9855,iphone16_0011.png,4,2,2,koclip_svm
9856,iphone16_0011.png,2,2,2,koclip_svm
9857,iphone16_0011.png,1,2,2,koclip_svm
9858,iphone16_0011.png,1,3,2,koclip_svm
9859,iphone16_0011.png,1,2,2,koclip_svm
9860,iphone16_0011.png,0,2,2,koclip_svm
9861,iphone16_0011.png,2,2,2,koclip_svm
9919,iphone16_0033.png,4,4,2,koclip_svm
9920,iphone16_0033.png,3,2,2,koclip_svm
9921,iphone16_0034.png,1,0,2,koclip_svm
9922,iphone16_0034.png,0,0,2,koclip_svm
9923,iphone16_0034.png,4,4,2,koclip_svm
9924,iphone16_0034.png,0,1,2,koclip_svm
9933,iphone16_0038.png,3,4,2,koclip_svm
9934,iphone16_0038.png,4,4,2,koclip_svm
9935,iphone16_0038.png,1,2,2,koclip_svm
9936,iphone16_0038.png,0,1,2,koclip_svm
9937,iphone16_0038.png,2,2,2,koclip_svm
9960,iphone16_0046.png,3,1,2,koclip_svm
9961,iphone16_0046.png,4,4,2,koclip_svm
9962,iphone16_0046.png,2,1,2,koclip_svm
9963,iphone16_0046.png,1,1,2,koclip_svm
10019,iphone16_0058.png,4,2,2,koclip_svm
10020,iphone16_0058.png,4,2,2,koclip_svm
10021,iphone16_0058.png,3,0,2,koclip_svm
10022,iphone16_0058.png,4,1,2,koclip_svm
10023,iphone16_0058.png,4,4,2,koclip_svm
10024,iphone16_0058.png,4,2,2,koclip_svm
10025,iphone16_0058.png,4,2,2,koclip_svm
10026,iphone16_0058.png,4,2,2,koclip_svm
10027,iphone16_0058.png,3,2,2,koclip_svm
10038,iphone16_0062.png,4,4,2,koclip_svm
10039,iphone16_0062.png,4,4,2,koclip_svm
10040,iphone16_0062.png,1,2,2,koclip_svm
10041,iphone16_0062.png,0,1,2,koclip_svm
10042,iphone16_0062.png,3,1,2,koclip_svm
10070,iphone16_0071.png,4,4,2,koclip_svm
10071,iphone16_0071.png,4,4,2,koclip_svm
10072,iphone16_0071.png,1,1,2,koclip_svm
10106,iphone16_0075.png,1,2,2,koclip_svm
10107,iphone16_0075.png,4,4,2,koclip_svm
10108,iphone16_0075.png,4,1,2,koclip_svm
10109,iphone16_0075.png,3,2,2,koclip_svm
10110,iphone16_0075.png,1,2,2,koclip_svm
10117,iphone16_0078.png,4,4,2,koclip_svm
10118,iphone16_0078.png,4,0,2,koclip_svm
10119,iphone16_0078.png,1,4,2,koclip_svm
10120,iphone16_0078.png,3,2,2,koclip_svm
10121,iphone16_0078.png,4,1,2,koclip_svm
10122,iphone16_0078.png,1,1,2,koclip_svm
10123,iphone16_0078.png,1,2,2,koclip_svm
10124,iphone16_0078.png,3,2,2,koclip_svm
10125,iphone16_0078.png,2,2,2,koclip_svm
10172,iphone16_0085.png,0,4,2,koclip_svm
10173,iphone16_0085.png,4,2,2,koclip_svm
10174,iphone16_0085.png,0,2,2,koclip_svm
10175,iphone16_0085.png,2,4,2,koclip_svm
10176,iphone16_0085.png,0,4,2,koclip_svm
10177,iphone16_0085.png,1,2,2,koclip_svm
10178,iphone16_0085.png,2,4,2,koclip_svm
10179,iphone16_0085.png,0,1,2,koclip_svm
10180,iphone16_0085.png,0,0,2,koclip_svm
10181,iphone16_0085.png,4,1,2,koclip_svm
10201,iphone16_0092.png,4,2,2,koclip_svm
10202,iphone16_0092.png,3,2,2,koclip_svm
10203,iphone16_0092.png,3,3,2,koclip_svm
10204,iphone16_0092.png,4,4,2,koclip_svm
10205,iphone16_0092.png,2,2,2,koclip_svm
10206,iphone16_0092.png,3,3,2,koclip_svm
10207,iphone16_0092.png,1,0,2,koclip_svm
10208,iphone16_0092.png,1,0,2,koclip_svm
10209,iphone16_0092.png,0,0,2,koclip_svm
10210,iphone16_0092.png,1,0,2,koclip_svm
10211,iphone16_0092.png,3,1,2,koclip_svm
10212,iphone16_0092.png,2,0,2,koclip_svm
10213,iphone16_0092.png,1,0,2,koclip_svm
10214,iphone16_0092.png,0,0,2,koclip_svm
10215,iphone16_0092.png,0,0,2,koclip_svm
10216,iphone16_0092.png,0,0,2,koclip_svm
10217,iphone16_0092.png,0,0,2,koclip_svm
10218,iphone16_0092.png,0,0,2,koclip_svm
10219,iphone16_0092.png,0,0,2,koclip_svm
10220,iphone16_0092.png,0,0,2,koclip_svm
10221,iphone16_0092.png,0,0,2,koclip_svm
10222,iphone16_0092.png,1,0,2,koclip_svm
10223,iphone16_0092.png,1,1,2,koclip_svm
10224,iphone16_0092.png,3,2,2,koclip_svm
10225,iphone16_0092.png,3,2,2,koclip_svm
10226,iphone16_0092.png,2,2,2,koclip_svm
10227,iphone16_0092.png,0,0,2,koclip_svm
10228,iphone16_0092.png,3,1,2,koclip_svm
10261,iphone16_0100.png,4,4,2,koclip_svm
10262,iphone16_0100.png,4,4,2,koclip_svm
10263,iphone16_0100.png,4,4,2,koclip_svm
10264,iphone16_0100.png,3,4,2,koclip_svm
10265,iphone16_0100.png,3,2,2,koclip_svm
10266,iphone16_0100.png,3,2,2,koclip_svm
10267,iphone16_0100.png,2,2,2,koclip_svm
10268,iphone16_0100.png,4,4,2,koclip_svm
10269,iphone16_0100.png,2,2,2,koclip_svm
10270,iphone16_0100.png,1,1,2,koclip_svm
10271,iphone16_0100.png,2,2,2,koclip_svm
10272,healthstagram_0001.png,1,0,2,koclip_svm
10325,healthstagram_0018.png,2,0,2,koclip_svm
10326,healthstagram_0018.png,3,0,2,koclip_svm
10327,healthstagram_0018.png,2,4,2,koclip_svm
10328,healthstagram_0018.png,4,2,2,koclip_svm
10329,healthstagram_0018.png,3,0,2,koclip_svm
10330,healthstagram_0018.png,2,2,2,koclip_svm
10331,healthstagram_0018.png,4,2,2,koclip_svm
10332,healthstagram_0018.png,4,2,2,koclip_svm
10333,healthstagram_0018.png,4,4,2,koclip_svm
10334,healthstagram_0018.png,4,4,2,koclip_svm
10335,healthstagram_0018.png,3,4,2,koclip_svm
10336,healthstagram_0018.png,2,2,2,koclip_svm
10337,healthstagram_0018.png,4,4,2,koclip_svm
10338,healthstagram_0018.png,2,2,2,koclip_svm
10339,healthstagram_0018.png,1,1,2,koclip_svm
10340,healthstagram_0018.png,4,4,2,koclip_svm
10341,healthstagram_0018.png,4,3,2,koclip_svm
10342,healthstagram_0018.png,3,2,2,koclip_svm
10343,healthstagram_0018.png,2,0,2,koclip_svm
10344,healthstagram_0018.png,1,0,2,koclip_svm
10345,healthstagram_0018.png,0,0,2,koclip_svm
10346,healthstagram_0018.png,1,0,2,koclip_svm
10347,healthstagram_0018.png,1,0,2,koclip_svm
10348,healthstagram_0018.png,0,0,2,koclip_svm
10349,healthstagram_0018.png,4,4,2,koclip_svm
10350,healthstagram_0018.png,4,4,2,koclip_svm
10351,healthstagram_0018.png,2,2,2,koclip_svm
10352,healthstagram_0018.png,2,0,2,koclip_svm
10353,healthstagram_0018.png,4,4,2,koclip_svm
10513,healthstagram_0052.png,0,0,2,koclip_svm
10514,healthstagram_0052.png,0,0,2,koclip_svm
10515,healthstagram_0052.png,2,2,2,koclip_svm
10516,healthstagram_0052.png,3,4,2,koclip_svm
10517,healthstagram_0052.png,3,0,2,koclip_svm
10518,healthstagram_0052.png,3,3,2,koclip_svm
10519,healthstagram_0052.png,0,4,2,koclip_svm
10520,healthstagram_0052.png,0,0,2,koclip_svm
10521,healthstagram_0052.png,0,4,2,koclip_svm
10522,healthstagram_0052.png,0,1,2,koclip_svm
10523,healthstagram_0052.png,0,1,2,koclip_svm
10524,healthstagram_0052.png,0,2,2,koclip_svm
10525,healthstagram_0052.png,0,0,2,koclip_svm
10526,healthstagram_0052.png,0,1,2,koclip_svm
10527,healthstagram_0052.png,0,0,2,koclip_svm
10528,healthstagram_0052.png,0,0,2,koclip_svm
10529,healthstagram_0052.png,1,0,2,koclip_svm
10530,healthstagram_0052.png,0,2,2,koclip_svm
10531,healthstagram_0052.png,3,3,2,koclip_svm
10594,healthstagram_0067.png,2,2,2,koclip_svm
10595,healthstagram_0067.png,1,1,2,koclip_svm
10596,healthstagram_0067.png,1,0,2,koclip_svm
10597,healthstagram_0067.png,4,4,2,koclip_svm
10598,healthstagram_0067.png,4,4,2,koclip_svm
10599,healthstagram_0067.png,4,4,2,koclip_svm
10600,healthstagram_0067.png,0,4,2,koclip_svm
10601,healthstagram_0067.png,4,4,2,koclip_svm
10602,healthstagram_0067.png,3,2,2,koclip_svm
10603,healthstagram_0067.png,4,4,2,koclip_svm
10604,healthstagram_0067.png,3,4,2,koclip_svm
10605,healthstagram_0067.png,4,4,2,koclip_svm
10606,healthstagram_0067.png,4,4,2,koclip_svm
10607,healthstagram_0067.png,4,4,2,koclip_svm
10608,healthstagram_0067.png,3,3,2,koclip_svm
10609,healthstagram_0067.png,2,2,2,koclip_svm
10610,healthstagram_0067.png,2,2,2,koclip_svm
10611,healthstagram_0067.png,4,4,2,koclip_svm
10612,healthstagram_0067.png,4,4,2,koclip_svm
10613,healthstagram_0067.png,4,3,2,koclip_svm
10614,healthstagram_0067.png,4,4,2,koclip_svm
10615,healthstagram_0067.png,3,3,2,koclip_svm
10616,healthstagram_0067.png,4,4,2,koclip_svm
10617,healthstagram_0067.png,3,2,2,koclip_svm
10618,healthstagram_0067.png,4,4,2,koclip_svm
10619,healthstagram_0067.png,2,2,2,koclip_svm
10646,healthstagram_0082.png,3,0,2,koclip_svm
10650,healthstagram_0085.png,2,4,2,koclip_svm
10651,healthstagram_0085.png,1,0,2,koclip_svm
10652,healthstagram_0085.png,4,4,2,koclip_svm
10653,healthstagram_0085.png,4,4,2,koclip_svm
10654,healthstagram_0085.png,0,0,2,koclip_svm
10655,healthstagram_0085.png,0,0,2,koclip_svm
10656,healthstagram_0085.png,0,0,2,koclip_svm
10657,healthstagram_0085.png,1,1,2,koclip_svm
10658,healthstagram_0085.png,1,1,2,koclip_svm
10659,healthstagram_0085.png,2,3,2,koclip_svm
10660,healthstagram_0085.png,1,0,2,koclip_svm
10661,healthstagram_0085.png,1,0,2,koclip_svm
10662,healthstagram_0085.png,1,0,2,koclip_svm
10663,healthstagram_0085.png,1,2,2,koclip_svm
10664,healthstagram_0085.png,1,0,2,koclip_svm
10665,healthstagram_0085.png,3,3,2,koclip_svm
10666,healthstagram_0085.png,1,0,2,koclip_svm
10667,healthstagram_0085.png,1,2,2,koclip_svm
10668,healthstagram_0085.png,1,4,2,koclip_svm
10669,healthstagram_0085.png,1,0,2,koclip_svm
10670,healthstagram_0085.png,1,3,2,koclip_svm
10671,healthstagram_0085.png,1,0,2,koclip_svm
10672,healthstagram_0085.png,1,2,2,koclip_svm
10673,healthstagram_0085.png,1,4,2,koclip_svm
10674,healthstagram_0085.png,1,0,2,koclip_svm
10675,healthstagram_0085.png,1,0,2,koclip_svm
10676,healthstagram_0085.png,3,3,2,koclip_svm
10677,healthstagram_0085.png,1,0,2,koclip_svm
10678,healthstagram_0085.png,3,3,2,koclip_svm
10691,healthstagram_0088.png,0,0,2,koclip_svm
10692,healthstagram_0088.png,4,0,2,koclip_svm
10693,healthstagram_0088.png,0,0,2,koclip_svm
10694,healthstagram_0088.png,3,0,2,koclip_svm
10695,healthstagram_0088.png,2,0,2,koclip_svm
10696,healthstagram_0088.png,1,0,2,koclip_svm
10758,healthstagram_0094.png,3,3,2,koclip_svm
10759,healthstagram_0094.png,4,4,2,koclip_svm
10760,healthstagram_0094.png,3,3,2,koclip_svm
10761,healthstagram_0094.png,0,0,2,koclip_svm
10762,healthstagram_0094.png,4,4,2,koclip_svm
10783,ounwan_0002.png,4,2,2,koclip_svm
10784,ounwan_0002.png,4,4,2,koclip_svm
10785,ounwan_0002.png,3,3,2,koclip_svm
10786,ounwan_0002.png,1,0,2,koclip_svm
10787,ounwan_0002.png,1,2,2,koclip_svm
10788,ounwan_0002.png,0,4,2,koclip_svm
10789,ounwan_0002.png,4,0,2,koclip_svm
10818,ounwan_0009.png,4,2,2,koclip_svm
10819,ounwan_0009.png,1,1,2,koclip_svm
10820,ounwan_0009.png,1,1,2,koclip_svm
10821,ounwan_0009.png,3,3,2,koclip_svm
10847,ounwan_0012.png,1,4,2,koclip_svm
10848,ounwan_0012.png,4,2,2,koclip_svm
10849,ounwan_0012.png,3,3,2,koclip_svm
10850,ounwan_0012.png,2,2,2,koclip_svm
10851,ounwan_0013.png,3,3,2,koclip_svm
10898,ounwan_0017.png,3,3,2,koclip_svm
10899,ounwan_0017.png,1,4,2,koclip_svm
10900,ounwan_0017.png,2,1,2,koclip_svm
10901,ounwan_0017.png,4,2,2,koclip_svm
10902,ounwan_0017.png,3,2,2,koclip_svm
10914,ounwan_0020.png,4,4,2,koclip_svm
10915,ounwan_0020.png,4,4,2,koclip_svm
10916,ounwan_0020.png,1,2,2,koclip_svm
10917,ounwan_0020.png,1,0,2,koclip_svm
10918,ounwan_0020.png,4,4,2,koclip_svm
10919,ounwan_0020.png,4,3,2,koclip_svm
10920,ounwan_0020.png,0,4,2,koclip_svm
10921,ounwan_0020.png,1,4,2,koclip_svm
10922,ounwan_0020.png,1,4,2,koclip_svm
10923,ounwan_0020.png,1,4,2,koclip_svm
10924,ounwan_0020.png,2,3,2,koclip_svm
10925,ounwan_0020.png,0,4,2,koclip_svm
10926,ounwan_0020.png,2,2,2,koclip_svm
10927,ounwan_0020.png,2,2,2,koclip_svm
10928,ounwan_0020.png,2,4,2,koclip_svm
10929,ounwan_0020.png,4,4,2,koclip_svm
10930,ounwan_0020.png,2,2,2,koclip_svm
10931,ounwan_0020.png,1,2,2,koclip_svm
10932,ounwan_0020.png,0,4,2,koclip_svm
10933,ounwan_0020.png,0,1,2,koclip_svm
10934,ounwan_0020.png,1,0,2,koclip_svm
10935,ounwan_0020.png,1,1,2,koclip_svm
10937,ounwan_0024.png,3,3,2,koclip_svm
10968,ounwan_0035.png,4,4,2,koclip_svm
10969,ounwan_0035.png,2,2,2,koclip_svm
10970,ounwan_0035.png,4,3,2,koclip_svm
11003,ounwan_0039.png,4,4,2,koclip_svm
11186,ounwan_0067.png,4,4,2,koclip_svm
11187,ounwan_0067.png,3,2,2,koclip_svm
11188,ounwan_0067.png,2,2,2,koclip_svm
11189,ounwan_0067.png,2,2,2,koclip_svm
11190,ounwan_0067.png,4,4,2,koclip_svm
11191,ounwan_0067.png,1,2,2,koclip_svm
11192,ounwan_0067.png,3,3,2,koclip_svm
11193,ounwan_0067.png,2,2,2,koclip_svm
11194,ounwan_0067.png,2,2,2,koclip_svm
11195,ounwan_0067.png,3,3,2,koclip_svm
11196,ounwan_0068.png,3,3,2,koclip_svm
11280,ounwan_0080.png,4,1,2,koclip_svm
11281,ounwan_0080.png,4,4,2,koclip_svm
11282,ounwan_0080.png,1,1,2,koclip_svm
11283,ounwan_0080.png,2,4,2,koclip_svm
11284,ounwan_0080.png,2,4,2,koclip_svm
11285,ounwan_0080.png,1,4,2,koclip_svm
11286,ounwan_0080.png,1,1,2,koclip_svm
11287,ounwan_0080.png,1,4,2,koclip_svm
11288,ounwan_0080.png,3,2,2,koclip_svm
11289,ounwan_0080.png,1,2,2,koclip_svm
11290,ounwan_0080.png,2,2,2,koclip_svm
11291,ounwan_0080.png,1,1,2,koclip_svm
11292,ounwan_0080.png,2,4,2,koclip_svm
11293,ounwan_0080.png,1,4,2,koclip_svm
11294,ounwan_0080.png,1,1,2,koclip_svm
11295,ounwan_0080.png,1,0,2,koclip_svm
11296,ounwan_0080.png,1,1,2,koclip_svm
11297,ounwan_0080.png,1,1,2,koclip_svm
11307,ounwan_0085.png,3,1,2,koclip_svm
11308,ounwan_0085.png,4,2,2,koclip_svm
11309,ounwan_0085.png,4,2,2,koclip_svm
11310,ounwan_0085.png,3,2,2,koclip_svm
11311,ounwan_0085.png,4,2,2,koclip_svm
11312,ounwan_0085.png,4,2,2,koclip_svm
11354,ounwan_0090.png,3,2,2,koclip_svm
11380,ounwan_0096.png,4,3,2,koclip_svm
11381,ounwan_0096.png,3,3,2,koclip_svm
11382,ounwan_0096.png,4,2,2,koclip_svm
11383,ounwan_0096.png,4,3,2,koclip_svm
11384,ounwan_0096.png,1,2,2,koclip_svm
11385,ounwan_0096.png,4,4,2,koclip_svm
11386,ounwan_0099.png,1,1,2,koclip_svm
11387,ounwan_0099.png,3,3,2,koclip_svm
11388,ounwan_0099.png,3,3,2,koclip_svm
11389,ounwan_0099.png,1,1,2,koclip_svm
11390,ounwan_0099.png,2,4,2,koclip_svm
11391,ounwan_0099.png,2,4,2,koclip_svm
11392,ounwan_0099.png,2,2,2,koclip_svm
11393,ounwan_0099.png,1,0,2,koclip_svm
11394,ounwan_0099.png,2,0,2,koclip_svm
11395,ounwan_0099.png,2,4,2,koclip_svm
11396,ounwan_0099.png,2,4,2,koclip_svm
11397,ounwan_0099.png,2,4,2,koclip_svm
11398,ounwan_0099.png,3,3,2,koclip_svm
11406,dietfood_0002.png,4,3,2,koclip_svm
11407,dietfood_0002.png,4,3,2,koclip_svm
11408,dietfood_0002.png,4,3,2,koclip_svm
11409,dietfood_0002.png,4,3,2,koclip_svm
11410,dietfood_0002.png,4,3,2,koclip_svm
11411,dietfood_0004.png,4,4,2,koclip_svm
11412,dietfood_0004.png,4,3,2,koclip_svm
11413,dietfood_0004.png,4,4,2,koclip_svm
11414,dietfood_0004.png,3,4,2,koclip_svm
11415,dietfood_0004.png,3,4,2,koclip_svm
11416,dietfood_0004.png,3,2,2,koclip_svm
11417,dietfood_0004.png,4,3,2,koclip_svm
11418,dietfood_0004.png,3,2,2,koclip_svm
11419,dietfood_0004.png,3,2,2,koclip_svm
11420,dietfood_0004.png,4,4,2,koclip_svm
11421,dietfood_0004.png,3,4,2,koclip_svm
11422,dietfood_0004.png,2,3,2,koclip_svm
11423,dietfood_0004.png,1,4,2,koclip_svm
11424,dietfood_0004.png,2,2,2,koclip_svm
11425,dietfood_0004.png,4,3,2,koclip_svm
11426,dietfood_0004.png,3,4,2,koclip_svm
11427,dietfood_0004.png,4,4,2,koclip_svm
11428,dietfood_0005.png,4,3,2,koclip_svm
11429,dietfood_0005.png,4,2,2,koclip_svm
11430,dietfood_0005.png,3,4,2,koclip_svm
11431,dietfood_0005.png,4,4,2,koclip_svm
11432,dietfood_0005.png,2,2,2,koclip_svm
11433,dietfood_0005.png,2,2,2,koclip_svm
11434,dietfood_0005.png,3,3,2,koclip_svm
11440,dietfood_0007.png,1,4,2,koclip_svm
11441,dietfood_0007.png,3,3,2,koclip_svm
11442,dietfood_0007.png,1,4,2,koclip_svm
11443,dietfood_0007.png,2,3,2,koclip_svm
11444,dietfood_0007.png,1,4,2,koclip_svm
11477,dietfood_0015.png,0,2,2,koclip_svm
11478,dietfood_0015.png,0,2,2,koclip_svm
11479,dietfood_0015.png,0,0,2,koclip_svm
11480,dietfood_0015.png,0,3,2,koclip_svm
11481,dietfood_0015.png,0,4,2,koclip_svm
11482,dietfood_0015.png,0,4,2,koclip_svm
11497,dietfood_0019.png,4,4,2,koclip_svm
11498,dietfood_0019.png,3,3,2,koclip_svm
11499,dietfood_0019.png,4,3,2,koclip_svm
11500,dietfood_0019.png,4,4,2,koclip_svm
11501,dietfood_0019.png,2,3,2,koclip_svm
11549,dietfood_0027.png,0,4,2,koclip_svm
11550,dietfood_0027.png,0,4,2,koclip_svm
11551,dietfood_0027.png,0,2,2,koclip_svm
11552,dietfood_0027.png,0,3,2,koclip_svm
11553,dietfood_0027.png,0,3,2,koclip_svm
11554,dietfood_0027.png,0,3,2,koclip_svm
11555,dietfood_0027.png,0,4,2,koclip_svm
11556,dietfood_0027.png,0,3,2,koclip_svm
11557,dietfood_0027.png,0,3,2,koclip_svm
11558,dietfood_0027.png,0,3,2,koclip_svm
11559,dietfood_0027.png,0,4,2,koclip_svm
11560,dietfood_0027.png,0,3,2,koclip_svm
11561,dietfood_0027.png,0,3,2,koclip_svm
11562,dietfood_0027.png,0,3,2,koclip_svm
11563,dietfood_0027.png,1,0,2,koclip_svm
11564,dietfood_0028.png,3,4,2,koclip_svm
11565,dietfood_0028.png,3,4,2,koclip_svm
11566,dietfood_0028.png,1,4,2,koclip_svm
11577,dietfood_0032.png,4,4,2,koclip_svm
11578,dietfood_0032.png,3,3,2,koclip_svm
11579,dietfood_0032.png,4,3,2,koclip_svm
11580,dietfood_0032.png,3,3,2,koclip_svm
11581,dietfood_0032.png,2,4,2,koclip_svm
11592,dietfood_0034.png,2,4,2,koclip_svm
11593,dietfood_0034.png,4,4,2,koclip_svm
11594,dietfood_0034.png,4,4,2,koclip_svm
11595,dietfood_0034.png,2,4,2,koclip_svm
11596,dietfood_0034.png,4,4,2,koclip_svm
11597,dietfood_0035.png,4,4,2,koclip_svm
11598,dietfood_0035.png,3,4,2,koclip_svm
11599,dietfood_0035.png,2,4,2,koclip_svm
11600,dietfood_0035.png,4,4,2,koclip_svm
11601,dietfood_0035.png,4,4,2,koclip_svm
11602,dietfood_0035.png,3,4,2,koclip_svm
11603,dietfood_0035.png,3,3,2,koclip_svm
11604,dietfood_0035.png,4,4,2,koclip_svm
11605,dietfood_0035.png,3,3,2,koclip_svm
11606,dietfood_0035.png,3,3,2,koclip_svm
11607,dietfood_0035.png,4,3,2,koclip_svm
11608,dietfood_0035.png,4,3,2,koclip_svm
11609,dietfood_0035.png,3,3,2,koclip_svm
11610,dietfood_0035.png,1,4,2,koclip_svm
11611,dietfood_0035.png,3,4,2,koclip_svm
11612,dietfood_0035.png,1,3,2,koclip_svm
11613,dietfood_0035.png,3,3,2,koclip_svm
11614,dietfood_0035.png,2,4,2,koclip_svm
11655,dietfood_0047.png,0,1,2,koclip_svm
11656,dietfood_0047.png,0,2,2,koclip_svm
11657,dietfood_0047.png,0,2,2,koclip_svm
11658,dietfood_0047.png,0,4,2,koclip_svm
11659,dietfood_0047.png,0,0,2,koclip_svm
11660,dietfood_0049.png,3,3,2,koclip_svm
11661,dietfood_0049.png,4,3,2,koclip_svm
11662,dietfood_0049.png,4,3,2,koclip_svm
11663,dietfood_0050.png,2,3,2,koclip_svm
11664,dietfood_0050.png,2,3,2,koclip_svm
11665,dietfood_0050.png,1,2,2,koclip_svm
11666,dietfood_0050.png,4,2,2,koclip_svm
11667,dietfood_0050.png,4,2,2,koclip_svm
11668,dietfood_0050.png,3,2,2,koclip_svm
11669,dietfood_0050.png,3,2,2,koclip_svm
11670,dietfood_0050.png,4,2,2,koclip_svm
11671,dietfood_0050.png,3,3,2,koclip_svm
11672,dietfood_0050.png,4,2,2,koclip_svm
11673,dietfood_0050.png,3,2,2,koclip_svm
11674,dietfood_0050.png,3,2,2,koclip_svm
11696,dietfood_0054.png,4,4,2,koclip_svm
11697,dietfood_0054.png,2,4,2,koclip_svm
11698,dietfood_0054.png,1,4,2,koclip_svm
11699,dietfood_0054.png,4,4,2,koclip_svm
11700,dietfood_0054.png,2,3,2,koclip_svm
11706,dietfood_0056.png,4,3,2,koclip_svm
11707,dietfood_0056.png,4,2,2,koclip_svm
11708,dietfood_0056.png,3,3,2,koclip_svm
11709,dietfood_0056.png,2,4,2,koclip_svm
11710,dietfood_0056.png,4,4,2,koclip_svm
11731,dietfood_0060.png,4,4,2,koclip_svm
11732,dietfood_0060.png,4,3,2,koclip_svm
11733,dietfood_0060.png,2,2,2,koclip_svm
11734,dietfood_0060.png,4,3,2,koclip_svm
11735,dietfood_0060.png,4,3,2,koclip_svm
11736,dietfood_0060.png,3,2,2,koclip_svm
11737,dietfood_0060.png,2,3,2,koclip_svm
11916,dietfood_0086.png,3,4,2,koclip_svm
11917,dietfood_0086.png,1,4,2,koclip_svm
11918,dietfood_0086.png,4,4,2,koclip_svm
11919,dietfood_0086.png,1,4,2,koclip_svm
11920,dietfood_0086.png,3,3,2,koclip_svm
11921,dietfood_0086.png,2,3,2,koclip_svm
11922,dietfood_0086.png,1,4,2,koclip_svm
11923,dietfood_0086.png,3,4,2,koclip_svm
11984,dietfood_0096.png,4,3,2,koclip_svm
11985,dietfood_0096.png,3,3,2,koclip_svm
11986,dietfood_0096.png,3,2,2,koclip_svm
11987,dietfood_0096.png,3,3,2,koclip_svm
11988,dietfood_0096.png,3,3,2,koclip_svm
12000,dietfood_0098.png,3,2,2,koclip_svm
12001,dietfood_0098.png,3,2,2,koclip_svm
12002,dietfood_0098.png,3,2,2,koclip_svm
12003,dietfood_0098.png,2,2,2,koclip_svm
12004,dietfood_0098.png,3,2,2,koclip_svm
6,ai_0003.png,4,4,3,koclip_svm
7,ai_0003.png,3,4,3,koclip_svm
8,ai_0004.png,3,4,3,koclip_svm
9,ai_0004.png,3,2,3,koclip_svm
10,ai_0004.png,2,1,3,koclip_svm
11,ai_0004.png,3,4,3,koclip_svm
12,ai_0004.png,2,4,3,koclip_svm
13,ai_0004.png,4,4,3,koclip_svm
14,ai_0004.png,4,4,3,koclip_svm
21,ai_0008.png,4,1,3,koclip_svm
22,ai_0008.png,1,1,3,koclip_svm
23,ai_0008.png,1,1,3,koclip_svm
24,ai_0008.png,1,0,3,koclip_svm
25,ai_0008.png,2,1,3,koclip_svm
26,ai_0008.png,2,1,3,koclip_svm
27,ai_0008.png,1,1,3,koclip_svm
28,ai_0008.png,3,1,3,koclip_svm
29,ai_0008.png,4,0,3,koclip_svm
30,ai_0008.png,4,1,3,koclip_svm
31,ai_0008.png,2,1,3,koclip_svm
32,ai_0008.png,1,1,3,koclip_svm
33,ai_0008.png,1,1,3,koclip_svm
187,ai_0019.png,4,4,3,koclip_svm
188,ai_0019.png,4,2,3,koclip_svm
189,ai_0019.png,2,2,3,koclip_svm
190,ai_0019.png,1,4,3,koclip_svm
191,ai_0019.png,1,2,3,koclip_svm
192,ai_0019.png,1,3,3,koclip_svm
193,ai_0019.png,2,2,3,koclip_svm
194,ai_0019.png,3,1,3,koclip_svm
195,ai_0019.png,3,1,3,koclip_svm
196,ai_0019.png,1,4,3,koclip_svm
197,ai_0019.png,2,2,3,koclip_svm
198,ai_0019.png,1,1,3,koclip_svm
199,ai_0019.png,2,2,3,koclip_svm
200,ai_0019.png,3,0,3,koclip_svm
201,ai_0019.png,3,1,3,koclip_svm
202,ai_0019.png,3,1,3,koclip_svm
203,ai_0019.png,3,1,3,koclip_svm
204,ai_0019.png,3,1,3,koclip_svm
205,ai_0019.png,2,0,3,koclip_svm
206,ai_0019.png,2,4,3,koclip_svm
207,ai_0019.png,0,4,3,koclip_svm
208,ai_0019.png,1,2,3,koclip_svm
209,ai_0019.png,0,0,3,koclip_svm
210,ai_0019.png,1,1,3,koclip_svm
211,ai_0019.png,4,4,3,koclip_svm
212,ai_0019.png,1,4,3,koclip_svm
213,ai_0019.png,3,4,3,koclip_svm
237,domesticTravel_0004.png,4,1,3,koclip_svm
238,domesticTravel_0004.png,3,3,3,koclip_svm
239,domesticTravel_0004.png,4,3,3,koclip_svm
240,domesticTravel_0004.png,4,0,3,koclip_svm
241,domesticTravel_0004.png,3,1,3,koclip_svm
242,domesticTravel_0004.png,3,3,3,koclip_svm
243,domesticTravel_0004.png,3,3,3,koclip_svm
244,domesticTravel_0004.png,2,2,3,koclip_svm
245,domesticTravel_0004.png,2,3,3,koclip_svm
246,domesticTravel_0004.png,2,3,3,koclip_svm
247,domesticTravel_0004.png,0,1,3,koclip_svm
248,domesticTravel_0004.png,1,1,3,koclip_svm
249,domesticTravel_0004.png,4,1,3,koclip_svm
250,domesticTravel_0004.png,1,1,3,koclip_svm
251,domesticTravel_0004.png,2,2,3,koclip_svm
252,domesticTravel_0004.png,2,3,3,koclip_svm
253,domesticTravel_0004.png,3,3,3,koclip_svm
254,domesticTravel_0004.png,3,3,3,koclip_svm
255,domesticTravel_0004.png,2,2,3,koclip_svm
256,domesticTravel_0004.png,3,3,3,koclip_svm
266,domesticTravel_0010.png,3,3,3,koclip_svm
267,domesticTravel_0010.png,4,1,3,koclip_svm
268,domesticTravel_0010.png,4,3,3,koclip_svm
269,domesticTravel_0010.png,4,1,3,koclip_svm
270,domesticTravel_0010.png,3,3,3,koclip_svm
271,domesticTravel_0010.png,2,2,3,koclip_svm
272,domesticTravel_0010.png,3,3,3,koclip_svm
273,domesticTravel_0010.png,4,1,3,koclip_svm
274,domesticTravel_0010.png,4,1,3,koclip_svm
275,domesticTravel_0010.png,4,3,3,koclip_svm
276,domesticTravel_0010.png,1,1,3,koclip_svm
277,domesticTravel_0010.png,2,2,3,koclip_svm
278,domesticTravel_0010.png,0,2,3,koclip_svm
289,domesticTravel_0013.png,4,1,3,koclip_svm
378,fall_0007.png,4,1,3,koclip_svm
379,fall_0007.png,4,1,3,koclip_svm
380,fall_0007.png,3,0,3,koclip_svm
381,fall_0007.png,3,1,3,koclip_svm
382,fall_0007.png,4,0,3,koclip_svm
383,fall_0007.png,4,0,3,koclip_svm
384,fall_0007.png,4,0,3,koclip_svm
385,fall_0007.png,4,1,3,koclip_svm
386,fall_0007.png,4,1,3,koclip_svm
387,fall_0007.png,4,1,3,koclip_svm
388,fall_0007.png,4,4,3,koclip_svm
389,fall_0007.png,4,0,3,koclip_svm
390,fall_0007.png,4,1,3,koclip_svm
391,fall_0007.png,1,0,3,koclip_svm
392,fall_0007.png,1,0,3,koclip_svm
393,fall_0007.png,1,4,3,koclip_svm
394,fall_0007.png,0,1,3,koclip_svm
395,fall_0007.png,0,1,3,koclip_svm
396,fall_0007.png,1,1,3,koclip_svm
397,fall_0007.png,1,1,3,koclip_svm
398,fall_0007.png,1,1,3,koclip_svm
399,fall_0007.png,1,1,3,koclip_svm
400,fall_0007.png,1,0,3,koclip_svm
401,fall_0007.png,0,0,3,koclip_svm
402,fall_0007.png,0,0,3,koclip_svm
403,fall_0007.png,0,0,3,koclip_svm
404,fall_0007.png,1,0,3,koclip_svm
405,fall_0007.png,1,0,3,koclip_svm
406,fall_0007.png,2,1,3,koclip_svm
407,fall_0007.png,3,1,3,koclip_svm
408,fall_0008.png,4,1,3,koclip_svm
409,fall_0008.png,4,2,3,koclip_svm
410,fall_0008.png,4,1,3,koclip_svm
411,fall_0008.png,1,1,3,koclip_svm
609,fashion_0006.png,4,0,3,koclip_svm
610,fashion_0006.png,1,0,3,koclip_svm
611,fashion_0006.png,1,0,3,koclip_svm
612,fashion_0006.png,1,1,3,koclip_svm
613,fashion_0006.png,0,0,3,koclip_svm
614,fashion_0006.png,4,1,3,koclip_svm
615,fashion_0006.png,4,1,3,koclip_svm
616,fashion_0006.png,3,0,3,koclip_svm
617,fashion_0006.png,2,1,3,koclip_svm
618,fashion_0006.png,2,4,3,koclip_svm
619,fashion_0006.png,2,0,3,koclip_svm
620,fashion_0006.png,2,4,3,koclip_svm
621,fashion_0006.png,3,3,3,koclip_svm
622,fashion_0006.png,2,2,3,koclip_svm
623,fashion_0006.png,0,0,3,koclip_svm
624,fashion_0006.png,3,3,3,koclip_svm
625,fashion_0006.png,1,1,3,koclip_svm
626,fashion_0006.png,2,2,3,koclip_svm
627,fashion_0006.png,4,4,3,koclip_svm
628,fashion_0006.png,4,1,3,koclip_svm
629,fashion_0006.png,1,1,3,koclip_svm
630,fashion_0006.png,0,0,3,koclip_svm
631,fashion_0006.png,0,0,3,koclip_svm
632,fashion_0006.png,0,0,3,koclip_svm
633,fashion_0015.png,4,1,3,koclip_svm
634,fashion_0015.png,4,1,3,koclip_svm
635,fashion_0015.png,3,0,3,koclip_svm
636,fashion_0015.png,4,1,3,koclip_svm
637,fashion_0015.png,4,1,3,koclip_svm
638,fashion_0015.png,4,1,3,koclip_svm
639,fashion_0015.png,3,1,3,koclip_svm
640,fashion_0015.png,3,1,3,koclip_svm
641,fashion_0015.png,3,0,3,koclip_svm
642,fashion_0015.png,3,0,3,koclip_svm
643,fashion_0015.png,2,1,3,koclip_svm
644,fashion_0015.png,4,4,3,koclip_svm
645,fashion_0015.png,4,1,3,koclip_svm
646,fashion_0015.png,3,1,3,koclip_svm
647,fashion_0015.png,3,0,3,koclip_svm
648,fashion_0015.png,1,1,3,koclip_svm
649,fashion_0015.png,4,4,3,koclip_svm
650,fashion_0015.png,4,4,3,koclip_svm
651,fashion_0015.png,3,0,3,koclip_svm
652,fashion_0015.png,1,1,3,koclip_svm
653,fashion_0015.png,4,4,3,koclip_svm
654,fashion_0015.png,4,4,3,koclip_svm
655,fashion_0015.png,1,1,3,koclip_svm
656,fashion_0015.png,4,1,3,koclip_svm
657,fashion_0015.png,3,0,3,koclip_svm
658,fashion_0015.png,4,2,3,koclip_svm
659,fashion_0015.png,3,1,3,koclip_svm
660,fashion_0015.png,3,1,3,koclip_svm
661,fashion_0015.png,4,1,3,koclip_svm
662,fashion_0015.png,3,1,3,koclip_svm
763,movie_0008.png,1,1,3,koclip_svm
764,movie_0008.png,3,1,3,koclip_svm
765,movie_0008.png,3,1,3,koclip_svm
766,movie_0008.png,3,2,3,koclip_svm
767,movie_0008.png,3,2,3,koclip_svm
768,movie_0008.png,1,1,3,koclip_svm
769,movie_0008.png,3,1,3,koclip_svm
770,movie_0008.png,3,0,3,koclip_svm
771,movie_0008.png,3,1,3,koclip_svm
772,movie_0008.png,3,1,3,koclip_svm
773,movie_0008.png,2,1,3,koclip_svm
774,movie_0008.png,2,2,3,koclip_svm
775,movie_0008.png,3,1,3,koclip_svm
776,movie_0008.png,3,0,3,koclip_svm
777,movie_0008.png,1,1,3,koclip_svm
778,movie_0008.png,0,1,3,koclip_svm
779,movie_0008.png,1,1,3,koclip_svm
780,movie_0008.png,0,3,3,koclip_svm
781,movie_0008.png,1,1,3,koclip_svm
850,movie_0017.png,1,2,3,koclip_svm
851,movie_0017.png,1,1,3,koclip_svm
852,movie_0017.png,0,4,3,koclip_svm
853,movie_0017.png,1,1,3,koclip_svm
854,movie_0017.png,0,4,3,koclip_svm
855,movie_0017.png,2,2,3,koclip_svm
856,movie_0017.png,2,2,3,koclip_svm
857,movie_0017.png,1,1,3,koclip_svm
858,movie_0017.png,2,2,3,koclip_svm
859,movie_0017.png,0,1,3,koclip_svm
860,movie_0017.png,1,2,3,koclip_svm
861,movie_0017.png,0,2,3,koclip_svm
862,movie_0017.png,2,2,3,koclip_svm
863,movie_0017.png,1,2,3,koclip_svm
864,movie_0017.png,2,2,3,koclip_svm
865,movie_0017.png,3,2,3,koclip_svm
866,movie_0017.png,2,2,3,koclip_svm
867,movie_0017.png,3,2,3,koclip_svm
868,movie_0017.png,4,2,3,koclip_svm
869,movie_0017.png,2,2,3,koclip_svm
870,movie_0017.png,4,2,3,koclip_svm
871,movie_0017.png,2,2,3,koclip_svm
872,movie_0017.png,1,2,3,koclip_svm
873,movie_0017.png,4,2,3,koclip_svm
948,olive_0006.png,4,1,3,koclip_svm
949,olive_0006.png,4,4,3,koclip_svm
950,olive_0006.png,4,4,3,koclip_svm
951,olive_0006.png,4,4,3,koclip_svm
952,olive_0006.png,4,2,3,koclip_svm
953,olive_0006.png,4,4,3,koclip_svm
954,olive_0006.png,3,4,3,koclip_svm
955,olive_0006.png,1,4,3,koclip_svm
956,olive_0006.png,1,4,3,koclip_svm
957,olive_0006.png,1,2,3,koclip_svm
958,olive_0006.png,1,1,3,koclip_svm
959,olive_0006.png,1,1,3,koclip_svm
960,olive_0006.png,2,2,3,koclip_svm
961,olive_0006.png,1,4,3,koclip_svm
1062,olive_0018.png,4,1,3,koclip_svm
1063,olive_0018.png,4,1,3,koclip_svm
1064,olive_0018.png,3,1,3,koclip_svm
1065,olive_0018.png,3,1,3,koclip_svm
1066,olive_0018.png,4,2,3,koclip_svm
1067,olive_0018.png,4,3,3,koclip_svm
1144,restaurant_0003.png,4,0,3,koclip_svm
1145,restaurant_0003.png,2,0,3,koclip_svm
1146,restaurant_0003.png,3,2,3,koclip_svm
1147,restaurant_0003.png,4,0,3,koclip_svm
1148,restaurant_0003.png,4,0,3,koclip_svm
1149,restaurant_0003.png,4,4,3,koclip_svm
1150,restaurant_0003.png,4,0,3,koclip_svm
1151,restaurant_0003.png,2,2,3,koclip_svm
1152,restaurant_0003.png,3,3,3,koclip_svm
1153,restaurant_0003.png,4,0,3,koclip_svm
1154,restaurant_0003.png,4,0,3,koclip_svm
1155,restaurant_0003.png,4,0,3,koclip_svm
1156,restaurant_0003.png,4,0,3,koclip_svm
1157,restaurant_0003.png,3,3,3,koclip_svm
1158,restaurant_0003.png,4,3,3,koclip_svm
1159,restaurant_0003.png,2,0,3,koclip_svm
1160,restaurant_0003.png,0,0,3,koclip_svm
1352,zerokal_0003.png,4,4,3,koclip_svm
1353,zerokal_0003.png,3,4,3,koclip_svm
1354,zerokal_0003.png,3,3,3,koclip_svm
1355,zerokal_0003.png,2,3,3,koclip_svm
1408,zerokal_0007.png,2,1,3,koclip_svm
1409,zerokal_0007.png,3,1,3,koclip_svm
1410,zerokal_0007.png,1,1,3,koclip_svm
1411,zerokal_0007.png,4,1,3,koclip_svm
1412,zerokal_0007.png,3,1,3,koclip_svm
1413,zerokal_0007.png,3,1,3,koclip_svm
1414,zerokal_0007.png,3,1,3,koclip_svm
1437,zerokal_0011.png,0,1,3,koclip_svm
1438,zerokal_0011.png,4,1,3,koclip_svm
1439,zerokal_0011.png,3,1,3,koclip_svm
1440,zerokal_0011.png,2,2,3,koclip_svm
1441,zerokal_0011.png,4,3,3,koclip_svm
1442,zerokal_0011.png,1,4,3,koclip_svm
1443,zerokal_0011.png,1,1,3,koclip_svm
1444,zerokal_0011.png,2,3,3,koclip_svm
1445,zerokal_0011.png,2,1,3,koclip_svm
1446,zerokal_0011.png,3,1,3,koclip_svm
1500,zerokal_0019.png,4,1,3,koclip_svm
1501,zerokal_0019.png,4,1,3,koclip_svm
1502,zerokal_0019.png,4,1,3,koclip_svm
1503,zerokal_0019.png,1,1,3,koclip_svm
1504,zerokal_0019.png,4,3,3,koclip_svm
1505,zerokal_0019.png,1,1,3,koclip_svm
1506,zerokal_0019.png,1,1,3,koclip_svm
1507,zerokal_0019.png,1,1,3,koclip_svm
1508,zerokal_0019.png,0,1,3,koclip_svm
1509,zerokal_0019.png,4,3,3,koclip_svm
1510,zerokal_0019.png,3,1,3,koclip_svm
1511,zerokal_0019.png,1,1,3,koclip_svm
1512,zerokal_0019.png,0,1,3,koclip_svm
1634,travelgram_0031.png,4,4,3,koclip_svm
1635,travelgram_0031.png,4,4,3,koclip_svm
1636,travelgram_0031.png,3,4,3,koclip_svm
1637,travelgram_0031.png,3,2,3,koclip_svm
1638,travelgram_0031.png,4,3,3,koclip_svm
1643,travelgram_0036.png,4,2,3,koclip_svm
1644,travelgram_0036.png,4,1,3,koclip_svm
1645,travelgram_0036.png,4,2,3,koclip_svm
1646,travelgram_0036.png,3,3,3,koclip_svm
1647,travelgram_0036.png,3,3,3,koclip_svm
1672,travelgram_0047.png,2,2,3,koclip_svm
1673,travelgram_0047.png,4,3,3,koclip_svm
1674,travelgram_0047.png,1,2,3,koclip_svm
1675,travelgram_0047.png,3,3,3,koclip_svm
1676,travelgram_0047.png,3,2,3,koclip_svm
1677,travelgram_0049.png,1,1,3,koclip_svm
1678,travelgram_0049.png,2,1,3,koclip_svm
1679,travelgram_0049.png,0,0,3,koclip_svm
1680,travelgram_0049.png,0,0,3,koclip_svm
1681,travelgram_0049.png,2,1,3,koclip_svm
1691,travelgram_0053.png,2,3,3,koclip_svm
1695,travelgram_0055.png,4,4,3,koclip_svm
1696,travelgram_0055.png,4,3,3,koclip_svm
1697,travelgram_0055.png,3,3,3,koclip_svm
1698,travelgram_0055.png,3,0,3,koclip_svm
1699,travelgram_0055.png,3,3,3,koclip_svm
1732,travelgram_0058.png,4,3,3,koclip_svm
1733,travelgram_0058.png,4,3,3,koclip_svm
1734,travelgram_0058.png,1,1,3,koclip_svm
1735,travelgram_0058.png,1,2,3,koclip_svm
1736,travelgram_0058.png,3,1,3,koclip_svm
1848,travelgram_0087.png,2,2,3,koclip_svm
1881,solotravel_0006.png,4,4,3,koclip_svm
1882,solotravel_0006.png,3,3,3,koclip_svm
1883,solotravel_0006.png,4,2,3,koclip_svm
1927,solotravel_0022.png,1,4,3,koclip_svm
1928,solotravel_0022.png,1,2,3,koclip_svm
1929,solotravel_0022.png,2,3,3,koclip_svm
1930,solotravel_0023.png,4,4,3,koclip_svm
1931,solotravel_0023.png,4,4,3,koclip_svm
1932,solotravel_0023.png,4,4,3,koclip_svm
1933,solotravel_0023.png,2,4,3,koclip_svm
1934,solotravel_0023.png,2,2,3,koclip_svm
1959,solotravel_0035.png,0,0,3,koclip_svm
1960,solotravel_0035.png,0,4,3,koclip_svm
1961,solotravel_0035.png,1,2,3,koclip_svm
1962,solotravel_0035.png,1,0,3,koclip_svm
1963,solotravel_0035.png,1,3,3,koclip_svm
1968,solotravel_0038.png,2,1,3,koclip_svm
1969,solotravel_0038.png,1,3,3,koclip_svm
1970,solotravel_0038.png,1,1,3,koclip_svm
1971,solotravel_0038.png,4,4,3,koclip_svm
1972,solotravel_0038.png,4,3,3,koclip_svm
1973,solotravel_0039.png,4,0,3,koclip_svm
1974,solotravel_0039.png,1,4,3,koclip_svm
1975,solotravel_0039.png,1,1,3,koclip_svm
1976,solotravel_0039.png,1,1,3,koclip_svm
1977,solotravel_0039.png,1,0,3,koclip_svm
1978,solotravel_0039.png,4,4,3,koclip_svm
1979,solotravel_0039.png,3,3,3,koclip_svm
1980,solotravel_0039.png,3,3,3,koclip_svm
1981,solotravel_0039.png,4,3,3,koclip_svm
1982,solotravel_0039.png,1,4,3,koclip_svm
1983,solotravel_0039.png,1,2,3,koclip_svm
1984,solotravel_0039.png,2,2,3,koclip_svm
2012,solotravel_0046.png,1,2,3,koclip_svm
2013,solotravel_0046.png,1,2,3,koclip_svm
2014,solotravel_0046.png,1,2,3,koclip_svm
2015,solotravel_0046.png,3,3,3,koclip_svm
2016,solotravel_0046.png,3,3,3,koclip_svm
2017,solotravel_0046.png,2,2,3,koclip_svm
2018,solotravel_0046.png,1,2,3,koclip_svm
2019,solotravel_0046.png,3,2,3,koclip_svm
2020,solotravel_0046.png,3,2,3,koclip_svm
2021,solotravel_0046.png,4,3,3,koclip_svm
2022,solotravel_0046.png,4,4,3,koclip_svm
2023,solotravel_0046.png,4,2,3,koclip_svm
2024,solotravel_0046.png,2,2,3,koclip_svm
2025,solotravel_0046.png,0,0,3,koclip_svm
2026,solotravel_0046.png,2,3,3,koclip_svm
2058,solotravel_0051.png,4,4,3,koclip_svm
2059,solotravel_0051.png,2,4,3,koclip_svm
2060,solotravel_0051.png,3,1,3,koclip_svm
2076,solotravel_0059.png,4,1,3,koclip_svm
2077,solotravel_0059.png,3,1,3,koclip_svm
2078,solotravel_0059.png,4,3,3,koclip_svm
2079,solotravel_0059.png,4,4,3,koclip_svm
2080,solotravel_0059.png,2,0,3,koclip_svm
2081,solotravel_0059.png,1,3,3,koclip_svm
2082,solotravel_0059.png,4,2,3,koclip_svm
2096,solotravel_0062.png,4,1,3,koclip_svm
2097,solotravel_0063.png,4,4,3,koclip_svm
2098,solotravel_0063.png,4,4,3,koclip_svm
2099,solotravel_0063.png,3,4,3,koclip_svm
2100,solotravel_0063.png,3,3,3,koclip_svm
2101,solotravel_0063.png,4,3,3,koclip_svm
2102,solotravel_0063.png,3,3,3,koclip_svm
2103,solotravel_0063.png,1,3,3,koclip_svm
2104,solotravel_0063.png,1,3,3,koclip_svm
2105,solotravel_0063.png,1,3,3,koclip_svm
2106,solotravel_0063.png,3,3,3,koclip_svm
2107,solotravel_0064.png,1,4,3,koclip_svm
2108,solotravel_0064.png,1,4,3,koclip_svm
2109,solotravel_0064.png,2,3,3,koclip_svm
2110,solotravel_0064.png,3,0,3,koclip_svm
2126,solotravel_0068.png,4,3,3,koclip_svm
2127,solotravel_0068.png,4,4,3,koclip_svm
2128,solotravel_0068.png,4,4,3,koclip_svm
2129,solotravel_0068.png,3,3,3,koclip_svm
2130,solotravel_0068.png,1,0,3,koclip_svm
2131,solotravel_0068.png,1,4,3,koclip_svm
2132,solotravel_0068.png,0,4,3,koclip_svm
2133,solotravel_0068.png,1,4,3,koclip_svm
2134,solotravel_0068.png,1,4,3,koclip_svm
2135,solotravel_0068.png,1,2,3,koclip_svm
2136,solotravel_0068.png,1,2,3,koclip_svm
2137,solotravel_0068.png,1,4,3,koclip_svm
2138,solotravel_0068.png,1,4,3,koclip_svm
2139,solotravel_0068.png,0,4,3,koclip_svm
2199,solotravel_0083.png,2,1,3,koclip_svm
2200,solotravel_0083.png,3,3,3,koclip_svm
2201,solotravel_0083.png,3,3,3,koclip_svm
2202,solotravel_0083.png,4,2,3,koclip_svm
2203,solotravel_0083.png,1,1,3,koclip_svm
2219,solotravel_0089.png,4,1,3,koclip_svm
2220,solotravel_0089.png,3,4,3,koclip_svm
2221,solotravel_0089.png,3,1,3,koclip_svm
2222,solotravel_0089.png,4,3,3,koclip_svm
2241,solotravel_0097.png,3,4,3,koclip_svm
2242,solotravel_0097.png,4,0,3,koclip_svm
2243,solotravel_0097.png,3,3,3,koclip_svm
2279,travel_0007.png,2,2,3,koclip_svm
2280,travel_0007.png,3,3,3,koclip_svm
2327,travel_0019.png,3,3,3,koclip_svm
2328,travel_0019.png,4,4,3,koclip_svm
2329,travel_0019.png,4,4,3,koclip_svm
2330,travel_0019.png,3,4,3,koclip_svm
2354,travel_0026.png,4,4,3,koclip_svm
2355,travel_0029.png,4,4,3,koclip_svm
2356,travel_0029.png,3,2,3,koclip_svm
2357,travel_0029.png,1,4,3,koclip_svm
2358,travel_0029.png,2,3,3,koclip_svm
2359,travel_0029.png,0,2,3,koclip_svm
2369,travel_0032.png,4,2,3,koclip_svm
2370,travel_0032.png,4,2,3,koclip_svm
2371,travel_0032.png,3,3,3,koclip_svm
2372,travel_0032.png,4,3,3,koclip_svm
2373,travel_0032.png,3,2,3,koclip_svm
2389,travel_0043.png,4,4,3,koclip_svm
2390,travel_0043.png,3,3,3,koclip_svm
2391,travel_0043.png,2,2,3,koclip_svm
2395,travel_0045.png,2,2,3,koclip_svm
2396,travel_0045.png,4,3,3,koclip_svm
2397,travel_0045.png,0,2,3,koclip_svm
2398,travel_0045.png,2,2,3,koclip_svm
2399,travel_0045.png,2,2,3,koclip_svm
2400,travel_0045.png,2,2,3,koclip_svm
2401,travel_0045.png,0,4,3,koclip_svm
2402,travel_0045.png,0,0,3,koclip_svm
2403,travel_0045.png,0,4,3,koclip_svm
2404,travel_0045.png,0,4,3,koclip_svm
2405,travel_0045.png,0,4,3,koclip_svm
2406,travel_0045.png,0,4,3,koclip_svm
2421,travel_0048.png,4,4,3,koclip_svm
2422,travel_0048.png,3,4,3,koclip_svm
2423,travel_0048.png,3,3,3,koclip_svm
2424,travel_0048.png,4,4,3,koclip_svm
2478,travel_0058.png,4,4,3,koclip_svm
2479,travel_0058.png,4,4,3,koclip_svm
2480,travel_0058.png,1,1,3,koclip_svm
2481,travel_0058.png,4,4,3,koclip_svm
2482,travel_0058.png,2,2,3,koclip_svm
2522,travel_0066.png,0,0,3,koclip_svm
2523,travel_0066.png,0,0,3,koclip_svm
2524,travel_0066.png,0,0,3,koclip_svm
2525,travel_0066.png,0,0,3,koclip_svm
2526,travel_0066.png,0,0,3,koclip_svm
2591,travel_0082.png,1,0,3,koclip_svm
2592,travel_0082.png,4,3,3,koclip_svm
2593,travel_0082.png,3,2,3,koclip_svm
2594,travel_0082.png,1,1,3,koclip_svm
2595,travel_0082.png,3,3,3,koclip_svm
2596,travel_0082.png,3,2,3,koclip_svm
2597,travel_0082.png,0,4,3,koclip_svm
2646,travel_0095.png,4,3,3,koclip_svm
2666,foodstagram_0012.png,4,3,3,koclip_svm
2667,foodstagram_0012.png,2,1,3,koclip_svm
2668,foodstagram_0012.png,4,3,3,koclip_svm
2669,foodstagram_0012.png,3,3,3,koclip_svm
2670,foodstagram_0012.png,4,3,3,koclip_svm
2671,foodstagram_0012.png,3,3,3,koclip_svm
2672,foodstagram_0012.png,3,3,3,koclip_svm
2673,foodstagram_0012.png,3,3,3,koclip_svm
2674,foodstagram_0012.png,3,3,3,koclip_svm
2675,foodstagram_0012.png,4,3,3,koclip_svm
2676,foodstagram_0012.png,4,3,3,koclip_svm
2677,foodstagram_0012.png,1,0,3,koclip_svm
2678,foodstagram_0012.png,1,1,3,koclip_svm
2679,foodstagram_0012.png,2,2,3,koclip_svm
2680,foodstagram_0012.png,2,3,3,koclip_svm
2681,foodstagram_0012.png,3,4,3,koclip_svm
2682,foodstagram_0012.png,4,3,3,koclip_svm
2683,foodstagram_0012.png,3,3,3,koclip_svm
2684,foodstagram_0012.png,4,4,3,koclip_svm
2685,foodstagram_0012.png,4,4,3,koclip_svm
2686,foodstagram_0012.png,3,4,3,koclip_svm
2687,foodstagram_0012.png,3,3,3,koclip_svm
2688,foodstagram_0012.png,3,3,3,koclip_svm
2695,foodstagram_0014.png,4,4,3,koclip_svm
2696,foodstagram_0014.png,3,4,3,koclip_svm
2775,foodstagram_0026.png,1,4,3,koclip_svm
2776,foodstagram_0026.png,1,1,3,koclip_svm
2777,foodstagram_0026.png,4,3,3,koclip_svm
2778,foodstagram_0026.png,3,3,3,koclip_svm
2779,foodstagram_0026.png,4,3,3,koclip_svm
2780,foodstagram_0026.png,3,3,3,koclip_svm
2781,foodstagram_0026.png,1,1,3,koclip_svm
2782,foodstagram_0026.png,1,3,3,koclip_svm
2783,foodstagram_0026.png,2,2,3,koclip_svm
2784,foodstagram_0026.png,2,3,3,koclip_svm
2785,foodstagram_0026.png,2,2,3,koclip_svm
2786,foodstagram_0026.png,2,2,3,koclip_svm
2787,foodstagram_0026.png,2,2,3,koclip_svm
2788,foodstagram_0026.png,2,2,3,koclip_svm
2789,foodstagram_0026.png,2,4,3,koclip_svm
2790,foodstagram_0026.png,2,2,3,koclip_svm
2791,foodstagram_0026.png,1,3,3,koclip_svm
2792,foodstagram_0026.png,4,4,3,koclip_svm
2793,foodstagram_0026.png,4,4,3,koclip_svm
2794,foodstagram_0026.png,4,3,3,koclip_svm
2795,foodstagram_0026.png,4,3,3,koclip_svm
2796,foodstagram_0026.png,1,3,3,koclip_svm
2797,foodstagram_0026.png,1,3,3,koclip_svm
2798,foodstagram_0026.png,1,2,3,koclip_svm
2799,foodstagram_0026.png,1,2,3,koclip_svm
2800,foodstagram_0026.png,1,3,3,koclip_svm
2801,foodstagram_0026.png,1,3,3,koclip_svm
2802,foodstagram_0026.png,1,2,3,koclip_svm
2822,foodstagram_0031.png,0,1,3,koclip_svm
2823,foodstagram_0031.png,0,1,3,koclip_svm
2824,foodstagram_0031.png,0,3,3,koclip_svm
2825,foodstagram_0031.png,0,3,3,koclip_svm
2826,foodstagram_0031.png,0,4,3,koclip_svm
2827,foodstagram_0031.png,0,1,3,koclip_svm
2828,foodstagram_0032.png,4,4,3,koclip_svm
2829,foodstagram_0032.png,4,4,3,koclip_svm
2830,foodstagram_0032.png,4,4,3,koclip_svm
2831,foodstagram_0032.png,2,3,3,koclip_svm
2917,foodstagram_0058.png,4,3,3,koclip_svm
2918,foodstagram_0058.png,4,4,3,koclip_svm
2919,foodstagram_0058.png,1,0,3,koclip_svm
2920,foodstagram_0058.png,3,2,3,koclip_svm
2921,foodstagram_0058.png,3,3,3,koclip_svm
2998,foodstagram_0068.png,4,3,3,koclip_svm
2999,foodstagram_0068.png,4,1,3,koclip_svm
3000,foodstagram_0068.png,4,4,3,koclip_svm
3033,foodstagram_0083.png,4,4,3,koclip_svm
3034,foodstagram_0083.png,4,4,3,koclip_svm
3035,foodstagram_0083.png,4,4,3,koclip_svm
3036,foodstagram_0083.png,4,4,3,koclip_svm
3037,foodstagram_0083.png,4,4,3,koclip_svm
3038,foodstagram_0084.png,1,1,3,koclip_svm
3039,foodstagram_0084.png,0,1,3,koclip_svm
3040,foodstagram_0084.png,0,4,3,koclip_svm
3041,foodstagram_0084.png,0,4,3,koclip_svm
3042,foodstagram_0084.png,0,1,3,koclip_svm
3124,meokstagram_0005.png,3,3,3,koclip_svm
3125,meokstagram_0005.png,3,3,3,koclip_svm
3126,meokstagram_0005.png,3,3,3,koclip_svm
3127,meokstagram_0005.png,1,0,3,koclip_svm
3128,meokstagram_0005.png,1,0,3,koclip_svm
3129,meokstagram_0005.png,2,0,3,koclip_svm
3130,meokstagram_0005.png,1,0,3,koclip_svm
3131,meokstagram_0005.png,2,0,3,koclip_svm
3132,meokstagram_0005.png,4,3,3,koclip_svm
3133,meokstagram_0005.png,3,3,3,koclip_svm
3134,meokstagram_0005.png,3,3,3,koclip_svm
3179,meokstagram_0012.png,4,3,3,koclip_svm
3180,meokstagram_0012.png,4,3,3,koclip_svm
3181,meokstagram_0012.png,2,1,3,koclip_svm
3182,meokstagram_0012.png,4,3,3,koclip_svm
3183,meokstagram_0012.png,1,1,3,koclip_svm
3184,meokstagram_0012.png,1,1,3,koclip_svm
3185,meokstagram_0012.png,0,0,3,koclip_svm
3186,meokstagram_0012.png,3,3,3,koclip_svm
3187,meokstagram_0013.png,3,4,3,koclip_svm
3188,meokstagram_0013.png,3,4,3,koclip_svm
3195,meokstagram_0015.png,4,3,3,koclip_svm
3196,meokstagram_0015.png,3,3,3,koclip_svm
3197,meokstagram_0015.png,1,4,3,koclip_svm
3198,meokstagram_0015.png,1,1,3,koclip_svm
3199,meokstagram_0015.png,4,4,3,koclip_svm
3234,meokstagram_0021.png,4,4,3,koclip_svm
3235,meokstagram_0021.png,4,1,3,koclip_svm
3248,meokstagram_0028.png,4,4,3,koclip_svm
3249,meokstagram_0028.png,0,4,3,koclip_svm
3250,meokstagram_0028.png,1,4,3,koclip_svm
3266,meokstagram_0033.png,3,0,3,koclip_svm
3267,meokstagram_0033.png,3,0,3,koclip_svm
3268,meokstagram_0033.png,4,3,3,koclip_svm
3269,meokstagram_0033.png,4,3,3,koclip_svm
3270,meokstagram_0033.png,2,1,3,koclip_svm
3271,meokstagram_0033.png,1,0,3,koclip_svm
3272,meokstagram_0033.png,0,0,3,koclip_svm
3273,meokstagram_0033.png,3,2,3,koclip_svm
3274,meokstagram_0033.png,2,2,3,koclip_svm
3275,meokstagram_0033.png,2,0,3,koclip_svm
3276,meokstagram_0033.png,1,0,3,koclip_svm
3277,meokstagram_0033.png,1,0,3,koclip_svm
3278,meokstagram_0033.png,0,3,3,koclip_svm
3279,meokstagram_0033.png,0,3,3,koclip_svm
3280,meokstagram_0033.png,0,0,3,koclip_svm
3281,meokstagram_0033.png,1,0,3,koclip_svm
3282,meokstagram_0033.png,2,3,3,koclip_svm
3283,meokstagram_0033.png,4,4,3,koclip_svm
3284,meokstagram_0033.png,3,3,3,koclip_svm
3344,meokstagram_0048.png,0,4,3,koclip_svm
3345,meokstagram_0048.png,4,4,3,koclip_svm
3346,meokstagram_0048.png,4,3,3,koclip_svm
3347,meokstagram_0048.png,4,3,3,koclip_svm
3348,meokstagram_0048.png,3,3,3,koclip_svm
3349,meokstagram_0048.png,2,2,3,koclip_svm
3350,meokstagram_0048.png,2,2,3,koclip_svm
3351,meokstagram_0048.png,0,4,3,koclip_svm
3352,meokstagram_0048.png,0,4,3,koclip_svm
3353,meokstagram_0048.png,0,4,3,koclip_svm
3354,meokstagram_0048.png,0,4,3,koclip_svm
3470,meokstagram_0062.png,4,1,3,koclip_svm
3471,meokstagram_0062.png,4,3,3,koclip_svm
3472,meokstagram_0062.png,4,4,3,koclip_svm
3585,meokstagram_0090.png,4,4,3,koclip_svm
3586,meokstagram_0090.png,3,3,3,koclip_svm
3587,meokstagram_0090.png,4,3,3,koclip_svm
3588,meokstagram_0090.png,2,1,3,koclip_svm
3589,meokstagram_0090.png,0,0,3,koclip_svm
3602,meokstagram_0094.png,0,4,3,koclip_svm
3603,meokstagram_0094.png,0,2,3,koclip_svm
3604,meokstagram_0094.png,0,4,3,koclip_svm
3605,meokstagram_0094.png,0,4,3,koclip_svm
3606,meokstagram_0094.png,0,4,3,koclip_svm
3650,jmt_0007.png,1,0,3,koclip_svm
3651,jmt_0007.png,1,0,3,koclip_svm
3652,jmt_0007.png,1,1,3,koclip_svm
3653,jmt_0007.png,1,1,3,koclip_svm
3654,jmt_0007.png,0,1,3,koclip_svm
3655,jmt_0007.png,0,4,3,koclip_svm
3685,jmt_0019.png,1,2,3,koclip_svm
3686,jmt_0019.png,3,3,3,koclip_svm
3687,jmt_0019.png,2,4,3,koclip_svm
3703,jmt_0026.png,4,4,3,koclip_svm
3704,jmt_0026.png,4,0,3,koclip_svm
3705,jmt_0026.png,4,3,3,koclip_svm
3706,jmt_0026.png,3,3,3,koclip_svm
3707,jmt_0026.png,3,3,3,koclip_svm
3751,jmt_0041.png,4,1,3,koclip_svm
3752,jmt_0041.png,4,2,3,koclip_svm
3753,jmt_0041.png,1,1,3,koclip_svm
3754,jmt_0041.png,3,3,3,koclip_svm
3755,jmt_0041.png,2,2,3,koclip_svm
3761,jmt_0043.png,4,4,3,koclip_svm
3762,jmt_0043.png,1,0,3,koclip_svm
3763,jmt_0043.png,3,3,3,koclip_svm
3764,jmt_0043.png,2,2,3,koclip_svm
3765,jmt_0043.png,1,2,3,koclip_svm
3771,jmt_0045.png,1,1,3,koclip_svm
3772,jmt_0045.png,3,1,3,koclip_svm
3773,jmt_0045.png,4,3,3,koclip_svm
3774,jmt_0045.png,3,0,3,koclip_svm
3775,jmt_0045.png,2,0,3,koclip_svm
3779,jmt_0049.png,0,4,3,koclip_svm
3792,jmt_0056.png,4,3,3,koclip_svm
3793,jmt_0056.png,4,1,3,koclip_svm
3794,jmt_0056.png,3,1,3,koclip_svm
3804,jmt_0061.png,4,4,3,koclip_svm
3805,jmt_0061.png,4,4,3,koclip_svm
3806,jmt_0061.png,4,4,3,koclip_svm
3807,jmt_0061.png,3,4,3,koclip_svm
3808,jmt_0061.png,4,4,3,koclip_svm
3818,jmt_0066.png,4,3,3,koclip_svm
3819,jmt_0066.png,4,3,3,koclip_svm
3820,jmt_0066.png,3,4,3,koclip_svm
3821,jmt_0066.png,1,3,3,koclip_svm
3822,jmt_0066.png,1,1,3,koclip_svm
3835,jmt_0072.png,0,1,3,koclip_svm
3836,jmt_0072.png,4,3,3,koclip_svm
3837,jmt_0072.png,4,3,3,koclip_svm
3838,jmt_0072.png,0,1,3,koclip_svm
3839,jmt_0072.png,1,4,3,koclip_svm
3840,jmt_0072.png,4,3,3,koclip_svm
3841,jmt_0072.png,4,4,3,koclip_svm
3842,jmt_0072.png,3,3,3,koclip_svm
3843,jmt_0072.png,3,3,3,koclip_svm
3844,jmt_0072.png,3,3,3,koclip_svm
3845,jmt_0072.png,3,4,3,koclip_svm
3846,jmt_0072.png,3,3,3,koclip_svm
3847,jmt_0072.png,3,2,3,koclip_svm
3848,jmt_0072.png,2,3,3,koclip_svm
3849,jmt_0072.png,3,3,3,koclip_svm
3850,jmt_0072.png,3,3,3,koclip_svm
3851,jmt_0072.png,4,1,3,koclip_svm
3852,jmt_0072.png,3,3,3,koclip_svm
3853,jmt_0072.png,3,2,3,koclip_svm
3854,jmt_0072.png,1,3,3,koclip_svm
3855,jmt_0072.png,1,3,3,koclip_svm
3856,jmt_0072.png,2,3,3,koclip_svm
3857,jmt_0072.png,2,2,3,koclip_svm
3858,jmt_0072.png,2,2,3,koclip_svm
3859,jmt_0072.png,3,2,3,koclip_svm
3916,jmt_0090.png,1,1,3,koclip_svm
3917,jmt_0090.png,4,4,3,koclip_svm
3918,jmt_0090.png,3,2,3,koclip_svm
3919,jmt_0090.png,1,4,3,koclip_svm
3993,makeup_0016.png,3,0,3,koclip_svm
3994,makeup_0016.png,4,1,3,koclip_svm
3995,makeup_0016.png,3,3,3,koclip_svm
3996,makeup_0016.png,2,4,3,koclip_svm
3997,makeup_0016.png,4,4,3,koclip_svm
3998,makeup_0016.png,3,2,3,koclip_svm
4012,makeup_0027.png,3,3,3,koclip_svm
4013,makeup_0027.png,3,3,3,koclip_svm
4014,makeup_0027.png,3,1,3,koclip_svm
4015,makeup_0027.png,3,1,3,koclip_svm
4016,makeup_0027.png,4,3,3,koclip_svm
4017,makeup_0027.png,3,3,3,koclip_svm
4018,makeup_0027.png,4,3,3,koclip_svm
4019,makeup_0027.png,3,3,3,koclip_svm
4020,makeup_0027.png,2,3,3,koclip_svm
4021,makeup_0027.png,3,3,3,koclip_svm
4022,makeup_0027.png,2,2,3,koclip_svm
4023,makeup_0027.png,3,2,3,koclip_svm
4024,makeup_0027.png,3,3,3,koclip_svm
4025,makeup_0027.png,4,4,3,koclip_svm
4026,makeup_0027.png,2,1,3,koclip_svm
4063,makeup_0033.png,4,3,3,koclip_svm
4064,makeup_0033.png,2,4,3,koclip_svm
4065,makeup_0033.png,4,4,3,koclip_svm
4066,makeup_0033.png,3,3,3,koclip_svm
4067,makeup_0033.png,1,4,3,koclip_svm
4068,makeup_0033.png,3,2,3,koclip_svm
4069,makeup_0033.png,4,3,3,koclip_svm
4070,makeup_0033.png,1,4,3,koclip_svm
4071,makeup_0033.png,4,2,3,koclip_svm
4072,makeup_0033.png,4,3,3,koclip_svm
4073,makeup_0033.png,3,2,3,koclip_svm
4074,makeup_0033.png,1,1,3,koclip_svm
4075,makeup_0033.png,0,0,3,koclip_svm
4128,makeup_0043.png,1,1,3,koclip_svm
4129,makeup_0043.png,4,1,3,koclip_svm
4130,makeup_0043.png,4,3,3,koclip_svm
4131,makeup_0043.png,3,3,3,koclip_svm
4132,makeup_0043.png,2,1,3,koclip_svm
4133,makeup_0045.png,0,4,3,koclip_svm
4134,makeup_0045.png,1,4,3,koclip_svm
4135,makeup_0046.png,4,3,3,koclip_svm
4136,makeup_0046.png,4,4,3,koclip_svm
4137,makeup_0046.png,1,1,3,koclip_svm
4138,makeup_0046.png,4,3,3,koclip_svm
4139,makeup_0046.png,4,4,3,koclip_svm
4140,makeup_0046.png,3,3,3,koclip_svm
4176,makeup_0057.png,4,4,3,koclip_svm
4177,makeup_0057.png,4,3,3,koclip_svm
4178,makeup_0057.png,3,2,3,koclip_svm
4179,makeup_0057.png,4,3,3,koclip_svm
4180,makeup_0057.png,1,1,3,koclip_svm
4200,makeup_0063.png,4,3,3,koclip_svm
4201,makeup_0063.png,4,4,3,koclip_svm
4202,makeup_0063.png,4,4,3,koclip_svm
4203,makeup_0063.png,2,2,3,koclip_svm
4204,makeup_0063.png,4,3,3,koclip_svm
4226,makeup_0071.png,4,1,3,koclip_svm
4227,makeup_0071.png,3,4,3,koclip_svm
4228,makeup_0071.png,4,1,3,koclip_svm
4229,makeup_0071.png,2,2,3,koclip_svm
4230,makeup_0071.png,2,4,3,koclip_svm
4231,makeup_0071.png,1,3,3,koclip_svm
4232,makeup_0071.png,4,4,3,koclip_svm
4233,makeup_0071.png,3,4,3,koclip_svm
4234,makeup_0071.png,4,1,3,koclip_svm
4235,makeup_0071.png,4,3,3,koclip_svm
4236,makeup_0071.png,1,0,3,koclip_svm
4237,makeup_0071.png,1,1,3,koclip_svm
4251,makeup_0077.png,4,4,3,koclip_svm
4252,makeup_0077.png,0,0,3,koclip_svm
4253,makeup_0077.png,4,4,3,koclip_svm
4254,makeup_0077.png,1,2,3,koclip_svm
4265,makeup_0081.png,4,3,3,koclip_svm
4266,makeup_0081.png,3,3,3,koclip_svm
4267,makeup_0081.png,3,3,3,koclip_svm
4268,makeup_0081.png,2,4,3,koclip_svm
4269,makeup_0081.png,1,3,3,koclip_svm
4270,makeup_0081.png,3,3,3,koclip_svm
4271,makeup_0081.png,3,2,3,koclip_svm
4272,makeup_0081.png,2,3,3,koclip_svm
4273,makeup_0081.png,4,3,3,koclip_svm
4274,makeup_0081.png,3,0,3,koclip_svm
4275,makeup_0081.png,1,1,3,koclip_svm
4276,makeup_0081.png,1,1,3,koclip_svm
4277,makeup_0081.png,1,1,3,koclip_svm
4282,makeup_0083.png,4,4,3,koclip_svm
4283,makeup_0083.png,3,3,3,koclip_svm
4284,makeup_0083.png,1,1,3,koclip_svm
4285,makeup_0083.png,2,3,3,koclip_svm
4286,makeup_0084.png,4,3,3,koclip_svm
4287,makeup_0084.png,4,3,3,koclip_svm
4288,makeup_0084.png,4,3,3,koclip_svm
4289,makeup_0084.png,2,3,3,koclip_svm
4290,makeup_0084.png,3,4,3,koclip_svm
4291,makeup_0084.png,4,4,3,koclip_svm
4292,makeup_0084.png,1,4,3,koclip_svm
4293,makeup_0084.png,3,3,3,koclip_svm
4294,makeup_0084.png,1,3,3,koclip_svm
4295,makeup_0084.png,2,2,3,koclip_svm
4296,makeup_0084.png,2,3,3,koclip_svm
4297,makeup_0084.png,3,1,3,koclip_svm
4298,makeup_0084.png,4,4,3,koclip_svm
4299,makeup_0084.png,4,4,3,koclip_svm
4300,makeup_0084.png,1,4,3,koclip_svm
4301,makeup_0084.png,1,1,3,koclip_svm
4316,makeup_0087.png,2,1,3,koclip_svm
4317,makeup_0087.png,4,4,3,koclip_svm
4318,makeup_0087.png,3,1,3,koclip_svm
4319,makeup_0087.png,3,1,3,koclip_svm
4320,makeup_0087.png,3,3,3,koclip_svm
4329,makeup_0091.png,4,4,3,koclip_svm
4330,makeup_0091.png,4,3,3,koclip_svm
4331,makeup_0091.png,3,1,3,koclip_svm
4332,makeup_0091.png,4,1,3,koclip_svm
4333,makeup_0091.png,3,3,3,koclip_svm
4361,dailymakeup_0007.png,4,1,3,koclip_svm
4400,dailymakeup_0015.png,4,3,3,koclip_svm
4401,dailymakeup_0015.png,3,1,3,koclip_svm
4402,dailymakeup_0015.png,2,1,3,koclip_svm
4403,dailymakeup_0015.png,1,1,3,koclip_svm
4404,dailymakeup_0015.png,1,1,3,koclip_svm
4405,dailymakeup_0015.png,2,1,3,koclip_svm
4406,dailymakeup_0015.png,1,1,3,koclip_svm
4407,dailymakeup_0016.png,4,4,3,koclip_svm
4408,dailymakeup_0016.png,1,1,3,koclip_svm
4409,dailymakeup_0016.png,3,1,3,koclip_svm
4410,dailymakeup_0016.png,2,1,3,koclip_svm
4418,dailymakeup_0020.png,1,1,3,koclip_svm
4419,dailymakeup_0020.png,2,1,3,koclip_svm
4420,dailymakeup_0020.png,3,1,3,koclip_svm
4421,dailymakeup_0020.png,1,1,3,koclip_svm
4488,dailymakeup_0032.png,4,4,3,koclip_svm
4489,dailymakeup_0032.png,3,3,3,koclip_svm
4490,dailymakeup_0032.png,1,1,3,koclip_svm
4491,dailymakeup_0032.png,1,1,3,koclip_svm
4492,dailymakeup_0032.png,3,2,3,koclip_svm
4493,dailymakeup_0032.png,1,1,3,koclip_svm
4494,dailymakeup_0032.png,3,1,3,koclip_svm
4495,dailymakeup_0032.png,1,2,3,koclip_svm
4496,dailymakeup_0032.png,2,1,3,koclip_svm
4497,dailymakeup_0032.png,1,1,3,koclip_svm
4498,dailymakeup_0032.png,4,3,3,koclip_svm
4499,dailymakeup_0032.png,3,3,3,koclip_svm
4500,dailymakeup_0032.png,3,3,3,koclip_svm
4501,dailymakeup_0032.png,3,3,3,koclip_svm
4502,dailymakeup_0032.png,2,1,3,koclip_svm
4503,dailymakeup_0032.png,3,4,3,koclip_svm
4504,dailymakeup_0032.png,1,3,3,koclip_svm
4585,dailymakeup_0048.png,4,4,3,koclip_svm
4621,dailymakeup_0052.png,3,3,3,koclip_svm
4622,dailymakeup_0052.png,4,3,3,koclip_svm
4623,dailymakeup_0052.png,3,3,3,koclip_svm
4624,dailymakeup_0052.png,3,2,3,koclip_svm
4625,dailymakeup_0052.png,2,3,3,koclip_svm
4641,dailymakeup_0056.png,4,3,3,koclip_svm
4642,dailymakeup_0056.png,4,4,3,koclip_svm
4643,dailymakeup_0056.png,3,3,3,koclip_svm
4644,dailymakeup_0056.png,1,1,3,koclip_svm
4645,dailymakeup_0056.png,3,3,3,koclip_svm
4646,dailymakeup_0056.png,3,3,3,koclip_svm
4647,dailymakeup_0056.png,4,4,3,koclip_svm
4648,dailymakeup_0056.png,3,3,3,koclip_svm
4649,dailymakeup_0056.png,4,4,3,koclip_svm
4650,dailymakeup_0057.png,4,1,3,koclip_svm
4651,dailymakeup_0057.png,4,2,3,koclip_svm
4652,dailymakeup_0057.png,3,3,3,koclip_svm
4653,dailymakeup_0057.png,3,3,3,koclip_svm
4654,dailymakeup_0057.png,4,1,3,koclip_svm
4661,dailymakeup_0059.png,3,3,3,koclip_svm
4662,dailymakeup_0059.png,1,0,3,koclip_svm
4663,dailymakeup_0059.png,1,0,3,koclip_svm
4665,dailymakeup_0063.png,4,4,3,koclip_svm
4666,dailymakeup_0063.png,2,3,3,koclip_svm
4667,dailymakeup_0063.png,4,4,3,koclip_svm
4668,dailymakeup_0063.png,3,4,3,koclip_svm
4669,dailymakeup_0063.png,3,4,3,koclip_svm
4730,dailymakeup_0077.png,3,3,3,koclip_svm
4731,dailymakeup_0077.png,3,3,3,koclip_svm
4732,dailymakeup_0077.png,0,0,3,koclip_svm
4733,dailymakeup_0077.png,1,2,3,koclip_svm
4737,dailymakeup_0080.png,3,3,3,koclip_svm
4758,dailymakeup_0087.png,4,4,3,koclip_svm
4759,dailymakeup_0087.png,3,3,3,koclip_svm
4760,dailymakeup_0087.png,3,3,3,koclip_svm
4761,dailymakeup_0087.png,4,1,3,koclip_svm
4826,kkuankku_0004.png,4,3,3,koclip_svm
4827,kkuankku_0004.png,3,3,3,koclip_svm
4828,kkuankku_0004.png,3,3,3,koclip_svm
4829,kkuankku_0004.png,4,3,3,koclip_svm
4830,kkuankku_0004.png,2,2,3,koclip_svm
4831,kkuankku_0004.png,3,4,3,koclip_svm
4832,kkuankku_0004.png,4,3,3,koclip_svm
4833,kkuankku_0004.png,2,3,3,koclip_svm
4834,kkuankku_0004.png,4,3,3,koclip_svm
4835,kkuankku_0004.png,2,3,3,koclip_svm
4836,kkuankku_0004.png,1,2,3,koclip_svm
4837,kkuankku_0004.png,4,2,3,koclip_svm
4838,kkuankku_0004.png,3,3,3,koclip_svm
4839,kkuankku_0004.png,3,0,3,koclip_svm
4840,kkuankku_0004.png,1,2,3,koclip_svm
4841,kkuankku_0004.png,3,3,3,koclip_svm
4842,kkuankku_0004.png,4,3,3,koclip_svm
4843,kkuankku_0004.png,1,2,3,koclip_svm
4919,kkuankku_0027.png,2,1,3,koclip_svm
4920,kkuankku_0027.png,4,1,3,koclip_svm
4921,kkuankku_0027.png,4,4,3,koclip_svm
4922,kkuankku_0027.png,3,4,3,koclip_svm
4923,kkuankku_0028.png,4,3,3,koclip_svm
4924,kkuankku_0028.png,3,3,3,koclip_svm
4925,kkuankku_0028.png,3,3,3,koclip_svm
4926,kkuankku_0028.png,4,3,3,koclip_svm
4927,kkuankku_0028.png,2,2,3,koclip_svm
4928,kkuankku_0028.png,1,4,3,koclip_svm
4929,kkuankku_0028.png,1,3,3,koclip_svm
4930,kkuankku_0028.png,4,3,3,koclip_svm
4931,kkuankku_0028.png,3,3,3,koclip_svm
4932,kkuankku_0028.png,4,3,3,koclip_svm
4933,kkuankku_0028.png,3,3,3,koclip_svm
4934,kkuankku_0028.png,3,3,3,koclip_svm
4935,kkuankku_0028.png,3,3,3,koclip_svm
4936,kkuankku_0028.png,3,3,3,koclip_svm
4937,kkuankku_0028.png,4,3,3,koclip_svm
4938,kkuankku_0028.png,2,3,3,koclip_svm
4939,kkuankku_0028.png,3,3,3,koclip_svm
4940,kkuankku_0028.png,2,3,3,koclip_svm
4941,kkuankku_0028.png,2,3,3,koclip_svm
4947,kkuankku_0038.png,4,3,3,koclip_svm
4948,kkuankku_0038.png,4,4,3,koclip_svm
4949,kkuankku_0038.png,4,3,3,koclip_svm
4950,kkuankku_0038.png,2,2,3,koclip_svm
4951,kkuankku_0038.png,3,3,3,koclip_svm
4952,kkuankku_0038.png,3,3,3,koclip_svm
4953,kkuankku_0038.png,3,3,3,koclip_svm
4973,kkuankku_0041.png,3,3,3,koclip_svm
4974,kkuankku_0041.png,4,3,3,koclip_svm
4975,kkuankku_0041.png,4,3,3,koclip_svm
4976,kkuankku_0041.png,3,3,3,koclip_svm
4977,kkuankku_0041.png,4,3,3,koclip_svm
4978,kkuankku_0041.png,4,4,3,koclip_svm
4979,kkuankku_0041.png,3,3,3,koclip_svm
5028,kkuankku_0065.png,4,3,3,koclip_svm
5029,kkuankku_0065.png,4,1,3,koclip_svm
5030,kkuankku_0065.png,3,3,3,koclip_svm
5031,kkuankku_0065.png,4,1,3,koclip_svm
5032,kkuankku_0065.png,3,1,3,koclip_svm
5033,kkuankku_0065.png,4,1,3,koclip_svm
5034,kkuankku_0065.png,4,3,3,koclip_svm
5035,kkuankku_0065.png,3,1,3,koclip_svm
5036,kkuankku_0065.png,3,3,3,koclip_svm
5037,kkuankku_0065.png,3,2,3,koclip_svm
5038,kkuankku_0065.png,3,1,3,koclip_svm
5039,kkuankku_0065.png,4,3,3,koclip_svm
5040,kkuankku_0065.png,3,3,3,koclip_svm
5041,kkuankku_0065.png,4,2,3,koclip_svm
5042,kkuankku_0065.png,4,3,3,koclip_svm
5043,kkuankku_0065.png,3,3,3,koclip_svm
5044,kkuankku_0065.png,1,1,3,koclip_svm
5045,kkuankku_0065.png,3,3,3,koclip_svm
5090,kkuankku_0086.png,4,0,3,koclip_svm
5091,kkuankku_0086.png,3,3,3,koclip_svm
5092,kkuankku_0086.png,3,3,3,koclip_svm
5093,kkuankku_0086.png,4,3,3,koclip_svm
5094,kkuankku_0086.png,4,3,3,koclip_svm
5284,dailylook_0019.png,4,3,3,koclip_svm
5285,dailylook_0019.png,1,1,3,koclip_svm
5286,dailylook_0019.png,2,3,3,koclip_svm
5287,dailylook_0019.png,2,4,3,koclip_svm
5288,dailylook_0019.png,3,3,3,koclip_svm
5306,dailylook_0025.png,3,3,3,koclip_svm
5307,dailylook_0025.png,4,0,3,koclip_svm
5308,dailylook_0025.png,4,3,3,koclip_svm
5309,dailylook_0025.png,4,3,3,koclip_svm
5310,dailylook_0025.png,2,4,3,koclip_svm
5323,dailylook_0032.png,1,3,3,koclip_svm
5324,dailylook_0032.png,1,3,3,koclip_svm
5325,dailylook_0032.png,2,2,3,koclip_svm
5326,dailylook_0032.png,1,3,3,koclip_svm
5327,dailylook_0032.png,3,3,3,koclip_svm
5352,dailylook_0044.png,4,4,3,koclip_svm
5353,dailylook_0044.png,3,3,3,koclip_svm
5354,dailylook_0044.png,3,3,3,koclip_svm
5355,dailylook_0044.png,2,2,3,koclip_svm
5356,dailylook_0044.png,3,3,3,koclip_svm
5452,dailylook_0068.png,4,1,3,koclip_svm
5453,dailylook_0068.png,3,1,3,koclip_svm
5454,dailylook_0068.png,2,3,3,koclip_svm
5553,dailylook_0092.png,4,1,3,koclip_svm
5554,dailylook_0092.png,3,3,3,koclip_svm
5555,dailylook_0092.png,3,3,3,koclip_svm
5556,dailylook_0092.png,4,4,3,koclip_svm
5557,dailylook_0092.png,4,4,3,koclip_svm
5558,dailylook_0092.png,2,2,3,koclip_svm
5559,dailylook_0092.png,1,2,3,koclip_svm
5560,dailylook_0092.png,4,3,3,koclip_svm
5561,dailylook_0092.png,3,3,3,koclip_svm
5562,dailylook_0092.png,3,3,3,koclip_svm
5563,dailylook_0092.png,3,3,3,koclip_svm
5564,dailylook_0092.png,1,2,3,koclip_svm
5565,dailylook_0092.png,2,4,3,koclip_svm
5566,dailylook_0092.png,3,3,3,koclip_svm
5567,dailylook_0092.png,4,3,3,koclip_svm
5572,dailylook_0096.png,3,3,3,koclip_svm
5573,dailylook_0096.png,3,3,3,koclip_svm
5574,dailylook_0096.png,3,3,3,koclip_svm
5575,dailylook_0096.png,4,3,3,koclip_svm
5576,dailylook_0096.png,3,3,3,koclip_svm
5577,dailylook_0096.png,2,2,3,koclip_svm
5578,dailylook_0096.png,3,3,3,koclip_svm
5579,dailylook_0096.png,4,3,3,koclip_svm
5580,dailylook_0099.png,2,2,3,koclip_svm
5581,dailylook_0099.png,2,2,3,koclip_svm
5582,dailylook_0099.png,4,4,3,koclip_svm
5583,dailylook_0099.png,4,4,3,koclip_svm
5584,dailylook_0099.png,3,2,3,koclip_svm
5585,dailylook_0099.png,3,1,3,koclip_svm
5586,dailylook_0099.png,4,4,3,koclip_svm
5587,dailylook_0099.png,4,2,3,koclip_svm
5588,dailylook_0099.png,3,3,3,koclip_svm
5589,dailylook_0099.png,2,3,3,koclip_svm
5590,dailylook_0099.png,3,3,3,koclip_svm
5591,dailylook_0099.png,4,0,3,koclip_svm
5592,dailylook_0099.png,0,1,3,koclip_svm
5593,dailylook_0099.png,3,1,3,koclip_svm
5594,dailylook_0100.png,0,1,3,koclip_svm
5611,ootd_0010.png,3,2,3,koclip_svm
5612,ootd_0010.png,4,4,3,koclip_svm
5613,ootd_0010.png,4,4,3,koclip_svm
5614,ootd_0010.png,3,2,3,koclip_svm
5615,ootd_0010.png,2,2,3,koclip_svm
5617,ootd_0015.png,2,2,3,koclip_svm
5618,ootd_0015.png,4,4,3,koclip_svm
5619,ootd_0015.png,3,3,3,koclip_svm
5620,ootd_0015.png,2,2,3,koclip_svm
5621,ootd_0015.png,4,4,3,koclip_svm
5622,ootd_0015.png,2,2,3,koclip_svm
5623,ootd_0015.png,0,0,3,koclip_svm
5655,ootd_0021.png,4,3,3,koclip_svm
5656,ootd_0021.png,2,2,3,koclip_svm
5657,ootd_0021.png,2,3,3,koclip_svm
5658,ootd_0022.png,4,3,3,koclip_svm
5659,ootd_0022.png,4,3,3,koclip_svm
5660,ootd_0022.png,2,3,3,koclip_svm
5689,ootd_0037.png,3,3,3,koclip_svm
5690,ootd_0037.png,2,3,3,koclip_svm
5691,ootd_0037.png,3,3,3,koclip_svm
5692,ootd_0037.png,3,3,3,koclip_svm
5693,ootd_0037.png,4,2,3,koclip_svm
5694,ootd_0037.png,4,2,3,koclip_svm
5695,ootd_0037.png,1,2,3,koclip_svm
5696,ootd_0037.png,1,2,3,koclip_svm
5697,ootd_0037.png,3,3,3,koclip_svm
5698,ootd_0037.png,0,1,3,koclip_svm
5699,ootd_0037.png,1,1,3,koclip_svm
5700,ootd_0037.png,1,1,3,koclip_svm
5707,ootd_0041.png,3,3,3,koclip_svm
5708,ootd_0041.png,4,2,3,koclip_svm
5709,ootd_0041.png,2,2,3,koclip_svm
5710,ootd_0041.png,1,1,3,koclip_svm
5711,ootd_0041.png,4,0,3,koclip_svm
5759,ootd_0052.png,1,1,3,koclip_svm
5760,ootd_0052.png,0,1,3,koclip_svm
5761,ootd_0052.png,3,1,3,koclip_svm
5762,ootd_0052.png,4,1,3,koclip_svm
5763,ootd_0052.png,4,0,3,koclip_svm
5764,ootd_0052.png,2,2,3,koclip_svm
5765,ootd_0052.png,2,2,3,koclip_svm
5766,ootd_0052.png,3,2,3,koclip_svm
5767,ootd_0052.png,2,3,3,koclip_svm
5768,ootd_0052.png,2,2,3,koclip_svm
5769,ootd_0052.png,2,1,3,koclip_svm
5770,ootd_0052.png,0,0,3,koclip_svm
5771,ootd_0052.png,2,2,3,koclip_svm
5772,ootd_0052.png,3,2,3,koclip_svm
5773,ootd_0052.png,0,0,3,koclip_svm
5774,ootd_0052.png,0,0,3,koclip_svm
5775,ootd_0052.png,0,1,3,koclip_svm
5776,ootd_0052.png,2,1,3,koclip_svm
5777,ootd_0052.png,1,3,3,koclip_svm
5778,ootd_0052.png,0,0,3,koclip_svm
5779,ootd_0052.png,2,3,3,koclip_svm
5792,ootd_0057.png,4,3,3,koclip_svm
5793,ootd_0057.png,3,3,3,koclip_svm
5794,ootd_0057.png,4,3,3,koclip_svm
5795,ootd_0057.png,3,3,3,koclip_svm
5796,ootd_0057.png,2,2,3,koclip_svm
5807,ootd_0077.png,4,3,3,koclip_svm
5808,ootd_0077.png,3,3,3,koclip_svm
5809,ootd_0077.png,2,2,3,koclip_svm
5810,ootd_0078.png,3,3,3,koclip_svm
5811,ootd_0078.png,3,3,3,koclip_svm
5812,ootd_0078.png,3,3,3,koclip_svm
5813,ootd_0078.png,3,3,3,koclip_svm
5814,ootd_0078.png,1,3,3,koclip_svm
5881,ootd_0091.png,3,1,3,koclip_svm
5882,ootd_0091.png,4,1,3,koclip_svm
5883,ootd_0091.png,4,4,3,koclip_svm
5884,ootd_0091.png,3,1,3,koclip_svm
5885,ootd_0091.png,4,4,3,koclip_svm
5886,ootd_0091.png,3,3,3,koclip_svm
5887,ootd_0091.png,3,3,3,koclip_svm
5888,ootd_0091.png,2,2,3,koclip_svm
5889,ootd_0091.png,1,2,3,koclip_svm
5890,ootd_0091.png,2,2,3,koclip_svm
5891,ootd_0091.png,3,3,3,koclip_svm
5892,ootd_0091.png,3,3,3,koclip_svm
5893,ootd_0091.png,1,2,3,koclip_svm
5894,ootd_0091.png,1,3,3,koclip_svm
5895,ootd_0091.png,1,3,3,koclip_svm
5896,ootd_0091.png,3,3,3,koclip_svm
5897,ootd_0091.png,3,3,3,koclip_svm
5916,ootd_0098.png,3,3,3,koclip_svm
5917,ootd_0098.png,3,3,3,koclip_svm
5918,ootd_0098.png,3,3,3,koclip_svm
5919,ootd_0098.png,3,2,3,koclip_svm
5920,ootd_0098.png,3,3,3,koclip_svm
5921,ootd_0098.png,4,4,3,koclip_svm
5922,ootd_0098.png,3,3,3,koclip_svm
5923,ootd_0098.png,1,3,3,koclip_svm
5929,fashionista_0003.png,0,0,3,koclip_svm
5930,fashionista_0003.png,0,0,3,koclip_svm
5931,fashionista_0003.png,0,0,3,koclip_svm
5932,fashionista_0003.png,0,0,3,koclip_svm
5933,fashionista_0003.png,2,0,3,koclip_svm
6067,fashionista_0045.png,1,1,3,koclip_svm
6068,fashionista_0045.png,0,0,3,koclip_svm
6069,fashionista_0045.png,3,2,3,koclip_svm
6070,fashionista_0045.png,3,2,3,koclip_svm
6071,fashionista_0045.png,2,2,3,koclip_svm
6072,fashionista_0045.png,3,3,3,koclip_svm
6073,fashionista_0045.png,4,1,3,koclip_svm
6074,fashionista_0045.png,4,2,3,koclip_svm
6075,fashionista_0045.png,4,4,3,koclip_svm
6076,fashionista_0045.png,1,2,3,koclip_svm
6077,fashionista_0045.png,3,3,3,koclip_svm
6078,fashionista_0045.png,3,2,3,koclip_svm
6079,fashionista_0045.png,1,2,3,koclip_svm
6080,fashionista_0045.png,2,1,3,koclip_svm
6081,fashionista_0045.png,0,3,3,koclip_svm
6082,fashionista_0045.png,3,3,3,koclip_svm
6083,fashionista_0045.png,2,2,3,koclip_svm
6084,fashionista_0045.png,1,2,3,koclip_svm
6085,fashionista_0045.png,2,2,3,koclip_svm
6086,fashionista_0045.png,2,2,3,koclip_svm
6087,fashionista_0045.png,3,2,3,koclip_svm
6088,fashionista_0045.png,0,0,3,koclip_svm
6089,fashionista_0045.png,2,2,3,koclip_svm
6090,fashionista_0045.png,2,2,3,koclip_svm
6091,fashionista_0045.png,1,2,3,koclip_svm
6092,fashionista_0045.png,0,0,3,koclip_svm
6093,fashionista_0045.png,0,0,3,koclip_svm
6094,fashionista_0045.png,0,1,3,koclip_svm
6095,fashionista_0045.png,0,1,3,koclip_svm
6101,fashionista_0051.png,4,1,3,koclip_svm
6102,fashionista_0051.png,4,0,3,koclip_svm
6103,fashionista_0051.png,1,0,3,koclip_svm
6104,fashionista_0051.png,2,4,3,koclip_svm
6105,fashionista_0051.png,1,0,3,koclip_svm
6106,fashionista_0051.png,3,3,3,koclip_svm
6107,fashionista_0051.png,2,0,3,koclip_svm
6108,fashionista_0051.png,3,3,3,koclip_svm
6139,fashionista_0054.png,4,2,3,koclip_svm
6140,fashionista_0054.png,1,3,3,koclip_svm
6141,fashionista_0054.png,2,3,3,koclip_svm
6142,fashionista_0054.png,4,3,3,koclip_svm
6143,fashionista_0056.png,4,3,3,koclip_svm
6144,fashionista_0058.png,1,1,3,koclip_svm
6145,fashionista_0058.png,2,2,3,koclip_svm
6146,fashionista_0058.png,2,2,3,koclip_svm
6147,fashionista_0058.png,0,0,3,koclip_svm
6148,fashionista_0058.png,0,0,3,koclip_svm
6149,fashionista_0058.png,3,2,3,koclip_svm
6150,fashionista_0058.png,4,4,3,koclip_svm
6151,fashionista_0058.png,4,1,3,koclip_svm
6152,fashionista_0058.png,3,3,3,koclip_svm
6153,fashionista_0058.png,4,4,3,koclip_svm
6154,fashionista_0058.png,4,4,3,koclip_svm
6155,fashionista_0058.png,2,0,3,koclip_svm
6156,fashionista_0058.png,2,0,3,koclip_svm
6157,fashionista_0058.png,1,0,3,koclip_svm
6158,fashionista_0058.png,1,2,3,koclip_svm
6159,fashionista_0058.png,1,0,3,koclip_svm
6160,fashionista_0058.png,1,0,3,koclip_svm
6161,fashionista_0058.png,2,3,3,koclip_svm
6162,fashionista_0058.png,1,0,3,koclip_svm
6163,fashionista_0058.png,1,1,3,koclip_svm
6164,fashionista_0058.png,1,0,3,koclip_svm
6165,fashionista_0058.png,1,0,3,koclip_svm
6166,fashionista_0058.png,1,0,3,koclip_svm
6167,fashionista_0058.png,0,0,3,koclip_svm
6168,fashionista_0058.png,0,0,3,koclip_svm
6169,fashionista_0058.png,0,0,3,koclip_svm
6170,fashionista_0058.png,1,0,3,koclip_svm
6171,fashionista_0058.png,1,0,3,koclip_svm
6254,fashionista_0070.png,1,1,3,koclip_svm
6255,fashionista_0070.png,0,0,3,koclip_svm
6256,fashionista_0070.png,2,2,3,koclip_svm
6257,fashionista_0070.png,2,2,3,koclip_svm
6258,fashionista_0070.png,3,2,3,koclip_svm
6259,fashionista_0070.png,3,3,3,koclip_svm
6260,fashionista_0070.png,4,1,3,koclip_svm
6261,fashionista_0070.png,4,2,3,koclip_svm
6262,fashionista_0070.png,4,4,3,koclip_svm
6263,fashionista_0070.png,1,2,3,koclip_svm
6264,fashionista_0070.png,3,3,3,koclip_svm
6265,fashionista_0070.png,2,2,3,koclip_svm
6266,fashionista_0070.png,2,2,3,koclip_svm
6267,fashionista_0070.png,2,1,3,koclip_svm
6268,fashionista_0070.png,0,3,3,koclip_svm
6269,fashionista_0070.png,3,3,3,koclip_svm
6270,fashionista_0070.png,2,2,3,koclip_svm
6271,fashionista_0070.png,2,1,3,koclip_svm
6272,fashionista_0070.png,2,1,3,koclip_svm
6273,fashionista_0070.png,2,2,3,koclip_svm
6274,fashionista_0070.png,2,2,3,koclip_svm
6275,fashionista_0070.png,1,0,3,koclip_svm
6276,fashionista_0070.png,2,2,3,koclip_svm
6277,fashionista_0070.png,2,1,3,koclip_svm
6278,fashionista_0070.png,1,1,3,koclip_svm
6279,fashionista_0070.png,1,1,3,koclip_svm
6280,fashionista_0070.png,0,0,3,koclip_svm
6281,fashionista_0070.png,0,1,3,koclip_svm
6282,fashionista_0070.png,2,2,3,koclip_svm
6396,fashionista_0098.png,1,0,3,koclip_svm
6397,fashionista_0098.png,0,0,3,koclip_svm
6398,fashionista_0098.png,2,2,3,koclip_svm
6399,fashionista_0098.png,2,2,3,koclip_svm
6400,fashionista_0098.png,2,2,3,koclip_svm
6401,fashionista_0098.png,1,3,3,koclip_svm
6402,fashionista_0098.png,0,0,3,koclip_svm
6403,fashionista_0098.png,0,3,3,koclip_svm
6404,fashionista_0098.png,0,4,3,koclip_svm
6405,fashionista_0098.png,1,2,3,koclip_svm
6406,fashionista_0098.png,0,3,3,koclip_svm
6407,fashionista_0098.png,0,2,3,koclip_svm
6408,fashionista_0098.png,0,2,3,koclip_svm
6409,fashionista_0098.png,0,1,3,koclip_svm
6410,fashionista_0098.png,0,3,3,koclip_svm
6411,fashionista_0098.png,0,3,3,koclip_svm
6412,fashionista_0098.png,1,2,3,koclip_svm
6413,fashionista_0098.png,0,0,3,koclip_svm
6414,fashionista_0098.png,0,0,3,koclip_svm
6415,fashionista_0098.png,2,2,3,koclip_svm
6416,fashionista_0098.png,0,2,3,koclip_svm
6417,fashionista_0098.png,0,0,3,koclip_svm
6418,fashionista_0098.png,2,2,3,koclip_svm
6419,fashionista_0098.png,0,0,3,koclip_svm
6420,fashionista_0098.png,1,0,3,koclip_svm
6421,fashionista_0098.png,0,0,3,koclip_svm
6422,fashionista_0098.png,0,0,3,koclip_svm
6423,fashionista_0098.png,0,0,3,koclip_svm
6424,fashionista_0098.png,1,0,3,koclip_svm
6425,fashionista_0098.png,0,2,3,koclip_svm
6517,neungsohwa_0014.png,1,1,3,koclip_svm
6518,neungsohwa_0014.png,0,0,3,koclip_svm
6519,neungsohwa_0014.png,3,0,3,koclip_svm
6526,neungsohwa_0017.png,4,4,3,koclip_svm
6527,neungsohwa_0017.png,2,4,3,koclip_svm
6528,neungsohwa_0017.png,4,4,3,koclip_svm
6529,neungsohwa_0017.png,3,4,3,koclip_svm
6530,neungsohwa_0017.png,4,4,3,koclip_svm
6571,neungsohwa_0026.png,4,1,3,koclip_svm
6572,neungsohwa_0026.png,1,4,3,koclip_svm
6573,neungsohwa_0026.png,1,3,3,koclip_svm
6574,neungsohwa_0026.png,4,4,3,koclip_svm
6575,neungsohwa_0026.png,4,4,3,koclip_svm
6576,neungsohwa_0026.png,3,2,3,koclip_svm
6588,neungsohwa_0033.png,0,1,3,koclip_svm
6589,neungsohwa_0033.png,4,4,3,koclip_svm
6599,neungsohwa_0036.png,3,1,3,koclip_svm
6600,neungsohwa_0036.png,4,4,3,koclip_svm
6601,neungsohwa_0038.png,4,1,3,koclip_svm
6602,neungsohwa_0039.png,0,1,3,koclip_svm
6603,neungsohwa_0039.png,4,4,3,koclip_svm
6604,neungsohwa_0039.png,1,1,3,koclip_svm
6605,neungsohwa_0039.png,0,2,3,koclip_svm
6606,neungsohwa_0039.png,0,4,3,koclip_svm
6630,neungsohwa_0048.png,4,4,3,koclip_svm
6631,neungsohwa_0048.png,4,1,3,koclip_svm
6632,neungsohwa_0048.png,0,1,3,koclip_svm
6633,neungsohwa_0048.png,4,2,3,koclip_svm
6634,neungsohwa_0048.png,1,2,3,koclip_svm
6635,neungsohwa_0048.png,1,1,3,koclip_svm
6636,neungsohwa_0048.png,0,1,3,koclip_svm
6637,neungsohwa_0048.png,3,1,3,koclip_svm
6675,neungsohwa_0054.png,4,3,3,koclip_svm
6676,neungsohwa_0054.png,0,1,3,koclip_svm
6677,neungsohwa_0056.png,4,4,3,koclip_svm
6678,neungsohwa_0056.png,0,4,3,koclip_svm
6679,neungsohwa_0056.png,0,1,3,koclip_svm
6692,neungsohwa_0061.png,0,1,3,koclip_svm
6693,neungsohwa_0063.png,1,4,3,koclip_svm
6694,neungsohwa_0063.png,2,1,3,koclip_svm
6695,neungsohwa_0063.png,4,4,3,koclip_svm
6696,neungsohwa_0063.png,4,4,3,koclip_svm
6697,neungsohwa_0063.png,1,1,3,koclip_svm
6726,neungsohwa_0078.png,1,1,3,koclip_svm
6727,neungsohwa_0078.png,4,4,3,koclip_svm
6728,neungsohwa_0078.png,3,2,3,koclip_svm
6729,neungsohwa_0078.png,3,4,3,koclip_svm
6730,neungsohwa_0078.png,3,3,3,koclip_svm
6802,neungsohwa_0100.png,3,2,3,koclip_svm
6803,neungsohwa_0100.png,0,1,3,koclip_svm
6804,neungsohwa_0100.png,3,3,3,koclip_svm
6805,neungsohwa_0100.png,4,2,3,koclip_svm
6806,neungsohwa_0100.png,4,3,3,koclip_svm
6807,neungsohwa_0100.png,2,2,3,koclip_svm
6808,neungsohwa_0100.png,0,0,3,koclip_svm
6809,neungsohwa_0100.png,0,1,3,koclip_svm
6810,neungsohwa_0100.png,0,1,3,koclip_svm
6811,neungsohwa_0100.png,2,2,3,koclip_svm
6812,neungsohwa_0100.png,0,1,3,koclip_svm
6813,neungsohwa_0100.png,2,2,3,koclip_svm
6814,neungsohwa_0100.png,1,1,3,koclip_svm
6815,neungsohwa_0100.png,1,1,3,koclip_svm
6816,neungsohwa_0100.png,3,4,3,koclip_svm
6845,danpung_0008.png,1,4,3,koclip_svm
6846,danpung_0008.png,3,3,3,koclip_svm
6870,danpung_0013.png,4,4,3,koclip_svm
6871,danpung_0013.png,4,4,3,koclip_svm
6872,danpung_0013.png,4,1,3,koclip_svm
6873,danpung_0013.png,4,1,3,koclip_svm
6874,danpung_0013.png,3,3,3,koclip_svm
6875,danpung_0013.png,3,3,3,koclip_svm
6876,danpung_0013.png,2,4,3,koclip_svm
6877,danpung_0014.png,3,1,3,koclip_svm
6878,danpung_0014.png,4,1,3,koclip_svm
6879,danpung_0014.png,4,4,3,koclip_svm
6884,danpung_0016.png,4,3,3,koclip_svm
6885,danpung_0016.png,0,0,3,koclip_svm
6886,danpung_0016.png,1,1,3,koclip_svm
6887,danpung_0016.png,1,1,3,koclip_svm
6888,danpung_0016.png,0,0,3,koclip_svm
6889,danpung_0016.png,2,2,3,koclip_svm
6890,danpung_0016.png,3,3,3,koclip_svm
6891,danpung_0016.png,3,3,3,koclip_svm
6892,danpung_0016.png,4,4,3,koclip_svm
7037,danpung_0042.png,4,3,3,koclip_svm
7038,danpung_0042.png,4,3,3,koclip_svm
7039,danpung_0042.png,3,3,3,koclip_svm
7040,danpung_0042.png,3,3,3,koclip_svm
7041,danpung_0042.png,2,3,3,koclip_svm
7042,danpung_0042.png,1,3,3,koclip_svm
7043,danpung_0042.png,4,3,3,koclip_svm
7062,danpung_0051.png,1,1,3,koclip_svm
7063,danpung_0051.png,4,2,3,koclip_svm
7064,danpung_0051.png,3,2,3,koclip_svm
7065,danpung_0051.png,4,4,3,koclip_svm
7066,danpung_0051.png,4,4,3,koclip_svm
7067,danpung_0051.png,3,3,3,koclip_svm
7068,danpung_0051.png,3,3,3,koclip_svm
7069,danpung_0051.png,2,2,3,koclip_svm
7070,danpung_0052.png,4,0,3,koclip_svm
7071,danpung_0052.png,4,3,3,koclip_svm
7072,danpung_0052.png,4,4,3,koclip_svm
7073,danpung_0052.png,4,0,3,koclip_svm
7076,danpung_0056.png,4,3,3,koclip_svm
7077,danpung_0056.png,4,3,3,koclip_svm
7078,danpung_0056.png,3,3,3,koclip_svm
7079,danpung_0057.png,4,3,3,koclip_svm
7097,danpung_0059.png,4,1,3,koclip_svm
7098,danpung_0063.png,1,1,3,koclip_svm
7099,danpung_0063.png,1,4,3,koclip_svm
7100,danpung_0063.png,1,4,3,koclip_svm
7101,danpung_0063.png,4,4,3,koclip_svm
7102,danpung_0063.png,1,1,3,koclip_svm
7103,danpung_0063.png,1,1,3,koclip_svm
7104,danpung_0063.png,0,4,3,koclip_svm
7105,danpung_0063.png,0,1,3,koclip_svm
7106,danpung_0063.png,4,1,3,koclip_svm
7107,danpung_0063.png,0,1,3,koclip_svm
7108,danpung_0063.png,3,1,3,koclip_svm
7109,danpung_0063.png,3,3,3,koclip_svm
7110,danpung_0063.png,4,3,3,koclip_svm
7111,danpung_0063.png,3,3,3,koclip_svm
7112,danpung_0063.png,4,4,3,koclip_svm
7113,danpung_0063.png,2,2,3,koclip_svm
7114,danpung_0063.png,1,2,3,koclip_svm
7115,danpung_0063.png,2,2,3,koclip_svm
7116,danpung_0063.png,0,4,3,koclip_svm
7117,danpung_0063.png,1,0,3,koclip_svm
7118,danpung_0063.png,1,4,3,koclip_svm
7119,danpung_0063.png,0,1,3,koclip_svm
7137,danpung_0067.png,4,4,3,koclip_svm
7138,danpung_0067.png,3,3,3,koclip_svm
7139,danpung_0067.png,1,1,3,koclip_svm
7140,danpung_0067.png,1,1,3,koclip_svm
7141,danpung_0067.png,4,4,3,koclip_svm
7142,danpung_0067.png,1,1,3,koclip_svm
7143,danpung_0067.png,1,1,3,koclip_svm
7144,danpung_0067.png,3,4,3,koclip_svm
7201,danpung_0077.png,2,2,3,koclip_svm
7202,danpung_0077.png,3,3,3,koclip_svm
7203,danpung_0077.png,3,3,3,koclip_svm
7204,danpung_0077.png,3,3,3,koclip_svm
7205,danpung_0077.png,3,3,3,koclip_svm
7206,danpung_0078.png,1,4,3,koclip_svm
7207,danpung_0078.png,1,4,3,koclip_svm
7208,danpung_0078.png,0,4,3,koclip_svm
7209,danpung_0078.png,0,1,3,koclip_svm
7210,danpung_0078.png,1,1,3,koclip_svm
7211,danpung_0078.png,1,3,3,koclip_svm
7212,danpung_0078.png,3,4,3,koclip_svm
7213,danpung_0078.png,0,2,3,koclip_svm
7214,danpung_0078.png,0,4,3,koclip_svm
7225,danpung_0081.png,2,3,3,koclip_svm
7226,danpung_0081.png,1,3,3,koclip_svm
7227,danpung_0081.png,1,3,3,koclip_svm
7228,danpung_0081.png,4,4,3,koclip_svm
7229,danpung_0081.png,2,3,3,koclip_svm
7230,danpung_0081.png,2,3,3,koclip_svm
7231,danpung_0081.png,2,3,3,koclip_svm
7239,danpung_0084.png,1,1,3,koclip_svm
7240,danpung_0084.png,4,1,3,koclip_svm
7241,danpung_0084.png,0,1,3,koclip_svm
7242,danpung_0084.png,4,4,3,koclip_svm
7243,danpung_0084.png,4,4,3,koclip_svm
7244,danpung_0084.png,0,1,3,koclip_svm
7245,danpung_0084.png,4,1,3,koclip_svm
7246,danpung_0084.png,4,4,3,koclip_svm
7247,danpung_0084.png,3,1,3,koclip_svm
7314,cherryblossom_0016.png,4,4,3,koclip_svm
7315,cherryblossom_0016.png,4,3,3,koclip_svm
7316,cherryblossom_0016.png,3,3,3,koclip_svm
7354,cherryblossom_0027.png,4,4,3,koclip_svm
7355,cherryblossom_0027.png,4,4,3,koclip_svm
7356,cherryblossom_0027.png,2,4,3,koclip_svm
7357,cherryblossom_0027.png,3,2,3,koclip_svm
7358,cherryblossom_0027.png,3,2,3,koclip_svm
7362,cherryblossom_0030.png,4,3,3,koclip_svm
7363,cherryblossom_0030.png,4,4,3,koclip_svm
7364,cherryblossom_0030.png,0,1,3,koclip_svm
7365,cherryblossom_0030.png,0,1,3,koclip_svm
7366,cherryblossom_0030.png,0,3,3,koclip_svm
7367,cherryblossom_0031.png,1,1,3,koclip_svm
7368,cherryblossom_0031.png,4,3,3,koclip_svm
7369,cherryblossom_0032.png,2,2,3,koclip_svm
7370,cherryblossom_0032.png,1,2,3,koclip_svm
7371,cherryblossom_0032.png,4,4,3,koclip_svm
7372,cherryblossom_0032.png,3,4,3,koclip_svm
7373,cherryblossom_0032.png,1,1,3,koclip_svm
7406,cherryblossom_0037.png,1,1,3,koclip_svm
7407,cherryblossom_0037.png,4,4,3,koclip_svm
7408,cherryblossom_0037.png,3,3,3,koclip_svm
7409,cherryblossom_0037.png,1,1,3,koclip_svm
7433,cherryblossom_0046.png,0,2,3,koclip_svm
7434,cherryblossom_0046.png,0,1,3,koclip_svm
7435,cherryblossom_0046.png,1,1,3,koclip_svm
7436,cherryblossom_0047.png,4,4,3,koclip_svm
7437,cherryblossom_0047.png,4,0,3,koclip_svm
7445,cherryblossom_0050.png,0,0,3,koclip_svm
7446,cherryblossom_0050.png,1,0,3,koclip_svm
7447,cherryblossom_0050.png,3,4,3,koclip_svm
7448,cherryblossom_0050.png,3,3,3,koclip_svm
7449,cherryblossom_0050.png,4,4,3,koclip_svm
7450,cherryblossom_0050.png,2,4,3,koclip_svm
7451,cherryblossom_0050.png,4,2,3,koclip_svm
7452,cherryblossom_0050.png,1,1,3,koclip_svm
7453,cherryblossom_0050.png,3,3,3,koclip_svm
7454,cherryblossom_0050.png,1,4,3,koclip_svm
7455,cherryblossom_0050.png,2,2,3,koclip_svm
7525,cherryblossom_0077.png,4,3,3,koclip_svm
7526,cherryblossom_0077.png,4,4,3,koclip_svm
7527,cherryblossom_0077.png,1,1,3,koclip_svm
7545,cherryblossom_0080.png,3,4,3,koclip_svm
7546,cherryblossom_0080.png,3,4,3,koclip_svm
7547,cherryblossom_0080.png,4,4,3,koclip_svm
7548,cherryblossom_0080.png,1,1,3,koclip_svm
7549,cherryblossom_0080.png,4,4,3,koclip_svm
7568,cherryblossom_0087.png,4,1,3,koclip_svm
7569,cherryblossom_0087.png,3,3,3,koclip_svm
7570,cherryblossom_0087.png,4,4,3,koclip_svm
7571,cherryblossom_0087.png,2,2,3,koclip_svm
7575,cherryblossom_0090.png,4,4,3,koclip_svm
7576,cherryblossom_0090.png,1,1,3,koclip_svm
7577,cherryblossom_0090.png,4,1,3,koclip_svm
7599,cherryblossom_0097.png,4,4,3,koclip_svm
7600,cherryblossom_0097.png,4,4,3,koclip_svm
7601,cherryblossom_0097.png,4,2,3,koclip_svm
7602,cherryblossom_0097.png,4,1,3,koclip_svm
7603,cherryblossom_0097.png,4,1,3,koclip_svm
7604,cherryblossom_0097.png,4,4,3,koclip_svm
7631,kpop_0001.png,4,3,3,koclip_svm
7632,kpop_0001.png,4,4,3,koclip_svm
7633,kpop_0001.png,1,0,3,koclip_svm
7648,kpop_0005.png,4,2,3,koclip_svm
7649,kpop_0005.png,3,1,3,koclip_svm
7650,kpop_0005.png,2,1,3,koclip_svm
7651,kpop_0005.png,2,1,3,koclip_svm
7670,kpop_0008.png,4,4,3,koclip_svm
7671,kpop_0008.png,4,0,3,koclip_svm
7672,kpop_0008.png,4,4,3,koclip_svm
7673,kpop_0008.png,1,4,3,koclip_svm
7674,kpop_0008.png,1,2,3,koclip_svm
7675,kpop_0008.png,1,1,3,koclip_svm
7676,kpop_0008.png,1,4,3,koclip_svm
7677,kpop_0008.png,0,0,3,koclip_svm
7678,kpop_0008.png,1,4,3,koclip_svm
7679,kpop_0008.png,1,1,3,koclip_svm
7680,kpop_0008.png,2,1,3,koclip_svm
7681,kpop_0008.png,1,4,3,koclip_svm
7682,kpop_0008.png,1,0,3,koclip_svm
7683,kpop_0008.png,4,4,3,koclip_svm
7684,kpop_0008.png,1,4,3,koclip_svm
7685,kpop_0008.png,1,2,3,koclip_svm
7686,kpop_0008.png,1,1,3,koclip_svm
7687,kpop_0008.png,4,4,3,koclip_svm
7688,kpop_0008.png,4,3,3,koclip_svm
7689,kpop_0008.png,3,0,3,koclip_svm
7690,kpop_0008.png,3,3,3,koclip_svm
7691,kpop_0008.png,3,2,3,koclip_svm
7692,kpop_0008.png,3,0,3,koclip_svm
7693,kpop_0008.png,3,1,3,koclip_svm
7694,kpop_0008.png,2,1,3,koclip_svm
7695,kpop_0008.png,1,1,3,koclip_svm
7696,kpop_0008.png,1,1,3,koclip_svm
7697,kpop_0008.png,3,2,3,koclip_svm
7698,kpop_0008.png,1,0,3,koclip_svm
7699,kpop_0008.png,2,2,3,koclip_svm
7700,kpop_0009.png,4,3,3,koclip_svm
7701,kpop_0009.png,3,4,3,koclip_svm
7702,kpop_0009.png,3,3,3,koclip_svm
7703,kpop_0009.png,2,3,3,koclip_svm
7704,kpop_0009.png,1,1,3,koclip_svm
7730,kpop_0015.png,0,4,3,koclip_svm
7731,kpop_0015.png,0,1,3,koclip_svm
7732,kpop_0015.png,0,1,3,koclip_svm
7733,kpop_0015.png,3,4,3,koclip_svm
7734,kpop_0015.png,4,4,3,koclip_svm
7800,kpop_0026.png,4,1,3,koclip_svm
7801,kpop_0026.png,4,1,3,koclip_svm
7802,kpop_0026.png,4,1,3,koclip_svm
7803,kpop_0026.png,4,1,3,koclip_svm
7812,kpop_0029.png,4,1,3,koclip_svm
7813,kpop_0029.png,4,2,3,koclip_svm
7814,kpop_0029.png,4,4,3,koclip_svm
7815,kpop_0029.png,3,3,3,koclip_svm
7816,kpop_0029.png,1,2,3,koclip_svm
7854,kpop_0035.png,4,4,3,koclip_svm
7855,kpop_0035.png,4,3,3,koclip_svm
7856,kpop_0035.png,3,3,3,koclip_svm
7857,kpop_0035.png,3,4,3,koclip_svm
7858,kpop_0035.png,3,3,3,koclip_svm
7859,kpop_0035.png,4,2,3,koclip_svm
7860,kpop_0035.png,0,3,3,koclip_svm
7861,kpop_0035.png,0,3,3,koclip_svm
7862,kpop_0035.png,4,3,3,koclip_svm
7863,kpop_0035.png,0,1,3,koclip_svm
7864,kpop_0035.png,0,0,3,koclip_svm
7865,kpop_0035.png,4,4,3,koclip_svm
7866,kpop_0035.png,4,2,3,koclip_svm
7867,kpop_0035.png,0,1,3,koclip_svm
7868,kpop_0035.png,4,3,3,koclip_svm
7869,kpop_0035.png,4,4,3,koclip_svm
7928,kpop_0042.png,4,0,3,koclip_svm
7929,kpop_0042.png,4,4,3,koclip_svm
7930,kpop_0042.png,4,4,3,koclip_svm
7931,kpop_0042.png,4,0,3,koclip_svm
7932,kpop_0042.png,3,3,3,koclip_svm
7933,kpop_0042.png,1,0,3,koclip_svm
7934,kpop_0042.png,1,0,3,koclip_svm
7935,kpop_0042.png,4,0,3,koclip_svm
7936,kpop_0042.png,4,0,3,koclip_svm
7937,kpop_0042.png,4,2,3,koclip_svm
7938,kpop_0042.png,0,0,3,koclip_svm
7939,kpop_0042.png,3,0,3,koclip_svm
7940,kpop_0042.png,3,0,3,koclip_svm
7941,kpop_0042.png,3,0,3,koclip_svm
7942,kpop_0042.png,3,0,3,koclip_svm
7943,kpop_0042.png,3,2,3,koclip_svm
7944,kpop_0042.png,2,0,3,koclip_svm
7945,kpop_0044.png,4,4,3,koclip_svm
7946,kpop_0044.png,4,4,3,koclip_svm
7947,kpop_0044.png,4,4,3,koclip_svm
7948,kpop_0044.png,4,4,3,koclip_svm
7949,kpop_0044.png,2,1,3,koclip_svm
8011,kpop_0050.png,4,3,3,koclip_svm
8012,kpop_0050.png,4,4,3,koclip_svm
8013,kpop_0050.png,3,3,3,koclip_svm
8014,kpop_0050.png,3,3,3,koclip_svm
8093,kpop_0063.png,4,4,3,koclip_svm
8094,kpop_0063.png,4,4,3,koclip_svm
8095,kpop_0063.png,3,4,3,koclip_svm
8096,kpop_0063.png,1,1,3,koclip_svm
8097,kpop_0063.png,2,3,3,koclip_svm
8098,kpop_0064.png,4,4,3,koclip_svm
8099,kpop_0064.png,1,1,3,koclip_svm
8100,kpop_0064.png,4,4,3,koclip_svm
8101,kpop_0064.png,3,1,3,koclip_svm
8102,kpop_0064.png,1,4,3,koclip_svm
8103,kpop_0064.png,3,3,3,koclip_svm
8104,kpop_0064.png,3,1,3,koclip_svm
8105,kpop_0064.png,3,3,3,koclip_svm
8106,kpop_0064.png,2,1,3,koclip_svm
8131,kpop_0067.png,0,0,3,koclip_svm
8132,kpop_0067.png,0,0,3,koclip_svm
8133,kpop_0067.png,1,3,3,koclip_svm
8134,kpop_0067.png,1,0,3,koclip_svm
8223,kpop_0080.png,4,1,3,koclip_svm
8224,kpop_0080.png,4,2,3,koclip_svm
8225,kpop_0080.png,4,4,3,koclip_svm
8226,kpop_0080.png,2,3,3,koclip_svm
8227,kpop_0080.png,2,3,3,koclip_svm
8228,kpop_0080.png,1,1,3,koclip_svm
8229,kpop_0080.png,1,4,3,koclip_svm
8230,kpop_0080.png,1,4,3,koclip_svm
8231,kpop_0080.png,0,4,3,koclip_svm
8232,kpop_0080.png,0,2,3,koclip_svm
8254,kpop_0086.png,3,3,3,koclip_svm
8255,kpop_0086.png,4,3,3,koclip_svm
8256,kpop_0086.png,3,3,3,koclip_svm
8257,kpop_0086.png,3,3,3,koclip_svm
8258,kpop_0086.png,1,3,3,koclip_svm
8259,kpop_0086.png,4,1,3,koclip_svm
8260,kpop_0086.png,2,3,3,koclip_svm
8261,kpop_0086.png,1,3,3,koclip_svm
8262,kpop_0086.png,0,1,3,koclip_svm
8317,kpop_0096.png,4,4,3,koclip_svm
8318,kpop_0096.png,3,3,3,koclip_svm
8319,kpop_0096.png,4,4,3,koclip_svm
8320,kpop_0096.png,3,3,3,koclip_svm
8321,kpop_0096.png,2,3,3,koclip_svm
8322,kpop_0096.png,1,3,3,koclip_svm
8393,spotify_0005.png,1,2,3,koclip_svm
8394,spotify_0005.png,3,2,3,koclip_svm
8405,spotify_0009.png,4,4,3,koclip_svm
8406,spotify_0009.png,3,4,3,koclip_svm
8407,spotify_0009.png,2,1,3,koclip_svm
8408,spotify_0009.png,2,1,3,koclip_svm
8409,spotify_0009.png,4,1,3,koclip_svm
8473,spotify_0034.png,2,1,3,koclip_svm
8474,spotify_0034.png,3,4,3,koclip_svm
8475,spotify_0034.png,3,3,3,koclip_svm
8476,spotify_0034.png,4,4,3,koclip_svm
8477,spotify_0034.png,4,4,3,koclip_svm
8478,spotify_0035.png,4,4,3,koclip_svm
8479,spotify_0035.png,4,4,3,koclip_svm
8480,spotify_0035.png,3,3,3,koclip_svm
8481,spotify_0035.png,3,3,3,koclip_svm
8482,spotify_0035.png,1,4,3,koclip_svm
8534,spotify_0053.png,4,0,3,koclip_svm
8535,spotify_0053.png,4,4,3,koclip_svm
8536,spotify_0053.png,4,4,3,koclip_svm
8537,spotify_0053.png,4,4,3,koclip_svm
8538,spotify_0055.png,4,1,3,koclip_svm
8539,spotify_0055.png,4,1,3,koclip_svm
8540,spotify_0055.png,4,2,3,koclip_svm
8541,spotify_0055.png,3,2,3,koclip_svm
8542,spotify_0055.png,2,3,3,koclip_svm
8543,spotify_0055.png,2,2,3,koclip_svm
8567,spotify_0063.png,3,1,3,koclip_svm
8568,spotify_0063.png,2,1,3,koclip_svm
8569,spotify_0063.png,4,4,3,koclip_svm
8570,spotify_0064.png,2,2,3,koclip_svm
8571,spotify_0064.png,2,2,3,koclip_svm
8572,spotify_0064.png,3,2,3,koclip_svm
8573,spotify_0064.png,4,2,3,koclip_svm
8574,spotify_0064.png,4,2,3,koclip_svm
8575,spotify_0064.png,4,3,3,koclip_svm
8576,spotify_0064.png,4,2,3,koclip_svm
8577,spotify_0064.png,4,3,3,koclip_svm
8578,spotify_0064.png,2,2,3,koclip_svm
8579,spotify_0064.png,4,2,3,koclip_svm
8580,spotify_0064.png,4,2,3,koclip_svm
8581,spotify_0064.png,2,0,3,koclip_svm
8582,spotify_0064.png,2,0,3,koclip_svm
8583,spotify_0064.png,2,0,3,koclip_svm
8617,spotify_0077.png,4,3,3,koclip_svm
8622,spotify_0081.png,4,2,3,koclip_svm
8623,spotify_0081.png,3,1,3,koclip_svm
8624,spotify_0081.png,4,2,3,koclip_svm
8625,spotify_0081.png,2,2,3,koclip_svm
8627,spotify_0085.png,2,1,3,koclip_svm
8628,spotify_0085.png,3,3,3,koclip_svm
8629,spotify_0085.png,4,1,3,koclip_svm
8630,spotify_0085.png,3,1,3,koclip_svm
8631,spotify_0085.png,3,2,3,koclip_svm
8660,spotify_0097.png,3,3,3,koclip_svm
8661,spotify_0097.png,3,3,3,koclip_svm
8662,spotify_0097.png,4,2,3,koclip_svm
8663,spotify_0097.png,2,4,3,koclip_svm
8664,spotify_0097.png,3,4,3,koclip_svm
8670,netflix_0001.png,4,1,3,koclip_svm
8671,netflix_0001.png,1,1,3,koclip_svm
8672,netflix_0001.png,3,3,3,koclip_svm
8673,netflix_0001.png,4,4,3,koclip_svm
8674,netflix_0001.png,2,2,3,koclip_svm
8675,netflix_0001.png,1,2,3,koclip_svm
8676,netflix_0001.png,1,2,3,koclip_svm
8677,netflix_0001.png,1,2,3,koclip_svm
8678,netflix_0001.png,2,1,3,koclip_svm
8679,netflix_0001.png,2,2,3,koclip_svm
8743,netflix_0019.png,4,4,3,koclip_svm
8744,netflix_0019.png,4,4,3,koclip_svm
8745,netflix_0019.png,1,1,3,koclip_svm
8746,netflix_0019.png,3,4,3,koclip_svm
8747,netflix_0019.png,1,2,3,koclip_svm
8748,netflix_0019.png,1,3,3,koclip_svm
8749,netflix_0019.png,1,2,3,koclip_svm
8750,netflix_0019.png,3,2,3,koclip_svm
8751,netflix_0019.png,0,4,3,koclip_svm
8752,netflix_0019.png,0,4,3,koclip_svm
8775,netflix_0022.png,4,4,3,koclip_svm
8776,netflix_0022.png,4,4,3,koclip_svm
8777,netflix_0022.png,4,1,3,koclip_svm
8778,netflix_0022.png,4,2,3,koclip_svm
8779,netflix_0022.png,4,4,3,koclip_svm
8780,netflix_0022.png,2,2,3,koclip_svm
8791,netflix_0029.png,4,4,3,koclip_svm
8792,netflix_0029.png,4,2,3,koclip_svm
8793,netflix_0029.png,2,4,3,koclip_svm
8794,netflix_0029.png,3,2,3,koclip_svm
8795,netflix_0029.png,3,4,3,koclip_svm
8814,netflix_0036.png,4,4,3,koclip_svm
8815,netflix_0036.png,4,2,3,koclip_svm
8816,netflix_0036.png,2,2,3,koclip_svm
8817,netflix_0036.png,1,3,3,koclip_svm
8818,netflix_0036.png,3,1,3,koclip_svm
8819,netflix_0036.png,0,3,3,koclip_svm
8820,netflix_0036.png,0,1,3,koclip_svm
8853,netflix_0044.png,4,4,3,koclip_svm
8854,netflix_0044.png,4,4,3,koclip_svm
8855,netflix_0044.png,4,4,3,koclip_svm
8856,netflix_0044.png,1,4,3,koclip_svm
8857,netflix_0044.png,4,4,3,koclip_svm
8858,netflix_0046.png,1,4,3,koclip_svm
8859,netflix_0046.png,4,4,3,koclip_svm
8860,netflix_0046.png,3,4,3,koclip_svm
8861,netflix_0046.png,4,4,3,koclip_svm
8882,netflix_0051.png,4,0,3,koclip_svm
8883,netflix_0051.png,4,1,3,koclip_svm
8884,netflix_0051.png,4,1,3,koclip_svm
8885,netflix_0051.png,3,1,3,koclip_svm
8886,netflix_0051.png,3,1,3,koclip_svm
8904,netflix_0054.png,4,4,3,koclip_svm
8905,netflix_0054.png,4,4,3,koclip_svm
8906,netflix_0054.png,2,2,3,koclip_svm
8907,netflix_0054.png,2,1,3,koclip_svm
8908,netflix_0054.png,2,4,3,koclip_svm
8919,netflix_0059.png,4,2,3,koclip_svm
8920,netflix_0059.png,3,4,3,koclip_svm
8921,netflix_0059.png,3,3,3,koclip_svm
8922,netflix_0059.png,4,2,3,koclip_svm
8923,netflix_0059.png,3,2,3,koclip_svm
8924,netflix_0059.png,3,2,3,koclip_svm
8925,netflix_0059.png,2,2,3,koclip_svm
8926,netflix_0059.png,1,2,3,koclip_svm
8927,netflix_0059.png,3,2,3,koclip_svm
8928,netflix_0059.png,2,2,3,koclip_svm
8929,netflix_0059.png,4,2,3,koclip_svm
8930,netflix_0059.png,4,2,3,koclip_svm
8931,netflix_0059.png,1,3,3,koclip_svm
8932,netflix_0059.png,1,2,3,koclip_svm
8933,netflix_0059.png,2,2,3,koclip_svm
8961,netflix_0069.png,1,4,3,koclip_svm
8962,netflix_0069.png,1,3,3,koclip_svm
8963,netflix_0069.png,1,4,3,koclip_svm
8964,netflix_0069.png,2,2,3,koclip_svm
8965,netflix_0069.png,2,2,3,koclip_svm
8978,netflix_0073.png,0,4,3,koclip_svm
8979,netflix_0073.png,0,1,3,koclip_svm
8980,netflix_0073.png,1,4,3,koclip_svm
8981,netflix_0073.png,1,4,3,koclip_svm
8987,netflix_0079.png,4,1,3,koclip_svm
8988,netflix_0079.png,4,1,3,koclip_svm
8989,netflix_0079.png,4,1,3,koclip_svm
8990,netflix_0079.png,4,4,3,koclip_svm
8991,netflix_0079.png,4,4,3,koclip_svm
8999,netflix_0086.png,4,1,3,koclip_svm
9000,netflix_0086.png,4,0,3,koclip_svm
9001,netflix_0086.png,4,4,3,koclip_svm
9002,netflix_0086.png,1,4,3,koclip_svm
9003,netflix_0086.png,4,1,3,koclip_svm
9004,netflix_0088.png,4,1,3,koclip_svm
9005,netflix_0088.png,3,1,3,koclip_svm
9006,netflix_0088.png,1,0,3,koclip_svm
9007,netflix_0088.png,1,0,3,koclip_svm
9008,netflix_0088.png,1,2,3,koclip_svm
9039,netflix_0097.png,4,4,3,koclip_svm
9040,netflix_0097.png,4,4,3,koclip_svm
9041,netflix_0097.png,3,1,3,koclip_svm
9042,netflix_0097.png,3,4,3,koclip_svm
9043,netflix_0097.png,2,4,3,koclip_svm
9044,netflix_0098.png,4,4,3,koclip_svm
9045,netflix_0098.png,4,4,3,koclip_svm
9046,netflix_0098.png,4,4,3,koclip_svm
9047,netflix_0098.png,1,4,3,koclip_svm
9048,netflix_0098.png,4,4,3,koclip_svm
9049,netflix_0098.png,4,4,3,koclip_svm
9050,netflix_0098.png,0,2,3,koclip_svm
9051,netflix_0098.png,0,4,3,koclip_svm
9052,netflix_0098.png,0,3,3,koclip_svm
9053,netflix_0098.png,0,4,3,koclip_svm
9054,netflix_0098.png,0,3,3,koclip_svm
9055,netflix_0098.png,2,1,3,koclip_svm
9056,netflix_0098.png,1,1,3,koclip_svm
9057,netflix_0098.png,0,4,3,koclip_svm
9058,netflix_0098.png,0,4,3,koclip_svm
9059,netflix_0098.png,0,4,3,koclip_svm
9060,netflix_0099.png,4,1,3,koclip_svm
9061,netflix_0099.png,4,4,3,koclip_svm
9067,apple_0002.png,1,4,3,koclip_svm
9068,apple_0002.png,1,0,3,koclip_svm
9069,apple_0002.png,1,0,3,koclip_svm
9070,apple_0002.png,2,2,3,koclip_svm
9071,apple_0002.png,1,1,3,koclip_svm
9100,apple_0010.png,4,4,3,koclip_svm
9101,apple_0010.png,3,3,3,koclip_svm
9102,apple_0010.png,2,4,3,koclip_svm
9103,apple_0010.png,1,2,3,koclip_svm
9104,apple_0010.png,1,2,3,koclip_svm
9105,apple_0010.png,1,2,3,koclip_svm
9106,apple_0010.png,0,2,3,koclip_svm
9107,apple_0010.png,1,2,3,koclip_svm
9108,apple_0010.png,1,2,3,koclip_svm
9109,apple_0010.png,1,1,3,koclip_svm
9110,apple_0010.png,1,1,3,koclip_svm
9111,apple_0010.png,1,2,3,koclip_svm
9112,apple_0010.png,0,1,3,koclip_svm
9113,apple_0010.png,2,2,3,koclip_svm
9114,apple_0010.png,2,4,3,koclip_svm
9115,apple_0010.png,2,4,3,koclip_svm
9116,apple_0010.png,2,0,3,koclip_svm
9117,apple_0010.png,2,0,3,koclip_svm
9121,apple_0013.png,4,3,3,koclip_svm
9122,apple_0013.png,4,4,3,koclip_svm
9123,apple_0013.png,4,1,3,koclip_svm
9124,apple_0013.png,4,3,3,koclip_svm
9125,apple_0013.png,4,4,3,koclip_svm
9126,apple_0013.png,4,1,3,koclip_svm
9127,apple_0013.png,4,4,3,koclip_svm
9128,apple_0013.png,4,1,3,koclip_svm
9129,apple_0013.png,4,4,3,koclip_svm
9130,apple_0013.png,4,1,3,koclip_svm
9133,apple_0021.png,4,4,3,koclip_svm
9134,apple_0021.png,4,4,3,koclip_svm
9135,apple_0021.png,4,4,3,koclip_svm
9136,apple_0021.png,2,2,3,koclip_svm
9137,apple_0021.png,3,4,3,koclip_svm
9142,apple_0024.png,4,4,3,koclip_svm
9143,apple_0024.png,4,4,3,koclip_svm
9144,apple_0024.png,4,1,3,koclip_svm
9145,apple_0024.png,1,1,3,koclip_svm
9146,apple_0024.png,2,2,3,koclip_svm
9199,apple_0045.png,4,4,3,koclip_svm
9200,apple_0045.png,3,0,3,koclip_svm
9201,apple_0045.png,4,4,3,koclip_svm
9202,apple_0045.png,4,4,3,koclip_svm
9203,apple_0045.png,3,4,3,koclip_svm
9228,apple_0051.png,4,4,3,koclip_svm
9229,apple_0051.png,4,1,3,koclip_svm
9230,apple_0051.png,4,4,3,koclip_svm
9231,apple_0051.png,4,4,3,koclip_svm
9249,apple_0061.png,4,4,3,koclip_svm
9250,apple_0061.png,4,4,3,koclip_svm
9251,apple_0061.png,3,4,3,koclip_svm
9252,apple_0061.png,4,4,3,koclip_svm
9253,apple_0061.png,3,4,3,koclip_svm
9254,apple_0064.png,4,4,3,koclip_svm
9255,apple_0064.png,4,4,3,koclip_svm
9267,apple_0070.png,4,4,3,koclip_svm
9268,apple_0070.png,4,4,3,koclip_svm
9269,apple_0070.png,3,1,3,koclip_svm
9270,apple_0070.png,1,3,3,koclip_svm
9271,apple_0070.png,0,3,3,koclip_svm
9287,apple_0076.png,4,2,3,koclip_svm
9288,apple_0076.png,4,2,3,koclip_svm
9289,apple_0076.png,0,4,3,koclip_svm
9290,apple_0076.png,3,2,3,koclip_svm
9291,apple_0076.png,2,2,3,koclip_svm
9292,apple_0076.png,1,2,3,koclip_svm
9293,apple_0076.png,2,2,3,koclip_svm
9294,apple_0076.png,2,2,3,koclip_svm
9295,apple_0076.png,0,1,3,koclip_svm
9296,apple_0076.png,4,2,3,koclip_svm
9297,apple_0076.png,1,1,3,koclip_svm
9298,apple_0076.png,3,2,3,koclip_svm
9299,apple_0076.png,0,4,3,koclip_svm
9300,apple_0076.png,0,1,3,koclip_svm
9301,apple_0076.png,1,2,3,koclip_svm
9302,apple_0076.png,0,4,3,koclip_svm
9303,apple_0076.png,3,1,3,koclip_svm
9304,apple_0076.png,0,4,3,koclip_svm
9305,apple_0076.png,0,4,3,koclip_svm
9316,apple_0088.png,4,4,3,koclip_svm
9317,apple_0088.png,4,4,3,koclip_svm
9318,apple_0088.png,0,1,3,koclip_svm
9319,apple_0088.png,2,4,3,koclip_svm
9320,apple_0088.png,3,3,3,koclip_svm
9321,apple_0090.png,4,4,3,koclip_svm
9322,apple_0090.png,4,4,3,koclip_svm
9323,apple_0090.png,1,4,3,koclip_svm
9324,apple_0091.png,4,4,3,koclip_svm
9325,apple_0091.png,4,4,3,koclip_svm
9326,apple_0091.png,1,4,3,koclip_svm
9327,apple_0091.png,3,4,3,koclip_svm
9328,apple_0091.png,1,4,3,koclip_svm
9351,apple_0099.png,4,1,3,koclip_svm
9352,apple_0099.png,4,1,3,koclip_svm
9353,apple_0099.png,2,1,3,koclip_svm
9354,apple_0099.png,3,1,3,koclip_svm
9355,galaxy_0002.png,4,4,3,koclip_svm
9356,galaxy_0002.png,4,4,3,koclip_svm
9357,galaxy_0002.png,4,4,3,koclip_svm
9358,galaxy_0002.png,0,0,3,koclip_svm
9359,galaxy_0002.png,1,1,3,koclip_svm
9400,galaxy_0013.png,4,4,3,koclip_svm
9401,galaxy_0013.png,4,4,3,koclip_svm
9402,galaxy_0013.png,1,4,3,koclip_svm
9403,galaxy_0013.png,3,4,3,koclip_svm
9404,galaxy_0013.png,2,2,3,koclip_svm
9497,galaxy_0030.png,4,1,3,koclip_svm
9498,galaxy_0030.png,3,4,3,koclip_svm
9499,galaxy_0030.png,4,4,3,koclip_svm
9500,galaxy_0030.png,4,4,3,koclip_svm
9501,galaxy_0030.png,4,4,3,koclip_svm
9502,galaxy_0030.png,0,4,3,koclip_svm
9572,galaxy_0051.png,1,3,3,koclip_svm
9573,galaxy_0051.png,3,1,3,koclip_svm
9574,galaxy_0051.png,1,4,3,koclip_svm
9575,galaxy_0051.png,1,4,3,koclip_svm
9587,galaxy_0059.png,1,1,3,koclip_svm
9588,galaxy_0059.png,4,1,3,koclip_svm
9589,galaxy_0059.png,3,0,3,koclip_svm
9590,galaxy_0059.png,4,4,3,koclip_svm
9591,galaxy_0059.png,2,1,3,koclip_svm
9620,galaxy_0066.png,1,1,3,koclip_svm
9621,galaxy_0066.png,4,4,3,koclip_svm
9622,galaxy_0066.png,1,4,3,koclip_svm
9623,galaxy_0066.png,3,4,3,koclip_svm
9624,galaxy_0066.png,4,4,3,koclip_svm
9629,galaxy_0068.png,2,1,3,koclip_svm
9630,galaxy_0068.png,4,4,3,koclip_svm
9631,galaxy_0068.png,4,1,3,koclip_svm
9632,galaxy_0068.png,2,1,3,koclip_svm
9633,galaxy_0069.png,1,4,3,koclip_svm
9634,galaxy_0069.png,4,2,3,koclip_svm
9635,galaxy_0069.png,2,2,3,koclip_svm
9636,galaxy_0069.png,3,2,3,koclip_svm
9679,galaxy_0080.png,4,3,3,koclip_svm
9680,galaxy_0080.png,1,1,3,koclip_svm
9681,galaxy_0080.png,3,4,3,koclip_svm
9682,galaxy_0080.png,4,4,3,koclip_svm
9712,galaxy_0086.png,4,4,3,koclip_svm
9713,galaxy_0086.png,4,4,3,koclip_svm
9714,galaxy_0086.png,4,4,3,koclip_svm
9715,galaxy_0086.png,4,4,3,koclip_svm
9716,galaxy_0086.png,1,3,3,koclip_svm
9722,galaxy_0088.png,4,2,3,koclip_svm
9723,galaxy_0088.png,3,3,3,koclip_svm
9724,galaxy_0088.png,1,2,3,koclip_svm
9725,galaxy_0088.png,2,2,3,koclip_svm
9726,galaxy_0088.png,4,3,3,koclip_svm
9727,galaxy_0089.png,3,1,3,koclip_svm
9728,galaxy_0089.png,4,4,3,koclip_svm
9729,galaxy_0089.png,4,4,3,koclip_svm
9730,galaxy_0089.png,1,4,3,koclip_svm
9731,galaxy_0089.png,4,4,3,koclip_svm
9732,galaxy_0089.png,2,4,3,koclip_svm
9733,galaxy_0089.png,4,4,3,koclip_svm
9734,galaxy_0089.png,4,4,3,koclip_svm
9735,galaxy_0089.png,4,4,3,koclip_svm
9736,galaxy_0089.png,1,4,3,koclip_svm
9745,galaxy_0091.png,4,4,3,koclip_svm
9746,galaxy_0091.png,4,4,3,koclip_svm
9747,galaxy_0091.png,4,4,3,koclip_svm
9748,galaxy_0091.png,4,4,3,koclip_svm
9749,galaxy_0091.png,3,4,3,koclip_svm
9750,galaxy_0091.png,4,4,3,koclip_svm
9751,galaxy_0091.png,4,4,3,koclip_svm
9752,galaxy_0091.png,4,4,3,koclip_svm
9753,galaxy_0091.png,3,4,3,koclip_svm
9754,galaxy_0091.png,3,4,3,koclip_svm
9755,galaxy_0091.png,3,3,3,koclip_svm
9756,galaxy_0091.png,3,3,3,koclip_svm
9757,galaxy_0091.png,3,4,3,koclip_svm
9758,galaxy_0091.png,1,2,3,koclip_svm
9761,galaxy_0093.png,3,4,3,koclip_svm
9762,galaxy_0093.png,2,2,3,koclip_svm
9763,galaxy_0093.png,4,2,3,koclip_svm
9764,galaxy_0093.png,3,4,3,koclip_svm
9765,galaxy_0093.png,2,4,3,koclip_svm
9771,galaxy_0097.png,4,4,3,koclip_svm
9772,galaxy_0097.png,4,4,3,koclip_svm
9773,galaxy_0097.png,3,1,3,koclip_svm
9774,galaxy_0097.png,1,4,3,koclip_svm
9775,galaxy_0098.png,4,2,3,koclip_svm
9776,galaxy_0098.png,4,3,3,koclip_svm
9777,galaxy_0098.png,2,2,3,koclip_svm
9778,galaxy_0098.png,2,2,3,koclip_svm
9817,iphone16_0005.png,4,3,3,koclip_svm
9818,iphone16_0005.png,4,3,3,koclip_svm
9819,iphone16_0005.png,3,3,3,koclip_svm
9820,iphone16_0005.png,4,3,3,koclip_svm
9821,iphone16_0005.png,4,3,3,koclip_svm
9822,iphone16_0005.png,3,3,3,koclip_svm
9823,iphone16_0005.png,3,3,3,koclip_svm
9824,iphone16_0005.png,4,3,3,koclip_svm
9825,iphone16_0005.png,3,3,3,koclip_svm
9826,iphone16_0005.png,3,3,3,koclip_svm
9827,iphone16_0005.png,3,3,3,koclip_svm
9828,iphone16_0005.png,4,4,3,koclip_svm
9829,iphone16_0005.png,0,0,3,koclip_svm
9830,iphone16_0005.png,4,4,3,koclip_svm
9831,iphone16_0005.png,0,0,3,koclip_svm
9832,iphone16_0005.png,0,0,3,koclip_svm
9833,iphone16_0005.png,0,4,3,koclip_svm
9834,iphone16_0005.png,0,4,3,koclip_svm
9862,iphone16_0013.png,4,4,3,koclip_svm
9863,iphone16_0013.png,1,1,3,koclip_svm
9864,iphone16_0013.png,4,4,3,koclip_svm
9865,iphone16_0013.png,2,2,3,koclip_svm
9866,iphone16_0013.png,0,4,3,koclip_svm
9867,iphone16_0013.png,2,1,3,koclip_svm
9872,iphone16_0015.png,4,1,3,koclip_svm
9873,iphone16_0015.png,3,3,3,koclip_svm
9874,iphone16_0015.png,0,4,3,koclip_svm
9875,iphone16_0015.png,4,1,3,koclip_svm
9895,iphone16_0024.png,1,0,3,koclip_svm
9896,iphone16_0024.png,1,4,3,koclip_svm
9897,iphone16_0024.png,1,0,3,koclip_svm
9898,iphone16_0024.png,3,4,3,koclip_svm
9899,iphone16_0024.png,4,4,3,koclip_svm
9909,iphone16_0030.png,4,4,3,koclip_svm
9910,iphone16_0030.png,1,4,3,koclip_svm
9925,iphone16_0035.png,4,0,3,koclip_svm
9926,iphone16_0035.png,4,4,3,koclip_svm
9927,iphone16_0035.png,4,0,3,koclip_svm
9928,iphone16_0036.png,4,4,3,koclip_svm
9929,iphone16_0036.png,4,4,3,koclip_svm
9930,iphone16_0036.png,3,1,3,koclip_svm
9931,iphone16_0036.png,4,4,3,koclip_svm
9978,iphone16_0049.png,4,4,3,koclip_svm
9979,iphone16_0049.png,4,4,3,koclip_svm
9980,iphone16_0049.png,4,4,3,koclip_svm
9981,iphone16_0049.png,3,2,3,koclip_svm
9982,iphone16_0049.png,3,2,3,koclip_svm
10002,iphone16_0056.png,4,4,3,koclip_svm
10003,iphone16_0056.png,4,4,3,koclip_svm
10004,iphone16_0056.png,1,2,3,koclip_svm
10005,iphone16_0056.png,2,2,3,koclip_svm
10006,iphone16_0056.png,3,2,3,koclip_svm
10048,iphone16_0064.png,4,4,3,koclip_svm
10049,iphone16_0064.png,4,4,3,koclip_svm
10050,iphone16_0064.png,3,1,3,koclip_svm
10051,iphone16_0064.png,3,2,3,koclip_svm
10052,iphone16_0064.png,1,0,3,koclip_svm
10077,iphone16_0073.png,4,3,3,koclip_svm
10078,iphone16_0073.png,3,3,3,koclip_svm
10079,iphone16_0073.png,1,3,3,koclip_svm
10080,iphone16_0073.png,0,3,3,koclip_svm
10081,iphone16_0073.png,0,3,3,koclip_svm
10082,iphone16_0073.png,3,0,3,koclip_svm
10083,iphone16_0073.png,4,3,3,koclip_svm
10084,iphone16_0073.png,2,3,3,koclip_svm
10085,iphone16_0073.png,4,3,3,koclip_svm
10086,iphone16_0073.png,0,2,3,koclip_svm
10087,iphone16_0073.png,0,3,3,koclip_svm
10088,iphone16_0073.png,4,3,3,koclip_svm
10089,iphone16_0073.png,0,3,3,koclip_svm
10090,iphone16_0073.png,4,4,3,koclip_svm
10091,iphone16_0073.png,0,3,3,koclip_svm
10092,iphone16_0073.png,0,3,3,koclip_svm
10093,iphone16_0073.png,1,3,3,koclip_svm
10094,iphone16_0073.png,0,3,3,koclip_svm
10095,iphone16_0073.png,4,3,3,koclip_svm
10096,iphone16_0073.png,0,0,3,koclip_svm
10097,iphone16_0073.png,3,3,3,koclip_svm
10098,iphone16_0073.png,0,3,3,koclip_svm
10099,iphone16_0073.png,0,4,3,koclip_svm
10100,iphone16_0073.png,4,4,3,koclip_svm
10101,iphone16_0073.png,0,3,3,koclip_svm
10102,iphone16_0073.png,0,3,3,koclip_svm
10103,iphone16_0073.png,0,3,3,koclip_svm
10104,iphone16_0073.png,0,0,3,koclip_svm
10105,iphone16_0073.png,0,4,3,koclip_svm
10116,iphone16_0077.png,4,4,3,koclip_svm
10152,iphone16_0080.png,3,4,3,koclip_svm
10153,iphone16_0080.png,4,4,3,koclip_svm
10154,iphone16_0080.png,3,4,3,koclip_svm
10155,iphone16_0080.png,4,4,3,koclip_svm
10156,iphone16_0080.png,2,2,3,koclip_svm
10162,iphone16_0083.png,4,0,3,koclip_svm
10163,iphone16_0083.png,4,4,3,koclip_svm
10164,iphone16_0083.png,2,1,3,koclip_svm
10165,iphone16_0083.png,1,1,3,koclip_svm
10166,iphone16_0083.png,0,1,3,koclip_svm
10167,iphone16_0084.png,4,4,3,koclip_svm
10168,iphone16_0084.png,3,4,3,koclip_svm
10169,iphone16_0084.png,1,1,3,koclip_svm
10170,iphone16_0084.png,1,2,3,koclip_svm
10171,iphone16_0084.png,4,4,3,koclip_svm
10194,iphone16_0089.png,4,3,3,koclip_svm
10195,iphone16_0089.png,4,4,3,koclip_svm
10196,iphone16_0089.png,4,4,3,koclip_svm
10197,iphone16_0089.png,3,3,3,koclip_svm
10198,iphone16_0089.png,4,3,3,koclip_svm
10229,iphone16_0093.png,0,1,3,koclip_svm
10230,iphone16_0093.png,1,1,3,koclip_svm
10231,iphone16_0093.png,0,4,3,koclip_svm
10232,iphone16_0093.png,4,1,3,koclip_svm
10233,iphone16_0093.png,3,2,3,koclip_svm
10257,iphone16_0099.png,1,1,3,koclip_svm
10258,iphone16_0099.png,0,0,3,koclip_svm
10259,iphone16_0099.png,4,1,3,koclip_svm
10260,iphone16_0099.png,3,2,3,koclip_svm
10292,healthstagram_0010.png,3,2,3,koclip_svm
10293,healthstagram_0010.png,4,3,3,koclip_svm
10294,healthstagram_0010.png,4,0,3,koclip_svm
10295,healthstagram_0010.png,4,0,3,koclip_svm
10296,healthstagram_0010.png,3,0,3,koclip_svm
10297,healthstagram_0010.png,3,3,3,koclip_svm
10298,healthstagram_0010.png,1,0,3,koclip_svm
10299,healthstagram_0010.png,2,2,3,koclip_svm
10300,healthstagram_0010.png,4,3,3,koclip_svm
10301,healthstagram_0010.png,2,4,3,koclip_svm
10302,healthstagram_0010.png,2,4,3,koclip_svm
10303,healthstagram_0010.png,2,0,3,koclip_svm
10304,healthstagram_0010.png,3,4,3,koclip_svm
10305,healthstagram_0010.png,0,0,3,koclip_svm
10306,healthstagram_0010.png,2,3,3,koclip_svm
10307,healthstagram_0010.png,2,4,3,koclip_svm
10308,healthstagram_0010.png,3,4,3,koclip_svm
10309,healthstagram_0010.png,3,4,3,koclip_svm
10310,healthstagram_0010.png,4,3,3,koclip_svm
10311,healthstagram_0010.png,1,4,3,koclip_svm
10314,healthstagram_0012.png,4,4,3,koclip_svm
10315,healthstagram_0012.png,4,4,3,koclip_svm
10316,healthstagram_0012.png,3,3,3,koclip_svm
10317,healthstagram_0012.png,4,4,3,koclip_svm
10318,healthstagram_0012.png,2,1,3,koclip_svm
10319,healthstagram_0012.png,3,2,3,koclip_svm
10320,healthstagram_0012.png,2,2,3,koclip_svm
10321,healthstagram_0012.png,2,2,3,koclip_svm
10322,healthstagram_0012.png,1,4,3,koclip_svm
10323,healthstagram_0012.png,1,4,3,koclip_svm
10324,healthstagram_0012.png,1,1,3,koclip_svm
10380,healthstagram_0024.png,3,2,3,koclip_svm
10381,healthstagram_0024.png,4,4,3,koclip_svm
10382,healthstagram_0024.png,3,2,3,koclip_svm
10383,healthstagram_0024.png,2,4,3,koclip_svm
10384,healthstagram_0024.png,4,4,3,koclip_svm
10385,healthstagram_0024.png,4,4,3,koclip_svm
10386,healthstagram_0024.png,3,1,3,koclip_svm
10387,healthstagram_0024.png,3,4,3,koclip_svm
10388,healthstagram_0024.png,0,4,3,koclip_svm
10389,healthstagram_0024.png,4,4,3,koclip_svm
10390,healthstagram_0024.png,1,4,3,koclip_svm
10391,healthstagram_0024.png,3,3,3,koclip_svm
10392,healthstagram_0024.png,4,4,3,koclip_svm
10393,healthstagram_0024.png,1,0,3,koclip_svm
10394,healthstagram_0024.png,2,2,3,koclip_svm
10395,healthstagram_0024.png,1,0,3,koclip_svm
10396,healthstagram_0024.png,0,3,3,koclip_svm
10397,healthstagram_0024.png,2,3,3,koclip_svm
10398,healthstagram_0024.png,3,4,3,koclip_svm
10399,healthstagram_0024.png,2,0,3,koclip_svm
10400,healthstagram_0024.png,3,4,3,koclip_svm
10401,healthstagram_0024.png,1,0,3,koclip_svm
10402,healthstagram_0024.png,3,0,3,koclip_svm
10403,healthstagram_0024.png,2,0,3,koclip_svm
10404,healthstagram_0024.png,2,0,3,koclip_svm
10405,healthstagram_0024.png,4,4,3,koclip_svm
10406,healthstagram_0024.png,3,4,3,koclip_svm
10407,healthstagram_0025.png,1,4,3,koclip_svm
10441,healthstagram_0038.png,4,4,3,koclip_svm
10442,healthstagram_0038.png,4,4,3,koclip_svm
10443,healthstagram_0038.png,1,2,3,koclip_svm
10444,healthstagram_0038.png,2,2,3,koclip_svm
10445,healthstagram_0038.png,4,4,3,koclip_svm
10446,healthstagram_0038.png,0,4,3,koclip_svm
10447,healthstagram_0038.png,3,3,3,koclip_svm
10448,healthstagram_0038.png,3,2,3,koclip_svm
10449,healthstagram_0038.png,1,0,3,koclip_svm
10450,healthstagram_0038.png,1,3,3,koclip_svm
10451,healthstagram_0038.png,2,2,3,koclip_svm
10452,healthstagram_0038.png,1,1,3,koclip_svm
10453,healthstagram_0038.png,0,1,3,koclip_svm
10454,healthstagram_0038.png,0,1,3,koclip_svm
10455,healthstagram_0038.png,3,2,3,koclip_svm
10456,healthstagram_0038.png,2,3,3,koclip_svm
10457,healthstagram_0038.png,2,2,3,koclip_svm
10458,healthstagram_0038.png,1,3,3,koclip_svm
10459,healthstagram_0038.png,1,2,3,koclip_svm
10460,healthstagram_0038.png,0,1,3,koclip_svm
10461,healthstagram_0038.png,0,3,3,koclip_svm
10462,healthstagram_0038.png,1,1,3,koclip_svm
10463,healthstagram_0038.png,2,2,3,koclip_svm
10464,healthstagram_0038.png,1,1,3,koclip_svm
10465,healthstagram_0038.png,4,4,3,koclip_svm
10466,healthstagram_0038.png,4,4,3,koclip_svm
10467,healthstagram_0038.png,4,4,3,koclip_svm
10468,healthstagram_0038.png,0,0,3,koclip_svm
10469,healthstagram_0038.png,0,0,3,koclip_svm
10470,healthstagram_0038.png,0,0,3,koclip_svm
10506,healthstagram_0042.png,1,0,3,koclip_svm
10507,healthstagram_0042.png,2,2,3,koclip_svm
10508,healthstagram_0042.png,1,0,3,koclip_svm
10509,healthstagram_0042.png,0,4,3,koclip_svm
10510,healthstagram_0042.png,0,4,3,koclip_svm
10511,healthstagram_0046.png,4,3,3,koclip_svm
10560,healthstagram_0061.png,0,4,3,koclip_svm
10561,healthstagram_0061.png,0,4,3,koclip_svm
10562,healthstagram_0061.png,0,1,3,koclip_svm
10563,healthstagram_0061.png,0,4,3,koclip_svm
10564,healthstagram_0061.png,0,3,3,koclip_svm
10565,healthstagram_0061.png,0,1,3,koclip_svm
10566,healthstagram_0061.png,0,4,3,koclip_svm
10567,healthstagram_0061.png,0,2,3,koclip_svm
10568,healthstagram_0061.png,4,4,3,koclip_svm
10569,healthstagram_0061.png,2,3,3,koclip_svm
10570,healthstagram_0061.png,2,2,3,koclip_svm
10571,healthstagram_0061.png,2,2,3,koclip_svm
10572,healthstagram_0061.png,1,3,3,koclip_svm
10573,healthstagram_0061.png,0,0,3,koclip_svm
10574,healthstagram_0061.png,0,1,3,koclip_svm
10575,healthstagram_0061.png,1,1,3,koclip_svm
10576,healthstagram_0061.png,0,2,3,koclip_svm
10577,healthstagram_0061.png,0,0,3,koclip_svm
10578,healthstagram_0061.png,1,1,3,koclip_svm
10579,healthstagram_0061.png,4,4,3,koclip_svm
10580,healthstagram_0061.png,4,4,3,koclip_svm
10581,healthstagram_0061.png,0,1,3,koclip_svm
10582,healthstagram_0061.png,1,1,3,koclip_svm
10583,healthstagram_0061.png,2,2,3,koclip_svm
10584,healthstagram_0061.png,4,1,3,koclip_svm
10585,healthstagram_0061.png,3,1,3,koclip_svm
10586,healthstagram_0061.png,0,1,3,koclip_svm
10587,healthstagram_0061.png,1,1,3,koclip_svm
10588,healthstagram_0061.png,3,2,3,koclip_svm
10636,healthstagram_0074.png,4,2,3,koclip_svm
10648,healthstagram_0084.png,3,1,3,koclip_svm
10649,healthstagram_0084.png,3,1,3,koclip_svm
10728,healthstagram_0092.png,4,2,3,koclip_svm
10729,healthstagram_0092.png,1,2,3,koclip_svm
10730,healthstagram_0092.png,2,2,3,koclip_svm
10731,healthstagram_0092.png,3,2,3,koclip_svm
10732,healthstagram_0092.png,3,2,3,koclip_svm
10733,healthstagram_0092.png,2,2,3,koclip_svm
10734,healthstagram_0092.png,2,2,3,koclip_svm
10735,healthstagram_0092.png,1,2,3,koclip_svm
10736,healthstagram_0092.png,2,2,3,koclip_svm
10737,healthstagram_0092.png,4,0,3,koclip_svm
10738,healthstagram_0092.png,0,2,3,koclip_svm
10739,healthstagram_0092.png,1,4,3,koclip_svm
10740,healthstagram_0092.png,2,2,3,koclip_svm
10741,healthstagram_0092.png,1,1,3,koclip_svm
10742,healthstagram_0092.png,1,2,3,koclip_svm
10743,healthstagram_0092.png,1,2,3,koclip_svm
10744,healthstagram_0092.png,2,2,3,koclip_svm
10745,healthstagram_0092.png,2,2,3,koclip_svm
10746,healthstagram_0092.png,4,4,3,koclip_svm
10747,healthstagram_0092.png,4,4,3,koclip_svm
10748,healthstagram_0092.png,2,2,3,koclip_svm
10749,healthstagram_0092.png,4,4,3,koclip_svm
10750,healthstagram_0092.png,4,4,3,koclip_svm
10751,healthstagram_0092.png,4,4,3,koclip_svm
10752,healthstagram_0092.png,1,2,3,koclip_svm
10753,healthstagram_0092.png,1,0,3,koclip_svm
10754,healthstagram_0092.png,4,4,3,koclip_svm
10755,healthstagram_0092.png,3,4,3,koclip_svm
10756,healthstagram_0092.png,3,3,3,koclip_svm
10757,healthstagram_0092.png,1,1,3,koclip_svm
10790,ounwan_0004.png,0,2,3,koclip_svm
10791,ounwan_0004.png,0,2,3,koclip_svm
10792,ounwan_0004.png,3,3,3,koclip_svm
10793,ounwan_0004.png,3,2,3,koclip_svm
10794,ounwan_0004.png,4,0,3,koclip_svm
10795,ounwan_0004.png,4,0,3,koclip_svm
10796,ounwan_0004.png,4,4,3,koclip_svm
10797,ounwan_0004.png,4,4,3,koclip_svm
10798,ounwan_0004.png,3,0,3,koclip_svm
10938,ounwan_0025.png,1,0,3,koclip_svm
10939,ounwan_0029.png,1,2,3,koclip_svm
10940,ounwan_0029.png,1,1,3,koclip_svm
10941,ounwan_0029.png,1,1,3,koclip_svm
10942,ounwan_0029.png,3,2,3,koclip_svm
10943,ounwan_0029.png,1,1,3,koclip_svm
10944,ounwan_0029.png,1,1,3,koclip_svm
10945,ounwan_0029.png,1,1,3,koclip_svm
10946,ounwan_0029.png,1,1,3,koclip_svm
11142,ounwan_0063.png,0,1,3,koclip_svm
11143,ounwan_0063.png,0,1,3,koclip_svm
11144,ounwan_0063.png,0,1,3,koclip_svm
11145,ounwan_0063.png,0,1,3,koclip_svm
11146,ounwan_0063.png,0,0,3,koclip_svm
11147,ounwan_0063.png,1,2,3,koclip_svm
11148,ounwan_0063.png,1,2,3,koclip_svm
11149,ounwan_0063.png,1,1,3,koclip_svm
11150,ounwan_0063.png,1,1,3,koclip_svm
11151,ounwan_0063.png,2,2,3,koclip_svm
11152,ounwan_0063.png,0,1,3,koclip_svm
11153,ounwan_0063.png,1,1,3,koclip_svm
11277,ounwan_0079.png,2,3,3,koclip_svm
11278,ounwan_0079.png,4,4,3,koclip_svm
11279,ounwan_0079.png,2,2,3,koclip_svm
11303,ounwan_0082.png,1,2,3,koclip_svm
11304,ounwan_0082.png,4,2,3,koclip_svm
11305,ounwan_0082.png,2,2,3,koclip_svm
11306,ounwan_0082.png,3,3,3,koclip_svm
11318,ounwan_0088.png,4,0,3,koclip_svm
11319,ounwan_0088.png,3,1,3,koclip_svm
11320,ounwan_0088.png,2,1,3,koclip_svm
11321,ounwan_0088.png,0,1,3,koclip_svm
11322,ounwan_0088.png,3,4,3,koclip_svm
11323,ounwan_0088.png,4,1,3,koclip_svm
11324,ounwan_0088.png,0,0,3,koclip_svm
11325,ounwan_0088.png,0,0,3,koclip_svm
11326,ounwan_0088.png,1,1,3,koclip_svm
11507,dietfood_0021.png,0,1,3,koclip_svm
11508,dietfood_0021.png,0,1,3,koclip_svm
11509,dietfood_0021.png,0,4,3,koclip_svm
11510,dietfood_0021.png,2,2,3,koclip_svm
11511,dietfood_0021.png,2,2,3,koclip_svm
11512,dietfood_0021.png,0,4,3,koclip_svm
11519,dietfood_0025.png,4,3,3,koclip_svm
11520,dietfood_0025.png,4,3,3,koclip_svm
11521,dietfood_0025.png,4,4,3,koclip_svm
11522,dietfood_0025.png,4,3,3,koclip_svm
11523,dietfood_0025.png,3,3,3,koclip_svm
11524,dietfood_0025.png,4,3,3,koclip_svm
11525,dietfood_0025.png,4,3,3,koclip_svm
11526,dietfood_0025.png,2,3,3,koclip_svm
11527,dietfood_0025.png,3,2,3,koclip_svm
11528,dietfood_0025.png,4,3,3,koclip_svm
11582,dietfood_0033.png,4,3,3,koclip_svm
11583,dietfood_0033.png,3,4,3,koclip_svm
11584,dietfood_0033.png,3,3,3,koclip_svm
11585,dietfood_0033.png,2,3,3,koclip_svm
11586,dietfood_0033.png,4,2,3,koclip_svm
11587,dietfood_0033.png,2,3,3,koclip_svm
11588,dietfood_0033.png,4,3,3,koclip_svm
11589,dietfood_0033.png,3,3,3,koclip_svm
11590,dietfood_0033.png,3,3,3,koclip_svm
11591,dietfood_0033.png,2,3,3,koclip_svm
11615,dietfood_0036.png,4,4,3,koclip_svm
11616,dietfood_0036.png,2,3,3,koclip_svm
11617,dietfood_0036.png,3,3,3,koclip_svm
11618,dietfood_0036.png,2,2,3,koclip_svm
11619,dietfood_0036.png,2,3,3,koclip_svm
11620,dietfood_0036.png,2,3,3,koclip_svm
11621,dietfood_0036.png,1,1,3,koclip_svm
11622,dietfood_0036.png,1,2,3,koclip_svm
11623,dietfood_0036.png,1,2,3,koclip_svm
11624,dietfood_0036.png,2,2,3,koclip_svm
11625,dietfood_0036.png,1,2,3,koclip_svm
11680,dietfood_0052.png,3,4,3,koclip_svm
11681,dietfood_0052.png,4,4,3,koclip_svm
11682,dietfood_0052.png,4,3,3,koclip_svm
11683,dietfood_0052.png,3,3,3,koclip_svm
11684,dietfood_0052.png,2,4,3,koclip_svm
11685,dietfood_0052.png,3,4,3,koclip_svm
11686,dietfood_0052.png,2,2,3,koclip_svm
11687,dietfood_0052.png,0,4,3,koclip_svm
11801,dietfood_0069.png,2,3,3,koclip_svm
11802,dietfood_0069.png,4,4,3,koclip_svm
11803,dietfood_0069.png,4,4,3,koclip_svm
11804,dietfood_0069.png,1,3,3,koclip_svm
11805,dietfood_0069.png,2,3,3,koclip_svm
11869,dietfood_0078.png,4,4,3,koclip_svm
11870,dietfood_0078.png,4,4,3,koclip_svm
11871,dietfood_0078.png,4,4,3,koclip_svm
11872,dietfood_0078.png,3,4,3,koclip_svm
11911,dietfood_0085.png,4,0,3,koclip_svm
11912,dietfood_0085.png,4,0,3,koclip_svm
11913,dietfood_0085.png,3,3,3,koclip_svm
11914,dietfood_0085.png,3,3,3,koclip_svm
11915,dietfood_0085.png,3,3,3,koclip_svm
11955,dietfood_0093.png,4,3,3,koclip_svm
11956,dietfood_0093.png,4,2,3,koclip_svm
11957,dietfood_0093.png,3,4,3,koclip_svm
11958,dietfood_0093.png,2,3,3,koclip_svm
11959,dietfood_0093.png,3,3,3,koclip_svm
11960,dietfood_0093.png,2,4,3,koclip_svm
11961,dietfood_0093.png,4,3,3,koclip_svm
11962,dietfood_0093.png,3,3,3,koclip_svm
11963,dietfood_0093.png,3,4,3,koclip_svm
11964,dietfood_0093.png,3,4,3,koclip_svm
11965,dietfood_0093.png,3,3,3,koclip_svm
11966,dietfood_0093.png,2,2,3,koclip_svm
11967,dietfood_0093.png,1,2,3,koclip_svm
11968,dietfood_0093.png,1,4,3,koclip_svm
11969,dietfood_0093.png,3,1,3,koclip_svm
11970,dietfood_0093.png,3,2,3,koclip_svm
11971,dietfood_0093.png,3,1,3,koclip_svm
11972,dietfood_0093.png,2,3,3,koclip_svm
11973,dietfood_0093.png,2,4,3,koclip_svm
11974,dietfood_0093.png,4,4,3,koclip_svm
11975,dietfood_0093.png,2,4,3,koclip_svm
11980,dietfood_0095.png,0,3,3,koclip_svm
11981,dietfood_0095.png,3,3,3,koclip_svm
11982,dietfood_0095.png,4,3,3,koclip_svm
11983,dietfood_0095.png,4,1,3,koclip_svm
11989,dietfood_0097.png,4,3,3,koclip_svm
11990,dietfood_0097.png,3,3,3,koclip_svm
11991,dietfood_0097.png,4,4,3,koclip_svm
11992,dietfood_0097.png,4,4,3,koclip_svm
11993,dietfood_0097.png,4,4,3,koclip_svm
11994,dietfood_0097.png,4,4,3,koclip_svm
11995,dietfood_0097.png,4,4,3,koclip_svm
11996,dietfood_0097.png,3,3,3,koclip_svm
11997,dietfood_0097.png,4,2,3,koclip_svm
11998,dietfood_0097.png,4,4,3,koclip_svm
11999,dietfood_0097.png,3,3,3,koclip_svm
34,ai_0009.png,2,2,4,koclip_svm
35,ai_0009.png,3,1,4,koclip_svm
36,ai_0009.png,3,1,4,koclip_svm
37,ai_0009.png,2,0,4,koclip_svm
38,ai_0009.png,1,1,4,koclip_svm
39,ai_0009.png,2,1,4,koclip_svm
40,ai_0009.png,1,1,4,koclip_svm
41,ai_0009.png,4,0,4,koclip_svm
42,ai_0009.png,4,4,4,koclip_svm
43,ai_0009.png,3,1,4,koclip_svm
44,ai_0009.png,3,3,4,koclip_svm
157,ai_0018.png,4,4,4,koclip_svm
158,ai_0018.png,4,1,4,koclip_svm
159,ai_0018.png,4,2,4,koclip_svm
160,ai_0018.png,4,1,4,koclip_svm
161,ai_0018.png,3,4,4,koclip_svm
162,ai_0018.png,4,4,4,koclip_svm
163,ai_0018.png,4,4,4,koclip_svm
164,ai_0018.png,4,4,4,koclip_svm
165,ai_0018.png,1,1,4,koclip_svm
166,ai_0018.png,1,1,4,koclip_svm
167,ai_0018.png,2,2,4,koclip_svm
168,ai_0018.png,2,1,4,koclip_svm
169,ai_0018.png,2,2,4,koclip_svm
170,ai_0018.png,3,2,4,koclip_svm
171,ai_0018.png,4,4,4,koclip_svm
172,ai_0018.png,3,3,4,koclip_svm
173,ai_0018.png,2,4,4,koclip_svm
174,ai_0018.png,2,4,4,koclip_svm
175,ai_0018.png,3,2,4,koclip_svm
176,ai_0018.png,2,2,4,koclip_svm
177,ai_0018.png,4,1,4,koclip_svm
178,ai_0018.png,4,2,4,koclip_svm
179,ai_0018.png,4,1,4,koclip_svm
180,ai_0018.png,4,1,4,koclip_svm
181,ai_0018.png,3,2,4,koclip_svm
182,ai_0018.png,3,1,4,koclip_svm
183,ai_0018.png,3,2,4,koclip_svm
184,ai_0018.png,1,2,4,koclip_svm
185,ai_0018.png,3,1,4,koclip_svm
186,ai_0018.png,3,1,4,koclip_svm
263,domesticTravel_0007.png,3,2,4,koclip_svm
321,domesticTravel_0017.png,4,0,4,koclip_svm
322,domesticTravel_0017.png,4,4,4,koclip_svm
323,domesticTravel_0017.png,4,0,4,koclip_svm
324,domesticTravel_0020.png,2,2,4,koclip_svm
353,fall_0002.png,4,3,4,koclip_svm
354,fall_0002.png,1,1,4,koclip_svm
355,fall_0002.png,0,0,4,koclip_svm
356,fall_0002.png,1,1,4,koclip_svm
357,fall_0002.png,4,1,4,koclip_svm
358,fall_0002.png,4,4,4,koclip_svm
359,fall_0002.png,3,4,4,koclip_svm
360,fall_0002.png,2,2,4,koclip_svm
361,fall_0002.png,2,1,4,koclip_svm
362,fall_0002.png,1,1,4,koclip_svm
363,fall_0002.png,1,1,4,koclip_svm
364,fall_0002.png,3,4,4,koclip_svm
365,fall_0002.png,3,4,4,koclip_svm
366,fall_0002.png,1,1,4,koclip_svm
417,fall_0010.png,4,1,4,koclip_svm
418,fall_0010.png,1,1,4,koclip_svm
419,fall_0010.png,4,1,4,koclip_svm
420,fall_0010.png,4,1,4,koclip_svm
421,fall_0010.png,1,1,4,koclip_svm
422,fall_0010.png,1,1,4,koclip_svm
423,fall_0012.png,4,4,4,koclip_svm
424,fall_0012.png,2,2,4,koclip_svm
425,fall_0012.png,4,2,4,koclip_svm
426,fall_0012.png,1,4,4,koclip_svm
427,fall_0012.png,1,4,4,koclip_svm
428,fall_0012.png,1,3,4,koclip_svm
429,fall_0012.png,2,3,4,koclip_svm
430,fall_0012.png,1,2,4,koclip_svm
431,fall_0012.png,1,4,4,koclip_svm
432,fall_0012.png,3,2,4,koclip_svm
433,fall_0012.png,4,4,4,koclip_svm
434,fall_0012.png,2,2,4,koclip_svm
435,fall_0012.png,3,2,4,koclip_svm
436,fall_0012.png,1,3,4,koclip_svm
437,fall_0012.png,1,4,4,koclip_svm
438,fall_0012.png,2,2,4,koclip_svm
537,fall_0022.png,4,1,4,koclip_svm
538,fall_0022.png,3,1,4,koclip_svm
539,fall_0022.png,4,1,4,koclip_svm
540,fall_0022.png,4,4,4,koclip_svm
541,fall_0022.png,4,4,4,koclip_svm
542,fall_0022.png,3,3,4,koclip_svm
543,fall_0022.png,0,1,4,koclip_svm
544,fall_0022.png,3,3,4,koclip_svm
545,fall_0022.png,2,1,4,koclip_svm
546,fall_0022.png,3,1,4,koclip_svm
547,fall_0022.png,3,4,4,koclip_svm
548,fall_0022.png,3,4,4,koclip_svm
549,fall_0022.png,3,3,4,koclip_svm
550,fall_0022.png,3,2,4,koclip_svm
551,fall_0022.png,2,2,4,koclip_svm
552,fall_0022.png,2,3,4,koclip_svm
553,fall_0022.png,1,3,4,koclip_svm
554,fall_0022.png,1,1,4,koclip_svm
555,fall_0022.png,2,2,4,koclip_svm
556,fall_0022.png,3,3,4,koclip_svm
557,fall_0022.png,4,4,4,koclip_svm
558,fall_0022.png,2,0,4,koclip_svm
702,fashion_0021.png,1,1,4,koclip_svm
703,fashion_0021.png,1,4,4,koclip_svm
704,fashion_0021.png,3,2,4,koclip_svm
705,fashion_0021.png,2,1,4,koclip_svm
706,fashion_0021.png,2,1,4,koclip_svm
707,fashion_0021.png,0,1,4,koclip_svm
708,fashion_0021.png,0,1,4,koclip_svm
709,fashion_0021.png,3,4,4,koclip_svm
710,fashion_0021.png,2,4,4,koclip_svm
711,fashion_0021.png,2,3,4,koclip_svm
712,fashion_0021.png,4,4,4,koclip_svm
713,fashion_0021.png,3,3,4,koclip_svm
714,fashion_0021.png,2,1,4,koclip_svm
715,movie_0001.png,4,1,4,koclip_svm
716,movie_0001.png,4,1,4,koclip_svm
717,movie_0001.png,4,1,4,koclip_svm
718,movie_0001.png,4,4,4,koclip_svm
719,movie_0001.png,3,1,4,koclip_svm
720,movie_0001.png,2,1,4,koclip_svm
721,movie_0001.png,2,4,4,koclip_svm
722,movie_0001.png,1,1,4,koclip_svm
723,movie_0001.png,1,1,4,koclip_svm
724,movie_0001.png,4,1,4,koclip_svm
725,movie_0001.png,3,2,4,koclip_svm
753,movie_0005.png,4,1,4,koclip_svm
754,movie_0005.png,4,1,4,koclip_svm
755,movie_0005.png,4,1,4,koclip_svm
756,movie_0005.png,1,1,4,koclip_svm
757,movie_0005.png,2,2,4,koclip_svm
758,movie_0005.png,1,1,4,koclip_svm
759,movie_0005.png,1,1,4,koclip_svm
760,movie_0005.png,1,4,4,koclip_svm
761,movie_0005.png,1,1,4,koclip_svm
762,movie_0005.png,3,1,4,koclip_svm
782,movie_0010.png,4,1,4,koclip_svm
783,movie_0010.png,4,2,4,koclip_svm
784,movie_0010.png,4,2,4,koclip_svm
785,movie_0010.png,4,1,4,koclip_svm
786,movie_0010.png,3,2,4,koclip_svm
787,movie_0010.png,1,4,4,koclip_svm
788,movie_0010.png,3,2,4,koclip_svm
789,movie_0010.png,3,2,4,koclip_svm
790,movie_0010.png,3,2,4,koclip_svm
791,movie_0010.png,3,1,4,koclip_svm
792,movie_0010.png,4,1,4,koclip_svm
793,movie_0010.png,3,2,4,koclip_svm
805,movie_0014.png,4,1,4,koclip_svm
806,movie_0014.png,4,1,4,koclip_svm
807,movie_0014.png,1,1,4,koclip_svm
808,movie_0014.png,1,2,4,koclip_svm
809,movie_0014.png,2,2,4,koclip_svm
810,movie_0014.png,2,2,4,koclip_svm
811,movie_0014.png,4,3,4,koclip_svm
812,movie_0014.png,2,1,4,koclip_svm
888,movie_0021.png,1,1,4,koclip_svm
889,movie_0021.png,1,1,4,koclip_svm
890,movie_0021.png,1,1,4,koclip_svm
891,movie_0021.png,2,1,4,koclip_svm
892,movie_0021.png,4,1,4,koclip_svm
893,movie_0021.png,4,4,4,koclip_svm
894,movie_0021.png,3,1,4,koclip_svm
895,movie_0021.png,2,2,4,koclip_svm
896,movie_0021.png,1,1,4,koclip_svm
897,movie_0021.png,1,1,4,koclip_svm
898,movie_0021.png,4,1,4,koclip_svm
899,movie_0021.png,4,1,4,koclip_svm
900,movie_0021.png,3,2,4,koclip_svm
901,movie_0021.png,3,1,4,koclip_svm
902,movie_0021.png,3,2,4,koclip_svm
903,movie_0021.png,1,2,4,koclip_svm
904,movie_0021.png,1,1,4,koclip_svm
905,movie_0021.png,1,1,4,koclip_svm
906,movie_0021.png,4,4,4,koclip_svm
907,movie_0021.png,4,4,4,koclip_svm
908,movie_0021.png,2,1,4,koclip_svm
909,movie_0021.png,1,1,4,koclip_svm
910,movie_0021.png,1,2,4,koclip_svm
911,movie_0021.png,2,1,4,koclip_svm
912,movie_0021.png,1,1,4,koclip_svm
913,movie_0021.png,1,1,4,koclip_svm
914,movie_0021.png,1,1,4,koclip_svm
915,movie_0021.png,1,1,4,koclip_svm
916,movie_0021.png,4,2,4,koclip_svm
917,movie_0021.png,0,0,4,koclip_svm
935,olive_0002.png,1,1,4,koclip_svm
936,olive_0002.png,1,2,4,koclip_svm
937,olive_0002.png,2,2,4,koclip_svm
938,olive_0002.png,1,1,4,koclip_svm
939,olive_0002.png,1,1,4,koclip_svm
940,olive_0002.png,0,4,4,koclip_svm
941,olive_0002.png,0,4,4,koclip_svm
942,olive_0002.png,0,4,4,koclip_svm
943,olive_0002.png,2,2,4,koclip_svm
944,olive_0002.png,2,2,4,koclip_svm
945,olive_0002.png,0,4,4,koclip_svm
946,olive_0002.png,2,2,4,koclip_svm
947,olive_0002.png,3,2,4,koclip_svm
1068,olive_0019.png,4,4,4,koclip_svm
1170,restaurant_0011.png,1,1,4,koclip_svm
1171,restaurant_0011.png,2,1,4,koclip_svm
1172,restaurant_0011.png,3,2,4,koclip_svm
1173,restaurant_0011.png,4,4,4,koclip_svm
1174,restaurant_0011.png,4,4,4,koclip_svm
1175,restaurant_0011.png,2,3,4,koclip_svm
1176,restaurant_0011.png,3,3,4,koclip_svm
1380,zerokal_0005.png,0,0,4,koclip_svm
1381,zerokal_0005.png,4,4,4,koclip_svm
1382,zerokal_0005.png,4,4,4,koclip_svm
1383,zerokal_0005.png,1,1,4,koclip_svm
1384,zerokal_0005.png,1,1,4,koclip_svm
1385,zerokal_0005.png,2,1,4,koclip_svm
1386,zerokal_0005.png,0,0,4,koclip_svm
1387,zerokal_0005.png,1,0,4,koclip_svm
1388,zerokal_0005.png,4,4,4,koclip_svm
1389,zerokal_0005.png,4,4,4,koclip_svm
1390,zerokal_0006.png,1,1,4,koclip_svm
1391,zerokal_0006.png,4,1,4,koclip_svm
1392,zerokal_0006.png,4,4,4,koclip_svm
1393,zerokal_0006.png,1,1,4,koclip_svm
1394,zerokal_0006.png,4,4,4,koclip_svm
1395,zerokal_0006.png,1,3,4,koclip_svm
1396,zerokal_0006.png,1,1,4,koclip_svm
1397,zerokal_0006.png,1,1,4,koclip_svm
1398,zerokal_0006.png,1,1,4,koclip_svm
1399,zerokal_0006.png,1,1,4,koclip_svm
1400,zerokal_0006.png,1,1,4,koclip_svm
1401,zerokal_0006.png,1,1,4,koclip_svm
1402,zerokal_0006.png,3,4,4,koclip_svm
1403,zerokal_0006.png,3,3,4,koclip_svm
1404,zerokal_0006.png,1,1,4,koclip_svm
1405,zerokal_0006.png,1,4,4,koclip_svm
1406,zerokal_0006.png,2,3,4,koclip_svm
1407,zerokal_0006.png,4,4,4,koclip_svm
1435,zerokal_0010.png,2,1,4,koclip_svm
1436,zerokal_0010.png,4,1,4,koclip_svm
1578,travelgram_0017.png,4,3,4,koclip_svm
1579,travelgram_0017.png,4,3,4,koclip_svm
1580,travelgram_0017.png,4,4,4,koclip_svm
1581,travelgram_0017.png,4,4,4,koclip_svm
1582,travelgram_0017.png,4,4,4,koclip_svm
1630,travelgram_0025.png,2,2,4,koclip_svm
1631,travelgram_0025.png,4,1,4,koclip_svm
1632,travelgram_0025.png,0,4,4,koclip_svm
1633,travelgram_0025.png,0,4,4,koclip_svm
1639,travelgram_0033.png,2,3,4,koclip_svm
1640,travelgram_0033.png,4,1,4,koclip_svm
1641,travelgram_0033.png,3,1,4,koclip_svm
1642,travelgram_0033.png,4,4,4,koclip_svm
1692,travelgram_0054.png,1,4,4,koclip_svm
1693,travelgram_0054.png,2,4,4,koclip_svm
1694,travelgram_0054.png,2,4,4,koclip_svm
1737,travelgram_0064.png,4,0,4,koclip_svm
1738,travelgram_0064.png,3,3,4,koclip_svm
1739,travelgram_0064.png,3,3,4,koclip_svm
1740,travelgram_0064.png,4,0,4,koclip_svm
1744,travelgram_0068.png,4,4,4,koclip_svm
1745,travelgram_0068.png,4,4,4,koclip_svm
1762,travelgram_0071.png,0,2,4,koclip_svm
1763,travelgram_0071.png,0,4,4,koclip_svm
1764,travelgram_0071.png,0,4,4,koclip_svm
1765,travelgram_0071.png,0,4,4,koclip_svm
1766,travelgram_0071.png,1,2,4,koclip_svm
1778,travelgram_0081.png,1,4,4,koclip_svm
1779,travelgram_0081.png,1,4,4,koclip_svm
1780,travelgram_0081.png,0,2,4,koclip_svm
1781,travelgram_0081.png,2,3,4,koclip_svm
1782,travelgram_0081.png,2,3,4,koclip_svm
1783,travelgram_0081.png,1,1,4,koclip_svm
1784,travelgram_0081.png,1,2,4,koclip_svm
1785,travelgram_0081.png,1,3,4,koclip_svm
1786,travelgram_0081.png,2,2,4,koclip_svm
1787,travelgram_0081.png,2,3,4,koclip_svm
1788,travelgram_0082.png,4,4,4,koclip_svm
1789,travelgram_0082.png,4,3,4,koclip_svm
1790,travelgram_0082.png,3,4,4,koclip_svm
1791,travelgram_0082.png,3,3,4,koclip_svm
1792,travelgram_0082.png,3,3,4,koclip_svm
1793,travelgram_0082.png,3,3,4,koclip_svm
1794,travelgram_0082.png,3,3,4,koclip_svm
1795,travelgram_0082.png,2,2,4,koclip_svm
1796,travelgram_0082.png,3,3,4,koclip_svm
1797,travelgram_0082.png,2,3,4,koclip_svm
1798,travelgram_0082.png,2,2,4,koclip_svm
1799,travelgram_0082.png,3,4,4,koclip_svm
1800,travelgram_0082.png,2,3,4,koclip_svm
1801,travelgram_0082.png,1,1,4,koclip_svm
1802,travelgram_0082.png,1,3,4,koclip_svm
1803,travelgram_0082.png,1,3,4,koclip_svm
1804,travelgram_0082.png,1,4,4,koclip_svm
1805,travelgram_0082.png,1,1,4,koclip_svm
1806,travelgram_0082.png,2,4,4,koclip_svm
1807,travelgram_0082.png,2,4,4,koclip_svm
1808,travelgram_0082.png,2,4,4,koclip_svm
1809,travelgram_0082.png,2,3,4,koclip_svm
1810,travelgram_0082.png,2,1,4,koclip_svm
1811,travelgram_0082.png,1,1,4,koclip_svm
1812,travelgram_0082.png,1,1,4,koclip_svm
1813,travelgram_0082.png,1,1,4,koclip_svm
1814,travelgram_0082.png,1,1,4,koclip_svm
1815,travelgram_0082.png,0,1,4,koclip_svm
1816,travelgram_0082.png,2,2,4,koclip_svm
1854,travelgram_0092.png,3,1,4,koclip_svm
1855,travelgram_0092.png,3,3,4,koclip_svm
1856,travelgram_0092.png,4,3,4,koclip_svm
1867,travelgram_0098.png,3,1,4,koclip_svm
1868,travelgram_0098.png,3,1,4,koclip_svm
1869,travelgram_0100.png,3,3,4,koclip_svm
1870,travelgram_0100.png,3,3,4,koclip_svm
1871,travelgram_0100.png,4,3,4,koclip_svm
1872,travelgram_0100.png,3,3,4,koclip_svm
1873,travelgram_0100.png,2,3,4,koclip_svm
1905,solotravel_0012.png,3,1,4,koclip_svm
1906,solotravel_0012.png,3,3,4,koclip_svm
1907,solotravel_0012.png,2,3,4,koclip_svm
1908,solotravel_0012.png,2,4,4,koclip_svm
1909,solotravel_0012.png,1,1,4,koclip_svm
1920,solotravel_0020.png,4,2,4,koclip_svm
1921,solotravel_0020.png,4,2,4,koclip_svm
1922,solotravel_0020.png,4,3,4,koclip_svm
1923,solotravel_0020.png,4,2,4,koclip_svm
1924,solotravel_0020.png,2,2,4,koclip_svm
1985,solotravel_0040.png,1,4,4,koclip_svm
1986,solotravel_0040.png,2,1,4,koclip_svm
1987,solotravel_0040.png,3,2,4,koclip_svm
1988,solotravel_0040.png,2,3,4,koclip_svm
1989,solotravel_0040.png,1,3,4,koclip_svm
1990,solotravel_0040.png,3,2,4,koclip_svm
1991,solotravel_0040.png,4,2,4,koclip_svm
1992,solotravel_0040.png,1,4,4,koclip_svm
2027,solotravel_0047.png,3,4,4,koclip_svm
2028,solotravel_0047.png,4,4,4,koclip_svm
2029,solotravel_0047.png,1,4,4,koclip_svm
2030,solotravel_0047.png,2,4,4,koclip_svm
2031,solotravel_0047.png,1,4,4,koclip_svm
2032,solotravel_0047.png,1,4,4,koclip_svm
2033,solotravel_0047.png,2,2,4,koclip_svm
2034,solotravel_0047.png,2,2,4,koclip_svm
2035,solotravel_0047.png,0,1,4,koclip_svm
2036,solotravel_0047.png,0,2,4,koclip_svm
2037,solotravel_0047.png,0,1,4,koclip_svm
2038,solotravel_0048.png,4,4,4,koclip_svm
2039,solotravel_0048.png,4,4,4,koclip_svm
2040,solotravel_0048.png,4,4,4,koclip_svm
2041,solotravel_0048.png,3,3,4,koclip_svm
2042,solotravel_0048.png,3,4,4,koclip_svm
2043,solotravel_0048.png,4,4,4,koclip_svm
2044,solotravel_0048.png,2,4,4,koclip_svm
2045,solotravel_0048.png,4,4,4,koclip_svm
2046,solotravel_0048.png,4,4,4,koclip_svm
2047,solotravel_0048.png,3,4,4,koclip_svm
2048,solotravel_0048.png,3,3,4,koclip_svm
2049,solotravel_0048.png,3,3,4,koclip_svm
2050,solotravel_0048.png,4,4,4,koclip_svm
2051,solotravel_0048.png,1,2,4,koclip_svm
2140,solotravel_0069.png,4,3,4,koclip_svm
2141,solotravel_0069.png,3,3,4,koclip_svm
2142,solotravel_0069.png,4,4,4,koclip_svm
2143,solotravel_0069.png,0,4,4,koclip_svm
2144,solotravel_0069.png,0,4,4,koclip_svm
2145,solotravel_0069.png,0,4,4,koclip_svm
2146,solotravel_0069.png,1,1,4,koclip_svm
2147,solotravel_0069.png,0,4,4,koclip_svm
2148,solotravel_0069.png,1,1,4,koclip_svm
2149,solotravel_0069.png,0,4,4,koclip_svm
2150,solotravel_0069.png,0,4,4,koclip_svm
2151,solotravel_0070.png,1,4,4,koclip_svm
2152,solotravel_0070.png,4,4,4,koclip_svm
2153,solotravel_0070.png,4,4,4,koclip_svm
2176,solotravel_0076.png,4,4,4,koclip_svm
2177,solotravel_0076.png,4,4,4,koclip_svm
2178,solotravel_0076.png,4,3,4,koclip_svm
2204,solotravel_0084.png,3,1,4,koclip_svm
2205,solotravel_0084.png,4,1,4,koclip_svm
2206,solotravel_0084.png,3,1,4,koclip_svm
2207,solotravel_0084.png,3,3,4,koclip_svm
2208,solotravel_0084.png,4,4,4,koclip_svm
2236,solotravel_0096.png,4,4,4,koclip_svm
2237,solotravel_0096.png,4,4,4,koclip_svm
2238,solotravel_0096.png,3,1,4,koclip_svm
2239,solotravel_0096.png,1,4,4,koclip_svm
2240,solotravel_0096.png,2,2,4,koclip_svm
2253,travel_0002.png,4,4,4,koclip_svm
2254,travel_0002.png,4,4,4,koclip_svm
2255,travel_0002.png,3,4,4,koclip_svm
2256,travel_0002.png,1,1,4,koclip_svm
2257,travel_0002.png,3,4,4,koclip_svm
2268,travel_0005.png,4,4,4,koclip_svm
2269,travel_0005.png,0,4,4,koclip_svm
2270,travel_0005.png,0,1,4,koclip_svm
2271,travel_0005.png,1,1,4,koclip_svm
2272,travel_0005.png,3,1,4,koclip_svm
2273,travel_0005.png,3,3,4,koclip_svm
2274,travel_0005.png,1,1,4,koclip_svm
2275,travel_0005.png,0,4,4,koclip_svm
2276,travel_0005.png,1,2,4,koclip_svm
2277,travel_0005.png,1,3,4,koclip_svm
2278,travel_0005.png,0,1,4,koclip_svm
2281,travel_0009.png,4,3,4,koclip_svm
2282,travel_0009.png,3,3,4,koclip_svm
2283,travel_0009.png,3,2,4,koclip_svm
2284,travel_0009.png,3,2,4,koclip_svm
2416,travel_0047.png,0,4,4,koclip_svm
2417,travel_0047.png,4,3,4,koclip_svm
2418,travel_0047.png,3,2,4,koclip_svm
2419,travel_0047.png,1,4,4,koclip_svm
2420,travel_0047.png,2,3,4,koclip_svm
2436,travel_0050.png,4,2,4,koclip_svm
2437,travel_0050.png,3,3,4,koclip_svm
2438,travel_0050.png,2,2,4,koclip_svm
2439,travel_0050.png,2,2,4,koclip_svm
2440,travel_0050.png,3,3,4,koclip_svm
2441,travel_0051.png,4,4,4,koclip_svm
2442,travel_0051.png,4,1,4,koclip_svm
2443,travel_0051.png,4,1,4,koclip_svm
2444,travel_0051.png,3,2,4,koclip_svm
2445,travel_0051.png,2,2,4,koclip_svm
2446,travel_0051.png,4,2,4,koclip_svm
2447,travel_0051.png,3,1,4,koclip_svm
2448,travel_0051.png,3,3,4,koclip_svm
2449,travel_0051.png,4,4,4,koclip_svm
2450,travel_0051.png,4,3,4,koclip_svm
2451,travel_0051.png,1,2,4,koclip_svm
2452,travel_0051.png,2,2,4,koclip_svm
2453,travel_0051.png,3,2,4,koclip_svm
2454,travel_0051.png,1,2,4,koclip_svm
2455,travel_0051.png,4,4,4,koclip_svm
2456,travel_0051.png,3,4,4,koclip_svm
2457,travel_0051.png,4,1,4,koclip_svm
2458,travel_0051.png,4,1,4,koclip_svm
2459,travel_0051.png,4,4,4,koclip_svm
2460,travel_0051.png,3,2,4,koclip_svm
2461,travel_0053.png,1,0,4,koclip_svm
2462,travel_0053.png,3,3,4,koclip_svm
2463,travel_0053.png,1,3,4,koclip_svm
2464,travel_0053.png,1,0,4,koclip_svm
2465,travel_0053.png,2,3,4,koclip_svm
2466,travel_0053.png,1,1,4,koclip_svm
2467,travel_0053.png,1,3,4,koclip_svm
2468,travel_0056.png,1,1,4,koclip_svm
2469,travel_0056.png,3,4,4,koclip_svm
2470,travel_0056.png,2,4,4,koclip_svm
2471,travel_0056.png,0,4,4,koclip_svm
2472,travel_0056.png,0,1,4,koclip_svm
2486,travel_0061.png,0,4,4,koclip_svm
2487,travel_0061.png,0,4,4,koclip_svm
2488,travel_0061.png,1,1,4,koclip_svm
2489,travel_0061.png,0,4,4,koclip_svm
2490,travel_0061.png,0,4,4,koclip_svm
2491,travel_0061.png,1,1,4,koclip_svm
2492,travel_0061.png,0,4,4,koclip_svm
2493,travel_0061.png,1,1,4,koclip_svm
2494,travel_0061.png,0,1,4,koclip_svm
2495,travel_0061.png,3,3,4,koclip_svm
2496,travel_0061.png,1,1,4,koclip_svm
2497,travel_0061.png,0,4,4,koclip_svm
2498,travel_0061.png,0,3,4,koclip_svm
2499,travel_0061.png,0,4,4,koclip_svm
2500,travel_0061.png,0,4,4,koclip_svm
2501,travel_0061.png,0,4,4,koclip_svm
2502,travel_0061.png,0,4,4,koclip_svm
2503,travel_0061.png,0,4,4,koclip_svm
2504,travel_0061.png,0,4,4,koclip_svm
2505,travel_0061.png,0,4,4,koclip_svm
2506,travel_0061.png,1,1,4,koclip_svm
2507,travel_0061.png,0,1,4,koclip_svm
2508,travel_0061.png,2,3,4,koclip_svm
2509,travel_0061.png,2,3,4,koclip_svm
2510,travel_0061.png,1,1,4,koclip_svm
2511,travel_0061.png,1,3,4,koclip_svm
2563,travel_0076.png,3,2,4,koclip_svm
2564,travel_0076.png,2,2,4,koclip_svm
2565,travel_0076.png,4,2,4,koclip_svm
2566,travel_0076.png,3,2,4,koclip_svm
2567,travel_0076.png,4,3,4,koclip_svm
2568,travel_0076.png,2,2,4,koclip_svm
2569,travel_0076.png,4,1,4,koclip_svm
2570,travel_0076.png,1,1,4,koclip_svm
2571,travel_0076.png,4,3,4,koclip_svm
2572,travel_0076.png,2,2,4,koclip_svm
2573,travel_0076.png,2,2,4,koclip_svm
2574,travel_0076.png,1,2,4,koclip_svm
2575,travel_0076.png,2,3,4,koclip_svm
2576,travel_0076.png,4,3,4,koclip_svm
2587,travel_0079.png,4,4,4,koclip_svm
2588,travel_0079.png,3,3,4,koclip_svm
2589,travel_0079.png,4,4,4,koclip_svm
2590,travel_0079.png,0,1,4,koclip_svm
2604,travel_0085.png,4,3,4,koclip_svm
2605,travel_0085.png,4,4,4,koclip_svm
2606,travel_0085.png,2,1,4,koclip_svm
2607,travel_0085.png,0,1,4,koclip_svm
2608,travel_0085.png,1,3,4,koclip_svm
2612,travel_0087.png,3,3,4,koclip_svm
2613,travel_0087.png,2,2,4,koclip_svm
2614,travel_0087.png,3,2,4,koclip_svm
2615,travel_0087.png,1,2,4,koclip_svm
2616,travel_0087.png,2,2,4,koclip_svm
2617,travel_0090.png,0,0,4,koclip_svm
2618,travel_0090.png,4,3,4,koclip_svm
2619,travel_0090.png,3,2,4,koclip_svm
2620,travel_0090.png,3,2,4,koclip_svm
2621,travel_0090.png,2,2,4,koclip_svm
2622,travel_0090.png,4,1,4,koclip_svm
2623,travel_0090.png,4,1,4,koclip_svm
2624,travel_0090.png,0,1,4,koclip_svm
2732,foodstagram_0019.png,1,2,4,koclip_svm
2834,foodstagram_0035.png,4,4,4,koclip_svm
2835,foodstagram_0035.png,4,4,4,koclip_svm
2836,foodstagram_0035.png,4,4,4,koclip_svm
2837,foodstagram_0035.png,3,3,4,koclip_svm
2838,foodstagram_0035.png,3,3,4,koclip_svm
2852,foodstagram_0041.png,3,1,4,koclip_svm
2853,foodstagram_0041.png,2,1,4,koclip_svm
2854,foodstagram_0041.png,4,0,4,koclip_svm
2855,foodstagram_0041.png,4,4,4,koclip_svm
2856,foodstagram_0041.png,3,3,4,koclip_svm
2858,foodstagram_0044.png,4,4,4,koclip_svm
2859,foodstagram_0044.png,3,3,4,koclip_svm
2860,foodstagram_0044.png,4,3,4,koclip_svm
2861,foodstagram_0044.png,4,3,4,koclip_svm
2862,foodstagram_0044.png,1,4,4,koclip_svm
2888,foodstagram_0056.png,4,0,4,koclip_svm
2889,foodstagram_0056.png,4,4,4,koclip_svm
2890,foodstagram_0056.png,4,3,4,koclip_svm
2891,foodstagram_0056.png,1,4,4,koclip_svm
2892,foodstagram_0056.png,4,4,4,koclip_svm
2893,foodstagram_0056.png,1,4,4,koclip_svm
2931,foodstagram_0061.png,4,4,4,koclip_svm
2932,foodstagram_0061.png,4,4,4,koclip_svm
2933,foodstagram_0061.png,1,0,4,koclip_svm
2934,foodstagram_0061.png,1,0,4,koclip_svm
3004,foodstagram_0072.png,4,1,4,koclip_svm
3005,foodstagram_0072.png,4,1,4,koclip_svm
3006,foodstagram_0072.png,4,4,4,koclip_svm
3007,foodstagram_0072.png,3,3,4,koclip_svm
3014,foodstagram_0074.png,4,4,4,koclip_svm
3015,foodstagram_0074.png,3,3,4,koclip_svm
3016,foodstagram_0074.png,4,4,4,koclip_svm
3017,foodstagram_0074.png,4,3,4,koclip_svm
3018,foodstagram_0074.png,4,4,4,koclip_svm
3030,foodstagram_0081.png,3,2,4,koclip_svm
3031,foodstagram_0081.png,4,4,4,koclip_svm
3051,foodstagram_0089.png,4,2,4,koclip_svm
3057,foodstagram_0092.png,4,1,4,koclip_svm
3058,foodstagram_0092.png,4,4,4,koclip_svm
3059,foodstagram_0092.png,4,0,4,koclip_svm
3060,foodstagram_0092.png,4,4,4,koclip_svm
3061,foodstagram_0092.png,2,1,4,koclip_svm
3170,meokstagram_0010.png,4,4,4,koclip_svm
3171,meokstagram_0010.png,3,4,4,koclip_svm
3172,meokstagram_0011.png,4,3,4,koclip_svm
3173,meokstagram_0011.png,4,4,4,koclip_svm
3174,meokstagram_0011.png,3,3,4,koclip_svm
3175,meokstagram_0011.png,3,3,4,koclip_svm
3176,meokstagram_0011.png,4,4,4,koclip_svm
3177,meokstagram_0011.png,4,4,4,koclip_svm
3178,meokstagram_0011.png,2,4,4,koclip_svm
3200,meokstagram_0017.png,4,4,4,koclip_svm
3201,meokstagram_0017.png,4,4,4,koclip_svm
3202,meokstagram_0018.png,4,2,4,koclip_svm
3203,meokstagram_0018.png,4,1,4,koclip_svm
3204,meokstagram_0018.png,4,2,4,koclip_svm
3205,meokstagram_0018.png,4,1,4,koclip_svm
3206,meokstagram_0018.png,3,3,4,koclip_svm
3207,meokstagram_0018.png,4,1,4,koclip_svm
3208,meokstagram_0018.png,4,3,4,koclip_svm
3209,meokstagram_0018.png,4,1,4,koclip_svm
3210,meokstagram_0018.png,4,3,4,koclip_svm
3211,meokstagram_0018.png,4,2,4,koclip_svm
3212,meokstagram_0018.png,4,4,4,koclip_svm
3213,meokstagram_0018.png,4,1,4,koclip_svm
3214,meokstagram_0018.png,4,3,4,koclip_svm
3215,meokstagram_0018.png,4,4,4,koclip_svm
3216,meokstagram_0018.png,1,4,4,koclip_svm
3217,meokstagram_0018.png,1,4,4,koclip_svm
3218,meokstagram_0018.png,3,1,4,koclip_svm
3219,meokstagram_0018.png,3,4,4,koclip_svm
3220,meokstagram_0018.png,4,3,4,koclip_svm
3221,meokstagram_0018.png,4,3,4,koclip_svm
3222,meokstagram_0018.png,4,1,4,koclip_svm
3223,meokstagram_0018.png,4,1,4,koclip_svm
3224,meokstagram_0018.png,1,4,4,koclip_svm
3225,meokstagram_0018.png,4,2,4,koclip_svm
3226,meokstagram_0018.png,4,1,4,koclip_svm
3227,meokstagram_0018.png,1,4,4,koclip_svm
3228,meokstagram_0018.png,1,4,4,koclip_svm
3247,meokstagram_0026.png,4,3,4,koclip_svm
3286,meokstagram_0035.png,4,3,4,koclip_svm
3287,meokstagram_0035.png,3,4,4,koclip_svm
3288,meokstagram_0035.png,4,4,4,koclip_svm
3289,meokstagram_0035.png,3,4,4,koclip_svm
3290,meokstagram_0035.png,4,1,4,koclip_svm
3295,meokstagram_0040.png,4,3,4,koclip_svm
3296,meokstagram_0040.png,4,1,4,koclip_svm
3297,meokstagram_0040.png,3,1,4,koclip_svm
3298,meokstagram_0040.png,3,1,4,koclip_svm
3299,meokstagram_0040.png,3,2,4,koclip_svm
3300,meokstagram_0040.png,4,3,4,koclip_svm
3301,meokstagram_0040.png,4,3,4,koclip_svm
3314,meokstagram_0043.png,4,2,4,koclip_svm
3315,meokstagram_0043.png,4,4,4,koclip_svm
3339,meokstagram_0046.png,1,0,4,koclip_svm
3340,meokstagram_0046.png,4,3,4,koclip_svm
3341,meokstagram_0046.png,3,3,4,koclip_svm
3342,meokstagram_0046.png,3,3,4,koclip_svm
3343,meokstagram_0046.png,0,0,4,koclip_svm
3473,meokstagram_0066.png,4,1,4,koclip_svm
3474,meokstagram_0066.png,2,3,4,koclip_svm
3475,meokstagram_0066.png,3,1,4,koclip_svm
3476,meokstagram_0066.png,3,1,4,koclip_svm
3477,meokstagram_0067.png,4,4,4,koclip_svm
3478,meokstagram_0067.png,3,4,4,koclip_svm
3479,meokstagram_0067.png,4,3,4,koclip_svm
3480,meokstagram_0067.png,2,1,4,koclip_svm
3481,meokstagram_0067.png,2,1,4,koclip_svm
3506,meokstagram_0072.png,1,4,4,koclip_svm
3507,meokstagram_0072.png,4,1,4,koclip_svm
3508,meokstagram_0072.png,3,3,4,koclip_svm
3509,meokstagram_0072.png,3,3,4,koclip_svm
3510,meokstagram_0072.png,1,0,4,koclip_svm
3511,meokstagram_0072.png,1,1,4,koclip_svm
3512,meokstagram_0072.png,2,1,4,koclip_svm
3513,meokstagram_0072.png,1,1,4,koclip_svm
3514,meokstagram_0072.png,1,3,4,koclip_svm
3515,meokstagram_0072.png,4,3,4,koclip_svm
3516,meokstagram_0072.png,3,3,4,koclip_svm
3517,meokstagram_0072.png,3,1,4,koclip_svm
3518,meokstagram_0072.png,1,1,4,koclip_svm
3519,meokstagram_0072.png,1,1,4,koclip_svm
3520,meokstagram_0072.png,0,0,4,koclip_svm
3521,meokstagram_0072.png,1,1,4,koclip_svm
3522,meokstagram_0072.png,1,1,4,koclip_svm
3523,meokstagram_0072.png,1,0,4,koclip_svm
3524,meokstagram_0072.png,3,3,4,koclip_svm
3525,meokstagram_0072.png,4,3,4,koclip_svm
3526,meokstagram_0072.png,3,3,4,koclip_svm
3527,meokstagram_0072.png,3,3,4,koclip_svm
3528,meokstagram_0072.png,4,1,4,koclip_svm
3548,meokstagram_0074.png,3,4,4,koclip_svm
3549,meokstagram_0074.png,1,4,4,koclip_svm
3550,meokstagram_0074.png,3,4,4,koclip_svm
3551,meokstagram_0074.png,4,4,4,koclip_svm
3552,meokstagram_0074.png,4,4,4,koclip_svm
3554,meokstagram_0077.png,4,3,4,koclip_svm
3555,meokstagram_0077.png,3,3,4,koclip_svm
3556,meokstagram_0077.png,2,3,4,koclip_svm
3557,meokstagram_0077.png,2,3,4,koclip_svm
3558,meokstagram_0077.png,3,3,4,koclip_svm
3559,meokstagram_0077.png,3,3,4,koclip_svm
3560,meokstagram_0079.png,1,3,4,koclip_svm
3561,meokstagram_0079.png,0,3,4,koclip_svm
3562,meokstagram_0079.png,0,0,4,koclip_svm
3563,meokstagram_0080.png,4,4,4,koclip_svm
3564,meokstagram_0080.png,4,4,4,koclip_svm
3565,meokstagram_0080.png,3,3,4,koclip_svm
3566,meokstagram_0080.png,3,3,4,koclip_svm
3567,meokstagram_0080.png,2,3,4,koclip_svm
3590,meokstagram_0091.png,1,4,4,koclip_svm
3591,meokstagram_0091.png,3,3,4,koclip_svm
3592,meokstagram_0091.png,0,3,4,koclip_svm
3593,meokstagram_0091.png,1,3,4,koclip_svm
3594,meokstagram_0091.png,4,4,4,koclip_svm
3595,meokstagram_0091.png,2,3,4,koclip_svm
3596,meokstagram_0091.png,3,3,4,koclip_svm
3615,meokstagram_0097.png,3,3,4,koclip_svm
3616,meokstagram_0097.png,1,4,4,koclip_svm
3617,meokstagram_0097.png,4,1,4,koclip_svm
3623,meokstagram_0099.png,4,4,4,koclip_svm
3624,meokstagram_0099.png,1,4,4,koclip_svm
3625,meokstagram_0099.png,2,2,4,koclip_svm
3626,meokstagram_0099.png,3,3,4,koclip_svm
3627,meokstagram_0099.png,2,4,4,koclip_svm
3633,jmt_0002.png,4,4,4,koclip_svm
3634,jmt_0002.png,3,0,4,koclip_svm
3635,jmt_0002.png,1,3,4,koclip_svm
3636,jmt_0002.png,2,2,4,koclip_svm
3637,jmt_0002.png,1,3,4,koclip_svm
3643,jmt_0004.png,4,4,4,koclip_svm
3644,jmt_0004.png,4,4,4,koclip_svm
3645,jmt_0004.png,1,3,4,koclip_svm
3646,jmt_0004.png,4,4,4,koclip_svm
3647,jmt_0004.png,2,1,4,koclip_svm
3663,jmt_0012.png,4,2,4,koclip_svm
3664,jmt_0012.png,3,3,4,koclip_svm
3665,jmt_0012.png,2,2,4,koclip_svm
3666,jmt_0012.png,1,1,4,koclip_svm
3667,jmt_0012.png,1,3,4,koclip_svm
3673,jmt_0014.png,1,1,4,koclip_svm
3674,jmt_0014.png,4,3,4,koclip_svm
3675,jmt_0014.png,4,4,4,koclip_svm
3676,jmt_0014.png,1,3,4,koclip_svm
3677,jmt_0014.png,1,1,4,koclip_svm
3684,jmt_0017.png,4,4,4,koclip_svm
3688,jmt_0020.png,1,1,4,koclip_svm
3689,jmt_0020.png,2,1,4,koclip_svm
3690,jmt_0020.png,0,3,4,koclip_svm
3691,jmt_0020.png,4,4,4,koclip_svm
3692,jmt_0020.png,4,4,4,koclip_svm
3693,jmt_0020.png,1,0,4,koclip_svm
3694,jmt_0020.png,2,3,4,koclip_svm
3695,jmt_0020.png,2,2,4,koclip_svm
3696,jmt_0022.png,4,1,4,koclip_svm
3697,jmt_0022.png,4,1,4,koclip_svm
3698,jmt_0022.png,3,3,4,koclip_svm
3732,jmt_0035.png,3,1,4,koclip_svm
3733,jmt_0035.png,4,4,4,koclip_svm
3734,jmt_0036.png,4,1,4,koclip_svm
3783,jmt_0054.png,4,2,4,koclip_svm
3784,jmt_0054.png,2,4,4,koclip_svm
3785,jmt_0054.png,0,2,4,koclip_svm
3786,jmt_0054.png,1,2,4,koclip_svm
3787,jmt_0054.png,1,1,4,koclip_svm
3788,jmt_0054.png,1,1,4,koclip_svm
3789,jmt_0054.png,2,1,4,koclip_svm
3790,jmt_0054.png,4,1,4,koclip_svm
3791,jmt_0054.png,4,4,4,koclip_svm
3830,jmt_0071.png,1,3,4,koclip_svm
3831,jmt_0071.png,4,3,4,koclip_svm
3832,jmt_0071.png,4,3,4,koclip_svm
3833,jmt_0071.png,4,1,4,koclip_svm
3834,jmt_0071.png,3,3,4,koclip_svm
3860,jmt_0073.png,4,4,4,koclip_svm
3861,jmt_0074.png,4,0,4,koclip_svm
3862,jmt_0074.png,3,2,4,koclip_svm
3863,jmt_0074.png,2,2,4,koclip_svm
3864,jmt_0074.png,1,2,4,koclip_svm
3865,jmt_0074.png,3,3,4,koclip_svm
3885,jmt_0080.png,4,4,4,koclip_svm
3896,jmt_0085.png,0,0,4,koclip_svm
3897,jmt_0085.png,4,0,4,koclip_svm
3898,jmt_0085.png,3,0,4,koclip_svm
3899,jmt_0085.png,1,1,4,koclip_svm
3900,jmt_0085.png,0,0,4,koclip_svm
3932,jmt_0095.png,1,4,4,koclip_svm
3933,jmt_0095.png,2,3,4,koclip_svm
3934,jmt_0095.png,3,3,4,koclip_svm
3935,jmt_0095.png,4,3,4,koclip_svm
3966,makeup_0004.png,0,0,4,koclip_svm
3967,makeup_0004.png,4,4,4,koclip_svm
3968,makeup_0004.png,4,4,4,koclip_svm
3969,makeup_0005.png,1,1,4,koclip_svm
3970,makeup_0005.png,4,4,4,koclip_svm
3971,makeup_0005.png,3,3,4,koclip_svm
3972,makeup_0005.png,4,3,4,koclip_svm
3973,makeup_0005.png,1,1,4,koclip_svm
3982,makeup_0009.png,3,1,4,koclip_svm
3983,makeup_0009.png,2,1,4,koclip_svm
3984,makeup_0009.png,4,4,4,koclip_svm
3985,makeup_0009.png,4,4,4,koclip_svm
3986,makeup_0009.png,1,4,4,koclip_svm
3987,makeup_0011.png,3,3,4,koclip_svm
3988,makeup_0011.png,4,4,4,koclip_svm
4032,makeup_0030.png,4,3,4,koclip_svm
4033,makeup_0030.png,3,3,4,koclip_svm
4034,makeup_0030.png,4,4,4,koclip_svm
4035,makeup_0030.png,3,3,4,koclip_svm
4036,makeup_0030.png,4,2,4,koclip_svm
4037,makeup_0030.png,3,3,4,koclip_svm
4038,makeup_0030.png,1,4,4,koclip_svm
4039,makeup_0030.png,1,4,4,koclip_svm
4040,makeup_0030.png,2,4,4,koclip_svm
4041,makeup_0030.png,2,4,4,koclip_svm
4042,makeup_0030.png,2,1,4,koclip_svm
4043,makeup_0030.png,2,4,4,koclip_svm
4044,makeup_0030.png,2,3,4,koclip_svm
4045,makeup_0030.png,3,3,4,koclip_svm
4046,makeup_0030.png,3,3,4,koclip_svm
4047,makeup_0030.png,3,3,4,koclip_svm
4048,makeup_0030.png,2,2,4,koclip_svm
4049,makeup_0030.png,2,2,4,koclip_svm
4050,makeup_0030.png,2,2,4,koclip_svm
4163,makeup_0053.png,0,1,4,koclip_svm
4164,makeup_0053.png,4,3,4,koclip_svm
4165,makeup_0053.png,4,1,4,koclip_svm
4166,makeup_0053.png,4,1,4,koclip_svm
4185,makeup_0059.png,3,3,4,koclip_svm
4186,makeup_0059.png,3,3,4,koclip_svm
4187,makeup_0059.png,3,3,4,koclip_svm
4188,makeup_0059.png,3,1,4,koclip_svm
4189,makeup_0059.png,2,3,4,koclip_svm
4205,makeup_0065.png,4,4,4,koclip_svm
4206,makeup_0065.png,4,4,4,koclip_svm
4207,makeup_0065.png,3,2,4,koclip_svm
4208,makeup_0065.png,4,2,4,koclip_svm
4209,makeup_0065.png,3,4,4,koclip_svm
4220,makeup_0068.png,3,3,4,koclip_svm
4221,makeup_0068.png,2,3,4,koclip_svm
4222,makeup_0068.png,1,2,4,koclip_svm
4223,makeup_0068.png,3,3,4,koclip_svm
4224,makeup_0068.png,4,3,4,koclip_svm
4245,makeup_0074.png,4,4,4,koclip_svm
4334,makeup_0094.png,4,4,4,koclip_svm
4335,makeup_0094.png,4,4,4,koclip_svm
4336,makeup_0094.png,3,1,4,koclip_svm
4337,makeup_0094.png,4,4,4,koclip_svm
4338,makeup_0094.png,1,4,4,koclip_svm
4345,dailymakeup_0002.png,4,4,4,koclip_svm
4346,dailymakeup_0002.png,2,3,4,koclip_svm
4347,dailymakeup_0002.png,1,3,4,koclip_svm
4348,dailymakeup_0002.png,0,1,4,koclip_svm
4356,dailymakeup_0006.png,4,4,4,koclip_svm
4357,dailymakeup_0006.png,1,3,4,koclip_svm
4358,dailymakeup_0006.png,0,0,4,koclip_svm
4359,dailymakeup_0006.png,0,3,4,koclip_svm
4360,dailymakeup_0006.png,0,0,4,koclip_svm
4362,dailymakeup_0008.png,3,2,4,koclip_svm
4363,dailymakeup_0008.png,4,4,4,koclip_svm
4368,dailymakeup_0011.png,2,1,4,koclip_svm
4369,dailymakeup_0011.png,4,3,4,koclip_svm
4370,dailymakeup_0011.png,2,1,4,koclip_svm
4371,dailymakeup_0011.png,3,3,4,koclip_svm
4372,dailymakeup_0011.png,3,3,4,koclip_svm
4373,dailymakeup_0012.png,3,2,4,koclip_svm
4429,dailymakeup_0023.png,4,4,4,koclip_svm
4430,dailymakeup_0023.png,2,3,4,koclip_svm
4431,dailymakeup_0023.png,3,3,4,koclip_svm
4432,dailymakeup_0023.png,1,3,4,koclip_svm
4433,dailymakeup_0023.png,1,1,4,koclip_svm
4476,dailymakeup_0031.png,2,3,4,koclip_svm
4477,dailymakeup_0031.png,1,4,4,koclip_svm
4478,dailymakeup_0031.png,1,4,4,koclip_svm
4479,dailymakeup_0031.png,3,1,4,koclip_svm
4480,dailymakeup_0031.png,3,3,4,koclip_svm
4481,dailymakeup_0031.png,4,3,4,koclip_svm
4482,dailymakeup_0031.png,1,2,4,koclip_svm
4483,dailymakeup_0031.png,2,1,4,koclip_svm
4484,dailymakeup_0031.png,3,3,4,koclip_svm
4485,dailymakeup_0031.png,1,1,4,koclip_svm
4486,dailymakeup_0031.png,3,2,4,koclip_svm
4487,dailymakeup_0031.png,1,1,4,koclip_svm
4544,dailymakeup_0039.png,3,3,4,koclip_svm
4545,dailymakeup_0039.png,4,4,4,koclip_svm
4546,dailymakeup_0039.png,4,3,4,koclip_svm
4547,dailymakeup_0039.png,3,3,4,koclip_svm
4548,dailymakeup_0039.png,1,2,4,koclip_svm
4549,dailymakeup_0039.png,1,3,4,koclip_svm
4550,dailymakeup_0039.png,1,3,4,koclip_svm
4551,dailymakeup_0039.png,2,2,4,koclip_svm
4571,dailymakeup_0043.png,4,4,4,koclip_svm
4572,dailymakeup_0043.png,1,1,4,koclip_svm
4573,dailymakeup_0043.png,3,3,4,koclip_svm
4574,dailymakeup_0043.png,1,2,4,koclip_svm
4586,dailymakeup_0049.png,2,4,4,koclip_svm
4587,dailymakeup_0049.png,3,4,4,koclip_svm
4588,dailymakeup_0049.png,1,4,4,koclip_svm
4589,dailymakeup_0049.png,4,4,4,koclip_svm
4590,dailymakeup_0049.png,3,3,4,koclip_svm
4591,dailymakeup_0049.png,1,1,4,koclip_svm
4626,dailymakeup_0054.png,3,4,4,koclip_svm
4627,dailymakeup_0054.png,4,4,4,koclip_svm
4628,dailymakeup_0054.png,2,2,4,koclip_svm
4629,dailymakeup_0054.png,1,1,4,koclip_svm
4630,dailymakeup_0054.png,3,4,4,koclip_svm
4631,dailymakeup_0054.png,2,3,4,koclip_svm
4632,dailymakeup_0054.png,3,3,4,koclip_svm
4633,dailymakeup_0054.png,3,3,4,koclip_svm
4634,dailymakeup_0054.png,4,4,4,koclip_svm
4635,dailymakeup_0054.png,3,3,4,koclip_svm
4636,dailymakeup_0054.png,3,4,4,koclip_svm
4675,dailymakeup_0068.png,1,1,4,koclip_svm
4676,dailymakeup_0068.png,3,3,4,koclip_svm
4677,dailymakeup_0068.png,3,3,4,koclip_svm
4678,dailymakeup_0068.png,4,0,4,koclip_svm
4679,dailymakeup_0068.png,3,3,4,koclip_svm
4680,dailymakeup_0068.png,4,3,4,koclip_svm
4681,dailymakeup_0068.png,4,0,4,koclip_svm
4682,dailymakeup_0068.png,2,3,4,koclip_svm
4683,dailymakeup_0068.png,3,0,4,koclip_svm
4684,dailymakeup_0068.png,4,3,4,koclip_svm
4685,dailymakeup_0068.png,4,3,4,koclip_svm
4686,dailymakeup_0068.png,1,1,4,koclip_svm
4687,dailymakeup_0068.png,3,3,4,koclip_svm
4688,dailymakeup_0068.png,1,0,4,koclip_svm
4689,dailymakeup_0068.png,2,3,4,koclip_svm
4705,dailymakeup_0072.png,1,1,4,koclip_svm
4706,dailymakeup_0072.png,1,1,4,koclip_svm
4707,dailymakeup_0072.png,1,0,4,koclip_svm
4708,dailymakeup_0072.png,4,0,4,koclip_svm
4709,dailymakeup_0072.png,4,1,4,koclip_svm
4710,dailymakeup_0072.png,3,1,4,koclip_svm
4711,dailymakeup_0072.png,3,4,4,koclip_svm
4712,dailymakeup_0072.png,3,3,4,koclip_svm
4713,dailymakeup_0072.png,3,3,4,koclip_svm
4714,dailymakeup_0072.png,3,3,4,koclip_svm
4715,dailymakeup_0072.png,3,1,4,koclip_svm
4716,dailymakeup_0072.png,3,4,4,koclip_svm
4718,dailymakeup_0074.png,4,4,4,koclip_svm
4719,dailymakeup_0074.png,3,3,4,koclip_svm
4720,dailymakeup_0074.png,3,3,4,koclip_svm
4721,dailymakeup_0074.png,3,2,4,koclip_svm
4727,dailymakeup_0076.png,4,3,4,koclip_svm
4728,dailymakeup_0076.png,4,4,4,koclip_svm
4729,dailymakeup_0076.png,4,4,4,koclip_svm
4762,dailymakeup_0088.png,4,4,4,koclip_svm
4763,dailymakeup_0088.png,3,3,4,koclip_svm
4764,dailymakeup_0088.png,3,3,4,koclip_svm
4770,dailymakeup_0090.png,4,2,4,koclip_svm
4771,dailymakeup_0090.png,4,2,4,koclip_svm
4772,dailymakeup_0090.png,2,4,4,koclip_svm
4773,dailymakeup_0090.png,3,2,4,koclip_svm
4774,dailymakeup_0090.png,2,1,4,koclip_svm
4775,dailymakeup_0090.png,1,1,4,koclip_svm
4776,dailymakeup_0090.png,3,3,4,koclip_svm
4777,dailymakeup_0090.png,4,4,4,koclip_svm
4778,dailymakeup_0090.png,0,1,4,koclip_svm
4779,dailymakeup_0090.png,0,4,4,koclip_svm
4780,dailymakeup_0090.png,0,1,4,koclip_svm
4807,kkuankku_0001.png,0,2,4,koclip_svm
4808,kkuankku_0001.png,2,2,4,koclip_svm
4809,kkuankku_0001.png,4,3,4,koclip_svm
4810,kkuankku_0001.png,3,3,4,koclip_svm
4811,kkuankku_0002.png,0,4,4,koclip_svm
4812,kkuankku_0002.png,3,3,4,koclip_svm
4813,kkuankku_0002.png,1,4,4,koclip_svm
4814,kkuankku_0002.png,3,3,4,koclip_svm
4815,kkuankku_0002.png,3,3,4,koclip_svm
4816,kkuankku_0002.png,4,3,4,koclip_svm
4817,kkuankku_0002.png,2,4,4,koclip_svm
4818,kkuankku_0002.png,3,3,4,koclip_svm
4819,kkuankku_0002.png,3,3,4,koclip_svm
4820,kkuankku_0002.png,3,3,4,koclip_svm
4847,kkuankku_0006.png,1,3,4,koclip_svm
4848,kkuankku_0006.png,0,4,4,koclip_svm
4849,kkuankku_0006.png,1,4,4,koclip_svm
4850,kkuankku_0006.png,4,4,4,koclip_svm
4851,kkuankku_0006.png,4,4,4,koclip_svm
4852,kkuankku_0006.png,2,4,4,koclip_svm
4853,kkuankku_0006.png,2,2,4,koclip_svm
4854,kkuankku_0006.png,4,4,4,koclip_svm
4855,kkuankku_0006.png,3,4,4,koclip_svm
4887,kkuankku_0013.png,4,4,4,koclip_svm
4888,kkuankku_0013.png,4,3,4,koclip_svm
4889,kkuankku_0013.png,3,3,4,koclip_svm
4890,kkuankku_0013.png,3,2,4,koclip_svm
4891,kkuankku_0013.png,3,3,4,koclip_svm
4906,kkuankku_0020.png,4,4,4,koclip_svm
4907,kkuankku_0020.png,4,4,4,koclip_svm
4908,kkuankku_0020.png,3,3,4,koclip_svm
4909,kkuankku_0020.png,3,4,4,koclip_svm
4954,kkuankku_0039.png,3,2,4,koclip_svm
4955,kkuankku_0039.png,4,2,4,koclip_svm
4956,kkuankku_0039.png,3,3,4,koclip_svm
4957,kkuankku_0039.png,4,3,4,koclip_svm
4958,kkuankku_0039.png,3,2,4,koclip_svm
4959,kkuankku_0039.png,3,3,4,koclip_svm
4960,kkuankku_0039.png,3,4,4,koclip_svm
4961,kkuankku_0039.png,3,3,4,koclip_svm
4962,kkuankku_0040.png,4,4,4,koclip_svm
4963,kkuankku_0040.png,4,4,4,koclip_svm
4964,kkuankku_0040.png,2,3,4,koclip_svm
4965,kkuankku_0040.png,3,3,4,koclip_svm
4966,kkuankku_0040.png,2,4,4,koclip_svm
4967,kkuankku_0040.png,3,3,4,koclip_svm
4968,kkuankku_0040.png,3,3,4,koclip_svm
4969,kkuankku_0040.png,3,3,4,koclip_svm
4970,kkuankku_0040.png,1,2,4,koclip_svm
4971,kkuankku_0040.png,0,1,4,koclip_svm
4972,kkuankku_0040.png,0,1,4,koclip_svm
5001,kkuankku_0057.png,3,3,4,koclip_svm
5002,kkuankku_0057.png,4,2,4,koclip_svm
5003,kkuankku_0057.png,4,3,4,koclip_svm
5004,kkuankku_0057.png,3,4,4,koclip_svm
5005,kkuankku_0057.png,3,2,4,koclip_svm
5006,kkuankku_0057.png,4,3,4,koclip_svm
5007,kkuankku_0057.png,4,3,4,koclip_svm
5008,kkuankku_0057.png,4,3,4,koclip_svm
5009,kkuankku_0057.png,3,3,4,koclip_svm
5010,kkuankku_0057.png,4,4,4,koclip_svm
5011,kkuankku_0060.png,4,3,4,koclip_svm
5012,kkuankku_0060.png,4,4,4,koclip_svm
5013,kkuankku_0060.png,3,3,4,koclip_svm
5014,kkuankku_0060.png,3,4,4,koclip_svm
5015,kkuankku_0060.png,3,3,4,koclip_svm
5016,kkuankku_0060.png,2,4,4,koclip_svm
5017,kkuankku_0060.png,4,3,4,koclip_svm
5018,kkuankku_0060.png,4,4,4,koclip_svm
5019,kkuankku_0060.png,4,3,4,koclip_svm
5020,kkuankku_0060.png,1,4,4,koclip_svm
5021,kkuankku_0060.png,1,4,4,koclip_svm
5022,kkuankku_0060.png,0,4,4,koclip_svm
5023,kkuankku_0060.png,0,4,4,koclip_svm
5024,kkuankku_0060.png,0,4,4,koclip_svm
5025,kkuankku_0060.png,0,4,4,koclip_svm
5026,kkuankku_0060.png,0,4,4,koclip_svm
5027,kkuankku_0060.png,1,4,4,koclip_svm
5110,kkuankku_0094.png,3,3,4,koclip_svm
5111,kkuankku_0094.png,3,3,4,koclip_svm
5112,kkuankku_0094.png,4,3,4,koclip_svm
5113,kkuankku_0094.png,3,3,4,koclip_svm
5114,kkuankku_0094.png,2,3,4,koclip_svm
5235,dailylook_0010.png,4,3,4,koclip_svm
5236,dailylook_0010.png,3,1,4,koclip_svm
5237,dailylook_0010.png,3,3,4,koclip_svm
5238,dailylook_0010.png,3,3,4,koclip_svm
5239,dailylook_0010.png,4,3,4,koclip_svm
5240,dailylook_0010.png,3,3,4,koclip_svm
5241,dailylook_0010.png,4,1,4,koclip_svm
5242,dailylook_0010.png,4,3,4,koclip_svm
5243,dailylook_0010.png,0,1,4,koclip_svm
5244,dailylook_0010.png,1,4,4,koclip_svm
5245,dailylook_0010.png,1,1,4,koclip_svm
5246,dailylook_0010.png,1,4,4,koclip_svm
5247,dailylook_0010.png,1,1,4,koclip_svm
5248,dailylook_0010.png,0,4,4,koclip_svm
5249,dailylook_0010.png,1,4,4,koclip_svm
5250,dailylook_0010.png,1,1,4,koclip_svm
5251,dailylook_0010.png,1,4,4,koclip_svm
5252,dailylook_0010.png,1,3,4,koclip_svm
5253,dailylook_0010.png,2,2,4,koclip_svm
5278,dailylook_0018.png,4,4,4,koclip_svm
5279,dailylook_0018.png,4,4,4,koclip_svm
5280,dailylook_0018.png,3,3,4,koclip_svm
5281,dailylook_0018.png,3,3,4,koclip_svm
5282,dailylook_0018.png,3,3,4,koclip_svm
5283,dailylook_0018.png,1,4,4,koclip_svm
5406,dailylook_0055.png,1,3,4,koclip_svm
5407,dailylook_0055.png,2,3,4,koclip_svm
5408,dailylook_0055.png,2,3,4,koclip_svm
5409,dailylook_0055.png,0,3,4,koclip_svm
5410,dailylook_0055.png,0,3,4,koclip_svm
5411,dailylook_0055.png,0,4,4,koclip_svm
5412,dailylook_0055.png,1,2,4,koclip_svm
5413,dailylook_0055.png,1,3,4,koclip_svm
5414,dailylook_0055.png,1,3,4,koclip_svm
5415,dailylook_0055.png,1,3,4,koclip_svm
5416,dailylook_0055.png,3,3,4,koclip_svm
5417,dailylook_0055.png,1,3,4,koclip_svm
5437,dailylook_0063.png,4,4,4,koclip_svm
5438,dailylook_0063.png,1,4,4,koclip_svm
5439,dailylook_0063.png,3,4,4,koclip_svm
5440,dailylook_0063.png,0,4,4,koclip_svm
5441,dailylook_0063.png,3,3,4,koclip_svm
5442,dailylook_0063.png,4,4,4,koclip_svm
5443,dailylook_0063.png,3,3,4,koclip_svm
5444,dailylook_0063.png,2,2,4,koclip_svm
5445,dailylook_0063.png,3,3,4,koclip_svm
5446,dailylook_0063.png,3,3,4,koclip_svm
5447,dailylook_0063.png,3,3,4,koclip_svm
5448,dailylook_0063.png,3,3,4,koclip_svm
5449,dailylook_0063.png,3,3,4,koclip_svm
5450,dailylook_0063.png,3,3,4,koclip_svm
5451,dailylook_0066.png,1,1,4,koclip_svm
5455,dailylook_0070.png,1,3,4,koclip_svm
5456,dailylook_0070.png,1,3,4,koclip_svm
5457,dailylook_0070.png,1,3,4,koclip_svm
5458,dailylook_0070.png,1,3,4,koclip_svm
5479,dailylook_0078.png,4,4,4,koclip_svm
5480,dailylook_0078.png,2,3,4,koclip_svm
5481,dailylook_0078.png,3,3,4,koclip_svm
5482,dailylook_0078.png,3,3,4,koclip_svm
5483,dailylook_0078.png,0,4,4,koclip_svm
5624,ootd_0016.png,1,1,4,koclip_svm
5625,ootd_0016.png,1,1,4,koclip_svm
5626,ootd_0016.png,1,3,4,koclip_svm
5627,ootd_0016.png,3,2,4,koclip_svm
5628,ootd_0016.png,2,2,4,koclip_svm
5629,ootd_0016.png,3,1,4,koclip_svm
5630,ootd_0016.png,2,2,4,koclip_svm
5631,ootd_0016.png,1,1,4,koclip_svm
5632,ootd_0016.png,3,2,4,koclip_svm
5633,ootd_0016.png,2,2,4,koclip_svm
5634,ootd_0016.png,3,3,4,koclip_svm
5635,ootd_0016.png,3,3,4,koclip_svm
5636,ootd_0016.png,4,3,4,koclip_svm
5637,ootd_0016.png,3,3,4,koclip_svm
5663,ootd_0034.png,4,1,4,koclip_svm
5664,ootd_0034.png,0,0,4,koclip_svm
5665,ootd_0034.png,2,2,4,koclip_svm
5666,ootd_0034.png,1,3,4,koclip_svm
5667,ootd_0034.png,2,1,4,koclip_svm
5668,ootd_0034.png,3,3,4,koclip_svm
5669,ootd_0034.png,3,1,4,koclip_svm
5670,ootd_0034.png,1,3,4,koclip_svm
5671,ootd_0034.png,3,3,4,koclip_svm
5672,ootd_0034.png,0,1,4,koclip_svm
5673,ootd_0034.png,2,2,4,koclip_svm
5674,ootd_0034.png,2,1,4,koclip_svm
5675,ootd_0034.png,0,3,4,koclip_svm
5676,ootd_0034.png,1,1,4,koclip_svm
5677,ootd_0034.png,1,0,4,koclip_svm
5678,ootd_0034.png,0,0,4,koclip_svm
5679,ootd_0034.png,1,0,4,koclip_svm
5680,ootd_0034.png,1,3,4,koclip_svm
5681,ootd_0034.png,1,1,4,koclip_svm
5682,ootd_0034.png,1,1,4,koclip_svm
5683,ootd_0034.png,1,1,4,koclip_svm
5684,ootd_0034.png,1,1,4,koclip_svm
5685,ootd_0034.png,0,2,4,koclip_svm
5686,ootd_0035.png,4,4,4,koclip_svm
5687,ootd_0035.png,2,1,4,koclip_svm
5688,ootd_0035.png,2,4,4,koclip_svm
5701,ootd_0040.png,3,3,4,koclip_svm
5702,ootd_0040.png,3,3,4,koclip_svm
5703,ootd_0040.png,4,3,4,koclip_svm
5704,ootd_0040.png,3,3,4,koclip_svm
5705,ootd_0040.png,2,2,4,koclip_svm
5706,ootd_0040.png,4,3,4,koclip_svm
5737,ootd_0044.png,3,3,4,koclip_svm
5738,ootd_0044.png,4,3,4,koclip_svm
5739,ootd_0044.png,4,1,4,koclip_svm
5740,ootd_0044.png,3,3,4,koclip_svm
5741,ootd_0044.png,3,2,4,koclip_svm
5742,ootd_0044.png,1,1,4,koclip_svm
5797,ootd_0061.png,0,1,4,koclip_svm
5798,ootd_0061.png,0,1,4,koclip_svm
5799,ootd_0061.png,0,1,4,koclip_svm
5800,ootd_0061.png,2,2,4,koclip_svm
5801,ootd_0061.png,2,3,4,koclip_svm
5802,ootd_0071.png,1,1,4,koclip_svm
5803,ootd_0071.png,4,1,4,koclip_svm
5804,ootd_0071.png,4,1,4,koclip_svm
5805,ootd_0071.png,3,3,4,koclip_svm
5806,ootd_0074.png,1,3,4,koclip_svm
5815,ootd_0079.png,3,1,4,koclip_svm
5816,ootd_0079.png,2,1,4,koclip_svm
5817,ootd_0079.png,2,1,4,koclip_svm
5818,ootd_0079.png,2,1,4,koclip_svm
5819,ootd_0079.png,4,1,4,koclip_svm
5820,ootd_0080.png,3,2,4,koclip_svm
5821,ootd_0080.png,3,2,4,koclip_svm
5822,ootd_0080.png,3,2,4,koclip_svm
5823,ootd_0080.png,3,2,4,koclip_svm
5824,ootd_0080.png,3,3,4,koclip_svm
5825,ootd_0080.png,3,3,4,koclip_svm
5826,ootd_0080.png,3,3,4,koclip_svm
5827,ootd_0080.png,3,3,4,koclip_svm
5828,ootd_0080.png,4,3,4,koclip_svm
5829,ootd_0080.png,2,2,4,koclip_svm
5830,ootd_0080.png,4,4,4,koclip_svm
5831,ootd_0080.png,4,4,4,koclip_svm
5832,ootd_0080.png,4,4,4,koclip_svm
5833,ootd_0080.png,4,2,4,koclip_svm
5834,ootd_0080.png,2,3,4,koclip_svm
5924,fashionista_0001.png,4,4,4,koclip_svm
5925,fashionista_0001.png,2,3,4,koclip_svm
5926,fashionista_0001.png,1,1,4,koclip_svm
5927,fashionista_0001.png,4,4,4,koclip_svm
5928,fashionista_0001.png,3,3,4,koclip_svm
5984,fashionista_0032.png,4,4,4,koclip_svm
5985,fashionista_0032.png,3,2,4,koclip_svm
5986,fashionista_0032.png,3,2,4,koclip_svm
5987,fashionista_0032.png,3,3,4,koclip_svm
5988,fashionista_0032.png,3,3,4,koclip_svm
5993,fashionista_0035.png,4,4,4,koclip_svm
5994,fashionista_0035.png,3,3,4,koclip_svm
5995,fashionista_0035.png,4,4,4,koclip_svm
5996,fashionista_0035.png,3,2,4,koclip_svm
5997,fashionista_0035.png,2,2,4,koclip_svm
5998,fashionista_0037.png,4,2,4,koclip_svm
5999,fashionista_0037.png,3,1,4,koclip_svm
6000,fashionista_0037.png,2,1,4,koclip_svm
6109,fashionista_0052.png,1,1,4,koclip_svm
6110,fashionista_0052.png,1,1,4,koclip_svm
6111,fashionista_0052.png,0,0,4,koclip_svm
6112,fashionista_0052.png,2,3,4,koclip_svm
6113,fashionista_0052.png,3,3,4,koclip_svm
6114,fashionista_0052.png,1,1,4,koclip_svm
6115,fashionista_0052.png,0,0,4,koclip_svm
6116,fashionista_0052.png,0,2,4,koclip_svm
6117,fashionista_0052.png,0,0,4,koclip_svm
6118,fashionista_0052.png,2,4,4,koclip_svm
6119,fashionista_0052.png,0,0,4,koclip_svm
6120,fashionista_0052.png,3,2,4,koclip_svm
6121,fashionista_0052.png,3,3,4,koclip_svm
6122,fashionista_0052.png,2,4,4,koclip_svm
6123,fashionista_0052.png,2,3,4,koclip_svm
6124,fashionista_0052.png,0,0,4,koclip_svm
6125,fashionista_0052.png,3,2,4,koclip_svm
6126,fashionista_0052.png,4,2,4,koclip_svm
6127,fashionista_0052.png,2,1,4,koclip_svm
6128,fashionista_0052.png,2,3,4,koclip_svm
6129,fashionista_0052.png,3,0,4,koclip_svm
6130,fashionista_0052.png,0,0,4,koclip_svm
6131,fashionista_0052.png,0,1,4,koclip_svm
6132,fashionista_0052.png,1,2,4,koclip_svm
6133,fashionista_0052.png,2,2,4,koclip_svm
6134,fashionista_0052.png,2,3,4,koclip_svm
6135,fashionista_0052.png,3,3,4,koclip_svm
6136,fashionista_0052.png,1,2,4,koclip_svm
6137,fashionista_0052.png,0,0,4,koclip_svm
6138,fashionista_0052.png,2,4,4,koclip_svm
6200,fashionista_0063.png,2,2,4,koclip_svm
6201,fashionista_0063.png,2,1,4,koclip_svm
6202,fashionista_0063.png,2,2,4,koclip_svm
6203,fashionista_0063.png,2,1,4,koclip_svm
6204,fashionista_0063.png,1,2,4,koclip_svm
6205,fashionista_0063.png,2,2,4,koclip_svm
6206,fashionista_0063.png,2,2,4,koclip_svm
6207,fashionista_0063.png,4,2,4,koclip_svm
6208,fashionista_0063.png,3,2,4,koclip_svm
6209,fashionista_0063.png,4,1,4,koclip_svm
6210,fashionista_0063.png,4,4,4,koclip_svm
6211,fashionista_0063.png,2,3,4,koclip_svm
6212,fashionista_0063.png,2,3,4,koclip_svm
6213,fashionista_0063.png,2,1,4,koclip_svm
6214,fashionista_0063.png,2,3,4,koclip_svm
6215,fashionista_0063.png,1,3,4,koclip_svm
6216,fashionista_0063.png,2,2,4,koclip_svm
6217,fashionista_0063.png,0,0,4,koclip_svm
6218,fashionista_0063.png,2,3,4,koclip_svm
6219,fashionista_0063.png,1,2,4,koclip_svm
6220,fashionista_0063.png,1,2,4,koclip_svm
6221,fashionista_0063.png,1,1,4,koclip_svm
6222,fashionista_0063.png,3,1,4,koclip_svm
6223,fashionista_0063.png,2,2,4,koclip_svm
6224,fashionista_0065.png,0,1,4,koclip_svm
6225,fashionista_0065.png,0,0,4,koclip_svm
6226,fashionista_0065.png,3,2,4,koclip_svm
6227,fashionista_0065.png,3,2,4,koclip_svm
6228,fashionista_0065.png,2,2,4,koclip_svm
6229,fashionista_0065.png,3,3,4,koclip_svm
6230,fashionista_0065.png,4,1,4,koclip_svm
6231,fashionista_0065.png,4,3,4,koclip_svm
6232,fashionista_0065.png,4,4,4,koclip_svm
6233,fashionista_0065.png,1,2,4,koclip_svm
6234,fashionista_0065.png,3,3,4,koclip_svm
6235,fashionista_0065.png,2,2,4,koclip_svm
6236,fashionista_0065.png,2,2,4,koclip_svm
6237,fashionista_0065.png,1,2,4,koclip_svm
6238,fashionista_0065.png,0,3,4,koclip_svm
6239,fashionista_0065.png,3,3,4,koclip_svm
6240,fashionista_0065.png,2,2,4,koclip_svm
6241,fashionista_0065.png,2,2,4,koclip_svm
6242,fashionista_0065.png,2,2,4,koclip_svm
6243,fashionista_0065.png,2,2,4,koclip_svm
6244,fashionista_0065.png,3,2,4,koclip_svm
6245,fashionista_0065.png,0,1,4,koclip_svm
6246,fashionista_0065.png,2,2,4,koclip_svm
6247,fashionista_0065.png,2,1,4,koclip_svm
6248,fashionista_0065.png,1,1,4,koclip_svm
6249,fashionista_0065.png,0,4,4,koclip_svm
6250,fashionista_0065.png,0,0,4,koclip_svm
6251,fashionista_0065.png,0,1,4,koclip_svm
6252,fashionista_0065.png,0,1,4,koclip_svm
6253,fashionista_0066.png,3,1,4,koclip_svm
6313,fashionista_0084.png,2,2,4,koclip_svm
6314,fashionista_0084.png,2,2,4,koclip_svm
6315,fashionista_0084.png,4,4,4,koclip_svm
6316,fashionista_0084.png,4,1,4,koclip_svm
6317,fashionista_0084.png,3,3,4,koclip_svm
6318,fashionista_0084.png,4,4,4,koclip_svm
6319,fashionista_0084.png,4,4,4,koclip_svm
6320,fashionista_0084.png,3,3,4,koclip_svm
6321,fashionista_0084.png,1,1,4,koclip_svm
6322,fashionista_0084.png,2,2,4,koclip_svm
6323,fashionista_0084.png,3,3,4,koclip_svm
6324,fashionista_0084.png,1,0,4,koclip_svm
6325,fashionista_0084.png,0,0,4,koclip_svm
6326,fashionista_0084.png,1,1,4,koclip_svm
6327,fashionista_0084.png,1,0,4,koclip_svm
6328,fashionista_0084.png,1,1,4,koclip_svm
6329,fashionista_0084.png,1,1,4,koclip_svm
6330,fashionista_0084.png,1,0,4,koclip_svm
6331,fashionista_0084.png,0,0,4,koclip_svm
6332,fashionista_0084.png,0,0,4,koclip_svm
6333,fashionista_0084.png,0,0,4,koclip_svm
6334,fashionista_0084.png,1,1,4,koclip_svm
6335,fashionista_0084.png,1,1,4,koclip_svm
6336,fashionista_0085.png,4,4,4,koclip_svm
6366,fashionista_0091.png,3,3,4,koclip_svm
6367,fashionista_0091.png,3,3,4,koclip_svm
6368,fashionista_0091.png,3,3,4,koclip_svm
6369,fashionista_0091.png,4,2,4,koclip_svm
6370,fashionista_0091.png,3,3,4,koclip_svm
6371,fashionista_0091.png,3,3,4,koclip_svm
6372,fashionista_0091.png,3,3,4,koclip_svm
6373,fashionista_0091.png,3,3,4,koclip_svm
6374,fashionista_0091.png,4,3,4,koclip_svm
6375,fashionista_0091.png,3,3,4,koclip_svm
6376,fashionista_0091.png,2,1,4,koclip_svm
6377,fashionista_0091.png,3,3,4,koclip_svm
6378,fashionista_0091.png,4,4,4,koclip_svm
6379,fashionista_0091.png,3,4,4,koclip_svm
6380,fashionista_0091.png,1,1,4,koclip_svm
6381,fashionista_0091.png,3,1,4,koclip_svm
6382,fashionista_0091.png,3,2,4,koclip_svm
6383,fashionista_0091.png,3,3,4,koclip_svm
6384,fashionista_0091.png,1,1,4,koclip_svm
6385,fashionista_0091.png,0,0,4,koclip_svm
6386,fashionista_0091.png,2,2,4,koclip_svm
6387,fashionista_0091.png,4,1,4,koclip_svm
6388,fashionista_0091.png,3,3,4,koclip_svm
6389,fashionista_0091.png,0,0,4,koclip_svm
6390,fashionista_0091.png,0,0,4,koclip_svm
6391,fashionista_0091.png,0,0,4,koclip_svm
6392,fashionista_0091.png,4,4,4,koclip_svm
6393,fashionista_0091.png,4,0,4,koclip_svm
6394,fashionista_0091.png,4,2,4,koclip_svm
6395,fashionista_0091.png,1,1,4,koclip_svm
6426,fashionista_0099.png,0,4,4,koclip_svm
6427,fashionista_0099.png,3,2,4,koclip_svm
6428,fashionista_0099.png,4,4,4,koclip_svm
6429,fashionista_0099.png,3,3,4,koclip_svm
6430,fashionista_0099.png,3,3,4,koclip_svm
6431,fashionista_0099.png,3,3,4,koclip_svm
6432,fashionista_0099.png,3,2,4,koclip_svm
6433,fashionista_0099.png,1,4,4,koclip_svm
6434,fashionista_0099.png,1,2,4,koclip_svm
6435,fashionista_0099.png,3,3,4,koclip_svm
6436,fashionista_0099.png,3,3,4,koclip_svm
6437,fashionista_0099.png,1,4,4,koclip_svm
6507,neungsohwa_0009.png,4,1,4,koclip_svm
6508,neungsohwa_0009.png,4,4,4,koclip_svm
6509,neungsohwa_0009.png,2,2,4,koclip_svm
6512,neungsohwa_0013.png,4,4,4,koclip_svm
6513,neungsohwa_0013.png,4,3,4,koclip_svm
6514,neungsohwa_0013.png,0,0,4,koclip_svm
6515,neungsohwa_0013.png,3,2,4,koclip_svm
6516,neungsohwa_0013.png,4,4,4,koclip_svm
6560,neungsohwa_0022.png,4,1,4,koclip_svm
6561,neungsohwa_0022.png,4,4,4,koclip_svm
6562,neungsohwa_0022.png,0,2,4,koclip_svm
6563,neungsohwa_0024.png,4,4,4,koclip_svm
6564,neungsohwa_0024.png,4,4,4,koclip_svm
6565,neungsohwa_0024.png,4,1,4,koclip_svm
6566,neungsohwa_0024.png,4,4,4,koclip_svm
6567,neungsohwa_0024.png,2,2,4,koclip_svm
6568,neungsohwa_0024.png,3,4,4,koclip_svm
6569,neungsohwa_0024.png,1,1,4,koclip_svm
6570,neungsohwa_0024.png,1,1,4,koclip_svm
6580,neungsohwa_0028.png,4,4,4,koclip_svm
6616,neungsohwa_0043.png,1,1,4,koclip_svm
6617,neungsohwa_0043.png,4,4,4,koclip_svm
6618,neungsohwa_0043.png,4,4,4,koclip_svm
6619,neungsohwa_0043.png,3,2,4,koclip_svm
6710,neungsohwa_0069.png,4,4,4,koclip_svm
6711,neungsohwa_0069.png,1,1,4,koclip_svm
6712,neungsohwa_0069.png,1,1,4,koclip_svm
6719,neungsohwa_0075.png,1,4,4,koclip_svm
6720,neungsohwa_0075.png,4,4,4,koclip_svm
6769,neungsohwa_0090.png,4,4,4,koclip_svm
6770,neungsohwa_0090.png,4,4,4,koclip_svm
6771,neungsohwa_0090.png,3,0,4,koclip_svm
6772,neungsohwa_0090.png,0,4,4,koclip_svm
6778,neungsohwa_0093.png,4,2,4,koclip_svm
6779,neungsohwa_0093.png,4,1,4,koclip_svm
6780,neungsohwa_0093.png,4,2,4,koclip_svm
6781,neungsohwa_0093.png,4,4,4,koclip_svm
6782,neungsohwa_0093.png,4,4,4,koclip_svm
6839,danpung_0005.png,4,4,4,koclip_svm
6840,danpung_0005.png,4,3,4,koclip_svm
6841,danpung_0006.png,2,1,4,koclip_svm
6842,danpung_0006.png,3,3,4,koclip_svm
6911,danpung_0021.png,4,1,4,koclip_svm
6912,danpung_0021.png,0,0,4,koclip_svm
6913,danpung_0021.png,3,1,4,koclip_svm
6914,danpung_0021.png,4,4,4,koclip_svm
6915,danpung_0021.png,3,3,4,koclip_svm
6971,danpung_0033.png,3,3,4,koclip_svm
6972,danpung_0033.png,2,3,4,koclip_svm
6973,danpung_0033.png,4,3,4,koclip_svm
6974,danpung_0033.png,3,4,4,koclip_svm
6975,danpung_0033.png,4,4,4,koclip_svm
6976,danpung_0033.png,3,2,4,koclip_svm
6977,danpung_0033.png,3,3,4,koclip_svm
6978,danpung_0033.png,2,2,4,koclip_svm
6979,danpung_0033.png,4,4,4,koclip_svm
6980,danpung_0033.png,4,4,4,koclip_svm
6988,danpung_0036.png,4,4,4,koclip_svm
6989,danpung_0036.png,4,4,4,koclip_svm
6990,danpung_0036.png,4,4,4,koclip_svm
6991,danpung_0036.png,1,3,4,koclip_svm
7044,danpung_0043.png,4,3,4,koclip_svm
7045,danpung_0043.png,2,3,4,koclip_svm
7046,danpung_0043.png,1,1,4,koclip_svm
7047,danpung_0043.png,1,3,4,koclip_svm
7048,danpung_0043.png,1,1,4,koclip_svm
7049,danpung_0043.png,4,4,4,koclip_svm
7050,danpung_0043.png,2,3,4,koclip_svm
7075,danpung_0054.png,0,0,4,koclip_svm
7193,danpung_0072.png,1,1,4,koclip_svm
7194,danpung_0072.png,1,3,4,koclip_svm
7195,danpung_0072.png,4,3,4,koclip_svm
7200,danpung_0076.png,4,1,4,koclip_svm
7259,danpung_0088.png,3,3,4,koclip_svm
7260,danpung_0088.png,2,2,4,koclip_svm
7261,danpung_0088.png,4,3,4,koclip_svm
7270,danpung_0093.png,4,1,4,koclip_svm
7271,danpung_0093.png,3,1,4,koclip_svm
7296,cherryblossom_0005.png,4,3,4,koclip_svm
7306,cherryblossom_0012.png,3,3,4,koclip_svm
7317,cherryblossom_0018.png,4,4,4,koclip_svm
7318,cherryblossom_0018.png,0,0,4,koclip_svm
7331,cherryblossom_0025.png,0,4,4,koclip_svm
7332,cherryblossom_0025.png,0,4,4,koclip_svm
7333,cherryblossom_0025.png,1,3,4,koclip_svm
7334,cherryblossom_0025.png,1,3,4,koclip_svm
7335,cherryblossom_0025.png,1,1,4,koclip_svm
7336,cherryblossom_0025.png,0,4,4,koclip_svm
7337,cherryblossom_0025.png,0,4,4,koclip_svm
7338,cherryblossom_0025.png,0,4,4,koclip_svm
7339,cherryblossom_0025.png,2,1,4,koclip_svm
7340,cherryblossom_0025.png,1,3,4,koclip_svm
7341,cherryblossom_0025.png,0,4,4,koclip_svm
7342,cherryblossom_0025.png,0,4,4,koclip_svm
7343,cherryblossom_0025.png,1,2,4,koclip_svm
7344,cherryblossom_0025.png,1,3,4,koclip_svm
7345,cherryblossom_0025.png,0,4,4,koclip_svm
7346,cherryblossom_0025.png,1,3,4,koclip_svm
7347,cherryblossom_0025.png,1,3,4,koclip_svm
7348,cherryblossom_0025.png,1,2,4,koclip_svm
7349,cherryblossom_0025.png,1,3,4,koclip_svm
7350,cherryblossom_0025.png,1,3,4,koclip_svm
7359,cherryblossom_0028.png,1,1,4,koclip_svm
7360,cherryblossom_0028.png,4,4,4,koclip_svm
7361,cherryblossom_0028.png,2,4,4,koclip_svm
7410,cherryblossom_0040.png,0,0,4,koclip_svm
7411,cherryblossom_0040.png,0,0,4,koclip_svm
7412,cherryblossom_0040.png,0,0,4,koclip_svm
7413,cherryblossom_0040.png,0,4,4,koclip_svm
7414,cherryblossom_0040.png,1,0,4,koclip_svm
7419,cherryblossom_0043.png,4,3,4,koclip_svm
7420,cherryblossom_0043.png,1,1,4,koclip_svm
7421,cherryblossom_0043.png,1,1,4,koclip_svm
7422,cherryblossom_0043.png,4,4,4,koclip_svm
7423,cherryblossom_0043.png,4,4,4,koclip_svm
7424,cherryblossom_0044.png,4,4,4,koclip_svm
7425,cherryblossom_0044.png,4,4,4,koclip_svm
7426,cherryblossom_0044.png,3,4,4,koclip_svm
7427,cherryblossom_0044.png,1,2,4,koclip_svm
7469,cherryblossom_0055.png,3,1,4,koclip_svm
7470,cherryblossom_0055.png,2,1,4,koclip_svm
7471,cherryblossom_0055.png,2,4,4,koclip_svm
7472,cherryblossom_0055.png,1,1,4,koclip_svm
7518,cherryblossom_0069.png,4,4,4,koclip_svm
7519,cherryblossom_0069.png,3,0,4,koclip_svm
7532,cherryblossom_0079.png,4,2,4,koclip_svm
7533,cherryblossom_0079.png,4,2,4,koclip_svm
7534,cherryblossom_0079.png,3,2,4,koclip_svm
7535,cherryblossom_0079.png,3,3,4,koclip_svm
7536,cherryblossom_0079.png,3,4,4,koclip_svm
7537,cherryblossom_0079.png,4,4,4,koclip_svm
7538,cherryblossom_0079.png,3,2,4,koclip_svm
7539,cherryblossom_0079.png,4,4,4,koclip_svm
7540,cherryblossom_0079.png,4,4,4,koclip_svm
7541,cherryblossom_0079.png,4,0,4,koclip_svm
7542,cherryblossom_0079.png,4,0,4,koclip_svm
7543,cherryblossom_0079.png,3,0,4,koclip_svm
7544,cherryblossom_0079.png,3,1,4,koclip_svm
7550,cherryblossom_0082.png,1,1,4,koclip_svm
7551,cherryblossom_0082.png,1,4,4,koclip_svm
7552,cherryblossom_0082.png,4,4,4,koclip_svm
7553,cherryblossom_0082.png,4,3,4,koclip_svm
7591,cherryblossom_0095.png,3,2,4,koclip_svm
7592,cherryblossom_0095.png,4,4,4,koclip_svm
7593,cherryblossom_0095.png,4,4,4,koclip_svm
7594,cherryblossom_0096.png,4,1,4,koclip_svm
7595,cherryblossom_0096.png,3,1,4,koclip_svm
7596,cherryblossom_0096.png,4,4,4,koclip_svm
7597,cherryblossom_0096.png,4,4,4,koclip_svm
7598,cherryblossom_0096.png,2,1,4,koclip_svm
7634,kpop_0002.png,3,3,4,koclip_svm
7635,kpop_0002.png,4,3,4,koclip_svm
7636,kpop_0002.png,4,4,4,koclip_svm
7637,kpop_0002.png,1,4,4,koclip_svm
7638,kpop_0002.png,1,4,4,koclip_svm
7709,kpop_0012.png,4,4,4,koclip_svm
7710,kpop_0012.png,4,4,4,koclip_svm
7711,kpop_0012.png,4,3,4,koclip_svm
7712,kpop_0012.png,4,1,4,koclip_svm
7713,kpop_0012.png,4,3,4,koclip_svm
7714,kpop_0012.png,4,3,4,koclip_svm
7715,kpop_0012.png,1,2,4,koclip_svm
7778,kpop_0025.png,4,0,4,koclip_svm
7779,kpop_0025.png,4,0,4,koclip_svm
7780,kpop_0025.png,4,1,4,koclip_svm
7781,kpop_0025.png,3,1,4,koclip_svm
7782,kpop_0025.png,3,1,4,koclip_svm
7783,kpop_0025.png,4,4,4,koclip_svm
7784,kpop_0025.png,1,4,4,koclip_svm
7785,kpop_0025.png,1,4,4,koclip_svm
7786,kpop_0025.png,1,1,4,koclip_svm
7787,kpop_0025.png,1,4,4,koclip_svm
7788,kpop_0025.png,1,4,4,koclip_svm
7789,kpop_0025.png,1,1,4,koclip_svm
7790,kpop_0025.png,1,4,4,koclip_svm
7791,kpop_0025.png,1,4,4,koclip_svm
7792,kpop_0025.png,2,1,4,koclip_svm
7793,kpop_0025.png,2,1,4,koclip_svm
7794,kpop_0025.png,2,1,4,koclip_svm
7795,kpop_0025.png,1,1,4,koclip_svm
7796,kpop_0025.png,1,3,4,koclip_svm
7797,kpop_0025.png,3,3,4,koclip_svm
7798,kpop_0025.png,3,4,4,koclip_svm
7799,kpop_0025.png,2,2,4,koclip_svm
7833,kpop_0032.png,4,4,4,koclip_svm
7834,kpop_0032.png,4,4,4,koclip_svm
7835,kpop_0032.png,4,4,4,koclip_svm
7836,kpop_0032.png,4,4,4,koclip_svm
7837,kpop_0032.png,4,4,4,koclip_svm
7838,kpop_0032.png,4,1,4,koclip_svm
7839,kpop_0032.png,3,4,4,koclip_svm
7840,kpop_0032.png,3,4,4,koclip_svm
7841,kpop_0032.png,2,1,4,koclip_svm
7842,kpop_0032.png,2,4,4,koclip_svm
7843,kpop_0032.png,3,3,4,koclip_svm
7844,kpop_0032.png,3,4,4,koclip_svm
7845,kpop_0032.png,2,4,4,koclip_svm
7846,kpop_0033.png,4,4,4,koclip_svm
7847,kpop_0033.png,3,0,4,koclip_svm
7848,kpop_0033.png,2,3,4,koclip_svm
7889,kpop_0039.png,4,1,4,koclip_svm
7890,kpop_0039.png,4,1,4,koclip_svm
7891,kpop_0039.png,4,4,4,koclip_svm
7892,kpop_0039.png,4,4,4,koclip_svm
7893,kpop_0039.png,3,3,4,koclip_svm
7894,kpop_0039.png,2,3,4,koclip_svm
7895,kpop_0039.png,4,1,4,koclip_svm
7950,kpop_0045.png,4,4,4,koclip_svm
7951,kpop_0045.png,4,4,4,koclip_svm
7952,kpop_0045.png,4,4,4,koclip_svm
7953,kpop_0045.png,4,4,4,koclip_svm
7954,kpop_0045.png,4,4,4,koclip_svm
7955,kpop_0045.png,1,1,4,koclip_svm
7956,kpop_0045.png,1,4,4,koclip_svm
7957,kpop_0045.png,2,2,4,koclip_svm
7958,kpop_0045.png,1,1,4,koclip_svm
7959,kpop_0045.png,1,2,4,koclip_svm
7960,kpop_0045.png,2,1,4,koclip_svm
7961,kpop_0045.png,2,1,4,koclip_svm
7962,kpop_0045.png,4,4,4,koclip_svm
7963,kpop_0045.png,4,4,4,koclip_svm
7964,kpop_0045.png,4,3,4,koclip_svm
7965,kpop_0045.png,3,3,4,koclip_svm
7993,kpop_0048.png,4,4,4,koclip_svm
7994,kpop_0048.png,4,4,4,koclip_svm
7995,kpop_0048.png,3,4,4,koclip_svm
7996,kpop_0048.png,3,4,4,koclip_svm
7997,kpop_0048.png,3,3,4,koclip_svm
7998,kpop_0049.png,4,4,4,koclip_svm
7999,kpop_0049.png,4,1,4,koclip_svm
8000,kpop_0049.png,4,4,4,koclip_svm
8001,kpop_0049.png,4,3,4,koclip_svm
8002,kpop_0049.png,3,1,4,koclip_svm
8003,kpop_0049.png,4,1,4,koclip_svm
8004,kpop_0049.png,4,4,4,koclip_svm
8005,kpop_0049.png,4,4,4,koclip_svm
8006,kpop_0049.png,4,3,4,koclip_svm
8007,kpop_0049.png,4,3,4,koclip_svm
8008,kpop_0049.png,4,4,4,koclip_svm
8009,kpop_0049.png,2,2,4,koclip_svm
8010,kpop_0049.png,2,3,4,koclip_svm
8021,kpop_0053.png,0,1,4,koclip_svm
8022,kpop_0053.png,0,1,4,koclip_svm
8023,kpop_0053.png,0,4,4,koclip_svm
8024,kpop_0053.png,1,3,4,koclip_svm
8025,kpop_0053.png,3,3,4,koclip_svm
8026,kpop_0054.png,1,4,4,koclip_svm
8027,kpop_0054.png,1,4,4,koclip_svm
8028,kpop_0054.png,1,1,4,koclip_svm
8029,kpop_0054.png,2,3,4,koclip_svm
8030,kpop_0054.png,0,0,4,koclip_svm
8048,kpop_0056.png,4,0,4,koclip_svm
8049,kpop_0056.png,2,1,4,koclip_svm
8050,kpop_0056.png,3,1,4,koclip_svm
8051,kpop_0056.png,4,1,4,koclip_svm
8052,kpop_0056.png,3,4,4,koclip_svm
8053,kpop_0056.png,4,0,4,koclip_svm
8054,kpop_0056.png,4,1,4,koclip_svm
8055,kpop_0056.png,4,4,4,koclip_svm
8056,kpop_0056.png,4,4,4,koclip_svm
8057,kpop_0056.png,3,2,4,koclip_svm
8058,kpop_0056.png,3,0,4,koclip_svm
8059,kpop_0056.png,4,3,4,koclip_svm
8060,kpop_0056.png,4,3,4,koclip_svm
8061,kpop_0056.png,3,3,4,koclip_svm
8062,kpop_0056.png,3,4,4,koclip_svm
8063,kpop_0056.png,2,2,4,koclip_svm
8064,kpop_0056.png,2,2,4,koclip_svm
8065,kpop_0057.png,0,4,4,koclip_svm
8066,kpop_0057.png,0,4,4,koclip_svm
8067,kpop_0057.png,0,4,4,koclip_svm
8068,kpop_0057.png,3,3,4,koclip_svm
8069,kpop_0057.png,0,3,4,koclip_svm
8079,kpop_0060.png,4,3,4,koclip_svm
8080,kpop_0060.png,4,4,4,koclip_svm
8081,kpop_0060.png,4,4,4,koclip_svm
8082,kpop_0060.png,3,3,4,koclip_svm
8151,kpop_0071.png,0,1,4,koclip_svm
8152,kpop_0071.png,0,1,4,koclip_svm
8153,kpop_0071.png,0,0,4,koclip_svm
8154,kpop_0071.png,0,0,4,koclip_svm
8155,kpop_0071.png,1,4,4,koclip_svm
8199,kpop_0077.png,1,3,4,koclip_svm
8200,kpop_0077.png,3,3,4,koclip_svm
8201,kpop_0077.png,3,3,4,koclip_svm
8202,kpop_0077.png,3,3,4,koclip_svm
8203,kpop_0077.png,4,4,4,koclip_svm
8204,kpop_0077.png,4,4,4,koclip_svm
8205,kpop_0077.png,4,4,4,koclip_svm
8206,kpop_0077.png,3,1,4,koclip_svm
8207,kpop_0077.png,4,4,4,koclip_svm
8208,kpop_0077.png,4,3,4,koclip_svm
8209,kpop_0077.png,3,3,4,koclip_svm
8210,kpop_0077.png,2,3,4,koclip_svm
8211,kpop_0077.png,1,3,4,koclip_svm
8212,kpop_0077.png,3,3,4,koclip_svm
8213,kpop_0077.png,4,4,4,koclip_svm
8218,kpop_0079.png,4,4,4,koclip_svm
8219,kpop_0079.png,4,4,4,koclip_svm
8220,kpop_0079.png,3,3,4,koclip_svm
8221,kpop_0079.png,4,4,4,koclip_svm
8222,kpop_0079.png,4,4,4,koclip_svm
8236,kpop_0082.png,4,4,4,koclip_svm
8237,kpop_0082.png,4,4,4,koclip_svm
8238,kpop_0082.png,3,4,4,koclip_svm
8239,kpop_0082.png,4,3,4,koclip_svm
8240,kpop_0082.png,3,3,4,koclip_svm
8241,kpop_0082.png,3,1,4,koclip_svm
8242,kpop_0082.png,3,3,4,koclip_svm
8243,kpop_0082.png,3,1,4,koclip_svm
8244,kpop_0082.png,4,3,4,koclip_svm
8245,kpop_0082.png,2,4,4,koclip_svm
8246,kpop_0082.png,1,0,4,koclip_svm
8263,kpop_0087.png,4,4,4,koclip_svm
8264,kpop_0087.png,4,1,4,koclip_svm
8265,kpop_0087.png,3,1,4,koclip_svm
8266,kpop_0087.png,3,3,4,koclip_svm
8267,kpop_0087.png,3,3,4,koclip_svm
8268,kpop_0087.png,1,1,4,koclip_svm
8269,kpop_0087.png,2,1,4,koclip_svm
8270,kpop_0087.png,1,4,4,koclip_svm
8385,spotify_0002.png,1,4,4,koclip_svm
8386,spotify_0002.png,0,4,4,koclip_svm
8387,spotify_0002.png,0,4,4,koclip_svm
8388,spotify_0002.png,0,4,4,koclip_svm
8400,spotify_0008.png,3,3,4,koclip_svm
8401,spotify_0008.png,4,4,4,koclip_svm
8402,spotify_0008.png,4,3,4,koclip_svm
8403,spotify_0008.png,3,1,4,koclip_svm
8404,spotify_0008.png,2,2,4,koclip_svm
8421,spotify_0015.png,3,3,4,koclip_svm
8422,spotify_0015.png,3,3,4,koclip_svm
8423,spotify_0015.png,4,4,4,koclip_svm
8424,spotify_0015.png,4,4,4,koclip_svm
8450,spotify_0024.png,4,4,4,koclip_svm
8451,spotify_0024.png,4,4,4,koclip_svm
8452,spotify_0024.png,3,3,4,koclip_svm
8453,spotify_0024.png,2,3,4,koclip_svm
8483,spotify_0040.png,4,4,4,koclip_svm
8484,spotify_0040.png,4,4,4,koclip_svm
8485,spotify_0040.png,2,4,4,koclip_svm
8486,spotify_0040.png,2,1,4,koclip_svm
8558,spotify_0059.png,3,3,4,koclip_svm
8559,spotify_0059.png,3,1,4,koclip_svm
8560,spotify_0059.png,2,3,4,koclip_svm
8561,spotify_0059.png,2,1,4,koclip_svm
8562,spotify_0059.png,2,2,4,koclip_svm
8588,spotify_0066.png,3,3,4,koclip_svm
8589,spotify_0066.png,2,3,4,koclip_svm
8590,spotify_0066.png,2,3,4,koclip_svm
8591,spotify_0066.png,4,1,4,koclip_svm
8592,spotify_0066.png,4,1,4,koclip_svm
8599,spotify_0072.png,4,1,4,koclip_svm
8600,spotify_0072.png,3,4,4,koclip_svm
8601,spotify_0072.png,1,1,4,koclip_svm
8602,spotify_0072.png,3,4,4,koclip_svm
8603,spotify_0072.png,4,4,4,koclip_svm
8633,spotify_0089.png,1,4,4,koclip_svm
8634,spotify_0089.png,3,3,4,koclip_svm
8635,spotify_0089.png,2,3,4,koclip_svm
8636,spotify_0089.png,2,3,4,koclip_svm
8637,spotify_0089.png,2,3,4,koclip_svm
8638,spotify_0093.png,4,4,4,koclip_svm
8639,spotify_0093.png,4,4,4,koclip_svm
8640,spotify_0093.png,4,4,4,koclip_svm
8641,spotify_0093.png,1,1,4,koclip_svm
8642,spotify_0093.png,1,4,4,koclip_svm
8643,spotify_0093.png,1,4,4,koclip_svm
8644,spotify_0093.png,0,4,4,koclip_svm
8645,spotify_0093.png,0,1,4,koclip_svm
8646,spotify_0093.png,3,4,4,koclip_svm
8647,spotify_0093.png,0,4,4,koclip_svm
8648,spotify_0093.png,3,4,4,koclip_svm
8649,spotify_0093.png,3,4,4,koclip_svm
8655,spotify_0095.png,2,2,4,koclip_svm
8656,spotify_0095.png,3,1,4,koclip_svm
8657,spotify_0095.png,3,2,4,koclip_svm
8658,spotify_0095.png,2,2,4,koclip_svm
8659,spotify_0095.png,4,1,4,koclip_svm
8680,netflix_0002.png,4,1,4,koclip_svm
8681,netflix_0002.png,1,2,4,koclip_svm
8682,netflix_0002.png,1,4,4,koclip_svm
8683,netflix_0002.png,0,4,4,koclip_svm
8684,netflix_0002.png,1,4,4,koclip_svm
8690,netflix_0004.png,4,4,4,koclip_svm
8691,netflix_0004.png,4,4,4,koclip_svm
8692,netflix_0004.png,4,2,4,koclip_svm
8693,netflix_0004.png,3,2,4,koclip_svm
8694,netflix_0004.png,3,2,4,koclip_svm
8695,netflix_0004.png,1,2,4,koclip_svm
8696,netflix_0004.png,2,2,4,koclip_svm
8697,netflix_0004.png,1,4,4,koclip_svm
8698,netflix_0004.png,1,2,4,koclip_svm
8699,netflix_0004.png,1,2,4,koclip_svm
8704,netflix_0006.png,3,3,4,koclip_svm
8705,netflix_0006.png,0,0,4,koclip_svm
8706,netflix_0006.png,0,4,4,koclip_svm
8707,netflix_0006.png,1,1,4,koclip_svm
8708,netflix_0006.png,1,1,4,koclip_svm
8727,netflix_0013.png,4,4,4,koclip_svm
8772,netflix_0021.png,1,1,4,koclip_svm
8773,netflix_0021.png,1,4,4,koclip_svm
8774,netflix_0021.png,1,1,4,koclip_svm
8800,netflix_0031.png,4,4,4,koclip_svm
8801,netflix_0031.png,3,2,4,koclip_svm
8802,netflix_0031.png,3,2,4,koclip_svm
8803,netflix_0031.png,4,4,4,koclip_svm
8804,netflix_0031.png,3,2,4,koclip_svm
8805,netflix_0031.png,3,2,4,koclip_svm
8806,netflix_0031.png,2,2,4,koclip_svm
8809,netflix_0034.png,2,4,4,koclip_svm
8810,netflix_0034.png,4,4,4,koclip_svm
8811,netflix_0034.png,1,4,4,koclip_svm
8812,netflix_0034.png,3,4,4,koclip_svm
8813,netflix_0034.png,3,2,4,koclip_svm
8826,netflix_0038.png,4,0,4,koclip_svm
8827,netflix_0038.png,1,1,4,koclip_svm
8828,netflix_0038.png,1,4,4,koclip_svm
8829,netflix_0038.png,4,0,4,koclip_svm
8830,netflix_0038.png,0,1,4,koclip_svm
8848,netflix_0042.png,4,4,4,koclip_svm
8849,netflix_0042.png,2,1,4,koclip_svm
8850,netflix_0042.png,1,2,4,koclip_svm
8867,netflix_0048.png,4,4,4,koclip_svm
8868,netflix_0048.png,3,4,4,koclip_svm
8869,netflix_0048.png,3,4,4,koclip_svm
8870,netflix_0048.png,2,4,4,koclip_svm
8871,netflix_0048.png,2,4,4,koclip_svm
8957,netflix_0068.png,4,2,4,koclip_svm
8958,netflix_0068.png,2,2,4,koclip_svm
8959,netflix_0068.png,4,4,4,koclip_svm
8960,netflix_0068.png,4,4,4,koclip_svm
8966,netflix_0070.png,4,1,4,koclip_svm
8967,netflix_0070.png,4,4,4,koclip_svm
8968,netflix_0070.png,4,1,4,koclip_svm
9022,netflix_0092.png,1,4,4,koclip_svm
9023,netflix_0092.png,4,4,4,koclip_svm
9024,netflix_0092.png,1,4,4,koclip_svm
9025,netflix_0093.png,1,1,4,koclip_svm
9026,netflix_0093.png,3,3,4,koclip_svm
9027,netflix_0093.png,1,1,4,koclip_svm
9028,netflix_0093.png,4,4,4,koclip_svm
9029,netflix_0093.png,2,1,4,koclip_svm
9030,netflix_0095.png,4,4,4,koclip_svm
9031,netflix_0095.png,3,1,4,koclip_svm
9032,netflix_0095.png,4,4,4,koclip_svm
9033,netflix_0095.png,4,1,4,koclip_svm
9034,netflix_0095.png,4,4,4,koclip_svm
9035,netflix_0095.png,1,2,4,koclip_svm
9036,netflix_0096.png,2,1,4,koclip_svm
9037,netflix_0096.png,0,4,4,koclip_svm
9038,netflix_0096.png,1,1,4,koclip_svm
9147,apple_0026.png,4,4,4,koclip_svm
9148,apple_0026.png,4,4,4,koclip_svm
9149,apple_0026.png,3,4,4,koclip_svm
9150,apple_0026.png,4,4,4,koclip_svm
9151,apple_0026.png,4,4,4,koclip_svm
9152,apple_0026.png,4,4,4,koclip_svm
9153,apple_0026.png,1,4,4,koclip_svm
9184,apple_0040.png,4,4,4,koclip_svm
9185,apple_0040.png,4,4,4,koclip_svm
9186,apple_0040.png,4,4,4,koclip_svm
9187,apple_0040.png,4,4,4,koclip_svm
9188,apple_0041.png,4,4,4,koclip_svm
9189,apple_0041.png,4,4,4,koclip_svm
9190,apple_0041.png,4,4,4,koclip_svm
9191,apple_0041.png,3,1,4,koclip_svm
9192,apple_0041.png,4,4,4,koclip_svm
9193,apple_0042.png,4,4,4,koclip_svm
9194,apple_0042.png,3,4,4,koclip_svm
9195,apple_0042.png,2,2,4,koclip_svm
9196,apple_0042.png,0,1,4,koclip_svm
9197,apple_0042.png,2,2,4,koclip_svm
9208,apple_0047.png,4,4,4,koclip_svm
9209,apple_0047.png,4,4,4,koclip_svm
9210,apple_0047.png,3,4,4,koclip_svm
9211,apple_0047.png,2,4,4,koclip_svm
9212,apple_0047.png,3,3,4,koclip_svm
9213,apple_0047.png,4,4,4,koclip_svm
9223,apple_0050.png,4,4,4,koclip_svm
9224,apple_0050.png,4,4,4,koclip_svm
9225,apple_0050.png,4,4,4,koclip_svm
9226,apple_0050.png,2,1,4,koclip_svm
9227,apple_0050.png,4,4,4,koclip_svm
9232,apple_0052.png,4,4,4,koclip_svm
9233,apple_0052.png,4,4,4,koclip_svm
9234,apple_0052.png,4,4,4,koclip_svm
9235,apple_0052.png,4,4,4,koclip_svm
9236,apple_0052.png,4,4,4,koclip_svm
9237,apple_0055.png,4,1,4,koclip_svm
9238,apple_0055.png,3,1,4,koclip_svm
9239,apple_0055.png,4,0,4,koclip_svm
9240,apple_0055.png,4,0,4,koclip_svm
9241,apple_0055.png,3,4,4,koclip_svm
9344,apple_0097.png,4,4,4,koclip_svm
9345,apple_0097.png,4,4,4,koclip_svm
9346,apple_0098.png,4,4,4,koclip_svm
9347,apple_0098.png,4,4,4,koclip_svm
9348,apple_0098.png,1,1,4,koclip_svm
9349,apple_0098.png,2,4,4,koclip_svm
9350,apple_0098.png,3,2,4,koclip_svm
9379,galaxy_0007.png,4,1,4,koclip_svm
9380,galaxy_0007.png,1,1,4,koclip_svm
9381,galaxy_0007.png,0,4,4,koclip_svm
9382,galaxy_0007.png,1,1,4,koclip_svm
9383,galaxy_0007.png,1,1,4,koclip_svm
9384,galaxy_0007.png,4,4,4,koclip_svm
9424,galaxy_0018.png,1,1,4,koclip_svm
9425,galaxy_0018.png,1,1,4,koclip_svm
9426,galaxy_0018.png,1,1,4,koclip_svm
9447,galaxy_0023.png,4,4,4,koclip_svm
9448,galaxy_0023.png,1,4,4,koclip_svm
9449,galaxy_0023.png,1,2,4,koclip_svm
9450,galaxy_0023.png,2,2,4,koclip_svm
9451,galaxy_0023.png,2,2,4,koclip_svm
9452,galaxy_0025.png,1,4,4,koclip_svm
9453,galaxy_0025.png,1,1,4,koclip_svm
9454,galaxy_0025.png,4,4,4,koclip_svm
9455,galaxy_0025.png,4,4,4,koclip_svm
9456,galaxy_0025.png,2,2,4,koclip_svm
9487,galaxy_0028.png,0,4,4,koclip_svm
9488,galaxy_0028.png,2,1,4,koclip_svm
9489,galaxy_0028.png,4,4,4,koclip_svm
9490,galaxy_0028.png,3,4,4,koclip_svm
9491,galaxy_0028.png,1,1,4,koclip_svm
9532,galaxy_0035.png,4,4,4,koclip_svm
9533,galaxy_0035.png,3,2,4,koclip_svm
9540,galaxy_0039.png,4,4,4,koclip_svm
9541,galaxy_0039.png,4,4,4,koclip_svm
9542,galaxy_0039.png,4,4,4,koclip_svm
9543,galaxy_0039.png,3,1,4,koclip_svm
9544,galaxy_0039.png,4,4,4,koclip_svm
9596,galaxy_0061.png,2,1,4,koclip_svm
9597,galaxy_0061.png,3,4,4,koclip_svm
9598,galaxy_0061.png,4,1,4,koclip_svm
9599,galaxy_0061.png,1,1,4,koclip_svm
9600,galaxy_0061.png,3,1,4,koclip_svm
9601,galaxy_0063.png,4,4,4,koclip_svm
9602,galaxy_0063.png,4,4,4,koclip_svm
9603,galaxy_0063.png,4,4,4,koclip_svm
9604,galaxy_0063.png,4,4,4,koclip_svm
9605,galaxy_0063.png,3,4,4,koclip_svm
9606,galaxy_0063.png,1,4,4,koclip_svm
9607,galaxy_0063.png,1,4,4,koclip_svm
9608,galaxy_0063.png,0,4,4,koclip_svm
9609,galaxy_0063.png,4,4,4,koclip_svm
9610,galaxy_0063.png,3,2,4,koclip_svm
9611,galaxy_0063.png,3,2,4,koclip_svm
9637,galaxy_0070.png,4,4,4,koclip_svm
9638,galaxy_0070.png,4,4,4,koclip_svm
9639,galaxy_0070.png,3,3,4,koclip_svm
9640,galaxy_0070.png,3,4,4,koclip_svm
9644,galaxy_0073.png,4,1,4,koclip_svm
9645,galaxy_0073.png,4,4,4,koclip_svm
9646,galaxy_0073.png,4,1,4,koclip_svm
9647,galaxy_0073.png,4,4,4,koclip_svm
9648,galaxy_0073.png,4,4,4,koclip_svm
9649,galaxy_0073.png,4,4,4,koclip_svm
9650,galaxy_0073.png,1,1,4,koclip_svm
9651,galaxy_0073.png,1,1,4,koclip_svm
9652,galaxy_0073.png,0,4,4,koclip_svm
9662,galaxy_0077.png,0,4,4,koclip_svm
9663,galaxy_0077.png,3,1,4,koclip_svm
9664,galaxy_0077.png,4,4,4,koclip_svm
9665,galaxy_0077.png,4,4,4,koclip_svm
9666,galaxy_0077.png,1,1,4,koclip_svm
9667,galaxy_0078.png,2,4,4,koclip_svm
9668,galaxy_0078.png,3,1,4,koclip_svm
9669,galaxy_0078.png,1,1,4,koclip_svm
9670,galaxy_0078.png,0,1,4,koclip_svm
9671,galaxy_0078.png,4,3,4,koclip_svm
9672,galaxy_0078.png,2,4,4,koclip_svm
9673,galaxy_0078.png,2,4,4,koclip_svm
9674,galaxy_0078.png,0,4,4,koclip_svm
9683,galaxy_0081.png,4,4,4,koclip_svm
9684,galaxy_0081.png,4,4,4,koclip_svm
9685,galaxy_0081.png,4,4,4,koclip_svm
9686,galaxy_0081.png,4,4,4,koclip_svm
9687,galaxy_0081.png,4,4,4,koclip_svm
9688,galaxy_0081.png,1,4,4,koclip_svm
9689,galaxy_0081.png,1,4,4,koclip_svm
9690,galaxy_0081.png,1,4,4,koclip_svm
9691,galaxy_0081.png,4,4,4,koclip_svm
9692,galaxy_0081.png,2,2,4,koclip_svm
9693,galaxy_0081.png,3,2,4,koclip_svm
9695,galaxy_0083.png,3,3,4,koclip_svm
9696,galaxy_0083.png,1,1,4,koclip_svm
9697,galaxy_0083.png,4,4,4,koclip_svm
9698,galaxy_0083.png,4,4,4,koclip_svm
9779,iphone16_0001.png,4,2,4,koclip_svm
9780,iphone16_0001.png,3,3,4,koclip_svm
9781,iphone16_0001.png,3,3,4,koclip_svm
9782,iphone16_0001.png,1,4,4,koclip_svm
9783,iphone16_0001.png,2,2,4,koclip_svm
9784,iphone16_0001.png,3,3,4,koclip_svm
9785,iphone16_0001.png,0,1,4,koclip_svm
9786,iphone16_0001.png,0,1,4,koclip_svm
9787,iphone16_0001.png,0,0,4,koclip_svm
9788,iphone16_0001.png,0,1,4,koclip_svm
9789,iphone16_0001.png,1,3,4,koclip_svm
9790,iphone16_0001.png,0,2,4,koclip_svm
9791,iphone16_0001.png,0,1,4,koclip_svm
9792,iphone16_0001.png,0,0,4,koclip_svm
9793,iphone16_0001.png,0,0,4,koclip_svm
9794,iphone16_0001.png,0,0,4,koclip_svm
9795,iphone16_0001.png,0,0,4,koclip_svm
9796,iphone16_0001.png,0,0,4,koclip_svm
9797,iphone16_0001.png,0,0,4,koclip_svm
9798,iphone16_0001.png,0,0,4,koclip_svm
9799,iphone16_0001.png,0,0,4,koclip_svm
9800,iphone16_0001.png,1,4,4,koclip_svm
9801,iphone16_0001.png,1,1,4,koclip_svm
9802,iphone16_0001.png,2,3,4,koclip_svm
9803,iphone16_0001.png,2,3,4,koclip_svm
9804,iphone16_0001.png,2,2,4,koclip_svm
9805,iphone16_0001.png,2,0,4,koclip_svm
9806,iphone16_0001.png,1,0,4,koclip_svm
9807,iphone16_0002.png,1,1,4,koclip_svm
9808,iphone16_0002.png,4,4,4,koclip_svm
9809,iphone16_0002.png,3,4,4,koclip_svm
9810,iphone16_0002.png,2,1,4,koclip_svm
9811,iphone16_0002.png,2,1,4,koclip_svm
9849,iphone16_0010.png,4,4,4,koclip_svm
9850,iphone16_0010.png,0,0,4,koclip_svm
9851,iphone16_0010.png,0,4,4,koclip_svm
9868,iphone16_0014.png,0,1,4,koclip_svm
9869,iphone16_0014.png,4,4,4,koclip_svm
9870,iphone16_0014.png,2,1,4,koclip_svm
9871,iphone16_0014.png,4,4,4,koclip_svm
9876,iphone16_0016.png,4,4,4,koclip_svm
9877,iphone16_0016.png,4,4,4,koclip_svm
9878,iphone16_0016.png,1,4,4,koclip_svm
9879,iphone16_0016.png,1,4,4,koclip_svm
9880,iphone16_0016.png,3,1,4,koclip_svm
9881,iphone16_0017.png,4,4,4,koclip_svm
9882,iphone16_0017.png,4,4,4,koclip_svm
9884,iphone16_0020.png,1,4,4,koclip_svm
9885,iphone16_0020.png,0,4,4,koclip_svm
9886,iphone16_0020.png,1,1,4,koclip_svm
9887,iphone16_0020.png,2,1,4,koclip_svm
9888,iphone16_0020.png,2,2,4,koclip_svm
9889,iphone16_0022.png,4,4,4,koclip_svm
9890,iphone16_0022.png,1,4,4,koclip_svm
9891,iphone16_0022.png,1,1,4,koclip_svm
9892,iphone16_0022.png,0,0,4,koclip_svm
9893,iphone16_0022.png,3,1,4,koclip_svm
9911,iphone16_0032.png,3,1,4,koclip_svm
9912,iphone16_0032.png,4,0,4,koclip_svm
9913,iphone16_0032.png,3,4,4,koclip_svm
9914,iphone16_0032.png,4,4,4,koclip_svm
9915,iphone16_0032.png,4,4,4,koclip_svm
9916,iphone16_0032.png,4,4,4,koclip_svm
9917,iphone16_0032.png,4,1,4,koclip_svm
9918,iphone16_0032.png,3,4,4,koclip_svm
9938,iphone16_0039.png,0,4,4,koclip_svm
9973,iphone16_0048.png,4,4,4,koclip_svm
9974,iphone16_0048.png,4,4,4,koclip_svm
9975,iphone16_0048.png,0,1,4,koclip_svm
9976,iphone16_0048.png,1,1,4,koclip_svm
9977,iphone16_0048.png,2,4,4,koclip_svm
9983,iphone16_0051.png,1,4,4,koclip_svm
9984,iphone16_0051.png,4,4,4,koclip_svm
9985,iphone16_0051.png,2,1,4,koclip_svm
9986,iphone16_0051.png,2,2,4,koclip_svm
9987,iphone16_0051.png,0,1,4,koclip_svm
9988,iphone16_0052.png,4,4,4,koclip_svm
9989,iphone16_0052.png,1,4,4,koclip_svm
9990,iphone16_0052.png,1,0,4,koclip_svm
9991,iphone16_0052.png,0,0,4,koclip_svm
9992,iphone16_0052.png,3,1,4,koclip_svm
9998,iphone16_0054.png,1,1,4,koclip_svm
9999,iphone16_0054.png,4,0,4,koclip_svm
10000,iphone16_0054.png,4,1,4,koclip_svm
10001,iphone16_0054.png,2,0,4,koclip_svm
10043,iphone16_0063.png,4,4,4,koclip_svm
10044,iphone16_0063.png,4,2,4,koclip_svm
10045,iphone16_0063.png,3,2,4,koclip_svm
10046,iphone16_0063.png,1,1,4,koclip_svm
10047,iphone16_0063.png,1,1,4,koclip_svm
10053,iphone16_0065.png,4,4,4,koclip_svm
10054,iphone16_0065.png,4,4,4,koclip_svm
10126,iphone16_0079.png,1,4,4,koclip_svm
10127,iphone16_0079.png,1,4,4,koclip_svm
10128,iphone16_0079.png,4,4,4,koclip_svm
10129,iphone16_0079.png,0,4,4,koclip_svm
10130,iphone16_0079.png,0,4,4,koclip_svm
10131,iphone16_0079.png,0,4,4,koclip_svm
10132,iphone16_0079.png,0,4,4,koclip_svm
10133,iphone16_0079.png,3,4,4,koclip_svm
10134,iphone16_0079.png,1,4,4,koclip_svm
10135,iphone16_0079.png,4,0,4,koclip_svm
10136,iphone16_0079.png,4,0,4,koclip_svm
10137,iphone16_0079.png,4,0,4,koclip_svm
10138,iphone16_0079.png,3,4,4,koclip_svm
10139,iphone16_0079.png,4,4,4,koclip_svm
10140,iphone16_0079.png,4,0,4,koclip_svm
10141,iphone16_0079.png,4,0,4,koclip_svm
10142,iphone16_0079.png,4,4,4,koclip_svm
10143,iphone16_0079.png,3,4,4,koclip_svm
10144,iphone16_0079.png,4,0,4,koclip_svm
10145,iphone16_0079.png,0,4,4,koclip_svm
10146,iphone16_0079.png,0,0,4,koclip_svm
10147,iphone16_0079.png,0,1,4,koclip_svm
10148,iphone16_0079.png,2,1,4,koclip_svm
10149,iphone16_0079.png,3,4,4,koclip_svm
10150,iphone16_0079.png,0,4,4,koclip_svm
10151,iphone16_0079.png,3,4,4,koclip_svm
10157,iphone16_0081.png,0,4,4,koclip_svm
10158,iphone16_0081.png,2,2,4,koclip_svm
10159,iphone16_0081.png,3,4,4,koclip_svm
10160,iphone16_0081.png,4,2,4,koclip_svm
10161,iphone16_0081.png,4,4,4,koclip_svm
10182,iphone16_0086.png,3,1,4,koclip_svm
10183,iphone16_0086.png,4,4,4,koclip_svm
10184,iphone16_0086.png,3,1,4,koclip_svm
10185,iphone16_0086.png,2,2,4,koclip_svm
10186,iphone16_0086.png,2,2,4,koclip_svm
10187,iphone16_0086.png,2,4,4,koclip_svm
10188,iphone16_0086.png,1,2,4,koclip_svm
10189,iphone16_0088.png,4,1,4,koclip_svm
10190,iphone16_0088.png,4,2,4,koclip_svm
10191,iphone16_0088.png,4,2,4,koclip_svm
10192,iphone16_0088.png,3,2,4,koclip_svm
10193,iphone16_0088.png,4,4,4,koclip_svm
10199,iphone16_0090.png,1,2,4,koclip_svm
10200,iphone16_0090.png,4,4,4,koclip_svm
10247,iphone16_0097.png,4,4,4,koclip_svm
10248,iphone16_0097.png,4,4,4,koclip_svm
10249,iphone16_0097.png,3,4,4,koclip_svm
10250,iphone16_0097.png,4,4,4,koclip_svm
10251,iphone16_0097.png,2,4,4,koclip_svm
10252,iphone16_0098.png,4,4,4,koclip_svm
10253,iphone16_0098.png,0,4,4,koclip_svm
10254,iphone16_0098.png,3,4,4,koclip_svm
10255,iphone16_0098.png,0,0,4,koclip_svm
10256,iphone16_0098.png,4,1,4,koclip_svm
10273,healthstagram_0006.png,3,3,4,koclip_svm
10408,healthstagram_0027.png,0,1,4,koclip_svm
10698,healthstagram_0091.png,1,2,4,koclip_svm
10699,healthstagram_0091.png,4,4,4,koclip_svm
10700,healthstagram_0091.png,0,1,4,koclip_svm
10701,healthstagram_0091.png,0,1,4,koclip_svm
10702,healthstagram_0091.png,1,1,4,koclip_svm
10703,healthstagram_0091.png,2,2,4,koclip_svm
10704,healthstagram_0091.png,0,0,4,koclip_svm
10705,healthstagram_0091.png,0,1,4,koclip_svm
10706,healthstagram_0091.png,0,0,4,koclip_svm
10707,healthstagram_0091.png,0,0,4,koclip_svm
10708,healthstagram_0091.png,0,1,4,koclip_svm
10709,healthstagram_0091.png,0,1,4,koclip_svm
10710,healthstagram_0091.png,0,1,4,koclip_svm
10711,healthstagram_0091.png,0,1,4,koclip_svm
10712,healthstagram_0091.png,2,2,4,koclip_svm
10713,healthstagram_0091.png,0,2,4,koclip_svm
10714,healthstagram_0091.png,4,2,4,koclip_svm
10715,healthstagram_0091.png,4,4,4,koclip_svm
10716,healthstagram_0091.png,4,4,4,koclip_svm
10717,healthstagram_0091.png,3,2,4,koclip_svm
10718,healthstagram_0091.png,3,4,4,koclip_svm
10719,healthstagram_0091.png,0,0,4,koclip_svm
10720,healthstagram_0091.png,1,1,4,koclip_svm
10721,healthstagram_0091.png,0,1,4,koclip_svm
10722,healthstagram_0091.png,1,1,4,koclip_svm
10723,healthstagram_0091.png,0,1,4,koclip_svm
10724,healthstagram_0091.png,0,1,4,koclip_svm
10725,healthstagram_0091.png,3,3,4,koclip_svm
10726,healthstagram_0091.png,0,0,4,koclip_svm
10727,healthstagram_0091.png,0,1,4,koclip_svm
10763,healthstagram_0095.png,4,3,4,koclip_svm
10764,healthstagram_0095.png,4,4,4,koclip_svm
10765,healthstagram_0095.png,4,4,4,koclip_svm
10766,healthstagram_0095.png,3,1,4,koclip_svm
10767,healthstagram_0095.png,4,4,4,koclip_svm
10768,healthstagram_0095.png,4,4,4,koclip_svm
10769,healthstagram_0095.png,4,4,4,koclip_svm
10770,healthstagram_0095.png,0,2,4,koclip_svm
10771,healthstagram_0095.png,0,0,4,koclip_svm
10772,healthstagram_0095.png,4,4,4,koclip_svm
10773,healthstagram_0095.png,4,4,4,koclip_svm
10774,healthstagram_0095.png,1,3,4,koclip_svm
10775,healthstagram_0095.png,0,1,4,koclip_svm
10776,healthstagram_0095.png,4,3,4,koclip_svm
10777,healthstagram_0095.png,4,4,4,koclip_svm
10852,ounwan_0014.png,1,1,4,koclip_svm
10853,ounwan_0014.png,3,3,4,koclip_svm
10854,ounwan_0014.png,0,2,4,koclip_svm
10855,ounwan_0014.png,4,4,4,koclip_svm
10856,ounwan_0014.png,4,4,4,koclip_svm
10857,ounwan_0014.png,4,4,4,koclip_svm
10858,ounwan_0014.png,4,4,4,koclip_svm
10859,ounwan_0014.png,4,4,4,koclip_svm
10860,ounwan_0014.png,2,2,4,koclip_svm
10861,ounwan_0014.png,3,4,4,koclip_svm
10862,ounwan_0014.png,2,2,4,koclip_svm
10863,ounwan_0014.png,1,0,4,koclip_svm
10864,ounwan_0014.png,0,1,4,koclip_svm
10865,ounwan_0014.png,2,2,4,koclip_svm
10866,ounwan_0014.png,2,2,4,koclip_svm
10867,ounwan_0014.png,2,2,4,koclip_svm
10868,ounwan_0014.png,3,2,4,koclip_svm
10869,ounwan_0014.png,3,2,4,koclip_svm
10870,ounwan_0014.png,2,2,4,koclip_svm
10871,ounwan_0014.png,2,4,4,koclip_svm
10872,ounwan_0014.png,2,2,4,koclip_svm
10873,ounwan_0014.png,2,2,4,koclip_svm
10874,ounwan_0014.png,4,4,4,koclip_svm
10875,ounwan_0014.png,0,1,4,koclip_svm
10876,ounwan_0014.png,1,2,4,koclip_svm
10877,ounwan_0014.png,1,1,4,koclip_svm
10878,ounwan_0014.png,3,2,4,koclip_svm
10879,ounwan_0014.png,1,1,4,koclip_svm
10880,ounwan_0014.png,2,2,4,koclip_svm
10881,ounwan_0014.png,2,2,4,koclip_svm
10936,ounwan_0021.png,4,3,4,koclip_svm
10976,ounwan_0038.png,4,4,4,koclip_svm
10977,ounwan_0038.png,3,3,4,koclip_svm
10978,ounwan_0038.png,4,4,4,koclip_svm
10979,ounwan_0038.png,2,2,4,koclip_svm
10980,ounwan_0038.png,0,4,4,koclip_svm
10981,ounwan_0038.png,4,4,4,koclip_svm
10982,ounwan_0038.png,1,2,4,koclip_svm
10983,ounwan_0038.png,3,2,4,koclip_svm
10984,ounwan_0038.png,3,4,4,koclip_svm
10985,ounwan_0038.png,1,3,4,koclip_svm
10986,ounwan_0038.png,2,2,4,koclip_svm
10987,ounwan_0038.png,4,2,4,koclip_svm
10988,ounwan_0038.png,2,2,4,koclip_svm
10989,ounwan_0038.png,2,2,4,koclip_svm
10990,ounwan_0038.png,0,1,4,koclip_svm
10991,ounwan_0038.png,2,2,4,koclip_svm
10992,ounwan_0038.png,0,1,4,koclip_svm
10993,ounwan_0038.png,0,1,4,koclip_svm
10994,ounwan_0038.png,4,1,4,koclip_svm
10995,ounwan_0038.png,4,1,4,koclip_svm
10996,ounwan_0038.png,0,1,4,koclip_svm
10997,ounwan_0038.png,0,1,4,koclip_svm
10998,ounwan_0038.png,4,4,4,koclip_svm
10999,ounwan_0038.png,4,4,4,koclip_svm
11000,ounwan_0038.png,3,4,4,koclip_svm
11001,ounwan_0038.png,0,1,4,koclip_svm
11002,ounwan_0038.png,0,2,4,koclip_svm
11004,ounwan_0042.png,4,3,4,koclip_svm
11029,ounwan_0044.png,3,3,4,koclip_svm
11030,ounwan_0044.png,4,4,4,koclip_svm
11031,ounwan_0044.png,3,2,4,koclip_svm
11032,ounwan_0044.png,2,2,4,koclip_svm
11033,ounwan_0044.png,2,2,4,koclip_svm
11034,ounwan_0044.png,3,4,4,koclip_svm
11035,ounwan_0044.png,3,3,4,koclip_svm
11036,ounwan_0044.png,3,3,4,koclip_svm
11037,ounwan_0044.png,1,1,4,koclip_svm
11038,ounwan_0044.png,2,2,4,koclip_svm
11039,ounwan_0044.png,4,4,4,koclip_svm
11040,ounwan_0044.png,2,2,4,koclip_svm
11041,ounwan_0044.png,0,0,4,koclip_svm
11042,ounwan_0044.png,1,2,4,koclip_svm
11043,ounwan_0044.png,3,2,4,koclip_svm
11044,ounwan_0044.png,1,1,4,koclip_svm
11045,ounwan_0047.png,3,3,4,koclip_svm
11046,ounwan_0047.png,3,4,4,koclip_svm
11047,ounwan_0047.png,4,4,4,koclip_svm
11048,ounwan_0047.png,1,4,4,koclip_svm
11049,ounwan_0049.png,4,3,4,koclip_svm
11050,ounwan_0049.png,1,0,4,koclip_svm
11051,ounwan_0049.png,4,4,4,koclip_svm
11052,ounwan_0049.png,0,4,4,koclip_svm
11053,ounwan_0049.png,3,2,4,koclip_svm
11054,ounwan_0049.png,4,2,4,koclip_svm
11055,ounwan_0049.png,3,3,4,koclip_svm
11056,ounwan_0049.png,4,4,4,koclip_svm
11057,ounwan_0049.png,3,3,4,koclip_svm
11058,ounwan_0049.png,4,4,4,koclip_svm
11059,ounwan_0049.png,2,2,4,koclip_svm
11060,ounwan_0049.png,2,2,4,koclip_svm
11061,ounwan_0049.png,0,1,4,koclip_svm
11062,ounwan_0049.png,2,2,4,koclip_svm
11063,ounwan_0049.png,4,4,4,koclip_svm
11064,ounwan_0049.png,0,2,4,koclip_svm
11066,ounwan_0053.png,3,3,4,koclip_svm
11067,ounwan_0053.png,2,2,4,koclip_svm
11068,ounwan_0053.png,4,4,4,koclip_svm
11069,ounwan_0053.png,4,3,4,koclip_svm
11070,ounwan_0053.png,4,4,4,koclip_svm
11071,ounwan_0053.png,3,0,4,koclip_svm
11072,ounwan_0053.png,2,0,4,koclip_svm
11073,ounwan_0053.png,4,4,4,koclip_svm
11074,ounwan_0053.png,4,4,4,koclip_svm
11075,ounwan_0053.png,4,4,4,koclip_svm
11076,ounwan_0053.png,2,2,4,koclip_svm
11077,ounwan_0053.png,3,2,4,koclip_svm
11078,ounwan_0053.png,1,0,4,koclip_svm
11079,ounwan_0053.png,1,1,4,koclip_svm
11080,ounwan_0053.png,1,1,4,koclip_svm
11081,ounwan_0053.png,1,1,4,koclip_svm
11082,ounwan_0053.png,0,0,4,koclip_svm
11083,ounwan_0053.png,0,0,4,koclip_svm
11084,ounwan_0053.png,1,1,4,koclip_svm
11085,ounwan_0053.png,0,2,4,koclip_svm
11086,ounwan_0053.png,4,1,4,koclip_svm
11087,ounwan_0053.png,4,4,4,koclip_svm
11088,ounwan_0053.png,2,2,4,koclip_svm
11089,ounwan_0053.png,1,0,4,koclip_svm
11090,ounwan_0053.png,0,0,4,koclip_svm
11091,ounwan_0053.png,0,0,4,koclip_svm
11092,ounwan_0053.png,1,1,4,koclip_svm
11093,ounwan_0053.png,0,1,4,koclip_svm
11094,ounwan_0053.png,1,1,4,koclip_svm
11096,ounwan_0056.png,3,1,4,koclip_svm
11097,ounwan_0056.png,1,1,4,koclip_svm
11098,ounwan_0056.png,1,1,4,koclip_svm
11099,ounwan_0056.png,1,1,4,koclip_svm
11100,ounwan_0056.png,4,0,4,koclip_svm
11101,ounwan_0056.png,1,0,4,koclip_svm
11102,ounwan_0056.png,1,1,4,koclip_svm
11103,ounwan_0056.png,1,1,4,koclip_svm
11104,ounwan_0056.png,4,4,4,koclip_svm
11105,ounwan_0056.png,4,4,4,koclip_svm
11106,ounwan_0056.png,0,0,4,koclip_svm
11107,ounwan_0056.png,0,0,4,koclip_svm
11108,ounwan_0056.png,0,1,4,koclip_svm
11109,ounwan_0056.png,0,0,4,koclip_svm
11110,ounwan_0056.png,1,1,4,koclip_svm
11111,ounwan_0056.png,1,1,4,koclip_svm
11112,ounwan_0056.png,2,2,4,koclip_svm
11113,ounwan_0056.png,1,1,4,koclip_svm
11114,ounwan_0056.png,2,2,4,koclip_svm
11115,ounwan_0056.png,0,1,4,koclip_svm
11116,ounwan_0056.png,2,2,4,koclip_svm
11117,ounwan_0056.png,3,4,4,koclip_svm
11118,ounwan_0056.png,2,2,4,koclip_svm
11119,ounwan_0056.png,3,3,4,koclip_svm
11133,ounwan_0058.png,1,1,4,koclip_svm
11134,ounwan_0058.png,0,2,4,koclip_svm
11185,ounwan_0066.png,3,3,4,koclip_svm
11216,ounwan_0072.png,4,4,4,koclip_svm
11217,ounwan_0072.png,3,3,4,koclip_svm
11360,ounwan_0092.png,3,2,4,koclip_svm
11361,ounwan_0092.png,4,3,4,koclip_svm
11435,dietfood_0006.png,4,3,4,koclip_svm
11436,dietfood_0006.png,3,4,4,koclip_svm
11437,dietfood_0006.png,3,2,4,koclip_svm
11438,dietfood_0006.png,4,2,4,koclip_svm
11439,dietfood_0006.png,4,4,4,koclip_svm
11445,dietfood_0008.png,4,3,4,koclip_svm
11446,dietfood_0008.png,4,3,4,koclip_svm
11447,dietfood_0008.png,3,2,4,koclip_svm
11448,dietfood_0008.png,4,4,4,koclip_svm
11449,dietfood_0008.png,4,3,4,koclip_svm
11459,dietfood_0012.png,4,3,4,koclip_svm
11460,dietfood_0012.png,3,3,4,koclip_svm
11461,dietfood_0012.png,4,2,4,koclip_svm
11462,dietfood_0012.png,4,2,4,koclip_svm
11463,dietfood_0012.png,3,2,4,koclip_svm
11469,dietfood_0014.png,4,4,4,koclip_svm
11470,dietfood_0014.png,2,3,4,koclip_svm
11471,dietfood_0014.png,3,4,4,koclip_svm
11472,dietfood_0014.png,3,4,4,koclip_svm
11473,dietfood_0014.png,1,4,4,koclip_svm
11474,dietfood_0014.png,4,3,4,koclip_svm
11475,dietfood_0014.png,1,3,4,koclip_svm
11476,dietfood_0014.png,2,3,4,koclip_svm
11514,dietfood_0024.png,1,2,4,koclip_svm
11515,dietfood_0024.png,1,2,4,koclip_svm
11516,dietfood_0024.png,0,2,4,koclip_svm
11517,dietfood_0024.png,0,0,4,koclip_svm
11518,dietfood_0024.png,0,4,4,koclip_svm
11529,dietfood_0026.png,4,3,4,koclip_svm
11530,dietfood_0026.png,4,3,4,koclip_svm
11531,dietfood_0026.png,3,3,4,koclip_svm
11532,dietfood_0026.png,2,3,4,koclip_svm
11533,dietfood_0026.png,3,3,4,koclip_svm
11534,dietfood_0026.png,2,2,4,koclip_svm
11535,dietfood_0026.png,1,2,4,koclip_svm
11536,dietfood_0026.png,4,3,4,koclip_svm
11537,dietfood_0026.png,1,3,4,koclip_svm
11538,dietfood_0026.png,2,4,4,koclip_svm
11539,dietfood_0026.png,3,4,4,koclip_svm
11540,dietfood_0026.png,2,4,4,koclip_svm
11541,dietfood_0026.png,3,2,4,koclip_svm
11542,dietfood_0026.png,4,3,4,koclip_svm
11543,dietfood_0026.png,3,3,4,koclip_svm
11544,dietfood_0026.png,4,3,4,koclip_svm
11545,dietfood_0026.png,4,3,4,koclip_svm
11546,dietfood_0026.png,1,2,4,koclip_svm
11547,dietfood_0026.png,1,3,4,koclip_svm
11548,dietfood_0026.png,0,3,4,koclip_svm
11650,dietfood_0045.png,4,3,4,koclip_svm
11651,dietfood_0045.png,4,3,4,koclip_svm
11652,dietfood_0045.png,3,4,4,koclip_svm
11653,dietfood_0045.png,4,4,4,koclip_svm
11654,dietfood_0045.png,3,2,4,koclip_svm
11688,dietfood_0053.png,3,3,4,koclip_svm
11689,dietfood_0053.png,3,3,4,koclip_svm
11690,dietfood_0053.png,4,3,4,koclip_svm
11691,dietfood_0053.png,2,2,4,koclip_svm
11692,dietfood_0053.png,2,2,4,koclip_svm
11693,dietfood_0053.png,1,2,4,koclip_svm
11694,dietfood_0053.png,3,3,4,koclip_svm
11695,dietfood_0053.png,3,4,4,koclip_svm
11701,dietfood_0055.png,4,3,4,koclip_svm
11702,dietfood_0055.png,4,3,4,koclip_svm
11703,dietfood_0055.png,4,4,4,koclip_svm
11704,dietfood_0055.png,2,4,4,koclip_svm
11705,dietfood_0055.png,4,3,4,koclip_svm
11738,dietfood_0061.png,3,3,4,koclip_svm
11739,dietfood_0061.png,3,3,4,koclip_svm
11740,dietfood_0061.png,3,2,4,koclip_svm
11741,dietfood_0061.png,3,4,4,koclip_svm
11742,dietfood_0061.png,3,2,4,koclip_svm
11743,dietfood_0061.png,1,3,4,koclip_svm
11744,dietfood_0061.png,2,2,4,koclip_svm
11745,dietfood_0061.png,3,3,4,koclip_svm
11746,dietfood_0061.png,4,3,4,koclip_svm
11747,dietfood_0061.png,3,3,4,koclip_svm
11748,dietfood_0061.png,3,4,4,koclip_svm
11749,dietfood_0061.png,2,2,4,koclip_svm
11750,dietfood_0061.png,4,4,4,koclip_svm
11751,dietfood_0061.png,2,3,4,koclip_svm
11752,dietfood_0061.png,2,2,4,koclip_svm
11753,dietfood_0061.png,3,2,4,koclip_svm
11754,dietfood_0061.png,4,4,4,koclip_svm
11760,dietfood_0063.png,4,2,4,koclip_svm
11761,dietfood_0063.png,3,3,4,koclip_svm
11762,dietfood_0063.png,4,4,4,koclip_svm
11763,dietfood_0063.png,3,3,4,koclip_svm
11764,dietfood_0063.png,2,2,4,koclip_svm
11765,dietfood_0064.png,4,4,4,koclip_svm
11766,dietfood_0064.png,4,3,4,koclip_svm
11767,dietfood_0064.png,3,4,4,koclip_svm
11768,dietfood_0064.png,4,3,4,koclip_svm
11769,dietfood_0064.png,1,4,4,koclip_svm
11770,dietfood_0064.png,2,2,4,koclip_svm
11771,dietfood_0064.png,4,4,4,koclip_svm
11772,dietfood_0064.png,1,3,4,koclip_svm
11773,dietfood_0064.png,1,2,4,koclip_svm
11774,dietfood_0065.png,4,4,4,koclip_svm
11775,dietfood_0065.png,3,3,4,koclip_svm
11776,dietfood_0065.png,3,4,4,koclip_svm
11777,dietfood_0065.png,2,2,4,koclip_svm
11778,dietfood_0065.png,3,4,4,koclip_svm
11779,dietfood_0065.png,3,3,4,koclip_svm
11780,dietfood_0065.png,4,4,4,koclip_svm
11781,dietfood_0065.png,2,2,4,koclip_svm
11782,dietfood_0065.png,3,3,4,koclip_svm
11783,dietfood_0067.png,0,4,4,koclip_svm
11784,dietfood_0067.png,0,4,4,koclip_svm
11785,dietfood_0067.png,0,4,4,koclip_svm
11786,dietfood_0067.png,0,3,4,koclip_svm
11787,dietfood_0067.png,0,3,4,koclip_svm
11818,dietfood_0071.png,4,4,4,koclip_svm
11819,dietfood_0071.png,4,4,4,koclip_svm
11820,dietfood_0071.png,4,4,4,koclip_svm
11821,dietfood_0071.png,2,3,4,koclip_svm
11822,dietfood_0071.png,3,2,4,koclip_svm
11828,dietfood_0073.png,0,4,4,koclip_svm
11829,dietfood_0073.png,3,3,4,koclip_svm
11830,dietfood_0073.png,4,3,4,koclip_svm
11831,dietfood_0073.png,1,4,4,koclip_svm
11832,dietfood_0073.png,4,4,4,koclip_svm
11833,dietfood_0074.png,1,3,4,koclip_svm
11834,dietfood_0074.png,3,4,4,koclip_svm
11835,dietfood_0074.png,3,4,4,koclip_svm
11836,dietfood_0074.png,4,3,4,koclip_svm
11837,dietfood_0074.png,2,3,4,koclip_svm
11838,dietfood_0075.png,4,3,4,koclip_svm
11839,dietfood_0075.png,4,4,4,koclip_svm
11840,dietfood_0075.png,4,2,4,koclip_svm
11841,dietfood_0075.png,3,1,4,koclip_svm
11842,dietfood_0075.png,3,4,4,koclip_svm
11843,dietfood_0075.png,4,4,4,koclip_svm
11844,dietfood_0075.png,4,3,4,koclip_svm
11845,dietfood_0075.png,3,3,4,koclip_svm
11846,dietfood_0075.png,4,1,4,koclip_svm
11847,dietfood_0075.png,4,1,4,koclip_svm
11848,dietfood_0075.png,4,4,4,koclip_svm
11849,dietfood_0075.png,4,4,4,koclip_svm
11850,dietfood_0075.png,0,4,4,koclip_svm
11851,dietfood_0075.png,2,2,4,koclip_svm
11873,dietfood_0079.png,4,2,4,koclip_svm
11874,dietfood_0079.png,4,2,4,koclip_svm
11875,dietfood_0079.png,2,2,4,koclip_svm
11876,dietfood_0079.png,4,4,4,koclip_svm
11877,dietfood_0079.png,4,2,4,koclip_svm
11878,dietfood_0080.png,4,4,4,koclip_svm
11879,dietfood_0080.png,2,4,4,koclip_svm
11880,dietfood_0080.png,4,3,4,koclip_svm
11881,dietfood_0080.png,3,3,4,koclip_svm
11882,dietfood_0080.png,2,2,4,koclip_svm
11948,dietfood_0091.png,3,2,4,koclip_svm
11949,dietfood_0091.png,4,2,4,koclip_svm
11976,dietfood_0094.png,3,2,4,koclip_svm
11977,dietfood_0094.png,1,4,4,koclip_svm
11978,dietfood_0094.png,3,2,4,koclip_svm
11979,dietfood_0094.png,2,4,4,koclip_svm
12007,dietfood_0100.png,0,4,4,koclip_svm
12008,dietfood_0100.png,1,3,4,koclip_svm
12009,dietfood_0100.png,1,3,4,koclip_svm
12010,dietfood_0100.png,2,3,4,koclip_svm
12011,dietfood_0100.png,3,3,4,koclip_svm
