sample_id,post_id,true_label,pred_label,fold,model
78,ai_0013.png,4,4,0,clip_sim
79,ai_0013.png,4,4,0,clip_sim
80,ai_0013.png,4,3,0,clip_sim
81,ai_0013.png,4,4,0,clip_sim
82,ai_0013.png,1,4,0,clip_sim
83,ai_0013.png,1,4,0,clip_sim
84,ai_0013.png,1,2,0,clip_sim
85,ai_0013.png,2,4,0,clip_sim
86,ai_0013.png,2,4,0,clip_sim
87,ai_0013.png,1,4,0,clip_sim
88,ai_0013.png,1,4,0,clip_sim
112,ai_0015.png,3,4,0,clip_sim
113,ai_0015.png,2,4,0,clip_sim
114,ai_0015.png,2,4,0,clip_sim
115,ai_0015.png,2,4,0,clip_sim
116,ai_0015.png,3,4,0,clip_sim
117,ai_0015.png,4,3,0,clip_sim
118,ai_0015.png,4,4,0,clip_sim
119,ai_0015.png,3,4,0,clip_sim
120,ai_0015.png,0,4,0,clip_sim
264,domesticTravel_0008.png,4,2,0,clip_sim
265,domesticTravel_0008.png,4,2,0,clip_sim
325,domesticTravel_0021.png,1,4,0,clip_sim
326,domesticTravel_0021.png,1,4,0,clip_sim
327,domesticTravel_0021.png,0,4,0,clip_sim
328,domesticTravel_0021.png,4,2,0,clip_sim
329,domesticTravel_0021.png,1,4,0,clip_sim
330,domesticTravel_0021.png,3,4,0,clip_sim
331,domesticTravel_0021.png,4,4,0,clip_sim
332,domesticTravel_0021.png,4,4,0,clip_sim
333,domesticTravel_0021.png,4,4,0,clip_sim
334,domesticTravel_0021.png,4,4,0,clip_sim
335,domesticTravel_0021.png,4,4,0,clip_sim
336,domesticTravel_0021.png,1,4,0,clip_sim
337,domesticTravel_0021.png,1,4,0,clip_sim
338,domesticTravel_0021.png,0,4,0,clip_sim
339,domesticTravel_0021.png,1,3,0,clip_sim
340,domesticTravel_0021.png,3,4,0,clip_sim
341,domesticTravel_0021.png,4,3,0,clip_sim
342,domesticTravel_0021.png,1,4,0,clip_sim
343,domesticTravel_0021.png,2,3,0,clip_sim
344,domesticTravel_0021.png,3,4,0,clip_sim
345,domesticTravel_0021.png,2,4,0,clip_sim
346,fall_0001.png,4,4,0,clip_sim
347,fall_0001.png,3,4,0,clip_sim
348,fall_0001.png,3,4,0,clip_sim
349,fall_0001.png,2,4,0,clip_sim
350,fall_0001.png,0,4,0,clip_sim
351,fall_0001.png,1,4,0,clip_sim
352,fall_0001.png,4,4,0,clip_sim
373,fall_0005.png,2,2,0,clip_sim
374,fall_0005.png,2,2,0,clip_sim
375,fall_0005.png,4,2,0,clip_sim
376,fall_0005.png,1,2,0,clip_sim
412,fall_0009.png,4,3,0,clip_sim
413,fall_0009.png,4,3,0,clip_sim
414,fall_0009.png,3,3,0,clip_sim
415,fall_0009.png,3,3,0,clip_sim
416,fall_0009.png,4,3,0,clip_sim
469,fall_0014.png,4,4,0,clip_sim
470,fall_0014.png,4,4,0,clip_sim
471,fall_0014.png,4,4,0,clip_sim
472,fall_0014.png,4,2,0,clip_sim
473,fall_0014.png,4,2,0,clip_sim
474,fall_0014.png,4,2,0,clip_sim
475,fall_0014.png,3,2,0,clip_sim
476,fall_0014.png,3,3,0,clip_sim
477,fall_0014.png,2,4,0,clip_sim
478,fall_0014.png,1,4,0,clip_sim
479,fall_0014.png,2,4,0,clip_sim
480,fall_0014.png,2,4,0,clip_sim
481,fall_0014.png,2,4,0,clip_sim
482,fall_0014.png,1,2,0,clip_sim
483,fall_0014.png,2,3,0,clip_sim
484,fall_0014.png,2,3,0,clip_sim
485,fall_0014.png,1,2,0,clip_sim
486,fall_0014.png,1,4,0,clip_sim
487,fall_0014.png,1,2,0,clip_sim
511,fall_0017.png,4,4,0,clip_sim
512,fall_0017.png,4,3,0,clip_sim
513,fall_0017.png,4,4,0,clip_sim
514,fall_0017.png,4,4,0,clip_sim
515,fall_0017.png,4,2,0,clip_sim
516,fall_0017.png,4,4,0,clip_sim
517,fall_0017.png,4,4,0,clip_sim
518,fall_0017.png,2,4,0,clip_sim
519,fall_0017.png,4,4,0,clip_sim
520,fall_0017.png,4,4,0,clip_sim
567,fashion_0002.png,4,4,0,clip_sim
568,fashion_0002.png,4,4,0,clip_sim
569,fashion_0002.png,4,4,0,clip_sim
570,fashion_0002.png,4,4,0,clip_sim
571,fashion_0002.png,3,4,0,clip_sim
572,fashion_0002.png,1,4,0,clip_sim
573,fashion_0002.png,4,2,0,clip_sim
574,fashion_0002.png,4,2,0,clip_sim
575,fashion_0002.png,4,2,0,clip_sim
576,fashion_0002.png,4,3,0,clip_sim
577,fashion_0002.png,4,2,0,clip_sim
578,fashion_0002.png,3,3,0,clip_sim
579,fashion_0002.png,4,3,0,clip_sim
580,fashion_0002.png,4,3,0,clip_sim
581,fashion_0002.png,4,2,0,clip_sim
582,fashion_0002.png,3,3,0,clip_sim
583,fashion_0002.png,3,4,0,clip_sim
584,fashion_0002.png,3,3,0,clip_sim
585,fashion_0002.png,4,4,0,clip_sim
586,fashion_0002.png,4,2,0,clip_sim
587,fashion_0002.png,4,2,0,clip_sim
588,fashion_0002.png,4,2,0,clip_sim
589,fashion_0003.png,4,2,0,clip_sim
590,fashion_0003.png,4,2,0,clip_sim
591,fashion_0003.png,1,3,0,clip_sim
592,fashion_0003.png,3,2,0,clip_sim
593,fashion_0003.png,3,2,0,clip_sim
594,fashion_0003.png,4,2,0,clip_sim
595,fashion_0003.png,1,2,0,clip_sim
596,fashion_0003.png,1,2,0,clip_sim
597,fashion_0003.png,4,2,0,clip_sim
598,fashion_0003.png,4,2,0,clip_sim
599,fashion_0003.png,2,2,0,clip_sim
600,fashion_0003.png,3,2,0,clip_sim
601,fashion_0003.png,3,3,0,clip_sim
602,fashion_0003.png,3,2,0,clip_sim
603,fashion_0003.png,2,2,0,clip_sim
604,fashion_0005.png,3,4,0,clip_sim
605,fashion_0005.png,4,4,0,clip_sim
606,fashion_0005.png,3,3,0,clip_sim
607,fashion_0005.png,2,4,0,clip_sim
608,fashion_0005.png,3,2,0,clip_sim
918,movie_0022.png,4,3,0,clip_sim
919,movie_0022.png,0,2,0,clip_sim
920,movie_0022.png,1,2,0,clip_sim
921,movie_0022.png,0,2,0,clip_sim
922,movie_0022.png,0,2,0,clip_sim
923,movie_0022.png,0,2,0,clip_sim
924,movie_0022.png,0,2,0,clip_sim
925,movie_0022.png,0,2,0,clip_sim
926,movie_0022.png,0,3,0,clip_sim
927,movie_0022.png,0,2,0,clip_sim
928,movie_0022.png,2,2,0,clip_sim
929,movie_0022.png,0,2,0,clip_sim
930,movie_0022.png,1,3,0,clip_sim
931,movie_0022.png,4,4,0,clip_sim
932,movie_0022.png,3,3,0,clip_sim
933,movie_0022.png,4,2,0,clip_sim
934,movie_0022.png,3,2,0,clip_sim
997,olive_0011.png,2,3,0,clip_sim
998,olive_0011.png,4,3,0,clip_sim
999,olive_0011.png,2,3,0,clip_sim
1000,olive_0011.png,3,3,0,clip_sim
1001,olive_0011.png,2,3,0,clip_sim
1002,olive_0011.png,4,3,0,clip_sim
1003,olive_0011.png,1,3,0,clip_sim
1004,olive_0011.png,1,3,0,clip_sim
1005,olive_0011.png,4,3,0,clip_sim
1006,olive_0011.png,3,3,0,clip_sim
1007,olive_0011.png,2,3,0,clip_sim
1008,olive_0011.png,1,4,0,clip_sim
1009,olive_0011.png,1,4,0,clip_sim
1010,olive_0011.png,1,4,0,clip_sim
1011,olive_0011.png,1,4,0,clip_sim
1012,olive_0011.png,2,4,0,clip_sim
1013,olive_0011.png,0,3,0,clip_sim
1014,olive_0011.png,2,4,0,clip_sim
1015,olive_0011.png,1,3,0,clip_sim
1016,olive_0011.png,1,3,0,clip_sim
1017,olive_0011.png,3,3,0,clip_sim
1018,olive_0012.png,4,2,0,clip_sim
1038,olive_0015.png,4,4,0,clip_sim
1039,olive_0015.png,4,4,0,clip_sim
1040,olive_0015.png,2,4,0,clip_sim
1041,olive_0015.png,3,4,0,clip_sim
1042,olive_0015.png,3,4,0,clip_sim
1043,olive_0015.png,3,4,0,clip_sim
1044,olive_0015.png,1,4,0,clip_sim
1045,olive_0015.png,1,4,0,clip_sim
1046,olive_0015.png,2,4,0,clip_sim
1047,olive_0015.png,1,4,0,clip_sim
1048,olive_0015.png,2,4,0,clip_sim
1049,olive_0015.png,2,4,0,clip_sim
1050,olive_0015.png,1,3,0,clip_sim
1051,olive_0015.png,1,4,0,clip_sim
1052,olive_0015.png,3,4,0,clip_sim
1053,olive_0015.png,1,4,0,clip_sim
1054,olive_0015.png,3,3,0,clip_sim
1055,olive_0015.png,3,4,0,clip_sim
1056,olive_0015.png,3,4,0,clip_sim
1057,olive_0015.png,2,4,0,clip_sim
1058,olive_0015.png,2,4,0,clip_sim
1059,olive_0015.png,2,4,0,clip_sim
1060,olive_0015.png,2,4,0,clip_sim
1061,olive_0015.png,2,4,0,clip_sim
1161,restaurant_0009.png,4,4,0,clip_sim
1162,restaurant_0009.png,1,4,0,clip_sim
1163,restaurant_0009.png,3,4,0,clip_sim
1164,restaurant_0009.png,2,4,0,clip_sim
1165,restaurant_0009.png,0,3,0,clip_sim
1166,restaurant_0009.png,1,3,0,clip_sim
1167,restaurant_0010.png,4,3,0,clip_sim
1168,restaurant_0010.png,4,3,0,clip_sim
1169,restaurant_0010.png,3,2,0,clip_sim
1177,restaurant_0013.png,1,4,0,clip_sim
1178,restaurant_0013.png,1,4,0,clip_sim
1179,restaurant_0013.png,4,4,0,clip_sim
1180,restaurant_0013.png,4,4,0,clip_sim
1181,restaurant_0013.png,3,4,0,clip_sim
1182,restaurant_0013.png,3,4,0,clip_sim
1183,restaurant_0013.png,3,4,0,clip_sim
1184,restaurant_0013.png,3,4,0,clip_sim
1185,restaurant_0013.png,4,4,0,clip_sim
1186,restaurant_0013.png,4,4,0,clip_sim
1187,restaurant_0013.png,4,4,0,clip_sim
1188,restaurant_0013.png,4,4,0,clip_sim
1189,restaurant_0013.png,4,4,0,clip_sim
1190,restaurant_0013.png,4,4,0,clip_sim
1191,restaurant_0013.png,4,4,0,clip_sim
1192,restaurant_0013.png,4,4,0,clip_sim
1193,restaurant_0013.png,4,4,0,clip_sim
1194,restaurant_0013.png,4,4,0,clip_sim
1195,restaurant_0013.png,4,4,0,clip_sim
1196,restaurant_0013.png,3,4,0,clip_sim
1197,restaurant_0013.png,3,4,0,clip_sim
1198,restaurant_0013.png,1,4,0,clip_sim
1199,restaurant_0013.png,2,4,0,clip_sim
1200,restaurant_0013.png,4,4,0,clip_sim
1201,restaurant_0013.png,2,4,0,clip_sim
1202,restaurant_0013.png,1,4,0,clip_sim
1203,restaurant_0013.png,2,4,0,clip_sim
1204,restaurant_0013.png,3,4,0,clip_sim
1205,restaurant_0013.png,3,4,0,clip_sim
1206,restaurant_0013.png,1,4,0,clip_sim
1208,restaurant_0016.png,1,2,0,clip_sim
1209,restaurant_0016.png,1,2,0,clip_sim
1210,restaurant_0016.png,2,3,0,clip_sim
1211,restaurant_0016.png,4,4,0,clip_sim
1212,restaurant_0016.png,4,3,0,clip_sim
1213,restaurant_0016.png,0,3,0,clip_sim
1214,restaurant_0016.png,0,3,0,clip_sim
1215,restaurant_0016.png,0,2,0,clip_sim
1216,restaurant_0016.png,3,4,0,clip_sim
1217,restaurant_0016.png,3,4,0,clip_sim
1218,restaurant_0017.png,4,4,0,clip_sim
1219,restaurant_0017.png,4,4,0,clip_sim
1220,restaurant_0017.png,3,4,0,clip_sim
1221,restaurant_0017.png,4,4,0,clip_sim
1222,restaurant_0017.png,4,4,0,clip_sim
1223,restaurant_0017.png,4,4,0,clip_sim
1224,restaurant_0017.png,3,4,0,clip_sim
1225,restaurant_0017.png,3,4,0,clip_sim
1226,restaurant_0017.png,2,4,0,clip_sim
1227,restaurant_0017.png,3,4,0,clip_sim
1228,restaurant_0017.png,3,4,0,clip_sim
1229,restaurant_0017.png,3,3,0,clip_sim
1230,restaurant_0017.png,3,4,0,clip_sim
1231,restaurant_0017.png,4,4,0,clip_sim
1232,restaurant_0017.png,2,4,0,clip_sim
1233,restaurant_0017.png,3,2,0,clip_sim
1234,restaurant_0017.png,0,3,0,clip_sim
1235,restaurant_0017.png,1,3,0,clip_sim
1236,restaurant_0017.png,1,3,0,clip_sim
1237,restaurant_0017.png,1,3,0,clip_sim
1238,restaurant_0017.png,1,3,0,clip_sim
1239,restaurant_0017.png,1,3,0,clip_sim
1240,restaurant_0017.png,1,3,0,clip_sim
1241,restaurant_0017.png,1,3,0,clip_sim
1346,zerokal_0002.png,4,4,0,clip_sim
1347,zerokal_0002.png,4,4,0,clip_sim
1348,zerokal_0002.png,4,4,0,clip_sim
1349,zerokal_0002.png,3,4,0,clip_sim
1350,zerokal_0002.png,2,4,0,clip_sim
1351,zerokal_0002.png,2,4,0,clip_sim
1432,zerokal_0009.png,3,3,0,clip_sim
1433,zerokal_0009.png,4,2,0,clip_sim
1434,zerokal_0009.png,4,2,0,clip_sim
1447,zerokal_0012.png,4,4,0,clip_sim
1448,zerokal_0012.png,3,4,0,clip_sim
1449,zerokal_0012.png,4,3,0,clip_sim
1450,zerokal_0012.png,4,4,0,clip_sim
1451,zerokal_0012.png,4,4,0,clip_sim
1518,travelgram_0005.png,4,3,0,clip_sim
1519,travelgram_0005.png,4,4,0,clip_sim
1520,travelgram_0005.png,4,3,0,clip_sim
1521,travelgram_0005.png,4,3,0,clip_sim
1522,travelgram_0005.png,2,4,0,clip_sim
1523,travelgram_0010.png,4,3,0,clip_sim
1524,travelgram_0011.png,2,2,0,clip_sim
1613,travelgram_0023.png,2,3,0,clip_sim
1614,travelgram_0023.png,2,4,0,clip_sim
1615,travelgram_0023.png,0,3,0,clip_sim
1616,travelgram_0023.png,3,4,0,clip_sim
1617,travelgram_0023.png,4,4,0,clip_sim
1618,travelgram_0024.png,4,4,0,clip_sim
1619,travelgram_0024.png,4,4,0,clip_sim
1620,travelgram_0024.png,4,2,0,clip_sim
1621,travelgram_0024.png,3,3,0,clip_sim
1622,travelgram_0024.png,4,4,0,clip_sim
1623,travelgram_0024.png,3,3,0,clip_sim
1624,travelgram_0024.png,4,4,0,clip_sim
1625,travelgram_0024.png,2,2,0,clip_sim
1626,travelgram_0024.png,3,2,0,clip_sim
1627,travelgram_0024.png,2,3,0,clip_sim
1628,travelgram_0024.png,4,3,0,clip_sim
1629,travelgram_0024.png,3,3,0,clip_sim
1652,travelgram_0038.png,4,4,0,clip_sim
1653,travelgram_0038.png,4,4,0,clip_sim
1654,travelgram_0038.png,4,4,0,clip_sim
1655,travelgram_0038.png,3,3,0,clip_sim
1656,travelgram_0038.png,3,4,0,clip_sim
1657,travelgram_0040.png,4,2,0,clip_sim
1658,travelgram_0040.png,4,2,0,clip_sim
1659,travelgram_0040.png,4,2,0,clip_sim
1660,travelgram_0040.png,1,2,0,clip_sim
1661,travelgram_0040.png,1,2,0,clip_sim
1662,travelgram_0040.png,3,2,0,clip_sim
1663,travelgram_0040.png,4,2,0,clip_sim
1664,travelgram_0040.png,3,2,0,clip_sim
1665,travelgram_0040.png,2,2,0,clip_sim
1666,travelgram_0040.png,2,2,0,clip_sim
1667,travelgram_0040.png,1,2,0,clip_sim
1668,travelgram_0040.png,2,2,0,clip_sim
1669,travelgram_0040.png,4,2,0,clip_sim
1670,travelgram_0040.png,4,2,0,clip_sim
1671,travelgram_0040.png,2,2,0,clip_sim
1687,travelgram_0052.png,1,4,0,clip_sim
1688,travelgram_0052.png,2,4,0,clip_sim
1689,travelgram_0052.png,3,4,0,clip_sim
1690,travelgram_0052.png,1,4,0,clip_sim
1767,travelgram_0072.png,1,4,0,clip_sim
1768,travelgram_0072.png,0,2,0,clip_sim
1769,travelgram_0072.png,3,4,0,clip_sim
1770,travelgram_0072.png,0,4,0,clip_sim
1771,travelgram_0072.png,3,4,0,clip_sim
1818,travelgram_0085.png,3,4,0,clip_sim
1819,travelgram_0085.png,3,4,0,clip_sim
1820,travelgram_0085.png,3,4,0,clip_sim
1821,travelgram_0085.png,3,4,0,clip_sim
1822,travelgram_0085.png,3,4,0,clip_sim
1823,travelgram_0085.png,2,4,0,clip_sim
1824,travelgram_0085.png,3,4,0,clip_sim
1825,travelgram_0085.png,3,4,0,clip_sim
1826,travelgram_0085.png,2,4,0,clip_sim
1827,travelgram_0085.png,1,4,0,clip_sim
1828,travelgram_0085.png,3,4,0,clip_sim
1829,travelgram_0085.png,3,3,0,clip_sim
1830,travelgram_0085.png,0,4,0,clip_sim
1831,travelgram_0085.png,3,3,0,clip_sim
1832,travelgram_0085.png,1,4,0,clip_sim
1833,travelgram_0085.png,3,4,0,clip_sim
1834,travelgram_0085.png,2,4,0,clip_sim
1835,travelgram_0085.png,2,4,0,clip_sim
1836,travelgram_0085.png,2,4,0,clip_sim
1837,travelgram_0085.png,3,3,0,clip_sim
1838,travelgram_0085.png,3,3,0,clip_sim
1839,travelgram_0085.png,2,4,0,clip_sim
1840,travelgram_0085.png,2,4,0,clip_sim
1841,travelgram_0085.png,1,4,0,clip_sim
1842,travelgram_0085.png,1,3,0,clip_sim
1843,travelgram_0085.png,0,4,0,clip_sim
1844,travelgram_0085.png,1,2,0,clip_sim
1845,travelgram_0085.png,0,3,0,clip_sim
1846,travelgram_0085.png,4,4,0,clip_sim
1847,travelgram_0085.png,4,4,0,clip_sim
1849,travelgram_0088.png,4,3,0,clip_sim
1850,travelgram_0088.png,1,2,0,clip_sim
1851,travelgram_0088.png,3,2,0,clip_sim
1852,travelgram_0088.png,3,2,0,clip_sim
1853,travelgram_0088.png,4,3,0,clip_sim
1884,solotravel_0008.png,3,4,0,clip_sim
1885,solotravel_0008.png,3,4,0,clip_sim
1886,solotravel_0008.png,3,4,0,clip_sim
1887,solotravel_0008.png,3,4,0,clip_sim
1888,solotravel_0008.png,4,4,0,clip_sim
1889,solotravel_0008.png,3,4,0,clip_sim
1890,solotravel_0008.png,1,4,0,clip_sim
1891,solotravel_0008.png,4,4,0,clip_sim
1892,solotravel_0008.png,1,4,0,clip_sim
1893,solotravel_0008.png,1,4,0,clip_sim
1894,solotravel_0008.png,1,4,0,clip_sim
1895,solotravel_0008.png,1,4,0,clip_sim
1896,solotravel_0008.png,2,4,0,clip_sim
1897,solotravel_0008.png,4,4,0,clip_sim
1898,solotravel_0008.png,3,4,0,clip_sim
1910,solotravel_0015.png,4,4,0,clip_sim
1911,solotravel_0015.png,4,4,0,clip_sim
1912,solotravel_0015.png,3,4,0,clip_sim
1913,solotravel_0015.png,1,4,0,clip_sim
1914,solotravel_0015.png,2,4,0,clip_sim
1915,solotravel_0018.png,1,2,0,clip_sim
1916,solotravel_0018.png,2,2,0,clip_sim
1917,solotravel_0018.png,4,2,0,clip_sim
1918,solotravel_0018.png,2,3,0,clip_sim
1919,solotravel_0018.png,3,2,0,clip_sim
1925,solotravel_0021.png,4,4,0,clip_sim
1926,solotravel_0021.png,4,4,0,clip_sim
1936,solotravel_0026.png,3,4,0,clip_sim
1937,solotravel_0026.png,4,4,0,clip_sim
1938,solotravel_0026.png,3,4,0,clip_sim
1939,solotravel_0026.png,3,4,0,clip_sim
1940,solotravel_0026.png,3,4,0,clip_sim
1946,solotravel_0029.png,3,4,0,clip_sim
1947,solotravel_0029.png,4,4,0,clip_sim
1993,solotravel_0041.png,0,4,0,clip_sim
1994,solotravel_0041.png,0,3,0,clip_sim
1995,solotravel_0041.png,0,4,0,clip_sim
1996,solotravel_0041.png,0,4,0,clip_sim
1997,solotravel_0041.png,1,4,0,clip_sim
1998,solotravel_0041.png,0,2,0,clip_sim
1999,solotravel_0042.png,4,4,0,clip_sim
2000,solotravel_0042.png,4,4,0,clip_sim
2001,solotravel_0042.png,4,4,0,clip_sim
2002,solotravel_0042.png,3,4,0,clip_sim
2003,solotravel_0042.png,3,4,0,clip_sim
2009,solotravel_0044.png,4,3,0,clip_sim
2010,solotravel_0044.png,3,4,0,clip_sim
2011,solotravel_0044.png,4,4,0,clip_sim
2061,solotravel_0052.png,0,4,0,clip_sim
2062,solotravel_0052.png,2,4,0,clip_sim
2063,solotravel_0052.png,4,4,0,clip_sim
2064,solotravel_0052.png,4,3,0,clip_sim
2065,solotravel_0052.png,2,4,0,clip_sim
2066,solotravel_0054.png,4,4,0,clip_sim
2067,solotravel_0054.png,2,4,0,clip_sim
2068,solotravel_0054.png,2,4,0,clip_sim
2154,solotravel_0071.png,1,4,0,clip_sim
2155,solotravel_0071.png,3,4,0,clip_sim
2156,solotravel_0071.png,1,4,0,clip_sim
2157,solotravel_0071.png,1,4,0,clip_sim
2158,solotravel_0071.png,1,4,0,clip_sim
2159,solotravel_0074.png,3,4,0,clip_sim
2160,solotravel_0074.png,3,4,0,clip_sim
2161,solotravel_0074.png,1,4,0,clip_sim
2162,solotravel_0074.png,2,4,0,clip_sim
2163,solotravel_0074.png,3,4,0,clip_sim
2164,solotravel_0074.png,3,4,0,clip_sim
2179,solotravel_0077.png,1,3,0,clip_sim
2180,solotravel_0077.png,0,4,0,clip_sim
2181,solotravel_0077.png,0,4,0,clip_sim
2182,solotravel_0077.png,0,4,0,clip_sim
2183,solotravel_0077.png,0,4,0,clip_sim
2209,solotravel_0086.png,0,4,0,clip_sim
2210,solotravel_0086.png,0,4,0,clip_sim
2211,solotravel_0086.png,1,4,0,clip_sim
2212,solotravel_0086.png,0,4,0,clip_sim
2213,solotravel_0086.png,0,4,0,clip_sim
2214,solotravel_0087.png,3,4,0,clip_sim
2215,solotravel_0087.png,4,4,0,clip_sim
2216,solotravel_0087.png,4,4,0,clip_sim
2217,solotravel_0087.png,4,4,0,clip_sim
2218,solotravel_0087.png,1,4,0,clip_sim
2223,solotravel_0090.png,4,4,0,clip_sim
2224,solotravel_0090.png,4,4,0,clip_sim
2225,solotravel_0090.png,4,4,0,clip_sim
2226,solotravel_0090.png,3,4,0,clip_sim
2227,solotravel_0090.png,2,4,0,clip_sim
2228,solotravel_0090.png,3,4,0,clip_sim
2229,solotravel_0090.png,0,4,0,clip_sim
2230,solotravel_0090.png,1,4,0,clip_sim
2249,travel_0001.png,3,3,0,clip_sim
2250,travel_0001.png,4,4,0,clip_sim
2251,travel_0001.png,1,4,0,clip_sim
2252,travel_0001.png,4,4,0,clip_sim
2263,travel_0004.png,4,4,0,clip_sim
2264,travel_0004.png,2,4,0,clip_sim
2265,travel_0004.png,4,4,0,clip_sim
2266,travel_0004.png,3,4,0,clip_sim
2267,travel_0004.png,2,4,0,clip_sim
2360,travel_0031.png,3,4,0,clip_sim
2361,travel_0031.png,4,3,0,clip_sim
2362,travel_0031.png,1,3,0,clip_sim
2363,travel_0031.png,0,4,0,clip_sim
2364,travel_0031.png,0,3,0,clip_sim
2365,travel_0031.png,1,4,0,clip_sim
2366,travel_0031.png,1,3,0,clip_sim
2367,travel_0031.png,0,4,0,clip_sim
2368,travel_0031.png,1,4,0,clip_sim
2377,travel_0034.png,1,4,0,clip_sim
2378,travel_0034.png,4,3,0,clip_sim
2379,travel_0034.png,4,4,0,clip_sim
2380,travel_0034.png,3,4,0,clip_sim
2517,travel_0063.png,1,3,0,clip_sim
2518,travel_0063.png,0,2,0,clip_sim
2519,travel_0063.png,1,2,0,clip_sim
2520,travel_0063.png,1,2,0,clip_sim
2521,travel_0063.png,1,4,0,clip_sim
2538,travel_0074.png,1,2,0,clip_sim
2539,travel_0074.png,0,2,0,clip_sim
2540,travel_0074.png,1,2,0,clip_sim
2541,travel_0074.png,1,3,0,clip_sim
2542,travel_0074.png,1,2,0,clip_sim
2543,travel_0074.png,1,4,0,clip_sim
2544,travel_0074.png,0,4,0,clip_sim
2545,travel_0074.png,3,4,0,clip_sim
2546,travel_0074.png,1,4,0,clip_sim
2547,travel_0074.png,1,3,0,clip_sim
2548,travel_0074.png,1,4,0,clip_sim
2549,travel_0074.png,1,4,0,clip_sim
2550,travel_0074.png,0,4,0,clip_sim
2551,travel_0074.png,0,4,0,clip_sim
2552,travel_0074.png,0,4,0,clip_sim
2553,travel_0074.png,0,4,0,clip_sim
2554,travel_0074.png,0,4,0,clip_sim
2555,travel_0074.png,1,2,0,clip_sim
2556,travel_0074.png,1,2,0,clip_sim
2557,travel_0074.png,0,2,0,clip_sim
2558,travel_0074.png,3,2,0,clip_sim
2559,travel_0074.png,0,2,0,clip_sim
2560,travel_0074.png,0,2,0,clip_sim
2561,travel_0074.png,1,2,0,clip_sim
2562,travel_0074.png,0,2,0,clip_sim
2579,travel_0078.png,4,4,0,clip_sim
2580,travel_0078.png,3,4,0,clip_sim
2581,travel_0078.png,3,3,0,clip_sim
2582,travel_0078.png,3,4,0,clip_sim
2583,travel_0078.png,3,4,0,clip_sim
2584,travel_0078.png,1,4,0,clip_sim
2585,travel_0078.png,2,4,0,clip_sim
2586,travel_0078.png,1,4,0,clip_sim
2598,travel_0083.png,4,2,0,clip_sim
2599,travel_0083.png,3,2,0,clip_sim
2600,travel_0083.png,4,2,0,clip_sim
2601,travel_0083.png,4,2,0,clip_sim
2602,travel_0083.png,4,2,0,clip_sim
2603,travel_0084.png,4,4,0,clip_sim
2659,foodstagram_0009.png,3,4,0,clip_sim
2660,foodstagram_0009.png,4,4,0,clip_sim
2661,foodstagram_0009.png,4,4,0,clip_sim
2662,foodstagram_0009.png,3,4,0,clip_sim
2663,foodstagram_0009.png,4,4,0,clip_sim
2689,foodstagram_0013.png,4,4,0,clip_sim
2690,foodstagram_0013.png,1,4,0,clip_sim
2691,foodstagram_0013.png,4,4,0,clip_sim
2692,foodstagram_0013.png,4,3,0,clip_sim
2693,foodstagram_0013.png,4,3,0,clip_sim
2694,foodstagram_0013.png,4,3,0,clip_sim
2702,foodstagram_0018.png,1,3,0,clip_sim
2703,foodstagram_0018.png,4,4,0,clip_sim
2704,foodstagram_0018.png,1,4,0,clip_sim
2705,foodstagram_0018.png,3,3,0,clip_sim
2706,foodstagram_0018.png,2,4,0,clip_sim
2707,foodstagram_0018.png,3,3,0,clip_sim
2708,foodstagram_0018.png,3,4,0,clip_sim
2709,foodstagram_0018.png,3,4,0,clip_sim
2710,foodstagram_0018.png,3,4,0,clip_sim
2711,foodstagram_0018.png,2,3,0,clip_sim
2712,foodstagram_0018.png,3,4,0,clip_sim
2713,foodstagram_0018.png,3,4,0,clip_sim
2714,foodstagram_0018.png,1,4,0,clip_sim
2715,foodstagram_0018.png,1,4,0,clip_sim
2716,foodstagram_0018.png,0,4,0,clip_sim
2717,foodstagram_0018.png,1,4,0,clip_sim
2718,foodstagram_0018.png,1,3,0,clip_sim
2719,foodstagram_0018.png,1,3,0,clip_sim
2720,foodstagram_0018.png,3,3,0,clip_sim
2721,foodstagram_0018.png,1,4,0,clip_sim
2722,foodstagram_0018.png,1,4,0,clip_sim
2723,foodstagram_0018.png,2,3,0,clip_sim
2724,foodstagram_0018.png,2,4,0,clip_sim
2725,foodstagram_0018.png,1,4,0,clip_sim
2726,foodstagram_0018.png,3,4,0,clip_sim
2727,foodstagram_0018.png,2,4,0,clip_sim
2728,foodstagram_0018.png,3,4,0,clip_sim
2729,foodstagram_0018.png,3,3,0,clip_sim
2730,foodstagram_0018.png,4,4,0,clip_sim
2731,foodstagram_0018.png,0,3,0,clip_sim
2768,foodstagram_0023.png,3,4,0,clip_sim
2769,foodstagram_0023.png,3,4,0,clip_sim
2770,foodstagram_0023.png,1,4,0,clip_sim
2803,foodstagram_0027.png,2,2,0,clip_sim
2804,foodstagram_0027.png,4,3,0,clip_sim
2805,foodstagram_0027.png,4,4,0,clip_sim
2806,foodstagram_0027.png,3,3,0,clip_sim
2807,foodstagram_0027.png,4,3,0,clip_sim
2808,foodstagram_0027.png,3,3,0,clip_sim
2809,foodstagram_0027.png,3,3,0,clip_sim
2810,foodstagram_0027.png,2,4,0,clip_sim
2811,foodstagram_0027.png,0,2,0,clip_sim
2812,foodstagram_0027.png,4,3,0,clip_sim
2813,foodstagram_0027.png,2,2,0,clip_sim
2814,foodstagram_0027.png,3,2,0,clip_sim
2815,foodstagram_0027.png,4,4,0,clip_sim
2816,foodstagram_0027.png,2,2,0,clip_sim
2817,foodstagram_0030.png,4,2,0,clip_sim
2818,foodstagram_0030.png,4,3,0,clip_sim
2819,foodstagram_0030.png,4,3,0,clip_sim
2820,foodstagram_0030.png,4,3,0,clip_sim
2821,foodstagram_0030.png,0,2,0,clip_sim
2832,foodstagram_0034.png,4,3,0,clip_sim
2833,foodstagram_0034.png,4,4,0,clip_sim
2839,foodstagram_0036.png,4,4,0,clip_sim
2848,foodstagram_0040.png,4,4,0,clip_sim
2849,foodstagram_0040.png,4,4,0,clip_sim
2850,foodstagram_0040.png,3,4,0,clip_sim
2851,foodstagram_0040.png,1,3,0,clip_sim
2857,foodstagram_0042.png,2,3,0,clip_sim
2863,foodstagram_0045.png,3,4,0,clip_sim
2864,foodstagram_0045.png,3,4,0,clip_sim
2865,foodstagram_0045.png,3,4,0,clip_sim
2871,foodstagram_0050.png,4,4,0,clip_sim
2872,foodstagram_0050.png,3,4,0,clip_sim
2873,foodstagram_0050.png,2,4,0,clip_sim
2874,foodstagram_0050.png,1,4,0,clip_sim
2927,foodstagram_0060.png,4,4,0,clip_sim
2928,foodstagram_0060.png,3,4,0,clip_sim
2929,foodstagram_0060.png,3,3,0,clip_sim
2930,foodstagram_0060.png,3,4,0,clip_sim
2939,foodstagram_0063.png,4,4,0,clip_sim
2940,foodstagram_0063.png,4,4,0,clip_sim
2941,foodstagram_0063.png,4,4,0,clip_sim
2942,foodstagram_0063.png,4,3,0,clip_sim
2943,foodstagram_0063.png,4,4,0,clip_sim
2944,foodstagram_0064.png,4,4,0,clip_sim
2945,foodstagram_0064.png,2,4,0,clip_sim
2946,foodstagram_0064.png,2,3,0,clip_sim
2947,foodstagram_0064.png,2,4,0,clip_sim
2948,foodstagram_0064.png,3,4,0,clip_sim
2954,foodstagram_0066.png,4,2,0,clip_sim
2955,foodstagram_0066.png,3,2,0,clip_sim
2956,foodstagram_0066.png,3,2,0,clip_sim
2957,foodstagram_0066.png,3,2,0,clip_sim
2958,foodstagram_0066.png,3,2,0,clip_sim
2959,foodstagram_0066.png,4,2,0,clip_sim
2960,foodstagram_0066.png,4,2,0,clip_sim
2961,foodstagram_0066.png,1,2,0,clip_sim
2962,foodstagram_0066.png,1,2,0,clip_sim
2963,foodstagram_0066.png,4,2,0,clip_sim
2964,foodstagram_0066.png,3,3,0,clip_sim
2965,foodstagram_0066.png,4,2,0,clip_sim
2966,foodstagram_0066.png,4,2,0,clip_sim
2967,foodstagram_0066.png,3,2,0,clip_sim
2968,foodstagram_0066.png,3,2,0,clip_sim
2969,foodstagram_0066.png,2,3,0,clip_sim
2970,foodstagram_0066.png,3,2,0,clip_sim
2971,foodstagram_0066.png,3,2,0,clip_sim
2972,foodstagram_0066.png,2,2,0,clip_sim
2973,foodstagram_0066.png,2,2,0,clip_sim
2974,foodstagram_0066.png,0,2,0,clip_sim
2975,foodstagram_0066.png,0,2,0,clip_sim
2976,foodstagram_0066.png,1,2,0,clip_sim
2977,foodstagram_0066.png,0,2,0,clip_sim
2978,foodstagram_0066.png,0,2,0,clip_sim
3001,foodstagram_0069.png,4,2,0,clip_sim
3002,foodstagram_0069.png,0,2,0,clip_sim
3003,foodstagram_0069.png,3,3,0,clip_sim
3032,foodstagram_0082.png,0,4,0,clip_sim
3043,foodstagram_0086.png,4,2,0,clip_sim
3044,foodstagram_0086.png,4,4,0,clip_sim
3045,foodstagram_0086.png,4,3,0,clip_sim
3229,meokstagram_0019.png,1,2,0,clip_sim
3230,meokstagram_0019.png,3,3,0,clip_sim
3231,meokstagram_0019.png,4,2,0,clip_sim
3232,meokstagram_0019.png,4,2,0,clip_sim
3233,meokstagram_0019.png,4,2,0,clip_sim
3251,meokstagram_0029.png,4,4,0,clip_sim
3252,meokstagram_0029.png,4,4,0,clip_sim
3253,meokstagram_0029.png,3,4,0,clip_sim
3254,meokstagram_0029.png,4,4,0,clip_sim
3255,meokstagram_0029.png,3,4,0,clip_sim
3261,meokstagram_0032.png,1,2,0,clip_sim
3262,meokstagram_0032.png,4,4,0,clip_sim
3263,meokstagram_0032.png,1,4,0,clip_sim
3264,meokstagram_0032.png,0,4,0,clip_sim
3265,meokstagram_0032.png,1,4,0,clip_sim
3285,meokstagram_0034.png,3,4,0,clip_sim
3294,meokstagram_0037.png,4,4,0,clip_sim
3302,meokstagram_0041.png,4,4,0,clip_sim
3303,meokstagram_0041.png,4,4,0,clip_sim
3304,meokstagram_0041.png,4,4,0,clip_sim
3305,meokstagram_0041.png,3,4,0,clip_sim
3306,meokstagram_0041.png,4,4,0,clip_sim
3307,meokstagram_0041.png,4,4,0,clip_sim
3308,meokstagram_0041.png,3,4,0,clip_sim
3309,meokstagram_0041.png,3,4,0,clip_sim
3310,meokstagram_0041.png,3,4,0,clip_sim
3311,meokstagram_0041.png,3,4,0,clip_sim
3312,meokstagram_0041.png,3,3,0,clip_sim
3313,meokstagram_0041.png,3,4,0,clip_sim
3316,meokstagram_0045.png,3,3,0,clip_sim
3317,meokstagram_0045.png,0,2,0,clip_sim
3318,meokstagram_0045.png,4,4,0,clip_sim
3319,meokstagram_0045.png,1,3,0,clip_sim
3320,meokstagram_0045.png,4,3,0,clip_sim
3321,meokstagram_0045.png,3,4,0,clip_sim
3322,meokstagram_0045.png,3,4,0,clip_sim
3323,meokstagram_0045.png,3,3,0,clip_sim
3324,meokstagram_0045.png,2,3,0,clip_sim
3325,meokstagram_0045.png,1,3,0,clip_sim
3326,meokstagram_0045.png,2,2,0,clip_sim
3327,meokstagram_0045.png,0,3,0,clip_sim
3328,meokstagram_0045.png,0,3,0,clip_sim
3329,meokstagram_0045.png,3,2,0,clip_sim
3330,meokstagram_0045.png,3,2,0,clip_sim
3331,meokstagram_0045.png,4,3,0,clip_sim
3332,meokstagram_0045.png,4,3,0,clip_sim
3333,meokstagram_0045.png,4,3,0,clip_sim
3334,meokstagram_0045.png,4,4,0,clip_sim
3335,meokstagram_0045.png,4,4,0,clip_sim
3336,meokstagram_0045.png,1,4,0,clip_sim
3337,meokstagram_0045.png,1,4,0,clip_sim
3338,meokstagram_0045.png,1,4,0,clip_sim
3355,meokstagram_0049.png,0,2,0,clip_sim
3356,meokstagram_0049.png,0,2,0,clip_sim
3357,meokstagram_0049.png,0,2,0,clip_sim
3358,meokstagram_0049.png,0,2,0,clip_sim
3359,meokstagram_0049.png,0,2,0,clip_sim
3360,meokstagram_0049.png,0,2,0,clip_sim
3361,meokstagram_0049.png,0,2,0,clip_sim
3362,meokstagram_0049.png,1,2,0,clip_sim
3363,meokstagram_0049.png,1,2,0,clip_sim
3364,meokstagram_0049.png,2,2,0,clip_sim
3365,meokstagram_0049.png,1,3,0,clip_sim
3366,meokstagram_0049.png,0,2,0,clip_sim
3367,meokstagram_0049.png,0,2,0,clip_sim
3368,meokstagram_0049.png,0,3,0,clip_sim
3369,meokstagram_0049.png,0,2,0,clip_sim
3370,meokstagram_0049.png,0,3,0,clip_sim
3371,meokstagram_0049.png,0,4,0,clip_sim
3372,meokstagram_0049.png,0,3,0,clip_sim
3373,meokstagram_0049.png,0,2,0,clip_sim
3374,meokstagram_0049.png,0,3,0,clip_sim
3375,meokstagram_0049.png,0,4,0,clip_sim
3376,meokstagram_0049.png,0,2,0,clip_sim
3377,meokstagram_0049.png,0,2,0,clip_sim
3378,meokstagram_0049.png,0,2,0,clip_sim
3379,meokstagram_0049.png,0,3,0,clip_sim
3380,meokstagram_0049.png,0,2,0,clip_sim
3381,meokstagram_0049.png,0,2,0,clip_sim
3382,meokstagram_0049.png,1,2,0,clip_sim
3383,meokstagram_0049.png,0,2,0,clip_sim
3384,meokstagram_0050.png,4,2,0,clip_sim
3385,meokstagram_0050.png,3,2,0,clip_sim
3568,meokstagram_0083.png,3,4,0,clip_sim
3569,meokstagram_0083.png,3,4,0,clip_sim
3570,meokstagram_0083.png,4,4,0,clip_sim
3571,meokstagram_0083.png,4,4,0,clip_sim
3572,meokstagram_0083.png,4,4,0,clip_sim
3576,meokstagram_0085.png,4,4,0,clip_sim
3577,meokstagram_0086.png,4,2,0,clip_sim
3578,meokstagram_0086.png,1,3,0,clip_sim
3579,meokstagram_0086.png,1,4,0,clip_sim
3580,meokstagram_0086.png,1,2,0,clip_sim
3581,meokstagram_0086.png,0,3,0,clip_sim
3612,meokstagram_0096.png,1,3,0,clip_sim
3613,meokstagram_0096.png,4,3,0,clip_sim
3614,meokstagram_0096.png,4,4,0,clip_sim
3678,jmt_0015.png,4,4,0,clip_sim
3679,jmt_0015.png,4,4,0,clip_sim
3680,jmt_0015.png,4,3,0,clip_sim
3681,jmt_0015.png,2,4,0,clip_sim
3682,jmt_0015.png,3,4,0,clip_sim
3683,jmt_0016.png,4,4,0,clip_sim
3713,jmt_0031.png,0,3,0,clip_sim
3714,jmt_0031.png,1,3,0,clip_sim
3715,jmt_0031.png,4,4,0,clip_sim
3716,jmt_0031.png,2,3,0,clip_sim
3717,jmt_0031.png,2,2,0,clip_sim
3737,jmt_0038.png,0,2,0,clip_sim
3738,jmt_0038.png,4,4,0,clip_sim
3739,jmt_0038.png,4,4,0,clip_sim
3740,jmt_0038.png,3,4,0,clip_sim
3741,jmt_0039.png,4,3,0,clip_sim
3742,jmt_0039.png,1,3,0,clip_sim
3743,jmt_0039.png,3,4,0,clip_sim
3744,jmt_0039.png,3,4,0,clip_sim
3745,jmt_0039.png,2,2,0,clip_sim
3795,jmt_0057.png,0,2,0,clip_sim
3796,jmt_0057.png,2,2,0,clip_sim
3797,jmt_0057.png,0,2,0,clip_sim
3799,jmt_0060.png,4,4,0,clip_sim
3800,jmt_0060.png,4,4,0,clip_sim
3801,jmt_0060.png,4,2,0,clip_sim
3802,jmt_0060.png,3,3,0,clip_sim
3803,jmt_0060.png,3,2,0,clip_sim
3814,jmt_0063.png,4,4,0,clip_sim
3815,jmt_0063.png,4,4,0,clip_sim
3816,jmt_0063.png,2,2,0,clip_sim
3817,jmt_0063.png,3,4,0,clip_sim
3823,jmt_0068.png,4,4,0,clip_sim
3824,jmt_0068.png,4,4,0,clip_sim
3866,jmt_0075.png,4,4,0,clip_sim
3867,jmt_0075.png,4,4,0,clip_sim
3868,jmt_0075.png,1,4,0,clip_sim
3869,jmt_0075.png,4,4,0,clip_sim
3870,jmt_0075.png,1,4,0,clip_sim
3871,jmt_0075.png,4,4,0,clip_sim
3872,jmt_0075.png,2,4,0,clip_sim
3873,jmt_0075.png,3,4,0,clip_sim
3874,jmt_0075.png,2,4,0,clip_sim
3875,jmt_0075.png,2,4,0,clip_sim
3876,jmt_0077.png,1,3,0,clip_sim
3877,jmt_0077.png,1,4,0,clip_sim
3878,jmt_0077.png,4,4,0,clip_sim
3879,jmt_0077.png,3,4,0,clip_sim
3880,jmt_0077.png,2,4,0,clip_sim
3901,jmt_0086.png,0,2,0,clip_sim
3902,jmt_0086.png,4,2,0,clip_sim
3903,jmt_0086.png,3,2,0,clip_sim
3904,jmt_0086.png,4,2,0,clip_sim
3905,jmt_0086.png,4,4,0,clip_sim
3911,jmt_0089.png,4,3,0,clip_sim
3912,jmt_0089.png,1,3,0,clip_sim
3913,jmt_0089.png,1,4,0,clip_sim
3914,jmt_0089.png,4,3,0,clip_sim
3915,jmt_0089.png,1,3,0,clip_sim
3930,jmt_0094.png,2,4,0,clip_sim
3931,jmt_0094.png,4,4,0,clip_sim
3961,makeup_0003.png,1,4,0,clip_sim
3962,makeup_0003.png,4,4,0,clip_sim
3963,makeup_0003.png,4,4,0,clip_sim
3964,makeup_0003.png,4,4,0,clip_sim
3965,makeup_0003.png,3,4,0,clip_sim
3974,makeup_0006.png,4,4,0,clip_sim
3975,makeup_0006.png,1,4,0,clip_sim
3976,makeup_0006.png,3,4,0,clip_sim
3977,makeup_0006.png,0,4,0,clip_sim
3978,makeup_0006.png,3,4,0,clip_sim
3989,makeup_0012.png,4,3,0,clip_sim
3990,makeup_0012.png,4,4,0,clip_sim
3991,makeup_0015.png,4,3,0,clip_sim
3992,makeup_0015.png,4,2,0,clip_sim
3999,makeup_0018.png,4,3,0,clip_sim
4011,makeup_0026.png,4,4,0,clip_sim
4027,makeup_0028.png,4,4,0,clip_sim
4028,makeup_0028.png,3,4,0,clip_sim
4029,makeup_0028.png,1,4,0,clip_sim
4030,makeup_0028.png,4,4,0,clip_sim
4031,makeup_0028.png,2,4,0,clip_sim
4080,makeup_0035.png,4,4,0,clip_sim
4081,makeup_0035.png,2,4,0,clip_sim
4082,makeup_0035.png,3,4,0,clip_sim
4083,makeup_0035.png,4,4,0,clip_sim
4084,makeup_0035.png,3,4,0,clip_sim
4085,makeup_0035.png,2,4,0,clip_sim
4086,makeup_0035.png,3,4,0,clip_sim
4087,makeup_0035.png,3,4,0,clip_sim
4088,makeup_0035.png,3,4,0,clip_sim
4089,makeup_0035.png,1,4,0,clip_sim
4090,makeup_0035.png,2,4,0,clip_sim
4091,makeup_0035.png,1,4,0,clip_sim
4092,makeup_0035.png,2,4,0,clip_sim
4093,makeup_0035.png,3,4,0,clip_sim
4094,makeup_0035.png,1,4,0,clip_sim
4095,makeup_0035.png,1,4,0,clip_sim
4104,makeup_0038.png,4,4,0,clip_sim
4105,makeup_0038.png,4,4,0,clip_sim
4106,makeup_0038.png,4,4,0,clip_sim
4107,makeup_0038.png,4,4,0,clip_sim
4108,makeup_0038.png,4,4,0,clip_sim
4109,makeup_0038.png,3,4,0,clip_sim
4110,makeup_0038.png,2,4,0,clip_sim
4111,makeup_0038.png,3,4,0,clip_sim
4112,makeup_0038.png,1,4,0,clip_sim
4113,makeup_0038.png,1,2,0,clip_sim
4114,makeup_0039.png,4,3,0,clip_sim
4115,makeup_0039.png,1,4,0,clip_sim
4116,makeup_0039.png,3,3,0,clip_sim
4117,makeup_0039.png,3,2,0,clip_sim
4118,makeup_0039.png,4,4,0,clip_sim
4171,makeup_0055.png,4,4,0,clip_sim
4172,makeup_0055.png,4,4,0,clip_sim
4173,makeup_0055.png,4,4,0,clip_sim
4174,makeup_0055.png,4,4,0,clip_sim
4175,makeup_0055.png,4,4,0,clip_sim
4195,makeup_0062.png,4,3,0,clip_sim
4196,makeup_0062.png,4,4,0,clip_sim
4197,makeup_0062.png,1,4,0,clip_sim
4198,makeup_0062.png,3,4,0,clip_sim
4199,makeup_0062.png,1,4,0,clip_sim
4225,makeup_0070.png,4,4,0,clip_sim
4238,makeup_0072.png,4,4,0,clip_sim
4239,makeup_0072.png,1,4,0,clip_sim
4240,makeup_0072.png,4,4,0,clip_sim
4241,makeup_0072.png,3,3,0,clip_sim
4242,makeup_0072.png,4,4,0,clip_sim
4243,makeup_0073.png,4,4,0,clip_sim
4244,makeup_0073.png,1,4,0,clip_sim
4246,makeup_0076.png,4,4,0,clip_sim
4247,makeup_0076.png,4,4,0,clip_sim
4248,makeup_0076.png,3,4,0,clip_sim
4249,makeup_0076.png,2,4,0,clip_sim
4250,makeup_0076.png,4,4,0,clip_sim
4311,makeup_0086.png,2,4,0,clip_sim
4312,makeup_0086.png,3,4,0,clip_sim
4313,makeup_0086.png,3,4,0,clip_sim
4314,makeup_0086.png,1,4,0,clip_sim
4315,makeup_0086.png,1,4,0,clip_sim
4327,makeup_0090.png,4,3,0,clip_sim
4328,makeup_0090.png,3,3,0,clip_sim
4341,makeup_0100.png,4,3,0,clip_sim
4342,makeup_0100.png,3,3,0,clip_sim
4343,makeup_0100.png,4,4,0,clip_sim
4344,dailymakeup_0001.png,4,3,0,clip_sim
4350,dailymakeup_0004.png,1,4,0,clip_sim
4351,dailymakeup_0004.png,1,4,0,clip_sim
4352,dailymakeup_0004.png,3,3,0,clip_sim
4374,dailymakeup_0013.png,3,4,0,clip_sim
4375,dailymakeup_0013.png,1,4,0,clip_sim
4376,dailymakeup_0013.png,1,4,0,clip_sim
4377,dailymakeup_0013.png,1,4,0,clip_sim
4378,dailymakeup_0013.png,1,4,0,clip_sim
4379,dailymakeup_0013.png,1,4,0,clip_sim
4380,dailymakeup_0013.png,1,4,0,clip_sim
4381,dailymakeup_0013.png,0,4,0,clip_sim
4382,dailymakeup_0013.png,0,4,0,clip_sim
4383,dailymakeup_0013.png,1,4,0,clip_sim
4384,dailymakeup_0013.png,1,4,0,clip_sim
4385,dailymakeup_0013.png,2,4,0,clip_sim
4386,dailymakeup_0013.png,1,4,0,clip_sim
4387,dailymakeup_0013.png,1,4,0,clip_sim
4388,dailymakeup_0013.png,1,4,0,clip_sim
4389,dailymakeup_0013.png,4,4,0,clip_sim
4390,dailymakeup_0013.png,3,4,0,clip_sim
4391,dailymakeup_0013.png,3,4,0,clip_sim
4392,dailymakeup_0013.png,4,4,0,clip_sim
4393,dailymakeup_0013.png,4,3,0,clip_sim
4394,dailymakeup_0013.png,4,4,0,clip_sim
4395,dailymakeup_0014.png,3,4,0,clip_sim
4396,dailymakeup_0014.png,1,4,0,clip_sim
4397,dailymakeup_0014.png,1,4,0,clip_sim
4398,dailymakeup_0014.png,1,4,0,clip_sim
4399,dailymakeup_0014.png,2,4,0,clip_sim
4411,dailymakeup_0018.png,3,4,0,clip_sim
4412,dailymakeup_0018.png,3,4,0,clip_sim
4413,dailymakeup_0018.png,2,4,0,clip_sim
4427,dailymakeup_0022.png,4,4,0,clip_sim
4428,dailymakeup_0022.png,2,4,0,clip_sim
4439,dailymakeup_0025.png,4,4,0,clip_sim
4440,dailymakeup_0025.png,3,4,0,clip_sim
4441,dailymakeup_0025.png,3,3,0,clip_sim
4442,dailymakeup_0025.png,2,4,0,clip_sim
4443,dailymakeup_0025.png,2,4,0,clip_sim
4452,dailymakeup_0027.png,4,3,0,clip_sim
4453,dailymakeup_0027.png,1,4,0,clip_sim
4454,dailymakeup_0027.png,0,3,0,clip_sim
4455,dailymakeup_0027.png,0,4,0,clip_sim
4456,dailymakeup_0027.png,0,4,0,clip_sim
4457,dailymakeup_0028.png,2,4,0,clip_sim
4458,dailymakeup_0028.png,2,4,0,clip_sim
4459,dailymakeup_0028.png,4,4,0,clip_sim
4460,dailymakeup_0028.png,1,4,0,clip_sim
4461,dailymakeup_0028.png,4,4,0,clip_sim
4462,dailymakeup_0028.png,2,4,0,clip_sim
4463,dailymakeup_0028.png,2,4,0,clip_sim
4464,dailymakeup_0028.png,0,4,0,clip_sim
4465,dailymakeup_0028.png,0,3,0,clip_sim
4466,dailymakeup_0028.png,4,3,0,clip_sim
4467,dailymakeup_0028.png,3,4,0,clip_sim
4468,dailymakeup_0028.png,3,4,0,clip_sim
4469,dailymakeup_0028.png,3,4,0,clip_sim
4470,dailymakeup_0028.png,0,3,0,clip_sim
4471,dailymakeup_0028.png,0,3,0,clip_sim
4472,dailymakeup_0028.png,1,4,0,clip_sim
4473,dailymakeup_0028.png,0,2,0,clip_sim
4474,dailymakeup_0028.png,0,2,0,clip_sim
4521,dailymakeup_0037.png,3,4,0,clip_sim
4522,dailymakeup_0037.png,4,4,0,clip_sim
4523,dailymakeup_0037.png,3,4,0,clip_sim
4524,dailymakeup_0037.png,2,4,0,clip_sim
4525,dailymakeup_0037.png,0,4,0,clip_sim
4526,dailymakeup_0037.png,3,4,0,clip_sim
4527,dailymakeup_0037.png,4,3,0,clip_sim
4528,dailymakeup_0037.png,2,4,0,clip_sim
4529,dailymakeup_0037.png,3,4,0,clip_sim
4530,dailymakeup_0037.png,4,3,0,clip_sim
4531,dailymakeup_0037.png,3,3,0,clip_sim
4532,dailymakeup_0037.png,3,4,0,clip_sim
4533,dailymakeup_0037.png,4,4,0,clip_sim
4534,dailymakeup_0037.png,2,4,0,clip_sim
4535,dailymakeup_0037.png,1,4,0,clip_sim
4536,dailymakeup_0037.png,1,4,0,clip_sim
4537,dailymakeup_0037.png,3,4,0,clip_sim
4538,dailymakeup_0037.png,1,4,0,clip_sim
4539,dailymakeup_0037.png,1,3,0,clip_sim
4540,dailymakeup_0037.png,2,4,0,clip_sim
4541,dailymakeup_0037.png,1,4,0,clip_sim
4542,dailymakeup_0037.png,3,4,0,clip_sim
4543,dailymakeup_0037.png,2,4,0,clip_sim
4552,dailymakeup_0040.png,3,3,0,clip_sim
4553,dailymakeup_0041.png,4,4,0,clip_sim
4592,dailymakeup_0051.png,4,4,0,clip_sim
4593,dailymakeup_0051.png,4,4,0,clip_sim
4594,dailymakeup_0051.png,4,4,0,clip_sim
4595,dailymakeup_0051.png,3,4,0,clip_sim
4596,dailymakeup_0051.png,2,4,0,clip_sim
4597,dailymakeup_0051.png,2,4,0,clip_sim
4598,dailymakeup_0051.png,1,3,0,clip_sim
4599,dailymakeup_0051.png,1,4,0,clip_sim
4600,dailymakeup_0051.png,4,4,0,clip_sim
4601,dailymakeup_0051.png,2,4,0,clip_sim
4602,dailymakeup_0051.png,0,4,0,clip_sim
4603,dailymakeup_0051.png,0,4,0,clip_sim
4604,dailymakeup_0051.png,1,3,0,clip_sim
4605,dailymakeup_0051.png,1,4,0,clip_sim
4606,dailymakeup_0051.png,2,4,0,clip_sim
4607,dailymakeup_0051.png,0,4,0,clip_sim
4608,dailymakeup_0051.png,1,4,0,clip_sim
4609,dailymakeup_0051.png,1,3,0,clip_sim
4610,dailymakeup_0051.png,1,4,0,clip_sim
4611,dailymakeup_0051.png,0,4,0,clip_sim
4612,dailymakeup_0051.png,0,4,0,clip_sim
4613,dailymakeup_0051.png,3,4,0,clip_sim
4614,dailymakeup_0051.png,3,4,0,clip_sim
4615,dailymakeup_0051.png,3,4,0,clip_sim
4616,dailymakeup_0051.png,2,4,0,clip_sim
4617,dailymakeup_0051.png,1,4,0,clip_sim
4618,dailymakeup_0051.png,2,4,0,clip_sim
4619,dailymakeup_0051.png,1,4,0,clip_sim
4620,dailymakeup_0051.png,0,4,0,clip_sim
4674,dailymakeup_0067.png,4,4,0,clip_sim
4700,dailymakeup_0070.png,2,4,0,clip_sim
4701,dailymakeup_0070.png,3,4,0,clip_sim
4702,dailymakeup_0070.png,1,4,0,clip_sim
4703,dailymakeup_0070.png,3,4,0,clip_sim
4704,dailymakeup_0070.png,1,4,0,clip_sim
4734,dailymakeup_0079.png,3,4,0,clip_sim
4735,dailymakeup_0079.png,4,4,0,clip_sim
4736,dailymakeup_0079.png,3,4,0,clip_sim
4785,dailymakeup_0092.png,3,4,0,clip_sim
4786,dailymakeup_0092.png,3,3,0,clip_sim
4787,dailymakeup_0092.png,2,4,0,clip_sim
4788,dailymakeup_0092.png,3,4,0,clip_sim
4789,dailymakeup_0092.png,1,4,0,clip_sim
4803,dailymakeup_0098.png,0,4,0,clip_sim
4804,dailymakeup_0098.png,1,4,0,clip_sim
4805,dailymakeup_0098.png,1,4,0,clip_sim
4806,dailymakeup_0098.png,3,3,0,clip_sim
4856,kkuankku_0007.png,3,4,0,clip_sim
4857,kkuankku_0007.png,4,4,0,clip_sim
4858,kkuankku_0007.png,3,4,0,clip_sim
4859,kkuankku_0007.png,2,4,0,clip_sim
4860,kkuankku_0007.png,3,4,0,clip_sim
4861,kkuankku_0007.png,3,4,0,clip_sim
4862,kkuankku_0007.png,4,4,0,clip_sim
4863,kkuankku_0007.png,2,4,0,clip_sim
4864,kkuankku_0007.png,1,4,0,clip_sim
4865,kkuankku_0007.png,4,4,0,clip_sim
4866,kkuankku_0007.png,3,3,0,clip_sim
4867,kkuankku_0007.png,3,3,0,clip_sim
4868,kkuankku_0007.png,1,2,0,clip_sim
4869,kkuankku_0007.png,4,4,0,clip_sim
4870,kkuankku_0007.png,3,4,0,clip_sim
4871,kkuankku_0007.png,1,4,0,clip_sim
4872,kkuankku_0007.png,2,4,0,clip_sim
4873,kkuankku_0007.png,3,3,0,clip_sim
4874,kkuankku_0007.png,3,3,0,clip_sim
4875,kkuankku_0007.png,3,3,0,clip_sim
4876,kkuankku_0007.png,2,4,0,clip_sim
4877,kkuankku_0007.png,1,4,0,clip_sim
4878,kkuankku_0008.png,4,4,0,clip_sim
4879,kkuankku_0008.png,4,4,0,clip_sim
4880,kkuankku_0008.png,3,4,0,clip_sim
4881,kkuankku_0008.png,3,4,0,clip_sim
4882,kkuankku_0008.png,4,4,0,clip_sim
4883,kkuankku_0008.png,0,4,0,clip_sim
4884,kkuankku_0008.png,3,4,0,clip_sim
4885,kkuankku_0008.png,1,4,0,clip_sim
4886,kkuankku_0011.png,2,4,0,clip_sim
4892,kkuankku_0014.png,4,4,0,clip_sim
4893,kkuankku_0014.png,2,4,0,clip_sim
4894,kkuankku_0014.png,3,4,0,clip_sim
4895,kkuankku_0017.png,4,4,0,clip_sim
4896,kkuankku_0017.png,4,4,0,clip_sim
4897,kkuankku_0017.png,3,4,0,clip_sim
4898,kkuankku_0017.png,3,4,0,clip_sim
4899,kkuankku_0017.png,2,4,0,clip_sim
4910,kkuankku_0025.png,4,4,0,clip_sim
4911,kkuankku_0025.png,3,4,0,clip_sim
4912,kkuankku_0025.png,4,3,0,clip_sim
4913,kkuankku_0025.png,3,4,0,clip_sim
4914,kkuankku_0025.png,2,4,0,clip_sim
4915,kkuankku_0026.png,4,4,0,clip_sim
4916,kkuankku_0026.png,4,3,0,clip_sim
4917,kkuankku_0026.png,4,4,0,clip_sim
4918,kkuankku_0026.png,3,4,0,clip_sim
4988,kkuankku_0051.png,2,4,0,clip_sim
4989,kkuankku_0051.png,3,3,0,clip_sim
4990,kkuankku_0051.png,4,4,0,clip_sim
4991,kkuankku_0051.png,1,4,0,clip_sim
5069,kkuankku_0071.png,1,2,0,clip_sim
5178,kkuankku_0100.png,4,4,0,clip_sim
5179,kkuankku_0100.png,3,4,0,clip_sim
5180,kkuankku_0100.png,3,4,0,clip_sim
5181,kkuankku_0100.png,4,4,0,clip_sim
5182,kkuankku_0100.png,3,4,0,clip_sim
5183,kkuankku_0100.png,3,4,0,clip_sim
5184,kkuankku_0100.png,3,4,0,clip_sim
5185,kkuankku_0100.png,3,4,0,clip_sim
5186,kkuankku_0100.png,2,4,0,clip_sim
5187,kkuankku_0100.png,2,4,0,clip_sim
5188,kkuankku_0100.png,2,4,0,clip_sim
5189,kkuankku_0100.png,4,2,0,clip_sim
5190,kkuankku_0100.png,2,2,0,clip_sim
5191,kkuankku_0100.png,3,2,0,clip_sim
5192,kkuankku_0100.png,3,3,0,clip_sim
5193,kkuankku_0100.png,3,4,0,clip_sim
5194,kkuankku_0100.png,3,4,0,clip_sim
5195,kkuankku_0100.png,1,4,0,clip_sim
5196,kkuankku_0100.png,1,4,0,clip_sim
5197,kkuankku_0100.png,4,4,0,clip_sim
5198,kkuankku_0100.png,3,2,0,clip_sim
5199,kkuankku_0100.png,2,4,0,clip_sim
5200,kkuankku_0100.png,2,4,0,clip_sim
5201,kkuankku_0100.png,1,4,0,clip_sim
5202,kkuankku_0100.png,1,4,0,clip_sim
5203,kkuankku_0100.png,1,4,0,clip_sim
5302,dailylook_0024.png,4,4,0,clip_sim
5303,dailylook_0024.png,3,3,0,clip_sim
5304,dailylook_0024.png,4,4,0,clip_sim
5305,dailylook_0024.png,3,3,0,clip_sim
5317,dailylook_0029.png,3,4,0,clip_sim
5318,dailylook_0029.png,4,4,0,clip_sim
5319,dailylook_0029.png,1,4,0,clip_sim
5320,dailylook_0029.png,1,4,0,clip_sim
5321,dailylook_0029.png,3,4,0,clip_sim
5322,dailylook_0029.png,1,4,0,clip_sim
5339,dailylook_0042.png,1,3,0,clip_sim
5340,dailylook_0042.png,2,4,0,clip_sim
5341,dailylook_0042.png,4,3,0,clip_sim
5342,dailylook_0042.png,2,4,0,clip_sim
5343,dailylook_0042.png,0,4,0,clip_sim
5344,dailylook_0043.png,4,4,0,clip_sim
5345,dailylook_0043.png,3,4,0,clip_sim
5346,dailylook_0043.png,4,4,0,clip_sim
5347,dailylook_0043.png,2,4,0,clip_sim
5348,dailylook_0043.png,4,2,0,clip_sim
5349,dailylook_0043.png,3,2,0,clip_sim
5350,dailylook_0043.png,1,4,0,clip_sim
5351,dailylook_0043.png,3,4,0,clip_sim
5375,dailylook_0049.png,4,4,0,clip_sim
5376,dailylook_0049.png,3,4,0,clip_sim
5377,dailylook_0049.png,4,4,0,clip_sim
5378,dailylook_0049.png,4,4,0,clip_sim
5379,dailylook_0049.png,4,4,0,clip_sim
5380,dailylook_0049.png,3,4,0,clip_sim
5381,dailylook_0049.png,4,4,0,clip_sim
5382,dailylook_0049.png,3,3,0,clip_sim
5383,dailylook_0049.png,4,4,0,clip_sim
5384,dailylook_0049.png,4,4,0,clip_sim
5385,dailylook_0049.png,3,4,0,clip_sim
5386,dailylook_0049.png,2,4,0,clip_sim
5387,dailylook_0049.png,2,4,0,clip_sim
5388,dailylook_0049.png,3,4,0,clip_sim
5389,dailylook_0049.png,3,4,0,clip_sim
5390,dailylook_0049.png,3,3,0,clip_sim
5391,dailylook_0049.png,2,4,0,clip_sim
5392,dailylook_0049.png,2,4,0,clip_sim
5393,dailylook_0049.png,4,4,0,clip_sim
5394,dailylook_0049.png,4,3,0,clip_sim
5426,dailylook_0060.png,4,4,0,clip_sim
5427,dailylook_0060.png,3,4,0,clip_sim
5428,dailylook_0060.png,3,4,0,clip_sim
5429,dailylook_0060.png,0,4,0,clip_sim
5430,dailylook_0060.png,3,4,0,clip_sim
5484,dailylook_0080.png,3,4,0,clip_sim
5485,dailylook_0080.png,4,4,0,clip_sim
5486,dailylook_0080.png,4,4,0,clip_sim
5487,dailylook_0080.png,1,4,0,clip_sim
5488,dailylook_0080.png,1,3,0,clip_sim
5500,dailylook_0088.png,2,4,0,clip_sim
5501,dailylook_0088.png,3,4,0,clip_sim
5502,dailylook_0088.png,2,4,0,clip_sim
5503,dailylook_0088.png,3,4,0,clip_sim
5504,dailylook_0088.png,1,4,0,clip_sim
5505,dailylook_0088.png,0,4,0,clip_sim
5506,dailylook_0088.png,0,4,0,clip_sim
5507,dailylook_0088.png,0,4,0,clip_sim
5508,dailylook_0088.png,3,4,0,clip_sim
5509,dailylook_0088.png,4,4,0,clip_sim
5510,dailylook_0088.png,4,4,0,clip_sim
5511,dailylook_0088.png,3,4,0,clip_sim
5512,dailylook_0088.png,3,4,0,clip_sim
5513,dailylook_0088.png,3,4,0,clip_sim
5514,dailylook_0088.png,3,4,0,clip_sim
5515,dailylook_0088.png,3,4,0,clip_sim
5516,dailylook_0088.png,4,4,0,clip_sim
5517,dailylook_0088.png,4,4,0,clip_sim
5518,dailylook_0088.png,4,4,0,clip_sim
5519,dailylook_0088.png,0,4,0,clip_sim
5520,dailylook_0088.png,1,4,0,clip_sim
5521,dailylook_0088.png,3,4,0,clip_sim
5522,dailylook_0088.png,2,2,0,clip_sim
5523,dailylook_0088.png,3,4,0,clip_sim
5526,dailylook_0091.png,3,4,0,clip_sim
5527,dailylook_0091.png,1,4,0,clip_sim
5528,dailylook_0091.png,1,4,0,clip_sim
5529,dailylook_0091.png,3,4,0,clip_sim
5530,dailylook_0091.png,4,4,0,clip_sim
5531,dailylook_0091.png,2,4,0,clip_sim
5532,dailylook_0091.png,4,4,0,clip_sim
5533,dailylook_0091.png,3,4,0,clip_sim
5534,dailylook_0091.png,2,4,0,clip_sim
5535,dailylook_0091.png,4,4,0,clip_sim
5536,dailylook_0091.png,2,4,0,clip_sim
5537,dailylook_0091.png,4,4,0,clip_sim
5538,dailylook_0091.png,4,4,0,clip_sim
5539,dailylook_0091.png,4,4,0,clip_sim
5540,dailylook_0091.png,3,4,0,clip_sim
5541,dailylook_0091.png,3,4,0,clip_sim
5542,dailylook_0091.png,3,4,0,clip_sim
5543,dailylook_0091.png,3,4,0,clip_sim
5544,dailylook_0091.png,2,4,0,clip_sim
5545,dailylook_0091.png,1,4,0,clip_sim
5546,dailylook_0091.png,3,4,0,clip_sim
5547,dailylook_0091.png,3,4,0,clip_sim
5548,dailylook_0091.png,3,4,0,clip_sim
5549,dailylook_0091.png,3,4,0,clip_sim
5550,dailylook_0091.png,3,3,0,clip_sim
5551,dailylook_0091.png,2,4,0,clip_sim
5552,dailylook_0091.png,3,4,0,clip_sim
5568,dailylook_0093.png,3,4,0,clip_sim
5569,dailylook_0093.png,3,4,0,clip_sim
5570,dailylook_0093.png,3,4,0,clip_sim
5571,dailylook_0093.png,3,4,0,clip_sim
5601,ootd_0006.png,0,4,0,clip_sim
5602,ootd_0006.png,2,3,0,clip_sim
5603,ootd_0006.png,2,2,0,clip_sim
5661,ootd_0026.png,4,4,0,clip_sim
5662,ootd_0026.png,3,4,0,clip_sim
5754,ootd_0051.png,3,4,0,clip_sim
5755,ootd_0051.png,4,4,0,clip_sim
5756,ootd_0051.png,4,4,0,clip_sim
5757,ootd_0051.png,4,4,0,clip_sim
5758,ootd_0051.png,4,4,0,clip_sim
5845,ootd_0086.png,3,3,0,clip_sim
5846,ootd_0086.png,2,4,0,clip_sim
5847,ootd_0086.png,1,4,0,clip_sim
5848,ootd_0086.png,3,4,0,clip_sim
5849,ootd_0086.png,3,4,0,clip_sim
5850,ootd_0086.png,3,4,0,clip_sim
5851,ootd_0086.png,3,4,0,clip_sim
5852,ootd_0086.png,0,4,0,clip_sim
5853,ootd_0086.png,0,4,0,clip_sim
5854,ootd_0086.png,0,4,0,clip_sim
5855,ootd_0086.png,3,4,0,clip_sim
5856,ootd_0086.png,2,4,0,clip_sim
5857,ootd_0086.png,2,4,0,clip_sim
5858,ootd_0086.png,0,4,0,clip_sim
5859,ootd_0086.png,0,4,0,clip_sim
5860,ootd_0086.png,2,4,0,clip_sim
5861,ootd_0086.png,2,4,0,clip_sim
5862,ootd_0086.png,1,4,0,clip_sim
5863,ootd_0086.png,1,4,0,clip_sim
5864,ootd_0086.png,1,4,0,clip_sim
5865,ootd_0086.png,1,3,0,clip_sim
5866,ootd_0086.png,3,3,0,clip_sim
5867,ootd_0086.png,3,4,0,clip_sim
5868,ootd_0086.png,2,4,0,clip_sim
5871,ootd_0089.png,4,3,0,clip_sim
5872,ootd_0089.png,4,3,0,clip_sim
5873,ootd_0089.png,3,3,0,clip_sim
5874,ootd_0089.png,2,3,0,clip_sim
5875,ootd_0090.png,4,4,0,clip_sim
5876,ootd_0090.png,3,4,0,clip_sim
5877,ootd_0090.png,3,4,0,clip_sim
5878,ootd_0090.png,2,4,0,clip_sim
5879,ootd_0090.png,4,4,0,clip_sim
5880,ootd_0090.png,3,4,0,clip_sim
5898,ootd_0094.png,0,4,0,clip_sim
5899,ootd_0094.png,3,4,0,clip_sim
5900,ootd_0094.png,4,4,0,clip_sim
5901,ootd_0094.png,3,4,0,clip_sim
5902,ootd_0094.png,2,3,0,clip_sim
5934,fashionista_0004.png,4,4,0,clip_sim
5935,fashionista_0004.png,2,4,0,clip_sim
5936,fashionista_0004.png,2,4,0,clip_sim
5937,fashionista_0004.png,3,4,0,clip_sim
5938,fashionista_0004.png,2,4,0,clip_sim
5939,fashionista_0005.png,4,2,0,clip_sim
5940,fashionista_0005.png,4,2,0,clip_sim
5941,fashionista_0005.png,4,2,0,clip_sim
5942,fashionista_0005.png,3,2,0,clip_sim
5943,fashionista_0005.png,2,2,0,clip_sim
5952,fashionista_0017.png,1,4,0,clip_sim
5953,fashionista_0017.png,0,4,0,clip_sim
5954,fashionista_0017.png,4,4,0,clip_sim
5955,fashionista_0017.png,3,3,0,clip_sim
5956,fashionista_0017.png,0,4,0,clip_sim
5959,fashionista_0024.png,3,4,0,clip_sim
5960,fashionista_0024.png,3,3,0,clip_sim
5961,fashionista_0024.png,3,3,0,clip_sim
5962,fashionista_0024.png,2,4,0,clip_sim
5963,fashionista_0024.png,1,4,0,clip_sim
6096,fashionista_0050.png,0,2,0,clip_sim
6097,fashionista_0050.png,0,4,0,clip_sim
6098,fashionista_0050.png,2,4,0,clip_sim
6099,fashionista_0050.png,1,4,0,clip_sim
6100,fashionista_0050.png,0,4,0,clip_sim
6337,fashionista_0088.png,1,3,0,clip_sim
6338,fashionista_0088.png,0,4,0,clip_sim
6339,fashionista_0088.png,2,2,0,clip_sim
6340,fashionista_0088.png,2,3,0,clip_sim
6341,fashionista_0088.png,2,2,0,clip_sim
6342,fashionista_0088.png,1,3,0,clip_sim
6343,fashionista_0088.png,4,4,0,clip_sim
6344,fashionista_0088.png,4,4,0,clip_sim
6345,fashionista_0088.png,0,2,0,clip_sim
6346,fashionista_0088.png,1,2,0,clip_sim
6347,fashionista_0088.png,1,2,0,clip_sim
6348,fashionista_0088.png,2,4,0,clip_sim
6349,fashionista_0088.png,0,4,0,clip_sim
6350,fashionista_0088.png,0,4,0,clip_sim
6351,fashionista_0088.png,0,2,0,clip_sim
6352,fashionista_0088.png,1,4,0,clip_sim
6353,fashionista_0088.png,1,2,0,clip_sim
6354,fashionista_0088.png,1,4,0,clip_sim
6355,fashionista_0088.png,2,4,0,clip_sim
6356,fashionista_0088.png,2,4,0,clip_sim
6357,fashionista_0088.png,3,4,0,clip_sim
6358,fashionista_0088.png,0,4,0,clip_sim
6359,fashionista_0088.png,2,4,0,clip_sim
6360,fashionista_0088.png,1,4,0,clip_sim
6361,fashionista_0088.png,0,2,0,clip_sim
6362,fashionista_0088.png,4,4,0,clip_sim
6363,fashionista_0088.png,3,4,0,clip_sim
6364,fashionista_0088.png,0,4,0,clip_sim
6365,fashionista_0088.png,0,4,0,clip_sim
6531,neungsohwa_0020.png,2,4,0,clip_sim
6532,neungsohwa_0020.png,2,2,0,clip_sim
6533,neungsohwa_0020.png,2,2,0,clip_sim
6534,neungsohwa_0020.png,0,3,0,clip_sim
6535,neungsohwa_0020.png,3,3,0,clip_sim
6536,neungsohwa_0020.png,3,3,0,clip_sim
6537,neungsohwa_0020.png,4,2,0,clip_sim
6538,neungsohwa_0020.png,2,2,0,clip_sim
6539,neungsohwa_0020.png,0,3,0,clip_sim
6540,neungsohwa_0020.png,1,3,0,clip_sim
6541,neungsohwa_0020.png,1,3,0,clip_sim
6542,neungsohwa_0020.png,2,3,0,clip_sim
6543,neungsohwa_0020.png,1,4,0,clip_sim
6544,neungsohwa_0020.png,2,3,0,clip_sim
6545,neungsohwa_0020.png,4,3,0,clip_sim
6546,neungsohwa_0020.png,3,3,0,clip_sim
6547,neungsohwa_0020.png,1,2,0,clip_sim
6548,neungsohwa_0020.png,1,4,0,clip_sim
6549,neungsohwa_0020.png,1,2,0,clip_sim
6550,neungsohwa_0020.png,0,2,0,clip_sim
6551,neungsohwa_0021.png,3,3,0,clip_sim
6552,neungsohwa_0021.png,1,2,0,clip_sim
6553,neungsohwa_0021.png,2,3,0,clip_sim
6554,neungsohwa_0021.png,3,2,0,clip_sim
6555,neungsohwa_0021.png,4,3,0,clip_sim
6556,neungsohwa_0021.png,4,3,0,clip_sim
6557,neungsohwa_0021.png,2,3,0,clip_sim
6558,neungsohwa_0021.png,3,2,0,clip_sim
6559,neungsohwa_0021.png,3,2,0,clip_sim
6590,neungsohwa_0034.png,4,2,0,clip_sim
6591,neungsohwa_0034.png,2,3,0,clip_sim
6592,neungsohwa_0034.png,3,2,0,clip_sim
6593,neungsohwa_0034.png,2,2,0,clip_sim
6594,neungsohwa_0034.png,3,3,0,clip_sim
6595,neungsohwa_0034.png,1,3,0,clip_sim
6596,neungsohwa_0034.png,1,2,0,clip_sim
6655,neungsohwa_0050.png,4,4,0,clip_sim
6656,neungsohwa_0050.png,3,4,0,clip_sim
6657,neungsohwa_0050.png,4,3,0,clip_sim
6658,neungsohwa_0050.png,0,3,0,clip_sim
6659,neungsohwa_0051.png,1,2,0,clip_sim
6660,neungsohwa_0051.png,0,2,0,clip_sim
6661,neungsohwa_0051.png,3,3,0,clip_sim
6662,neungsohwa_0051.png,3,2,0,clip_sim
6680,neungsohwa_0057.png,1,3,0,clip_sim
6703,neungsohwa_0066.png,0,3,0,clip_sim
6704,neungsohwa_0066.png,3,4,0,clip_sim
6705,neungsohwa_0066.png,0,3,0,clip_sim
6706,neungsohwa_0066.png,0,2,0,clip_sim
6713,neungsohwa_0073.png,4,3,0,clip_sim
6736,neungsohwa_0080.png,2,4,0,clip_sim
6737,neungsohwa_0080.png,0,4,0,clip_sim
6738,neungsohwa_0080.png,4,4,0,clip_sim
6749,neungsohwa_0085.png,4,4,0,clip_sim
6750,neungsohwa_0085.png,4,4,0,clip_sim
6751,neungsohwa_0085.png,2,4,0,clip_sim
6752,neungsohwa_0085.png,2,4,0,clip_sim
6753,neungsohwa_0085.png,1,3,0,clip_sim
6764,neungsohwa_0089.png,4,2,0,clip_sim
6765,neungsohwa_0089.png,4,2,0,clip_sim
6766,neungsohwa_0089.png,1,2,0,clip_sim
6767,neungsohwa_0089.png,4,2,0,clip_sim
6768,neungsohwa_0089.png,1,2,0,clip_sim
6843,danpung_0007.png,1,3,0,clip_sim
6844,danpung_0007.png,0,4,0,clip_sim
6847,danpung_0009.png,3,3,0,clip_sim
6848,danpung_0009.png,1,4,0,clip_sim
6849,danpung_0009.png,4,4,0,clip_sim
6850,danpung_0009.png,3,4,0,clip_sim
6851,danpung_0009.png,4,4,0,clip_sim
6852,danpung_0009.png,3,3,0,clip_sim
6853,danpung_0009.png,2,4,0,clip_sim
6854,danpung_0009.png,4,4,0,clip_sim
6863,danpung_0012.png,3,4,0,clip_sim
6864,danpung_0012.png,4,4,0,clip_sim
6865,danpung_0012.png,3,4,0,clip_sim
6866,danpung_0012.png,2,4,0,clip_sim
6867,danpung_0012.png,2,3,0,clip_sim
6868,danpung_0012.png,3,4,0,clip_sim
6869,danpung_0012.png,1,4,0,clip_sim
6910,danpung_0020.png,1,4,0,clip_sim
6966,danpung_0031.png,1,2,0,clip_sim
6967,danpung_0031.png,4,4,0,clip_sim
6968,danpung_0031.png,3,4,0,clip_sim
6969,danpung_0031.png,2,4,0,clip_sim
6970,danpung_0031.png,2,3,0,clip_sim
7021,danpung_0040.png,4,3,0,clip_sim
7022,danpung_0040.png,2,3,0,clip_sim
7023,danpung_0040.png,2,2,0,clip_sim
7024,danpung_0040.png,4,3,0,clip_sim
7025,danpung_0040.png,4,3,0,clip_sim
7026,danpung_0040.png,4,2,0,clip_sim
7027,danpung_0040.png,3,3,0,clip_sim
7028,danpung_0040.png,3,3,0,clip_sim
7029,danpung_0040.png,3,2,0,clip_sim
7030,danpung_0040.png,0,3,0,clip_sim
7031,danpung_0040.png,1,2,0,clip_sim
7032,danpung_0040.png,2,2,0,clip_sim
7033,danpung_0040.png,3,2,0,clip_sim
7034,danpung_0040.png,1,3,0,clip_sim
7035,danpung_0040.png,1,3,0,clip_sim
7036,danpung_0040.png,1,2,0,clip_sim
7080,danpung_0058.png,4,3,0,clip_sim
7081,danpung_0058.png,4,3,0,clip_sim
7082,danpung_0058.png,4,4,0,clip_sim
7083,danpung_0058.png,1,3,0,clip_sim
7084,danpung_0058.png,0,2,0,clip_sim
7085,danpung_0058.png,3,4,0,clip_sim
7086,danpung_0058.png,0,3,0,clip_sim
7087,danpung_0058.png,4,2,0,clip_sim
7088,danpung_0058.png,2,4,0,clip_sim
7089,danpung_0058.png,1,2,0,clip_sim
7090,danpung_0058.png,0,4,0,clip_sim
7091,danpung_0058.png,4,2,0,clip_sim
7092,danpung_0058.png,3,3,0,clip_sim
7093,danpung_0058.png,4,3,0,clip_sim
7094,danpung_0058.png,4,4,0,clip_sim
7095,danpung_0058.png,4,3,0,clip_sim
7096,danpung_0058.png,3,4,0,clip_sim
7120,danpung_0064.png,4,3,0,clip_sim
7121,danpung_0064.png,4,2,0,clip_sim
7122,danpung_0064.png,4,2,0,clip_sim
7123,danpung_0064.png,3,2,0,clip_sim
7124,danpung_0064.png,3,2,0,clip_sim
7125,danpung_0064.png,3,4,0,clip_sim
7126,danpung_0064.png,3,4,0,clip_sim
7127,danpung_0064.png,4,4,0,clip_sim
7128,danpung_0064.png,2,3,0,clip_sim
7129,danpung_0064.png,1,3,0,clip_sim
7130,danpung_0064.png,3,2,0,clip_sim
7131,danpung_0064.png,4,4,0,clip_sim
7132,danpung_0064.png,3,4,0,clip_sim
7133,danpung_0066.png,4,3,0,clip_sim
7134,danpung_0066.png,1,2,0,clip_sim
7135,danpung_0066.png,1,3,0,clip_sim
7136,danpung_0066.png,1,2,0,clip_sim
7198,danpung_0075.png,2,2,0,clip_sim
7199,danpung_0075.png,1,3,0,clip_sim
7262,danpung_0089.png,3,2,0,clip_sim
7263,danpung_0089.png,3,2,0,clip_sim
7264,danpung_0089.png,3,2,0,clip_sim
7265,danpung_0089.png,4,2,0,clip_sim
7266,danpung_0090.png,3,3,0,clip_sim
7267,danpung_0090.png,3,3,0,clip_sim
7268,danpung_0090.png,2,3,0,clip_sim
7269,danpung_0090.png,3,3,0,clip_sim
7300,cherryblossom_0009.png,0,3,0,clip_sim
7301,cherryblossom_0009.png,4,4,0,clip_sim
7302,cherryblossom_0009.png,4,4,0,clip_sim
7319,cherryblossom_0019.png,4,3,0,clip_sim
7320,cherryblossom_0019.png,1,3,0,clip_sim
7321,cherryblossom_0019.png,2,3,0,clip_sim
7322,cherryblossom_0019.png,1,3,0,clip_sim
7428,cherryblossom_0045.png,0,4,0,clip_sim
7429,cherryblossom_0045.png,0,4,0,clip_sim
7430,cherryblossom_0045.png,0,4,0,clip_sim
7431,cherryblossom_0045.png,0,3,0,clip_sim
7432,cherryblossom_0045.png,0,2,0,clip_sim
7438,cherryblossom_0049.png,4,3,0,clip_sim
7439,cherryblossom_0049.png,2,3,0,clip_sim
7440,cherryblossom_0049.png,1,3,0,clip_sim
7441,cherryblossom_0049.png,4,3,0,clip_sim
7442,cherryblossom_0049.png,4,3,0,clip_sim
7443,cherryblossom_0049.png,3,3,0,clip_sim
7444,cherryblossom_0049.png,2,3,0,clip_sim
7463,cherryblossom_0053.png,4,4,0,clip_sim
7464,cherryblossom_0053.png,4,4,0,clip_sim
7465,cherryblossom_0053.png,2,4,0,clip_sim
7466,cherryblossom_0053.png,3,4,0,clip_sim
7467,cherryblossom_0053.png,1,4,0,clip_sim
7493,cherryblossom_0058.png,0,4,0,clip_sim
7494,cherryblossom_0058.png,3,4,0,clip_sim
7495,cherryblossom_0058.png,4,4,0,clip_sim
7514,cherryblossom_0067.png,3,4,0,clip_sim
7515,cherryblossom_0067.png,3,2,0,clip_sim
7516,cherryblossom_0067.png,4,3,0,clip_sim
7517,cherryblossom_0067.png,4,3,0,clip_sim
7554,cherryblossom_0083.png,4,4,0,clip_sim
7555,cherryblossom_0083.png,3,4,0,clip_sim
7556,cherryblossom_0083.png,3,4,0,clip_sim
7557,cherryblossom_0083.png,1,4,0,clip_sim
7558,cherryblossom_0083.png,4,3,0,clip_sim
7564,cherryblossom_0085.png,2,3,0,clip_sim
7565,cherryblossom_0085.png,3,2,0,clip_sim
7566,cherryblossom_0085.png,4,2,0,clip_sim
7567,cherryblossom_0085.png,4,2,0,clip_sim
7578,cherryblossom_0091.png,4,4,0,clip_sim
7579,cherryblossom_0091.png,3,3,0,clip_sim
7580,cherryblossom_0091.png,4,4,0,clip_sim
7581,cherryblossom_0091.png,4,4,0,clip_sim
7716,kpop_0013.png,1,2,0,clip_sim
7717,kpop_0013.png,3,2,0,clip_sim
7718,kpop_0013.png,2,2,0,clip_sim
7719,kpop_0013.png,3,3,0,clip_sim
7720,kpop_0013.png,3,3,0,clip_sim
7721,kpop_0014.png,4,2,0,clip_sim
7722,kpop_0014.png,4,2,0,clip_sim
7723,kpop_0014.png,4,2,0,clip_sim
7724,kpop_0014.png,4,2,0,clip_sim
7725,kpop_0014.png,4,3,0,clip_sim
7726,kpop_0014.png,3,3,0,clip_sim
7727,kpop_0014.png,4,2,0,clip_sim
7728,kpop_0014.png,4,4,0,clip_sim
7729,kpop_0014.png,4,3,0,clip_sim
7744,kpop_0018.png,4,4,0,clip_sim
7745,kpop_0018.png,4,4,0,clip_sim
7746,kpop_0018.png,1,4,0,clip_sim
7747,kpop_0018.png,1,4,0,clip_sim
7753,kpop_0021.png,4,4,0,clip_sim
7754,kpop_0021.png,3,4,0,clip_sim
7755,kpop_0021.png,4,4,0,clip_sim
7756,kpop_0021.png,1,4,0,clip_sim
7757,kpop_0021.png,4,4,0,clip_sim
7758,kpop_0021.png,4,3,0,clip_sim
7759,kpop_0021.png,1,4,0,clip_sim
7760,kpop_0021.png,1,4,0,clip_sim
7761,kpop_0021.png,4,4,0,clip_sim
7762,kpop_0021.png,1,4,0,clip_sim
7763,kpop_0021.png,1,3,0,clip_sim
7764,kpop_0021.png,4,3,0,clip_sim
7765,kpop_0021.png,4,4,0,clip_sim
7766,kpop_0021.png,1,4,0,clip_sim
7767,kpop_0021.png,3,4,0,clip_sim
7768,kpop_0021.png,4,4,0,clip_sim
7769,kpop_0022.png,4,3,0,clip_sim
7770,kpop_0022.png,4,3,0,clip_sim
7771,kpop_0022.png,4,2,0,clip_sim
7772,kpop_0022.png,4,3,0,clip_sim
7804,kpop_0027.png,4,2,0,clip_sim
7805,kpop_0027.png,3,3,0,clip_sim
7806,kpop_0027.png,2,2,0,clip_sim
7849,kpop_0034.png,4,2,0,clip_sim
7850,kpop_0034.png,4,2,0,clip_sim
7851,kpop_0034.png,3,2,0,clip_sim
7852,kpop_0034.png,3,2,0,clip_sim
7853,kpop_0034.png,4,2,0,clip_sim
7896,kpop_0040.png,0,2,0,clip_sim
7897,kpop_0040.png,3,4,0,clip_sim
7898,kpop_0041.png,1,4,0,clip_sim
7899,kpop_0041.png,4,4,0,clip_sim
7900,kpop_0041.png,3,2,0,clip_sim
7901,kpop_0041.png,4,4,0,clip_sim
7902,kpop_0041.png,1,4,0,clip_sim
7903,kpop_0041.png,1,4,0,clip_sim
7904,kpop_0041.png,3,4,0,clip_sim
7905,kpop_0041.png,3,4,0,clip_sim
7906,kpop_0041.png,3,4,0,clip_sim
7907,kpop_0041.png,1,4,0,clip_sim
7908,kpop_0041.png,4,4,0,clip_sim
7909,kpop_0041.png,2,4,0,clip_sim
7910,kpop_0041.png,3,4,0,clip_sim
7911,kpop_0041.png,3,4,0,clip_sim
7912,kpop_0041.png,3,4,0,clip_sim
7913,kpop_0041.png,3,4,0,clip_sim
7914,kpop_0041.png,4,4,0,clip_sim
7915,kpop_0041.png,1,2,0,clip_sim
7916,kpop_0041.png,4,4,0,clip_sim
7917,kpop_0041.png,0,3,0,clip_sim
7918,kpop_0041.png,4,4,0,clip_sim
7919,kpop_0041.png,3,3,0,clip_sim
7920,kpop_0041.png,3,3,0,clip_sim
7921,kpop_0041.png,2,4,0,clip_sim
7922,kpop_0041.png,4,4,0,clip_sim
7923,kpop_0041.png,3,4,0,clip_sim
7924,kpop_0041.png,1,4,0,clip_sim
7925,kpop_0041.png,1,4,0,clip_sim
7926,kpop_0041.png,3,4,0,clip_sim
7927,kpop_0041.png,4,4,0,clip_sim
7977,kpop_0047.png,1,4,0,clip_sim
7978,kpop_0047.png,4,3,0,clip_sim
7979,kpop_0047.png,4,2,0,clip_sim
7980,kpop_0047.png,4,4,0,clip_sim
7981,kpop_0047.png,1,2,0,clip_sim
7982,kpop_0047.png,3,2,0,clip_sim
7983,kpop_0047.png,3,2,0,clip_sim
7984,kpop_0047.png,3,2,0,clip_sim
7985,kpop_0047.png,3,2,0,clip_sim
7986,kpop_0047.png,4,4,0,clip_sim
7987,kpop_0047.png,1,2,0,clip_sim
7988,kpop_0047.png,3,3,0,clip_sim
7989,kpop_0047.png,3,4,0,clip_sim
7990,kpop_0047.png,4,4,0,clip_sim
7991,kpop_0047.png,1,2,0,clip_sim
7992,kpop_0047.png,1,2,0,clip_sim
8088,kpop_0062.png,4,3,0,clip_sim
8089,kpop_0062.png,3,2,0,clip_sim
8090,kpop_0062.png,3,2,0,clip_sim
8091,kpop_0062.png,1,3,0,clip_sim
8092,kpop_0062.png,0,4,0,clip_sim
8146,kpop_0070.png,4,3,0,clip_sim
8147,kpop_0070.png,1,3,0,clip_sim
8148,kpop_0070.png,1,2,0,clip_sim
8149,kpop_0070.png,1,3,0,clip_sim
8150,kpop_0070.png,3,4,0,clip_sim
8156,kpop_0072.png,4,4,0,clip_sim
8157,kpop_0072.png,4,4,0,clip_sim
8158,kpop_0072.png,4,4,0,clip_sim
8159,kpop_0072.png,4,2,0,clip_sim
8160,kpop_0072.png,4,4,0,clip_sim
8161,kpop_0072.png,4,4,0,clip_sim
8162,kpop_0072.png,1,4,0,clip_sim
8163,kpop_0072.png,0,2,0,clip_sim
8164,kpop_0072.png,1,4,0,clip_sim
8165,kpop_0072.png,0,4,0,clip_sim
8166,kpop_0072.png,0,4,0,clip_sim
8167,kpop_0072.png,1,2,0,clip_sim
8168,kpop_0072.png,0,4,0,clip_sim
8169,kpop_0072.png,1,4,0,clip_sim
8170,kpop_0072.png,0,4,0,clip_sim
8171,kpop_0072.png,1,2,0,clip_sim
8172,kpop_0072.png,1,4,0,clip_sim
8173,kpop_0072.png,1,4,0,clip_sim
8174,kpop_0072.png,3,4,0,clip_sim
8175,kpop_0072.png,3,4,0,clip_sim
8176,kpop_0072.png,3,3,0,clip_sim
8177,kpop_0072.png,4,4,0,clip_sim
8178,kpop_0072.png,2,2,0,clip_sim
8251,kpop_0085.png,4,4,0,clip_sim
8252,kpop_0085.png,4,4,0,clip_sim
8253,kpop_0085.png,3,4,0,clip_sim
8306,kpop_0093.png,4,4,0,clip_sim
8307,kpop_0093.png,4,4,0,clip_sim
8308,kpop_0093.png,4,4,0,clip_sim
8309,kpop_0093.png,3,4,0,clip_sim
8310,kpop_0093.png,4,4,0,clip_sim
8315,kpop_0095.png,4,4,0,clip_sim
8316,kpop_0095.png,1,4,0,clip_sim
8395,spotify_0006.png,1,2,0,clip_sim
8396,spotify_0006.png,1,4,0,clip_sim
8397,spotify_0006.png,1,4,0,clip_sim
8398,spotify_0006.png,1,3,0,clip_sim
8399,spotify_0006.png,1,3,0,clip_sim
8410,spotify_0010.png,1,3,0,clip_sim
8411,spotify_0010.png,1,4,0,clip_sim
8412,spotify_0010.png,4,4,0,clip_sim
8413,spotify_0010.png,3,4,0,clip_sim
8414,spotify_0010.png,1,4,0,clip_sim
8415,spotify_0010.png,1,4,0,clip_sim
8416,spotify_0010.png,1,4,0,clip_sim
8417,spotify_0010.png,3,4,0,clip_sim
8418,spotify_0010.png,4,2,0,clip_sim
8419,spotify_0011.png,4,4,0,clip_sim
8420,spotify_0011.png,1,4,0,clip_sim
8425,spotify_0016.png,4,4,0,clip_sim
8426,spotify_0016.png,4,2,0,clip_sim
8427,spotify_0016.png,1,4,0,clip_sim
8428,spotify_0016.png,1,4,0,clip_sim
8429,spotify_0016.png,3,4,0,clip_sim
8430,spotify_0017.png,4,4,0,clip_sim
8431,spotify_0017.png,4,4,0,clip_sim
8432,spotify_0017.png,3,4,0,clip_sim
8433,spotify_0017.png,2,4,0,clip_sim
8434,spotify_0017.png,4,4,0,clip_sim
8435,spotify_0017.png,4,4,0,clip_sim
8436,spotify_0017.png,4,4,0,clip_sim
8437,spotify_0017.png,4,4,0,clip_sim
8438,spotify_0017.png,4,4,0,clip_sim
8439,spotify_0017.png,0,3,0,clip_sim
8454,spotify_0026.png,1,4,0,clip_sim
8455,spotify_0026.png,3,4,0,clip_sim
8456,spotify_0026.png,4,4,0,clip_sim
8457,spotify_0026.png,4,4,0,clip_sim
8458,spotify_0029.png,4,4,0,clip_sim
8459,spotify_0029.png,3,4,0,clip_sim
8460,spotify_0029.png,3,4,0,clip_sim
8461,spotify_0029.png,2,4,0,clip_sim
8462,spotify_0029.png,2,4,0,clip_sim
8463,spotify_0029.png,3,4,0,clip_sim
8464,spotify_0029.png,3,4,0,clip_sim
8465,spotify_0029.png,4,4,0,clip_sim
8466,spotify_0029.png,3,4,0,clip_sim
8467,spotify_0029.png,3,4,0,clip_sim
8468,spotify_0029.png,2,4,0,clip_sim
8469,spotify_0029.png,3,4,0,clip_sim
8470,spotify_0029.png,1,3,0,clip_sim
8471,spotify_0029.png,2,3,0,clip_sim
8472,spotify_0029.png,0,4,0,clip_sim
8495,spotify_0044.png,1,2,0,clip_sim
8496,spotify_0044.png,1,2,0,clip_sim
8497,spotify_0044.png,1,2,0,clip_sim
8498,spotify_0044.png,0,2,0,clip_sim
8521,spotify_0050.png,1,2,0,clip_sim
8522,spotify_0050.png,4,4,0,clip_sim
8523,spotify_0050.png,4,2,0,clip_sim
8593,spotify_0067.png,1,2,0,clip_sim
8594,spotify_0067.png,0,2,0,clip_sim
8595,spotify_0067.png,1,4,0,clip_sim
8596,spotify_0067.png,2,4,0,clip_sim
8597,spotify_0067.png,2,4,0,clip_sim
8618,spotify_0079.png,3,4,0,clip_sim
8619,spotify_0079.png,3,4,0,clip_sim
8620,spotify_0079.png,2,2,0,clip_sim
8621,spotify_0079.png,1,4,0,clip_sim
8665,spotify_0098.png,3,2,0,clip_sim
8666,spotify_0098.png,0,3,0,clip_sim
8667,spotify_0098.png,4,4,0,clip_sim
8668,spotify_0098.png,3,3,0,clip_sim
8669,spotify_0098.png,1,2,0,clip_sim
8700,netflix_0005.png,4,4,0,clip_sim
8701,netflix_0005.png,4,3,0,clip_sim
8702,netflix_0005.png,4,4,0,clip_sim
8703,netflix_0005.png,3,4,0,clip_sim
8714,netflix_0008.png,4,4,0,clip_sim
8715,netflix_0008.png,4,4,0,clip_sim
8716,netflix_0008.png,4,4,0,clip_sim
8717,netflix_0008.png,4,4,0,clip_sim
8718,netflix_0008.png,4,4,0,clip_sim
8724,netflix_0012.png,1,4,0,clip_sim
8725,netflix_0012.png,1,4,0,clip_sim
8726,netflix_0012.png,0,4,0,clip_sim
8728,netflix_0014.png,4,4,0,clip_sim
8729,netflix_0014.png,4,4,0,clip_sim
8730,netflix_0014.png,2,4,0,clip_sim
8731,netflix_0014.png,0,4,0,clip_sim
8732,netflix_0014.png,0,4,0,clip_sim
8733,netflix_0014.png,0,4,0,clip_sim
8734,netflix_0014.png,0,4,0,clip_sim
8735,netflix_0014.png,0,4,0,clip_sim
8736,netflix_0014.png,4,4,0,clip_sim
8737,netflix_0014.png,3,4,0,clip_sim
8738,netflix_0014.png,4,4,0,clip_sim
8739,netflix_0014.png,2,4,0,clip_sim
8740,netflix_0014.png,2,4,0,clip_sim
8741,netflix_0014.png,4,4,0,clip_sim
8742,netflix_0014.png,3,4,0,clip_sim
8781,netflix_0023.png,4,4,0,clip_sim
8782,netflix_0025.png,4,4,0,clip_sim
8783,netflix_0025.png,4,4,0,clip_sim
8784,netflix_0025.png,4,4,0,clip_sim
8785,netflix_0025.png,3,4,0,clip_sim
8786,netflix_0025.png,4,4,0,clip_sim
8787,netflix_0027.png,4,4,0,clip_sim
8788,netflix_0027.png,4,4,0,clip_sim
8789,netflix_0027.png,4,4,0,clip_sim
8790,netflix_0027.png,3,4,0,clip_sim
8821,netflix_0037.png,4,4,0,clip_sim
8822,netflix_0037.png,4,4,0,clip_sim
8823,netflix_0037.png,4,4,0,clip_sim
8824,netflix_0037.png,0,4,0,clip_sim
8825,netflix_0037.png,0,4,0,clip_sim
8877,netflix_0050.png,4,3,0,clip_sim
8878,netflix_0050.png,4,4,0,clip_sim
8879,netflix_0050.png,3,4,0,clip_sim
8880,netflix_0050.png,3,4,0,clip_sim
8881,netflix_0050.png,2,4,0,clip_sim
8887,netflix_0052.png,2,3,0,clip_sim
8888,netflix_0052.png,4,4,0,clip_sim
8889,netflix_0052.png,3,4,0,clip_sim
8890,netflix_0052.png,2,4,0,clip_sim
8914,netflix_0058.png,4,4,0,clip_sim
8915,netflix_0058.png,1,4,0,clip_sim
8916,netflix_0058.png,1,4,0,clip_sim
8917,netflix_0058.png,2,4,0,clip_sim
8918,netflix_0058.png,3,3,0,clip_sim
8952,netflix_0065.png,4,4,0,clip_sim
8953,netflix_0065.png,3,4,0,clip_sim
8954,netflix_0065.png,4,4,0,clip_sim
8955,netflix_0065.png,1,4,0,clip_sim
8956,netflix_0065.png,1,4,0,clip_sim
8969,netflix_0071.png,1,4,0,clip_sim
8970,netflix_0071.png,3,4,0,clip_sim
8971,netflix_0071.png,3,2,0,clip_sim
8972,netflix_0071.png,1,4,0,clip_sim
8973,netflix_0071.png,1,3,0,clip_sim
8974,netflix_0071.png,1,3,0,clip_sim
8975,netflix_0071.png,1,3,0,clip_sim
8976,netflix_0071.png,4,4,0,clip_sim
8977,netflix_0071.png,4,3,0,clip_sim
9014,netflix_0090.png,3,4,0,clip_sim
9015,netflix_0090.png,1,4,0,clip_sim
9016,netflix_0090.png,3,2,0,clip_sim
9017,netflix_0090.png,1,3,0,clip_sim
9018,netflix_0091.png,4,4,0,clip_sim
9019,netflix_0091.png,4,4,0,clip_sim
9020,netflix_0091.png,1,4,0,clip_sim
9021,netflix_0091.png,0,2,0,clip_sim
9077,apple_0005.png,1,4,0,clip_sim
9078,apple_0005.png,3,4,0,clip_sim
9079,apple_0005.png,3,4,0,clip_sim
9080,apple_0005.png,3,4,0,clip_sim
9081,apple_0005.png,1,4,0,clip_sim
9082,apple_0005.png,4,4,0,clip_sim
9083,apple_0005.png,1,4,0,clip_sim
9084,apple_0005.png,0,4,0,clip_sim
9085,apple_0005.png,0,4,0,clip_sim
9086,apple_0005.png,0,4,0,clip_sim
9087,apple_0005.png,0,4,0,clip_sim
9088,apple_0005.png,0,4,0,clip_sim
9089,apple_0005.png,4,4,0,clip_sim
9090,apple_0005.png,4,4,0,clip_sim
9091,apple_0005.png,3,4,0,clip_sim
9092,apple_0005.png,2,4,0,clip_sim
9093,apple_0005.png,2,4,0,clip_sim
9094,apple_0005.png,4,4,0,clip_sim
9095,apple_0005.png,1,4,0,clip_sim
9096,apple_0005.png,1,4,0,clip_sim
9097,apple_0005.png,2,4,0,clip_sim
9098,apple_0005.png,4,4,0,clip_sim
9099,apple_0005.png,4,4,0,clip_sim
9131,apple_0017.png,4,4,0,clip_sim
9132,apple_0017.png,3,4,0,clip_sim
9174,apple_0037.png,4,4,0,clip_sim
9175,apple_0037.png,3,4,0,clip_sim
9176,apple_0037.png,4,4,0,clip_sim
9177,apple_0037.png,3,4,0,clip_sim
9178,apple_0037.png,1,4,0,clip_sim
9198,apple_0044.png,1,4,0,clip_sim
9242,apple_0057.png,4,4,0,clip_sim
9243,apple_0057.png,4,4,0,clip_sim
9244,apple_0057.png,3,4,0,clip_sim
9245,apple_0057.png,2,4,0,clip_sim
9246,apple_0059.png,4,4,0,clip_sim
9247,apple_0059.png,4,4,0,clip_sim
9248,apple_0059.png,3,4,0,clip_sim
9259,apple_0069.png,3,4,0,clip_sim
9260,apple_0069.png,4,4,0,clip_sim
9261,apple_0069.png,4,4,0,clip_sim
9262,apple_0069.png,4,4,0,clip_sim
9263,apple_0069.png,4,4,0,clip_sim
9264,apple_0069.png,4,4,0,clip_sim
9265,apple_0069.png,2,4,0,clip_sim
9266,apple_0069.png,1,4,0,clip_sim
9272,apple_0072.png,4,4,0,clip_sim
9273,apple_0072.png,4,4,0,clip_sim
9274,apple_0072.png,4,4,0,clip_sim
9275,apple_0072.png,4,4,0,clip_sim
9276,apple_0072.png,3,4,0,clip_sim
9277,apple_0072.png,3,4,0,clip_sim
9283,apple_0075.png,4,4,0,clip_sim
9284,apple_0075.png,4,4,0,clip_sim
9285,apple_0075.png,4,4,0,clip_sim
9286,apple_0075.png,4,4,0,clip_sim
9311,apple_0084.png,4,4,0,clip_sim
9312,apple_0084.png,3,2,0,clip_sim
9313,apple_0084.png,3,3,0,clip_sim
9314,apple_0084.png,2,3,0,clip_sim
9315,apple_0084.png,2,4,0,clip_sim
9337,apple_0095.png,4,4,0,clip_sim
9338,apple_0095.png,4,4,0,clip_sim
9339,apple_0095.png,2,4,0,clip_sim
9360,galaxy_0003.png,1,3,0,clip_sim
9361,galaxy_0003.png,4,2,0,clip_sim
9362,galaxy_0003.png,3,2,0,clip_sim
9363,galaxy_0003.png,4,2,0,clip_sim
9364,galaxy_0003.png,4,2,0,clip_sim
9365,galaxy_0003.png,2,3,0,clip_sim
9366,galaxy_0003.png,1,2,0,clip_sim
9367,galaxy_0003.png,2,2,0,clip_sim
9368,galaxy_0003.png,4,2,0,clip_sim
9369,galaxy_0003.png,1,3,0,clip_sim
9370,galaxy_0003.png,1,2,0,clip_sim
9371,galaxy_0003.png,1,3,0,clip_sim
9372,galaxy_0003.png,1,2,0,clip_sim
9385,galaxy_0008.png,4,4,0,clip_sim
9386,galaxy_0008.png,1,2,0,clip_sim
9387,galaxy_0008.png,4,4,0,clip_sim
9388,galaxy_0008.png,2,4,0,clip_sim
9389,galaxy_0008.png,0,4,0,clip_sim
9390,galaxy_0010.png,1,4,0,clip_sim
9391,galaxy_0010.png,2,4,0,clip_sim
9392,galaxy_0010.png,3,4,0,clip_sim
9393,galaxy_0010.png,4,4,0,clip_sim
9394,galaxy_0010.png,0,4,0,clip_sim
9417,galaxy_0017.png,4,4,0,clip_sim
9418,galaxy_0017.png,2,4,0,clip_sim
9419,galaxy_0017.png,4,4,0,clip_sim
9420,galaxy_0017.png,1,4,0,clip_sim
9421,galaxy_0017.png,1,4,0,clip_sim
9422,galaxy_0017.png,4,4,0,clip_sim
9423,galaxy_0017.png,2,4,0,clip_sim
9457,galaxy_0026.png,3,4,0,clip_sim
9458,galaxy_0026.png,4,4,0,clip_sim
9459,galaxy_0026.png,4,4,0,clip_sim
9460,galaxy_0026.png,4,4,0,clip_sim
9461,galaxy_0026.png,3,4,0,clip_sim
9462,galaxy_0026.png,3,4,0,clip_sim
9463,galaxy_0026.png,4,4,0,clip_sim
9464,galaxy_0026.png,4,4,0,clip_sim
9465,galaxy_0026.png,4,4,0,clip_sim
9466,galaxy_0026.png,2,4,0,clip_sim
9467,galaxy_0026.png,2,4,0,clip_sim
9468,galaxy_0026.png,2,4,0,clip_sim
9469,galaxy_0026.png,1,4,0,clip_sim
9470,galaxy_0026.png,1,4,0,clip_sim
9471,galaxy_0026.png,1,4,0,clip_sim
9472,galaxy_0026.png,1,4,0,clip_sim
9473,galaxy_0026.png,1,4,0,clip_sim
9474,galaxy_0026.png,1,4,0,clip_sim
9475,galaxy_0026.png,1,4,0,clip_sim
9546,galaxy_0041.png,4,4,0,clip_sim
9547,galaxy_0041.png,4,4,0,clip_sim
9548,galaxy_0041.png,4,4,0,clip_sim
9549,galaxy_0041.png,1,4,0,clip_sim
9550,galaxy_0043.png,4,4,0,clip_sim
9551,galaxy_0043.png,4,3,0,clip_sim
9552,galaxy_0043.png,4,4,0,clip_sim
9553,galaxy_0043.png,3,4,0,clip_sim
9554,galaxy_0043.png,2,4,0,clip_sim
9561,galaxy_0048.png,4,4,0,clip_sim
9562,galaxy_0048.png,4,4,0,clip_sim
9563,galaxy_0048.png,4,4,0,clip_sim
9564,galaxy_0048.png,3,4,0,clip_sim
9565,galaxy_0048.png,2,4,0,clip_sim
9566,galaxy_0050.png,4,4,0,clip_sim
9567,galaxy_0050.png,4,4,0,clip_sim
9568,galaxy_0050.png,3,4,0,clip_sim
9569,galaxy_0050.png,1,4,0,clip_sim
9570,galaxy_0050.png,2,4,0,clip_sim
9571,galaxy_0050.png,3,4,0,clip_sim
9576,galaxy_0053.png,0,2,0,clip_sim
9577,galaxy_0054.png,1,4,0,clip_sim
9578,galaxy_0054.png,1,2,0,clip_sim
9579,galaxy_0054.png,1,4,0,clip_sim
9580,galaxy_0054.png,2,4,0,clip_sim
9581,galaxy_0054.png,2,4,0,clip_sim
9582,galaxy_0057.png,4,4,0,clip_sim
9583,galaxy_0057.png,2,4,0,clip_sim
9584,galaxy_0057.png,3,4,0,clip_sim
9585,galaxy_0057.png,2,4,0,clip_sim
9586,galaxy_0057.png,2,3,0,clip_sim
9612,galaxy_0064.png,4,4,0,clip_sim
9613,galaxy_0064.png,4,4,0,clip_sim
9614,galaxy_0064.png,3,4,0,clip_sim
9615,galaxy_0064.png,4,3,0,clip_sim
9616,galaxy_0064.png,4,4,0,clip_sim
9617,galaxy_0065.png,1,4,0,clip_sim
9618,galaxy_0065.png,1,4,0,clip_sim
9619,galaxy_0065.png,2,4,0,clip_sim
9653,galaxy_0074.png,3,4,0,clip_sim
9654,galaxy_0074.png,3,4,0,clip_sim
9655,galaxy_0074.png,1,3,0,clip_sim
9656,galaxy_0074.png,3,3,0,clip_sim
9657,galaxy_0074.png,1,2,0,clip_sim
9658,galaxy_0074.png,1,3,0,clip_sim
9699,galaxy_0084.png,1,4,0,clip_sim
9700,galaxy_0084.png,4,4,0,clip_sim
9701,galaxy_0084.png,4,4,0,clip_sim
9702,galaxy_0084.png,4,4,0,clip_sim
9703,galaxy_0084.png,4,4,0,clip_sim
9704,galaxy_0084.png,2,4,0,clip_sim
9705,galaxy_0084.png,1,4,0,clip_sim
9706,galaxy_0084.png,1,4,0,clip_sim
9707,galaxy_0084.png,0,4,0,clip_sim
9708,galaxy_0084.png,1,4,0,clip_sim
9709,galaxy_0084.png,1,4,0,clip_sim
9710,galaxy_0084.png,1,4,0,clip_sim
9711,galaxy_0084.png,2,4,0,clip_sim
9717,galaxy_0087.png,3,4,0,clip_sim
9718,galaxy_0087.png,4,4,0,clip_sim
9719,galaxy_0087.png,2,4,0,clip_sim
9720,galaxy_0087.png,3,4,0,clip_sim
9721,galaxy_0087.png,2,4,0,clip_sim
9737,galaxy_0090.png,0,4,0,clip_sim
9738,galaxy_0090.png,1,4,0,clip_sim
9739,galaxy_0090.png,1,4,0,clip_sim
9740,galaxy_0090.png,1,4,0,clip_sim
9741,galaxy_0090.png,4,4,0,clip_sim
9742,galaxy_0090.png,2,4,0,clip_sim
9743,galaxy_0090.png,1,4,0,clip_sim
9744,galaxy_0090.png,2,4,0,clip_sim
9759,galaxy_0092.png,4,2,0,clip_sim
9760,galaxy_0092.png,3,2,0,clip_sim
9812,iphone16_0003.png,0,2,0,clip_sim
9813,iphone16_0003.png,2,3,0,clip_sim
9814,iphone16_0003.png,2,2,0,clip_sim
9815,iphone16_0003.png,4,3,0,clip_sim
9816,iphone16_0003.png,4,4,0,clip_sim
9835,iphone16_0006.png,4,2,0,clip_sim
9836,iphone16_0006.png,4,3,0,clip_sim
9837,iphone16_0006.png,4,3,0,clip_sim
9838,iphone16_0006.png,3,2,0,clip_sim
9839,iphone16_0007.png,1,4,0,clip_sim
9840,iphone16_0007.png,1,2,0,clip_sim
9841,iphone16_0007.png,4,4,0,clip_sim
9842,iphone16_0007.png,0,4,0,clip_sim
9843,iphone16_0007.png,0,4,0,clip_sim
9900,iphone16_0026.png,1,4,0,clip_sim
9901,iphone16_0026.png,4,4,0,clip_sim
9902,iphone16_0026.png,2,4,0,clip_sim
9903,iphone16_0026.png,2,3,0,clip_sim
9904,iphone16_0026.png,4,4,0,clip_sim
9955,iphone16_0043.png,0,4,0,clip_sim
9956,iphone16_0043.png,0,3,0,clip_sim
9957,iphone16_0043.png,0,3,0,clip_sim
9958,iphone16_0043.png,1,3,0,clip_sim
9959,iphone16_0043.png,0,3,0,clip_sim
9964,iphone16_0047.png,4,4,0,clip_sim
9965,iphone16_0047.png,4,4,0,clip_sim
9966,iphone16_0047.png,3,2,0,clip_sim
9967,iphone16_0047.png,2,4,0,clip_sim
9968,iphone16_0047.png,3,4,0,clip_sim
9969,iphone16_0047.png,2,4,0,clip_sim
9970,iphone16_0047.png,2,4,0,clip_sim
9971,iphone16_0047.png,3,4,0,clip_sim
9972,iphone16_0047.png,4,4,0,clip_sim
10007,iphone16_0057.png,4,2,0,clip_sim
10008,iphone16_0057.png,0,4,0,clip_sim
10009,iphone16_0057.png,0,4,0,clip_sim
10010,iphone16_0057.png,0,4,0,clip_sim
10011,iphone16_0057.png,0,4,0,clip_sim
10012,iphone16_0057.png,4,4,0,clip_sim
10013,iphone16_0057.png,4,4,0,clip_sim
10014,iphone16_0057.png,4,4,0,clip_sim
10015,iphone16_0057.png,2,4,0,clip_sim
10016,iphone16_0057.png,4,4,0,clip_sim
10017,iphone16_0057.png,1,4,0,clip_sim
10018,iphone16_0057.png,4,4,0,clip_sim
10028,iphone16_0059.png,0,4,0,clip_sim
10029,iphone16_0059.png,4,4,0,clip_sim
10030,iphone16_0059.png,3,4,0,clip_sim
10031,iphone16_0059.png,1,4,0,clip_sim
10032,iphone16_0059.png,0,3,0,clip_sim
10055,iphone16_0066.png,4,4,0,clip_sim
10056,iphone16_0066.png,4,4,0,clip_sim
10057,iphone16_0066.png,1,4,0,clip_sim
10058,iphone16_0066.png,2,4,0,clip_sim
10059,iphone16_0066.png,2,3,0,clip_sim
10060,iphone16_0067.png,0,3,0,clip_sim
10061,iphone16_0067.png,0,3,0,clip_sim
10062,iphone16_0067.png,0,3,0,clip_sim
10063,iphone16_0067.png,0,2,0,clip_sim
10064,iphone16_0067.png,4,3,0,clip_sim
10073,iphone16_0072.png,4,4,0,clip_sim
10074,iphone16_0072.png,1,4,0,clip_sim
10075,iphone16_0072.png,4,4,0,clip_sim
10076,iphone16_0072.png,0,2,0,clip_sim
10234,iphone16_0094.png,4,2,0,clip_sim
10235,iphone16_0094.png,4,4,0,clip_sim
10236,iphone16_0094.png,4,4,0,clip_sim
10237,iphone16_0094.png,4,4,0,clip_sim
10238,iphone16_0094.png,2,4,0,clip_sim
10239,iphone16_0094.png,3,4,0,clip_sim
10240,iphone16_0094.png,2,4,0,clip_sim
10241,iphone16_0094.png,1,2,0,clip_sim
10282,healthstagram_0009.png,4,3,0,clip_sim
10283,healthstagram_0009.png,4,4,0,clip_sim
10284,healthstagram_0009.png,4,4,0,clip_sim
10285,healthstagram_0009.png,3,4,0,clip_sim
10286,healthstagram_0009.png,4,4,0,clip_sim
10287,healthstagram_0009.png,3,4,0,clip_sim
10288,healthstagram_0009.png,4,4,0,clip_sim
10289,healthstagram_0009.png,1,4,0,clip_sim
10290,healthstagram_0009.png,3,4,0,clip_sim
10291,healthstagram_0009.png,1,3,0,clip_sim
10414,healthstagram_0031.png,2,4,0,clip_sim
10415,healthstagram_0031.png,2,4,0,clip_sim
10416,healthstagram_0031.png,4,4,0,clip_sim
10417,healthstagram_0031.png,4,4,0,clip_sim
10418,healthstagram_0031.png,4,4,0,clip_sim
10419,healthstagram_0031.png,1,4,0,clip_sim
10420,healthstagram_0031.png,3,4,0,clip_sim
10421,healthstagram_0035.png,4,4,0,clip_sim
10422,healthstagram_0035.png,1,3,0,clip_sim
10423,healthstagram_0035.png,0,2,0,clip_sim
10424,healthstagram_0035.png,1,3,0,clip_sim
10425,healthstagram_0035.png,4,4,0,clip_sim
10426,healthstagram_0035.png,0,4,0,clip_sim
10427,healthstagram_0035.png,1,4,0,clip_sim
10428,healthstagram_0035.png,1,4,0,clip_sim
10429,healthstagram_0035.png,4,4,0,clip_sim
10430,healthstagram_0035.png,3,3,0,clip_sim
10431,healthstagram_0035.png,2,4,0,clip_sim
10432,healthstagram_0035.png,4,4,0,clip_sim
10433,healthstagram_0035.png,4,4,0,clip_sim
10434,healthstagram_0035.png,3,4,0,clip_sim
10435,healthstagram_0035.png,4,4,0,clip_sim
10471,healthstagram_0040.png,0,4,0,clip_sim
10472,healthstagram_0040.png,3,4,0,clip_sim
10473,healthstagram_0040.png,3,4,0,clip_sim
10474,healthstagram_0040.png,2,4,0,clip_sim
10475,healthstagram_0040.png,3,4,0,clip_sim
10476,healthstagram_0040.png,2,4,0,clip_sim
10477,healthstagram_0040.png,2,4,0,clip_sim
10478,healthstagram_0040.png,4,4,0,clip_sim
10479,healthstagram_0040.png,4,4,0,clip_sim
10480,healthstagram_0040.png,4,4,0,clip_sim
10481,healthstagram_0040.png,4,4,0,clip_sim
10482,healthstagram_0040.png,3,4,0,clip_sim
10483,healthstagram_0040.png,4,4,0,clip_sim
10484,healthstagram_0040.png,4,4,0,clip_sim
10485,healthstagram_0040.png,2,3,0,clip_sim
10486,healthstagram_0040.png,1,4,0,clip_sim
10487,healthstagram_0040.png,1,3,0,clip_sim
10488,healthstagram_0040.png,1,4,0,clip_sim
10489,healthstagram_0040.png,4,4,0,clip_sim
10512,healthstagram_0049.png,1,4,0,clip_sim
10532,healthstagram_0056.png,4,4,0,clip_sim
10533,healthstagram_0056.png,4,4,0,clip_sim
10534,healthstagram_0056.png,2,4,0,clip_sim
10535,healthstagram_0056.png,4,4,0,clip_sim
10536,healthstagram_0056.png,3,4,0,clip_sim
10537,healthstagram_0056.png,0,4,0,clip_sim
10538,healthstagram_0056.png,0,4,0,clip_sim
10539,healthstagram_0056.png,1,4,0,clip_sim
10540,healthstagram_0056.png,4,3,0,clip_sim
10541,healthstagram_0056.png,4,3,0,clip_sim
10542,healthstagram_0056.png,2,3,0,clip_sim
10543,healthstagram_0056.png,3,4,0,clip_sim
10544,healthstagram_0056.png,4,4,0,clip_sim
10545,healthstagram_0056.png,2,4,0,clip_sim
10546,healthstagram_0056.png,2,4,0,clip_sim
10547,healthstagram_0056.png,3,4,0,clip_sim
10548,healthstagram_0056.png,4,4,0,clip_sim
10589,healthstagram_0064.png,4,4,0,clip_sim
10590,healthstagram_0064.png,1,3,0,clip_sim
10591,healthstagram_0064.png,2,4,0,clip_sim
10592,healthstagram_0064.png,3,3,0,clip_sim
10593,healthstagram_0064.png,3,3,0,clip_sim
10620,healthstagram_0069.png,2,3,0,clip_sim
10621,healthstagram_0073.png,4,4,0,clip_sim
10622,healthstagram_0073.png,4,4,0,clip_sim
10623,healthstagram_0073.png,4,4,0,clip_sim
10624,healthstagram_0073.png,4,4,0,clip_sim
10625,healthstagram_0073.png,4,4,0,clip_sim
10626,healthstagram_0073.png,4,4,0,clip_sim
10627,healthstagram_0073.png,2,4,0,clip_sim
10628,healthstagram_0073.png,2,4,0,clip_sim
10629,healthstagram_0073.png,2,4,0,clip_sim
10630,healthstagram_0073.png,2,4,0,clip_sim
10631,healthstagram_0073.png,1,4,0,clip_sim
10632,healthstagram_0073.png,2,4,0,clip_sim
10633,healthstagram_0073.png,4,4,0,clip_sim
10634,healthstagram_0073.png,4,4,0,clip_sim
10635,healthstagram_0073.png,3,4,0,clip_sim
10641,healthstagram_0080.png,2,3,0,clip_sim
10642,healthstagram_0080.png,4,4,0,clip_sim
10643,healthstagram_0080.png,3,2,0,clip_sim
10644,healthstagram_0080.png,4,4,0,clip_sim
10645,healthstagram_0080.png,2,2,0,clip_sim
10647,healthstagram_0083.png,1,4,0,clip_sim
10679,healthstagram_0087.png,4,4,0,clip_sim
10680,healthstagram_0087.png,3,4,0,clip_sim
10681,healthstagram_0087.png,2,2,0,clip_sim
10682,healthstagram_0087.png,2,3,0,clip_sim
10683,healthstagram_0087.png,1,4,0,clip_sim
10684,healthstagram_0087.png,2,3,0,clip_sim
10685,healthstagram_0087.png,4,4,0,clip_sim
10686,healthstagram_0087.png,1,3,0,clip_sim
10687,healthstagram_0087.png,1,4,0,clip_sim
10688,healthstagram_0087.png,4,3,0,clip_sim
10689,healthstagram_0087.png,2,4,0,clip_sim
10690,healthstagram_0087.png,2,4,0,clip_sim
10778,healthstagram_0099.png,4,3,0,clip_sim
10779,healthstagram_0099.png,1,4,0,clip_sim
10780,healthstagram_0099.png,2,4,0,clip_sim
10781,healthstagram_0099.png,0,4,0,clip_sim
10782,healthstagram_0099.png,1,4,0,clip_sim
10799,ounwan_0006.png,4,2,0,clip_sim
10800,ounwan_0006.png,1,3,0,clip_sim
10801,ounwan_0006.png,1,4,0,clip_sim
10802,ounwan_0006.png,0,2,0,clip_sim
10803,ounwan_0006.png,1,3,0,clip_sim
10804,ounwan_0006.png,0,2,0,clip_sim
10805,ounwan_0006.png,2,2,0,clip_sim
10806,ounwan_0006.png,0,3,0,clip_sim
10807,ounwan_0006.png,0,3,0,clip_sim
10808,ounwan_0006.png,0,2,0,clip_sim
10809,ounwan_0006.png,2,3,0,clip_sim
10810,ounwan_0006.png,2,4,0,clip_sim
10811,ounwan_0006.png,4,3,0,clip_sim
10812,ounwan_0006.png,0,3,0,clip_sim
10813,ounwan_0006.png,0,3,0,clip_sim
10814,ounwan_0006.png,2,2,0,clip_sim
10815,ounwan_0006.png,2,2,0,clip_sim
10816,ounwan_0006.png,3,3,0,clip_sim
10817,ounwan_0006.png,0,3,0,clip_sim
10963,ounwan_0034.png,4,4,0,clip_sim
10964,ounwan_0034.png,4,4,0,clip_sim
10965,ounwan_0034.png,3,4,0,clip_sim
10966,ounwan_0034.png,3,3,0,clip_sim
10967,ounwan_0034.png,2,4,0,clip_sim
11120,ounwan_0057.png,1,4,0,clip_sim
11121,ounwan_0057.png,1,4,0,clip_sim
11122,ounwan_0057.png,1,3,0,clip_sim
11123,ounwan_0057.png,2,4,0,clip_sim
11124,ounwan_0057.png,2,4,0,clip_sim
11125,ounwan_0057.png,2,4,0,clip_sim
11126,ounwan_0057.png,2,4,0,clip_sim
11127,ounwan_0057.png,2,4,0,clip_sim
11128,ounwan_0057.png,1,4,0,clip_sim
11129,ounwan_0057.png,0,2,0,clip_sim
11130,ounwan_0057.png,2,4,0,clip_sim
11131,ounwan_0057.png,1,4,0,clip_sim
11132,ounwan_0057.png,0,4,0,clip_sim
11135,ounwan_0059.png,3,3,0,clip_sim
11140,ounwan_0062.png,4,3,0,clip_sim
11141,ounwan_0062.png,4,4,0,clip_sim
11154,ounwan_0064.png,3,3,0,clip_sim
11155,ounwan_0064.png,3,3,0,clip_sim
11156,ounwan_0065.png,1,4,0,clip_sim
11157,ounwan_0065.png,0,4,0,clip_sim
11158,ounwan_0065.png,0,4,0,clip_sim
11159,ounwan_0065.png,0,4,0,clip_sim
11160,ounwan_0065.png,0,4,0,clip_sim
11161,ounwan_0065.png,3,4,0,clip_sim
11162,ounwan_0065.png,0,4,0,clip_sim
11163,ounwan_0065.png,1,4,0,clip_sim
11164,ounwan_0065.png,2,4,0,clip_sim
11165,ounwan_0065.png,3,4,0,clip_sim
11166,ounwan_0065.png,1,4,0,clip_sim
11167,ounwan_0065.png,0,4,0,clip_sim
11168,ounwan_0065.png,0,4,0,clip_sim
11169,ounwan_0065.png,0,4,0,clip_sim
11170,ounwan_0065.png,0,4,0,clip_sim
11171,ounwan_0065.png,2,4,0,clip_sim
11172,ounwan_0065.png,1,2,0,clip_sim
11173,ounwan_0065.png,0,4,0,clip_sim
11174,ounwan_0065.png,3,3,0,clip_sim
11175,ounwan_0065.png,0,4,0,clip_sim
11176,ounwan_0065.png,1,4,0,clip_sim
11177,ounwan_0065.png,3,4,0,clip_sim
11178,ounwan_0065.png,1,4,0,clip_sim
11179,ounwan_0065.png,0,4,0,clip_sim
11180,ounwan_0065.png,1,4,0,clip_sim
11181,ounwan_0065.png,0,4,0,clip_sim
11182,ounwan_0065.png,0,3,0,clip_sim
11183,ounwan_0065.png,1,3,0,clip_sim
11184,ounwan_0065.png,0,4,0,clip_sim
11218,ounwan_0073.png,2,4,0,clip_sim
11219,ounwan_0073.png,2,4,0,clip_sim
11220,ounwan_0073.png,4,4,0,clip_sim
11221,ounwan_0073.png,4,4,0,clip_sim
11222,ounwan_0073.png,1,4,0,clip_sim
11223,ounwan_0073.png,4,4,0,clip_sim
11224,ounwan_0073.png,2,4,0,clip_sim
11225,ounwan_0073.png,3,4,0,clip_sim
11226,ounwan_0073.png,4,4,0,clip_sim
11227,ounwan_0073.png,2,4,0,clip_sim
11228,ounwan_0073.png,3,4,0,clip_sim
11229,ounwan_0073.png,4,4,0,clip_sim
11230,ounwan_0073.png,2,4,0,clip_sim
11231,ounwan_0073.png,4,4,0,clip_sim
11232,ounwan_0073.png,3,4,0,clip_sim
11233,ounwan_0073.png,4,4,0,clip_sim
11234,ounwan_0073.png,2,4,0,clip_sim
11235,ounwan_0073.png,2,4,0,clip_sim
11236,ounwan_0073.png,4,4,0,clip_sim
11237,ounwan_0073.png,4,4,0,clip_sim
11238,ounwan_0073.png,2,4,0,clip_sim
11239,ounwan_0073.png,4,4,0,clip_sim
11240,ounwan_0073.png,1,4,0,clip_sim
11241,ounwan_0073.png,0,4,0,clip_sim
11242,ounwan_0073.png,2,4,0,clip_sim
11243,ounwan_0073.png,4,4,0,clip_sim
11244,ounwan_0073.png,4,3,0,clip_sim
11245,ounwan_0073.png,2,4,0,clip_sim
11246,ounwan_0073.png,3,3,0,clip_sim
11247,ounwan_0073.png,0,4,0,clip_sim
11248,ounwan_0075.png,0,4,0,clip_sim
11249,ounwan_0075.png,1,3,0,clip_sim
11250,ounwan_0075.png,4,4,0,clip_sim
11251,ounwan_0075.png,1,4,0,clip_sim
11252,ounwan_0075.png,1,4,0,clip_sim
11253,ounwan_0075.png,2,4,0,clip_sim
11254,ounwan_0075.png,1,4,0,clip_sim
11255,ounwan_0075.png,1,4,0,clip_sim
11256,ounwan_0075.png,0,4,0,clip_sim
11257,ounwan_0075.png,0,4,0,clip_sim
11258,ounwan_0075.png,1,4,0,clip_sim
11259,ounwan_0075.png,0,4,0,clip_sim
11260,ounwan_0075.png,1,2,0,clip_sim
11261,ounwan_0075.png,1,2,0,clip_sim
11262,ounwan_0075.png,0,2,0,clip_sim
11263,ounwan_0075.png,0,4,0,clip_sim
11264,ounwan_0075.png,0,4,0,clip_sim
11265,ounwan_0075.png,0,2,0,clip_sim
11266,ounwan_0075.png,0,2,0,clip_sim
11267,ounwan_0075.png,0,2,0,clip_sim
11275,ounwan_0078.png,4,4,0,clip_sim
11276,ounwan_0078.png,4,3,0,clip_sim
11298,ounwan_0081.png,3,2,0,clip_sim
11299,ounwan_0081.png,4,3,0,clip_sim
11300,ounwan_0081.png,2,4,0,clip_sim
11301,ounwan_0081.png,2,3,0,clip_sim
11302,ounwan_0081.png,3,3,0,clip_sim
11355,ounwan_0091.png,3,4,0,clip_sim
11356,ounwan_0091.png,2,4,0,clip_sim
11357,ounwan_0091.png,2,4,0,clip_sim
11358,ounwan_0091.png,4,4,0,clip_sim
11359,ounwan_0091.png,4,4,0,clip_sim
11369,ounwan_0095.png,3,4,0,clip_sim
11370,ounwan_0095.png,4,4,0,clip_sim
11371,ounwan_0095.png,3,4,0,clip_sim
11372,ounwan_0095.png,3,3,0,clip_sim
11373,ounwan_0095.png,3,4,0,clip_sim
11374,ounwan_0095.png,4,4,0,clip_sim
11375,ounwan_0095.png,3,4,0,clip_sim
11376,ounwan_0095.png,4,4,0,clip_sim
11377,ounwan_0095.png,2,4,0,clip_sim
11378,ounwan_0095.png,0,3,0,clip_sim
11379,ounwan_0095.png,0,3,0,clip_sim
11399,dietfood_0001.png,4,3,0,clip_sim
11400,dietfood_0001.png,3,2,0,clip_sim
11401,dietfood_0001.png,4,3,0,clip_sim
11402,dietfood_0001.png,3,3,0,clip_sim
11403,dietfood_0001.png,4,2,0,clip_sim
11404,dietfood_0001.png,2,2,0,clip_sim
11405,dietfood_0001.png,1,3,0,clip_sim
11450,dietfood_0009.png,4,3,0,clip_sim
11451,dietfood_0009.png,4,3,0,clip_sim
11452,dietfood_0009.png,2,3,0,clip_sim
11456,dietfood_0011.png,0,4,0,clip_sim
11457,dietfood_0011.png,0,4,0,clip_sim
11458,dietfood_0011.png,0,4,0,clip_sim
11483,dietfood_0016.png,4,2,0,clip_sim
11484,dietfood_0016.png,1,2,0,clip_sim
11485,dietfood_0016.png,4,2,0,clip_sim
11486,dietfood_0017.png,4,4,0,clip_sim
11487,dietfood_0017.png,3,4,0,clip_sim
11488,dietfood_0017.png,4,4,0,clip_sim
11489,dietfood_0017.png,3,4,0,clip_sim
11490,dietfood_0017.png,2,4,0,clip_sim
11491,dietfood_0017.png,2,4,0,clip_sim
11502,dietfood_0020.png,4,4,0,clip_sim
11503,dietfood_0020.png,3,4,0,clip_sim
11504,dietfood_0020.png,4,4,0,clip_sim
11505,dietfood_0020.png,4,4,0,clip_sim
11506,dietfood_0020.png,3,4,0,clip_sim
11513,dietfood_0022.png,4,4,0,clip_sim
11626,dietfood_0038.png,4,4,0,clip_sim
11627,dietfood_0038.png,4,4,0,clip_sim
11628,dietfood_0038.png,3,4,0,clip_sim
11629,dietfood_0038.png,3,4,0,clip_sim
11630,dietfood_0038.png,2,4,0,clip_sim
11631,dietfood_0038.png,3,4,0,clip_sim
11632,dietfood_0038.png,3,4,0,clip_sim
11633,dietfood_0038.png,3,4,0,clip_sim
11634,dietfood_0038.png,4,4,0,clip_sim
11635,dietfood_0038.png,3,4,0,clip_sim
11636,dietfood_0041.png,2,3,0,clip_sim
11637,dietfood_0041.png,2,3,0,clip_sim
11638,dietfood_0041.png,3,3,0,clip_sim
11639,dietfood_0041.png,3,3,0,clip_sim
11645,dietfood_0044.png,4,4,0,clip_sim
11646,dietfood_0044.png,4,4,0,clip_sim
11647,dietfood_0044.png,3,4,0,clip_sim
11648,dietfood_0044.png,3,4,0,clip_sim
11649,dietfood_0044.png,3,4,0,clip_sim
11755,dietfood_0062.png,4,4,0,clip_sim
11756,dietfood_0062.png,4,4,0,clip_sim
11757,dietfood_0062.png,4,4,0,clip_sim
11758,dietfood_0062.png,3,4,0,clip_sim
11759,dietfood_0062.png,4,4,0,clip_sim
11806,dietfood_0070.png,3,4,0,clip_sim
11807,dietfood_0070.png,2,4,0,clip_sim
11808,dietfood_0070.png,2,4,0,clip_sim
11809,dietfood_0070.png,3,4,0,clip_sim
11810,dietfood_0070.png,3,4,0,clip_sim
11811,dietfood_0070.png,1,4,0,clip_sim
11812,dietfood_0070.png,3,4,0,clip_sim
11813,dietfood_0070.png,1,4,0,clip_sim
11814,dietfood_0070.png,4,4,0,clip_sim
11815,dietfood_0070.png,4,4,0,clip_sim
11816,dietfood_0070.png,4,4,0,clip_sim
11817,dietfood_0070.png,4,4,0,clip_sim
11864,dietfood_0077.png,3,4,0,clip_sim
11865,dietfood_0077.png,3,4,0,clip_sim
11866,dietfood_0077.png,4,4,0,clip_sim
11867,dietfood_0077.png,2,4,0,clip_sim
11868,dietfood_0077.png,3,4,0,clip_sim
11886,dietfood_0082.png,4,4,0,clip_sim
11887,dietfood_0082.png,4,4,0,clip_sim
11888,dietfood_0082.png,4,4,0,clip_sim
11889,dietfood_0082.png,4,4,0,clip_sim
11890,dietfood_0082.png,0,4,0,clip_sim
11891,dietfood_0082.png,4,4,0,clip_sim
11892,dietfood_0082.png,4,4,0,clip_sim
11893,dietfood_0082.png,2,4,0,clip_sim
11894,dietfood_0082.png,4,4,0,clip_sim
11895,dietfood_0082.png,3,3,0,clip_sim
11896,dietfood_0082.png,3,4,0,clip_sim
11897,dietfood_0082.png,4,4,0,clip_sim
11898,dietfood_0082.png,4,4,0,clip_sim
11899,dietfood_0082.png,2,4,0,clip_sim
11900,dietfood_0082.png,2,4,0,clip_sim
11942,dietfood_0089.png,2,4,0,clip_sim
11943,dietfood_0089.png,2,4,0,clip_sim
11944,dietfood_0089.png,4,4,0,clip_sim
11945,dietfood_0089.png,1,4,0,clip_sim
11946,dietfood_0089.png,1,4,0,clip_sim
11947,dietfood_0089.png,2,4,0,clip_sim
11950,dietfood_0092.png,3,4,0,clip_sim
11951,dietfood_0092.png,3,3,0,clip_sim
11952,dietfood_0092.png,4,4,0,clip_sim
11953,dietfood_0092.png,2,4,0,clip_sim
11954,dietfood_0092.png,2,4,0,clip_sim
15,ai_0005.png,4,3,1,clip_sim
16,ai_0005.png,1,4,1,clip_sim
17,ai_0005.png,0,4,1,clip_sim
18,ai_0005.png,0,4,1,clip_sim
19,ai_0005.png,0,4,1,clip_sim
45,ai_0010.png,2,4,1,clip_sim
46,ai_0010.png,4,4,1,clip_sim
47,ai_0010.png,4,4,1,clip_sim
48,ai_0010.png,3,4,1,clip_sim
49,ai_0010.png,4,4,1,clip_sim
50,ai_0010.png,4,4,1,clip_sim
51,ai_0010.png,3,4,1,clip_sim
52,ai_0010.png,2,4,1,clip_sim
53,ai_0010.png,1,4,1,clip_sim
54,ai_0010.png,3,3,1,clip_sim
55,ai_0012.png,3,4,1,clip_sim
56,ai_0012.png,3,4,1,clip_sim
57,ai_0012.png,4,4,1,clip_sim
58,ai_0012.png,1,4,1,clip_sim
59,ai_0012.png,1,4,1,clip_sim
60,ai_0012.png,0,4,1,clip_sim
61,ai_0012.png,0,4,1,clip_sim
62,ai_0012.png,1,4,1,clip_sim
63,ai_0012.png,1,4,1,clip_sim
64,ai_0012.png,1,4,1,clip_sim
65,ai_0012.png,1,4,1,clip_sim
66,ai_0012.png,0,4,1,clip_sim
67,ai_0012.png,1,4,1,clip_sim
68,ai_0012.png,1,4,1,clip_sim
69,ai_0012.png,4,4,1,clip_sim
70,ai_0012.png,4,4,1,clip_sim
71,ai_0012.png,2,4,1,clip_sim
72,ai_0012.png,2,4,1,clip_sim
73,ai_0012.png,2,4,1,clip_sim
74,ai_0012.png,4,4,1,clip_sim
75,ai_0012.png,3,4,1,clip_sim
76,ai_0012.png,2,4,1,clip_sim
77,ai_0012.png,3,4,1,clip_sim
121,ai_0016.png,4,4,1,clip_sim
122,ai_0016.png,4,4,1,clip_sim
123,ai_0016.png,4,4,1,clip_sim
124,ai_0016.png,4,4,1,clip_sim
125,ai_0016.png,4,4,1,clip_sim
126,ai_0016.png,4,4,1,clip_sim
127,ai_0016.png,4,4,1,clip_sim
128,ai_0016.png,4,4,1,clip_sim
129,ai_0016.png,4,4,1,clip_sim
130,ai_0016.png,1,4,1,clip_sim
131,ai_0016.png,2,4,1,clip_sim
132,ai_0016.png,2,4,1,clip_sim
133,ai_0016.png,4,4,1,clip_sim
134,ai_0016.png,1,4,1,clip_sim
135,ai_0016.png,0,4,1,clip_sim
136,ai_0016.png,1,4,1,clip_sim
137,ai_0016.png,2,4,1,clip_sim
138,ai_0017.png,4,4,1,clip_sim
139,ai_0017.png,3,2,1,clip_sim
140,ai_0017.png,4,4,1,clip_sim
141,ai_0017.png,4,4,1,clip_sim
142,ai_0017.png,4,4,1,clip_sim
143,ai_0017.png,3,4,1,clip_sim
144,ai_0017.png,3,4,1,clip_sim
145,ai_0017.png,2,2,1,clip_sim
146,ai_0017.png,1,4,1,clip_sim
147,ai_0017.png,1,3,1,clip_sim
148,ai_0017.png,1,2,1,clip_sim
149,ai_0017.png,1,4,1,clip_sim
150,ai_0017.png,1,3,1,clip_sim
151,ai_0017.png,1,4,1,clip_sim
152,ai_0017.png,1,4,1,clip_sim
153,ai_0017.png,1,4,1,clip_sim
154,ai_0017.png,1,2,1,clip_sim
155,ai_0017.png,1,3,1,clip_sim
156,ai_0017.png,1,4,1,clip_sim
257,domesticTravel_0005.png,3,2,1,clip_sim
302,domesticTravel_0015.png,4,2,1,clip_sim
303,domesticTravel_0015.png,1,2,1,clip_sim
304,domesticTravel_0015.png,4,3,1,clip_sim
305,domesticTravel_0015.png,3,2,1,clip_sim
367,fall_0003.png,0,4,1,clip_sim
368,fall_0003.png,0,4,1,clip_sim
369,fall_0003.png,0,4,1,clip_sim
370,fall_0003.png,0,4,1,clip_sim
371,fall_0003.png,0,3,1,clip_sim
372,fall_0003.png,0,4,1,clip_sim
377,fall_0006.png,4,4,1,clip_sim
488,fall_0015.png,4,4,1,clip_sim
489,fall_0015.png,3,4,1,clip_sim
490,fall_0015.png,3,4,1,clip_sim
491,fall_0015.png,1,4,1,clip_sim
492,fall_0015.png,2,4,1,clip_sim
493,fall_0015.png,3,4,1,clip_sim
494,fall_0015.png,3,4,1,clip_sim
495,fall_0015.png,2,4,1,clip_sim
496,fall_0015.png,4,4,1,clip_sim
497,fall_0015.png,4,3,1,clip_sim
521,fall_0021.png,3,4,1,clip_sim
522,fall_0021.png,4,4,1,clip_sim
523,fall_0021.png,3,4,1,clip_sim
524,fall_0021.png,3,4,1,clip_sim
525,fall_0021.png,2,4,1,clip_sim
526,fall_0021.png,3,4,1,clip_sim
527,fall_0021.png,3,4,1,clip_sim
528,fall_0021.png,2,4,1,clip_sim
529,fall_0021.png,2,4,1,clip_sim
530,fall_0021.png,3,3,1,clip_sim
531,fall_0021.png,4,4,1,clip_sim
532,fall_0021.png,4,4,1,clip_sim
533,fall_0021.png,4,4,1,clip_sim
534,fall_0021.png,3,4,1,clip_sim
535,fall_0021.png,4,4,1,clip_sim
536,fall_0021.png,2,4,1,clip_sim
559,fall_0023.png,4,4,1,clip_sim
560,fall_0023.png,3,2,1,clip_sim
561,fall_0023.png,3,2,1,clip_sim
562,fall_0023.png,4,3,1,clip_sim
563,fall_0023.png,4,4,1,clip_sim
564,fall_0023.png,1,2,1,clip_sim
565,fashion_0001.png,4,3,1,clip_sim
566,fashion_0001.png,4,2,1,clip_sim
726,movie_0004.png,1,2,1,clip_sim
727,movie_0004.png,1,2,1,clip_sim
728,movie_0004.png,1,3,1,clip_sim
729,movie_0004.png,1,2,1,clip_sim
730,movie_0004.png,4,2,1,clip_sim
731,movie_0004.png,4,2,1,clip_sim
732,movie_0004.png,4,2,1,clip_sim
733,movie_0004.png,3,2,1,clip_sim
734,movie_0004.png,1,2,1,clip_sim
735,movie_0004.png,1,2,1,clip_sim
736,movie_0004.png,4,2,1,clip_sim
737,movie_0004.png,4,2,1,clip_sim
738,movie_0004.png,2,2,1,clip_sim
739,movie_0004.png,3,2,1,clip_sim
740,movie_0004.png,2,2,1,clip_sim
741,movie_0004.png,2,2,1,clip_sim
742,movie_0004.png,1,2,1,clip_sim
743,movie_0004.png,1,2,1,clip_sim
744,movie_0004.png,4,2,1,clip_sim
745,movie_0004.png,4,2,1,clip_sim
746,movie_0004.png,1,2,1,clip_sim
747,movie_0004.png,1,2,1,clip_sim
748,movie_0004.png,1,2,1,clip_sim
749,movie_0004.png,1,2,1,clip_sim
750,movie_0004.png,4,3,1,clip_sim
751,movie_0004.png,4,2,1,clip_sim
752,movie_0004.png,0,2,1,clip_sim
874,movie_0018.png,4,4,1,clip_sim
875,movie_0018.png,4,4,1,clip_sim
876,movie_0018.png,3,4,1,clip_sim
962,olive_0007.png,4,2,1,clip_sim
963,olive_0007.png,3,2,1,clip_sim
964,olive_0007.png,3,2,1,clip_sim
965,olive_0007.png,4,2,1,clip_sim
966,olive_0007.png,4,2,1,clip_sim
967,olive_0007.png,4,2,1,clip_sim
968,olive_0007.png,1,2,1,clip_sim
969,olive_0007.png,1,2,1,clip_sim
970,olive_0007.png,1,2,1,clip_sim
971,olive_0007.png,1,2,1,clip_sim
972,olive_0007.png,4,2,1,clip_sim
973,olive_0007.png,4,2,1,clip_sim
974,olive_0007.png,4,2,1,clip_sim
975,olive_0007.png,1,2,1,clip_sim
976,olive_0007.png,1,2,1,clip_sim
977,olive_0007.png,4,3,1,clip_sim
978,olive_0007.png,3,2,1,clip_sim
979,olive_0007.png,2,2,1,clip_sim
980,olive_0007.png,2,2,1,clip_sim
981,olive_0007.png,2,2,1,clip_sim
982,olive_0007.png,2,2,1,clip_sim
983,olive_0007.png,1,2,1,clip_sim
984,olive_0007.png,1,2,1,clip_sim
985,olive_0007.png,2,2,1,clip_sim
986,olive_0007.png,1,3,1,clip_sim
987,olive_0007.png,3,4,1,clip_sim
988,olive_0010.png,1,4,1,clip_sim
989,olive_0010.png,1,4,1,clip_sim
990,olive_0010.png,2,4,1,clip_sim
991,olive_0010.png,4,4,1,clip_sim
992,olive_0010.png,3,4,1,clip_sim
993,olive_0010.png,3,4,1,clip_sim
994,olive_0010.png,1,4,1,clip_sim
995,olive_0010.png,2,4,1,clip_sim
996,olive_0010.png,3,3,1,clip_sim
1037,olive_0014.png,4,2,1,clip_sim
1069,olive_0020.png,4,3,1,clip_sim
1070,olive_0020.png,4,2,1,clip_sim
1071,olive_0020.png,4,4,1,clip_sim
1072,olive_0020.png,4,4,1,clip_sim
1073,olive_0020.png,4,4,1,clip_sim
1074,olive_0020.png,4,4,1,clip_sim
1075,olive_0020.png,3,4,1,clip_sim
1076,olive_0020.png,3,4,1,clip_sim
1077,olive_0020.png,2,4,1,clip_sim
1078,olive_0020.png,2,3,1,clip_sim
1079,olive_0020.png,2,4,1,clip_sim
1080,olive_0020.png,2,3,1,clip_sim
1081,olive_0020.png,1,4,1,clip_sim
1082,olive_0020.png,1,4,1,clip_sim
1083,olive_0020.png,2,4,1,clip_sim
1084,olive_0020.png,3,4,1,clip_sim
1085,olive_0020.png,3,4,1,clip_sim
1086,olive_0020.png,4,4,1,clip_sim
1087,olive_0020.png,4,4,1,clip_sim
1088,olive_0020.png,2,3,1,clip_sim
1089,olive_0020.png,2,4,1,clip_sim
1090,olive_0020.png,1,4,1,clip_sim
1091,olive_0020.png,4,2,1,clip_sim
1092,olive_0020.png,4,2,1,clip_sim
1093,olive_0020.png,2,4,1,clip_sim
1094,olive_0020.png,3,4,1,clip_sim
1095,olive_0020.png,3,4,1,clip_sim
1096,olive_0020.png,3,4,1,clip_sim
1112,restaurant_0001.png,4,3,1,clip_sim
1113,restaurant_0001.png,3,4,1,clip_sim
1114,restaurant_0001.png,3,4,1,clip_sim
1115,restaurant_0001.png,3,4,1,clip_sim
1116,restaurant_0001.png,2,3,1,clip_sim
1117,restaurant_0001.png,2,3,1,clip_sim
1118,restaurant_0001.png,2,3,1,clip_sim
1119,restaurant_0001.png,1,3,1,clip_sim
1120,restaurant_0001.png,1,3,1,clip_sim
1121,restaurant_0001.png,2,3,1,clip_sim
1122,restaurant_0001.png,4,3,1,clip_sim
1123,restaurant_0001.png,4,3,1,clip_sim
1124,restaurant_0001.png,4,3,1,clip_sim
1125,restaurant_0001.png,4,4,1,clip_sim
1126,restaurant_0001.png,2,3,1,clip_sim
1127,restaurant_0001.png,2,3,1,clip_sim
1128,restaurant_0001.png,1,3,1,clip_sim
1129,restaurant_0001.png,1,3,1,clip_sim
1130,restaurant_0001.png,4,3,1,clip_sim
1131,restaurant_0001.png,2,3,1,clip_sim
1132,restaurant_0001.png,4,4,1,clip_sim
1133,restaurant_0002.png,3,3,1,clip_sim
1134,restaurant_0002.png,4,2,1,clip_sim
1135,restaurant_0002.png,4,4,1,clip_sim
1136,restaurant_0002.png,4,2,1,clip_sim
1137,restaurant_0002.png,3,3,1,clip_sim
1138,restaurant_0002.png,4,4,1,clip_sim
1139,restaurant_0002.png,4,3,1,clip_sim
1140,restaurant_0002.png,3,4,1,clip_sim
1141,restaurant_0002.png,4,3,1,clip_sim
1142,restaurant_0002.png,4,3,1,clip_sim
1143,restaurant_0002.png,4,4,1,clip_sim
1207,restaurant_0015.png,4,4,1,clip_sim
1242,restaurant_0018.png,3,4,1,clip_sim
1243,restaurant_0018.png,3,4,1,clip_sim
1244,restaurant_0018.png,1,4,1,clip_sim
1245,restaurant_0018.png,3,4,1,clip_sim
1246,restaurant_0018.png,1,4,1,clip_sim
1247,restaurant_0018.png,1,4,1,clip_sim
1248,restaurant_0018.png,1,4,1,clip_sim
1249,restaurant_0018.png,1,4,1,clip_sim
1250,restaurant_0018.png,0,4,1,clip_sim
1251,restaurant_0018.png,0,4,1,clip_sim
1252,restaurant_0018.png,0,4,1,clip_sim
1253,restaurant_0018.png,0,4,1,clip_sim
1254,restaurant_0018.png,0,4,1,clip_sim
1255,restaurant_0018.png,1,4,1,clip_sim
1256,restaurant_0018.png,0,4,1,clip_sim
1257,restaurant_0018.png,0,4,1,clip_sim
1258,restaurant_0018.png,1,4,1,clip_sim
1259,restaurant_0018.png,0,4,1,clip_sim
1260,restaurant_0018.png,0,4,1,clip_sim
1261,restaurant_0018.png,2,4,1,clip_sim
1262,restaurant_0018.png,1,4,1,clip_sim
1263,restaurant_0018.png,2,4,1,clip_sim
1264,restaurant_0018.png,4,4,1,clip_sim
1265,restaurant_0018.png,4,4,1,clip_sim
1266,restaurant_0018.png,3,3,1,clip_sim
1267,restaurant_0018.png,4,4,1,clip_sim
1293,restaurant_0021.png,1,4,1,clip_sim
1294,restaurant_0021.png,1,4,1,clip_sim
1295,restaurant_0021.png,2,4,1,clip_sim
1296,restaurant_0021.png,2,3,1,clip_sim
1297,restaurant_0021.png,0,2,1,clip_sim
1298,restaurant_0021.png,3,4,1,clip_sim
1299,restaurant_0021.png,2,4,1,clip_sim
1300,restaurant_0021.png,4,4,1,clip_sim
1301,restaurant_0021.png,0,2,1,clip_sim
1302,restaurant_0021.png,2,4,1,clip_sim
1303,restaurant_0021.png,0,4,1,clip_sim
1304,restaurant_0021.png,0,4,1,clip_sim
1305,restaurant_0021.png,1,4,1,clip_sim
1306,restaurant_0021.png,4,4,1,clip_sim
1307,restaurant_0021.png,2,4,1,clip_sim
1308,restaurant_0021.png,2,4,1,clip_sim
1309,restaurant_0021.png,1,4,1,clip_sim
1310,restaurant_0021.png,3,4,1,clip_sim
1311,restaurant_0021.png,0,2,1,clip_sim
1312,restaurant_0021.png,1,4,1,clip_sim
1313,restaurant_0021.png,0,4,1,clip_sim
1314,restaurant_0021.png,0,4,1,clip_sim
1315,restaurant_0021.png,3,4,1,clip_sim
1316,restaurant_0021.png,0,4,1,clip_sim
1317,restaurant_0021.png,1,4,1,clip_sim
1318,restaurant_0021.png,4,4,1,clip_sim
1319,restaurant_0022.png,4,4,1,clip_sim
1320,restaurant_0022.png,1,4,1,clip_sim
1321,restaurant_0022.png,1,4,1,clip_sim
1322,restaurant_0022.png,4,4,1,clip_sim
1323,restaurant_0022.png,3,4,1,clip_sim
1324,restaurant_0022.png,3,3,1,clip_sim
1325,restaurant_0023.png,4,2,1,clip_sim
1326,restaurant_0023.png,3,3,1,clip_sim
1327,restaurant_0023.png,4,3,1,clip_sim
1328,restaurant_0023.png,3,2,1,clip_sim
1329,restaurant_0023.png,2,2,1,clip_sim
1330,restaurant_0023.png,3,3,1,clip_sim
1331,restaurant_0023.png,1,2,1,clip_sim
1332,restaurant_0023.png,2,3,1,clip_sim
1333,restaurant_0023.png,1,2,1,clip_sim
1334,restaurant_0023.png,4,2,1,clip_sim
1335,restaurant_0023.png,3,3,1,clip_sim
1336,restaurant_0023.png,1,3,1,clip_sim
1337,restaurant_0023.png,1,3,1,clip_sim
1338,restaurant_0023.png,1,2,1,clip_sim
1339,restaurant_0023.png,1,2,1,clip_sim
1340,restaurant_0023.png,1,3,1,clip_sim
1341,restaurant_0023.png,0,2,1,clip_sim
1342,zerokal_0001.png,4,4,1,clip_sim
1343,zerokal_0001.png,3,4,1,clip_sim
1344,zerokal_0001.png,3,4,1,clip_sim
1345,zerokal_0001.png,2,4,1,clip_sim
1356,zerokal_0004.png,3,4,1,clip_sim
1357,zerokal_0004.png,2,3,1,clip_sim
1358,zerokal_0004.png,4,4,1,clip_sim
1359,zerokal_0004.png,3,4,1,clip_sim
1360,zerokal_0004.png,2,4,1,clip_sim
1361,zerokal_0004.png,3,4,1,clip_sim
1362,zerokal_0004.png,4,4,1,clip_sim
1363,zerokal_0004.png,2,4,1,clip_sim
1364,zerokal_0004.png,2,4,1,clip_sim
1365,zerokal_0004.png,3,4,1,clip_sim
1366,zerokal_0004.png,2,4,1,clip_sim
1367,zerokal_0004.png,2,4,1,clip_sim
1368,zerokal_0004.png,2,4,1,clip_sim
1369,zerokal_0004.png,3,4,1,clip_sim
1370,zerokal_0004.png,4,4,1,clip_sim
1371,zerokal_0004.png,1,4,1,clip_sim
1372,zerokal_0004.png,2,4,1,clip_sim
1373,zerokal_0004.png,4,4,1,clip_sim
1374,zerokal_0004.png,3,4,1,clip_sim
1375,zerokal_0004.png,1,4,1,clip_sim
1376,zerokal_0004.png,3,4,1,clip_sim
1377,zerokal_0004.png,4,4,1,clip_sim
1378,zerokal_0004.png,4,4,1,clip_sim
1379,zerokal_0004.png,2,4,1,clip_sim
1452,zerokal_0013.png,0,4,1,clip_sim
1453,zerokal_0013.png,4,4,1,clip_sim
1454,zerokal_0013.png,4,4,1,clip_sim
1455,zerokal_0013.png,1,4,1,clip_sim
1456,zerokal_0013.png,1,4,1,clip_sim
1457,zerokal_0013.png,1,4,1,clip_sim
1458,zerokal_0013.png,0,4,1,clip_sim
1459,zerokal_0013.png,0,4,1,clip_sim
1460,zerokal_0013.png,4,4,1,clip_sim
1461,zerokal_0013.png,4,4,1,clip_sim
1462,zerokal_0014.png,4,4,1,clip_sim
1463,zerokal_0014.png,4,4,1,clip_sim
1464,zerokal_0014.png,4,4,1,clip_sim
1465,zerokal_0014.png,3,3,1,clip_sim
1466,zerokal_0014.png,4,3,1,clip_sim
1467,zerokal_0014.png,3,4,1,clip_sim
1468,zerokal_0015.png,3,2,1,clip_sim
1469,zerokal_0015.png,3,2,1,clip_sim
1470,zerokal_0015.png,4,2,1,clip_sim
1471,zerokal_0015.png,4,2,1,clip_sim
1472,zerokal_0015.png,4,2,1,clip_sim
1473,zerokal_0015.png,2,2,1,clip_sim
1474,zerokal_0015.png,1,2,1,clip_sim
1475,zerokal_0015.png,2,2,1,clip_sim
1476,zerokal_0015.png,1,2,1,clip_sim
1477,zerokal_0015.png,3,2,1,clip_sim
1478,zerokal_0015.png,3,2,1,clip_sim
1479,zerokal_0015.png,3,2,1,clip_sim
1480,zerokal_0015.png,1,2,1,clip_sim
1481,zerokal_0015.png,1,2,1,clip_sim
1482,zerokal_0017.png,0,4,1,clip_sim
1483,zerokal_0017.png,4,4,1,clip_sim
1484,zerokal_0017.png,4,4,1,clip_sim
1485,zerokal_0017.png,1,4,1,clip_sim
1486,zerokal_0017.png,1,4,1,clip_sim
1487,zerokal_0017.png,1,4,1,clip_sim
1488,zerokal_0017.png,0,4,1,clip_sim
1489,zerokal_0017.png,1,4,1,clip_sim
1490,zerokal_0017.png,3,4,1,clip_sim
1491,zerokal_0017.png,4,4,1,clip_sim
1513,travelgram_0001.png,1,2,1,clip_sim
1514,travelgram_0001.png,2,2,1,clip_sim
1515,travelgram_0001.png,3,2,1,clip_sim
1516,travelgram_0001.png,4,2,1,clip_sim
1517,travelgram_0001.png,2,2,1,clip_sim
1525,travelgram_0012.png,2,3,1,clip_sim
1526,travelgram_0012.png,1,4,1,clip_sim
1527,travelgram_0012.png,3,4,1,clip_sim
1528,travelgram_0012.png,4,4,1,clip_sim
1529,travelgram_0012.png,2,4,1,clip_sim
1530,travelgram_0012.png,2,4,1,clip_sim
1531,travelgram_0012.png,1,2,1,clip_sim
1532,travelgram_0012.png,4,4,1,clip_sim
1533,travelgram_0012.png,0,4,1,clip_sim
1534,travelgram_0012.png,2,2,1,clip_sim
1535,travelgram_0012.png,4,4,1,clip_sim
1536,travelgram_0012.png,1,4,1,clip_sim
1537,travelgram_0012.png,1,4,1,clip_sim
1538,travelgram_0012.png,1,4,1,clip_sim
1539,travelgram_0012.png,1,4,1,clip_sim
1540,travelgram_0012.png,1,4,1,clip_sim
1541,travelgram_0012.png,1,4,1,clip_sim
1542,travelgram_0012.png,1,4,1,clip_sim
1543,travelgram_0012.png,1,2,1,clip_sim
1544,travelgram_0012.png,0,2,1,clip_sim
1545,travelgram_0012.png,2,4,1,clip_sim
1546,travelgram_0012.png,2,2,1,clip_sim
1547,travelgram_0012.png,3,3,1,clip_sim
1548,travelgram_0012.png,3,4,1,clip_sim
1549,travelgram_0013.png,4,3,1,clip_sim
1550,travelgram_0013.png,4,3,1,clip_sim
1551,travelgram_0013.png,3,4,1,clip_sim
1552,travelgram_0013.png,1,3,1,clip_sim
1553,travelgram_0013.png,2,2,1,clip_sim
1554,travelgram_0016.png,4,4,1,clip_sim
1555,travelgram_0016.png,2,4,1,clip_sim
1556,travelgram_0016.png,1,4,1,clip_sim
1557,travelgram_0016.png,4,4,1,clip_sim
1558,travelgram_0016.png,3,4,1,clip_sim
1559,travelgram_0016.png,2,4,1,clip_sim
1560,travelgram_0016.png,0,4,1,clip_sim
1561,travelgram_0016.png,4,3,1,clip_sim
1562,travelgram_0016.png,3,4,1,clip_sim
1563,travelgram_0016.png,4,4,1,clip_sim
1564,travelgram_0016.png,4,4,1,clip_sim
1565,travelgram_0016.png,4,4,1,clip_sim
1566,travelgram_0016.png,4,4,1,clip_sim
1567,travelgram_0016.png,1,4,1,clip_sim
1568,travelgram_0016.png,4,4,1,clip_sim
1569,travelgram_0016.png,4,4,1,clip_sim
1570,travelgram_0016.png,4,4,1,clip_sim
1571,travelgram_0016.png,3,3,1,clip_sim
1572,travelgram_0016.png,4,2,1,clip_sim
1573,travelgram_0016.png,4,4,1,clip_sim
1574,travelgram_0016.png,4,4,1,clip_sim
1575,travelgram_0016.png,3,4,1,clip_sim
1576,travelgram_0016.png,1,4,1,clip_sim
1577,travelgram_0016.png,1,4,1,clip_sim
1583,travelgram_0021.png,4,4,1,clip_sim
1584,travelgram_0021.png,4,2,1,clip_sim
1585,travelgram_0021.png,4,3,1,clip_sim
1586,travelgram_0021.png,4,2,1,clip_sim
1587,travelgram_0021.png,2,2,1,clip_sim
1588,travelgram_0021.png,3,2,1,clip_sim
1589,travelgram_0021.png,1,2,1,clip_sim
1590,travelgram_0021.png,3,2,1,clip_sim
1591,travelgram_0021.png,1,2,1,clip_sim
1592,travelgram_0021.png,2,2,1,clip_sim
1593,travelgram_0021.png,1,3,1,clip_sim
1594,travelgram_0021.png,3,3,1,clip_sim
1595,travelgram_0021.png,4,4,1,clip_sim
1596,travelgram_0021.png,4,4,1,clip_sim
1597,travelgram_0021.png,4,3,1,clip_sim
1598,travelgram_0021.png,4,4,1,clip_sim
1599,travelgram_0021.png,3,3,1,clip_sim
1600,travelgram_0021.png,3,3,1,clip_sim
1601,travelgram_0021.png,1,2,1,clip_sim
1602,travelgram_0021.png,0,3,1,clip_sim
1603,travelgram_0021.png,2,3,1,clip_sim
1604,travelgram_0021.png,1,2,1,clip_sim
1605,travelgram_0021.png,1,3,1,clip_sim
1606,travelgram_0021.png,1,2,1,clip_sim
1607,travelgram_0021.png,1,2,1,clip_sim
1608,travelgram_0021.png,0,2,1,clip_sim
1609,travelgram_0021.png,1,2,1,clip_sim
1610,travelgram_0021.png,4,3,1,clip_sim
1611,travelgram_0021.png,3,2,1,clip_sim
1612,travelgram_0021.png,4,3,1,clip_sim
1682,travelgram_0050.png,3,2,1,clip_sim
1683,travelgram_0050.png,3,2,1,clip_sim
1684,travelgram_0050.png,2,2,1,clip_sim
1685,travelgram_0050.png,4,2,1,clip_sim
1686,travelgram_0050.png,1,2,1,clip_sim
1700,travelgram_0056.png,3,2,1,clip_sim
1701,travelgram_0056.png,3,2,1,clip_sim
1702,travelgram_0056.png,4,3,1,clip_sim
1703,travelgram_0056.png,4,3,1,clip_sim
1704,travelgram_0056.png,3,3,1,clip_sim
1705,travelgram_0056.png,4,2,1,clip_sim
1706,travelgram_0056.png,3,2,1,clip_sim
1707,travelgram_0056.png,4,2,1,clip_sim
1708,travelgram_0056.png,4,2,1,clip_sim
1709,travelgram_0056.png,4,2,1,clip_sim
1710,travelgram_0056.png,4,2,1,clip_sim
1711,travelgram_0056.png,4,2,1,clip_sim
1712,travelgram_0056.png,4,3,1,clip_sim
1713,travelgram_0056.png,4,2,1,clip_sim
1714,travelgram_0056.png,4,2,1,clip_sim
1715,travelgram_0056.png,3,2,1,clip_sim
1716,travelgram_0056.png,4,2,1,clip_sim
1717,travelgram_0056.png,2,2,1,clip_sim
1718,travelgram_0056.png,4,2,1,clip_sim
1719,travelgram_0056.png,3,2,1,clip_sim
1720,travelgram_0056.png,3,2,1,clip_sim
1721,travelgram_0056.png,3,2,1,clip_sim
1722,travelgram_0056.png,3,2,1,clip_sim
1723,travelgram_0056.png,2,2,1,clip_sim
1724,travelgram_0056.png,4,3,1,clip_sim
1725,travelgram_0056.png,4,4,1,clip_sim
1726,travelgram_0056.png,4,2,1,clip_sim
1727,travelgram_0056.png,4,2,1,clip_sim
1728,travelgram_0056.png,4,2,1,clip_sim
1729,travelgram_0056.png,4,2,1,clip_sim
1730,travelgram_0057.png,0,2,1,clip_sim
1731,travelgram_0057.png,1,2,1,clip_sim
1741,travelgram_0065.png,0,2,1,clip_sim
1742,travelgram_0067.png,3,3,1,clip_sim
1743,travelgram_0067.png,4,3,1,clip_sim
1746,travelgram_0069.png,4,2,1,clip_sim
1747,travelgram_0069.png,4,2,1,clip_sim
1748,travelgram_0069.png,1,2,1,clip_sim
1749,travelgram_0069.png,0,2,1,clip_sim
1750,travelgram_0069.png,1,2,1,clip_sim
1772,travelgram_0075.png,4,4,1,clip_sim
1773,travelgram_0075.png,4,4,1,clip_sim
1774,travelgram_0075.png,4,4,1,clip_sim
1775,travelgram_0075.png,3,4,1,clip_sim
1776,travelgram_0075.png,4,4,1,clip_sim
1777,travelgram_0075.png,4,4,1,clip_sim
1817,travelgram_0083.png,3,3,1,clip_sim
1857,travelgram_0096.png,3,4,1,clip_sim
1858,travelgram_0096.png,3,4,1,clip_sim
1859,travelgram_0096.png,4,4,1,clip_sim
1860,travelgram_0096.png,3,4,1,clip_sim
1861,travelgram_0096.png,4,4,1,clip_sim
1862,travelgram_0097.png,1,3,1,clip_sim
1863,travelgram_0097.png,2,3,1,clip_sim
1864,travelgram_0097.png,1,3,1,clip_sim
1865,travelgram_0097.png,0,2,1,clip_sim
1866,travelgram_0097.png,2,3,1,clip_sim
1874,solotravel_0001.png,1,4,1,clip_sim
1875,solotravel_0001.png,4,4,1,clip_sim
1876,solotravel_0001.png,4,4,1,clip_sim
1877,solotravel_0001.png,2,4,1,clip_sim
1878,solotravel_0002.png,4,4,1,clip_sim
1879,solotravel_0002.png,2,4,1,clip_sim
1880,solotravel_0002.png,4,4,1,clip_sim
1904,solotravel_0010.png,1,4,1,clip_sim
1941,solotravel_0027.png,4,4,1,clip_sim
1942,solotravel_0027.png,4,4,1,clip_sim
1943,solotravel_0027.png,2,4,1,clip_sim
1944,solotravel_0027.png,1,4,1,clip_sim
1945,solotravel_0027.png,3,4,1,clip_sim
1948,solotravel_0031.png,4,3,1,clip_sim
1949,solotravel_0031.png,3,4,1,clip_sim
1950,solotravel_0031.png,2,4,1,clip_sim
1951,solotravel_0031.png,4,4,1,clip_sim
1952,solotravel_0031.png,3,4,1,clip_sim
1953,solotravel_0031.png,2,4,1,clip_sim
2052,solotravel_0049.png,4,4,1,clip_sim
2053,solotravel_0049.png,0,4,1,clip_sim
2054,solotravel_0049.png,1,4,1,clip_sim
2055,solotravel_0049.png,3,4,1,clip_sim
2056,solotravel_0049.png,4,4,1,clip_sim
2057,solotravel_0050.png,1,3,1,clip_sim
2083,solotravel_0061.png,1,4,1,clip_sim
2084,solotravel_0061.png,0,4,1,clip_sim
2085,solotravel_0061.png,0,4,1,clip_sim
2086,solotravel_0061.png,0,4,1,clip_sim
2087,solotravel_0061.png,3,4,1,clip_sim
2088,solotravel_0061.png,3,4,1,clip_sim
2089,solotravel_0061.png,2,4,1,clip_sim
2090,solotravel_0061.png,1,2,1,clip_sim
2091,solotravel_0061.png,2,4,1,clip_sim
2092,solotravel_0061.png,2,4,1,clip_sim
2093,solotravel_0061.png,2,4,1,clip_sim
2094,solotravel_0061.png,0,2,1,clip_sim
2095,solotravel_0061.png,0,2,1,clip_sim
2116,solotravel_0066.png,3,4,1,clip_sim
2117,solotravel_0066.png,3,4,1,clip_sim
2118,solotravel_0066.png,4,4,1,clip_sim
2119,solotravel_0066.png,2,4,1,clip_sim
2120,solotravel_0066.png,2,4,1,clip_sim
2165,solotravel_0075.png,4,4,1,clip_sim
2166,solotravel_0075.png,4,4,1,clip_sim
2167,solotravel_0075.png,4,4,1,clip_sim
2168,solotravel_0075.png,3,4,1,clip_sim
2169,solotravel_0075.png,4,4,1,clip_sim
2170,solotravel_0075.png,3,4,1,clip_sim
2171,solotravel_0075.png,3,4,1,clip_sim
2172,solotravel_0075.png,1,4,1,clip_sim
2173,solotravel_0075.png,3,4,1,clip_sim
2174,solotravel_0075.png,2,4,1,clip_sim
2175,solotravel_0075.png,2,4,1,clip_sim
2189,solotravel_0081.png,4,4,1,clip_sim
2190,solotravel_0081.png,4,4,1,clip_sim
2191,solotravel_0081.png,2,4,1,clip_sim
2192,solotravel_0081.png,3,4,1,clip_sim
2193,solotravel_0081.png,2,4,1,clip_sim
2231,solotravel_0091.png,3,4,1,clip_sim
2232,solotravel_0091.png,4,4,1,clip_sim
2233,solotravel_0091.png,4,4,1,clip_sim
2234,solotravel_0091.png,2,4,1,clip_sim
2235,solotravel_0091.png,2,4,1,clip_sim
2244,solotravel_0099.png,4,3,1,clip_sim
2245,solotravel_0099.png,3,4,1,clip_sim
2246,solotravel_0099.png,4,3,1,clip_sim
2247,solotravel_0099.png,4,2,1,clip_sim
2248,solotravel_0099.png,1,3,1,clip_sim
2258,travel_0003.png,4,4,1,clip_sim
2259,travel_0003.png,4,4,1,clip_sim
2260,travel_0003.png,2,4,1,clip_sim
2261,travel_0003.png,2,4,1,clip_sim
2262,travel_0003.png,1,4,1,clip_sim
2335,travel_0022.png,4,4,1,clip_sim
2336,travel_0022.png,3,4,1,clip_sim
2337,travel_0022.png,3,4,1,clip_sim
2338,travel_0022.png,3,4,1,clip_sim
2339,travel_0022.png,2,4,1,clip_sim
2340,travel_0022.png,1,4,1,clip_sim
2341,travel_0022.png,1,4,1,clip_sim
2342,travel_0022.png,1,4,1,clip_sim
2343,travel_0022.png,3,4,1,clip_sim
2344,travel_0022.png,1,4,1,clip_sim
2345,travel_0022.png,0,4,1,clip_sim
2346,travel_0022.png,2,4,1,clip_sim
2347,travel_0022.png,2,4,1,clip_sim
2348,travel_0022.png,2,2,1,clip_sim
2349,travel_0022.png,2,4,1,clip_sim
2374,travel_0033.png,0,4,1,clip_sim
2375,travel_0033.png,1,4,1,clip_sim
2376,travel_0033.png,1,4,1,clip_sim
2407,travel_0046.png,3,4,1,clip_sim
2408,travel_0046.png,3,4,1,clip_sim
2409,travel_0046.png,4,4,1,clip_sim
2410,travel_0046.png,4,3,1,clip_sim
2411,travel_0046.png,4,4,1,clip_sim
2412,travel_0046.png,0,4,1,clip_sim
2413,travel_0046.png,2,4,1,clip_sim
2414,travel_0046.png,3,4,1,clip_sim
2415,travel_0046.png,1,4,1,clip_sim
2425,travel_0049.png,2,4,1,clip_sim
2426,travel_0049.png,1,4,1,clip_sim
2427,travel_0049.png,4,4,1,clip_sim
2428,travel_0049.png,4,4,1,clip_sim
2429,travel_0049.png,3,4,1,clip_sim
2430,travel_0049.png,1,4,1,clip_sim
2431,travel_0049.png,4,4,1,clip_sim
2432,travel_0049.png,4,4,1,clip_sim
2433,travel_0049.png,4,4,1,clip_sim
2434,travel_0049.png,3,3,1,clip_sim
2435,travel_0049.png,4,4,1,clip_sim
2473,travel_0057.png,1,4,1,clip_sim
2474,travel_0057.png,4,4,1,clip_sim
2475,travel_0057.png,3,3,1,clip_sim
2476,travel_0057.png,1,2,1,clip_sim
2477,travel_0057.png,1,2,1,clip_sim
2483,travel_0059.png,4,4,1,clip_sim
2484,travel_0059.png,3,4,1,clip_sim
2485,travel_0059.png,3,4,1,clip_sim
2512,travel_0062.png,4,4,1,clip_sim
2513,travel_0062.png,4,4,1,clip_sim
2514,travel_0062.png,4,4,1,clip_sim
2515,travel_0062.png,4,4,1,clip_sim
2516,travel_0062.png,2,4,1,clip_sim
2537,travel_0073.png,4,4,1,clip_sim
2577,travel_0077.png,1,2,1,clip_sim
2578,travel_0077.png,2,3,1,clip_sim
2635,travel_0093.png,3,4,1,clip_sim
2636,travel_0093.png,4,4,1,clip_sim
2637,travel_0093.png,1,4,1,clip_sim
2638,travel_0093.png,1,4,1,clip_sim
2639,travel_0093.png,1,4,1,clip_sim
2640,travel_0093.png,1,4,1,clip_sim
2641,travel_0093.png,1,4,1,clip_sim
2642,travel_0093.png,1,4,1,clip_sim
2643,travel_0093.png,1,4,1,clip_sim
2644,travel_0093.png,4,4,1,clip_sim
2645,travel_0093.png,2,4,1,clip_sim
2650,foodstagram_0003.png,4,4,1,clip_sim
2651,foodstagram_0003.png,4,4,1,clip_sim
2652,foodstagram_0003.png,4,4,1,clip_sim
2653,foodstagram_0003.png,2,4,1,clip_sim
2657,foodstagram_0006.png,4,3,1,clip_sim
2658,foodstagram_0006.png,4,3,1,clip_sim
2697,foodstagram_0015.png,4,2,1,clip_sim
2698,foodstagram_0015.png,4,3,1,clip_sim
2699,foodstagram_0015.png,4,2,1,clip_sim
2700,foodstagram_0015.png,4,2,1,clip_sim
2701,foodstagram_0015.png,4,4,1,clip_sim
2733,foodstagram_0020.png,1,3,1,clip_sim
2734,foodstagram_0020.png,4,4,1,clip_sim
2735,foodstagram_0020.png,1,4,1,clip_sim
2736,foodstagram_0020.png,1,4,1,clip_sim
2737,foodstagram_0020.png,2,3,1,clip_sim
2738,foodstagram_0020.png,0,4,1,clip_sim
2739,foodstagram_0020.png,1,4,1,clip_sim
2740,foodstagram_0020.png,1,4,1,clip_sim
2741,foodstagram_0020.png,1,4,1,clip_sim
2742,foodstagram_0020.png,1,4,1,clip_sim
2743,foodstagram_0020.png,1,3,1,clip_sim
2744,foodstagram_0020.png,1,4,1,clip_sim
2745,foodstagram_0020.png,1,4,1,clip_sim
2746,foodstagram_0020.png,1,4,1,clip_sim
2747,foodstagram_0020.png,1,4,1,clip_sim
2748,foodstagram_0020.png,1,4,1,clip_sim
2749,foodstagram_0020.png,1,4,1,clip_sim
2750,foodstagram_0020.png,2,4,1,clip_sim
2751,foodstagram_0020.png,2,4,1,clip_sim
2752,foodstagram_0020.png,1,4,1,clip_sim
2753,foodstagram_0020.png,0,4,1,clip_sim
2754,foodstagram_0020.png,3,4,1,clip_sim
2755,foodstagram_0020.png,3,4,1,clip_sim
2756,foodstagram_0020.png,3,4,1,clip_sim
2757,foodstagram_0020.png,3,4,1,clip_sim
2758,foodstagram_0020.png,1,4,1,clip_sim
2759,foodstagram_0020.png,1,3,1,clip_sim
2760,foodstagram_0020.png,0,4,1,clip_sim
2761,foodstagram_0020.png,1,3,1,clip_sim
2762,foodstagram_0020.png,3,4,1,clip_sim
2767,foodstagram_0022.png,4,3,1,clip_sim
2771,foodstagram_0025.png,4,4,1,clip_sim
2772,foodstagram_0025.png,1,4,1,clip_sim
2773,foodstagram_0025.png,3,4,1,clip_sim
2774,foodstagram_0025.png,4,4,1,clip_sim
2866,foodstagram_0048.png,3,4,1,clip_sim
2867,foodstagram_0048.png,4,3,1,clip_sim
2868,foodstagram_0048.png,2,3,1,clip_sim
2869,foodstagram_0048.png,2,3,1,clip_sim
2870,foodstagram_0048.png,4,3,1,clip_sim
2875,foodstagram_0051.png,1,2,1,clip_sim
2876,foodstagram_0051.png,4,4,1,clip_sim
2877,foodstagram_0051.png,4,4,1,clip_sim
2878,foodstagram_0051.png,4,4,1,clip_sim
2879,foodstagram_0051.png,3,4,1,clip_sim
2880,foodstagram_0052.png,1,4,1,clip_sim
2881,foodstagram_0052.png,4,4,1,clip_sim
2894,foodstagram_0057.png,1,4,1,clip_sim
2895,foodstagram_0057.png,1,4,1,clip_sim
2896,foodstagram_0057.png,1,4,1,clip_sim
2897,foodstagram_0057.png,0,3,1,clip_sim
2898,foodstagram_0057.png,2,3,1,clip_sim
2899,foodstagram_0057.png,2,3,1,clip_sim
2900,foodstagram_0057.png,3,4,1,clip_sim
2901,foodstagram_0057.png,3,4,1,clip_sim
2902,foodstagram_0057.png,3,2,1,clip_sim
2903,foodstagram_0057.png,3,4,1,clip_sim
2904,foodstagram_0057.png,4,3,1,clip_sim
2905,foodstagram_0057.png,3,4,1,clip_sim
2906,foodstagram_0057.png,3,4,1,clip_sim
2907,foodstagram_0057.png,1,4,1,clip_sim
2908,foodstagram_0057.png,3,3,1,clip_sim
2909,foodstagram_0057.png,3,4,1,clip_sim
2910,foodstagram_0057.png,0,4,1,clip_sim
2911,foodstagram_0057.png,0,4,1,clip_sim
2912,foodstagram_0057.png,0,4,1,clip_sim
2913,foodstagram_0057.png,0,3,1,clip_sim
2914,foodstagram_0057.png,1,4,1,clip_sim
2915,foodstagram_0057.png,1,4,1,clip_sim
2916,foodstagram_0057.png,3,4,1,clip_sim
2935,foodstagram_0062.png,4,4,1,clip_sim
2936,foodstagram_0062.png,4,3,1,clip_sim
2937,foodstagram_0062.png,3,4,1,clip_sim
2938,foodstagram_0062.png,4,4,1,clip_sim
2949,foodstagram_0065.png,4,4,1,clip_sim
2950,foodstagram_0065.png,4,3,1,clip_sim
2951,foodstagram_0065.png,2,3,1,clip_sim
2952,foodstagram_0065.png,4,4,1,clip_sim
2953,foodstagram_0065.png,4,3,1,clip_sim
3020,foodstagram_0078.png,4,2,1,clip_sim
3021,foodstagram_0078.png,3,4,1,clip_sim
3022,foodstagram_0078.png,3,4,1,clip_sim
3023,foodstagram_0078.png,1,3,1,clip_sim
3024,foodstagram_0078.png,3,3,1,clip_sim
3046,foodstagram_0088.png,4,4,1,clip_sim
3047,foodstagram_0088.png,4,4,1,clip_sim
3048,foodstagram_0088.png,4,4,1,clip_sim
3049,foodstagram_0088.png,1,4,1,clip_sim
3050,foodstagram_0088.png,4,4,1,clip_sim
3062,foodstagram_0093.png,0,3,1,clip_sim
3063,foodstagram_0093.png,4,3,1,clip_sim
3064,foodstagram_0093.png,4,4,1,clip_sim
3065,foodstagram_0093.png,1,4,1,clip_sim
3066,foodstagram_0093.png,4,4,1,clip_sim
3067,foodstagram_0093.png,3,4,1,clip_sim
3068,foodstagram_0093.png,4,4,1,clip_sim
3069,foodstagram_0093.png,2,2,1,clip_sim
3070,foodstagram_0093.png,3,4,1,clip_sim
3071,foodstagram_0093.png,4,4,1,clip_sim
3072,foodstagram_0093.png,4,4,1,clip_sim
3073,foodstagram_0093.png,3,4,1,clip_sim
3074,foodstagram_0093.png,2,3,1,clip_sim
3075,foodstagram_0093.png,1,2,1,clip_sim
3076,foodstagram_0093.png,3,3,1,clip_sim
3077,foodstagram_0093.png,4,3,1,clip_sim
3078,foodstagram_0093.png,0,2,1,clip_sim
3079,foodstagram_0093.png,0,4,1,clip_sim
3080,foodstagram_0093.png,3,3,1,clip_sim
3081,foodstagram_0093.png,2,4,1,clip_sim
3082,foodstagram_0093.png,4,4,1,clip_sim
3083,foodstagram_0093.png,3,4,1,clip_sim
3084,foodstagram_0093.png,3,3,1,clip_sim
3085,foodstagram_0093.png,3,4,1,clip_sim
3086,foodstagram_0093.png,4,4,1,clip_sim
3087,foodstagram_0093.png,2,2,1,clip_sim
3088,foodstagram_0093.png,0,3,1,clip_sim
3089,foodstagram_0093.png,0,2,1,clip_sim
3090,foodstagram_0095.png,4,4,1,clip_sim
3091,foodstagram_0095.png,4,4,1,clip_sim
3092,foodstagram_0095.png,3,4,1,clip_sim
3093,foodstagram_0095.png,4,4,1,clip_sim
3094,foodstagram_0095.png,2,4,1,clip_sim
3095,foodstagram_0095.png,3,4,1,clip_sim
3096,foodstagram_0095.png,3,4,1,clip_sim
3097,foodstagram_0095.png,3,4,1,clip_sim
3098,foodstagram_0095.png,3,4,1,clip_sim
3099,foodstagram_0095.png,4,4,1,clip_sim
3100,foodstagram_0095.png,3,4,1,clip_sim
3101,foodstagram_0095.png,2,4,1,clip_sim
3102,foodstagram_0096.png,4,3,1,clip_sim
3103,foodstagram_0096.png,0,2,1,clip_sim
3104,foodstagram_0096.png,4,4,1,clip_sim
3105,foodstagram_0096.png,3,3,1,clip_sim
3106,foodstagram_0096.png,1,4,1,clip_sim
3107,meokstagram_0003.png,4,2,1,clip_sim
3108,meokstagram_0003.png,3,3,1,clip_sim
3109,meokstagram_0003.png,3,4,1,clip_sim
3110,meokstagram_0003.png,1,3,1,clip_sim
3111,meokstagram_0003.png,3,4,1,clip_sim
3112,meokstagram_0003.png,3,4,1,clip_sim
3113,meokstagram_0003.png,4,2,1,clip_sim
3114,meokstagram_0003.png,3,2,1,clip_sim
3115,meokstagram_0003.png,1,2,1,clip_sim
3135,meokstagram_0008.png,3,4,1,clip_sim
3136,meokstagram_0008.png,3,4,1,clip_sim
3137,meokstagram_0008.png,4,4,1,clip_sim
3138,meokstagram_0008.png,4,4,1,clip_sim
3139,meokstagram_0008.png,4,4,1,clip_sim
3236,meokstagram_0022.png,4,2,1,clip_sim
3237,meokstagram_0022.png,4,2,1,clip_sim
3238,meokstagram_0022.png,4,2,1,clip_sim
3239,meokstagram_0022.png,3,2,1,clip_sim
3240,meokstagram_0022.png,2,2,1,clip_sim
3241,meokstagram_0022.png,2,2,1,clip_sim
3256,meokstagram_0031.png,1,3,1,clip_sim
3257,meokstagram_0031.png,4,4,1,clip_sim
3258,meokstagram_0031.png,3,3,1,clip_sim
3259,meokstagram_0031.png,0,3,1,clip_sim
3260,meokstagram_0031.png,2,3,1,clip_sim
3394,meokstagram_0054.png,1,4,1,clip_sim
3395,meokstagram_0054.png,0,4,1,clip_sim
3396,meokstagram_0054.png,0,3,1,clip_sim
3397,meokstagram_0054.png,1,4,1,clip_sim
3398,meokstagram_0054.png,1,4,1,clip_sim
3399,meokstagram_0055.png,2,4,1,clip_sim
3400,meokstagram_0055.png,3,4,1,clip_sim
3401,meokstagram_0055.png,3,4,1,clip_sim
3402,meokstagram_0055.png,0,4,1,clip_sim
3403,meokstagram_0055.png,0,4,1,clip_sim
3404,meokstagram_0055.png,0,4,1,clip_sim
3405,meokstagram_0055.png,0,4,1,clip_sim
3406,meokstagram_0055.png,0,4,1,clip_sim
3407,meokstagram_0055.png,0,4,1,clip_sim
3408,meokstagram_0055.png,0,4,1,clip_sim
3409,meokstagram_0055.png,0,4,1,clip_sim
3410,meokstagram_0055.png,4,4,1,clip_sim
3411,meokstagram_0055.png,3,4,1,clip_sim
3412,meokstagram_0055.png,3,4,1,clip_sim
3413,meokstagram_0055.png,1,4,1,clip_sim
3414,meokstagram_0055.png,3,4,1,clip_sim
3415,meokstagram_0055.png,3,4,1,clip_sim
3416,meokstagram_0055.png,3,4,1,clip_sim
3417,meokstagram_0055.png,2,4,1,clip_sim
3418,meokstagram_0055.png,3,4,1,clip_sim
3419,meokstagram_0055.png,3,4,1,clip_sim
3420,meokstagram_0055.png,3,4,1,clip_sim
3448,meokstagram_0060.png,3,2,1,clip_sim
3449,meokstagram_0060.png,1,3,1,clip_sim
3450,meokstagram_0060.png,3,3,1,clip_sim
3451,meokstagram_0060.png,1,4,1,clip_sim
3486,meokstagram_0070.png,4,2,1,clip_sim
3487,meokstagram_0070.png,4,4,1,clip_sim
3488,meokstagram_0070.png,4,4,1,clip_sim
3489,meokstagram_0070.png,4,4,1,clip_sim
3490,meokstagram_0070.png,3,4,1,clip_sim
3491,meokstagram_0070.png,1,2,1,clip_sim
3492,meokstagram_0070.png,1,4,1,clip_sim
3553,meokstagram_0075.png,4,2,1,clip_sim
3582,meokstagram_0089.png,1,4,1,clip_sim
3583,meokstagram_0089.png,4,4,1,clip_sim
3584,meokstagram_0089.png,3,4,1,clip_sim
3597,meokstagram_0093.png,2,4,1,clip_sim
3598,meokstagram_0093.png,1,3,1,clip_sim
3599,meokstagram_0093.png,1,4,1,clip_sim
3600,meokstagram_0093.png,1,4,1,clip_sim
3601,meokstagram_0093.png,3,4,1,clip_sim
3618,meokstagram_0098.png,0,4,1,clip_sim
3619,meokstagram_0098.png,3,4,1,clip_sim
3620,meokstagram_0098.png,3,3,1,clip_sim
3621,meokstagram_0098.png,2,3,1,clip_sim
3622,meokstagram_0098.png,4,4,1,clip_sim
3699,jmt_0024.png,3,3,1,clip_sim
3700,jmt_0024.png,4,3,1,clip_sim
3701,jmt_0025.png,3,2,1,clip_sim
3702,jmt_0025.png,4,3,1,clip_sim
3708,jmt_0028.png,2,4,1,clip_sim
3709,jmt_0028.png,4,4,1,clip_sim
3710,jmt_0028.png,4,4,1,clip_sim
3711,jmt_0028.png,0,4,1,clip_sim
3712,jmt_0028.png,1,4,1,clip_sim
3718,jmt_0032.png,4,4,1,clip_sim
3719,jmt_0032.png,1,4,1,clip_sim
3720,jmt_0032.png,2,4,1,clip_sim
3721,jmt_0032.png,2,2,1,clip_sim
3722,jmt_0033.png,4,4,1,clip_sim
3723,jmt_0033.png,3,4,1,clip_sim
3724,jmt_0033.png,2,4,1,clip_sim
3725,jmt_0033.png,2,4,1,clip_sim
3726,jmt_0033.png,3,4,1,clip_sim
3746,jmt_0040.png,3,3,1,clip_sim
3747,jmt_0040.png,3,4,1,clip_sim
3748,jmt_0040.png,3,4,1,clip_sim
3749,jmt_0040.png,1,4,1,clip_sim
3750,jmt_0040.png,1,3,1,clip_sim
3756,jmt_0042.png,4,2,1,clip_sim
3757,jmt_0042.png,2,2,1,clip_sim
3758,jmt_0042.png,1,2,1,clip_sim
3759,jmt_0042.png,2,2,1,clip_sim
3760,jmt_0042.png,4,2,1,clip_sim
3766,jmt_0044.png,1,4,1,clip_sim
3767,jmt_0044.png,4,4,1,clip_sim
3768,jmt_0044.png,4,4,1,clip_sim
3769,jmt_0044.png,4,4,1,clip_sim
3770,jmt_0044.png,3,4,1,clip_sim
3798,jmt_0059.png,4,4,1,clip_sim
3809,jmt_0062.png,4,3,1,clip_sim
3810,jmt_0062.png,4,3,1,clip_sim
3811,jmt_0062.png,1,3,1,clip_sim
3812,jmt_0062.png,0,4,1,clip_sim
3813,jmt_0062.png,1,2,1,clip_sim
3891,jmt_0083.png,4,2,1,clip_sim
3892,jmt_0083.png,4,3,1,clip_sim
3893,jmt_0083.png,4,4,1,clip_sim
3894,jmt_0083.png,1,3,1,clip_sim
3895,jmt_0083.png,0,3,1,clip_sim
3920,jmt_0091.png,1,4,1,clip_sim
3921,jmt_0091.png,4,4,1,clip_sim
3922,jmt_0091.png,4,4,1,clip_sim
3923,jmt_0091.png,3,4,1,clip_sim
3924,jmt_0091.png,1,4,1,clip_sim
3925,jmt_0092.png,0,3,1,clip_sim
3926,jmt_0092.png,3,2,1,clip_sim
3927,jmt_0092.png,1,3,1,clip_sim
3928,jmt_0092.png,2,4,1,clip_sim
3929,jmt_0092.png,3,3,1,clip_sim
3941,jmt_0097.png,3,4,1,clip_sim
3942,jmt_0097.png,3,4,1,clip_sim
3943,jmt_0097.png,4,3,1,clip_sim
3944,jmt_0097.png,3,2,1,clip_sim
3945,jmt_0097.png,4,2,1,clip_sim
4005,makeup_0020.png,2,4,1,clip_sim
4006,makeup_0020.png,4,4,1,clip_sim
4007,makeup_0023.png,1,2,1,clip_sim
4008,makeup_0023.png,4,3,1,clip_sim
4009,makeup_0023.png,4,3,1,clip_sim
4010,makeup_0023.png,1,3,1,clip_sim
4119,makeup_0040.png,1,2,1,clip_sim
4120,makeup_0040.png,1,4,1,clip_sim
4121,makeup_0040.png,4,4,1,clip_sim
4122,makeup_0040.png,3,3,1,clip_sim
4123,makeup_0040.png,4,4,1,clip_sim
4124,makeup_0040.png,3,4,1,clip_sim
4125,makeup_0040.png,3,4,1,clip_sim
4126,makeup_0040.png,2,4,1,clip_sim
4127,makeup_0040.png,2,4,1,clip_sim
4158,makeup_0051.png,1,4,1,clip_sim
4159,makeup_0051.png,4,4,1,clip_sim
4160,makeup_0051.png,4,4,1,clip_sim
4161,makeup_0051.png,4,4,1,clip_sim
4162,makeup_0051.png,2,4,1,clip_sim
4167,makeup_0054.png,4,4,1,clip_sim
4168,makeup_0054.png,4,4,1,clip_sim
4169,makeup_0054.png,4,4,1,clip_sim
4170,makeup_0054.png,2,4,1,clip_sim
4181,makeup_0058.png,4,4,1,clip_sim
4182,makeup_0058.png,3,4,1,clip_sim
4183,makeup_0058.png,3,4,1,clip_sim
4184,makeup_0058.png,2,4,1,clip_sim
4190,makeup_0061.png,3,4,1,clip_sim
4191,makeup_0061.png,4,4,1,clip_sim
4192,makeup_0061.png,4,4,1,clip_sim
4193,makeup_0061.png,4,4,1,clip_sim
4194,makeup_0061.png,1,4,1,clip_sim
4210,makeup_0066.png,4,4,1,clip_sim
4211,makeup_0066.png,2,4,1,clip_sim
4212,makeup_0066.png,2,4,1,clip_sim
4213,makeup_0066.png,3,4,1,clip_sim
4214,makeup_0066.png,1,4,1,clip_sim
4215,makeup_0067.png,4,4,1,clip_sim
4216,makeup_0067.png,3,4,1,clip_sim
4217,makeup_0067.png,4,4,1,clip_sim
4218,makeup_0067.png,2,4,1,clip_sim
4219,makeup_0067.png,3,4,1,clip_sim
4260,makeup_0079.png,2,4,1,clip_sim
4261,makeup_0079.png,3,4,1,clip_sim
4262,makeup_0079.png,4,4,1,clip_sim
4263,makeup_0079.png,4,4,1,clip_sim
4264,makeup_0079.png,3,4,1,clip_sim
4278,makeup_0082.png,4,4,1,clip_sim
4279,makeup_0082.png,1,4,1,clip_sim
4280,makeup_0082.png,4,4,1,clip_sim
4281,makeup_0082.png,1,4,1,clip_sim
4302,makeup_0085.png,0,4,1,clip_sim
4303,makeup_0085.png,0,4,1,clip_sim
4304,makeup_0085.png,0,4,1,clip_sim
4305,makeup_0085.png,0,4,1,clip_sim
4306,makeup_0085.png,4,4,1,clip_sim
4307,makeup_0085.png,4,4,1,clip_sim
4308,makeup_0085.png,3,3,1,clip_sim
4309,makeup_0085.png,3,4,1,clip_sim
4310,makeup_0085.png,4,3,1,clip_sim
4353,dailymakeup_0005.png,3,3,1,clip_sim
4354,dailymakeup_0005.png,3,4,1,clip_sim
4355,dailymakeup_0005.png,3,4,1,clip_sim
4422,dailymakeup_0021.png,3,4,1,clip_sim
4423,dailymakeup_0021.png,3,4,1,clip_sim
4424,dailymakeup_0021.png,3,4,1,clip_sim
4425,dailymakeup_0021.png,1,4,1,clip_sim
4426,dailymakeup_0021.png,0,4,1,clip_sim
4434,dailymakeup_0024.png,2,4,1,clip_sim
4435,dailymakeup_0024.png,4,4,1,clip_sim
4436,dailymakeup_0024.png,3,3,1,clip_sim
4437,dailymakeup_0024.png,2,4,1,clip_sim
4438,dailymakeup_0024.png,3,4,1,clip_sim
4444,dailymakeup_0026.png,2,4,1,clip_sim
4445,dailymakeup_0026.png,3,4,1,clip_sim
4446,dailymakeup_0026.png,4,4,1,clip_sim
4447,dailymakeup_0026.png,3,4,1,clip_sim
4448,dailymakeup_0026.png,1,4,1,clip_sim
4449,dailymakeup_0026.png,2,4,1,clip_sim
4450,dailymakeup_0026.png,2,4,1,clip_sim
4451,dailymakeup_0026.png,2,4,1,clip_sim
4475,dailymakeup_0029.png,4,4,1,clip_sim
4515,dailymakeup_0035.png,4,4,1,clip_sim
4516,dailymakeup_0035.png,3,4,1,clip_sim
4517,dailymakeup_0035.png,3,4,1,clip_sim
4518,dailymakeup_0035.png,3,3,1,clip_sim
4519,dailymakeup_0035.png,4,4,1,clip_sim
4520,dailymakeup_0036.png,4,4,1,clip_sim
4637,dailymakeup_0055.png,4,4,1,clip_sim
4638,dailymakeup_0055.png,3,3,1,clip_sim
4639,dailymakeup_0055.png,1,4,1,clip_sim
4640,dailymakeup_0055.png,1,4,1,clip_sim
4670,dailymakeup_0064.png,1,4,1,clip_sim
4671,dailymakeup_0065.png,3,4,1,clip_sim
4672,dailymakeup_0065.png,3,4,1,clip_sim
4673,dailymakeup_0065.png,3,4,1,clip_sim
4690,dailymakeup_0069.png,2,4,1,clip_sim
4691,dailymakeup_0069.png,1,4,1,clip_sim
4692,dailymakeup_0069.png,1,4,1,clip_sim
4693,dailymakeup_0069.png,1,4,1,clip_sim
4694,dailymakeup_0069.png,2,3,1,clip_sim
4695,dailymakeup_0069.png,1,4,1,clip_sim
4696,dailymakeup_0069.png,1,4,1,clip_sim
4697,dailymakeup_0069.png,2,4,1,clip_sim
4698,dailymakeup_0069.png,2,4,1,clip_sim
4699,dailymakeup_0069.png,1,4,1,clip_sim
4738,dailymakeup_0081.png,4,4,1,clip_sim
4739,dailymakeup_0081.png,3,4,1,clip_sim
4740,dailymakeup_0081.png,3,4,1,clip_sim
4741,dailymakeup_0081.png,3,4,1,clip_sim
4747,dailymakeup_0083.png,4,3,1,clip_sim
4765,dailymakeup_0089.png,1,4,1,clip_sim
4766,dailymakeup_0089.png,2,4,1,clip_sim
4767,dailymakeup_0089.png,4,4,1,clip_sim
4768,dailymakeup_0089.png,0,4,1,clip_sim
4769,dailymakeup_0089.png,3,4,1,clip_sim
4790,dailymakeup_0093.png,4,4,1,clip_sim
4791,dailymakeup_0094.png,2,3,1,clip_sim
4792,dailymakeup_0094.png,4,3,1,clip_sim
4798,dailymakeup_0097.png,1,4,1,clip_sim
4799,dailymakeup_0097.png,1,4,1,clip_sim
4800,dailymakeup_0097.png,1,4,1,clip_sim
4801,dailymakeup_0097.png,2,4,1,clip_sim
4802,dailymakeup_0097.png,1,4,1,clip_sim
4844,kkuankku_0005.png,3,4,1,clip_sim
4845,kkuankku_0005.png,4,4,1,clip_sim
4846,kkuankku_0005.png,4,4,1,clip_sim
4900,kkuankku_0018.png,4,4,1,clip_sim
4901,kkuankku_0018.png,4,4,1,clip_sim
4902,kkuankku_0018.png,3,4,1,clip_sim
4903,kkuankku_0018.png,3,4,1,clip_sim
4904,kkuankku_0018.png,2,4,1,clip_sim
4905,kkuankku_0018.png,4,4,1,clip_sim
4980,kkuankku_0043.png,2,4,1,clip_sim
4981,kkuankku_0043.png,4,4,1,clip_sim
4982,kkuankku_0043.png,3,2,1,clip_sim
4983,kkuankku_0043.png,3,2,1,clip_sim
4984,kkuankku_0047.png,4,4,1,clip_sim
4985,kkuankku_0047.png,4,4,1,clip_sim
4986,kkuankku_0047.png,3,4,1,clip_sim
4987,kkuankku_0047.png,4,4,1,clip_sim
4996,kkuankku_0054.png,4,4,1,clip_sim
4997,kkuankku_0054.png,3,4,1,clip_sim
4998,kkuankku_0054.png,3,4,1,clip_sim
4999,kkuankku_0054.png,3,4,1,clip_sim
5000,kkuankku_0054.png,2,4,1,clip_sim
5046,kkuankku_0066.png,4,3,1,clip_sim
5047,kkuankku_0066.png,4,4,1,clip_sim
5048,kkuankku_0066.png,4,4,1,clip_sim
5049,kkuankku_0066.png,4,3,1,clip_sim
5050,kkuankku_0066.png,3,4,1,clip_sim
5051,kkuankku_0066.png,4,4,1,clip_sim
5052,kkuankku_0066.png,3,3,1,clip_sim
5053,kkuankku_0066.png,4,4,1,clip_sim
5054,kkuankku_0066.png,3,4,1,clip_sim
5055,kkuankku_0066.png,4,4,1,clip_sim
5056,kkuankku_0066.png,4,4,1,clip_sim
5057,kkuankku_0066.png,2,4,1,clip_sim
5058,kkuankku_0066.png,1,4,1,clip_sim
5059,kkuankku_0066.png,4,4,1,clip_sim
5060,kkuankku_0066.png,2,4,1,clip_sim
5061,kkuankku_0066.png,4,4,1,clip_sim
5062,kkuankku_0066.png,3,4,1,clip_sim
5063,kkuankku_0066.png,4,4,1,clip_sim
5064,kkuankku_0066.png,3,4,1,clip_sim
5080,kkuankku_0078.png,4,4,1,clip_sim
5081,kkuankku_0078.png,1,4,1,clip_sim
5082,kkuankku_0078.png,2,4,1,clip_sim
5095,kkuankku_0088.png,4,4,1,clip_sim
5096,kkuankku_0088.png,4,4,1,clip_sim
5097,kkuankku_0088.png,2,4,1,clip_sim
5098,kkuankku_0088.png,3,4,1,clip_sim
5099,kkuankku_0088.png,3,3,1,clip_sim
5100,kkuankku_0088.png,3,4,1,clip_sim
5101,kkuankku_0088.png,3,4,1,clip_sim
5102,kkuankku_0088.png,4,3,1,clip_sim
5103,kkuankku_0088.png,4,4,1,clip_sim
5104,kkuankku_0088.png,4,2,1,clip_sim
5136,kkuankku_0098.png,3,2,1,clip_sim
5137,kkuankku_0098.png,3,4,1,clip_sim
5138,kkuankku_0098.png,1,4,1,clip_sim
5139,kkuankku_0098.png,4,4,1,clip_sim
5140,kkuankku_0098.png,3,4,1,clip_sim
5141,kkuankku_0098.png,1,4,1,clip_sim
5142,kkuankku_0098.png,0,4,1,clip_sim
5143,kkuankku_0098.png,1,4,1,clip_sim
5144,kkuankku_0098.png,0,4,1,clip_sim
5145,kkuankku_0098.png,2,4,1,clip_sim
5146,kkuankku_0098.png,2,4,1,clip_sim
5147,kkuankku_0098.png,0,4,1,clip_sim
5148,kkuankku_0098.png,4,3,1,clip_sim
5149,kkuankku_0098.png,2,4,1,clip_sim
5150,kkuankku_0098.png,3,4,1,clip_sim
5151,kkuankku_0098.png,3,4,1,clip_sim
5204,dailylook_0004.png,4,4,1,clip_sim
5205,dailylook_0004.png,4,4,1,clip_sim
5206,dailylook_0004.png,3,4,1,clip_sim
5207,dailylook_0004.png,4,4,1,clip_sim
5226,dailylook_0009.png,3,4,1,clip_sim
5227,dailylook_0009.png,3,4,1,clip_sim
5228,dailylook_0009.png,4,4,1,clip_sim
5229,dailylook_0009.png,4,4,1,clip_sim
5230,dailylook_0009.png,3,4,1,clip_sim
5231,dailylook_0009.png,3,4,1,clip_sim
5232,dailylook_0009.png,3,4,1,clip_sim
5233,dailylook_0009.png,2,4,1,clip_sim
5234,dailylook_0009.png,3,4,1,clip_sim
5264,dailylook_0014.png,4,4,1,clip_sim
5265,dailylook_0014.png,1,4,1,clip_sim
5266,dailylook_0014.png,3,4,1,clip_sim
5267,dailylook_0014.png,3,4,1,clip_sim
5268,dailylook_0014.png,3,4,1,clip_sim
5269,dailylook_0015.png,3,4,1,clip_sim
5270,dailylook_0015.png,3,4,1,clip_sim
5271,dailylook_0015.png,3,4,1,clip_sim
5272,dailylook_0015.png,1,4,1,clip_sim
5273,dailylook_0015.png,3,3,1,clip_sim
5297,dailylook_0021.png,3,4,1,clip_sim
5298,dailylook_0021.png,3,4,1,clip_sim
5299,dailylook_0021.png,3,4,1,clip_sim
5300,dailylook_0021.png,2,4,1,clip_sim
5301,dailylook_0021.png,2,4,1,clip_sim
5334,dailylook_0041.png,1,4,1,clip_sim
5335,dailylook_0041.png,4,4,1,clip_sim
5336,dailylook_0041.png,4,4,1,clip_sim
5337,dailylook_0041.png,4,4,1,clip_sim
5338,dailylook_0041.png,3,4,1,clip_sim
5357,dailylook_0045.png,3,2,1,clip_sim
5358,dailylook_0045.png,3,2,1,clip_sim
5359,dailylook_0045.png,3,2,1,clip_sim
5360,dailylook_0045.png,3,4,1,clip_sim
5361,dailylook_0045.png,3,3,1,clip_sim
5395,dailylook_0050.png,4,4,1,clip_sim
5396,dailylook_0050.png,4,4,1,clip_sim
5397,dailylook_0050.png,3,4,1,clip_sim
5398,dailylook_0050.png,4,4,1,clip_sim
5399,dailylook_0050.png,4,4,1,clip_sim
5400,dailylook_0050.png,3,4,1,clip_sim
5418,dailylook_0057.png,4,4,1,clip_sim
5419,dailylook_0057.png,4,3,1,clip_sim
5420,dailylook_0057.png,4,3,1,clip_sim
5421,dailylook_0057.png,2,3,1,clip_sim
5422,dailylook_0057.png,2,2,1,clip_sim
5423,dailylook_0057.png,4,3,1,clip_sim
5424,dailylook_0057.png,4,3,1,clip_sim
5425,dailylook_0057.png,3,3,1,clip_sim
5489,dailylook_0081.png,4,4,1,clip_sim
5490,dailylook_0081.png,3,4,1,clip_sim
5491,dailylook_0081.png,3,4,1,clip_sim
5492,dailylook_0081.png,4,4,1,clip_sim
5493,dailylook_0081.png,3,4,1,clip_sim
5604,ootd_0007.png,4,3,1,clip_sim
5605,ootd_0007.png,2,3,1,clip_sim
5712,ootd_0043.png,0,3,1,clip_sim
5713,ootd_0043.png,3,3,1,clip_sim
5714,ootd_0043.png,3,4,1,clip_sim
5715,ootd_0043.png,2,4,1,clip_sim
5716,ootd_0043.png,4,4,1,clip_sim
5717,ootd_0043.png,3,4,1,clip_sim
5718,ootd_0043.png,2,4,1,clip_sim
5719,ootd_0043.png,2,4,1,clip_sim
5720,ootd_0043.png,1,4,1,clip_sim
5721,ootd_0043.png,1,4,1,clip_sim
5722,ootd_0043.png,3,4,1,clip_sim
5723,ootd_0043.png,4,4,1,clip_sim
5724,ootd_0043.png,3,4,1,clip_sim
5725,ootd_0043.png,0,4,1,clip_sim
5726,ootd_0043.png,4,4,1,clip_sim
5727,ootd_0043.png,1,4,1,clip_sim
5728,ootd_0043.png,4,4,1,clip_sim
5729,ootd_0043.png,0,4,1,clip_sim
5730,ootd_0043.png,0,4,1,clip_sim
5731,ootd_0043.png,3,4,1,clip_sim
5732,ootd_0043.png,3,4,1,clip_sim
5733,ootd_0043.png,4,3,1,clip_sim
5734,ootd_0043.png,0,4,1,clip_sim
5735,ootd_0043.png,0,2,1,clip_sim
5736,ootd_0043.png,4,3,1,clip_sim
5743,ootd_0046.png,0,4,1,clip_sim
5744,ootd_0046.png,1,3,1,clip_sim
5745,ootd_0046.png,2,4,1,clip_sim
5746,ootd_0046.png,2,4,1,clip_sim
5747,ootd_0046.png,3,4,1,clip_sim
5748,ootd_0046.png,2,4,1,clip_sim
5749,ootd_0046.png,3,4,1,clip_sim
5750,ootd_0046.png,1,4,1,clip_sim
5751,ootd_0046.png,3,4,1,clip_sim
5752,ootd_0046.png,3,4,1,clip_sim
5753,ootd_0046.png,3,4,1,clip_sim
5780,ootd_0053.png,3,4,1,clip_sim
5781,ootd_0053.png,3,4,1,clip_sim
5782,ootd_0053.png,4,4,1,clip_sim
5783,ootd_0053.png,3,4,1,clip_sim
5784,ootd_0055.png,1,2,1,clip_sim
5785,ootd_0055.png,3,3,1,clip_sim
5786,ootd_0055.png,2,2,1,clip_sim
5787,ootd_0055.png,3,3,1,clip_sim
5788,ootd_0055.png,2,3,1,clip_sim
5789,ootd_0055.png,3,3,1,clip_sim
5790,ootd_0055.png,3,4,1,clip_sim
5791,ootd_0055.png,1,3,1,clip_sim
5835,ootd_0081.png,0,2,1,clip_sim
5836,ootd_0081.png,3,4,1,clip_sim
5837,ootd_0081.png,3,3,1,clip_sim
5838,ootd_0081.png,3,4,1,clip_sim
5839,ootd_0081.png,2,4,1,clip_sim
5869,ootd_0087.png,3,4,1,clip_sim
5870,ootd_0087.png,0,4,1,clip_sim
5903,ootd_0096.png,4,4,1,clip_sim
5904,ootd_0096.png,4,2,1,clip_sim
5905,ootd_0096.png,4,2,1,clip_sim
5906,ootd_0096.png,1,4,1,clip_sim
5907,ootd_0096.png,1,4,1,clip_sim
5908,ootd_0096.png,1,3,1,clip_sim
5909,ootd_0096.png,2,4,1,clip_sim
5910,ootd_0096.png,3,4,1,clip_sim
5911,ootd_0096.png,3,4,1,clip_sim
5912,ootd_0096.png,3,4,1,clip_sim
5913,ootd_0096.png,3,4,1,clip_sim
5914,ootd_0096.png,2,4,1,clip_sim
5915,ootd_0096.png,3,4,1,clip_sim
5964,fashionista_0026.png,0,2,1,clip_sim
5965,fashionista_0026.png,0,3,1,clip_sim
5966,fashionista_0026.png,0,3,1,clip_sim
5967,fashionista_0026.png,0,3,1,clip_sim
5968,fashionista_0026.png,3,3,1,clip_sim
5983,fashionista_0029.png,4,4,1,clip_sim
6172,fashionista_0060.png,2,2,1,clip_sim
6173,fashionista_0060.png,2,3,1,clip_sim
6174,fashionista_0060.png,4,3,1,clip_sim
6175,fashionista_0060.png,4,4,1,clip_sim
6176,fashionista_0060.png,2,2,1,clip_sim
6177,fashionista_0060.png,4,4,1,clip_sim
6178,fashionista_0060.png,4,4,1,clip_sim
6179,fashionista_0060.png,2,4,1,clip_sim
6180,fashionista_0060.png,2,4,1,clip_sim
6181,fashionista_0060.png,0,3,1,clip_sim
6182,fashionista_0060.png,0,4,1,clip_sim
6183,fashionista_0060.png,1,4,1,clip_sim
6184,fashionista_0060.png,2,4,1,clip_sim
6185,fashionista_0060.png,0,4,1,clip_sim
6186,fashionista_0060.png,3,2,1,clip_sim
6187,fashionista_0060.png,0,4,1,clip_sim
6188,fashionista_0060.png,0,4,1,clip_sim
6189,fashionista_0060.png,0,4,1,clip_sim
6190,fashionista_0060.png,0,3,1,clip_sim
6191,fashionista_0060.png,0,4,1,clip_sim
6192,fashionista_0060.png,0,4,1,clip_sim
6193,fashionista_0060.png,0,4,1,clip_sim
6194,fashionista_0060.png,0,2,1,clip_sim
6195,fashionista_0060.png,0,4,1,clip_sim
6196,fashionista_0060.png,0,2,1,clip_sim
6197,fashionista_0060.png,0,4,1,clip_sim
6198,fashionista_0060.png,0,4,1,clip_sim
6199,fashionista_0060.png,0,4,1,clip_sim
6290,fashionista_0082.png,1,4,1,clip_sim
6291,fashionista_0082.png,0,3,1,clip_sim
6292,fashionista_0082.png,0,4,1,clip_sim
6293,fashionista_0082.png,0,4,1,clip_sim
6294,fashionista_0082.png,0,4,1,clip_sim
6295,fashionista_0082.png,0,4,1,clip_sim
6296,fashionista_0082.png,1,4,1,clip_sim
6297,fashionista_0082.png,0,4,1,clip_sim
6298,fashionista_0082.png,1,4,1,clip_sim
6299,fashionista_0082.png,0,4,1,clip_sim
6300,fashionista_0082.png,1,4,1,clip_sim
6301,fashionista_0082.png,2,4,1,clip_sim
6302,fashionista_0082.png,2,4,1,clip_sim
6303,fashionista_0082.png,3,4,1,clip_sim
6304,fashionista_0082.png,0,4,1,clip_sim
6305,fashionista_0082.png,2,4,1,clip_sim
6306,fashionista_0082.png,0,4,1,clip_sim
6307,fashionista_0082.png,4,4,1,clip_sim
6308,fashionista_0082.png,0,4,1,clip_sim
6309,fashionista_0082.png,0,4,1,clip_sim
6310,fashionista_0082.png,4,4,1,clip_sim
6311,fashionista_0082.png,0,4,1,clip_sim
6312,fashionista_0082.png,4,4,1,clip_sim
6438,fashionista_0100.png,0,4,1,clip_sim
6439,fashionista_0100.png,3,3,1,clip_sim
6440,fashionista_0100.png,0,3,1,clip_sim
6441,fashionista_0100.png,1,3,1,clip_sim
6442,fashionista_0100.png,2,2,1,clip_sim
6443,fashionista_0100.png,1,2,1,clip_sim
6444,fashionista_0100.png,1,2,1,clip_sim
6445,fashionista_0100.png,3,2,1,clip_sim
6446,fashionista_0100.png,3,4,1,clip_sim
6447,fashionista_0100.png,3,4,1,clip_sim
6448,fashionista_0100.png,0,4,1,clip_sim
6449,fashionista_0100.png,3,4,1,clip_sim
6450,fashionista_0100.png,1,3,1,clip_sim
6451,fashionista_0100.png,0,3,1,clip_sim
6452,fashionista_0100.png,3,2,1,clip_sim
6453,fashionista_0100.png,0,4,1,clip_sim
6454,fashionista_0100.png,0,3,1,clip_sim
6455,fashionista_0100.png,0,3,1,clip_sim
6456,fashionista_0100.png,0,3,1,clip_sim
6457,fashionista_0100.png,0,4,1,clip_sim
6458,fashionista_0100.png,0,3,1,clip_sim
6459,fashionista_0100.png,0,2,1,clip_sim
6460,fashionista_0100.png,0,4,1,clip_sim
6461,fashionista_0100.png,0,4,1,clip_sim
6462,fashionista_0100.png,0,4,1,clip_sim
6466,neungsohwa_0006.png,4,2,1,clip_sim
6467,neungsohwa_0006.png,4,3,1,clip_sim
6468,neungsohwa_0006.png,1,2,1,clip_sim
6469,neungsohwa_0006.png,1,3,1,clip_sim
6470,neungsohwa_0007.png,4,2,1,clip_sim
6471,neungsohwa_0007.png,1,2,1,clip_sim
6472,neungsohwa_0007.png,3,2,1,clip_sim
6473,neungsohwa_0007.png,4,2,1,clip_sim
6474,neungsohwa_0007.png,4,2,1,clip_sim
6475,neungsohwa_0007.png,3,2,1,clip_sim
6476,neungsohwa_0007.png,2,2,1,clip_sim
6477,neungsohwa_0007.png,4,2,1,clip_sim
6478,neungsohwa_0007.png,3,2,1,clip_sim
6479,neungsohwa_0007.png,0,2,1,clip_sim
6480,neungsohwa_0007.png,2,2,1,clip_sim
6481,neungsohwa_0007.png,3,2,1,clip_sim
6482,neungsohwa_0007.png,0,2,1,clip_sim
6483,neungsohwa_0007.png,1,2,1,clip_sim
6484,neungsohwa_0007.png,0,2,1,clip_sim
6485,neungsohwa_0007.png,0,2,1,clip_sim
6486,neungsohwa_0007.png,2,2,1,clip_sim
6487,neungsohwa_0007.png,0,2,1,clip_sim
6488,neungsohwa_0007.png,1,2,1,clip_sim
6489,neungsohwa_0007.png,2,3,1,clip_sim
6490,neungsohwa_0007.png,2,3,1,clip_sim
6491,neungsohwa_0007.png,3,2,1,clip_sim
6492,neungsohwa_0007.png,3,2,1,clip_sim
6493,neungsohwa_0008.png,3,3,1,clip_sim
6494,neungsohwa_0008.png,4,2,1,clip_sim
6495,neungsohwa_0008.png,3,2,1,clip_sim
6496,neungsohwa_0008.png,1,2,1,clip_sim
6497,neungsohwa_0008.png,1,2,1,clip_sim
6498,neungsohwa_0008.png,4,2,1,clip_sim
6499,neungsohwa_0008.png,2,2,1,clip_sim
6500,neungsohwa_0008.png,4,2,1,clip_sim
6501,neungsohwa_0008.png,3,2,1,clip_sim
6502,neungsohwa_0008.png,3,3,1,clip_sim
6503,neungsohwa_0008.png,3,2,1,clip_sim
6504,neungsohwa_0008.png,2,3,1,clip_sim
6505,neungsohwa_0008.png,4,3,1,clip_sim
6506,neungsohwa_0008.png,4,3,1,clip_sim
6510,neungsohwa_0011.png,4,2,1,clip_sim
6511,neungsohwa_0011.png,1,2,1,clip_sim
6520,neungsohwa_0015.png,1,2,1,clip_sim
6521,neungsohwa_0015.png,4,2,1,clip_sim
6597,neungsohwa_0035.png,3,3,1,clip_sim
6598,neungsohwa_0035.png,4,4,1,clip_sim
6628,neungsohwa_0047.png,0,2,1,clip_sim
6629,neungsohwa_0047.png,0,2,1,clip_sim
6707,neungsohwa_0068.png,1,2,1,clip_sim
6708,neungsohwa_0068.png,1,2,1,clip_sim
6709,neungsohwa_0068.png,1,2,1,clip_sim
6714,neungsohwa_0074.png,4,4,1,clip_sim
6715,neungsohwa_0074.png,4,4,1,clip_sim
6716,neungsohwa_0074.png,4,3,1,clip_sim
6717,neungsohwa_0074.png,0,2,1,clip_sim
6718,neungsohwa_0074.png,0,4,1,clip_sim
6731,neungsohwa_0079.png,0,4,1,clip_sim
6732,neungsohwa_0079.png,0,4,1,clip_sim
6733,neungsohwa_0079.png,1,4,1,clip_sim
6734,neungsohwa_0079.png,3,4,1,clip_sim
6735,neungsohwa_0079.png,0,4,1,clip_sim
6742,neungsohwa_0083.png,1,2,1,clip_sim
6743,neungsohwa_0083.png,4,2,1,clip_sim
6744,neungsohwa_0083.png,1,3,1,clip_sim
6745,neungsohwa_0083.png,1,2,1,clip_sim
6746,neungsohwa_0084.png,4,2,1,clip_sim
6747,neungsohwa_0084.png,4,2,1,clip_sim
6748,neungsohwa_0084.png,1,2,1,clip_sim
6754,neungsohwa_0086.png,4,4,1,clip_sim
6755,neungsohwa_0086.png,4,3,1,clip_sim
6756,neungsohwa_0086.png,4,2,1,clip_sim
6757,neungsohwa_0086.png,3,4,1,clip_sim
6758,neungsohwa_0086.png,2,4,1,clip_sim
6773,neungsohwa_0091.png,3,4,1,clip_sim
6774,neungsohwa_0091.png,1,4,1,clip_sim
6775,neungsohwa_0091.png,4,4,1,clip_sim
6776,neungsohwa_0091.png,2,4,1,clip_sim
6777,neungsohwa_0091.png,3,4,1,clip_sim
6783,neungsohwa_0095.png,3,3,1,clip_sim
6784,neungsohwa_0095.png,4,4,1,clip_sim
6785,neungsohwa_0095.png,0,4,1,clip_sim
6786,neungsohwa_0095.png,0,4,1,clip_sim
6787,neungsohwa_0095.png,0,4,1,clip_sim
6788,neungsohwa_0095.png,0,4,1,clip_sim
6789,neungsohwa_0095.png,0,2,1,clip_sim
6790,neungsohwa_0095.png,0,3,1,clip_sim
6791,neungsohwa_0096.png,0,4,1,clip_sim
6792,neungsohwa_0096.png,1,3,1,clip_sim
6793,neungsohwa_0096.png,3,4,1,clip_sim
6798,neungsohwa_0099.png,1,4,1,clip_sim
6799,neungsohwa_0099.png,3,3,1,clip_sim
6800,neungsohwa_0099.png,4,3,1,clip_sim
6801,neungsohwa_0099.png,2,3,1,clip_sim
6855,danpung_0010.png,3,4,1,clip_sim
6856,danpung_0010.png,4,4,1,clip_sim
6857,danpung_0010.png,4,4,1,clip_sim
6858,danpung_0010.png,3,4,1,clip_sim
6859,danpung_0010.png,3,4,1,clip_sim
6860,danpung_0011.png,4,4,1,clip_sim
6861,danpung_0011.png,3,4,1,clip_sim
6862,danpung_0011.png,3,4,1,clip_sim
6916,danpung_0022.png,3,2,1,clip_sim
6917,danpung_0022.png,0,2,1,clip_sim
6918,danpung_0022.png,4,2,1,clip_sim
6919,danpung_0023.png,4,4,1,clip_sim
6920,danpung_0023.png,3,3,1,clip_sim
6921,danpung_0023.png,4,4,1,clip_sim
6922,danpung_0023.png,3,4,1,clip_sim
6923,danpung_0023.png,4,4,1,clip_sim
6924,danpung_0023.png,2,3,1,clip_sim
6925,danpung_0023.png,4,4,1,clip_sim
6926,danpung_0023.png,3,4,1,clip_sim
6927,danpung_0023.png,4,4,1,clip_sim
6928,danpung_0023.png,3,4,1,clip_sim
6929,danpung_0023.png,2,4,1,clip_sim
6930,danpung_0023.png,4,4,1,clip_sim
6931,danpung_0023.png,1,4,1,clip_sim
6932,danpung_0023.png,1,4,1,clip_sim
6933,danpung_0023.png,2,3,1,clip_sim
6934,danpung_0023.png,3,3,1,clip_sim
6935,danpung_0023.png,2,4,1,clip_sim
6936,danpung_0023.png,2,4,1,clip_sim
6937,danpung_0024.png,4,4,1,clip_sim
6938,danpung_0024.png,0,4,1,clip_sim
6939,danpung_0024.png,3,4,1,clip_sim
6940,danpung_0024.png,3,4,1,clip_sim
6941,danpung_0024.png,3,2,1,clip_sim
6942,danpung_0024.png,4,4,1,clip_sim
6943,danpung_0024.png,4,3,1,clip_sim
6944,danpung_0024.png,1,4,1,clip_sim
6945,danpung_0024.png,4,4,1,clip_sim
6981,danpung_0035.png,3,3,1,clip_sim
6982,danpung_0035.png,4,3,1,clip_sim
6983,danpung_0035.png,3,3,1,clip_sim
6984,danpung_0035.png,2,3,1,clip_sim
6985,danpung_0035.png,2,3,1,clip_sim
6986,danpung_0035.png,3,3,1,clip_sim
6987,danpung_0035.png,2,2,1,clip_sim
7054,danpung_0046.png,4,4,1,clip_sim
7055,danpung_0046.png,4,4,1,clip_sim
7056,danpung_0046.png,4,4,1,clip_sim
7057,danpung_0046.png,3,4,1,clip_sim
7058,danpung_0046.png,1,3,1,clip_sim
7059,danpung_0046.png,1,4,1,clip_sim
7060,danpung_0046.png,1,4,1,clip_sim
7074,danpung_0053.png,2,4,1,clip_sim
7196,danpung_0073.png,4,3,1,clip_sim
7197,danpung_0073.png,4,4,1,clip_sim
7215,danpung_0079.png,4,4,1,clip_sim
7216,danpung_0079.png,3,4,1,clip_sim
7217,danpung_0079.png,3,4,1,clip_sim
7218,danpung_0079.png,3,4,1,clip_sim
7219,danpung_0079.png,3,4,1,clip_sim
7220,danpung_0079.png,3,4,1,clip_sim
7221,danpung_0079.png,4,4,1,clip_sim
7222,danpung_0079.png,3,4,1,clip_sim
7223,danpung_0079.png,3,4,1,clip_sim
7224,danpung_0079.png,3,4,1,clip_sim
7232,danpung_0083.png,4,4,1,clip_sim
7233,danpung_0083.png,4,4,1,clip_sim
7234,danpung_0083.png,4,4,1,clip_sim
7235,danpung_0083.png,2,4,1,clip_sim
7236,danpung_0083.png,3,4,1,clip_sim
7237,danpung_0083.png,3,4,1,clip_sim
7238,danpung_0083.png,4,4,1,clip_sim
7253,danpung_0087.png,4,4,1,clip_sim
7254,danpung_0087.png,4,4,1,clip_sim
7255,danpung_0087.png,2,4,1,clip_sim
7256,danpung_0087.png,3,3,1,clip_sim
7257,danpung_0087.png,2,4,1,clip_sim
7258,danpung_0087.png,0,3,1,clip_sim
7272,danpung_0095.png,4,4,1,clip_sim
7273,danpung_0095.png,0,4,1,clip_sim
7274,danpung_0095.png,0,4,1,clip_sim
7294,cherryblossom_0002.png,3,4,1,clip_sim
7295,cherryblossom_0002.png,4,4,1,clip_sim
7303,cherryblossom_0011.png,4,3,1,clip_sim
7304,cherryblossom_0011.png,4,4,1,clip_sim
7305,cherryblossom_0011.png,4,3,1,clip_sim
7323,cherryblossom_0022.png,1,3,1,clip_sim
7324,cherryblossom_0022.png,4,2,1,clip_sim
7325,cherryblossom_0022.png,4,4,1,clip_sim
7394,cherryblossom_0034.png,4,4,1,clip_sim
7395,cherryblossom_0034.png,3,4,1,clip_sim
7396,cherryblossom_0034.png,4,4,1,clip_sim
7397,cherryblossom_0035.png,4,3,1,clip_sim
7398,cherryblossom_0035.png,3,3,1,clip_sim
7399,cherryblossom_0035.png,1,2,1,clip_sim
7400,cherryblossom_0036.png,2,3,1,clip_sim
7401,cherryblossom_0036.png,4,4,1,clip_sim
7402,cherryblossom_0036.png,3,4,1,clip_sim
7403,cherryblossom_0036.png,4,3,1,clip_sim
7404,cherryblossom_0036.png,2,3,1,clip_sim
7405,cherryblossom_0036.png,1,3,1,clip_sim
7456,cherryblossom_0051.png,0,4,1,clip_sim
7457,cherryblossom_0051.png,0,4,1,clip_sim
7458,cherryblossom_0051.png,0,3,1,clip_sim
7459,cherryblossom_0051.png,0,3,1,clip_sim
7460,cherryblossom_0051.png,0,4,1,clip_sim
7492,cherryblossom_0057.png,4,4,1,clip_sim
7496,cherryblossom_0059.png,4,4,1,clip_sim
7497,cherryblossom_0059.png,4,4,1,clip_sim
7498,cherryblossom_0059.png,2,4,1,clip_sim
7509,cherryblossom_0065.png,1,2,1,clip_sim
7510,cherryblossom_0065.png,4,4,1,clip_sim
7511,cherryblossom_0065.png,4,3,1,clip_sim
7512,cherryblossom_0066.png,4,4,1,clip_sim
7513,cherryblossom_0066.png,3,3,1,clip_sim
7520,cherryblossom_0070.png,4,4,1,clip_sim
7521,cherryblossom_0076.png,4,4,1,clip_sim
7522,cherryblossom_0076.png,1,4,1,clip_sim
7523,cherryblossom_0076.png,1,4,1,clip_sim
7524,cherryblossom_0076.png,0,3,1,clip_sim
7528,cherryblossom_0078.png,3,2,1,clip_sim
7529,cherryblossom_0078.png,4,2,1,clip_sim
7530,cherryblossom_0078.png,2,2,1,clip_sim
7531,cherryblossom_0078.png,1,3,1,clip_sim
7582,cherryblossom_0092.png,4,4,1,clip_sim
7583,cherryblossom_0092.png,2,3,1,clip_sim
7584,cherryblossom_0093.png,4,4,1,clip_sim
7585,cherryblossom_0093.png,4,3,1,clip_sim
7586,cherryblossom_0093.png,3,4,1,clip_sim
7587,cherryblossom_0093.png,4,3,1,clip_sim
7588,cherryblossom_0093.png,2,3,1,clip_sim
7589,cherryblossom_0094.png,4,3,1,clip_sim
7590,cherryblossom_0094.png,4,4,1,clip_sim
7605,cherryblossom_0098.png,4,4,1,clip_sim
7606,cherryblossom_0098.png,3,4,1,clip_sim
7639,kpop_0003.png,4,4,1,clip_sim
7640,kpop_0003.png,4,4,1,clip_sim
7641,kpop_0003.png,3,4,1,clip_sim
7642,kpop_0003.png,3,3,1,clip_sim
7643,kpop_0003.png,4,4,1,clip_sim
7644,kpop_0004.png,0,3,1,clip_sim
7645,kpop_0004.png,0,4,1,clip_sim
7646,kpop_0004.png,1,3,1,clip_sim
7647,kpop_0004.png,3,4,1,clip_sim
7652,kpop_0006.png,0,2,1,clip_sim
7653,kpop_0006.png,0,3,1,clip_sim
7654,kpop_0006.png,1,4,1,clip_sim
7655,kpop_0006.png,4,4,1,clip_sim
7656,kpop_0006.png,4,4,1,clip_sim
7657,kpop_0007.png,4,3,1,clip_sim
7658,kpop_0007.png,4,4,1,clip_sim
7659,kpop_0007.png,4,3,1,clip_sim
7660,kpop_0007.png,3,4,1,clip_sim
7661,kpop_0007.png,2,3,1,clip_sim
7662,kpop_0007.png,3,4,1,clip_sim
7663,kpop_0007.png,4,3,1,clip_sim
7664,kpop_0007.png,1,2,1,clip_sim
7665,kpop_0007.png,2,2,1,clip_sim
7666,kpop_0007.png,1,2,1,clip_sim
7667,kpop_0007.png,1,3,1,clip_sim
7668,kpop_0007.png,1,4,1,clip_sim
7669,kpop_0007.png,1,2,1,clip_sim
7735,kpop_0016.png,4,4,1,clip_sim
7736,kpop_0016.png,3,4,1,clip_sim
7737,kpop_0016.png,3,4,1,clip_sim
7738,kpop_0016.png,2,4,1,clip_sim
7739,kpop_0016.png,4,4,1,clip_sim
7740,kpop_0017.png,4,2,1,clip_sim
7741,kpop_0017.png,4,2,1,clip_sim
7742,kpop_0017.png,2,2,1,clip_sim
7743,kpop_0017.png,3,3,1,clip_sim
7817,kpop_0030.png,4,4,1,clip_sim
7818,kpop_0030.png,4,4,1,clip_sim
7819,kpop_0030.png,4,3,1,clip_sim
7820,kpop_0030.png,4,4,1,clip_sim
7821,kpop_0030.png,3,4,1,clip_sim
7822,kpop_0030.png,3,4,1,clip_sim
7823,kpop_0030.png,3,4,1,clip_sim
7824,kpop_0030.png,2,4,1,clip_sim
7825,kpop_0030.png,0,4,1,clip_sim
7826,kpop_0030.png,1,4,1,clip_sim
7827,kpop_0030.png,2,2,1,clip_sim
7828,kpop_0030.png,1,4,1,clip_sim
7870,kpop_0036.png,4,3,1,clip_sim
7871,kpop_0036.png,4,4,1,clip_sim
7872,kpop_0036.png,3,2,1,clip_sim
7873,kpop_0036.png,3,3,1,clip_sim
7874,kpop_0036.png,3,4,1,clip_sim
7966,kpop_0046.png,4,4,1,clip_sim
7967,kpop_0046.png,4,4,1,clip_sim
7968,kpop_0046.png,4,4,1,clip_sim
7969,kpop_0046.png,4,4,1,clip_sim
7970,kpop_0046.png,4,4,1,clip_sim
7971,kpop_0046.png,3,4,1,clip_sim
7972,kpop_0046.png,2,2,1,clip_sim
7973,kpop_0046.png,3,3,1,clip_sim
7974,kpop_0046.png,2,3,1,clip_sim
7975,kpop_0046.png,2,4,1,clip_sim
7976,kpop_0046.png,3,4,1,clip_sim
8015,kpop_0051.png,4,4,1,clip_sim
8016,kpop_0051.png,4,4,1,clip_sim
8017,kpop_0051.png,4,4,1,clip_sim
8018,kpop_0051.png,3,4,1,clip_sim
8019,kpop_0051.png,0,4,1,clip_sim
8020,kpop_0051.png,1,4,1,clip_sim
8031,kpop_0055.png,4,4,1,clip_sim
8032,kpop_0055.png,4,3,1,clip_sim
8033,kpop_0055.png,4,4,1,clip_sim
8034,kpop_0055.png,4,4,1,clip_sim
8035,kpop_0055.png,3,4,1,clip_sim
8036,kpop_0055.png,3,2,1,clip_sim
8037,kpop_0055.png,2,2,1,clip_sim
8038,kpop_0055.png,4,4,1,clip_sim
8039,kpop_0055.png,3,4,1,clip_sim
8040,kpop_0055.png,0,4,1,clip_sim
8041,kpop_0055.png,1,4,1,clip_sim
8042,kpop_0055.png,2,4,1,clip_sim
8043,kpop_0055.png,1,4,1,clip_sim
8044,kpop_0055.png,1,4,1,clip_sim
8045,kpop_0055.png,1,4,1,clip_sim
8046,kpop_0055.png,4,4,1,clip_sim
8047,kpop_0055.png,4,4,1,clip_sim
8070,kpop_0058.png,1,2,1,clip_sim
8071,kpop_0058.png,1,4,1,clip_sim
8072,kpop_0058.png,1,3,1,clip_sim
8073,kpop_0058.png,1,3,1,clip_sim
8112,kpop_0066.png,3,3,1,clip_sim
8113,kpop_0066.png,2,2,1,clip_sim
8114,kpop_0066.png,4,4,1,clip_sim
8115,kpop_0066.png,4,4,1,clip_sim
8116,kpop_0066.png,4,4,1,clip_sim
8117,kpop_0066.png,4,3,1,clip_sim
8118,kpop_0066.png,4,4,1,clip_sim
8119,kpop_0066.png,4,4,1,clip_sim
8120,kpop_0066.png,3,4,1,clip_sim
8121,kpop_0066.png,3,4,1,clip_sim
8122,kpop_0066.png,2,4,1,clip_sim
8123,kpop_0066.png,3,4,1,clip_sim
8124,kpop_0066.png,4,4,1,clip_sim
8125,kpop_0066.png,2,2,1,clip_sim
8126,kpop_0066.png,3,2,1,clip_sim
8127,kpop_0066.png,3,3,1,clip_sim
8128,kpop_0066.png,1,4,1,clip_sim
8129,kpop_0066.png,1,4,1,clip_sim
8130,kpop_0066.png,1,4,1,clip_sim
8135,kpop_0068.png,0,4,1,clip_sim
8136,kpop_0068.png,0,3,1,clip_sim
8137,kpop_0068.png,0,4,1,clip_sim
8138,kpop_0068.png,0,4,1,clip_sim
8139,kpop_0068.png,1,4,1,clip_sim
8179,kpop_0073.png,4,3,1,clip_sim
8180,kpop_0073.png,1,3,1,clip_sim
8181,kpop_0073.png,4,4,1,clip_sim
8182,kpop_0073.png,3,4,1,clip_sim
8183,kpop_0073.png,3,3,1,clip_sim
8189,kpop_0075.png,4,4,1,clip_sim
8190,kpop_0075.png,3,4,1,clip_sim
8191,kpop_0075.png,2,2,1,clip_sim
8192,kpop_0075.png,3,4,1,clip_sim
8193,kpop_0075.png,1,3,1,clip_sim
8276,kpop_0089.png,4,4,1,clip_sim
8277,kpop_0089.png,4,2,1,clip_sim
8278,kpop_0089.png,4,3,1,clip_sim
8279,kpop_0089.png,2,4,1,clip_sim
8280,kpop_0089.png,2,2,1,clip_sim
8281,kpop_0089.png,3,2,1,clip_sim
8282,kpop_0089.png,1,4,1,clip_sim
8283,kpop_0090.png,4,3,1,clip_sim
8284,kpop_0090.png,4,4,1,clip_sim
8285,kpop_0090.png,3,4,1,clip_sim
8286,kpop_0090.png,2,4,1,clip_sim
8287,kpop_0090.png,4,4,1,clip_sim
8288,kpop_0091.png,3,4,1,clip_sim
8289,kpop_0091.png,2,2,1,clip_sim
8290,kpop_0091.png,1,4,1,clip_sim
8291,kpop_0091.png,4,4,1,clip_sim
8292,kpop_0091.png,2,2,1,clip_sim
8323,kpop_0097.png,4,4,1,clip_sim
8324,kpop_0097.png,3,4,1,clip_sim
8325,kpop_0097.png,4,4,1,clip_sim
8326,kpop_0097.png,4,4,1,clip_sim
8327,kpop_0097.png,4,2,1,clip_sim
8328,kpop_0097.png,3,3,1,clip_sim
8329,kpop_0097.png,4,3,1,clip_sim
8330,kpop_0097.png,3,2,1,clip_sim
8331,kpop_0097.png,3,2,1,clip_sim
8332,kpop_0097.png,3,2,1,clip_sim
8333,kpop_0097.png,3,2,1,clip_sim
8334,kpop_0097.png,2,2,1,clip_sim
8335,kpop_0097.png,3,4,1,clip_sim
8336,kpop_0097.png,2,4,1,clip_sim
8363,kpop_0099.png,4,4,1,clip_sim
8364,kpop_0099.png,3,4,1,clip_sim
8365,kpop_0099.png,3,4,1,clip_sim
8366,kpop_0099.png,4,2,1,clip_sim
8367,kpop_0099.png,4,2,1,clip_sim
8368,kpop_0099.png,4,3,1,clip_sim
8369,kpop_0099.png,4,4,1,clip_sim
8370,kpop_0099.png,4,3,1,clip_sim
8371,kpop_0099.png,4,2,1,clip_sim
8372,kpop_0099.png,3,3,1,clip_sim
8373,kpop_0099.png,2,2,1,clip_sim
8374,kpop_0099.png,2,2,1,clip_sim
8375,kpop_0099.png,4,3,1,clip_sim
8376,kpop_0100.png,4,3,1,clip_sim
8377,kpop_0100.png,4,4,1,clip_sim
8378,kpop_0100.png,4,4,1,clip_sim
8379,kpop_0100.png,4,3,1,clip_sim
8380,kpop_0100.png,3,4,1,clip_sim
8440,spotify_0020.png,2,4,1,clip_sim
8441,spotify_0020.png,1,4,1,clip_sim
8442,spotify_0020.png,2,4,1,clip_sim
8443,spotify_0020.png,1,4,1,clip_sim
8444,spotify_0020.png,3,4,1,clip_sim
8445,spotify_0021.png,2,4,1,clip_sim
8446,spotify_0021.png,1,4,1,clip_sim
8447,spotify_0021.png,1,4,1,clip_sim
8448,spotify_0021.png,1,4,1,clip_sim
8449,spotify_0021.png,1,3,1,clip_sim
8487,spotify_0041.png,1,4,1,clip_sim
8488,spotify_0041.png,3,4,1,clip_sim
8489,spotify_0041.png,2,4,1,clip_sim
8490,spotify_0041.png,2,4,1,clip_sim
8491,spotify_0041.png,2,3,1,clip_sim
8517,spotify_0047.png,4,4,1,clip_sim
8518,spotify_0047.png,3,4,1,clip_sim
8519,spotify_0047.png,4,4,1,clip_sim
8520,spotify_0047.png,4,4,1,clip_sim
8524,spotify_0051.png,2,3,1,clip_sim
8525,spotify_0051.png,1,4,1,clip_sim
8526,spotify_0051.png,2,4,1,clip_sim
8527,spotify_0051.png,1,4,1,clip_sim
8528,spotify_0051.png,4,3,1,clip_sim
8529,spotify_0052.png,4,4,1,clip_sim
8530,spotify_0052.png,3,4,1,clip_sim
8531,spotify_0052.png,2,4,1,clip_sim
8532,spotify_0052.png,4,4,1,clip_sim
8533,spotify_0052.png,1,4,1,clip_sim
8563,spotify_0060.png,3,4,1,clip_sim
8564,spotify_0060.png,3,3,1,clip_sim
8565,spotify_0060.png,4,3,1,clip_sim
8566,spotify_0060.png,4,4,1,clip_sim
8584,spotify_0065.png,1,2,1,clip_sim
8585,spotify_0065.png,1,2,1,clip_sim
8586,spotify_0065.png,1,2,1,clip_sim
8587,spotify_0065.png,0,3,1,clip_sim
8598,spotify_0070.png,3,4,1,clip_sim
8604,spotify_0073.png,2,4,1,clip_sim
8605,spotify_0073.png,3,4,1,clip_sim
8606,spotify_0073.png,1,4,1,clip_sim
8607,spotify_0073.png,0,3,1,clip_sim
8608,spotify_0074.png,0,4,1,clip_sim
8609,spotify_0074.png,0,2,1,clip_sim
8610,spotify_0074.png,2,4,1,clip_sim
8611,spotify_0074.png,2,4,1,clip_sim
8650,spotify_0094.png,4,4,1,clip_sim
8651,spotify_0094.png,4,4,1,clip_sim
8652,spotify_0094.png,1,4,1,clip_sim
8653,spotify_0094.png,1,4,1,clip_sim
8654,spotify_0094.png,1,4,1,clip_sim
8685,netflix_0003.png,4,4,1,clip_sim
8686,netflix_0003.png,4,4,1,clip_sim
8687,netflix_0003.png,4,4,1,clip_sim
8688,netflix_0003.png,2,4,1,clip_sim
8689,netflix_0003.png,2,4,1,clip_sim
8753,netflix_0020.png,1,4,1,clip_sim
8754,netflix_0020.png,0,4,1,clip_sim
8755,netflix_0020.png,1,4,1,clip_sim
8756,netflix_0020.png,1,4,1,clip_sim
8757,netflix_0020.png,0,4,1,clip_sim
8758,netflix_0020.png,0,4,1,clip_sim
8759,netflix_0020.png,0,4,1,clip_sim
8760,netflix_0020.png,0,4,1,clip_sim
8761,netflix_0020.png,0,4,1,clip_sim
8762,netflix_0020.png,0,4,1,clip_sim
8763,netflix_0020.png,1,4,1,clip_sim
8764,netflix_0020.png,1,4,1,clip_sim
8765,netflix_0020.png,2,4,1,clip_sim
8766,netflix_0020.png,1,4,1,clip_sim
8767,netflix_0020.png,1,4,1,clip_sim
8768,netflix_0020.png,0,4,1,clip_sim
8769,netflix_0020.png,0,4,1,clip_sim
8770,netflix_0020.png,1,4,1,clip_sim
8771,netflix_0020.png,0,4,1,clip_sim
8831,netflix_0041.png,4,4,1,clip_sim
8832,netflix_0041.png,4,4,1,clip_sim
8833,netflix_0041.png,4,4,1,clip_sim
8834,netflix_0041.png,4,4,1,clip_sim
8835,netflix_0041.png,2,4,1,clip_sim
8836,netflix_0041.png,2,4,1,clip_sim
8837,netflix_0041.png,1,4,1,clip_sim
8838,netflix_0041.png,1,4,1,clip_sim
8839,netflix_0041.png,1,4,1,clip_sim
8840,netflix_0041.png,1,4,1,clip_sim
8841,netflix_0041.png,1,4,1,clip_sim
8842,netflix_0041.png,1,4,1,clip_sim
8843,netflix_0041.png,1,4,1,clip_sim
8844,netflix_0041.png,0,4,1,clip_sim
8845,netflix_0041.png,3,4,1,clip_sim
8846,netflix_0041.png,4,4,1,clip_sim
8847,netflix_0041.png,3,3,1,clip_sim
8891,netflix_0053.png,4,4,1,clip_sim
8892,netflix_0053.png,4,3,1,clip_sim
8893,netflix_0053.png,3,4,1,clip_sim
8894,netflix_0053.png,4,4,1,clip_sim
8895,netflix_0053.png,1,4,1,clip_sim
8896,netflix_0053.png,1,4,1,clip_sim
8897,netflix_0053.png,1,4,1,clip_sim
8898,netflix_0053.png,1,4,1,clip_sim
8899,netflix_0053.png,1,4,1,clip_sim
8900,netflix_0053.png,2,4,1,clip_sim
8901,netflix_0053.png,1,3,1,clip_sim
8902,netflix_0053.png,1,4,1,clip_sim
8903,netflix_0053.png,4,3,1,clip_sim
8909,netflix_0055.png,2,4,1,clip_sim
8910,netflix_0055.png,1,4,1,clip_sim
8911,netflix_0055.png,4,4,1,clip_sim
8912,netflix_0055.png,4,4,1,clip_sim
8913,netflix_0055.png,1,4,1,clip_sim
8982,netflix_0076.png,4,4,1,clip_sim
8983,netflix_0076.png,3,4,1,clip_sim
8984,netflix_0076.png,4,4,1,clip_sim
8985,netflix_0076.png,3,4,1,clip_sim
8986,netflix_0076.png,2,4,1,clip_sim
8992,netflix_0081.png,4,4,1,clip_sim
8993,netflix_0081.png,1,4,1,clip_sim
8994,netflix_0081.png,0,4,1,clip_sim
8995,netflix_0081.png,2,3,1,clip_sim
8996,netflix_0081.png,2,4,1,clip_sim
8997,netflix_0083.png,4,4,1,clip_sim
8998,netflix_0083.png,3,2,1,clip_sim
9009,netflix_0089.png,1,4,1,clip_sim
9010,netflix_0089.png,2,4,1,clip_sim
9011,netflix_0089.png,1,3,1,clip_sim
9012,netflix_0089.png,1,4,1,clip_sim
9013,netflix_0089.png,0,4,1,clip_sim
9062,apple_0001.png,1,2,1,clip_sim
9063,apple_0001.png,3,2,1,clip_sim
9064,apple_0001.png,1,2,1,clip_sim
9065,apple_0001.png,0,2,1,clip_sim
9066,apple_0001.png,1,2,1,clip_sim
9118,apple_0012.png,4,4,1,clip_sim
9119,apple_0012.png,4,4,1,clip_sim
9120,apple_0012.png,4,4,1,clip_sim
9164,apple_0033.png,4,4,1,clip_sim
9165,apple_0033.png,4,4,1,clip_sim
9166,apple_0033.png,4,4,1,clip_sim
9167,apple_0033.png,4,4,1,clip_sim
9168,apple_0033.png,4,4,1,clip_sim
9204,apple_0046.png,4,4,1,clip_sim
9205,apple_0046.png,4,4,1,clip_sim
9206,apple_0046.png,1,4,1,clip_sim
9207,apple_0046.png,3,4,1,clip_sim
9256,apple_0065.png,4,4,1,clip_sim
9257,apple_0065.png,4,4,1,clip_sim
9258,apple_0065.png,3,4,1,clip_sim
9278,apple_0074.png,4,4,1,clip_sim
9279,apple_0074.png,3,4,1,clip_sim
9280,apple_0074.png,4,4,1,clip_sim
9281,apple_0074.png,3,4,1,clip_sim
9282,apple_0074.png,1,4,1,clip_sim
9330,apple_0093.png,1,4,1,clip_sim
9331,apple_0093.png,1,4,1,clip_sim
9332,apple_0093.png,4,4,1,clip_sim
9333,apple_0093.png,4,4,1,clip_sim
9334,apple_0093.png,4,4,1,clip_sim
9335,apple_0093.png,2,4,1,clip_sim
9336,apple_0093.png,1,4,1,clip_sim
9374,galaxy_0006.png,4,4,1,clip_sim
9375,galaxy_0006.png,4,3,1,clip_sim
9376,galaxy_0006.png,4,4,1,clip_sim
9377,galaxy_0006.png,0,4,1,clip_sim
9378,galaxy_0006.png,1,4,1,clip_sim
9413,galaxy_0016.png,4,4,1,clip_sim
9414,galaxy_0016.png,4,4,1,clip_sim
9415,galaxy_0016.png,2,4,1,clip_sim
9416,galaxy_0016.png,1,4,1,clip_sim
9476,galaxy_0027.png,1,3,1,clip_sim
9477,galaxy_0027.png,4,4,1,clip_sim
9478,galaxy_0027.png,3,3,1,clip_sim
9479,galaxy_0027.png,4,4,1,clip_sim
9480,galaxy_0027.png,2,3,1,clip_sim
9481,galaxy_0027.png,1,4,1,clip_sim
9482,galaxy_0027.png,1,4,1,clip_sim
9483,galaxy_0027.png,1,4,1,clip_sim
9484,galaxy_0027.png,3,2,1,clip_sim
9485,galaxy_0027.png,2,4,1,clip_sim
9486,galaxy_0027.png,4,3,1,clip_sim
9503,galaxy_0031.png,0,3,1,clip_sim
9504,galaxy_0031.png,1,3,1,clip_sim
9505,galaxy_0031.png,1,4,1,clip_sim
9506,galaxy_0031.png,4,2,1,clip_sim
9507,galaxy_0031.png,2,4,1,clip_sim
9508,galaxy_0031.png,2,4,1,clip_sim
9509,galaxy_0031.png,4,3,1,clip_sim
9510,galaxy_0031.png,4,4,1,clip_sim
9511,galaxy_0031.png,4,4,1,clip_sim
9512,galaxy_0031.png,4,4,1,clip_sim
9513,galaxy_0031.png,3,3,1,clip_sim
9514,galaxy_0031.png,4,3,1,clip_sim
9515,galaxy_0031.png,2,3,1,clip_sim
9516,galaxy_0031.png,2,3,1,clip_sim
9517,galaxy_0031.png,2,3,1,clip_sim
9518,galaxy_0031.png,0,3,1,clip_sim
9519,galaxy_0031.png,0,4,1,clip_sim
9520,galaxy_0031.png,3,4,1,clip_sim
9521,galaxy_0032.png,3,4,1,clip_sim
9522,galaxy_0032.png,1,4,1,clip_sim
9523,galaxy_0032.png,4,2,1,clip_sim
9524,galaxy_0032.png,4,4,1,clip_sim
9525,galaxy_0033.png,4,3,1,clip_sim
9526,galaxy_0033.png,4,3,1,clip_sim
9527,galaxy_0033.png,3,3,1,clip_sim
9528,galaxy_0033.png,4,2,1,clip_sim
9529,galaxy_0033.png,4,3,1,clip_sim
9530,galaxy_0034.png,4,4,1,clip_sim
9531,galaxy_0034.png,4,4,1,clip_sim
9534,galaxy_0036.png,0,2,1,clip_sim
9535,galaxy_0036.png,1,2,1,clip_sim
9536,galaxy_0036.png,1,3,1,clip_sim
9537,galaxy_0036.png,0,3,1,clip_sim
9538,galaxy_0036.png,0,3,1,clip_sim
9539,galaxy_0036.png,1,3,1,clip_sim
9625,galaxy_0067.png,3,4,1,clip_sim
9626,galaxy_0067.png,1,4,1,clip_sim
9627,galaxy_0067.png,4,3,1,clip_sim
9628,galaxy_0067.png,4,4,1,clip_sim
9675,galaxy_0079.png,3,4,1,clip_sim
9676,galaxy_0079.png,4,4,1,clip_sim
9677,galaxy_0079.png,1,4,1,clip_sim
9678,galaxy_0079.png,4,4,1,clip_sim
9694,galaxy_0082.png,4,4,1,clip_sim
9883,iphone16_0019.png,1,3,1,clip_sim
9894,iphone16_0023.png,3,4,1,clip_sim
9905,iphone16_0028.png,4,4,1,clip_sim
9906,iphone16_0028.png,4,4,1,clip_sim
9907,iphone16_0028.png,4,4,1,clip_sim
9908,iphone16_0028.png,4,2,1,clip_sim
9932,iphone16_0037.png,4,4,1,clip_sim
9939,iphone16_0041.png,0,2,1,clip_sim
9940,iphone16_0041.png,0,2,1,clip_sim
9941,iphone16_0041.png,1,2,1,clip_sim
9942,iphone16_0041.png,1,2,1,clip_sim
9943,iphone16_0041.png,1,2,1,clip_sim
9944,iphone16_0041.png,1,2,1,clip_sim
9945,iphone16_0041.png,1,2,1,clip_sim
9946,iphone16_0041.png,1,2,1,clip_sim
9947,iphone16_0041.png,0,2,1,clip_sim
9948,iphone16_0041.png,1,2,1,clip_sim
9949,iphone16_0042.png,4,3,1,clip_sim
9950,iphone16_0042.png,4,3,1,clip_sim
9951,iphone16_0042.png,1,3,1,clip_sim
9952,iphone16_0042.png,1,3,1,clip_sim
9953,iphone16_0042.png,3,3,1,clip_sim
9954,iphone16_0042.png,4,4,1,clip_sim
9993,iphone16_0053.png,4,4,1,clip_sim
9994,iphone16_0053.png,2,4,1,clip_sim
9995,iphone16_0053.png,3,2,1,clip_sim
9996,iphone16_0053.png,4,2,1,clip_sim
9997,iphone16_0053.png,2,4,1,clip_sim
10033,iphone16_0060.png,1,2,1,clip_sim
10034,iphone16_0060.png,0,2,1,clip_sim
10035,iphone16_0060.png,3,2,1,clip_sim
10036,iphone16_0060.png,0,2,1,clip_sim
10037,iphone16_0060.png,2,3,1,clip_sim
10065,iphone16_0069.png,4,4,1,clip_sim
10066,iphone16_0069.png,4,4,1,clip_sim
10067,iphone16_0069.png,4,2,1,clip_sim
10068,iphone16_0069.png,4,2,1,clip_sim
10069,iphone16_0069.png,4,3,1,clip_sim
10111,iphone16_0076.png,4,4,1,clip_sim
10112,iphone16_0076.png,4,4,1,clip_sim
10113,iphone16_0076.png,4,4,1,clip_sim
10114,iphone16_0076.png,1,2,1,clip_sim
10115,iphone16_0076.png,1,3,1,clip_sim
10242,iphone16_0096.png,4,3,1,clip_sim
10243,iphone16_0096.png,4,3,1,clip_sim
10244,iphone16_0096.png,3,4,1,clip_sim
10245,iphone16_0096.png,1,2,1,clip_sim
10246,iphone16_0096.png,1,2,1,clip_sim
10274,healthstagram_0008.png,4,4,1,clip_sim
10275,healthstagram_0008.png,4,4,1,clip_sim
10276,healthstagram_0008.png,3,4,1,clip_sim
10277,healthstagram_0008.png,3,4,1,clip_sim
10278,healthstagram_0008.png,3,4,1,clip_sim
10279,healthstagram_0008.png,2,4,1,clip_sim
10280,healthstagram_0008.png,2,4,1,clip_sim
10281,healthstagram_0008.png,2,4,1,clip_sim
10312,healthstagram_0011.png,4,4,1,clip_sim
10313,healthstagram_0011.png,1,3,1,clip_sim
10354,healthstagram_0022.png,3,2,1,clip_sim
10355,healthstagram_0022.png,3,2,1,clip_sim
10356,healthstagram_0022.png,3,2,1,clip_sim
10357,healthstagram_0022.png,1,3,1,clip_sim
10358,healthstagram_0022.png,1,3,1,clip_sim
10359,healthstagram_0022.png,4,3,1,clip_sim
10360,healthstagram_0022.png,4,3,1,clip_sim
10361,healthstagram_0022.png,4,2,1,clip_sim
10362,healthstagram_0022.png,2,2,1,clip_sim
10363,healthstagram_0022.png,3,2,1,clip_sim
10364,healthstagram_0022.png,2,2,1,clip_sim
10365,healthstagram_0022.png,4,3,1,clip_sim
10366,healthstagram_0022.png,0,3,1,clip_sim
10367,healthstagram_0022.png,0,2,1,clip_sim
10368,healthstagram_0022.png,2,2,1,clip_sim
10369,healthstagram_0022.png,3,3,1,clip_sim
10370,healthstagram_0022.png,3,3,1,clip_sim
10371,healthstagram_0022.png,2,2,1,clip_sim
10372,healthstagram_0022.png,0,3,1,clip_sim
10373,healthstagram_0022.png,3,3,1,clip_sim
10374,healthstagram_0022.png,3,2,1,clip_sim
10375,healthstagram_0022.png,1,2,1,clip_sim
10376,healthstagram_0022.png,0,3,1,clip_sim
10377,healthstagram_0022.png,2,2,1,clip_sim
10378,healthstagram_0022.png,2,3,1,clip_sim
10379,healthstagram_0022.png,0,3,1,clip_sim
10409,healthstagram_0029.png,4,4,1,clip_sim
10410,healthstagram_0029.png,1,4,1,clip_sim
10411,healthstagram_0029.png,1,4,1,clip_sim
10412,healthstagram_0029.png,0,4,1,clip_sim
10413,healthstagram_0029.png,2,4,1,clip_sim
10436,healthstagram_0036.png,4,4,1,clip_sim
10437,healthstagram_0036.png,4,4,1,clip_sim
10438,healthstagram_0036.png,4,4,1,clip_sim
10439,healthstagram_0036.png,4,4,1,clip_sim
10440,healthstagram_0036.png,3,4,1,clip_sim
10490,healthstagram_0041.png,4,3,1,clip_sim
10491,healthstagram_0041.png,3,3,1,clip_sim
10492,healthstagram_0041.png,1,4,1,clip_sim
10493,healthstagram_0041.png,1,4,1,clip_sim
10494,healthstagram_0041.png,0,4,1,clip_sim
10495,healthstagram_0041.png,2,4,1,clip_sim
10496,healthstagram_0041.png,1,4,1,clip_sim
10497,healthstagram_0041.png,1,4,1,clip_sim
10498,healthstagram_0041.png,2,4,1,clip_sim
10499,healthstagram_0041.png,2,4,1,clip_sim
10500,healthstagram_0041.png,0,4,1,clip_sim
10501,healthstagram_0041.png,0,4,1,clip_sim
10502,healthstagram_0041.png,0,4,1,clip_sim
10503,healthstagram_0041.png,2,4,1,clip_sim
10504,healthstagram_0041.png,2,4,1,clip_sim
10505,healthstagram_0041.png,0,4,1,clip_sim
10549,healthstagram_0057.png,4,3,1,clip_sim
10550,healthstagram_0057.png,4,4,1,clip_sim
10551,healthstagram_0057.png,4,3,1,clip_sim
10552,healthstagram_0057.png,3,4,1,clip_sim
10553,healthstagram_0057.png,4,4,1,clip_sim
10554,healthstagram_0057.png,4,4,1,clip_sim
10555,healthstagram_0057.png,3,3,1,clip_sim
10556,healthstagram_0057.png,3,4,1,clip_sim
10557,healthstagram_0057.png,3,4,1,clip_sim
10558,healthstagram_0057.png,4,3,1,clip_sim
10559,healthstagram_0057.png,2,4,1,clip_sim
10637,healthstagram_0075.png,0,3,1,clip_sim
10638,healthstagram_0075.png,3,4,1,clip_sim
10639,healthstagram_0075.png,3,3,1,clip_sim
10640,healthstagram_0076.png,4,4,1,clip_sim
10697,healthstagram_0090.png,0,4,1,clip_sim
10822,ounwan_0011.png,4,4,1,clip_sim
10823,ounwan_0011.png,4,4,1,clip_sim
10824,ounwan_0011.png,3,4,1,clip_sim
10825,ounwan_0011.png,4,4,1,clip_sim
10826,ounwan_0011.png,3,4,1,clip_sim
10827,ounwan_0011.png,2,4,1,clip_sim
10828,ounwan_0011.png,2,4,1,clip_sim
10829,ounwan_0011.png,4,4,1,clip_sim
10830,ounwan_0011.png,3,4,1,clip_sim
10831,ounwan_0011.png,1,4,1,clip_sim
10832,ounwan_0011.png,3,4,1,clip_sim
10833,ounwan_0011.png,2,4,1,clip_sim
10834,ounwan_0011.png,4,4,1,clip_sim
10835,ounwan_0011.png,2,4,1,clip_sim
10836,ounwan_0011.png,2,4,1,clip_sim
10837,ounwan_0011.png,3,4,1,clip_sim
10838,ounwan_0011.png,4,4,1,clip_sim
10839,ounwan_0011.png,4,4,1,clip_sim
10840,ounwan_0011.png,4,4,1,clip_sim
10841,ounwan_0011.png,3,4,1,clip_sim
10842,ounwan_0011.png,2,4,1,clip_sim
10843,ounwan_0011.png,1,4,1,clip_sim
10844,ounwan_0011.png,2,2,1,clip_sim
10845,ounwan_0011.png,1,3,1,clip_sim
10846,ounwan_0011.png,1,3,1,clip_sim
10882,ounwan_0015.png,4,3,1,clip_sim
10883,ounwan_0015.png,1,4,1,clip_sim
10884,ounwan_0015.png,1,4,1,clip_sim
10885,ounwan_0015.png,4,4,1,clip_sim
10886,ounwan_0015.png,1,3,1,clip_sim
10887,ounwan_0015.png,4,4,1,clip_sim
10888,ounwan_0015.png,3,3,1,clip_sim
10889,ounwan_0015.png,2,4,1,clip_sim
10890,ounwan_0015.png,2,4,1,clip_sim
10891,ounwan_0015.png,4,4,1,clip_sim
10892,ounwan_0015.png,2,4,1,clip_sim
10893,ounwan_0015.png,4,4,1,clip_sim
10894,ounwan_0015.png,4,4,1,clip_sim
10895,ounwan_0015.png,2,4,1,clip_sim
10896,ounwan_0015.png,2,4,1,clip_sim
10897,ounwan_0015.png,3,4,1,clip_sim
10903,ounwan_0018.png,4,2,1,clip_sim
10904,ounwan_0018.png,3,4,1,clip_sim
10905,ounwan_0018.png,2,4,1,clip_sim
10906,ounwan_0018.png,2,4,1,clip_sim
10907,ounwan_0018.png,4,4,1,clip_sim
10908,ounwan_0018.png,4,4,1,clip_sim
10909,ounwan_0018.png,2,4,1,clip_sim
10910,ounwan_0019.png,0,4,1,clip_sim
10911,ounwan_0019.png,0,4,1,clip_sim
10912,ounwan_0019.png,0,4,1,clip_sim
10913,ounwan_0019.png,0,4,1,clip_sim
10947,ounwan_0033.png,4,4,1,clip_sim
10948,ounwan_0033.png,0,4,1,clip_sim
10949,ounwan_0033.png,2,2,1,clip_sim
10950,ounwan_0033.png,3,4,1,clip_sim
10951,ounwan_0033.png,1,4,1,clip_sim
10952,ounwan_0033.png,2,4,1,clip_sim
10953,ounwan_0033.png,4,4,1,clip_sim
10954,ounwan_0033.png,3,4,1,clip_sim
10955,ounwan_0033.png,3,4,1,clip_sim
10956,ounwan_0033.png,4,4,1,clip_sim
10957,ounwan_0033.png,2,4,1,clip_sim
10958,ounwan_0033.png,1,4,1,clip_sim
10959,ounwan_0033.png,1,4,1,clip_sim
10960,ounwan_0033.png,3,4,1,clip_sim
10961,ounwan_0033.png,3,4,1,clip_sim
10962,ounwan_0033.png,2,4,1,clip_sim
10971,ounwan_0036.png,4,4,1,clip_sim
10972,ounwan_0036.png,4,4,1,clip_sim
10973,ounwan_0036.png,4,4,1,clip_sim
10974,ounwan_0036.png,2,3,1,clip_sim
10975,ounwan_0036.png,4,4,1,clip_sim
11005,ounwan_0043.png,4,4,1,clip_sim
11006,ounwan_0043.png,3,3,1,clip_sim
11007,ounwan_0043.png,2,4,1,clip_sim
11008,ounwan_0043.png,4,4,1,clip_sim
11009,ounwan_0043.png,2,4,1,clip_sim
11010,ounwan_0043.png,3,4,1,clip_sim
11011,ounwan_0043.png,3,4,1,clip_sim
11012,ounwan_0043.png,3,4,1,clip_sim
11013,ounwan_0043.png,3,4,1,clip_sim
11014,ounwan_0043.png,3,4,1,clip_sim
11015,ounwan_0043.png,4,4,1,clip_sim
11016,ounwan_0043.png,2,4,1,clip_sim
11017,ounwan_0043.png,1,4,1,clip_sim
11018,ounwan_0043.png,1,4,1,clip_sim
11019,ounwan_0043.png,0,4,1,clip_sim
11020,ounwan_0043.png,0,4,1,clip_sim
11021,ounwan_0043.png,0,4,1,clip_sim
11022,ounwan_0043.png,1,4,1,clip_sim
11023,ounwan_0043.png,4,4,1,clip_sim
11024,ounwan_0043.png,4,4,1,clip_sim
11025,ounwan_0043.png,2,3,1,clip_sim
11026,ounwan_0043.png,1,4,1,clip_sim
11027,ounwan_0043.png,0,3,1,clip_sim
11028,ounwan_0043.png,2,4,1,clip_sim
11065,ounwan_0050.png,3,2,1,clip_sim
11095,ounwan_0054.png,4,3,1,clip_sim
11136,ounwan_0061.png,2,3,1,clip_sim
11137,ounwan_0061.png,3,2,1,clip_sim
11138,ounwan_0061.png,2,3,1,clip_sim
11139,ounwan_0061.png,3,4,1,clip_sim
11197,ounwan_0069.png,3,3,1,clip_sim
11198,ounwan_0069.png,4,4,1,clip_sim
11199,ounwan_0069.png,2,4,1,clip_sim
11200,ounwan_0069.png,4,4,1,clip_sim
11201,ounwan_0069.png,4,4,1,clip_sim
11202,ounwan_0069.png,3,4,1,clip_sim
11203,ounwan_0069.png,1,4,1,clip_sim
11204,ounwan_0069.png,2,4,1,clip_sim
11205,ounwan_0069.png,1,3,1,clip_sim
11206,ounwan_0069.png,0,4,1,clip_sim
11207,ounwan_0069.png,0,4,1,clip_sim
11208,ounwan_0069.png,1,4,1,clip_sim
11209,ounwan_0069.png,2,4,1,clip_sim
11210,ounwan_0069.png,0,4,1,clip_sim
11211,ounwan_0069.png,4,4,1,clip_sim
11212,ounwan_0069.png,3,4,1,clip_sim
11213,ounwan_0069.png,0,4,1,clip_sim
11214,ounwan_0069.png,3,4,1,clip_sim
11215,ounwan_0071.png,1,4,1,clip_sim
11268,ounwan_0077.png,2,4,1,clip_sim
11269,ounwan_0077.png,1,4,1,clip_sim
11270,ounwan_0077.png,1,4,1,clip_sim
11271,ounwan_0077.png,1,4,1,clip_sim
11272,ounwan_0077.png,1,4,1,clip_sim
11273,ounwan_0077.png,2,4,1,clip_sim
11274,ounwan_0077.png,1,4,1,clip_sim
11313,ounwan_0086.png,4,2,1,clip_sim
11314,ounwan_0086.png,4,2,1,clip_sim
11315,ounwan_0086.png,3,3,1,clip_sim
11316,ounwan_0086.png,3,3,1,clip_sim
11317,ounwan_0086.png,4,3,1,clip_sim
11327,ounwan_0089.png,4,4,1,clip_sim
11328,ounwan_0089.png,3,2,1,clip_sim
11329,ounwan_0089.png,2,3,1,clip_sim
11330,ounwan_0089.png,1,3,1,clip_sim
11331,ounwan_0089.png,1,4,1,clip_sim
11332,ounwan_0089.png,2,3,1,clip_sim
11333,ounwan_0089.png,2,4,1,clip_sim
11334,ounwan_0089.png,1,3,1,clip_sim
11335,ounwan_0089.png,1,3,1,clip_sim
11336,ounwan_0089.png,1,4,1,clip_sim
11337,ounwan_0089.png,1,3,1,clip_sim
11338,ounwan_0089.png,0,4,1,clip_sim
11339,ounwan_0089.png,1,4,1,clip_sim
11340,ounwan_0089.png,1,4,1,clip_sim
11341,ounwan_0089.png,1,4,1,clip_sim
11342,ounwan_0089.png,1,4,1,clip_sim
11343,ounwan_0089.png,3,4,1,clip_sim
11344,ounwan_0089.png,2,3,1,clip_sim
11345,ounwan_0089.png,3,4,1,clip_sim
11346,ounwan_0089.png,4,4,1,clip_sim
11347,ounwan_0089.png,1,4,1,clip_sim
11348,ounwan_0089.png,1,4,1,clip_sim
11349,ounwan_0089.png,3,4,1,clip_sim
11350,ounwan_0089.png,1,4,1,clip_sim
11351,ounwan_0089.png,4,4,1,clip_sim
11352,ounwan_0089.png,2,4,1,clip_sim
11353,ounwan_0089.png,1,4,1,clip_sim
11362,ounwan_0093.png,0,3,1,clip_sim
11363,ounwan_0093.png,1,4,1,clip_sim
11364,ounwan_0093.png,2,2,1,clip_sim
11365,ounwan_0093.png,4,4,1,clip_sim
11366,ounwan_0094.png,3,4,1,clip_sim
11367,ounwan_0094.png,3,4,1,clip_sim
11368,ounwan_0094.png,2,4,1,clip_sim
11453,dietfood_0010.png,3,3,1,clip_sim
11454,dietfood_0010.png,4,3,1,clip_sim
11455,dietfood_0010.png,2,4,1,clip_sim
11464,dietfood_0013.png,3,3,1,clip_sim
11465,dietfood_0013.png,2,4,1,clip_sim
11466,dietfood_0013.png,1,4,1,clip_sim
11467,dietfood_0013.png,2,4,1,clip_sim
11468,dietfood_0013.png,3,4,1,clip_sim
11492,dietfood_0018.png,1,3,1,clip_sim
11493,dietfood_0018.png,3,3,1,clip_sim
11494,dietfood_0018.png,3,3,1,clip_sim
11495,dietfood_0018.png,4,4,1,clip_sim
11496,dietfood_0018.png,3,4,1,clip_sim
11567,dietfood_0029.png,0,4,1,clip_sim
11568,dietfood_0029.png,0,4,1,clip_sim
11569,dietfood_0029.png,0,4,1,clip_sim
11570,dietfood_0029.png,0,4,1,clip_sim
11571,dietfood_0029.png,0,4,1,clip_sim
11572,dietfood_0031.png,4,4,1,clip_sim
11573,dietfood_0031.png,2,4,1,clip_sim
11574,dietfood_0031.png,3,3,1,clip_sim
11575,dietfood_0031.png,1,4,1,clip_sim
11576,dietfood_0031.png,0,4,1,clip_sim
11640,dietfood_0042.png,4,4,1,clip_sim
11641,dietfood_0042.png,4,4,1,clip_sim
11642,dietfood_0042.png,3,4,1,clip_sim
11643,dietfood_0042.png,4,4,1,clip_sim
11644,dietfood_0042.png,2,4,1,clip_sim
11675,dietfood_0051.png,3,4,1,clip_sim
11676,dietfood_0051.png,3,4,1,clip_sim
11677,dietfood_0051.png,4,4,1,clip_sim
11678,dietfood_0051.png,3,4,1,clip_sim
11679,dietfood_0051.png,2,4,1,clip_sim
11711,dietfood_0058.png,4,4,1,clip_sim
11712,dietfood_0058.png,4,4,1,clip_sim
11713,dietfood_0058.png,3,3,1,clip_sim
11714,dietfood_0058.png,4,4,1,clip_sim
11715,dietfood_0058.png,4,4,1,clip_sim
11716,dietfood_0058.png,4,4,1,clip_sim
11717,dietfood_0058.png,4,4,1,clip_sim
11718,dietfood_0058.png,4,4,1,clip_sim
11719,dietfood_0058.png,4,4,1,clip_sim
11720,dietfood_0058.png,3,4,1,clip_sim
11721,dietfood_0058.png,3,4,1,clip_sim
11722,dietfood_0058.png,3,2,1,clip_sim
11723,dietfood_0058.png,2,3,1,clip_sim
11724,dietfood_0058.png,4,4,1,clip_sim
11725,dietfood_0058.png,4,4,1,clip_sim
11726,dietfood_0058.png,3,4,1,clip_sim
11727,dietfood_0058.png,2,3,1,clip_sim
11728,dietfood_0058.png,3,4,1,clip_sim
11729,dietfood_0058.png,2,3,1,clip_sim
11730,dietfood_0058.png,4,4,1,clip_sim
11788,dietfood_0068.png,4,4,1,clip_sim
11789,dietfood_0068.png,3,4,1,clip_sim
11790,dietfood_0068.png,4,4,1,clip_sim
11791,dietfood_0068.png,4,4,1,clip_sim
11792,dietfood_0068.png,4,4,1,clip_sim
11793,dietfood_0068.png,2,4,1,clip_sim
11794,dietfood_0068.png,1,4,1,clip_sim
11795,dietfood_0068.png,2,4,1,clip_sim
11796,dietfood_0068.png,4,4,1,clip_sim
11797,dietfood_0068.png,3,4,1,clip_sim
11798,dietfood_0068.png,3,4,1,clip_sim
11799,dietfood_0068.png,1,4,1,clip_sim
11800,dietfood_0068.png,1,4,1,clip_sim
11823,dietfood_0072.png,4,4,1,clip_sim
11824,dietfood_0072.png,3,4,1,clip_sim
11825,dietfood_0072.png,3,4,1,clip_sim
11826,dietfood_0072.png,3,4,1,clip_sim
11827,dietfood_0072.png,3,4,1,clip_sim
11852,dietfood_0076.png,0,4,1,clip_sim
11853,dietfood_0076.png,0,4,1,clip_sim
11854,dietfood_0076.png,4,4,1,clip_sim
11855,dietfood_0076.png,3,4,1,clip_sim
11856,dietfood_0076.png,3,4,1,clip_sim
11857,dietfood_0076.png,1,4,1,clip_sim
11858,dietfood_0076.png,2,4,1,clip_sim
11859,dietfood_0076.png,1,4,1,clip_sim
11860,dietfood_0076.png,1,4,1,clip_sim
11861,dietfood_0076.png,2,4,1,clip_sim
11862,dietfood_0076.png,4,4,1,clip_sim
11863,dietfood_0076.png,1,4,1,clip_sim
11883,dietfood_0081.png,0,3,1,clip_sim
11884,dietfood_0081.png,0,3,1,clip_sim
11885,dietfood_0081.png,0,3,1,clip_sim
11901,dietfood_0083.png,4,4,1,clip_sim
11902,dietfood_0083.png,4,4,1,clip_sim
11903,dietfood_0083.png,4,4,1,clip_sim
11904,dietfood_0083.png,3,4,1,clip_sim
11905,dietfood_0083.png,1,4,1,clip_sim
11906,dietfood_0084.png,4,3,1,clip_sim
11907,dietfood_0084.png,4,4,1,clip_sim
11908,dietfood_0084.png,4,4,1,clip_sim
11909,dietfood_0084.png,4,4,1,clip_sim
11910,dietfood_0084.png,4,4,1,clip_sim
11924,dietfood_0087.png,4,4,1,clip_sim
11925,dietfood_0087.png,4,4,1,clip_sim
11926,dietfood_0087.png,4,4,1,clip_sim
11927,dietfood_0087.png,2,4,1,clip_sim
11928,dietfood_0087.png,2,4,1,clip_sim
11929,dietfood_0087.png,2,4,1,clip_sim
11930,dietfood_0087.png,4,4,1,clip_sim
11931,dietfood_0087.png,1,4,1,clip_sim
11932,dietfood_0087.png,4,4,1,clip_sim
11933,dietfood_0087.png,3,4,1,clip_sim
11934,dietfood_0087.png,2,4,1,clip_sim
11935,dietfood_0087.png,4,4,1,clip_sim
11936,dietfood_0087.png,3,4,1,clip_sim
11937,dietfood_0087.png,3,4,1,clip_sim
11938,dietfood_0087.png,3,4,1,clip_sim
11939,dietfood_0087.png,3,4,1,clip_sim
11940,dietfood_0087.png,2,4,1,clip_sim
11941,dietfood_0087.png,2,4,1,clip_sim
12005,dietfood_0099.png,4,4,1,clip_sim
12006,dietfood_0099.png,4,3,1,clip_sim
1,ai_0001.png,4,4,2,clip_sim
2,ai_0001.png,3,3,2,clip_sim
3,ai_0001.png,4,4,2,clip_sim
4,ai_0001.png,3,4,2,clip_sim
5,ai_0001.png,3,4,2,clip_sim
20,ai_0006.png,3,4,2,clip_sim
89,ai_0014.png,4,4,2,clip_sim
90,ai_0014.png,1,4,2,clip_sim
91,ai_0014.png,4,4,2,clip_sim
92,ai_0014.png,1,4,2,clip_sim
93,ai_0014.png,1,4,2,clip_sim
94,ai_0014.png,0,4,2,clip_sim
95,ai_0014.png,0,4,2,clip_sim
96,ai_0014.png,1,4,2,clip_sim
97,ai_0014.png,0,3,2,clip_sim
98,ai_0014.png,3,4,2,clip_sim
99,ai_0014.png,3,4,2,clip_sim
100,ai_0014.png,2,4,2,clip_sim
101,ai_0014.png,1,4,2,clip_sim
102,ai_0014.png,1,4,2,clip_sim
103,ai_0014.png,4,4,2,clip_sim
104,ai_0014.png,3,4,2,clip_sim
105,ai_0014.png,2,4,2,clip_sim
106,ai_0014.png,3,4,2,clip_sim
107,ai_0014.png,2,4,2,clip_sim
108,ai_0014.png,4,4,2,clip_sim
109,ai_0014.png,2,4,2,clip_sim
110,ai_0014.png,0,4,2,clip_sim
111,ai_0014.png,1,4,2,clip_sim
214,ai_0020.png,4,4,2,clip_sim
215,ai_0020.png,3,4,2,clip_sim
216,ai_0020.png,2,4,2,clip_sim
217,ai_0020.png,3,4,2,clip_sim
218,ai_0020.png,1,4,2,clip_sim
219,ai_0020.png,1,4,2,clip_sim
220,ai_0020.png,1,4,2,clip_sim
221,ai_0020.png,4,4,2,clip_sim
222,domesticTravel_0003.png,1,4,2,clip_sim
223,domesticTravel_0003.png,3,4,2,clip_sim
224,domesticTravel_0003.png,3,2,2,clip_sim
225,domesticTravel_0003.png,2,3,2,clip_sim
226,domesticTravel_0003.png,3,4,2,clip_sim
227,domesticTravel_0003.png,4,4,2,clip_sim
228,domesticTravel_0003.png,2,4,2,clip_sim
229,domesticTravel_0003.png,3,4,2,clip_sim
230,domesticTravel_0003.png,1,4,2,clip_sim
231,domesticTravel_0003.png,2,4,2,clip_sim
232,domesticTravel_0003.png,1,4,2,clip_sim
233,domesticTravel_0003.png,2,4,2,clip_sim
234,domesticTravel_0003.png,0,4,2,clip_sim
235,domesticTravel_0003.png,3,4,2,clip_sim
236,domesticTravel_0003.png,1,3,2,clip_sim
258,domesticTravel_0006.png,4,4,2,clip_sim
259,domesticTravel_0006.png,0,4,2,clip_sim
260,domesticTravel_0006.png,4,4,2,clip_sim
261,domesticTravel_0006.png,1,3,2,clip_sim
262,domesticTravel_0006.png,0,4,2,clip_sim
279,domesticTravel_0011.png,1,2,2,clip_sim
280,domesticTravel_0011.png,4,2,2,clip_sim
281,domesticTravel_0011.png,4,3,2,clip_sim
282,domesticTravel_0011.png,3,2,2,clip_sim
283,domesticTravel_0011.png,3,2,2,clip_sim
284,domesticTravel_0011.png,3,2,2,clip_sim
285,domesticTravel_0011.png,2,2,2,clip_sim
286,domesticTravel_0011.png,4,4,2,clip_sim
287,domesticTravel_0011.png,4,4,2,clip_sim
288,domesticTravel_0011.png,3,3,2,clip_sim
290,domesticTravel_0014.png,4,3,2,clip_sim
291,domesticTravel_0014.png,3,4,2,clip_sim
292,domesticTravel_0014.png,4,3,2,clip_sim
293,domesticTravel_0014.png,3,3,2,clip_sim
294,domesticTravel_0014.png,3,2,2,clip_sim
295,domesticTravel_0014.png,2,2,2,clip_sim
296,domesticTravel_0014.png,2,2,2,clip_sim
297,domesticTravel_0014.png,3,4,2,clip_sim
298,domesticTravel_0014.png,3,4,2,clip_sim
299,domesticTravel_0014.png,1,2,2,clip_sim
300,domesticTravel_0014.png,4,3,2,clip_sim
301,domesticTravel_0014.png,4,3,2,clip_sim
306,domesticTravel_0016.png,4,4,2,clip_sim
307,domesticTravel_0016.png,4,2,2,clip_sim
308,domesticTravel_0016.png,4,2,2,clip_sim
309,domesticTravel_0016.png,1,3,2,clip_sim
310,domesticTravel_0016.png,3,3,2,clip_sim
311,domesticTravel_0016.png,3,3,2,clip_sim
312,domesticTravel_0016.png,3,2,2,clip_sim
313,domesticTravel_0016.png,2,2,2,clip_sim
314,domesticTravel_0016.png,0,3,2,clip_sim
315,domesticTravel_0016.png,0,2,2,clip_sim
316,domesticTravel_0016.png,0,2,2,clip_sim
317,domesticTravel_0016.png,2,2,2,clip_sim
318,domesticTravel_0016.png,1,2,2,clip_sim
319,domesticTravel_0016.png,2,2,2,clip_sim
320,domesticTravel_0016.png,4,4,2,clip_sim
439,fall_0013.png,4,2,2,clip_sim
440,fall_0013.png,4,4,2,clip_sim
441,fall_0013.png,3,2,2,clip_sim
442,fall_0013.png,3,4,2,clip_sim
443,fall_0013.png,4,3,2,clip_sim
444,fall_0013.png,4,3,2,clip_sim
445,fall_0013.png,4,3,2,clip_sim
446,fall_0013.png,4,4,2,clip_sim
447,fall_0013.png,4,4,2,clip_sim
448,fall_0013.png,4,3,2,clip_sim
449,fall_0013.png,4,4,2,clip_sim
450,fall_0013.png,4,2,2,clip_sim
451,fall_0013.png,3,2,2,clip_sim
452,fall_0013.png,0,4,2,clip_sim
453,fall_0013.png,0,2,2,clip_sim
454,fall_0013.png,1,4,2,clip_sim
455,fall_0013.png,1,2,2,clip_sim
456,fall_0013.png,1,4,2,clip_sim
457,fall_0013.png,1,4,2,clip_sim
458,fall_0013.png,1,4,2,clip_sim
459,fall_0013.png,1,4,2,clip_sim
460,fall_0013.png,1,4,2,clip_sim
461,fall_0013.png,0,4,2,clip_sim
462,fall_0013.png,1,3,2,clip_sim
463,fall_0013.png,0,3,2,clip_sim
464,fall_0013.png,1,4,2,clip_sim
465,fall_0013.png,0,2,2,clip_sim
466,fall_0013.png,1,4,2,clip_sim
467,fall_0013.png,1,4,2,clip_sim
468,fall_0013.png,1,2,2,clip_sim
498,fall_0016.png,3,2,2,clip_sim
499,fall_0016.png,4,2,2,clip_sim
500,fall_0016.png,4,2,2,clip_sim
501,fall_0016.png,4,4,2,clip_sim
502,fall_0016.png,4,3,2,clip_sim
503,fall_0016.png,2,2,2,clip_sim
504,fall_0016.png,0,2,2,clip_sim
505,fall_0016.png,4,3,2,clip_sim
506,fall_0016.png,3,4,2,clip_sim
507,fall_0016.png,4,2,2,clip_sim
508,fall_0016.png,4,3,2,clip_sim
509,fall_0016.png,1,3,2,clip_sim
510,fall_0016.png,4,4,2,clip_sim
663,fashion_0016.png,4,4,2,clip_sim
664,fashion_0016.png,4,4,2,clip_sim
665,fashion_0016.png,3,4,2,clip_sim
666,fashion_0016.png,2,2,2,clip_sim
667,fashion_0016.png,3,3,2,clip_sim
668,fashion_0016.png,4,4,2,clip_sim
669,fashion_0016.png,3,3,2,clip_sim
670,fashion_0016.png,3,2,2,clip_sim
671,fashion_0016.png,1,2,2,clip_sim
672,fashion_0016.png,3,2,2,clip_sim
673,fashion_0016.png,4,2,2,clip_sim
674,fashion_0016.png,4,2,2,clip_sim
675,fashion_0016.png,3,3,2,clip_sim
676,fashion_0016.png,4,3,2,clip_sim
677,fashion_0016.png,4,2,2,clip_sim
678,fashion_0016.png,3,2,2,clip_sim
679,fashion_0016.png,4,2,2,clip_sim
680,fashion_0016.png,4,3,2,clip_sim
681,fashion_0016.png,2,3,2,clip_sim
682,fashion_0016.png,4,3,2,clip_sim
683,fashion_0016.png,3,3,2,clip_sim
684,fashion_0018.png,3,4,2,clip_sim
685,fashion_0018.png,2,2,2,clip_sim
686,fashion_0018.png,1,2,2,clip_sim
687,fashion_0018.png,1,2,2,clip_sim
688,fashion_0018.png,4,3,2,clip_sim
689,fashion_0018.png,4,3,2,clip_sim
690,fashion_0018.png,3,2,2,clip_sim
691,fashion_0018.png,2,2,2,clip_sim
692,fashion_0018.png,4,3,2,clip_sim
693,fashion_0018.png,4,3,2,clip_sim
694,fashion_0018.png,3,3,2,clip_sim
695,fashion_0018.png,3,3,2,clip_sim
696,fashion_0018.png,1,2,2,clip_sim
697,fashion_0018.png,1,3,2,clip_sim
698,fashion_0018.png,3,2,2,clip_sim
699,fashion_0018.png,3,2,2,clip_sim
700,fashion_0018.png,3,2,2,clip_sim
701,fashion_0018.png,4,2,2,clip_sim
794,movie_0011.png,4,4,2,clip_sim
795,movie_0011.png,4,4,2,clip_sim
796,movie_0011.png,3,4,2,clip_sim
797,movie_0011.png,1,4,2,clip_sim
798,movie_0011.png,4,4,2,clip_sim
799,movie_0011.png,4,4,2,clip_sim
800,movie_0011.png,4,4,2,clip_sim
801,movie_0011.png,2,4,2,clip_sim
802,movie_0011.png,1,4,2,clip_sim
803,movie_0011.png,3,4,2,clip_sim
804,movie_0011.png,3,4,2,clip_sim
813,movie_0015.png,4,4,2,clip_sim
814,movie_0015.png,4,4,2,clip_sim
815,movie_0015.png,4,4,2,clip_sim
816,movie_0015.png,2,3,2,clip_sim
817,movie_0015.png,1,2,2,clip_sim
818,movie_0015.png,1,4,2,clip_sim
819,movie_0015.png,1,4,2,clip_sim
820,movie_0015.png,2,3,2,clip_sim
821,movie_0015.png,1,4,2,clip_sim
822,movie_0015.png,2,2,2,clip_sim
823,movie_0015.png,2,4,2,clip_sim
824,movie_0015.png,1,2,2,clip_sim
825,movie_0015.png,2,4,2,clip_sim
826,movie_0015.png,1,4,2,clip_sim
827,movie_0015.png,1,4,2,clip_sim
828,movie_0015.png,1,4,2,clip_sim
829,movie_0015.png,1,4,2,clip_sim
830,movie_0015.png,2,4,2,clip_sim
831,movie_0015.png,2,4,2,clip_sim
832,movie_0015.png,1,4,2,clip_sim
833,movie_0015.png,1,4,2,clip_sim
834,movie_0015.png,1,2,2,clip_sim
835,movie_0015.png,1,4,2,clip_sim
836,movie_0015.png,0,2,2,clip_sim
837,movie_0015.png,1,2,2,clip_sim
838,movie_0015.png,3,4,2,clip_sim
839,movie_0015.png,1,3,2,clip_sim
840,movie_0015.png,1,4,2,clip_sim
841,movie_0015.png,3,4,2,clip_sim
842,movie_0015.png,0,3,2,clip_sim
843,movie_0016.png,3,4,2,clip_sim
844,movie_0016.png,2,4,2,clip_sim
845,movie_0016.png,4,4,2,clip_sim
846,movie_0016.png,1,4,2,clip_sim
847,movie_0016.png,2,4,2,clip_sim
848,movie_0016.png,1,4,2,clip_sim
849,movie_0016.png,2,4,2,clip_sim
877,movie_0020.png,4,4,2,clip_sim
878,movie_0020.png,3,4,2,clip_sim
879,movie_0020.png,2,4,2,clip_sim
880,movie_0020.png,1,4,2,clip_sim
881,movie_0020.png,0,4,2,clip_sim
882,movie_0020.png,0,4,2,clip_sim
883,movie_0020.png,2,4,2,clip_sim
884,movie_0020.png,1,4,2,clip_sim
885,movie_0020.png,1,4,2,clip_sim
886,movie_0020.png,0,4,2,clip_sim
887,movie_0020.png,1,4,2,clip_sim
1019,olive_0013.png,4,2,2,clip_sim
1020,olive_0013.png,4,3,2,clip_sim
1021,olive_0013.png,4,3,2,clip_sim
1022,olive_0013.png,4,3,2,clip_sim
1023,olive_0013.png,3,3,2,clip_sim
1024,olive_0013.png,4,3,2,clip_sim
1025,olive_0013.png,3,3,2,clip_sim
1026,olive_0013.png,1,3,2,clip_sim
1027,olive_0013.png,1,3,2,clip_sim
1028,olive_0013.png,4,3,2,clip_sim
1029,olive_0013.png,4,3,2,clip_sim
1030,olive_0013.png,4,3,2,clip_sim
1031,olive_0013.png,4,2,2,clip_sim
1032,olive_0013.png,4,3,2,clip_sim
1033,olive_0013.png,3,3,2,clip_sim
1034,olive_0013.png,2,3,2,clip_sim
1035,olive_0013.png,2,3,2,clip_sim
1036,olive_0013.png,3,3,2,clip_sim
1097,olive_0021.png,2,2,2,clip_sim
1098,olive_0021.png,4,2,2,clip_sim
1099,olive_0021.png,4,2,2,clip_sim
1100,olive_0021.png,3,2,2,clip_sim
1101,olive_0021.png,1,2,2,clip_sim
1102,olive_0021.png,3,2,2,clip_sim
1103,olive_0021.png,4,2,2,clip_sim
1104,olive_0021.png,3,2,2,clip_sim
1105,olive_0021.png,3,2,2,clip_sim
1106,olive_0021.png,2,3,2,clip_sim
1107,olive_0021.png,3,2,2,clip_sim
1108,olive_0021.png,1,3,2,clip_sim
1109,olive_0021.png,4,3,2,clip_sim
1110,olive_0021.png,4,2,2,clip_sim
1111,olive_0022.png,3,4,2,clip_sim
1268,restaurant_0020.png,4,2,2,clip_sim
1269,restaurant_0020.png,3,2,2,clip_sim
1270,restaurant_0020.png,4,2,2,clip_sim
1271,restaurant_0020.png,2,3,2,clip_sim
1272,restaurant_0020.png,3,2,2,clip_sim
1273,restaurant_0020.png,3,2,2,clip_sim
1274,restaurant_0020.png,2,2,2,clip_sim
1275,restaurant_0020.png,3,2,2,clip_sim
1276,restaurant_0020.png,3,2,2,clip_sim
1277,restaurant_0020.png,2,3,2,clip_sim
1278,restaurant_0020.png,4,2,2,clip_sim
1279,restaurant_0020.png,2,2,2,clip_sim
1280,restaurant_0020.png,2,2,2,clip_sim
1281,restaurant_0020.png,2,2,2,clip_sim
1282,restaurant_0020.png,3,3,2,clip_sim
1283,restaurant_0020.png,3,2,2,clip_sim
1284,restaurant_0020.png,3,2,2,clip_sim
1285,restaurant_0020.png,3,2,2,clip_sim
1286,restaurant_0020.png,3,3,2,clip_sim
1287,restaurant_0020.png,1,3,2,clip_sim
1288,restaurant_0020.png,1,3,2,clip_sim
1289,restaurant_0020.png,1,2,2,clip_sim
1290,restaurant_0020.png,1,2,2,clip_sim
1291,restaurant_0020.png,3,3,2,clip_sim
1292,restaurant_0020.png,0,2,2,clip_sim
1415,zerokal_0008.png,4,4,2,clip_sim
1416,zerokal_0008.png,4,2,2,clip_sim
1417,zerokal_0008.png,4,4,2,clip_sim
1418,zerokal_0008.png,3,4,2,clip_sim
1419,zerokal_0008.png,3,4,2,clip_sim
1420,zerokal_0008.png,4,4,2,clip_sim
1421,zerokal_0008.png,3,4,2,clip_sim
1422,zerokal_0008.png,3,4,2,clip_sim
1423,zerokal_0008.png,2,3,2,clip_sim
1424,zerokal_0008.png,1,4,2,clip_sim
1425,zerokal_0008.png,1,3,2,clip_sim
1426,zerokal_0008.png,0,3,2,clip_sim
1427,zerokal_0008.png,2,4,2,clip_sim
1428,zerokal_0008.png,1,4,2,clip_sim
1429,zerokal_0008.png,1,4,2,clip_sim
1430,zerokal_0008.png,1,4,2,clip_sim
1431,zerokal_0008.png,4,4,2,clip_sim
1492,zerokal_0018.png,4,4,2,clip_sim
1493,zerokal_0018.png,4,4,2,clip_sim
1494,zerokal_0018.png,4,4,2,clip_sim
1495,zerokal_0018.png,1,4,2,clip_sim
1496,zerokal_0018.png,1,4,2,clip_sim
1497,zerokal_0018.png,3,4,2,clip_sim
1498,zerokal_0018.png,2,4,2,clip_sim
1499,zerokal_0018.png,1,4,2,clip_sim
1648,travelgram_0037.png,4,4,2,clip_sim
1649,travelgram_0037.png,3,3,2,clip_sim
1650,travelgram_0037.png,2,3,2,clip_sim
1651,travelgram_0037.png,3,3,2,clip_sim
1751,travelgram_0070.png,0,4,2,clip_sim
1752,travelgram_0070.png,0,4,2,clip_sim
1753,travelgram_0070.png,0,4,2,clip_sim
1754,travelgram_0070.png,0,3,2,clip_sim
1755,travelgram_0070.png,0,4,2,clip_sim
1756,travelgram_0070.png,0,4,2,clip_sim
1757,travelgram_0070.png,0,4,2,clip_sim
1758,travelgram_0070.png,0,4,2,clip_sim
1759,travelgram_0070.png,0,4,2,clip_sim
1760,travelgram_0070.png,0,4,2,clip_sim
1761,travelgram_0070.png,0,4,2,clip_sim
1899,solotravel_0009.png,2,4,2,clip_sim
1900,solotravel_0009.png,4,4,2,clip_sim
1901,solotravel_0009.png,2,4,2,clip_sim
1902,solotravel_0009.png,3,4,2,clip_sim
1903,solotravel_0009.png,4,4,2,clip_sim
1935,solotravel_0025.png,4,4,2,clip_sim
1954,solotravel_0033.png,4,4,2,clip_sim
1955,solotravel_0033.png,1,4,2,clip_sim
1956,solotravel_0033.png,2,4,2,clip_sim
1957,solotravel_0033.png,3,4,2,clip_sim
1958,solotravel_0033.png,2,4,2,clip_sim
1964,solotravel_0037.png,4,4,2,clip_sim
1965,solotravel_0037.png,3,4,2,clip_sim
1966,solotravel_0037.png,1,4,2,clip_sim
1967,solotravel_0037.png,4,4,2,clip_sim
2004,solotravel_0043.png,4,3,2,clip_sim
2005,solotravel_0043.png,4,3,2,clip_sim
2006,solotravel_0043.png,4,3,2,clip_sim
2007,solotravel_0043.png,1,3,2,clip_sim
2008,solotravel_0043.png,4,4,2,clip_sim
2069,solotravel_0055.png,3,4,2,clip_sim
2070,solotravel_0055.png,3,4,2,clip_sim
2071,solotravel_0055.png,3,4,2,clip_sim
2072,solotravel_0055.png,2,4,2,clip_sim
2073,solotravel_0055.png,1,4,2,clip_sim
2074,solotravel_0057.png,1,4,2,clip_sim
2075,solotravel_0057.png,4,3,2,clip_sim
2111,solotravel_0065.png,3,4,2,clip_sim
2112,solotravel_0065.png,4,4,2,clip_sim
2113,solotravel_0065.png,3,4,2,clip_sim
2114,solotravel_0065.png,3,4,2,clip_sim
2115,solotravel_0065.png,4,4,2,clip_sim
2121,solotravel_0067.png,4,4,2,clip_sim
2122,solotravel_0067.png,4,4,2,clip_sim
2123,solotravel_0067.png,3,4,2,clip_sim
2124,solotravel_0067.png,3,4,2,clip_sim
2125,solotravel_0067.png,2,4,2,clip_sim
2184,solotravel_0079.png,4,4,2,clip_sim
2185,solotravel_0079.png,3,4,2,clip_sim
2186,solotravel_0079.png,3,4,2,clip_sim
2187,solotravel_0079.png,2,4,2,clip_sim
2188,solotravel_0079.png,2,4,2,clip_sim
2194,solotravel_0082.png,4,4,2,clip_sim
2195,solotravel_0082.png,3,4,2,clip_sim
2196,solotravel_0082.png,4,4,2,clip_sim
2197,solotravel_0082.png,0,4,2,clip_sim
2198,solotravel_0082.png,0,4,2,clip_sim
2285,travel_0012.png,4,4,2,clip_sim
2286,travel_0012.png,2,4,2,clip_sim
2287,travel_0012.png,3,4,2,clip_sim
2288,travel_0012.png,3,4,2,clip_sim
2289,travel_0012.png,3,4,2,clip_sim
2290,travel_0013.png,2,3,2,clip_sim
2291,travel_0013.png,3,3,2,clip_sim
2292,travel_0013.png,1,3,2,clip_sim
2293,travel_0013.png,4,4,2,clip_sim
2294,travel_0013.png,1,4,2,clip_sim
2295,travel_0013.png,2,4,2,clip_sim
2296,travel_0013.png,2,3,2,clip_sim
2297,travel_0013.png,0,4,2,clip_sim
2298,travel_0013.png,4,3,2,clip_sim
2299,travel_0013.png,0,4,2,clip_sim
2300,travel_0013.png,4,4,2,clip_sim
2301,travel_0013.png,0,4,2,clip_sim
2302,travel_0013.png,1,4,2,clip_sim
2303,travel_0013.png,0,4,2,clip_sim
2304,travel_0013.png,1,4,2,clip_sim
2305,travel_0013.png,3,4,2,clip_sim
2306,travel_0013.png,0,4,2,clip_sim
2307,travel_0013.png,4,4,2,clip_sim
2308,travel_0013.png,0,4,2,clip_sim
2309,travel_0013.png,4,4,2,clip_sim
2310,travel_0013.png,0,4,2,clip_sim
2311,travel_0013.png,3,4,2,clip_sim
2312,travel_0013.png,0,3,2,clip_sim
2313,travel_0013.png,0,4,2,clip_sim
2314,travel_0013.png,1,4,2,clip_sim
2315,travel_0013.png,4,4,2,clip_sim
2316,travel_0013.png,4,3,2,clip_sim
2317,travel_0013.png,3,4,2,clip_sim
2318,travel_0013.png,4,4,2,clip_sim
2319,travel_0013.png,0,4,2,clip_sim
2320,travel_0015.png,4,4,2,clip_sim
2321,travel_0018.png,1,3,2,clip_sim
2322,travel_0018.png,0,3,2,clip_sim
2323,travel_0018.png,0,3,2,clip_sim
2324,travel_0018.png,1,3,2,clip_sim
2325,travel_0018.png,0,3,2,clip_sim
2326,travel_0018.png,0,3,2,clip_sim
2331,travel_0020.png,4,3,2,clip_sim
2332,travel_0020.png,4,4,2,clip_sim
2333,travel_0020.png,3,4,2,clip_sim
2334,travel_0020.png,2,4,2,clip_sim
2350,travel_0023.png,3,3,2,clip_sim
2351,travel_0023.png,4,3,2,clip_sim
2352,travel_0023.png,4,2,2,clip_sim
2353,travel_0023.png,3,3,2,clip_sim
2381,travel_0036.png,0,2,2,clip_sim
2382,travel_0036.png,0,2,2,clip_sim
2383,travel_0036.png,0,2,2,clip_sim
2384,travel_0038.png,3,4,2,clip_sim
2385,travel_0038.png,4,4,2,clip_sim
2386,travel_0038.png,4,4,2,clip_sim
2387,travel_0038.png,2,4,2,clip_sim
2388,travel_0038.png,0,4,2,clip_sim
2392,travel_0044.png,3,3,2,clip_sim
2393,travel_0044.png,3,4,2,clip_sim
2394,travel_0044.png,4,4,2,clip_sim
2527,travel_0067.png,4,2,2,clip_sim
2528,travel_0067.png,4,2,2,clip_sim
2529,travel_0067.png,2,2,2,clip_sim
2530,travel_0067.png,4,2,2,clip_sim
2531,travel_0069.png,3,4,2,clip_sim
2532,travel_0069.png,4,4,2,clip_sim
2533,travel_0069.png,3,4,2,clip_sim
2534,travel_0069.png,4,4,2,clip_sim
2535,travel_0071.png,4,3,2,clip_sim
2536,travel_0071.png,4,2,2,clip_sim
2609,travel_0086.png,1,2,2,clip_sim
2610,travel_0086.png,1,4,2,clip_sim
2611,travel_0086.png,1,4,2,clip_sim
2625,travel_0092.png,0,4,2,clip_sim
2626,travel_0092.png,0,3,2,clip_sim
2627,travel_0092.png,4,3,2,clip_sim
2628,travel_0092.png,1,4,2,clip_sim
2629,travel_0092.png,1,4,2,clip_sim
2630,travel_0092.png,1,3,2,clip_sim
2631,travel_0092.png,0,3,2,clip_sim
2632,travel_0092.png,0,3,2,clip_sim
2633,travel_0092.png,1,3,2,clip_sim
2634,travel_0092.png,0,4,2,clip_sim
2647,travel_0097.png,4,4,2,clip_sim
2648,travel_0097.png,3,4,2,clip_sim
2649,travel_0097.png,2,4,2,clip_sim
2654,foodstagram_0005.png,1,4,2,clip_sim
2655,foodstagram_0005.png,0,4,2,clip_sim
2656,foodstagram_0005.png,3,4,2,clip_sim
2664,foodstagram_0011.png,0,2,2,clip_sim
2665,foodstagram_0011.png,4,3,2,clip_sim
2763,foodstagram_0021.png,4,3,2,clip_sim
2764,foodstagram_0021.png,3,2,2,clip_sim
2765,foodstagram_0021.png,2,2,2,clip_sim
2766,foodstagram_0021.png,4,3,2,clip_sim
2840,foodstagram_0037.png,4,2,2,clip_sim
2841,foodstagram_0037.png,2,2,2,clip_sim
2842,foodstagram_0039.png,4,4,2,clip_sim
2843,foodstagram_0039.png,4,4,2,clip_sim
2844,foodstagram_0039.png,4,4,2,clip_sim
2845,foodstagram_0039.png,4,4,2,clip_sim
2846,foodstagram_0039.png,4,4,2,clip_sim
2847,foodstagram_0039.png,4,4,2,clip_sim
2882,foodstagram_0054.png,3,3,2,clip_sim
2883,foodstagram_0055.png,4,2,2,clip_sim
2884,foodstagram_0055.png,4,2,2,clip_sim
2885,foodstagram_0055.png,3,4,2,clip_sim
2886,foodstagram_0055.png,3,4,2,clip_sim
2887,foodstagram_0055.png,3,4,2,clip_sim
2922,foodstagram_0059.png,3,3,2,clip_sim
2923,foodstagram_0059.png,4,2,2,clip_sim
2924,foodstagram_0059.png,4,3,2,clip_sim
2925,foodstagram_0059.png,3,3,2,clip_sim
2926,foodstagram_0059.png,3,3,2,clip_sim
2979,foodstagram_0067.png,1,3,2,clip_sim
2980,foodstagram_0067.png,1,2,2,clip_sim
2981,foodstagram_0067.png,2,2,2,clip_sim
2982,foodstagram_0067.png,2,3,2,clip_sim
2983,foodstagram_0067.png,2,3,2,clip_sim
2984,foodstagram_0067.png,1,4,2,clip_sim
2985,foodstagram_0067.png,3,4,2,clip_sim
2986,foodstagram_0067.png,3,4,2,clip_sim
2987,foodstagram_0067.png,1,3,2,clip_sim
2988,foodstagram_0067.png,1,4,2,clip_sim
2989,foodstagram_0067.png,0,4,2,clip_sim
2990,foodstagram_0067.png,1,3,2,clip_sim
2991,foodstagram_0067.png,1,4,2,clip_sim
2992,foodstagram_0067.png,0,2,2,clip_sim
2993,foodstagram_0067.png,3,3,2,clip_sim
2994,foodstagram_0067.png,2,4,2,clip_sim
2995,foodstagram_0067.png,3,4,2,clip_sim
2996,foodstagram_0067.png,1,4,2,clip_sim
2997,foodstagram_0067.png,3,4,2,clip_sim
3008,foodstagram_0073.png,4,3,2,clip_sim
3009,foodstagram_0073.png,4,2,2,clip_sim
3010,foodstagram_0073.png,4,2,2,clip_sim
3011,foodstagram_0073.png,4,3,2,clip_sim
3012,foodstagram_0073.png,4,3,2,clip_sim
3013,foodstagram_0073.png,3,3,2,clip_sim
3019,foodstagram_0075.png,4,4,2,clip_sim
3025,foodstagram_0079.png,4,2,2,clip_sim
3026,foodstagram_0079.png,1,3,2,clip_sim
3027,foodstagram_0079.png,3,3,2,clip_sim
3028,foodstagram_0079.png,1,3,2,clip_sim
3029,foodstagram_0079.png,1,4,2,clip_sim
3052,foodstagram_0091.png,4,2,2,clip_sim
3053,foodstagram_0091.png,4,2,2,clip_sim
3054,foodstagram_0091.png,3,4,2,clip_sim
3055,foodstagram_0091.png,3,3,2,clip_sim
3056,foodstagram_0091.png,3,4,2,clip_sim
3116,meokstagram_0004.png,2,4,2,clip_sim
3117,meokstagram_0004.png,0,4,2,clip_sim
3118,meokstagram_0004.png,3,4,2,clip_sim
3119,meokstagram_0004.png,1,4,2,clip_sim
3120,meokstagram_0004.png,1,4,2,clip_sim
3121,meokstagram_0004.png,1,4,2,clip_sim
3122,meokstagram_0004.png,0,4,2,clip_sim
3123,meokstagram_0004.png,0,4,2,clip_sim
3140,meokstagram_0009.png,4,4,2,clip_sim
3141,meokstagram_0009.png,4,4,2,clip_sim
3142,meokstagram_0009.png,3,4,2,clip_sim
3143,meokstagram_0009.png,0,4,2,clip_sim
3144,meokstagram_0009.png,3,4,2,clip_sim
3145,meokstagram_0009.png,4,4,2,clip_sim
3146,meokstagram_0009.png,3,4,2,clip_sim
3147,meokstagram_0009.png,4,4,2,clip_sim
3148,meokstagram_0009.png,1,4,2,clip_sim
3149,meokstagram_0009.png,1,4,2,clip_sim
3150,meokstagram_0009.png,2,3,2,clip_sim
3151,meokstagram_0009.png,4,4,2,clip_sim
3152,meokstagram_0009.png,3,4,2,clip_sim
3153,meokstagram_0009.png,1,4,2,clip_sim
3154,meokstagram_0009.png,1,4,2,clip_sim
3155,meokstagram_0009.png,2,4,2,clip_sim
3156,meokstagram_0009.png,2,4,2,clip_sim
3157,meokstagram_0009.png,3,4,2,clip_sim
3158,meokstagram_0009.png,3,4,2,clip_sim
3159,meokstagram_0009.png,0,4,2,clip_sim
3160,meokstagram_0009.png,1,4,2,clip_sim
3161,meokstagram_0009.png,1,4,2,clip_sim
3162,meokstagram_0009.png,1,4,2,clip_sim
3163,meokstagram_0009.png,2,4,2,clip_sim
3164,meokstagram_0009.png,1,4,2,clip_sim
3165,meokstagram_0009.png,0,4,2,clip_sim
3166,meokstagram_0009.png,0,4,2,clip_sim
3167,meokstagram_0009.png,0,4,2,clip_sim
3168,meokstagram_0009.png,0,4,2,clip_sim
3169,meokstagram_0009.png,0,4,2,clip_sim
3189,meokstagram_0014.png,2,2,2,clip_sim
3190,meokstagram_0014.png,3,2,2,clip_sim
3191,meokstagram_0014.png,3,2,2,clip_sim
3192,meokstagram_0014.png,2,2,2,clip_sim
3193,meokstagram_0014.png,1,3,2,clip_sim
3194,meokstagram_0014.png,1,2,2,clip_sim
3242,meokstagram_0025.png,1,2,2,clip_sim
3243,meokstagram_0025.png,3,2,2,clip_sim
3244,meokstagram_0025.png,2,2,2,clip_sim
3245,meokstagram_0025.png,3,2,2,clip_sim
3246,meokstagram_0025.png,1,2,2,clip_sim
3291,meokstagram_0036.png,4,4,2,clip_sim
3292,meokstagram_0036.png,4,3,2,clip_sim
3293,meokstagram_0036.png,2,3,2,clip_sim
3386,meokstagram_0051.png,0,4,2,clip_sim
3387,meokstagram_0051.png,3,4,2,clip_sim
3388,meokstagram_0051.png,0,4,2,clip_sim
3389,meokstagram_0051.png,0,4,2,clip_sim
3390,meokstagram_0051.png,1,4,2,clip_sim
3391,meokstagram_0052.png,4,4,2,clip_sim
3392,meokstagram_0052.png,4,4,2,clip_sim
3393,meokstagram_0052.png,4,4,2,clip_sim
3421,meokstagram_0056.png,0,4,2,clip_sim
3422,meokstagram_0056.png,0,4,2,clip_sim
3423,meokstagram_0056.png,0,4,2,clip_sim
3424,meokstagram_0056.png,1,4,2,clip_sim
3425,meokstagram_0056.png,0,4,2,clip_sim
3426,meokstagram_0057.png,3,4,2,clip_sim
3427,meokstagram_0057.png,4,4,2,clip_sim
3428,meokstagram_0057.png,2,4,2,clip_sim
3429,meokstagram_0057.png,3,4,2,clip_sim
3430,meokstagram_0057.png,3,3,2,clip_sim
3431,meokstagram_0057.png,2,4,2,clip_sim
3432,meokstagram_0057.png,2,4,2,clip_sim
3433,meokstagram_0057.png,3,4,2,clip_sim
3434,meokstagram_0057.png,4,4,2,clip_sim
3435,meokstagram_0057.png,3,4,2,clip_sim
3436,meokstagram_0057.png,1,4,2,clip_sim
3437,meokstagram_0057.png,2,4,2,clip_sim
3438,meokstagram_0057.png,3,4,2,clip_sim
3439,meokstagram_0057.png,4,4,2,clip_sim
3440,meokstagram_0057.png,2,4,2,clip_sim
3441,meokstagram_0057.png,3,4,2,clip_sim
3442,meokstagram_0058.png,4,4,2,clip_sim
3443,meokstagram_0059.png,3,4,2,clip_sim
3444,meokstagram_0059.png,0,4,2,clip_sim
3445,meokstagram_0059.png,0,3,2,clip_sim
3446,meokstagram_0059.png,3,2,2,clip_sim
3447,meokstagram_0059.png,4,3,2,clip_sim
3452,meokstagram_0061.png,2,3,2,clip_sim
3453,meokstagram_0061.png,1,3,2,clip_sim
3454,meokstagram_0061.png,3,3,2,clip_sim
3455,meokstagram_0061.png,4,3,2,clip_sim
3456,meokstagram_0061.png,4,4,2,clip_sim
3457,meokstagram_0061.png,2,3,2,clip_sim
3458,meokstagram_0061.png,2,2,2,clip_sim
3459,meokstagram_0061.png,1,3,2,clip_sim
3460,meokstagram_0061.png,1,4,2,clip_sim
3461,meokstagram_0061.png,1,4,2,clip_sim
3462,meokstagram_0061.png,1,4,2,clip_sim
3463,meokstagram_0061.png,3,2,2,clip_sim
3464,meokstagram_0061.png,3,4,2,clip_sim
3465,meokstagram_0061.png,4,4,2,clip_sim
3466,meokstagram_0061.png,1,2,2,clip_sim
3467,meokstagram_0061.png,1,3,2,clip_sim
3468,meokstagram_0061.png,1,3,2,clip_sim
3469,meokstagram_0061.png,1,3,2,clip_sim
3482,meokstagram_0069.png,4,2,2,clip_sim
3483,meokstagram_0069.png,4,3,2,clip_sim
3484,meokstagram_0069.png,3,3,2,clip_sim
3485,meokstagram_0069.png,1,2,2,clip_sim
3493,meokstagram_0071.png,4,2,2,clip_sim
3494,meokstagram_0071.png,4,2,2,clip_sim
3495,meokstagram_0071.png,4,2,2,clip_sim
3496,meokstagram_0071.png,4,2,2,clip_sim
3497,meokstagram_0071.png,1,2,2,clip_sim
3498,meokstagram_0071.png,0,2,2,clip_sim
3499,meokstagram_0071.png,4,2,2,clip_sim
3500,meokstagram_0071.png,1,2,2,clip_sim
3501,meokstagram_0071.png,3,2,2,clip_sim
3502,meokstagram_0071.png,2,2,2,clip_sim
3503,meokstagram_0071.png,2,2,2,clip_sim
3504,meokstagram_0071.png,1,2,2,clip_sim
3505,meokstagram_0071.png,0,3,2,clip_sim
3529,meokstagram_0073.png,4,3,2,clip_sim
3530,meokstagram_0073.png,1,3,2,clip_sim
3531,meokstagram_0073.png,1,4,2,clip_sim
3532,meokstagram_0073.png,4,4,2,clip_sim
3533,meokstagram_0073.png,4,4,2,clip_sim
3534,meokstagram_0073.png,4,4,2,clip_sim
3535,meokstagram_0073.png,4,4,2,clip_sim
3536,meokstagram_0073.png,3,4,2,clip_sim
3537,meokstagram_0073.png,4,4,2,clip_sim
3538,meokstagram_0073.png,4,4,2,clip_sim
3539,meokstagram_0073.png,3,4,2,clip_sim
3540,meokstagram_0073.png,3,4,2,clip_sim
3541,meokstagram_0073.png,3,2,2,clip_sim
3542,meokstagram_0073.png,4,3,2,clip_sim
3543,meokstagram_0073.png,3,4,2,clip_sim
3544,meokstagram_0073.png,2,4,2,clip_sim
3545,meokstagram_0073.png,0,4,2,clip_sim
3546,meokstagram_0073.png,2,4,2,clip_sim
3547,meokstagram_0073.png,2,4,2,clip_sim
3573,meokstagram_0084.png,4,4,2,clip_sim
3574,meokstagram_0084.png,4,3,2,clip_sim
3575,meokstagram_0084.png,4,4,2,clip_sim
3607,meokstagram_0095.png,4,4,2,clip_sim
3608,meokstagram_0095.png,1,4,2,clip_sim
3609,meokstagram_0095.png,1,4,2,clip_sim
3610,meokstagram_0095.png,3,3,2,clip_sim
3611,meokstagram_0095.png,3,3,2,clip_sim
3628,meokstagram_0100.png,1,4,2,clip_sim
3629,meokstagram_0100.png,1,4,2,clip_sim
3630,meokstagram_0100.png,1,4,2,clip_sim
3631,meokstagram_0100.png,1,4,2,clip_sim
3632,meokstagram_0100.png,2,4,2,clip_sim
3638,jmt_0003.png,0,3,2,clip_sim
3639,jmt_0003.png,3,3,2,clip_sim
3640,jmt_0003.png,2,4,2,clip_sim
3641,jmt_0003.png,0,3,2,clip_sim
3642,jmt_0003.png,4,3,2,clip_sim
3648,jmt_0006.png,3,4,2,clip_sim
3649,jmt_0006.png,1,2,2,clip_sim
3656,jmt_0009.png,4,4,2,clip_sim
3657,jmt_0009.png,4,2,2,clip_sim
3658,jmt_0011.png,3,2,2,clip_sim
3659,jmt_0011.png,4,3,2,clip_sim
3660,jmt_0011.png,2,2,2,clip_sim
3661,jmt_0011.png,1,2,2,clip_sim
3662,jmt_0011.png,1,3,2,clip_sim
3668,jmt_0013.png,4,2,2,clip_sim
3669,jmt_0013.png,2,4,2,clip_sim
3670,jmt_0013.png,4,4,2,clip_sim
3671,jmt_0013.png,3,4,2,clip_sim
3672,jmt_0013.png,4,4,2,clip_sim
3727,jmt_0034.png,1,3,2,clip_sim
3728,jmt_0034.png,4,3,2,clip_sim
3729,jmt_0034.png,4,3,2,clip_sim
3730,jmt_0034.png,4,2,2,clip_sim
3731,jmt_0034.png,3,2,2,clip_sim
3735,jmt_0037.png,4,4,2,clip_sim
3736,jmt_0037.png,4,4,2,clip_sim
3776,jmt_0048.png,1,2,2,clip_sim
3777,jmt_0048.png,0,2,2,clip_sim
3778,jmt_0048.png,1,2,2,clip_sim
3780,jmt_0051.png,4,3,2,clip_sim
3781,jmt_0051.png,1,3,2,clip_sim
3782,jmt_0053.png,4,4,2,clip_sim
3825,jmt_0069.png,4,4,2,clip_sim
3826,jmt_0069.png,4,4,2,clip_sim
3827,jmt_0069.png,3,4,2,clip_sim
3828,jmt_0069.png,4,4,2,clip_sim
3829,jmt_0069.png,3,4,2,clip_sim
3881,jmt_0079.png,4,3,2,clip_sim
3882,jmt_0079.png,4,3,2,clip_sim
3883,jmt_0079.png,4,2,2,clip_sim
3884,jmt_0079.png,3,4,2,clip_sim
3886,jmt_0081.png,3,4,2,clip_sim
3887,jmt_0081.png,2,4,2,clip_sim
3888,jmt_0081.png,4,4,2,clip_sim
3889,jmt_0081.png,4,4,2,clip_sim
3890,jmt_0081.png,3,4,2,clip_sim
3906,jmt_0087.png,4,4,2,clip_sim
3907,jmt_0087.png,4,4,2,clip_sim
3908,jmt_0087.png,4,4,2,clip_sim
3909,jmt_0087.png,4,4,2,clip_sim
3910,jmt_0087.png,4,4,2,clip_sim
3936,jmt_0096.png,4,4,2,clip_sim
3937,jmt_0096.png,3,3,2,clip_sim
3938,jmt_0096.png,1,2,2,clip_sim
3939,jmt_0096.png,3,2,2,clip_sim
3940,jmt_0096.png,2,3,2,clip_sim
3946,jmt_0099.png,2,3,2,clip_sim
3947,jmt_0099.png,4,3,2,clip_sim
3948,jmt_0099.png,3,3,2,clip_sim
3949,jmt_0100.png,4,4,2,clip_sim
3950,jmt_0100.png,4,2,2,clip_sim
3951,jmt_0100.png,4,4,2,clip_sim
3952,jmt_0100.png,3,4,2,clip_sim
3953,jmt_0100.png,3,3,2,clip_sim
3954,jmt_0100.png,2,4,2,clip_sim
3955,jmt_0100.png,2,2,2,clip_sim
3956,jmt_0100.png,3,2,2,clip_sim
3957,jmt_0100.png,3,2,2,clip_sim
3958,jmt_0100.png,1,4,2,clip_sim
3959,jmt_0100.png,3,2,2,clip_sim
3960,makeup_0002.png,4,4,2,clip_sim
3979,makeup_0008.png,3,4,2,clip_sim
3980,makeup_0008.png,4,4,2,clip_sim
3981,makeup_0008.png,4,4,2,clip_sim
4000,makeup_0019.png,4,4,2,clip_sim
4001,makeup_0019.png,2,4,2,clip_sim
4002,makeup_0019.png,3,4,2,clip_sim
4003,makeup_0019.png,1,4,2,clip_sim
4004,makeup_0019.png,3,3,2,clip_sim
4051,makeup_0031.png,2,4,2,clip_sim
4052,makeup_0031.png,3,4,2,clip_sim
4053,makeup_0031.png,3,4,2,clip_sim
4054,makeup_0031.png,4,4,2,clip_sim
4055,makeup_0031.png,0,4,2,clip_sim
4056,makeup_0031.png,0,4,2,clip_sim
4057,makeup_0031.png,3,4,2,clip_sim
4058,makeup_0031.png,4,4,2,clip_sim
4059,makeup_0031.png,2,4,2,clip_sim
4060,makeup_0031.png,4,4,2,clip_sim
4061,makeup_0031.png,4,4,2,clip_sim
4062,makeup_0031.png,0,4,2,clip_sim
4076,makeup_0034.png,2,4,2,clip_sim
4077,makeup_0034.png,4,4,2,clip_sim
4078,makeup_0034.png,4,4,2,clip_sim
4079,makeup_0034.png,3,4,2,clip_sim
4096,makeup_0036.png,4,4,2,clip_sim
4097,makeup_0036.png,4,4,2,clip_sim
4098,makeup_0036.png,4,4,2,clip_sim
4099,makeup_0036.png,1,4,2,clip_sim
4100,makeup_0036.png,0,4,2,clip_sim
4101,makeup_0037.png,3,4,2,clip_sim
4102,makeup_0037.png,3,4,2,clip_sim
4103,makeup_0037.png,2,4,2,clip_sim
4141,makeup_0048.png,4,4,2,clip_sim
4142,makeup_0048.png,4,3,2,clip_sim
4143,makeup_0048.png,3,4,2,clip_sim
4144,makeup_0048.png,1,3,2,clip_sim
4145,makeup_0048.png,4,4,2,clip_sim
4146,makeup_0049.png,4,4,2,clip_sim
4147,makeup_0049.png,4,4,2,clip_sim
4148,makeup_0049.png,2,4,2,clip_sim
4149,makeup_0049.png,1,4,2,clip_sim
4150,makeup_0049.png,4,4,2,clip_sim
4151,makeup_0049.png,1,4,2,clip_sim
4152,makeup_0049.png,3,4,2,clip_sim
4153,makeup_0049.png,1,4,2,clip_sim
4154,makeup_0049.png,1,4,2,clip_sim
4155,makeup_0049.png,3,4,2,clip_sim
4156,makeup_0049.png,1,4,2,clip_sim
4157,makeup_0049.png,0,2,2,clip_sim
4255,makeup_0078.png,4,4,2,clip_sim
4256,makeup_0078.png,4,4,2,clip_sim
4257,makeup_0078.png,3,4,2,clip_sim
4258,makeup_0078.png,3,4,2,clip_sim
4259,makeup_0078.png,2,4,2,clip_sim
4321,makeup_0089.png,4,2,2,clip_sim
4322,makeup_0089.png,2,3,2,clip_sim
4323,makeup_0089.png,4,3,2,clip_sim
4324,makeup_0089.png,4,3,2,clip_sim
4325,makeup_0089.png,4,3,2,clip_sim
4326,makeup_0089.png,4,3,2,clip_sim
4339,makeup_0099.png,4,4,2,clip_sim
4340,makeup_0099.png,4,4,2,clip_sim
4349,dailymakeup_0003.png,4,4,2,clip_sim
4364,dailymakeup_0010.png,3,4,2,clip_sim
4365,dailymakeup_0010.png,3,4,2,clip_sim
4366,dailymakeup_0010.png,4,4,2,clip_sim
4367,dailymakeup_0010.png,3,4,2,clip_sim
4414,dailymakeup_0019.png,4,4,2,clip_sim
4415,dailymakeup_0019.png,3,4,2,clip_sim
4416,dailymakeup_0019.png,1,4,2,clip_sim
4417,dailymakeup_0019.png,1,4,2,clip_sim
4505,dailymakeup_0033.png,3,4,2,clip_sim
4506,dailymakeup_0033.png,4,3,2,clip_sim
4507,dailymakeup_0033.png,2,4,2,clip_sim
4508,dailymakeup_0033.png,2,4,2,clip_sim
4509,dailymakeup_0033.png,1,3,2,clip_sim
4510,dailymakeup_0033.png,1,3,2,clip_sim
4511,dailymakeup_0033.png,1,4,2,clip_sim
4512,dailymakeup_0033.png,3,3,2,clip_sim
4513,dailymakeup_0033.png,1,4,2,clip_sim
4514,dailymakeup_0033.png,1,3,2,clip_sim
4554,dailymakeup_0042.png,1,4,2,clip_sim
4555,dailymakeup_0042.png,2,3,2,clip_sim
4556,dailymakeup_0042.png,2,4,2,clip_sim
4557,dailymakeup_0042.png,4,4,2,clip_sim
4558,dailymakeup_0042.png,1,4,2,clip_sim
4559,dailymakeup_0042.png,1,4,2,clip_sim
4560,dailymakeup_0042.png,2,4,2,clip_sim
4561,dailymakeup_0042.png,1,4,2,clip_sim
4562,dailymakeup_0042.png,3,4,2,clip_sim
4563,dailymakeup_0042.png,4,4,2,clip_sim
4564,dailymakeup_0042.png,4,4,2,clip_sim
4565,dailymakeup_0042.png,2,4,2,clip_sim
4566,dailymakeup_0042.png,3,4,2,clip_sim
4567,dailymakeup_0042.png,1,4,2,clip_sim
4568,dailymakeup_0042.png,3,4,2,clip_sim
4569,dailymakeup_0042.png,4,4,2,clip_sim
4570,dailymakeup_0042.png,4,3,2,clip_sim
4575,dailymakeup_0045.png,4,3,2,clip_sim
4576,dailymakeup_0045.png,1,2,2,clip_sim
4577,dailymakeup_0045.png,1,4,2,clip_sim
4578,dailymakeup_0045.png,1,4,2,clip_sim
4579,dailymakeup_0045.png,1,3,2,clip_sim
4580,dailymakeup_0045.png,3,4,2,clip_sim
4581,dailymakeup_0045.png,2,4,2,clip_sim
4582,dailymakeup_0046.png,4,4,2,clip_sim
4583,dailymakeup_0046.png,4,4,2,clip_sim
4584,dailymakeup_0046.png,2,4,2,clip_sim
4655,dailymakeup_0058.png,4,4,2,clip_sim
4656,dailymakeup_0058.png,4,4,2,clip_sim
4657,dailymakeup_0058.png,4,2,2,clip_sim
4658,dailymakeup_0058.png,4,3,2,clip_sim
4659,dailymakeup_0058.png,4,4,2,clip_sim
4660,dailymakeup_0058.png,3,2,2,clip_sim
4664,dailymakeup_0060.png,4,4,2,clip_sim
4717,dailymakeup_0073.png,4,4,2,clip_sim
4722,dailymakeup_0075.png,1,4,2,clip_sim
4723,dailymakeup_0075.png,2,4,2,clip_sim
4724,dailymakeup_0075.png,3,4,2,clip_sim
4725,dailymakeup_0075.png,1,4,2,clip_sim
4726,dailymakeup_0075.png,0,4,2,clip_sim
4742,dailymakeup_0082.png,2,4,2,clip_sim
4743,dailymakeup_0082.png,3,3,2,clip_sim
4744,dailymakeup_0082.png,3,4,2,clip_sim
4745,dailymakeup_0082.png,4,4,2,clip_sim
4746,dailymakeup_0082.png,3,4,2,clip_sim
4748,dailymakeup_0084.png,2,3,2,clip_sim
4749,dailymakeup_0084.png,0,4,2,clip_sim
4750,dailymakeup_0084.png,2,4,2,clip_sim
4751,dailymakeup_0084.png,3,4,2,clip_sim
4752,dailymakeup_0084.png,2,4,2,clip_sim
4753,dailymakeup_0084.png,1,4,2,clip_sim
4754,dailymakeup_0084.png,1,4,2,clip_sim
4755,dailymakeup_0084.png,3,4,2,clip_sim
4756,dailymakeup_0084.png,3,4,2,clip_sim
4757,dailymakeup_0084.png,1,4,2,clip_sim
4781,dailymakeup_0091.png,3,4,2,clip_sim
4782,dailymakeup_0091.png,1,4,2,clip_sim
4783,dailymakeup_0091.png,2,4,2,clip_sim
4784,dailymakeup_0091.png,1,4,2,clip_sim
4793,dailymakeup_0096.png,3,4,2,clip_sim
4794,dailymakeup_0096.png,4,4,2,clip_sim
4795,dailymakeup_0096.png,3,4,2,clip_sim
4796,dailymakeup_0096.png,2,4,2,clip_sim
4797,dailymakeup_0096.png,3,4,2,clip_sim
4821,kkuankku_0003.png,3,4,2,clip_sim
4822,kkuankku_0003.png,3,4,2,clip_sim
4823,kkuankku_0003.png,3,4,2,clip_sim
4824,kkuankku_0003.png,4,4,2,clip_sim
4825,kkuankku_0003.png,2,4,2,clip_sim
4942,kkuankku_0034.png,4,4,2,clip_sim
4943,kkuankku_0034.png,2,4,2,clip_sim
4944,kkuankku_0034.png,4,4,2,clip_sim
4945,kkuankku_0034.png,3,4,2,clip_sim
4946,kkuankku_0034.png,3,4,2,clip_sim
4992,kkuankku_0052.png,4,4,2,clip_sim
4993,kkuankku_0052.png,4,4,2,clip_sim
4994,kkuankku_0052.png,3,4,2,clip_sim
4995,kkuankku_0052.png,4,4,2,clip_sim
5065,kkuankku_0069.png,4,4,2,clip_sim
5066,kkuankku_0069.png,3,4,2,clip_sim
5067,kkuankku_0069.png,3,4,2,clip_sim
5068,kkuankku_0069.png,1,4,2,clip_sim
5070,kkuankku_0072.png,2,4,2,clip_sim
5071,kkuankku_0072.png,3,4,2,clip_sim
5072,kkuankku_0072.png,3,4,2,clip_sim
5073,kkuankku_0072.png,2,4,2,clip_sim
5074,kkuankku_0072.png,2,4,2,clip_sim
5075,kkuankku_0072.png,4,4,2,clip_sim
5076,kkuankku_0072.png,4,4,2,clip_sim
5077,kkuankku_0072.png,3,4,2,clip_sim
5078,kkuankku_0072.png,3,4,2,clip_sim
5079,kkuankku_0072.png,3,4,2,clip_sim
5083,kkuankku_0079.png,4,4,2,clip_sim
5084,kkuankku_0079.png,4,4,2,clip_sim
5085,kkuankku_0079.png,4,4,2,clip_sim
5086,kkuankku_0079.png,4,4,2,clip_sim
5087,kkuankku_0079.png,2,4,2,clip_sim
5088,kkuankku_0079.png,3,4,2,clip_sim
5089,kkuankku_0079.png,1,3,2,clip_sim
5105,kkuankku_0089.png,4,4,2,clip_sim
5106,kkuankku_0089.png,4,4,2,clip_sim
5107,kkuankku_0089.png,4,4,2,clip_sim
5108,kkuankku_0089.png,3,3,2,clip_sim
5109,kkuankku_0089.png,3,4,2,clip_sim
5115,kkuankku_0097.png,2,4,2,clip_sim
5116,kkuankku_0097.png,1,4,2,clip_sim
5117,kkuankku_0097.png,4,4,2,clip_sim
5118,kkuankku_0097.png,4,4,2,clip_sim
5119,kkuankku_0097.png,4,4,2,clip_sim
5120,kkuankku_0097.png,4,3,2,clip_sim
5121,kkuankku_0097.png,3,4,2,clip_sim
5122,kkuankku_0097.png,3,4,2,clip_sim
5123,kkuankku_0097.png,1,4,2,clip_sim
5124,kkuankku_0097.png,1,4,2,clip_sim
5125,kkuankku_0097.png,1,4,2,clip_sim
5126,kkuankku_0097.png,3,4,2,clip_sim
5127,kkuankku_0097.png,4,4,2,clip_sim
5128,kkuankku_0097.png,2,4,2,clip_sim
5129,kkuankku_0097.png,2,4,2,clip_sim
5130,kkuankku_0097.png,3,4,2,clip_sim
5131,kkuankku_0097.png,1,4,2,clip_sim
5132,kkuankku_0097.png,4,4,2,clip_sim
5133,kkuankku_0097.png,4,4,2,clip_sim
5134,kkuankku_0097.png,3,4,2,clip_sim
5135,kkuankku_0097.png,3,4,2,clip_sim
5152,kkuankku_0099.png,4,2,2,clip_sim
5153,kkuankku_0099.png,3,2,2,clip_sim
5154,kkuankku_0099.png,3,2,2,clip_sim
5155,kkuankku_0099.png,3,2,2,clip_sim
5156,kkuankku_0099.png,4,2,2,clip_sim
5157,kkuankku_0099.png,3,2,2,clip_sim
5158,kkuankku_0099.png,3,2,2,clip_sim
5159,kkuankku_0099.png,4,4,2,clip_sim
5160,kkuankku_0099.png,3,4,2,clip_sim
5161,kkuankku_0099.png,4,3,2,clip_sim
5162,kkuankku_0099.png,4,3,2,clip_sim
5163,kkuankku_0099.png,2,2,2,clip_sim
5164,kkuankku_0099.png,1,2,2,clip_sim
5165,kkuankku_0099.png,2,4,2,clip_sim
5166,kkuankku_0099.png,1,4,2,clip_sim
5167,kkuankku_0099.png,0,2,2,clip_sim
5168,kkuankku_0099.png,4,4,2,clip_sim
5169,kkuankku_0099.png,4,4,2,clip_sim
5170,kkuankku_0099.png,4,4,2,clip_sim
5171,kkuankku_0099.png,4,4,2,clip_sim
5172,kkuankku_0099.png,4,4,2,clip_sim
5173,kkuankku_0099.png,4,4,2,clip_sim
5174,kkuankku_0099.png,3,4,2,clip_sim
5175,kkuankku_0099.png,3,4,2,clip_sim
5176,kkuankku_0099.png,2,4,2,clip_sim
5177,kkuankku_0099.png,3,4,2,clip_sim
5208,dailylook_0005.png,2,4,2,clip_sim
5209,dailylook_0005.png,1,4,2,clip_sim
5210,dailylook_0005.png,4,4,2,clip_sim
5211,dailylook_0005.png,1,3,2,clip_sim
5212,dailylook_0005.png,4,4,2,clip_sim
5213,dailylook_0005.png,3,4,2,clip_sim
5214,dailylook_0005.png,1,4,2,clip_sim
5215,dailylook_0005.png,2,3,2,clip_sim
5216,dailylook_0005.png,0,4,2,clip_sim
5217,dailylook_0005.png,1,3,2,clip_sim
5218,dailylook_0005.png,1,4,2,clip_sim
5219,dailylook_0005.png,2,4,2,clip_sim
5220,dailylook_0005.png,2,2,2,clip_sim
5221,dailylook_0005.png,1,3,2,clip_sim
5222,dailylook_0008.png,3,2,2,clip_sim
5223,dailylook_0008.png,4,4,2,clip_sim
5224,dailylook_0008.png,4,4,2,clip_sim
5225,dailylook_0008.png,3,4,2,clip_sim
5254,dailylook_0011.png,1,4,2,clip_sim
5255,dailylook_0011.png,2,4,2,clip_sim
5256,dailylook_0011.png,3,4,2,clip_sim
5257,dailylook_0011.png,3,4,2,clip_sim
5258,dailylook_0011.png,1,4,2,clip_sim
5259,dailylook_0012.png,4,4,2,clip_sim
5260,dailylook_0012.png,3,4,2,clip_sim
5261,dailylook_0012.png,3,4,2,clip_sim
5262,dailylook_0012.png,3,4,2,clip_sim
5263,dailylook_0012.png,3,4,2,clip_sim
5274,dailylook_0017.png,3,4,2,clip_sim
5275,dailylook_0017.png,3,4,2,clip_sim
5276,dailylook_0017.png,3,4,2,clip_sim
5277,dailylook_0017.png,1,4,2,clip_sim
5289,dailylook_0020.png,4,4,2,clip_sim
5290,dailylook_0020.png,4,4,2,clip_sim
5291,dailylook_0020.png,1,2,2,clip_sim
5292,dailylook_0020.png,1,3,2,clip_sim
5293,dailylook_0020.png,0,3,2,clip_sim
5294,dailylook_0020.png,0,3,2,clip_sim
5295,dailylook_0020.png,0,2,2,clip_sim
5296,dailylook_0020.png,1,2,2,clip_sim
5311,dailylook_0026.png,3,4,2,clip_sim
5312,dailylook_0026.png,3,4,2,clip_sim
5313,dailylook_0026.png,2,4,2,clip_sim
5314,dailylook_0026.png,3,4,2,clip_sim
5315,dailylook_0026.png,4,4,2,clip_sim
5316,dailylook_0026.png,3,4,2,clip_sim
5328,dailylook_0038.png,4,4,2,clip_sim
5329,dailylook_0038.png,2,4,2,clip_sim
5330,dailylook_0038.png,3,4,2,clip_sim
5331,dailylook_0038.png,4,4,2,clip_sim
5332,dailylook_0038.png,4,4,2,clip_sim
5333,dailylook_0038.png,3,4,2,clip_sim
5362,dailylook_0046.png,3,3,2,clip_sim
5363,dailylook_0046.png,3,4,2,clip_sim
5364,dailylook_0046.png,4,4,2,clip_sim
5365,dailylook_0046.png,3,4,2,clip_sim
5366,dailylook_0046.png,2,4,2,clip_sim
5367,dailylook_0048.png,4,4,2,clip_sim
5368,dailylook_0048.png,3,4,2,clip_sim
5369,dailylook_0048.png,4,4,2,clip_sim
5370,dailylook_0048.png,2,4,2,clip_sim
5371,dailylook_0048.png,4,4,2,clip_sim
5372,dailylook_0048.png,1,4,2,clip_sim
5373,dailylook_0048.png,1,4,2,clip_sim
5374,dailylook_0048.png,1,4,2,clip_sim
5401,dailylook_0054.png,1,2,2,clip_sim
5402,dailylook_0054.png,2,4,2,clip_sim
5403,dailylook_0054.png,3,4,2,clip_sim
5404,dailylook_0054.png,4,4,2,clip_sim
5405,dailylook_0054.png,2,4,2,clip_sim
5431,dailylook_0061.png,1,4,2,clip_sim
5432,dailylook_0062.png,4,4,2,clip_sim
5433,dailylook_0062.png,3,4,2,clip_sim
5434,dailylook_0062.png,4,4,2,clip_sim
5435,dailylook_0062.png,3,2,2,clip_sim
5436,dailylook_0062.png,3,2,2,clip_sim
5459,dailylook_0071.png,1,4,2,clip_sim
5460,dailylook_0071.png,3,4,2,clip_sim
5461,dailylook_0071.png,2,4,2,clip_sim
5462,dailylook_0071.png,1,4,2,clip_sim
5463,dailylook_0071.png,0,4,2,clip_sim
5464,dailylook_0073.png,4,3,2,clip_sim
5465,dailylook_0073.png,2,3,2,clip_sim
5466,dailylook_0073.png,4,4,2,clip_sim
5467,dailylook_0073.png,4,3,2,clip_sim
5468,dailylook_0074.png,4,4,2,clip_sim
5469,dailylook_0074.png,4,4,2,clip_sim
5470,dailylook_0074.png,4,4,2,clip_sim
5471,dailylook_0074.png,3,4,2,clip_sim
5472,dailylook_0074.png,3,4,2,clip_sim
5473,dailylook_0074.png,2,4,2,clip_sim
5474,dailylook_0077.png,4,4,2,clip_sim
5475,dailylook_0077.png,4,4,2,clip_sim
5476,dailylook_0077.png,4,4,2,clip_sim
5477,dailylook_0077.png,4,4,2,clip_sim
5478,dailylook_0077.png,3,4,2,clip_sim
5494,dailylook_0083.png,3,4,2,clip_sim
5495,dailylook_0083.png,4,4,2,clip_sim
5496,dailylook_0083.png,4,4,2,clip_sim
5497,dailylook_0083.png,4,4,2,clip_sim
5498,dailylook_0083.png,0,2,2,clip_sim
5499,dailylook_0087.png,3,4,2,clip_sim
5524,dailylook_0089.png,4,4,2,clip_sim
5525,dailylook_0089.png,0,4,2,clip_sim
5595,ootd_0005.png,4,4,2,clip_sim
5596,ootd_0005.png,4,4,2,clip_sim
5597,ootd_0005.png,3,4,2,clip_sim
5598,ootd_0005.png,3,4,2,clip_sim
5599,ootd_0005.png,3,4,2,clip_sim
5600,ootd_0005.png,4,4,2,clip_sim
5606,ootd_0008.png,3,4,2,clip_sim
5607,ootd_0008.png,3,4,2,clip_sim
5608,ootd_0008.png,3,4,2,clip_sim
5609,ootd_0008.png,2,4,2,clip_sim
5610,ootd_0008.png,3,4,2,clip_sim
5616,ootd_0014.png,4,4,2,clip_sim
5638,ootd_0017.png,1,4,2,clip_sim
5639,ootd_0017.png,0,4,2,clip_sim
5640,ootd_0017.png,1,4,2,clip_sim
5641,ootd_0017.png,2,4,2,clip_sim
5642,ootd_0017.png,2,4,2,clip_sim
5643,ootd_0017.png,3,4,2,clip_sim
5644,ootd_0017.png,3,4,2,clip_sim
5645,ootd_0017.png,2,4,2,clip_sim
5646,ootd_0017.png,1,4,2,clip_sim
5647,ootd_0017.png,3,4,2,clip_sim
5648,ootd_0017.png,3,3,2,clip_sim
5649,ootd_0017.png,0,4,2,clip_sim
5650,ootd_0017.png,0,4,2,clip_sim
5651,ootd_0017.png,3,4,2,clip_sim
5652,ootd_0017.png,0,3,2,clip_sim
5653,ootd_0017.png,0,2,2,clip_sim
5654,ootd_0017.png,3,3,2,clip_sim
5840,ootd_0083.png,4,4,2,clip_sim
5841,ootd_0083.png,3,4,2,clip_sim
5842,ootd_0083.png,4,3,2,clip_sim
5843,ootd_0083.png,4,4,2,clip_sim
5844,ootd_0083.png,3,4,2,clip_sim
5944,fashionista_0007.png,2,4,2,clip_sim
5945,fashionista_0007.png,3,4,2,clip_sim
5946,fashionista_0007.png,4,4,2,clip_sim
5947,fashionista_0008.png,1,3,2,clip_sim
5948,fashionista_0008.png,3,3,2,clip_sim
5949,fashionista_0008.png,3,4,2,clip_sim
5950,fashionista_0008.png,4,3,2,clip_sim
5951,fashionista_0008.png,2,3,2,clip_sim
5957,fashionista_0021.png,0,2,2,clip_sim
5958,fashionista_0021.png,1,4,2,clip_sim
5969,fashionista_0027.png,4,3,2,clip_sim
5970,fashionista_0027.png,4,4,2,clip_sim
5971,fashionista_0027.png,3,4,2,clip_sim
5972,fashionista_0027.png,4,4,2,clip_sim
5973,fashionista_0027.png,4,4,2,clip_sim
5974,fashionista_0027.png,3,3,2,clip_sim
5975,fashionista_0027.png,2,4,2,clip_sim
5976,fashionista_0027.png,3,4,2,clip_sim
5977,fashionista_0027.png,4,4,2,clip_sim
5978,fashionista_0027.png,4,4,2,clip_sim
5979,fashionista_0027.png,3,4,2,clip_sim
5980,fashionista_0027.png,3,4,2,clip_sim
5981,fashionista_0027.png,3,4,2,clip_sim
5982,fashionista_0027.png,4,3,2,clip_sim
5989,fashionista_0034.png,4,4,2,clip_sim
5990,fashionista_0034.png,4,4,2,clip_sim
5991,fashionista_0034.png,2,4,2,clip_sim
5992,fashionista_0034.png,1,4,2,clip_sim
6001,fashionista_0040.png,1,2,2,clip_sim
6002,fashionista_0040.png,2,2,2,clip_sim
6003,fashionista_0040.png,1,2,2,clip_sim
6004,fashionista_0040.png,2,2,2,clip_sim
6005,fashionista_0040.png,4,2,2,clip_sim
6006,fashionista_0041.png,3,2,2,clip_sim
6007,fashionista_0041.png,4,3,2,clip_sim
6008,fashionista_0042.png,1,4,2,clip_sim
6009,fashionista_0042.png,1,4,2,clip_sim
6010,fashionista_0042.png,3,4,2,clip_sim
6011,fashionista_0042.png,0,4,2,clip_sim
6012,fashionista_0042.png,2,4,2,clip_sim
6013,fashionista_0042.png,2,3,2,clip_sim
6014,fashionista_0042.png,1,4,2,clip_sim
6015,fashionista_0042.png,2,4,2,clip_sim
6016,fashionista_0042.png,2,4,2,clip_sim
6017,fashionista_0042.png,1,4,2,clip_sim
6018,fashionista_0042.png,0,4,2,clip_sim
6019,fashionista_0042.png,0,4,2,clip_sim
6020,fashionista_0042.png,3,3,2,clip_sim
6021,fashionista_0042.png,3,4,2,clip_sim
6022,fashionista_0042.png,2,4,2,clip_sim
6023,fashionista_0042.png,3,4,2,clip_sim
6024,fashionista_0042.png,2,4,2,clip_sim
6025,fashionista_0042.png,3,4,2,clip_sim
6026,fashionista_0042.png,3,3,2,clip_sim
6027,fashionista_0042.png,3,4,2,clip_sim
6028,fashionista_0042.png,2,4,2,clip_sim
6029,fashionista_0042.png,4,3,2,clip_sim
6030,fashionista_0042.png,3,4,2,clip_sim
6031,fashionista_0042.png,1,4,2,clip_sim
6032,fashionista_0042.png,0,3,2,clip_sim
6033,fashionista_0042.png,3,4,2,clip_sim
6034,fashionista_0042.png,3,4,2,clip_sim
6035,fashionista_0042.png,3,4,2,clip_sim
6036,fashionista_0042.png,2,3,2,clip_sim
6037,fashionista_0042.png,0,4,2,clip_sim
6038,fashionista_0044.png,1,4,2,clip_sim
6039,fashionista_0044.png,0,4,2,clip_sim
6040,fashionista_0044.png,3,2,2,clip_sim
6041,fashionista_0044.png,2,3,2,clip_sim
6042,fashionista_0044.png,2,3,2,clip_sim
6043,fashionista_0044.png,3,3,2,clip_sim
6044,fashionista_0044.png,4,4,2,clip_sim
6045,fashionista_0044.png,4,4,2,clip_sim
6046,fashionista_0044.png,4,3,2,clip_sim
6047,fashionista_0044.png,1,2,2,clip_sim
6048,fashionista_0044.png,3,2,2,clip_sim
6049,fashionista_0044.png,3,4,2,clip_sim
6050,fashionista_0044.png,2,4,2,clip_sim
6051,fashionista_0044.png,1,4,2,clip_sim
6052,fashionista_0044.png,0,2,2,clip_sim
6053,fashionista_0044.png,3,4,2,clip_sim
6054,fashionista_0044.png,2,3,2,clip_sim
6055,fashionista_0044.png,2,4,2,clip_sim
6056,fashionista_0044.png,3,4,2,clip_sim
6057,fashionista_0044.png,2,4,2,clip_sim
6058,fashionista_0044.png,3,4,2,clip_sim
6059,fashionista_0044.png,0,4,2,clip_sim
6060,fashionista_0044.png,2,4,2,clip_sim
6061,fashionista_0044.png,3,4,2,clip_sim
6062,fashionista_0044.png,1,4,2,clip_sim
6063,fashionista_0044.png,0,2,2,clip_sim
6064,fashionista_0044.png,1,4,2,clip_sim
6065,fashionista_0044.png,2,4,2,clip_sim
6066,fashionista_0044.png,2,3,2,clip_sim
6283,fashionista_0078.png,0,3,2,clip_sim
6284,fashionista_0078.png,3,3,2,clip_sim
6285,fashionista_0078.png,3,3,2,clip_sim
6286,fashionista_0078.png,3,3,2,clip_sim
6287,fashionista_0078.png,3,3,2,clip_sim
6288,fashionista_0078.png,3,3,2,clip_sim
6289,fashionista_0078.png,4,3,2,clip_sim
6463,neungsohwa_0005.png,4,2,2,clip_sim
6464,neungsohwa_0005.png,3,2,2,clip_sim
6465,neungsohwa_0005.png,1,2,2,clip_sim
6522,neungsohwa_0016.png,4,3,2,clip_sim
6523,neungsohwa_0016.png,1,3,2,clip_sim
6524,neungsohwa_0016.png,4,3,2,clip_sim
6525,neungsohwa_0016.png,4,2,2,clip_sim
6577,neungsohwa_0027.png,4,3,2,clip_sim
6578,neungsohwa_0027.png,0,3,2,clip_sim
6579,neungsohwa_0027.png,1,2,2,clip_sim
6581,neungsohwa_0029.png,4,3,2,clip_sim
6582,neungsohwa_0029.png,3,2,2,clip_sim
6583,neungsohwa_0029.png,4,2,2,clip_sim
6584,neungsohwa_0029.png,2,2,2,clip_sim
6585,neungsohwa_0029.png,0,2,2,clip_sim
6586,neungsohwa_0030.png,3,3,2,clip_sim
6587,neungsohwa_0030.png,4,3,2,clip_sim
6607,neungsohwa_0040.png,4,3,2,clip_sim
6608,neungsohwa_0040.png,2,2,2,clip_sim
6609,neungsohwa_0040.png,4,3,2,clip_sim
6610,neungsohwa_0040.png,1,3,2,clip_sim
6611,neungsohwa_0041.png,4,4,2,clip_sim
6612,neungsohwa_0041.png,4,4,2,clip_sim
6613,neungsohwa_0041.png,1,2,2,clip_sim
6614,neungsohwa_0041.png,4,3,2,clip_sim
6615,neungsohwa_0041.png,2,2,2,clip_sim
6620,neungsohwa_0044.png,1,2,2,clip_sim
6621,neungsohwa_0044.png,4,3,2,clip_sim
6622,neungsohwa_0044.png,1,3,2,clip_sim
6623,neungsohwa_0045.png,1,4,2,clip_sim
6624,neungsohwa_0045.png,3,4,2,clip_sim
6625,neungsohwa_0045.png,0,4,2,clip_sim
6626,neungsohwa_0045.png,4,4,2,clip_sim
6627,neungsohwa_0045.png,2,4,2,clip_sim
6638,neungsohwa_0049.png,3,3,2,clip_sim
6639,neungsohwa_0049.png,4,3,2,clip_sim
6640,neungsohwa_0049.png,4,2,2,clip_sim
6641,neungsohwa_0049.png,4,3,2,clip_sim
6642,neungsohwa_0049.png,3,3,2,clip_sim
6643,neungsohwa_0049.png,2,3,2,clip_sim
6644,neungsohwa_0049.png,3,3,2,clip_sim
6645,neungsohwa_0049.png,3,3,2,clip_sim
6646,neungsohwa_0049.png,3,3,2,clip_sim
6647,neungsohwa_0049.png,4,4,2,clip_sim
6648,neungsohwa_0049.png,1,2,2,clip_sim
6649,neungsohwa_0049.png,2,2,2,clip_sim
6650,neungsohwa_0049.png,2,2,2,clip_sim
6651,neungsohwa_0049.png,2,2,2,clip_sim
6652,neungsohwa_0049.png,2,2,2,clip_sim
6653,neungsohwa_0049.png,1,2,2,clip_sim
6654,neungsohwa_0049.png,0,2,2,clip_sim
6663,neungsohwa_0053.png,1,4,2,clip_sim
6664,neungsohwa_0053.png,2,4,2,clip_sim
6665,neungsohwa_0053.png,0,4,2,clip_sim
6666,neungsohwa_0053.png,0,4,2,clip_sim
6667,neungsohwa_0053.png,1,4,2,clip_sim
6668,neungsohwa_0053.png,0,4,2,clip_sim
6669,neungsohwa_0053.png,0,4,2,clip_sim
6670,neungsohwa_0053.png,0,4,2,clip_sim
6671,neungsohwa_0053.png,0,4,2,clip_sim
6672,neungsohwa_0053.png,3,4,2,clip_sim
6673,neungsohwa_0053.png,0,4,2,clip_sim
6674,neungsohwa_0053.png,0,4,2,clip_sim
6681,neungsohwa_0058.png,4,4,2,clip_sim
6682,neungsohwa_0058.png,4,4,2,clip_sim
6683,neungsohwa_0058.png,4,4,2,clip_sim
6684,neungsohwa_0058.png,4,4,2,clip_sim
6685,neungsohwa_0059.png,1,2,2,clip_sim
6686,neungsohwa_0059.png,4,2,2,clip_sim
6687,neungsohwa_0059.png,2,2,2,clip_sim
6688,neungsohwa_0059.png,3,2,2,clip_sim
6689,neungsohwa_0059.png,1,2,2,clip_sim
6690,neungsohwa_0059.png,1,3,2,clip_sim
6691,neungsohwa_0060.png,4,4,2,clip_sim
6698,neungsohwa_0065.png,4,3,2,clip_sim
6699,neungsohwa_0065.png,4,2,2,clip_sim
6700,neungsohwa_0065.png,4,2,2,clip_sim
6701,neungsohwa_0065.png,1,2,2,clip_sim
6702,neungsohwa_0065.png,1,2,2,clip_sim
6721,neungsohwa_0076.png,3,4,2,clip_sim
6722,neungsohwa_0076.png,3,4,2,clip_sim
6723,neungsohwa_0076.png,4,4,2,clip_sim
6724,neungsohwa_0076.png,2,4,2,clip_sim
6725,neungsohwa_0076.png,1,4,2,clip_sim
6739,neungsohwa_0082.png,2,3,2,clip_sim
6740,neungsohwa_0082.png,4,3,2,clip_sim
6741,neungsohwa_0082.png,3,3,2,clip_sim
6759,neungsohwa_0087.png,1,2,2,clip_sim
6760,neungsohwa_0087.png,4,2,2,clip_sim
6761,neungsohwa_0087.png,3,2,2,clip_sim
6762,neungsohwa_0087.png,2,2,2,clip_sim
6763,neungsohwa_0087.png,1,3,2,clip_sim
6794,neungsohwa_0098.png,2,2,2,clip_sim
6795,neungsohwa_0098.png,1,2,2,clip_sim
6796,neungsohwa_0098.png,0,2,2,clip_sim
6797,neungsohwa_0098.png,1,2,2,clip_sim
6817,danpung_0001.png,4,4,2,clip_sim
6818,danpung_0001.png,3,4,2,clip_sim
6819,danpung_0001.png,3,4,2,clip_sim
6820,danpung_0001.png,3,3,2,clip_sim
6821,danpung_0001.png,1,4,2,clip_sim
6822,danpung_0001.png,3,4,2,clip_sim
6823,danpung_0001.png,4,4,2,clip_sim
6824,danpung_0001.png,2,4,2,clip_sim
6825,danpung_0001.png,1,4,2,clip_sim
6826,danpung_0001.png,3,4,2,clip_sim
6827,danpung_0001.png,1,4,2,clip_sim
6828,danpung_0001.png,0,4,2,clip_sim
6829,danpung_0001.png,2,4,2,clip_sim
6830,danpung_0001.png,2,4,2,clip_sim
6831,danpung_0001.png,1,4,2,clip_sim
6832,danpung_0001.png,1,4,2,clip_sim
6833,danpung_0001.png,0,4,2,clip_sim
6834,danpung_0003.png,4,3,2,clip_sim
6835,danpung_0003.png,3,4,2,clip_sim
6836,danpung_0003.png,1,3,2,clip_sim
6837,danpung_0003.png,3,3,2,clip_sim
6838,danpung_0003.png,4,4,2,clip_sim
6880,danpung_0015.png,4,4,2,clip_sim
6881,danpung_0015.png,4,4,2,clip_sim
6882,danpung_0015.png,4,4,2,clip_sim
6883,danpung_0015.png,3,4,2,clip_sim
6893,danpung_0017.png,1,2,2,clip_sim
6894,danpung_0017.png,2,4,2,clip_sim
6895,danpung_0017.png,4,3,2,clip_sim
6896,danpung_0018.png,3,3,2,clip_sim
6897,danpung_0018.png,1,3,2,clip_sim
6898,danpung_0018.png,1,3,2,clip_sim
6899,danpung_0018.png,4,3,2,clip_sim
6900,danpung_0018.png,3,3,2,clip_sim
6901,danpung_0018.png,4,3,2,clip_sim
6902,danpung_0018.png,2,3,2,clip_sim
6903,danpung_0018.png,4,3,2,clip_sim
6904,danpung_0018.png,2,3,2,clip_sim
6905,danpung_0018.png,2,3,2,clip_sim
6906,danpung_0018.png,4,3,2,clip_sim
6907,danpung_0018.png,4,3,2,clip_sim
6908,danpung_0018.png,3,3,2,clip_sim
6909,danpung_0018.png,2,3,2,clip_sim
6946,danpung_0030.png,4,4,2,clip_sim
6947,danpung_0030.png,4,4,2,clip_sim
6948,danpung_0030.png,4,4,2,clip_sim
6949,danpung_0030.png,3,4,2,clip_sim
6950,danpung_0030.png,3,4,2,clip_sim
6951,danpung_0030.png,4,4,2,clip_sim
6952,danpung_0030.png,4,4,2,clip_sim
6953,danpung_0030.png,2,4,2,clip_sim
6954,danpung_0030.png,3,3,2,clip_sim
6955,danpung_0030.png,2,3,2,clip_sim
6956,danpung_0030.png,1,3,2,clip_sim
6957,danpung_0030.png,3,4,2,clip_sim
6958,danpung_0030.png,4,4,2,clip_sim
6959,danpung_0030.png,3,3,2,clip_sim
6960,danpung_0030.png,3,4,2,clip_sim
6961,danpung_0030.png,4,4,2,clip_sim
6962,danpung_0030.png,3,4,2,clip_sim
6963,danpung_0030.png,2,4,2,clip_sim
6964,danpung_0030.png,2,4,2,clip_sim
6965,danpung_0030.png,0,4,2,clip_sim
6992,danpung_0037.png,4,3,2,clip_sim
6993,danpung_0037.png,3,2,2,clip_sim
6994,danpung_0037.png,1,2,2,clip_sim
6995,danpung_0037.png,1,3,2,clip_sim
6996,danpung_0037.png,1,2,2,clip_sim
6997,danpung_0037.png,0,2,2,clip_sim
6998,danpung_0037.png,1,2,2,clip_sim
6999,danpung_0037.png,3,3,2,clip_sim
7000,danpung_0037.png,0,3,2,clip_sim
7001,danpung_0037.png,3,2,2,clip_sim
7002,danpung_0037.png,4,2,2,clip_sim
7003,danpung_0037.png,2,2,2,clip_sim
7004,danpung_0037.png,3,3,2,clip_sim
7005,danpung_0037.png,4,2,2,clip_sim
7006,danpung_0037.png,4,2,2,clip_sim
7007,danpung_0037.png,4,2,2,clip_sim
7008,danpung_0037.png,4,3,2,clip_sim
7009,danpung_0037.png,4,3,2,clip_sim
7010,danpung_0037.png,4,2,2,clip_sim
7011,danpung_0037.png,4,3,2,clip_sim
7012,danpung_0037.png,4,2,2,clip_sim
7013,danpung_0037.png,4,3,2,clip_sim
7014,danpung_0037.png,1,2,2,clip_sim
7015,danpung_0037.png,3,2,2,clip_sim
7016,danpung_0037.png,3,2,2,clip_sim
7017,danpung_0039.png,4,2,2,clip_sim
7018,danpung_0039.png,4,2,2,clip_sim
7019,danpung_0039.png,3,2,2,clip_sim
7020,danpung_0039.png,3,2,2,clip_sim
7051,danpung_0044.png,1,4,2,clip_sim
7052,danpung_0044.png,0,4,2,clip_sim
7053,danpung_0044.png,1,4,2,clip_sim
7061,danpung_0047.png,0,3,2,clip_sim
7145,danpung_0068.png,2,4,2,clip_sim
7146,danpung_0068.png,4,3,2,clip_sim
7147,danpung_0068.png,2,4,2,clip_sim
7148,danpung_0068.png,2,4,2,clip_sim
7149,danpung_0068.png,3,4,2,clip_sim
7150,danpung_0068.png,3,3,2,clip_sim
7151,danpung_0068.png,2,3,2,clip_sim
7152,danpung_0068.png,4,3,2,clip_sim
7153,danpung_0068.png,3,3,2,clip_sim
7154,danpung_0068.png,4,4,2,clip_sim
7155,danpung_0068.png,2,3,2,clip_sim
7156,danpung_0068.png,3,3,2,clip_sim
7157,danpung_0068.png,2,4,2,clip_sim
7158,danpung_0068.png,3,3,2,clip_sim
7159,danpung_0068.png,4,4,2,clip_sim
7160,danpung_0068.png,1,3,2,clip_sim
7161,danpung_0068.png,1,4,2,clip_sim
7162,danpung_0068.png,4,3,2,clip_sim
7163,danpung_0068.png,2,3,2,clip_sim
7164,danpung_0068.png,2,3,2,clip_sim
7165,danpung_0068.png,3,4,2,clip_sim
7166,danpung_0068.png,3,3,2,clip_sim
7167,danpung_0068.png,3,4,2,clip_sim
7168,danpung_0068.png,2,4,2,clip_sim
7169,danpung_0068.png,3,4,2,clip_sim
7170,danpung_0068.png,0,3,2,clip_sim
7171,danpung_0068.png,1,4,2,clip_sim
7172,danpung_0069.png,0,4,2,clip_sim
7173,danpung_0069.png,3,4,2,clip_sim
7174,danpung_0069.png,0,4,2,clip_sim
7175,danpung_0069.png,4,4,2,clip_sim
7176,danpung_0069.png,2,4,2,clip_sim
7177,danpung_0069.png,4,4,2,clip_sim
7178,danpung_0069.png,2,4,2,clip_sim
7179,danpung_0069.png,3,4,2,clip_sim
7180,danpung_0069.png,0,4,2,clip_sim
7181,danpung_0069.png,4,4,2,clip_sim
7182,danpung_0069.png,0,4,2,clip_sim
7183,danpung_0069.png,0,4,2,clip_sim
7184,danpung_0069.png,0,4,2,clip_sim
7185,danpung_0069.png,4,4,2,clip_sim
7186,danpung_0069.png,4,4,2,clip_sim
7187,danpung_0069.png,1,4,2,clip_sim
7188,danpung_0069.png,3,4,2,clip_sim
7189,danpung_0069.png,2,4,2,clip_sim
7190,danpung_0069.png,3,4,2,clip_sim
7191,danpung_0069.png,2,4,2,clip_sim
7192,danpung_0069.png,4,4,2,clip_sim
7248,danpung_0086.png,1,2,2,clip_sim
7249,danpung_0086.png,1,4,2,clip_sim
7250,danpung_0086.png,1,4,2,clip_sim
7251,danpung_0086.png,1,4,2,clip_sim
7252,danpung_0086.png,1,3,2,clip_sim
7275,danpung_0098.png,4,3,2,clip_sim
7276,danpung_0098.png,2,2,2,clip_sim
7277,danpung_0098.png,4,2,2,clip_sim
7278,danpung_0098.png,4,3,2,clip_sim
7279,danpung_0098.png,4,2,2,clip_sim
7280,danpung_0098.png,4,2,2,clip_sim
7281,danpung_0098.png,4,2,2,clip_sim
7282,danpung_0098.png,4,3,2,clip_sim
7283,danpung_0098.png,2,2,2,clip_sim
7284,danpung_0098.png,1,2,2,clip_sim
7285,danpung_0098.png,4,2,2,clip_sim
7286,danpung_0098.png,1,2,2,clip_sim
7287,danpung_0098.png,2,3,2,clip_sim
7288,danpung_0098.png,4,3,2,clip_sim
7289,danpung_0098.png,1,2,2,clip_sim
7290,danpung_0098.png,3,2,2,clip_sim
7291,danpung_0098.png,3,3,2,clip_sim
7292,danpung_0098.png,4,2,2,clip_sim
7293,danpung_0098.png,2,2,2,clip_sim
7297,cherryblossom_0006.png,4,4,2,clip_sim
7298,cherryblossom_0006.png,3,4,2,clip_sim
7299,cherryblossom_0006.png,4,4,2,clip_sim
7307,cherryblossom_0014.png,3,4,2,clip_sim
7308,cherryblossom_0014.png,4,4,2,clip_sim
7309,cherryblossom_0015.png,3,4,2,clip_sim
7310,cherryblossom_0015.png,3,4,2,clip_sim
7311,cherryblossom_0015.png,4,3,2,clip_sim
7312,cherryblossom_0015.png,2,4,2,clip_sim
7313,cherryblossom_0015.png,3,4,2,clip_sim
7326,cherryblossom_0024.png,4,4,2,clip_sim
7327,cherryblossom_0024.png,4,4,2,clip_sim
7328,cherryblossom_0024.png,1,3,2,clip_sim
7329,cherryblossom_0024.png,0,2,2,clip_sim
7330,cherryblossom_0024.png,2,3,2,clip_sim
7351,cherryblossom_0026.png,0,4,2,clip_sim
7352,cherryblossom_0026.png,1,4,2,clip_sim
7353,cherryblossom_0026.png,0,4,2,clip_sim
7374,cherryblossom_0033.png,4,3,2,clip_sim
7375,cherryblossom_0033.png,4,3,2,clip_sim
7376,cherryblossom_0033.png,1,4,2,clip_sim
7377,cherryblossom_0033.png,0,3,2,clip_sim
7378,cherryblossom_0033.png,0,3,2,clip_sim
7379,cherryblossom_0033.png,0,3,2,clip_sim
7380,cherryblossom_0033.png,0,3,2,clip_sim
7381,cherryblossom_0033.png,3,3,2,clip_sim
7382,cherryblossom_0033.png,3,3,2,clip_sim
7383,cherryblossom_0033.png,4,3,2,clip_sim
7384,cherryblossom_0033.png,3,2,2,clip_sim
7385,cherryblossom_0033.png,2,3,2,clip_sim
7386,cherryblossom_0033.png,3,3,2,clip_sim
7387,cherryblossom_0033.png,2,3,2,clip_sim
7388,cherryblossom_0033.png,3,2,2,clip_sim
7389,cherryblossom_0033.png,3,3,2,clip_sim
7390,cherryblossom_0033.png,2,3,2,clip_sim
7391,cherryblossom_0033.png,4,3,2,clip_sim
7392,cherryblossom_0033.png,1,3,2,clip_sim
7393,cherryblossom_0033.png,4,4,2,clip_sim
7415,cherryblossom_0041.png,4,4,2,clip_sim
7416,cherryblossom_0041.png,3,4,2,clip_sim
7417,cherryblossom_0041.png,2,4,2,clip_sim
7418,cherryblossom_0041.png,4,4,2,clip_sim
7461,cherryblossom_0052.png,1,2,2,clip_sim
7462,cherryblossom_0052.png,4,3,2,clip_sim
7468,cherryblossom_0054.png,4,4,2,clip_sim
7473,cherryblossom_0056.png,3,2,2,clip_sim
7474,cherryblossom_0056.png,3,3,2,clip_sim
7475,cherryblossom_0056.png,3,2,2,clip_sim
7476,cherryblossom_0056.png,3,2,2,clip_sim
7477,cherryblossom_0056.png,3,2,2,clip_sim
7478,cherryblossom_0056.png,0,3,2,clip_sim
7479,cherryblossom_0056.png,0,3,2,clip_sim
7480,cherryblossom_0056.png,0,3,2,clip_sim
7481,cherryblossom_0056.png,0,3,2,clip_sim
7482,cherryblossom_0056.png,1,2,2,clip_sim
7483,cherryblossom_0056.png,0,2,2,clip_sim
7484,cherryblossom_0056.png,0,2,2,clip_sim
7485,cherryblossom_0056.png,1,2,2,clip_sim
7486,cherryblossom_0056.png,4,3,2,clip_sim
7487,cherryblossom_0056.png,2,3,2,clip_sim
7488,cherryblossom_0056.png,0,3,2,clip_sim
7489,cherryblossom_0056.png,1,3,2,clip_sim
7490,cherryblossom_0056.png,4,3,2,clip_sim
7491,cherryblossom_0056.png,4,2,2,clip_sim
7499,cherryblossom_0061.png,4,4,2,clip_sim
7500,cherryblossom_0061.png,4,4,2,clip_sim
7501,cherryblossom_0061.png,0,4,2,clip_sim
7502,cherryblossom_0061.png,0,4,2,clip_sim
7503,cherryblossom_0061.png,0,4,2,clip_sim
7504,cherryblossom_0062.png,4,3,2,clip_sim
7505,cherryblossom_0062.png,4,4,2,clip_sim
7506,cherryblossom_0062.png,4,3,2,clip_sim
7507,cherryblossom_0062.png,1,4,2,clip_sim
7508,cherryblossom_0062.png,3,3,2,clip_sim
7559,cherryblossom_0084.png,2,3,2,clip_sim
7560,cherryblossom_0084.png,4,4,2,clip_sim
7561,cherryblossom_0084.png,1,4,2,clip_sim
7562,cherryblossom_0084.png,3,4,2,clip_sim
7563,cherryblossom_0084.png,2,4,2,clip_sim
7572,cherryblossom_0088.png,4,4,2,clip_sim
7573,cherryblossom_0088.png,4,4,2,clip_sim
7574,cherryblossom_0088.png,4,4,2,clip_sim
7607,cherryblossom_0099.png,4,3,2,clip_sim
7608,cherryblossom_0099.png,4,3,2,clip_sim
7609,cherryblossom_0099.png,3,3,2,clip_sim
7610,cherryblossom_0099.png,4,3,2,clip_sim
7611,cherryblossom_0099.png,1,2,2,clip_sim
7612,cherryblossom_0099.png,3,3,2,clip_sim
7613,cherryblossom_0099.png,4,4,2,clip_sim
7614,cherryblossom_0099.png,4,3,2,clip_sim
7615,cherryblossom_0099.png,4,4,2,clip_sim
7616,cherryblossom_0099.png,3,3,2,clip_sim
7617,cherryblossom_0099.png,2,3,2,clip_sim
7618,cherryblossom_0099.png,1,3,2,clip_sim
7619,cherryblossom_0099.png,1,3,2,clip_sim
7620,cherryblossom_0099.png,3,4,2,clip_sim
7621,cherryblossom_0099.png,3,3,2,clip_sim
7622,cherryblossom_0099.png,1,3,2,clip_sim
7623,cherryblossom_0099.png,1,3,2,clip_sim
7624,cherryblossom_0099.png,2,3,2,clip_sim
7625,cherryblossom_0099.png,2,3,2,clip_sim
7626,cherryblossom_0099.png,1,3,2,clip_sim
7627,cherryblossom_0099.png,2,3,2,clip_sim
7628,cherryblossom_0100.png,0,3,2,clip_sim
7629,cherryblossom_0100.png,4,4,2,clip_sim
7630,cherryblossom_0100.png,1,3,2,clip_sim
7705,kpop_0010.png,0,2,2,clip_sim
7706,kpop_0010.png,4,3,2,clip_sim
7707,kpop_0010.png,4,3,2,clip_sim
7708,kpop_0010.png,3,3,2,clip_sim
7748,kpop_0020.png,1,3,2,clip_sim
7749,kpop_0020.png,2,3,2,clip_sim
7750,kpop_0020.png,3,4,2,clip_sim
7751,kpop_0020.png,3,2,2,clip_sim
7752,kpop_0020.png,3,4,2,clip_sim
7773,kpop_0023.png,4,3,2,clip_sim
7774,kpop_0023.png,4,4,2,clip_sim
7775,kpop_0023.png,4,4,2,clip_sim
7776,kpop_0023.png,4,4,2,clip_sim
7777,kpop_0023.png,3,4,2,clip_sim
7807,kpop_0028.png,0,3,2,clip_sim
7808,kpop_0028.png,0,2,2,clip_sim
7809,kpop_0028.png,0,2,2,clip_sim
7810,kpop_0028.png,1,3,2,clip_sim
7811,kpop_0028.png,0,3,2,clip_sim
7829,kpop_0031.png,1,2,2,clip_sim
7830,kpop_0031.png,3,4,2,clip_sim
7831,kpop_0031.png,3,3,2,clip_sim
7832,kpop_0031.png,3,4,2,clip_sim
7875,kpop_0038.png,0,4,2,clip_sim
7876,kpop_0038.png,0,4,2,clip_sim
7877,kpop_0038.png,0,4,2,clip_sim
7878,kpop_0038.png,0,2,2,clip_sim
7879,kpop_0038.png,0,4,2,clip_sim
7880,kpop_0038.png,0,2,2,clip_sim
7881,kpop_0038.png,0,2,2,clip_sim
7882,kpop_0038.png,0,4,2,clip_sim
7883,kpop_0038.png,0,4,2,clip_sim
7884,kpop_0038.png,0,3,2,clip_sim
7885,kpop_0038.png,0,4,2,clip_sim
7886,kpop_0038.png,0,3,2,clip_sim
7887,kpop_0038.png,0,4,2,clip_sim
7888,kpop_0038.png,0,3,2,clip_sim
8074,kpop_0059.png,4,3,2,clip_sim
8075,kpop_0059.png,4,4,2,clip_sim
8076,kpop_0059.png,4,4,2,clip_sim
8077,kpop_0059.png,4,4,2,clip_sim
8078,kpop_0059.png,3,4,2,clip_sim
8083,kpop_0061.png,3,4,2,clip_sim
8084,kpop_0061.png,3,4,2,clip_sim
8085,kpop_0061.png,4,4,2,clip_sim
8086,kpop_0061.png,1,4,2,clip_sim
8087,kpop_0061.png,3,4,2,clip_sim
8107,kpop_0065.png,4,2,2,clip_sim
8108,kpop_0065.png,2,2,2,clip_sim
8109,kpop_0065.png,1,2,2,clip_sim
8110,kpop_0065.png,0,2,2,clip_sim
8111,kpop_0065.png,3,4,2,clip_sim
8140,kpop_0069.png,3,4,2,clip_sim
8141,kpop_0069.png,3,4,2,clip_sim
8142,kpop_0069.png,2,4,2,clip_sim
8143,kpop_0069.png,4,3,2,clip_sim
8144,kpop_0069.png,0,3,2,clip_sim
8145,kpop_0069.png,0,4,2,clip_sim
8184,kpop_0074.png,4,4,2,clip_sim
8185,kpop_0074.png,4,4,2,clip_sim
8186,kpop_0074.png,4,4,2,clip_sim
8187,kpop_0074.png,4,4,2,clip_sim
8188,kpop_0074.png,4,4,2,clip_sim
8194,kpop_0076.png,4,4,2,clip_sim
8195,kpop_0076.png,4,4,2,clip_sim
8196,kpop_0076.png,3,4,2,clip_sim
8197,kpop_0076.png,3,4,2,clip_sim
8198,kpop_0076.png,3,4,2,clip_sim
8214,kpop_0078.png,4,4,2,clip_sim
8215,kpop_0078.png,4,4,2,clip_sim
8216,kpop_0078.png,4,3,2,clip_sim
8217,kpop_0078.png,4,4,2,clip_sim
8233,kpop_0081.png,3,4,2,clip_sim
8234,kpop_0081.png,4,4,2,clip_sim
8235,kpop_0081.png,3,4,2,clip_sim
8247,kpop_0083.png,4,4,2,clip_sim
8248,kpop_0083.png,4,3,2,clip_sim
8249,kpop_0083.png,1,4,2,clip_sim
8250,kpop_0083.png,3,4,2,clip_sim
8271,kpop_0088.png,4,2,2,clip_sim
8272,kpop_0088.png,4,3,2,clip_sim
8273,kpop_0088.png,4,3,2,clip_sim
8274,kpop_0088.png,4,4,2,clip_sim
8275,kpop_0088.png,3,3,2,clip_sim
8293,kpop_0092.png,4,4,2,clip_sim
8294,kpop_0092.png,4,4,2,clip_sim
8295,kpop_0092.png,4,4,2,clip_sim
8296,kpop_0092.png,3,3,2,clip_sim
8297,kpop_0092.png,3,3,2,clip_sim
8298,kpop_0092.png,3,4,2,clip_sim
8299,kpop_0092.png,3,4,2,clip_sim
8300,kpop_0092.png,3,3,2,clip_sim
8301,kpop_0092.png,3,4,2,clip_sim
8302,kpop_0092.png,3,3,2,clip_sim
8303,kpop_0092.png,3,4,2,clip_sim
8304,kpop_0092.png,2,2,2,clip_sim
8305,kpop_0092.png,2,4,2,clip_sim
8311,kpop_0094.png,3,4,2,clip_sim
8312,kpop_0094.png,3,3,2,clip_sim
8313,kpop_0094.png,3,4,2,clip_sim
8314,kpop_0094.png,3,3,2,clip_sim
8337,kpop_0098.png,3,4,2,clip_sim
8338,kpop_0098.png,4,4,2,clip_sim
8339,kpop_0098.png,4,4,2,clip_sim
8340,kpop_0098.png,4,4,2,clip_sim
8341,kpop_0098.png,1,3,2,clip_sim
8342,kpop_0098.png,1,2,2,clip_sim
8343,kpop_0098.png,3,4,2,clip_sim
8344,kpop_0098.png,4,4,2,clip_sim
8345,kpop_0098.png,4,4,2,clip_sim
8346,kpop_0098.png,3,4,2,clip_sim
8347,kpop_0098.png,3,2,2,clip_sim
8348,kpop_0098.png,4,4,2,clip_sim
8349,kpop_0098.png,1,3,2,clip_sim
8350,kpop_0098.png,1,4,2,clip_sim
8351,kpop_0098.png,1,3,2,clip_sim
8352,kpop_0098.png,3,4,2,clip_sim
8353,kpop_0098.png,1,3,2,clip_sim
8354,kpop_0098.png,1,3,2,clip_sim
8355,kpop_0098.png,3,3,2,clip_sim
8356,kpop_0098.png,4,4,2,clip_sim
8357,kpop_0098.png,2,4,2,clip_sim
8358,kpop_0098.png,2,4,2,clip_sim
8359,kpop_0098.png,3,3,2,clip_sim
8360,kpop_0098.png,0,2,2,clip_sim
8361,kpop_0098.png,3,3,2,clip_sim
8362,kpop_0098.png,4,4,2,clip_sim
8381,spotify_0001.png,4,3,2,clip_sim
8382,spotify_0001.png,4,2,2,clip_sim
8383,spotify_0001.png,3,3,2,clip_sim
8384,spotify_0001.png,0,2,2,clip_sim
8389,spotify_0004.png,4,4,2,clip_sim
8390,spotify_0004.png,4,2,2,clip_sim
8391,spotify_0004.png,4,4,2,clip_sim
8392,spotify_0004.png,4,2,2,clip_sim
8492,spotify_0043.png,4,4,2,clip_sim
8493,spotify_0043.png,2,4,2,clip_sim
8494,spotify_0043.png,1,4,2,clip_sim
8499,spotify_0045.png,4,4,2,clip_sim
8500,spotify_0045.png,4,2,2,clip_sim
8501,spotify_0045.png,2,4,2,clip_sim
8502,spotify_0045.png,3,3,2,clip_sim
8503,spotify_0046.png,4,3,2,clip_sim
8504,spotify_0046.png,4,3,2,clip_sim
8505,spotify_0046.png,2,3,2,clip_sim
8506,spotify_0046.png,3,3,2,clip_sim
8507,spotify_0046.png,3,4,2,clip_sim
8508,spotify_0046.png,4,3,2,clip_sim
8509,spotify_0046.png,2,4,2,clip_sim
8510,spotify_0046.png,3,4,2,clip_sim
8511,spotify_0046.png,4,3,2,clip_sim
8512,spotify_0046.png,4,4,2,clip_sim
8513,spotify_0046.png,4,3,2,clip_sim
8514,spotify_0046.png,1,2,2,clip_sim
8515,spotify_0046.png,1,3,2,clip_sim
8516,spotify_0046.png,1,3,2,clip_sim
8544,spotify_0056.png,4,4,2,clip_sim
8545,spotify_0056.png,4,4,2,clip_sim
8546,spotify_0056.png,4,4,2,clip_sim
8547,spotify_0056.png,4,4,2,clip_sim
8548,spotify_0056.png,4,3,2,clip_sim
8549,spotify_0056.png,3,4,2,clip_sim
8550,spotify_0056.png,3,4,2,clip_sim
8551,spotify_0056.png,2,4,2,clip_sim
8552,spotify_0056.png,1,4,2,clip_sim
8553,spotify_0056.png,2,4,2,clip_sim
8554,spotify_0056.png,2,2,2,clip_sim
8555,spotify_0056.png,2,4,2,clip_sim
8556,spotify_0056.png,1,3,2,clip_sim
8557,spotify_0056.png,0,4,2,clip_sim
8612,spotify_0076.png,4,4,2,clip_sim
8613,spotify_0076.png,4,2,2,clip_sim
8614,spotify_0076.png,2,3,2,clip_sim
8615,spotify_0076.png,1,4,2,clip_sim
8616,spotify_0076.png,2,2,2,clip_sim
8626,spotify_0084.png,1,2,2,clip_sim
8632,spotify_0087.png,0,3,2,clip_sim
8709,netflix_0007.png,4,4,2,clip_sim
8710,netflix_0007.png,4,4,2,clip_sim
8711,netflix_0007.png,1,4,2,clip_sim
8712,netflix_0007.png,3,4,2,clip_sim
8713,netflix_0007.png,4,4,2,clip_sim
8719,netflix_0009.png,1,4,2,clip_sim
8720,netflix_0009.png,3,4,2,clip_sim
8721,netflix_0009.png,1,4,2,clip_sim
8722,netflix_0009.png,4,4,2,clip_sim
8723,netflix_0009.png,1,4,2,clip_sim
8796,netflix_0030.png,2,4,2,clip_sim
8797,netflix_0030.png,1,4,2,clip_sim
8798,netflix_0030.png,1,4,2,clip_sim
8799,netflix_0030.png,4,4,2,clip_sim
8807,netflix_0032.png,4,4,2,clip_sim
8808,netflix_0032.png,3,2,2,clip_sim
8851,netflix_0043.png,3,4,2,clip_sim
8852,netflix_0043.png,1,4,2,clip_sim
8862,netflix_0047.png,4,4,2,clip_sim
8863,netflix_0047.png,4,4,2,clip_sim
8864,netflix_0047.png,3,4,2,clip_sim
8865,netflix_0047.png,4,4,2,clip_sim
8866,netflix_0047.png,3,4,2,clip_sim
8872,netflix_0049.png,4,3,2,clip_sim
8873,netflix_0049.png,4,4,2,clip_sim
8874,netflix_0049.png,3,4,2,clip_sim
8875,netflix_0049.png,3,4,2,clip_sim
8876,netflix_0049.png,2,4,2,clip_sim
8934,netflix_0062.png,4,4,2,clip_sim
8935,netflix_0062.png,4,4,2,clip_sim
8936,netflix_0062.png,4,4,2,clip_sim
8937,netflix_0062.png,4,4,2,clip_sim
8938,netflix_0062.png,4,4,2,clip_sim
8939,netflix_0062.png,4,4,2,clip_sim
8940,netflix_0062.png,4,4,2,clip_sim
8941,netflix_0062.png,4,4,2,clip_sim
8942,netflix_0062.png,4,4,2,clip_sim
8943,netflix_0062.png,4,4,2,clip_sim
8944,netflix_0062.png,2,4,2,clip_sim
8945,netflix_0062.png,2,4,2,clip_sim
8946,netflix_0062.png,3,4,2,clip_sim
8947,netflix_0062.png,3,3,2,clip_sim
8948,netflix_0062.png,2,2,2,clip_sim
8949,netflix_0063.png,4,4,2,clip_sim
8950,netflix_0063.png,3,4,2,clip_sim
8951,netflix_0063.png,4,4,2,clip_sim
9072,apple_0003.png,0,4,2,clip_sim
9073,apple_0003.png,0,4,2,clip_sim
9074,apple_0003.png,0,4,2,clip_sim
9075,apple_0003.png,1,4,2,clip_sim
9076,apple_0003.png,0,2,2,clip_sim
9138,apple_0023.png,4,4,2,clip_sim
9139,apple_0023.png,0,4,2,clip_sim
9140,apple_0023.png,0,4,2,clip_sim
9141,apple_0023.png,4,4,2,clip_sim
9154,apple_0027.png,4,4,2,clip_sim
9155,apple_0027.png,4,4,2,clip_sim
9156,apple_0027.png,0,4,2,clip_sim
9157,apple_0027.png,4,4,2,clip_sim
9158,apple_0027.png,4,4,2,clip_sim
9159,apple_0028.png,4,4,2,clip_sim
9160,apple_0028.png,4,4,2,clip_sim
9161,apple_0028.png,3,4,2,clip_sim
9162,apple_0028.png,4,4,2,clip_sim
9163,apple_0028.png,1,4,2,clip_sim
9169,apple_0035.png,3,4,2,clip_sim
9170,apple_0035.png,4,4,2,clip_sim
9171,apple_0035.png,3,4,2,clip_sim
9172,apple_0035.png,4,4,2,clip_sim
9173,apple_0035.png,4,4,2,clip_sim
9179,apple_0038.png,4,4,2,clip_sim
9180,apple_0038.png,4,4,2,clip_sim
9181,apple_0038.png,3,4,2,clip_sim
9182,apple_0038.png,1,4,2,clip_sim
9183,apple_0038.png,1,3,2,clip_sim
9214,apple_0048.png,4,4,2,clip_sim
9215,apple_0048.png,3,4,2,clip_sim
9216,apple_0048.png,1,4,2,clip_sim
9217,apple_0048.png,1,4,2,clip_sim
9218,apple_0048.png,1,4,2,clip_sim
9219,apple_0048.png,2,4,2,clip_sim
9220,apple_0048.png,2,4,2,clip_sim
9221,apple_0048.png,3,4,2,clip_sim
9222,apple_0048.png,1,4,2,clip_sim
9306,apple_0080.png,4,4,2,clip_sim
9307,apple_0080.png,3,3,2,clip_sim
9308,apple_0080.png,2,4,2,clip_sim
9309,apple_0080.png,2,4,2,clip_sim
9310,apple_0080.png,1,4,2,clip_sim
9329,apple_0092.png,4,4,2,clip_sim
9340,apple_0096.png,4,4,2,clip_sim
9341,apple_0096.png,4,4,2,clip_sim
9342,apple_0096.png,4,4,2,clip_sim
9343,apple_0096.png,4,4,2,clip_sim
9373,galaxy_0004.png,4,4,2,clip_sim
9395,galaxy_0012.png,4,3,2,clip_sim
9396,galaxy_0012.png,4,4,2,clip_sim
9397,galaxy_0012.png,3,4,2,clip_sim
9398,galaxy_0012.png,1,4,2,clip_sim
9399,galaxy_0012.png,1,4,2,clip_sim
9405,galaxy_0014.png,4,4,2,clip_sim
9406,galaxy_0014.png,3,4,2,clip_sim
9407,galaxy_0014.png,0,4,2,clip_sim
9408,galaxy_0014.png,0,4,2,clip_sim
9409,galaxy_0014.png,1,4,2,clip_sim
9410,galaxy_0015.png,4,2,2,clip_sim
9411,galaxy_0015.png,4,2,2,clip_sim
9412,galaxy_0015.png,3,2,2,clip_sim
9427,galaxy_0020.png,1,4,2,clip_sim
9428,galaxy_0020.png,1,4,2,clip_sim
9429,galaxy_0020.png,4,4,2,clip_sim
9430,galaxy_0020.png,1,4,2,clip_sim
9431,galaxy_0022.png,4,4,2,clip_sim
9432,galaxy_0022.png,0,4,2,clip_sim
9433,galaxy_0022.png,4,4,2,clip_sim
9434,galaxy_0022.png,0,4,2,clip_sim
9435,galaxy_0022.png,3,4,2,clip_sim
9436,galaxy_0022.png,4,4,2,clip_sim
9437,galaxy_0022.png,4,4,2,clip_sim
9438,galaxy_0022.png,1,4,2,clip_sim
9439,galaxy_0022.png,0,4,2,clip_sim
9440,galaxy_0022.png,0,3,2,clip_sim
9441,galaxy_0022.png,0,3,2,clip_sim
9442,galaxy_0022.png,2,4,2,clip_sim
9443,galaxy_0022.png,1,3,2,clip_sim
9444,galaxy_0022.png,1,4,2,clip_sim
9445,galaxy_0022.png,0,4,2,clip_sim
9446,galaxy_0022.png,0,4,2,clip_sim
9492,galaxy_0029.png,4,4,2,clip_sim
9493,galaxy_0029.png,4,4,2,clip_sim
9494,galaxy_0029.png,3,3,2,clip_sim
9495,galaxy_0029.png,0,4,2,clip_sim
9496,galaxy_0029.png,1,4,2,clip_sim
9545,galaxy_0040.png,0,3,2,clip_sim
9555,galaxy_0044.png,0,3,2,clip_sim
9556,galaxy_0044.png,4,3,2,clip_sim
9557,galaxy_0044.png,3,3,2,clip_sim
9558,galaxy_0044.png,3,4,2,clip_sim
9559,galaxy_0044.png,2,2,2,clip_sim
9560,galaxy_0044.png,4,2,2,clip_sim
9592,galaxy_0060.png,2,4,2,clip_sim
9593,galaxy_0060.png,1,4,2,clip_sim
9594,galaxy_0060.png,4,4,2,clip_sim
9595,galaxy_0060.png,3,4,2,clip_sim
9641,galaxy_0071.png,4,4,2,clip_sim
9642,galaxy_0071.png,1,3,2,clip_sim
9643,galaxy_0071.png,2,4,2,clip_sim
9659,galaxy_0075.png,4,3,2,clip_sim
9660,galaxy_0075.png,4,3,2,clip_sim
9661,galaxy_0075.png,2,3,2,clip_sim
9766,galaxy_0096.png,2,2,2,clip_sim
9767,galaxy_0096.png,1,4,2,clip_sim
9768,galaxy_0096.png,0,3,2,clip_sim
9769,galaxy_0096.png,2,3,2,clip_sim
9770,galaxy_0096.png,1,4,2,clip_sim
9844,iphone16_0008.png,4,4,2,clip_sim
9845,iphone16_0008.png,4,3,2,clip_sim
9846,iphone16_0008.png,3,3,2,clip_sim
9847,iphone16_0008.png,3,2,2,clip_sim
9848,iphone16_0008.png,2,3,2,clip_sim
9852,iphone16_0011.png,3,3,2,clip_sim
9853,iphone16_0011.png,4,4,2,clip_sim
9854,iphone16_0011.png,4,4,2,clip_sim
9855,iphone16_0011.png,4,3,2,clip_sim
9856,iphone16_0011.png,2,2,2,clip_sim
9857,iphone16_0011.png,1,3,2,clip_sim
9858,iphone16_0011.png,1,3,2,clip_sim
9859,iphone16_0011.png,1,3,2,clip_sim
9860,iphone16_0011.png,0,3,2,clip_sim
9861,iphone16_0011.png,2,3,2,clip_sim
9919,iphone16_0033.png,4,4,2,clip_sim
9920,iphone16_0033.png,3,3,2,clip_sim
9921,iphone16_0034.png,1,4,2,clip_sim
9922,iphone16_0034.png,0,2,2,clip_sim
9923,iphone16_0034.png,4,4,2,clip_sim
9924,iphone16_0034.png,0,2,2,clip_sim
9933,iphone16_0038.png,3,4,2,clip_sim
9934,iphone16_0038.png,4,4,2,clip_sim
9935,iphone16_0038.png,1,4,2,clip_sim
9936,iphone16_0038.png,0,2,2,clip_sim
9937,iphone16_0038.png,2,4,2,clip_sim
9960,iphone16_0046.png,3,4,2,clip_sim
9961,iphone16_0046.png,4,4,2,clip_sim
9962,iphone16_0046.png,2,2,2,clip_sim
9963,iphone16_0046.png,1,2,2,clip_sim
10019,iphone16_0058.png,4,2,2,clip_sim
10020,iphone16_0058.png,4,2,2,clip_sim
10021,iphone16_0058.png,3,3,2,clip_sim
10022,iphone16_0058.png,4,3,2,clip_sim
10023,iphone16_0058.png,4,4,2,clip_sim
10024,iphone16_0058.png,4,2,2,clip_sim
10025,iphone16_0058.png,4,4,2,clip_sim
10026,iphone16_0058.png,4,2,2,clip_sim
10027,iphone16_0058.png,3,2,2,clip_sim
10038,iphone16_0062.png,4,4,2,clip_sim
10039,iphone16_0062.png,4,4,2,clip_sim
10040,iphone16_0062.png,1,3,2,clip_sim
10041,iphone16_0062.png,0,4,2,clip_sim
10042,iphone16_0062.png,3,3,2,clip_sim
10070,iphone16_0071.png,4,4,2,clip_sim
10071,iphone16_0071.png,4,4,2,clip_sim
10072,iphone16_0071.png,1,3,2,clip_sim
10106,iphone16_0075.png,1,3,2,clip_sim
10107,iphone16_0075.png,4,4,2,clip_sim
10108,iphone16_0075.png,4,3,2,clip_sim
10109,iphone16_0075.png,3,4,2,clip_sim
10110,iphone16_0075.png,1,3,2,clip_sim
10117,iphone16_0078.png,4,4,2,clip_sim
10118,iphone16_0078.png,4,4,2,clip_sim
10119,iphone16_0078.png,1,3,2,clip_sim
10120,iphone16_0078.png,3,4,2,clip_sim
10121,iphone16_0078.png,4,3,2,clip_sim
10122,iphone16_0078.png,1,3,2,clip_sim
10123,iphone16_0078.png,1,2,2,clip_sim
10124,iphone16_0078.png,3,4,2,clip_sim
10125,iphone16_0078.png,2,4,2,clip_sim
10172,iphone16_0085.png,0,4,2,clip_sim
10173,iphone16_0085.png,4,4,2,clip_sim
10174,iphone16_0085.png,0,4,2,clip_sim
10175,iphone16_0085.png,2,4,2,clip_sim
10176,iphone16_0085.png,0,4,2,clip_sim
10177,iphone16_0085.png,1,4,2,clip_sim
10178,iphone16_0085.png,2,4,2,clip_sim
10179,iphone16_0085.png,0,2,2,clip_sim
10180,iphone16_0085.png,0,3,2,clip_sim
10181,iphone16_0085.png,4,4,2,clip_sim
10201,iphone16_0092.png,4,4,2,clip_sim
10202,iphone16_0092.png,3,4,2,clip_sim
10203,iphone16_0092.png,3,4,2,clip_sim
10204,iphone16_0092.png,4,4,2,clip_sim
10205,iphone16_0092.png,2,4,2,clip_sim
10206,iphone16_0092.png,3,2,2,clip_sim
10207,iphone16_0092.png,1,3,2,clip_sim
10208,iphone16_0092.png,1,3,2,clip_sim
10209,iphone16_0092.png,0,3,2,clip_sim
10210,iphone16_0092.png,1,3,2,clip_sim
10211,iphone16_0092.png,3,2,2,clip_sim
10212,iphone16_0092.png,2,3,2,clip_sim
10213,iphone16_0092.png,1,3,2,clip_sim
10214,iphone16_0092.png,0,4,2,clip_sim
10215,iphone16_0092.png,0,3,2,clip_sim
10216,iphone16_0092.png,0,4,2,clip_sim
10217,iphone16_0092.png,0,4,2,clip_sim
10218,iphone16_0092.png,0,3,2,clip_sim
10219,iphone16_0092.png,0,4,2,clip_sim
10220,iphone16_0092.png,0,4,2,clip_sim
10221,iphone16_0092.png,0,3,2,clip_sim
10222,iphone16_0092.png,1,4,2,clip_sim
10223,iphone16_0092.png,1,2,2,clip_sim
10224,iphone16_0092.png,3,3,2,clip_sim
10225,iphone16_0092.png,3,4,2,clip_sim
10226,iphone16_0092.png,2,4,2,clip_sim
10227,iphone16_0092.png,0,4,2,clip_sim
10228,iphone16_0092.png,3,4,2,clip_sim
10261,iphone16_0100.png,4,4,2,clip_sim
10262,iphone16_0100.png,4,2,2,clip_sim
10263,iphone16_0100.png,4,3,2,clip_sim
10264,iphone16_0100.png,3,3,2,clip_sim
10265,iphone16_0100.png,3,4,2,clip_sim
10266,iphone16_0100.png,3,4,2,clip_sim
10267,iphone16_0100.png,2,4,2,clip_sim
10268,iphone16_0100.png,4,4,2,clip_sim
10269,iphone16_0100.png,2,2,2,clip_sim
10270,iphone16_0100.png,1,4,2,clip_sim
10271,iphone16_0100.png,2,4,2,clip_sim
10272,healthstagram_0001.png,1,3,2,clip_sim
10325,healthstagram_0018.png,2,4,2,clip_sim
10326,healthstagram_0018.png,3,4,2,clip_sim
10327,healthstagram_0018.png,2,3,2,clip_sim
10328,healthstagram_0018.png,4,4,2,clip_sim
10329,healthstagram_0018.png,3,3,2,clip_sim
10330,healthstagram_0018.png,2,4,2,clip_sim
10331,healthstagram_0018.png,4,4,2,clip_sim
10332,healthstagram_0018.png,4,4,2,clip_sim
10333,healthstagram_0018.png,4,4,2,clip_sim
10334,healthstagram_0018.png,4,4,2,clip_sim
10335,healthstagram_0018.png,3,3,2,clip_sim
10336,healthstagram_0018.png,2,3,2,clip_sim
10337,healthstagram_0018.png,4,4,2,clip_sim
10338,healthstagram_0018.png,2,3,2,clip_sim
10339,healthstagram_0018.png,1,4,2,clip_sim
10340,healthstagram_0018.png,4,4,2,clip_sim
10341,healthstagram_0018.png,4,3,2,clip_sim
10342,healthstagram_0018.png,3,4,2,clip_sim
10343,healthstagram_0018.png,2,4,2,clip_sim
10344,healthstagram_0018.png,1,4,2,clip_sim
10345,healthstagram_0018.png,0,4,2,clip_sim
10346,healthstagram_0018.png,1,4,2,clip_sim
10347,healthstagram_0018.png,1,3,2,clip_sim
10348,healthstagram_0018.png,0,4,2,clip_sim
10349,healthstagram_0018.png,4,4,2,clip_sim
10350,healthstagram_0018.png,4,4,2,clip_sim
10351,healthstagram_0018.png,2,4,2,clip_sim
10352,healthstagram_0018.png,2,4,2,clip_sim
10353,healthstagram_0018.png,4,3,2,clip_sim
10513,healthstagram_0052.png,0,2,2,clip_sim
10514,healthstagram_0052.png,0,2,2,clip_sim
10515,healthstagram_0052.png,2,3,2,clip_sim
10516,healthstagram_0052.png,3,2,2,clip_sim
10517,healthstagram_0052.png,3,3,2,clip_sim
10518,healthstagram_0052.png,3,2,2,clip_sim
10519,healthstagram_0052.png,0,3,2,clip_sim
10520,healthstagram_0052.png,0,2,2,clip_sim
10521,healthstagram_0052.png,0,3,2,clip_sim
10522,healthstagram_0052.png,0,3,2,clip_sim
10523,healthstagram_0052.png,0,2,2,clip_sim
10524,healthstagram_0052.png,0,2,2,clip_sim
10525,healthstagram_0052.png,0,4,2,clip_sim
10526,healthstagram_0052.png,0,3,2,clip_sim
10527,healthstagram_0052.png,0,2,2,clip_sim
10528,healthstagram_0052.png,0,2,2,clip_sim
10529,healthstagram_0052.png,1,2,2,clip_sim
10530,healthstagram_0052.png,0,3,2,clip_sim
10531,healthstagram_0052.png,3,2,2,clip_sim
10594,healthstagram_0067.png,2,3,2,clip_sim
10595,healthstagram_0067.png,1,4,2,clip_sim
10596,healthstagram_0067.png,1,3,2,clip_sim
10597,healthstagram_0067.png,4,4,2,clip_sim
10598,healthstagram_0067.png,4,4,2,clip_sim
10599,healthstagram_0067.png,4,4,2,clip_sim
10600,healthstagram_0067.png,0,4,2,clip_sim
10601,healthstagram_0067.png,4,4,2,clip_sim
10602,healthstagram_0067.png,3,4,2,clip_sim
10603,healthstagram_0067.png,4,4,2,clip_sim
10604,healthstagram_0067.png,3,4,2,clip_sim
10605,healthstagram_0067.png,4,3,2,clip_sim
10606,healthstagram_0067.png,4,3,2,clip_sim
10607,healthstagram_0067.png,4,3,2,clip_sim
10608,healthstagram_0067.png,3,3,2,clip_sim
10609,healthstagram_0067.png,2,3,2,clip_sim
10610,healthstagram_0067.png,2,3,2,clip_sim
10611,healthstagram_0067.png,4,3,2,clip_sim
10612,healthstagram_0067.png,4,4,2,clip_sim
10613,healthstagram_0067.png,4,4,2,clip_sim
10614,healthstagram_0067.png,4,4,2,clip_sim
10615,healthstagram_0067.png,3,4,2,clip_sim
10616,healthstagram_0067.png,4,4,2,clip_sim
10617,healthstagram_0067.png,3,4,2,clip_sim
10618,healthstagram_0067.png,4,4,2,clip_sim
10619,healthstagram_0067.png,2,3,2,clip_sim
10646,healthstagram_0082.png,3,4,2,clip_sim
10650,healthstagram_0085.png,2,2,2,clip_sim
10651,healthstagram_0085.png,1,4,2,clip_sim
10652,healthstagram_0085.png,4,3,2,clip_sim
10653,healthstagram_0085.png,4,4,2,clip_sim
10654,healthstagram_0085.png,0,4,2,clip_sim
10655,healthstagram_0085.png,0,4,2,clip_sim
10656,healthstagram_0085.png,0,4,2,clip_sim
10657,healthstagram_0085.png,1,3,2,clip_sim
10658,healthstagram_0085.png,1,3,2,clip_sim
10659,healthstagram_0085.png,2,4,2,clip_sim
10660,healthstagram_0085.png,1,3,2,clip_sim
10661,healthstagram_0085.png,1,4,2,clip_sim
10662,healthstagram_0085.png,1,4,2,clip_sim
10663,healthstagram_0085.png,1,4,2,clip_sim
10664,healthstagram_0085.png,1,4,2,clip_sim
10665,healthstagram_0085.png,3,4,2,clip_sim
10666,healthstagram_0085.png,1,4,2,clip_sim
10667,healthstagram_0085.png,1,4,2,clip_sim
10668,healthstagram_0085.png,1,2,2,clip_sim
10669,healthstagram_0085.png,1,4,2,clip_sim
10670,healthstagram_0085.png,1,3,2,clip_sim
10671,healthstagram_0085.png,1,4,2,clip_sim
10672,healthstagram_0085.png,1,4,2,clip_sim
10673,healthstagram_0085.png,1,4,2,clip_sim
10674,healthstagram_0085.png,1,4,2,clip_sim
10675,healthstagram_0085.png,1,4,2,clip_sim
10676,healthstagram_0085.png,3,4,2,clip_sim
10677,healthstagram_0085.png,1,3,2,clip_sim
10678,healthstagram_0085.png,3,3,2,clip_sim
10691,healthstagram_0088.png,0,3,2,clip_sim
10692,healthstagram_0088.png,4,4,2,clip_sim
10693,healthstagram_0088.png,0,3,2,clip_sim
10694,healthstagram_0088.png,3,2,2,clip_sim
10695,healthstagram_0088.png,2,2,2,clip_sim
10696,healthstagram_0088.png,1,4,2,clip_sim
10758,healthstagram_0094.png,3,2,2,clip_sim
10759,healthstagram_0094.png,4,2,2,clip_sim
10760,healthstagram_0094.png,3,2,2,clip_sim
10761,healthstagram_0094.png,0,3,2,clip_sim
10762,healthstagram_0094.png,4,3,2,clip_sim
10783,ounwan_0002.png,4,4,2,clip_sim
10784,ounwan_0002.png,4,4,2,clip_sim
10785,ounwan_0002.png,3,4,2,clip_sim
10786,ounwan_0002.png,1,4,2,clip_sim
10787,ounwan_0002.png,1,4,2,clip_sim
10788,ounwan_0002.png,0,4,2,clip_sim
10789,ounwan_0002.png,4,4,2,clip_sim
10818,ounwan_0009.png,4,3,2,clip_sim
10819,ounwan_0009.png,1,3,2,clip_sim
10820,ounwan_0009.png,1,4,2,clip_sim
10821,ounwan_0009.png,3,2,2,clip_sim
10847,ounwan_0012.png,1,4,2,clip_sim
10848,ounwan_0012.png,4,3,2,clip_sim
10849,ounwan_0012.png,3,3,2,clip_sim
10850,ounwan_0012.png,2,4,2,clip_sim
10851,ounwan_0013.png,3,2,2,clip_sim
10898,ounwan_0017.png,3,4,2,clip_sim
10899,ounwan_0017.png,1,4,2,clip_sim
10900,ounwan_0017.png,2,4,2,clip_sim
10901,ounwan_0017.png,4,4,2,clip_sim
10902,ounwan_0017.png,3,4,2,clip_sim
10914,ounwan_0020.png,4,4,2,clip_sim
10915,ounwan_0020.png,4,4,2,clip_sim
10916,ounwan_0020.png,1,4,2,clip_sim
10917,ounwan_0020.png,1,4,2,clip_sim
10918,ounwan_0020.png,4,4,2,clip_sim
10919,ounwan_0020.png,4,4,2,clip_sim
10920,ounwan_0020.png,0,4,2,clip_sim
10921,ounwan_0020.png,1,4,2,clip_sim
10922,ounwan_0020.png,1,4,2,clip_sim
10923,ounwan_0020.png,1,4,2,clip_sim
10924,ounwan_0020.png,2,4,2,clip_sim
10925,ounwan_0020.png,0,4,2,clip_sim
10926,ounwan_0020.png,2,4,2,clip_sim
10927,ounwan_0020.png,2,4,2,clip_sim
10928,ounwan_0020.png,2,4,2,clip_sim
10929,ounwan_0020.png,4,4,2,clip_sim
10930,ounwan_0020.png,2,4,2,clip_sim
10931,ounwan_0020.png,1,4,2,clip_sim
10932,ounwan_0020.png,0,4,2,clip_sim
10933,ounwan_0020.png,0,4,2,clip_sim
10934,ounwan_0020.png,1,4,2,clip_sim
10935,ounwan_0020.png,1,4,2,clip_sim
10937,ounwan_0024.png,3,3,2,clip_sim
10968,ounwan_0035.png,4,4,2,clip_sim
10969,ounwan_0035.png,2,4,2,clip_sim
10970,ounwan_0035.png,4,4,2,clip_sim
11003,ounwan_0039.png,4,4,2,clip_sim
11186,ounwan_0067.png,4,4,2,clip_sim
11187,ounwan_0067.png,3,4,2,clip_sim
11188,ounwan_0067.png,2,4,2,clip_sim
11189,ounwan_0067.png,2,4,2,clip_sim
11190,ounwan_0067.png,4,4,2,clip_sim
11191,ounwan_0067.png,1,4,2,clip_sim
11192,ounwan_0067.png,3,3,2,clip_sim
11193,ounwan_0067.png,2,4,2,clip_sim
11194,ounwan_0067.png,2,3,2,clip_sim
11195,ounwan_0067.png,3,4,2,clip_sim
11196,ounwan_0068.png,3,3,2,clip_sim
11280,ounwan_0080.png,4,4,2,clip_sim
11281,ounwan_0080.png,4,4,2,clip_sim
11282,ounwan_0080.png,1,2,2,clip_sim
11283,ounwan_0080.png,2,4,2,clip_sim
11284,ounwan_0080.png,2,4,2,clip_sim
11285,ounwan_0080.png,1,3,2,clip_sim
11286,ounwan_0080.png,1,3,2,clip_sim
11287,ounwan_0080.png,1,4,2,clip_sim
11288,ounwan_0080.png,3,2,2,clip_sim
11289,ounwan_0080.png,1,3,2,clip_sim
11290,ounwan_0080.png,2,4,2,clip_sim
11291,ounwan_0080.png,1,3,2,clip_sim
11292,ounwan_0080.png,2,3,2,clip_sim
11293,ounwan_0080.png,1,2,2,clip_sim
11294,ounwan_0080.png,1,2,2,clip_sim
11295,ounwan_0080.png,1,2,2,clip_sim
11296,ounwan_0080.png,1,2,2,clip_sim
11297,ounwan_0080.png,1,2,2,clip_sim
11307,ounwan_0085.png,3,3,2,clip_sim
11308,ounwan_0085.png,4,3,2,clip_sim
11309,ounwan_0085.png,4,3,2,clip_sim
11310,ounwan_0085.png,3,3,2,clip_sim
11311,ounwan_0085.png,4,4,2,clip_sim
11312,ounwan_0085.png,4,3,2,clip_sim
11354,ounwan_0090.png,3,2,2,clip_sim
11380,ounwan_0096.png,4,4,2,clip_sim
11381,ounwan_0096.png,3,2,2,clip_sim
11382,ounwan_0096.png,4,3,2,clip_sim
11383,ounwan_0096.png,4,4,2,clip_sim
11384,ounwan_0096.png,1,3,2,clip_sim
11385,ounwan_0096.png,4,3,2,clip_sim
11386,ounwan_0099.png,1,3,2,clip_sim
11387,ounwan_0099.png,3,3,2,clip_sim
11388,ounwan_0099.png,3,4,2,clip_sim
11389,ounwan_0099.png,1,4,2,clip_sim
11390,ounwan_0099.png,2,2,2,clip_sim
11391,ounwan_0099.png,2,4,2,clip_sim
11392,ounwan_0099.png,2,4,2,clip_sim
11393,ounwan_0099.png,1,4,2,clip_sim
11394,ounwan_0099.png,2,4,2,clip_sim
11395,ounwan_0099.png,2,4,2,clip_sim
11396,ounwan_0099.png,2,2,2,clip_sim
11397,ounwan_0099.png,2,2,2,clip_sim
11398,ounwan_0099.png,3,2,2,clip_sim
11406,dietfood_0002.png,4,3,2,clip_sim
11407,dietfood_0002.png,4,3,2,clip_sim
11408,dietfood_0002.png,4,2,2,clip_sim
11409,dietfood_0002.png,4,2,2,clip_sim
11410,dietfood_0002.png,4,2,2,clip_sim
11411,dietfood_0004.png,4,4,2,clip_sim
11412,dietfood_0004.png,4,4,2,clip_sim
11413,dietfood_0004.png,4,4,2,clip_sim
11414,dietfood_0004.png,3,4,2,clip_sim
11415,dietfood_0004.png,3,4,2,clip_sim
11416,dietfood_0004.png,3,4,2,clip_sim
11417,dietfood_0004.png,4,4,2,clip_sim
11418,dietfood_0004.png,3,4,2,clip_sim
11419,dietfood_0004.png,3,4,2,clip_sim
11420,dietfood_0004.png,4,4,2,clip_sim
11421,dietfood_0004.png,3,4,2,clip_sim
11422,dietfood_0004.png,2,4,2,clip_sim
11423,dietfood_0004.png,1,4,2,clip_sim
11424,dietfood_0004.png,2,4,2,clip_sim
11425,dietfood_0004.png,4,4,2,clip_sim
11426,dietfood_0004.png,3,4,2,clip_sim
11427,dietfood_0004.png,4,4,2,clip_sim
11428,dietfood_0005.png,4,4,2,clip_sim
11429,dietfood_0005.png,4,2,2,clip_sim
11430,dietfood_0005.png,3,4,2,clip_sim
11431,dietfood_0005.png,4,4,2,clip_sim
11432,dietfood_0005.png,2,4,2,clip_sim
11433,dietfood_0005.png,2,3,2,clip_sim
11434,dietfood_0005.png,3,2,2,clip_sim
11440,dietfood_0007.png,1,2,2,clip_sim
11441,dietfood_0007.png,3,2,2,clip_sim
11442,dietfood_0007.png,1,3,2,clip_sim
11443,dietfood_0007.png,2,2,2,clip_sim
11444,dietfood_0007.png,1,2,2,clip_sim
11477,dietfood_0015.png,0,4,2,clip_sim
11478,dietfood_0015.png,0,4,2,clip_sim
11479,dietfood_0015.png,0,4,2,clip_sim
11480,dietfood_0015.png,0,4,2,clip_sim
11481,dietfood_0015.png,0,4,2,clip_sim
11482,dietfood_0015.png,0,4,2,clip_sim
11497,dietfood_0019.png,4,4,2,clip_sim
11498,dietfood_0019.png,3,4,2,clip_sim
11499,dietfood_0019.png,4,4,2,clip_sim
11500,dietfood_0019.png,4,4,2,clip_sim
11501,dietfood_0019.png,2,4,2,clip_sim
11549,dietfood_0027.png,0,4,2,clip_sim
11550,dietfood_0027.png,0,4,2,clip_sim
11551,dietfood_0027.png,0,4,2,clip_sim
11552,dietfood_0027.png,0,4,2,clip_sim
11553,dietfood_0027.png,0,4,2,clip_sim
11554,dietfood_0027.png,0,4,2,clip_sim
11555,dietfood_0027.png,0,4,2,clip_sim
11556,dietfood_0027.png,0,4,2,clip_sim
11557,dietfood_0027.png,0,4,2,clip_sim
11558,dietfood_0027.png,0,4,2,clip_sim
11559,dietfood_0027.png,0,4,2,clip_sim
11560,dietfood_0027.png,0,4,2,clip_sim
11561,dietfood_0027.png,0,4,2,clip_sim
11562,dietfood_0027.png,0,4,2,clip_sim
11563,dietfood_0027.png,1,4,2,clip_sim
11564,dietfood_0028.png,3,4,2,clip_sim
11565,dietfood_0028.png,3,4,2,clip_sim
11566,dietfood_0028.png,1,4,2,clip_sim
11577,dietfood_0032.png,4,4,2,clip_sim
11578,dietfood_0032.png,3,4,2,clip_sim
11579,dietfood_0032.png,4,4,2,clip_sim
11580,dietfood_0032.png,3,4,2,clip_sim
11581,dietfood_0032.png,2,4,2,clip_sim
11592,dietfood_0034.png,2,4,2,clip_sim
11593,dietfood_0034.png,4,4,2,clip_sim
11594,dietfood_0034.png,4,4,2,clip_sim
11595,dietfood_0034.png,2,4,2,clip_sim
11596,dietfood_0034.png,4,4,2,clip_sim
11597,dietfood_0035.png,4,3,2,clip_sim
11598,dietfood_0035.png,3,4,2,clip_sim
11599,dietfood_0035.png,2,3,2,clip_sim
11600,dietfood_0035.png,4,4,2,clip_sim
11601,dietfood_0035.png,4,3,2,clip_sim
11602,dietfood_0035.png,3,3,2,clip_sim
11603,dietfood_0035.png,3,3,2,clip_sim
11604,dietfood_0035.png,4,4,2,clip_sim
11605,dietfood_0035.png,3,2,2,clip_sim
11606,dietfood_0035.png,3,3,2,clip_sim
11607,dietfood_0035.png,4,3,2,clip_sim
11608,dietfood_0035.png,4,3,2,clip_sim
11609,dietfood_0035.png,3,2,2,clip_sim
11610,dietfood_0035.png,1,3,2,clip_sim
11611,dietfood_0035.png,3,3,2,clip_sim
11612,dietfood_0035.png,1,3,2,clip_sim
11613,dietfood_0035.png,3,3,2,clip_sim
11614,dietfood_0035.png,2,3,2,clip_sim
11655,dietfood_0047.png,0,4,2,clip_sim
11656,dietfood_0047.png,0,4,2,clip_sim
11657,dietfood_0047.png,0,4,2,clip_sim
11658,dietfood_0047.png,0,4,2,clip_sim
11659,dietfood_0047.png,0,4,2,clip_sim
11660,dietfood_0049.png,3,4,2,clip_sim
11661,dietfood_0049.png,4,4,2,clip_sim
11662,dietfood_0049.png,4,4,2,clip_sim
11663,dietfood_0050.png,2,4,2,clip_sim
11664,dietfood_0050.png,2,3,2,clip_sim
11665,dietfood_0050.png,1,4,2,clip_sim
11666,dietfood_0050.png,4,4,2,clip_sim
11667,dietfood_0050.png,4,4,2,clip_sim
11668,dietfood_0050.png,3,4,2,clip_sim
11669,dietfood_0050.png,3,4,2,clip_sim
11670,dietfood_0050.png,4,4,2,clip_sim
11671,dietfood_0050.png,3,3,2,clip_sim
11672,dietfood_0050.png,4,4,2,clip_sim
11673,dietfood_0050.png,3,4,2,clip_sim
11674,dietfood_0050.png,3,4,2,clip_sim
11696,dietfood_0054.png,4,4,2,clip_sim
11697,dietfood_0054.png,2,4,2,clip_sim
11698,dietfood_0054.png,1,4,2,clip_sim
11699,dietfood_0054.png,4,4,2,clip_sim
11700,dietfood_0054.png,2,4,2,clip_sim
11706,dietfood_0056.png,4,4,2,clip_sim
11707,dietfood_0056.png,4,2,2,clip_sim
11708,dietfood_0056.png,3,3,2,clip_sim
11709,dietfood_0056.png,2,3,2,clip_sim
11710,dietfood_0056.png,4,4,2,clip_sim
11731,dietfood_0060.png,4,4,2,clip_sim
11732,dietfood_0060.png,4,4,2,clip_sim
11733,dietfood_0060.png,2,4,2,clip_sim
11734,dietfood_0060.png,4,4,2,clip_sim
11735,dietfood_0060.png,4,4,2,clip_sim
11736,dietfood_0060.png,3,4,2,clip_sim
11737,dietfood_0060.png,2,4,2,clip_sim
11916,dietfood_0086.png,3,4,2,clip_sim
11917,dietfood_0086.png,1,4,2,clip_sim
11918,dietfood_0086.png,4,4,2,clip_sim
11919,dietfood_0086.png,1,4,2,clip_sim
11920,dietfood_0086.png,3,4,2,clip_sim
11921,dietfood_0086.png,2,4,2,clip_sim
11922,dietfood_0086.png,1,4,2,clip_sim
11923,dietfood_0086.png,3,4,2,clip_sim
11984,dietfood_0096.png,4,4,2,clip_sim
11985,dietfood_0096.png,3,4,2,clip_sim
11986,dietfood_0096.png,3,4,2,clip_sim
11987,dietfood_0096.png,3,4,2,clip_sim
11988,dietfood_0096.png,3,4,2,clip_sim
12000,dietfood_0098.png,3,4,2,clip_sim
12001,dietfood_0098.png,3,4,2,clip_sim
12002,dietfood_0098.png,3,4,2,clip_sim
12003,dietfood_0098.png,2,4,2,clip_sim
12004,dietfood_0098.png,3,4,2,clip_sim
6,ai_0003.png,4,2,3,clip_sim
7,ai_0003.png,3,2,3,clip_sim
8,ai_0004.png,3,4,3,clip_sim
9,ai_0004.png,3,4,3,clip_sim
10,ai_0004.png,2,3,3,clip_sim
11,ai_0004.png,3,2,3,clip_sim
12,ai_0004.png,2,3,3,clip_sim
13,ai_0004.png,4,4,3,clip_sim
14,ai_0004.png,4,3,3,clip_sim
21,ai_0008.png,4,4,3,clip_sim
22,ai_0008.png,1,4,3,clip_sim
23,ai_0008.png,1,4,3,clip_sim
24,ai_0008.png,1,4,3,clip_sim
25,ai_0008.png,2,4,3,clip_sim
26,ai_0008.png,2,3,3,clip_sim
27,ai_0008.png,1,4,3,clip_sim
28,ai_0008.png,3,4,3,clip_sim
29,ai_0008.png,4,4,3,clip_sim
30,ai_0008.png,4,4,3,clip_sim
31,ai_0008.png,2,4,3,clip_sim
32,ai_0008.png,1,4,3,clip_sim
33,ai_0008.png,1,4,3,clip_sim
187,ai_0019.png,4,4,3,clip_sim
188,ai_0019.png,4,4,3,clip_sim
189,ai_0019.png,2,4,3,clip_sim
190,ai_0019.png,1,4,3,clip_sim
191,ai_0019.png,1,4,3,clip_sim
192,ai_0019.png,1,4,3,clip_sim
193,ai_0019.png,2,4,3,clip_sim
194,ai_0019.png,3,4,3,clip_sim
195,ai_0019.png,3,4,3,clip_sim
196,ai_0019.png,1,4,3,clip_sim
197,ai_0019.png,2,4,3,clip_sim
198,ai_0019.png,1,4,3,clip_sim
199,ai_0019.png,2,4,3,clip_sim
200,ai_0019.png,3,4,3,clip_sim
201,ai_0019.png,3,4,3,clip_sim
202,ai_0019.png,3,4,3,clip_sim
203,ai_0019.png,3,4,3,clip_sim
204,ai_0019.png,3,4,3,clip_sim
205,ai_0019.png,2,4,3,clip_sim
206,ai_0019.png,2,4,3,clip_sim
207,ai_0019.png,0,4,3,clip_sim
208,ai_0019.png,1,3,3,clip_sim
209,ai_0019.png,0,4,3,clip_sim
210,ai_0019.png,1,4,3,clip_sim
211,ai_0019.png,4,4,3,clip_sim
212,ai_0019.png,1,4,3,clip_sim
213,ai_0019.png,3,4,3,clip_sim
237,domesticTravel_0004.png,4,2,3,clip_sim
238,domesticTravel_0004.png,3,2,3,clip_sim
239,domesticTravel_0004.png,4,2,3,clip_sim
240,domesticTravel_0004.png,4,3,3,clip_sim
241,domesticTravel_0004.png,3,3,3,clip_sim
242,domesticTravel_0004.png,3,3,3,clip_sim
243,domesticTravel_0004.png,3,2,3,clip_sim
244,domesticTravel_0004.png,2,3,3,clip_sim
245,domesticTravel_0004.png,2,2,3,clip_sim
246,domesticTravel_0004.png,2,2,3,clip_sim
247,domesticTravel_0004.png,0,2,3,clip_sim
248,domesticTravel_0004.png,1,2,3,clip_sim
249,domesticTravel_0004.png,4,3,3,clip_sim
250,domesticTravel_0004.png,1,2,3,clip_sim
251,domesticTravel_0004.png,2,2,3,clip_sim
252,domesticTravel_0004.png,2,2,3,clip_sim
253,domesticTravel_0004.png,3,2,3,clip_sim
254,domesticTravel_0004.png,3,2,3,clip_sim
255,domesticTravel_0004.png,2,2,3,clip_sim
256,domesticTravel_0004.png,3,2,3,clip_sim
266,domesticTravel_0010.png,3,4,3,clip_sim
267,domesticTravel_0010.png,4,4,3,clip_sim
268,domesticTravel_0010.png,4,2,3,clip_sim
269,domesticTravel_0010.png,4,4,3,clip_sim
270,domesticTravel_0010.png,3,3,3,clip_sim
271,domesticTravel_0010.png,2,3,3,clip_sim
272,domesticTravel_0010.png,3,3,3,clip_sim
273,domesticTravel_0010.png,4,4,3,clip_sim
274,domesticTravel_0010.png,4,4,3,clip_sim
275,domesticTravel_0010.png,4,4,3,clip_sim
276,domesticTravel_0010.png,1,3,3,clip_sim
277,domesticTravel_0010.png,2,4,3,clip_sim
278,domesticTravel_0010.png,0,2,3,clip_sim
289,domesticTravel_0013.png,4,3,3,clip_sim
378,fall_0007.png,4,3,3,clip_sim
379,fall_0007.png,4,4,3,clip_sim
380,fall_0007.png,3,2,3,clip_sim
381,fall_0007.png,3,4,3,clip_sim
382,fall_0007.png,4,4,3,clip_sim
383,fall_0007.png,4,4,3,clip_sim
384,fall_0007.png,4,3,3,clip_sim
385,fall_0007.png,4,4,3,clip_sim
386,fall_0007.png,4,4,3,clip_sim
387,fall_0007.png,4,4,3,clip_sim
388,fall_0007.png,4,4,3,clip_sim
389,fall_0007.png,4,2,3,clip_sim
390,fall_0007.png,4,2,3,clip_sim
391,fall_0007.png,1,4,3,clip_sim
392,fall_0007.png,1,3,3,clip_sim
393,fall_0007.png,1,4,3,clip_sim
394,fall_0007.png,0,3,3,clip_sim
395,fall_0007.png,0,4,3,clip_sim
396,fall_0007.png,1,4,3,clip_sim
397,fall_0007.png,1,4,3,clip_sim
398,fall_0007.png,1,4,3,clip_sim
399,fall_0007.png,1,4,3,clip_sim
400,fall_0007.png,1,4,3,clip_sim
401,fall_0007.png,0,3,3,clip_sim
402,fall_0007.png,0,4,3,clip_sim
403,fall_0007.png,0,4,3,clip_sim
404,fall_0007.png,1,3,3,clip_sim
405,fall_0007.png,1,4,3,clip_sim
406,fall_0007.png,2,4,3,clip_sim
407,fall_0007.png,3,4,3,clip_sim
408,fall_0008.png,4,3,3,clip_sim
409,fall_0008.png,4,4,3,clip_sim
410,fall_0008.png,4,4,3,clip_sim
411,fall_0008.png,1,4,3,clip_sim
609,fashion_0006.png,4,3,3,clip_sim
610,fashion_0006.png,1,3,3,clip_sim
611,fashion_0006.png,1,3,3,clip_sim
612,fashion_0006.png,1,3,3,clip_sim
613,fashion_0006.png,0,2,3,clip_sim
614,fashion_0006.png,4,4,3,clip_sim
615,fashion_0006.png,4,4,3,clip_sim
616,fashion_0006.png,3,4,3,clip_sim
617,fashion_0006.png,2,4,3,clip_sim
618,fashion_0006.png,2,3,3,clip_sim
619,fashion_0006.png,2,4,3,clip_sim
620,fashion_0006.png,2,3,3,clip_sim
621,fashion_0006.png,3,3,3,clip_sim
622,fashion_0006.png,2,2,3,clip_sim
623,fashion_0006.png,0,3,3,clip_sim
624,fashion_0006.png,3,2,3,clip_sim
625,fashion_0006.png,1,2,3,clip_sim
626,fashion_0006.png,2,2,3,clip_sim
627,fashion_0006.png,4,4,3,clip_sim
628,fashion_0006.png,4,3,3,clip_sim
629,fashion_0006.png,1,2,3,clip_sim
630,fashion_0006.png,0,3,3,clip_sim
631,fashion_0006.png,0,3,3,clip_sim
632,fashion_0006.png,0,4,3,clip_sim
633,fashion_0015.png,4,3,3,clip_sim
634,fashion_0015.png,4,4,3,clip_sim
635,fashion_0015.png,3,4,3,clip_sim
636,fashion_0015.png,4,4,3,clip_sim
637,fashion_0015.png,4,4,3,clip_sim
638,fashion_0015.png,4,4,3,clip_sim
639,fashion_0015.png,3,4,3,clip_sim
640,fashion_0015.png,3,4,3,clip_sim
641,fashion_0015.png,3,4,3,clip_sim
642,fashion_0015.png,3,4,3,clip_sim
643,fashion_0015.png,2,4,3,clip_sim
644,fashion_0015.png,4,3,3,clip_sim
645,fashion_0015.png,4,4,3,clip_sim
646,fashion_0015.png,3,4,3,clip_sim
647,fashion_0015.png,3,4,3,clip_sim
648,fashion_0015.png,1,3,3,clip_sim
649,fashion_0015.png,4,4,3,clip_sim
650,fashion_0015.png,4,4,3,clip_sim
651,fashion_0015.png,3,4,3,clip_sim
652,fashion_0015.png,1,4,3,clip_sim
653,fashion_0015.png,4,4,3,clip_sim
654,fashion_0015.png,4,3,3,clip_sim
655,fashion_0015.png,1,4,3,clip_sim
656,fashion_0015.png,4,4,3,clip_sim
657,fashion_0015.png,3,4,3,clip_sim
658,fashion_0015.png,4,3,3,clip_sim
659,fashion_0015.png,3,3,3,clip_sim
660,fashion_0015.png,3,4,3,clip_sim
661,fashion_0015.png,4,4,3,clip_sim
662,fashion_0015.png,3,4,3,clip_sim
763,movie_0008.png,1,4,3,clip_sim
764,movie_0008.png,3,4,3,clip_sim
765,movie_0008.png,3,4,3,clip_sim
766,movie_0008.png,3,3,3,clip_sim
767,movie_0008.png,3,4,3,clip_sim
768,movie_0008.png,1,4,3,clip_sim
769,movie_0008.png,3,4,3,clip_sim
770,movie_0008.png,3,4,3,clip_sim
771,movie_0008.png,3,4,3,clip_sim
772,movie_0008.png,3,4,3,clip_sim
773,movie_0008.png,2,4,3,clip_sim
774,movie_0008.png,2,4,3,clip_sim
775,movie_0008.png,3,4,3,clip_sim
776,movie_0008.png,3,4,3,clip_sim
777,movie_0008.png,1,4,3,clip_sim
778,movie_0008.png,0,4,3,clip_sim
779,movie_0008.png,1,4,3,clip_sim
780,movie_0008.png,0,3,3,clip_sim
781,movie_0008.png,1,4,3,clip_sim
850,movie_0017.png,1,3,3,clip_sim
851,movie_0017.png,1,4,3,clip_sim
852,movie_0017.png,0,4,3,clip_sim
853,movie_0017.png,1,4,3,clip_sim
854,movie_0017.png,0,3,3,clip_sim
855,movie_0017.png,2,4,3,clip_sim
856,movie_0017.png,2,3,3,clip_sim
857,movie_0017.png,1,4,3,clip_sim
858,movie_0017.png,2,4,3,clip_sim
859,movie_0017.png,0,3,3,clip_sim
860,movie_0017.png,1,4,3,clip_sim
861,movie_0017.png,0,4,3,clip_sim
862,movie_0017.png,2,3,3,clip_sim
863,movie_0017.png,1,4,3,clip_sim
864,movie_0017.png,2,4,3,clip_sim
865,movie_0017.png,3,3,3,clip_sim
866,movie_0017.png,2,3,3,clip_sim
867,movie_0017.png,3,4,3,clip_sim
868,movie_0017.png,4,3,3,clip_sim
869,movie_0017.png,2,4,3,clip_sim
870,movie_0017.png,4,4,3,clip_sim
871,movie_0017.png,2,4,3,clip_sim
872,movie_0017.png,1,4,3,clip_sim
873,movie_0017.png,4,4,3,clip_sim
948,olive_0006.png,4,2,3,clip_sim
949,olive_0006.png,4,3,3,clip_sim
950,olive_0006.png,4,3,3,clip_sim
951,olive_0006.png,4,2,3,clip_sim
952,olive_0006.png,4,2,3,clip_sim
953,olive_0006.png,4,3,3,clip_sim
954,olive_0006.png,3,3,3,clip_sim
955,olive_0006.png,1,2,3,clip_sim
956,olive_0006.png,1,3,3,clip_sim
957,olive_0006.png,1,3,3,clip_sim
958,olive_0006.png,1,3,3,clip_sim
959,olive_0006.png,1,3,3,clip_sim
960,olive_0006.png,2,2,3,clip_sim
961,olive_0006.png,1,3,3,clip_sim
1062,olive_0018.png,4,4,3,clip_sim
1063,olive_0018.png,4,4,3,clip_sim
1064,olive_0018.png,3,4,3,clip_sim
1065,olive_0018.png,3,4,3,clip_sim
1066,olive_0018.png,4,4,3,clip_sim
1067,olive_0018.png,4,4,3,clip_sim
1144,restaurant_0003.png,4,4,3,clip_sim
1145,restaurant_0003.png,2,4,3,clip_sim
1146,restaurant_0003.png,3,4,3,clip_sim
1147,restaurant_0003.png,4,4,3,clip_sim
1148,restaurant_0003.png,4,4,3,clip_sim
1149,restaurant_0003.png,4,4,3,clip_sim
1150,restaurant_0003.png,4,4,3,clip_sim
1151,restaurant_0003.png,2,4,3,clip_sim
1152,restaurant_0003.png,3,4,3,clip_sim
1153,restaurant_0003.png,4,4,3,clip_sim
1154,restaurant_0003.png,4,4,3,clip_sim
1155,restaurant_0003.png,4,4,3,clip_sim
1156,restaurant_0003.png,4,4,3,clip_sim
1157,restaurant_0003.png,3,4,3,clip_sim
1158,restaurant_0003.png,4,4,3,clip_sim
1159,restaurant_0003.png,2,4,3,clip_sim
1160,restaurant_0003.png,0,4,3,clip_sim
1352,zerokal_0003.png,4,4,3,clip_sim
1353,zerokal_0003.png,3,4,3,clip_sim
1354,zerokal_0003.png,3,4,3,clip_sim
1355,zerokal_0003.png,2,4,3,clip_sim
1408,zerokal_0007.png,2,4,3,clip_sim
1409,zerokal_0007.png,3,4,3,clip_sim
1410,zerokal_0007.png,1,4,3,clip_sim
1411,zerokal_0007.png,4,4,3,clip_sim
1412,zerokal_0007.png,3,4,3,clip_sim
1413,zerokal_0007.png,3,2,3,clip_sim
1414,zerokal_0007.png,3,3,3,clip_sim
1437,zerokal_0011.png,0,4,3,clip_sim
1438,zerokal_0011.png,4,4,3,clip_sim
1439,zerokal_0011.png,3,4,3,clip_sim
1440,zerokal_0011.png,2,3,3,clip_sim
1441,zerokal_0011.png,4,4,3,clip_sim
1442,zerokal_0011.png,1,4,3,clip_sim
1443,zerokal_0011.png,1,3,3,clip_sim
1444,zerokal_0011.png,2,2,3,clip_sim
1445,zerokal_0011.png,2,3,3,clip_sim
1446,zerokal_0011.png,3,4,3,clip_sim
1500,zerokal_0019.png,4,2,3,clip_sim
1501,zerokal_0019.png,4,2,3,clip_sim
1502,zerokal_0019.png,4,2,3,clip_sim
1503,zerokal_0019.png,1,2,3,clip_sim
1504,zerokal_0019.png,4,2,3,clip_sim
1505,zerokal_0019.png,1,2,3,clip_sim
1506,zerokal_0019.png,1,2,3,clip_sim
1507,zerokal_0019.png,1,2,3,clip_sim
1508,zerokal_0019.png,0,2,3,clip_sim
1509,zerokal_0019.png,4,2,3,clip_sim
1510,zerokal_0019.png,3,2,3,clip_sim
1511,zerokal_0019.png,1,2,3,clip_sim
1512,zerokal_0019.png,0,2,3,clip_sim
1634,travelgram_0031.png,4,4,3,clip_sim
1635,travelgram_0031.png,4,4,3,clip_sim
1636,travelgram_0031.png,3,4,3,clip_sim
1637,travelgram_0031.png,3,4,3,clip_sim
1638,travelgram_0031.png,4,3,3,clip_sim
1643,travelgram_0036.png,4,3,3,clip_sim
1644,travelgram_0036.png,4,3,3,clip_sim
1645,travelgram_0036.png,4,2,3,clip_sim
1646,travelgram_0036.png,3,3,3,clip_sim
1647,travelgram_0036.png,3,3,3,clip_sim
1672,travelgram_0047.png,2,4,3,clip_sim
1673,travelgram_0047.png,4,3,3,clip_sim
1674,travelgram_0047.png,1,4,3,clip_sim
1675,travelgram_0047.png,3,3,3,clip_sim
1676,travelgram_0047.png,3,4,3,clip_sim
1677,travelgram_0049.png,1,3,3,clip_sim
1678,travelgram_0049.png,2,4,3,clip_sim
1679,travelgram_0049.png,0,2,3,clip_sim
1680,travelgram_0049.png,0,3,3,clip_sim
1681,travelgram_0049.png,2,4,3,clip_sim
1691,travelgram_0053.png,2,3,3,clip_sim
1695,travelgram_0055.png,4,4,3,clip_sim
1696,travelgram_0055.png,4,4,3,clip_sim
1697,travelgram_0055.png,3,4,3,clip_sim
1698,travelgram_0055.png,3,4,3,clip_sim
1699,travelgram_0055.png,3,3,3,clip_sim
1732,travelgram_0058.png,4,2,3,clip_sim
1733,travelgram_0058.png,4,2,3,clip_sim
1734,travelgram_0058.png,1,3,3,clip_sim
1735,travelgram_0058.png,1,3,3,clip_sim
1736,travelgram_0058.png,3,2,3,clip_sim
1848,travelgram_0087.png,2,2,3,clip_sim
1881,solotravel_0006.png,4,4,3,clip_sim
1882,solotravel_0006.png,3,4,3,clip_sim
1883,solotravel_0006.png,4,4,3,clip_sim
1927,solotravel_0022.png,1,4,3,clip_sim
1928,solotravel_0022.png,1,4,3,clip_sim
1929,solotravel_0022.png,2,4,3,clip_sim
1930,solotravel_0023.png,4,4,3,clip_sim
1931,solotravel_0023.png,4,4,3,clip_sim
1932,solotravel_0023.png,4,3,3,clip_sim
1933,solotravel_0023.png,2,4,3,clip_sim
1934,solotravel_0023.png,2,4,3,clip_sim
1959,solotravel_0035.png,0,4,3,clip_sim
1960,solotravel_0035.png,0,4,3,clip_sim
1961,solotravel_0035.png,1,4,3,clip_sim
1962,solotravel_0035.png,1,4,3,clip_sim
1963,solotravel_0035.png,1,4,3,clip_sim
1968,solotravel_0038.png,2,2,3,clip_sim
1969,solotravel_0038.png,1,2,3,clip_sim
1970,solotravel_0038.png,1,3,3,clip_sim
1971,solotravel_0038.png,4,2,3,clip_sim
1972,solotravel_0038.png,4,3,3,clip_sim
1973,solotravel_0039.png,4,4,3,clip_sim
1974,solotravel_0039.png,1,4,3,clip_sim
1975,solotravel_0039.png,1,3,3,clip_sim
1976,solotravel_0039.png,1,4,3,clip_sim
1977,solotravel_0039.png,1,4,3,clip_sim
1978,solotravel_0039.png,4,4,3,clip_sim
1979,solotravel_0039.png,3,3,3,clip_sim
1980,solotravel_0039.png,3,4,3,clip_sim
1981,solotravel_0039.png,4,4,3,clip_sim
1982,solotravel_0039.png,1,4,3,clip_sim
1983,solotravel_0039.png,1,4,3,clip_sim
1984,solotravel_0039.png,2,4,3,clip_sim
2012,solotravel_0046.png,1,4,3,clip_sim
2013,solotravel_0046.png,1,4,3,clip_sim
2014,solotravel_0046.png,1,4,3,clip_sim
2015,solotravel_0046.png,3,4,3,clip_sim
2016,solotravel_0046.png,3,4,3,clip_sim
2017,solotravel_0046.png,2,4,3,clip_sim
2018,solotravel_0046.png,1,4,3,clip_sim
2019,solotravel_0046.png,3,4,3,clip_sim
2020,solotravel_0046.png,3,4,3,clip_sim
2021,solotravel_0046.png,4,4,3,clip_sim
2022,solotravel_0046.png,4,4,3,clip_sim
2023,solotravel_0046.png,4,4,3,clip_sim
2024,solotravel_0046.png,2,4,3,clip_sim
2025,solotravel_0046.png,0,4,3,clip_sim
2026,solotravel_0046.png,2,4,3,clip_sim
2058,solotravel_0051.png,4,4,3,clip_sim
2059,solotravel_0051.png,2,4,3,clip_sim
2060,solotravel_0051.png,3,3,3,clip_sim
2076,solotravel_0059.png,4,4,3,clip_sim
2077,solotravel_0059.png,3,4,3,clip_sim
2078,solotravel_0059.png,4,4,3,clip_sim
2079,solotravel_0059.png,4,4,3,clip_sim
2080,solotravel_0059.png,2,4,3,clip_sim
2081,solotravel_0059.png,1,4,3,clip_sim
2082,solotravel_0059.png,4,4,3,clip_sim
2096,solotravel_0062.png,4,4,3,clip_sim
2097,solotravel_0063.png,4,4,3,clip_sim
2098,solotravel_0063.png,4,4,3,clip_sim
2099,solotravel_0063.png,3,4,3,clip_sim
2100,solotravel_0063.png,3,4,3,clip_sim
2101,solotravel_0063.png,4,4,3,clip_sim
2102,solotravel_0063.png,3,4,3,clip_sim
2103,solotravel_0063.png,1,4,3,clip_sim
2104,solotravel_0063.png,1,4,3,clip_sim
2105,solotravel_0063.png,1,4,3,clip_sim
2106,solotravel_0063.png,3,4,3,clip_sim
2107,solotravel_0064.png,1,4,3,clip_sim
2108,solotravel_0064.png,1,4,3,clip_sim
2109,solotravel_0064.png,2,4,3,clip_sim
2110,solotravel_0064.png,3,4,3,clip_sim
2126,solotravel_0068.png,4,4,3,clip_sim
2127,solotravel_0068.png,4,4,3,clip_sim
2128,solotravel_0068.png,4,3,3,clip_sim
2129,solotravel_0068.png,3,4,3,clip_sim
2130,solotravel_0068.png,1,4,3,clip_sim
2131,solotravel_0068.png,1,4,3,clip_sim
2132,solotravel_0068.png,0,4,3,clip_sim
2133,solotravel_0068.png,1,4,3,clip_sim
2134,solotravel_0068.png,1,3,3,clip_sim
2135,solotravel_0068.png,1,4,3,clip_sim
2136,solotravel_0068.png,1,4,3,clip_sim
2137,solotravel_0068.png,1,4,3,clip_sim
2138,solotravel_0068.png,1,4,3,clip_sim
2139,solotravel_0068.png,0,2,3,clip_sim
2199,solotravel_0083.png,2,4,3,clip_sim
2200,solotravel_0083.png,3,4,3,clip_sim
2201,solotravel_0083.png,3,4,3,clip_sim
2202,solotravel_0083.png,4,4,3,clip_sim
2203,solotravel_0083.png,1,4,3,clip_sim
2219,solotravel_0089.png,4,4,3,clip_sim
2220,solotravel_0089.png,3,4,3,clip_sim
2221,solotravel_0089.png,3,4,3,clip_sim
2222,solotravel_0089.png,4,4,3,clip_sim
2241,solotravel_0097.png,3,2,3,clip_sim
2242,solotravel_0097.png,4,3,3,clip_sim
2243,solotravel_0097.png,3,3,3,clip_sim
2279,travel_0007.png,2,3,3,clip_sim
2280,travel_0007.png,3,4,3,clip_sim
2327,travel_0019.png,3,4,3,clip_sim
2328,travel_0019.png,4,3,3,clip_sim
2329,travel_0019.png,4,3,3,clip_sim
2330,travel_0019.png,3,4,3,clip_sim
2354,travel_0026.png,4,4,3,clip_sim
2355,travel_0029.png,4,4,3,clip_sim
2356,travel_0029.png,3,4,3,clip_sim
2357,travel_0029.png,1,4,3,clip_sim
2358,travel_0029.png,2,4,3,clip_sim
2359,travel_0029.png,0,4,3,clip_sim
2369,travel_0032.png,4,4,3,clip_sim
2370,travel_0032.png,4,4,3,clip_sim
2371,travel_0032.png,3,4,3,clip_sim
2372,travel_0032.png,4,4,3,clip_sim
2373,travel_0032.png,3,4,3,clip_sim
2389,travel_0043.png,4,4,3,clip_sim
2390,travel_0043.png,3,4,3,clip_sim
2391,travel_0043.png,2,4,3,clip_sim
2395,travel_0045.png,2,4,3,clip_sim
2396,travel_0045.png,4,4,3,clip_sim
2397,travel_0045.png,0,4,3,clip_sim
2398,travel_0045.png,2,4,3,clip_sim
2399,travel_0045.png,2,4,3,clip_sim
2400,travel_0045.png,2,4,3,clip_sim
2401,travel_0045.png,0,4,3,clip_sim
2402,travel_0045.png,0,4,3,clip_sim
2403,travel_0045.png,0,4,3,clip_sim
2404,travel_0045.png,0,4,3,clip_sim
2405,travel_0045.png,0,4,3,clip_sim
2406,travel_0045.png,0,4,3,clip_sim
2421,travel_0048.png,4,4,3,clip_sim
2422,travel_0048.png,3,4,3,clip_sim
2423,travel_0048.png,3,4,3,clip_sim
2424,travel_0048.png,4,4,3,clip_sim
2478,travel_0058.png,4,4,3,clip_sim
2479,travel_0058.png,4,4,3,clip_sim
2480,travel_0058.png,1,2,3,clip_sim
2481,travel_0058.png,4,3,3,clip_sim
2482,travel_0058.png,2,3,3,clip_sim
2522,travel_0066.png,0,4,3,clip_sim
2523,travel_0066.png,0,4,3,clip_sim
2524,travel_0066.png,0,2,3,clip_sim
2525,travel_0066.png,0,2,3,clip_sim
2526,travel_0066.png,0,2,3,clip_sim
2591,travel_0082.png,1,3,3,clip_sim
2592,travel_0082.png,4,4,3,clip_sim
2593,travel_0082.png,3,4,3,clip_sim
2594,travel_0082.png,1,4,3,clip_sim
2595,travel_0082.png,3,4,3,clip_sim
2596,travel_0082.png,3,4,3,clip_sim
2597,travel_0082.png,0,4,3,clip_sim
2646,travel_0095.png,4,4,3,clip_sim
2666,foodstagram_0012.png,4,4,3,clip_sim
2667,foodstagram_0012.png,2,4,3,clip_sim
2668,foodstagram_0012.png,4,4,3,clip_sim
2669,foodstagram_0012.png,3,4,3,clip_sim
2670,foodstagram_0012.png,4,4,3,clip_sim
2671,foodstagram_0012.png,3,4,3,clip_sim
2672,foodstagram_0012.png,3,4,3,clip_sim
2673,foodstagram_0012.png,3,4,3,clip_sim
2674,foodstagram_0012.png,3,4,3,clip_sim
2675,foodstagram_0012.png,4,4,3,clip_sim
2676,foodstagram_0012.png,4,3,3,clip_sim
2677,foodstagram_0012.png,1,4,3,clip_sim
2678,foodstagram_0012.png,1,4,3,clip_sim
2679,foodstagram_0012.png,2,4,3,clip_sim
2680,foodstagram_0012.png,2,3,3,clip_sim
2681,foodstagram_0012.png,3,4,3,clip_sim
2682,foodstagram_0012.png,4,4,3,clip_sim
2683,foodstagram_0012.png,3,4,3,clip_sim
2684,foodstagram_0012.png,4,3,3,clip_sim
2685,foodstagram_0012.png,4,4,3,clip_sim
2686,foodstagram_0012.png,3,3,3,clip_sim
2687,foodstagram_0012.png,3,4,3,clip_sim
2688,foodstagram_0012.png,3,4,3,clip_sim
2695,foodstagram_0014.png,4,3,3,clip_sim
2696,foodstagram_0014.png,3,3,3,clip_sim
2775,foodstagram_0026.png,1,2,3,clip_sim
2776,foodstagram_0026.png,1,2,3,clip_sim
2777,foodstagram_0026.png,4,4,3,clip_sim
2778,foodstagram_0026.png,3,4,3,clip_sim
2779,foodstagram_0026.png,4,4,3,clip_sim
2780,foodstagram_0026.png,3,3,3,clip_sim
2781,foodstagram_0026.png,1,2,3,clip_sim
2782,foodstagram_0026.png,1,4,3,clip_sim
2783,foodstagram_0026.png,2,3,3,clip_sim
2784,foodstagram_0026.png,2,3,3,clip_sim
2785,foodstagram_0026.png,2,2,3,clip_sim
2786,foodstagram_0026.png,2,2,3,clip_sim
2787,foodstagram_0026.png,2,3,3,clip_sim
2788,foodstagram_0026.png,2,4,3,clip_sim
2789,foodstagram_0026.png,2,3,3,clip_sim
2790,foodstagram_0026.png,2,3,3,clip_sim
2791,foodstagram_0026.png,1,3,3,clip_sim
2792,foodstagram_0026.png,4,3,3,clip_sim
2793,foodstagram_0026.png,4,4,3,clip_sim
2794,foodstagram_0026.png,4,3,3,clip_sim
2795,foodstagram_0026.png,4,4,3,clip_sim
2796,foodstagram_0026.png,1,3,3,clip_sim
2797,foodstagram_0026.png,1,4,3,clip_sim
2798,foodstagram_0026.png,1,2,3,clip_sim
2799,foodstagram_0026.png,1,3,3,clip_sim
2800,foodstagram_0026.png,1,3,3,clip_sim
2801,foodstagram_0026.png,1,3,3,clip_sim
2802,foodstagram_0026.png,1,3,3,clip_sim
2822,foodstagram_0031.png,0,2,3,clip_sim
2823,foodstagram_0031.png,0,2,3,clip_sim
2824,foodstagram_0031.png,0,3,3,clip_sim
2825,foodstagram_0031.png,0,4,3,clip_sim
2826,foodstagram_0031.png,0,4,3,clip_sim
2827,foodstagram_0031.png,0,3,3,clip_sim
2828,foodstagram_0032.png,4,3,3,clip_sim
2829,foodstagram_0032.png,4,3,3,clip_sim
2830,foodstagram_0032.png,4,3,3,clip_sim
2831,foodstagram_0032.png,2,4,3,clip_sim
2917,foodstagram_0058.png,4,3,3,clip_sim
2918,foodstagram_0058.png,4,3,3,clip_sim
2919,foodstagram_0058.png,1,2,3,clip_sim
2920,foodstagram_0058.png,3,3,3,clip_sim
2921,foodstagram_0058.png,3,3,3,clip_sim
2998,foodstagram_0068.png,4,4,3,clip_sim
2999,foodstagram_0068.png,4,3,3,clip_sim
3000,foodstagram_0068.png,4,4,3,clip_sim
3033,foodstagram_0083.png,4,3,3,clip_sim
3034,foodstagram_0083.png,4,2,3,clip_sim
3035,foodstagram_0083.png,4,2,3,clip_sim
3036,foodstagram_0083.png,4,4,3,clip_sim
3037,foodstagram_0083.png,4,2,3,clip_sim
3038,foodstagram_0084.png,1,4,3,clip_sim
3039,foodstagram_0084.png,0,4,3,clip_sim
3040,foodstagram_0084.png,0,4,3,clip_sim
3041,foodstagram_0084.png,0,4,3,clip_sim
3042,foodstagram_0084.png,0,4,3,clip_sim
3124,meokstagram_0005.png,3,4,3,clip_sim
3125,meokstagram_0005.png,3,4,3,clip_sim
3126,meokstagram_0005.png,3,4,3,clip_sim
3127,meokstagram_0005.png,1,4,3,clip_sim
3128,meokstagram_0005.png,1,4,3,clip_sim
3129,meokstagram_0005.png,2,4,3,clip_sim
3130,meokstagram_0005.png,1,4,3,clip_sim
3131,meokstagram_0005.png,2,4,3,clip_sim
3132,meokstagram_0005.png,4,4,3,clip_sim
3133,meokstagram_0005.png,3,4,3,clip_sim
3134,meokstagram_0005.png,3,4,3,clip_sim
3179,meokstagram_0012.png,4,4,3,clip_sim
3180,meokstagram_0012.png,4,4,3,clip_sim
3181,meokstagram_0012.png,2,4,3,clip_sim
3182,meokstagram_0012.png,4,3,3,clip_sim
3183,meokstagram_0012.png,1,4,3,clip_sim
3184,meokstagram_0012.png,1,4,3,clip_sim
3185,meokstagram_0012.png,0,4,3,clip_sim
3186,meokstagram_0012.png,3,4,3,clip_sim
3187,meokstagram_0013.png,3,3,3,clip_sim
3188,meokstagram_0013.png,3,3,3,clip_sim
3195,meokstagram_0015.png,4,4,3,clip_sim
3196,meokstagram_0015.png,3,4,3,clip_sim
3197,meokstagram_0015.png,1,4,3,clip_sim
3198,meokstagram_0015.png,1,4,3,clip_sim
3199,meokstagram_0015.png,4,4,3,clip_sim
3234,meokstagram_0021.png,4,4,3,clip_sim
3235,meokstagram_0021.png,4,4,3,clip_sim
3248,meokstagram_0028.png,4,4,3,clip_sim
3249,meokstagram_0028.png,0,4,3,clip_sim
3250,meokstagram_0028.png,1,4,3,clip_sim
3266,meokstagram_0033.png,3,4,3,clip_sim
3267,meokstagram_0033.png,3,4,3,clip_sim
3268,meokstagram_0033.png,4,4,3,clip_sim
3269,meokstagram_0033.png,4,4,3,clip_sim
3270,meokstagram_0033.png,2,4,3,clip_sim
3271,meokstagram_0033.png,1,4,3,clip_sim
3272,meokstagram_0033.png,0,4,3,clip_sim
3273,meokstagram_0033.png,3,4,3,clip_sim
3274,meokstagram_0033.png,2,4,3,clip_sim
3275,meokstagram_0033.png,2,4,3,clip_sim
3276,meokstagram_0033.png,1,4,3,clip_sim
3277,meokstagram_0033.png,1,4,3,clip_sim
3278,meokstagram_0033.png,0,4,3,clip_sim
3279,meokstagram_0033.png,0,4,3,clip_sim
3280,meokstagram_0033.png,0,4,3,clip_sim
3281,meokstagram_0033.png,1,4,3,clip_sim
3282,meokstagram_0033.png,2,4,3,clip_sim
3283,meokstagram_0033.png,4,4,3,clip_sim
3284,meokstagram_0033.png,3,4,3,clip_sim
3344,meokstagram_0048.png,0,4,3,clip_sim
3345,meokstagram_0048.png,4,3,3,clip_sim
3346,meokstagram_0048.png,4,4,3,clip_sim
3347,meokstagram_0048.png,4,3,3,clip_sim
3348,meokstagram_0048.png,3,2,3,clip_sim
3349,meokstagram_0048.png,2,4,3,clip_sim
3350,meokstagram_0048.png,2,3,3,clip_sim
3351,meokstagram_0048.png,0,4,3,clip_sim
3352,meokstagram_0048.png,0,4,3,clip_sim
3353,meokstagram_0048.png,0,3,3,clip_sim
3354,meokstagram_0048.png,0,4,3,clip_sim
3470,meokstagram_0062.png,4,2,3,clip_sim
3471,meokstagram_0062.png,4,2,3,clip_sim
3472,meokstagram_0062.png,4,2,3,clip_sim
3585,meokstagram_0090.png,4,2,3,clip_sim
3586,meokstagram_0090.png,3,3,3,clip_sim
3587,meokstagram_0090.png,4,2,3,clip_sim
3588,meokstagram_0090.png,2,2,3,clip_sim
3589,meokstagram_0090.png,0,2,3,clip_sim
3602,meokstagram_0094.png,0,4,3,clip_sim
3603,meokstagram_0094.png,0,4,3,clip_sim
3604,meokstagram_0094.png,0,4,3,clip_sim
3605,meokstagram_0094.png,0,4,3,clip_sim
3606,meokstagram_0094.png,0,4,3,clip_sim
3650,jmt_0007.png,1,3,3,clip_sim
3651,jmt_0007.png,1,3,3,clip_sim
3652,jmt_0007.png,1,4,3,clip_sim
3653,jmt_0007.png,1,4,3,clip_sim
3654,jmt_0007.png,0,4,3,clip_sim
3655,jmt_0007.png,0,3,3,clip_sim
3685,jmt_0019.png,1,3,3,clip_sim
3686,jmt_0019.png,3,3,3,clip_sim
3687,jmt_0019.png,2,3,3,clip_sim
3703,jmt_0026.png,4,4,3,clip_sim
3704,jmt_0026.png,4,4,3,clip_sim
3705,jmt_0026.png,4,4,3,clip_sim
3706,jmt_0026.png,3,4,3,clip_sim
3707,jmt_0026.png,3,4,3,clip_sim
3751,jmt_0041.png,4,4,3,clip_sim
3752,jmt_0041.png,4,4,3,clip_sim
3753,jmt_0041.png,1,4,3,clip_sim
3754,jmt_0041.png,3,4,3,clip_sim
3755,jmt_0041.png,2,4,3,clip_sim
3761,jmt_0043.png,4,4,3,clip_sim
3762,jmt_0043.png,1,3,3,clip_sim
3763,jmt_0043.png,3,3,3,clip_sim
3764,jmt_0043.png,2,3,3,clip_sim
3765,jmt_0043.png,1,2,3,clip_sim
3771,jmt_0045.png,1,2,3,clip_sim
3772,jmt_0045.png,3,2,3,clip_sim
3773,jmt_0045.png,4,2,3,clip_sim
3774,jmt_0045.png,3,2,3,clip_sim
3775,jmt_0045.png,2,2,3,clip_sim
3779,jmt_0049.png,0,2,3,clip_sim
3792,jmt_0056.png,4,4,3,clip_sim
3793,jmt_0056.png,4,4,3,clip_sim
3794,jmt_0056.png,3,3,3,clip_sim
3804,jmt_0061.png,4,4,3,clip_sim
3805,jmt_0061.png,4,4,3,clip_sim
3806,jmt_0061.png,4,4,3,clip_sim
3807,jmt_0061.png,3,3,3,clip_sim
3808,jmt_0061.png,4,4,3,clip_sim
3818,jmt_0066.png,4,3,3,clip_sim
3819,jmt_0066.png,4,4,3,clip_sim
3820,jmt_0066.png,3,3,3,clip_sim
3821,jmt_0066.png,1,3,3,clip_sim
3822,jmt_0066.png,1,3,3,clip_sim
3835,jmt_0072.png,0,2,3,clip_sim
3836,jmt_0072.png,4,2,3,clip_sim
3837,jmt_0072.png,4,2,3,clip_sim
3838,jmt_0072.png,0,3,3,clip_sim
3839,jmt_0072.png,1,4,3,clip_sim
3840,jmt_0072.png,4,2,3,clip_sim
3841,jmt_0072.png,4,3,3,clip_sim
3842,jmt_0072.png,3,3,3,clip_sim
3843,jmt_0072.png,3,2,3,clip_sim
3844,jmt_0072.png,3,2,3,clip_sim
3845,jmt_0072.png,3,2,3,clip_sim
3846,jmt_0072.png,3,4,3,clip_sim
3847,jmt_0072.png,3,3,3,clip_sim
3848,jmt_0072.png,2,3,3,clip_sim
3849,jmt_0072.png,3,3,3,clip_sim
3850,jmt_0072.png,3,2,3,clip_sim
3851,jmt_0072.png,4,4,3,clip_sim
3852,jmt_0072.png,3,4,3,clip_sim
3853,jmt_0072.png,3,4,3,clip_sim
3854,jmt_0072.png,1,3,3,clip_sim
3855,jmt_0072.png,1,3,3,clip_sim
3856,jmt_0072.png,2,2,3,clip_sim
3857,jmt_0072.png,2,2,3,clip_sim
3858,jmt_0072.png,2,3,3,clip_sim
3859,jmt_0072.png,3,2,3,clip_sim
3916,jmt_0090.png,1,4,3,clip_sim
3917,jmt_0090.png,4,4,3,clip_sim
3918,jmt_0090.png,3,4,3,clip_sim
3919,jmt_0090.png,1,4,3,clip_sim
3993,makeup_0016.png,3,4,3,clip_sim
3994,makeup_0016.png,4,4,3,clip_sim
3995,makeup_0016.png,3,3,3,clip_sim
3996,makeup_0016.png,2,4,3,clip_sim
3997,makeup_0016.png,4,4,3,clip_sim
3998,makeup_0016.png,3,4,3,clip_sim
4012,makeup_0027.png,3,4,3,clip_sim
4013,makeup_0027.png,3,4,3,clip_sim
4014,makeup_0027.png,3,4,3,clip_sim
4015,makeup_0027.png,3,4,3,clip_sim
4016,makeup_0027.png,4,4,3,clip_sim
4017,makeup_0027.png,3,4,3,clip_sim
4018,makeup_0027.png,4,4,3,clip_sim
4019,makeup_0027.png,3,4,3,clip_sim
4020,makeup_0027.png,2,4,3,clip_sim
4021,makeup_0027.png,3,4,3,clip_sim
4022,makeup_0027.png,2,4,3,clip_sim
4023,makeup_0027.png,3,3,3,clip_sim
4024,makeup_0027.png,3,4,3,clip_sim
4025,makeup_0027.png,4,4,3,clip_sim
4026,makeup_0027.png,2,4,3,clip_sim
4063,makeup_0033.png,4,4,3,clip_sim
4064,makeup_0033.png,2,4,3,clip_sim
4065,makeup_0033.png,4,4,3,clip_sim
4066,makeup_0033.png,3,4,3,clip_sim
4067,makeup_0033.png,1,4,3,clip_sim
4068,makeup_0033.png,3,4,3,clip_sim
4069,makeup_0033.png,4,4,3,clip_sim
4070,makeup_0033.png,1,4,3,clip_sim
4071,makeup_0033.png,4,4,3,clip_sim
4072,makeup_0033.png,4,4,3,clip_sim
4073,makeup_0033.png,3,4,3,clip_sim
4074,makeup_0033.png,1,4,3,clip_sim
4075,makeup_0033.png,0,3,3,clip_sim
4128,makeup_0043.png,1,4,3,clip_sim
4129,makeup_0043.png,4,4,3,clip_sim
4130,makeup_0043.png,4,4,3,clip_sim
4131,makeup_0043.png,3,4,3,clip_sim
4132,makeup_0043.png,2,4,3,clip_sim
4133,makeup_0045.png,0,3,3,clip_sim
4134,makeup_0045.png,1,3,3,clip_sim
4135,makeup_0046.png,4,4,3,clip_sim
4136,makeup_0046.png,4,4,3,clip_sim
4137,makeup_0046.png,1,4,3,clip_sim
4138,makeup_0046.png,4,4,3,clip_sim
4139,makeup_0046.png,4,4,3,clip_sim
4140,makeup_0046.png,3,4,3,clip_sim
4176,makeup_0057.png,4,4,3,clip_sim
4177,makeup_0057.png,4,4,3,clip_sim
4178,makeup_0057.png,3,4,3,clip_sim
4179,makeup_0057.png,4,3,3,clip_sim
4180,makeup_0057.png,1,3,3,clip_sim
4200,makeup_0063.png,4,4,3,clip_sim
4201,makeup_0063.png,4,4,3,clip_sim
4202,makeup_0063.png,4,4,3,clip_sim
4203,makeup_0063.png,2,4,3,clip_sim
4204,makeup_0063.png,4,4,3,clip_sim
4226,makeup_0071.png,4,4,3,clip_sim
4227,makeup_0071.png,3,4,3,clip_sim
4228,makeup_0071.png,4,4,3,clip_sim
4229,makeup_0071.png,2,4,3,clip_sim
4230,makeup_0071.png,2,4,3,clip_sim
4231,makeup_0071.png,1,4,3,clip_sim
4232,makeup_0071.png,4,4,3,clip_sim
4233,makeup_0071.png,3,4,3,clip_sim
4234,makeup_0071.png,4,4,3,clip_sim
4235,makeup_0071.png,4,4,3,clip_sim
4236,makeup_0071.png,1,2,3,clip_sim
4237,makeup_0071.png,1,4,3,clip_sim
4251,makeup_0077.png,4,2,3,clip_sim
4252,makeup_0077.png,0,3,3,clip_sim
4253,makeup_0077.png,4,4,3,clip_sim
4254,makeup_0077.png,1,2,3,clip_sim
4265,makeup_0081.png,4,4,3,clip_sim
4266,makeup_0081.png,3,4,3,clip_sim
4267,makeup_0081.png,3,3,3,clip_sim
4268,makeup_0081.png,2,4,3,clip_sim
4269,makeup_0081.png,1,4,3,clip_sim
4270,makeup_0081.png,3,4,3,clip_sim
4271,makeup_0081.png,3,4,3,clip_sim
4272,makeup_0081.png,2,4,3,clip_sim
4273,makeup_0081.png,4,4,3,clip_sim
4274,makeup_0081.png,3,3,3,clip_sim
4275,makeup_0081.png,1,4,3,clip_sim
4276,makeup_0081.png,1,4,3,clip_sim
4277,makeup_0081.png,1,4,3,clip_sim
4282,makeup_0083.png,4,4,3,clip_sim
4283,makeup_0083.png,3,3,3,clip_sim
4284,makeup_0083.png,1,4,3,clip_sim
4285,makeup_0083.png,2,4,3,clip_sim
4286,makeup_0084.png,4,4,3,clip_sim
4287,makeup_0084.png,4,4,3,clip_sim
4288,makeup_0084.png,4,4,3,clip_sim
4289,makeup_0084.png,2,4,3,clip_sim
4290,makeup_0084.png,3,4,3,clip_sim
4291,makeup_0084.png,4,4,3,clip_sim
4292,makeup_0084.png,1,4,3,clip_sim
4293,makeup_0084.png,3,3,3,clip_sim
4294,makeup_0084.png,1,4,3,clip_sim
4295,makeup_0084.png,2,4,3,clip_sim
4296,makeup_0084.png,2,4,3,clip_sim
4297,makeup_0084.png,3,4,3,clip_sim
4298,makeup_0084.png,4,4,3,clip_sim
4299,makeup_0084.png,4,4,3,clip_sim
4300,makeup_0084.png,1,4,3,clip_sim
4301,makeup_0084.png,1,4,3,clip_sim
4316,makeup_0087.png,2,4,3,clip_sim
4317,makeup_0087.png,4,4,3,clip_sim
4318,makeup_0087.png,3,4,3,clip_sim
4319,makeup_0087.png,3,4,3,clip_sim
4320,makeup_0087.png,3,4,3,clip_sim
4329,makeup_0091.png,4,4,3,clip_sim
4330,makeup_0091.png,4,4,3,clip_sim
4331,makeup_0091.png,3,4,3,clip_sim
4332,makeup_0091.png,4,4,3,clip_sim
4333,makeup_0091.png,3,4,3,clip_sim
4361,dailymakeup_0007.png,4,4,3,clip_sim
4400,dailymakeup_0015.png,4,4,3,clip_sim
4401,dailymakeup_0015.png,3,4,3,clip_sim
4402,dailymakeup_0015.png,2,4,3,clip_sim
4403,dailymakeup_0015.png,1,4,3,clip_sim
4404,dailymakeup_0015.png,1,4,3,clip_sim
4405,dailymakeup_0015.png,2,4,3,clip_sim
4406,dailymakeup_0015.png,1,4,3,clip_sim
4407,dailymakeup_0016.png,4,4,3,clip_sim
4408,dailymakeup_0016.png,1,4,3,clip_sim
4409,dailymakeup_0016.png,3,4,3,clip_sim
4410,dailymakeup_0016.png,2,4,3,clip_sim
4418,dailymakeup_0020.png,1,4,3,clip_sim
4419,dailymakeup_0020.png,2,4,3,clip_sim
4420,dailymakeup_0020.png,3,4,3,clip_sim
4421,dailymakeup_0020.png,1,4,3,clip_sim
4488,dailymakeup_0032.png,4,4,3,clip_sim
4489,dailymakeup_0032.png,3,4,3,clip_sim
4490,dailymakeup_0032.png,1,4,3,clip_sim
4491,dailymakeup_0032.png,1,3,3,clip_sim
4492,dailymakeup_0032.png,3,4,3,clip_sim
4493,dailymakeup_0032.png,1,4,3,clip_sim
4494,dailymakeup_0032.png,3,4,3,clip_sim
4495,dailymakeup_0032.png,1,4,3,clip_sim
4496,dailymakeup_0032.png,2,4,3,clip_sim
4497,dailymakeup_0032.png,1,4,3,clip_sim
4498,dailymakeup_0032.png,4,3,3,clip_sim
4499,dailymakeup_0032.png,3,4,3,clip_sim
4500,dailymakeup_0032.png,3,4,3,clip_sim
4501,dailymakeup_0032.png,3,4,3,clip_sim
4502,dailymakeup_0032.png,2,4,3,clip_sim
4503,dailymakeup_0032.png,3,4,3,clip_sim
4504,dailymakeup_0032.png,1,4,3,clip_sim
4585,dailymakeup_0048.png,4,4,3,clip_sim
4621,dailymakeup_0052.png,3,4,3,clip_sim
4622,dailymakeup_0052.png,4,4,3,clip_sim
4623,dailymakeup_0052.png,3,4,3,clip_sim
4624,dailymakeup_0052.png,3,4,3,clip_sim
4625,dailymakeup_0052.png,2,4,3,clip_sim
4641,dailymakeup_0056.png,4,4,3,clip_sim
4642,dailymakeup_0056.png,4,4,3,clip_sim
4643,dailymakeup_0056.png,3,4,3,clip_sim
4644,dailymakeup_0056.png,1,4,3,clip_sim
4645,dailymakeup_0056.png,3,4,3,clip_sim
4646,dailymakeup_0056.png,3,4,3,clip_sim
4647,dailymakeup_0056.png,4,3,3,clip_sim
4648,dailymakeup_0056.png,3,4,3,clip_sim
4649,dailymakeup_0056.png,4,4,3,clip_sim
4650,dailymakeup_0057.png,4,3,3,clip_sim
4651,dailymakeup_0057.png,4,3,3,clip_sim
4652,dailymakeup_0057.png,3,4,3,clip_sim
4653,dailymakeup_0057.png,3,3,3,clip_sim
4654,dailymakeup_0057.png,4,3,3,clip_sim
4661,dailymakeup_0059.png,3,3,3,clip_sim
4662,dailymakeup_0059.png,1,4,3,clip_sim
4663,dailymakeup_0059.png,1,4,3,clip_sim
4665,dailymakeup_0063.png,4,3,3,clip_sim
4666,dailymakeup_0063.png,2,3,3,clip_sim
4667,dailymakeup_0063.png,4,2,3,clip_sim
4668,dailymakeup_0063.png,3,3,3,clip_sim
4669,dailymakeup_0063.png,3,4,3,clip_sim
4730,dailymakeup_0077.png,3,4,3,clip_sim
4731,dailymakeup_0077.png,3,4,3,clip_sim
4732,dailymakeup_0077.png,0,4,3,clip_sim
4733,dailymakeup_0077.png,1,4,3,clip_sim
4737,dailymakeup_0080.png,3,3,3,clip_sim
4758,dailymakeup_0087.png,4,4,3,clip_sim
4759,dailymakeup_0087.png,3,4,3,clip_sim
4760,dailymakeup_0087.png,3,3,3,clip_sim
4761,dailymakeup_0087.png,4,4,3,clip_sim
4826,kkuankku_0004.png,4,3,3,clip_sim
4827,kkuankku_0004.png,3,3,3,clip_sim
4828,kkuankku_0004.png,3,3,3,clip_sim
4829,kkuankku_0004.png,4,3,3,clip_sim
4830,kkuankku_0004.png,2,2,3,clip_sim
4831,kkuankku_0004.png,3,4,3,clip_sim
4832,kkuankku_0004.png,4,4,3,clip_sim
4833,kkuankku_0004.png,2,4,3,clip_sim
4834,kkuankku_0004.png,4,4,3,clip_sim
4835,kkuankku_0004.png,2,4,3,clip_sim
4836,kkuankku_0004.png,1,4,3,clip_sim
4837,kkuankku_0004.png,4,4,3,clip_sim
4838,kkuankku_0004.png,3,4,3,clip_sim
4839,kkuankku_0004.png,3,4,3,clip_sim
4840,kkuankku_0004.png,1,4,3,clip_sim
4841,kkuankku_0004.png,3,4,3,clip_sim
4842,kkuankku_0004.png,4,4,3,clip_sim
4843,kkuankku_0004.png,1,4,3,clip_sim
4919,kkuankku_0027.png,2,4,3,clip_sim
4920,kkuankku_0027.png,4,4,3,clip_sim
4921,kkuankku_0027.png,4,4,3,clip_sim
4922,kkuankku_0027.png,3,4,3,clip_sim
4923,kkuankku_0028.png,4,3,3,clip_sim
4924,kkuankku_0028.png,3,4,3,clip_sim
4925,kkuankku_0028.png,3,4,3,clip_sim
4926,kkuankku_0028.png,4,4,3,clip_sim
4927,kkuankku_0028.png,2,3,3,clip_sim
4928,kkuankku_0028.png,1,4,3,clip_sim
4929,kkuankku_0028.png,1,4,3,clip_sim
4930,kkuankku_0028.png,4,4,3,clip_sim
4931,kkuankku_0028.png,3,4,3,clip_sim
4932,kkuankku_0028.png,4,4,3,clip_sim
4933,kkuankku_0028.png,3,4,3,clip_sim
4934,kkuankku_0028.png,3,4,3,clip_sim
4935,kkuankku_0028.png,3,4,3,clip_sim
4936,kkuankku_0028.png,3,4,3,clip_sim
4937,kkuankku_0028.png,4,4,3,clip_sim
4938,kkuankku_0028.png,2,4,3,clip_sim
4939,kkuankku_0028.png,3,4,3,clip_sim
4940,kkuankku_0028.png,2,4,3,clip_sim
4941,kkuankku_0028.png,2,4,3,clip_sim
4947,kkuankku_0038.png,4,4,3,clip_sim
4948,kkuankku_0038.png,4,4,3,clip_sim
4949,kkuankku_0038.png,4,4,3,clip_sim
4950,kkuankku_0038.png,2,4,3,clip_sim
4951,kkuankku_0038.png,3,4,3,clip_sim
4952,kkuankku_0038.png,3,4,3,clip_sim
4953,kkuankku_0038.png,3,4,3,clip_sim
4973,kkuankku_0041.png,3,4,3,clip_sim
4974,kkuankku_0041.png,4,4,3,clip_sim
4975,kkuankku_0041.png,4,4,3,clip_sim
4976,kkuankku_0041.png,3,4,3,clip_sim
4977,kkuankku_0041.png,4,4,3,clip_sim
4978,kkuankku_0041.png,4,4,3,clip_sim
4979,kkuankku_0041.png,3,4,3,clip_sim
5028,kkuankku_0065.png,4,4,3,clip_sim
5029,kkuankku_0065.png,4,4,3,clip_sim
5030,kkuankku_0065.png,3,4,3,clip_sim
5031,kkuankku_0065.png,4,4,3,clip_sim
5032,kkuankku_0065.png,3,4,3,clip_sim
5033,kkuankku_0065.png,4,4,3,clip_sim
5034,kkuankku_0065.png,4,4,3,clip_sim
5035,kkuankku_0065.png,3,4,3,clip_sim
5036,kkuankku_0065.png,3,4,3,clip_sim
5037,kkuankku_0065.png,3,4,3,clip_sim
5038,kkuankku_0065.png,3,4,3,clip_sim
5039,kkuankku_0065.png,4,4,3,clip_sim
5040,kkuankku_0065.png,3,4,3,clip_sim
5041,kkuankku_0065.png,4,4,3,clip_sim
5042,kkuankku_0065.png,4,2,3,clip_sim
5043,kkuankku_0065.png,3,4,3,clip_sim
5044,kkuankku_0065.png,1,4,3,clip_sim
5045,kkuankku_0065.png,3,4,3,clip_sim
5090,kkuankku_0086.png,4,4,3,clip_sim
5091,kkuankku_0086.png,3,3,3,clip_sim
5092,kkuankku_0086.png,3,4,3,clip_sim
5093,kkuankku_0086.png,4,3,3,clip_sim
5094,kkuankku_0086.png,4,4,3,clip_sim
5284,dailylook_0019.png,4,4,3,clip_sim
5285,dailylook_0019.png,1,4,3,clip_sim
5286,dailylook_0019.png,2,4,3,clip_sim
5287,dailylook_0019.png,2,4,3,clip_sim
5288,dailylook_0019.png,3,3,3,clip_sim
5306,dailylook_0025.png,3,3,3,clip_sim
5307,dailylook_0025.png,4,4,3,clip_sim
5308,dailylook_0025.png,4,4,3,clip_sim
5309,dailylook_0025.png,4,4,3,clip_sim
5310,dailylook_0025.png,2,4,3,clip_sim
5323,dailylook_0032.png,1,3,3,clip_sim
5324,dailylook_0032.png,1,3,3,clip_sim
5325,dailylook_0032.png,2,2,3,clip_sim
5326,dailylook_0032.png,1,3,3,clip_sim
5327,dailylook_0032.png,3,4,3,clip_sim
5352,dailylook_0044.png,4,4,3,clip_sim
5353,dailylook_0044.png,3,4,3,clip_sim
5354,dailylook_0044.png,3,4,3,clip_sim
5355,dailylook_0044.png,2,4,3,clip_sim
5356,dailylook_0044.png,3,4,3,clip_sim
5452,dailylook_0068.png,4,4,3,clip_sim
5453,dailylook_0068.png,3,4,3,clip_sim
5454,dailylook_0068.png,2,4,3,clip_sim
5553,dailylook_0092.png,4,4,3,clip_sim
5554,dailylook_0092.png,3,4,3,clip_sim
5555,dailylook_0092.png,3,4,3,clip_sim
5556,dailylook_0092.png,4,4,3,clip_sim
5557,dailylook_0092.png,4,4,3,clip_sim
5558,dailylook_0092.png,2,4,3,clip_sim
5559,dailylook_0092.png,1,4,3,clip_sim
5560,dailylook_0092.png,4,3,3,clip_sim
5561,dailylook_0092.png,3,2,3,clip_sim
5562,dailylook_0092.png,3,3,3,clip_sim
5563,dailylook_0092.png,3,3,3,clip_sim
5564,dailylook_0092.png,1,2,3,clip_sim
5565,dailylook_0092.png,2,4,3,clip_sim
5566,dailylook_0092.png,3,4,3,clip_sim
5567,dailylook_0092.png,4,3,3,clip_sim
5572,dailylook_0096.png,3,4,3,clip_sim
5573,dailylook_0096.png,3,4,3,clip_sim
5574,dailylook_0096.png,3,4,3,clip_sim
5575,dailylook_0096.png,4,4,3,clip_sim
5576,dailylook_0096.png,3,4,3,clip_sim
5577,dailylook_0096.png,2,4,3,clip_sim
5578,dailylook_0096.png,3,4,3,clip_sim
5579,dailylook_0096.png,4,4,3,clip_sim
5580,dailylook_0099.png,2,4,3,clip_sim
5581,dailylook_0099.png,2,3,3,clip_sim
5582,dailylook_0099.png,4,4,3,clip_sim
5583,dailylook_0099.png,4,4,3,clip_sim
5584,dailylook_0099.png,3,4,3,clip_sim
5585,dailylook_0099.png,3,3,3,clip_sim
5586,dailylook_0099.png,4,2,3,clip_sim
5587,dailylook_0099.png,4,4,3,clip_sim
5588,dailylook_0099.png,3,4,3,clip_sim
5589,dailylook_0099.png,2,3,3,clip_sim
5590,dailylook_0099.png,3,3,3,clip_sim
5591,dailylook_0099.png,4,4,3,clip_sim
5592,dailylook_0099.png,0,4,3,clip_sim
5593,dailylook_0099.png,3,4,3,clip_sim
5594,dailylook_0100.png,0,3,3,clip_sim
5611,ootd_0010.png,3,4,3,clip_sim
5612,ootd_0010.png,4,4,3,clip_sim
5613,ootd_0010.png,4,4,3,clip_sim
5614,ootd_0010.png,3,4,3,clip_sim
5615,ootd_0010.png,2,4,3,clip_sim
5617,ootd_0015.png,2,2,3,clip_sim
5618,ootd_0015.png,4,2,3,clip_sim
5619,ootd_0015.png,3,3,3,clip_sim
5620,ootd_0015.png,2,3,3,clip_sim
5621,ootd_0015.png,4,4,3,clip_sim
5622,ootd_0015.png,2,4,3,clip_sim
5623,ootd_0015.png,0,4,3,clip_sim
5655,ootd_0021.png,4,4,3,clip_sim
5656,ootd_0021.png,2,4,3,clip_sim
5657,ootd_0021.png,2,4,3,clip_sim
5658,ootd_0022.png,4,4,3,clip_sim
5659,ootd_0022.png,4,4,3,clip_sim
5660,ootd_0022.png,2,4,3,clip_sim
5689,ootd_0037.png,3,4,3,clip_sim
5690,ootd_0037.png,2,4,3,clip_sim
5691,ootd_0037.png,3,4,3,clip_sim
5692,ootd_0037.png,3,4,3,clip_sim
5693,ootd_0037.png,4,4,3,clip_sim
5694,ootd_0037.png,4,4,3,clip_sim
5695,ootd_0037.png,1,4,3,clip_sim
5696,ootd_0037.png,1,4,3,clip_sim
5697,ootd_0037.png,3,4,3,clip_sim
5698,ootd_0037.png,0,3,3,clip_sim
5699,ootd_0037.png,1,3,3,clip_sim
5700,ootd_0037.png,1,3,3,clip_sim
5707,ootd_0041.png,3,2,3,clip_sim
5708,ootd_0041.png,4,4,3,clip_sim
5709,ootd_0041.png,2,4,3,clip_sim
5710,ootd_0041.png,1,3,3,clip_sim
5711,ootd_0041.png,4,4,3,clip_sim
5759,ootd_0052.png,1,3,3,clip_sim
5760,ootd_0052.png,0,4,3,clip_sim
5761,ootd_0052.png,3,4,3,clip_sim
5762,ootd_0052.png,4,4,3,clip_sim
5763,ootd_0052.png,4,4,3,clip_sim
5764,ootd_0052.png,2,4,3,clip_sim
5765,ootd_0052.png,2,4,3,clip_sim
5766,ootd_0052.png,3,4,3,clip_sim
5767,ootd_0052.png,2,4,3,clip_sim
5768,ootd_0052.png,2,4,3,clip_sim
5769,ootd_0052.png,2,4,3,clip_sim
5770,ootd_0052.png,0,4,3,clip_sim
5771,ootd_0052.png,2,4,3,clip_sim
5772,ootd_0052.png,3,3,3,clip_sim
5773,ootd_0052.png,0,4,3,clip_sim
5774,ootd_0052.png,0,4,3,clip_sim
5775,ootd_0052.png,0,4,3,clip_sim
5776,ootd_0052.png,2,4,3,clip_sim
5777,ootd_0052.png,1,4,3,clip_sim
5778,ootd_0052.png,0,2,3,clip_sim
5779,ootd_0052.png,2,2,3,clip_sim
5792,ootd_0057.png,4,4,3,clip_sim
5793,ootd_0057.png,3,4,3,clip_sim
5794,ootd_0057.png,4,4,3,clip_sim
5795,ootd_0057.png,3,4,3,clip_sim
5796,ootd_0057.png,2,4,3,clip_sim
5807,ootd_0077.png,4,4,3,clip_sim
5808,ootd_0077.png,3,4,3,clip_sim
5809,ootd_0077.png,2,4,3,clip_sim
5810,ootd_0078.png,3,4,3,clip_sim
5811,ootd_0078.png,3,4,3,clip_sim
5812,ootd_0078.png,3,4,3,clip_sim
5813,ootd_0078.png,3,4,3,clip_sim
5814,ootd_0078.png,1,4,3,clip_sim
5881,ootd_0091.png,3,3,3,clip_sim
5882,ootd_0091.png,4,4,3,clip_sim
5883,ootd_0091.png,4,4,3,clip_sim
5884,ootd_0091.png,3,4,3,clip_sim
5885,ootd_0091.png,4,4,3,clip_sim
5886,ootd_0091.png,3,4,3,clip_sim
5887,ootd_0091.png,3,4,3,clip_sim
5888,ootd_0091.png,2,3,3,clip_sim
5889,ootd_0091.png,1,4,3,clip_sim
5890,ootd_0091.png,2,4,3,clip_sim
5891,ootd_0091.png,3,4,3,clip_sim
5892,ootd_0091.png,3,4,3,clip_sim
5893,ootd_0091.png,1,2,3,clip_sim
5894,ootd_0091.png,1,3,3,clip_sim
5895,ootd_0091.png,1,2,3,clip_sim
5896,ootd_0091.png,3,4,3,clip_sim
5897,ootd_0091.png,3,4,3,clip_sim
5916,ootd_0098.png,3,4,3,clip_sim
5917,ootd_0098.png,3,4,3,clip_sim
5918,ootd_0098.png,3,4,3,clip_sim
5919,ootd_0098.png,3,4,3,clip_sim
5920,ootd_0098.png,3,4,3,clip_sim
5921,ootd_0098.png,4,4,3,clip_sim
5922,ootd_0098.png,3,4,3,clip_sim
5923,ootd_0098.png,1,4,3,clip_sim
5929,fashionista_0003.png,0,2,3,clip_sim
5930,fashionista_0003.png,0,3,3,clip_sim
5931,fashionista_0003.png,0,3,3,clip_sim
5932,fashionista_0003.png,0,3,3,clip_sim
5933,fashionista_0003.png,2,3,3,clip_sim
6067,fashionista_0045.png,1,4,3,clip_sim
6068,fashionista_0045.png,0,4,3,clip_sim
6069,fashionista_0045.png,3,3,3,clip_sim
6070,fashionista_0045.png,3,4,3,clip_sim
6071,fashionista_0045.png,2,3,3,clip_sim
6072,fashionista_0045.png,3,3,3,clip_sim
6073,fashionista_0045.png,4,4,3,clip_sim
6074,fashionista_0045.png,4,4,3,clip_sim
6075,fashionista_0045.png,4,4,3,clip_sim
6076,fashionista_0045.png,1,2,3,clip_sim
6077,fashionista_0045.png,3,3,3,clip_sim
6078,fashionista_0045.png,3,4,3,clip_sim
6079,fashionista_0045.png,1,4,3,clip_sim
6080,fashionista_0045.png,2,4,3,clip_sim
6081,fashionista_0045.png,0,3,3,clip_sim
6082,fashionista_0045.png,3,4,3,clip_sim
6083,fashionista_0045.png,2,3,3,clip_sim
6084,fashionista_0045.png,1,4,3,clip_sim
6085,fashionista_0045.png,2,4,3,clip_sim
6086,fashionista_0045.png,2,4,3,clip_sim
6087,fashionista_0045.png,3,4,3,clip_sim
6088,fashionista_0045.png,0,4,3,clip_sim
6089,fashionista_0045.png,2,4,3,clip_sim
6090,fashionista_0045.png,2,4,3,clip_sim
6091,fashionista_0045.png,1,4,3,clip_sim
6092,fashionista_0045.png,0,4,3,clip_sim
6093,fashionista_0045.png,0,3,3,clip_sim
6094,fashionista_0045.png,0,4,3,clip_sim
6095,fashionista_0045.png,0,4,3,clip_sim
6101,fashionista_0051.png,4,3,3,clip_sim
6102,fashionista_0051.png,4,2,3,clip_sim
6103,fashionista_0051.png,1,2,3,clip_sim
6104,fashionista_0051.png,2,2,3,clip_sim
6105,fashionista_0051.png,1,2,3,clip_sim
6106,fashionista_0051.png,3,2,3,clip_sim
6107,fashionista_0051.png,2,3,3,clip_sim
6108,fashionista_0051.png,3,2,3,clip_sim
6139,fashionista_0054.png,4,4,3,clip_sim
6140,fashionista_0054.png,1,4,3,clip_sim
6141,fashionista_0054.png,2,4,3,clip_sim
6142,fashionista_0054.png,4,4,3,clip_sim
6143,fashionista_0056.png,4,4,3,clip_sim
6144,fashionista_0058.png,1,4,3,clip_sim
6145,fashionista_0058.png,2,4,3,clip_sim
6146,fashionista_0058.png,2,3,3,clip_sim
6147,fashionista_0058.png,0,4,3,clip_sim
6148,fashionista_0058.png,0,4,3,clip_sim
6149,fashionista_0058.png,3,2,3,clip_sim
6150,fashionista_0058.png,4,2,3,clip_sim
6151,fashionista_0058.png,4,3,3,clip_sim
6152,fashionista_0058.png,3,3,3,clip_sim
6153,fashionista_0058.png,4,4,3,clip_sim
6154,fashionista_0058.png,4,4,3,clip_sim
6155,fashionista_0058.png,2,4,3,clip_sim
6156,fashionista_0058.png,2,4,3,clip_sim
6157,fashionista_0058.png,1,4,3,clip_sim
6158,fashionista_0058.png,1,4,3,clip_sim
6159,fashionista_0058.png,1,3,3,clip_sim
6160,fashionista_0058.png,1,4,3,clip_sim
6161,fashionista_0058.png,2,2,3,clip_sim
6162,fashionista_0058.png,1,4,3,clip_sim
6163,fashionista_0058.png,1,4,3,clip_sim
6164,fashionista_0058.png,1,4,3,clip_sim
6165,fashionista_0058.png,1,4,3,clip_sim
6166,fashionista_0058.png,1,4,3,clip_sim
6167,fashionista_0058.png,0,4,3,clip_sim
6168,fashionista_0058.png,0,2,3,clip_sim
6169,fashionista_0058.png,0,4,3,clip_sim
6170,fashionista_0058.png,1,4,3,clip_sim
6171,fashionista_0058.png,1,4,3,clip_sim
6254,fashionista_0070.png,1,3,3,clip_sim
6255,fashionista_0070.png,0,4,3,clip_sim
6256,fashionista_0070.png,2,3,3,clip_sim
6257,fashionista_0070.png,2,4,3,clip_sim
6258,fashionista_0070.png,3,3,3,clip_sim
6259,fashionista_0070.png,3,3,3,clip_sim
6260,fashionista_0070.png,4,4,3,clip_sim
6261,fashionista_0070.png,4,4,3,clip_sim
6262,fashionista_0070.png,4,4,3,clip_sim
6263,fashionista_0070.png,1,3,3,clip_sim
6264,fashionista_0070.png,3,3,3,clip_sim
6265,fashionista_0070.png,2,4,3,clip_sim
6266,fashionista_0070.png,2,4,3,clip_sim
6267,fashionista_0070.png,2,4,3,clip_sim
6268,fashionista_0070.png,0,4,3,clip_sim
6269,fashionista_0070.png,3,4,3,clip_sim
6270,fashionista_0070.png,2,4,3,clip_sim
6271,fashionista_0070.png,2,4,3,clip_sim
6272,fashionista_0070.png,2,4,3,clip_sim
6273,fashionista_0070.png,2,4,3,clip_sim
6274,fashionista_0070.png,2,4,3,clip_sim
6275,fashionista_0070.png,1,4,3,clip_sim
6276,fashionista_0070.png,2,4,3,clip_sim
6277,fashionista_0070.png,2,4,3,clip_sim
6278,fashionista_0070.png,1,4,3,clip_sim
6279,fashionista_0070.png,1,4,3,clip_sim
6280,fashionista_0070.png,0,3,3,clip_sim
6281,fashionista_0070.png,0,4,3,clip_sim
6282,fashionista_0070.png,2,4,3,clip_sim
6396,fashionista_0098.png,1,4,3,clip_sim
6397,fashionista_0098.png,0,4,3,clip_sim
6398,fashionista_0098.png,2,2,3,clip_sim
6399,fashionista_0098.png,2,3,3,clip_sim
6400,fashionista_0098.png,2,2,3,clip_sim
6401,fashionista_0098.png,1,2,3,clip_sim
6402,fashionista_0098.png,0,3,3,clip_sim
6403,fashionista_0098.png,0,3,3,clip_sim
6404,fashionista_0098.png,0,3,3,clip_sim
6405,fashionista_0098.png,1,2,3,clip_sim
6406,fashionista_0098.png,0,2,3,clip_sim
6407,fashionista_0098.png,0,4,3,clip_sim
6408,fashionista_0098.png,0,2,3,clip_sim
6409,fashionista_0098.png,0,3,3,clip_sim
6410,fashionista_0098.png,0,2,3,clip_sim
6411,fashionista_0098.png,0,4,3,clip_sim
6412,fashionista_0098.png,1,2,3,clip_sim
6413,fashionista_0098.png,0,4,3,clip_sim
6414,fashionista_0098.png,0,4,3,clip_sim
6415,fashionista_0098.png,2,4,3,clip_sim
6416,fashionista_0098.png,0,4,3,clip_sim
6417,fashionista_0098.png,0,3,3,clip_sim
6418,fashionista_0098.png,2,4,3,clip_sim
6419,fashionista_0098.png,0,4,3,clip_sim
6420,fashionista_0098.png,1,3,3,clip_sim
6421,fashionista_0098.png,0,3,3,clip_sim
6422,fashionista_0098.png,0,3,3,clip_sim
6423,fashionista_0098.png,0,4,3,clip_sim
6424,fashionista_0098.png,1,4,3,clip_sim
6425,fashionista_0098.png,0,3,3,clip_sim
6517,neungsohwa_0014.png,1,3,3,clip_sim
6518,neungsohwa_0014.png,0,4,3,clip_sim
6519,neungsohwa_0014.png,3,4,3,clip_sim
6526,neungsohwa_0017.png,4,3,3,clip_sim
6527,neungsohwa_0017.png,2,2,3,clip_sim
6528,neungsohwa_0017.png,4,2,3,clip_sim
6529,neungsohwa_0017.png,3,3,3,clip_sim
6530,neungsohwa_0017.png,4,3,3,clip_sim
6571,neungsohwa_0026.png,4,2,3,clip_sim
6572,neungsohwa_0026.png,1,2,3,clip_sim
6573,neungsohwa_0026.png,1,2,3,clip_sim
6574,neungsohwa_0026.png,4,2,3,clip_sim
6575,neungsohwa_0026.png,4,2,3,clip_sim
6576,neungsohwa_0026.png,3,2,3,clip_sim
6588,neungsohwa_0033.png,0,3,3,clip_sim
6589,neungsohwa_0033.png,4,3,3,clip_sim
6599,neungsohwa_0036.png,3,3,3,clip_sim
6600,neungsohwa_0036.png,4,3,3,clip_sim
6601,neungsohwa_0038.png,4,3,3,clip_sim
6602,neungsohwa_0039.png,0,2,3,clip_sim
6603,neungsohwa_0039.png,4,2,3,clip_sim
6604,neungsohwa_0039.png,1,2,3,clip_sim
6605,neungsohwa_0039.png,0,2,3,clip_sim
6606,neungsohwa_0039.png,0,2,3,clip_sim
6630,neungsohwa_0048.png,4,3,3,clip_sim
6631,neungsohwa_0048.png,4,2,3,clip_sim
6632,neungsohwa_0048.png,0,2,3,clip_sim
6633,neungsohwa_0048.png,4,2,3,clip_sim
6634,neungsohwa_0048.png,1,2,3,clip_sim
6635,neungsohwa_0048.png,1,2,3,clip_sim
6636,neungsohwa_0048.png,0,3,3,clip_sim
6637,neungsohwa_0048.png,3,2,3,clip_sim
6675,neungsohwa_0054.png,4,3,3,clip_sim
6676,neungsohwa_0054.png,0,2,3,clip_sim
6677,neungsohwa_0056.png,4,2,3,clip_sim
6678,neungsohwa_0056.png,0,3,3,clip_sim
6679,neungsohwa_0056.png,0,2,3,clip_sim
6692,neungsohwa_0061.png,0,4,3,clip_sim
6693,neungsohwa_0063.png,1,2,3,clip_sim
6694,neungsohwa_0063.png,2,2,3,clip_sim
6695,neungsohwa_0063.png,4,2,3,clip_sim
6696,neungsohwa_0063.png,4,2,3,clip_sim
6697,neungsohwa_0063.png,1,2,3,clip_sim
6726,neungsohwa_0078.png,1,2,3,clip_sim
6727,neungsohwa_0078.png,4,4,3,clip_sim
6728,neungsohwa_0078.png,3,4,3,clip_sim
6729,neungsohwa_0078.png,3,4,3,clip_sim
6730,neungsohwa_0078.png,3,4,3,clip_sim
6802,neungsohwa_0100.png,3,2,3,clip_sim
6803,neungsohwa_0100.png,0,2,3,clip_sim
6804,neungsohwa_0100.png,3,2,3,clip_sim
6805,neungsohwa_0100.png,4,2,3,clip_sim
6806,neungsohwa_0100.png,4,2,3,clip_sim
6807,neungsohwa_0100.png,2,2,3,clip_sim
6808,neungsohwa_0100.png,0,2,3,clip_sim
6809,neungsohwa_0100.png,0,2,3,clip_sim
6810,neungsohwa_0100.png,0,2,3,clip_sim
6811,neungsohwa_0100.png,2,3,3,clip_sim
6812,neungsohwa_0100.png,0,3,3,clip_sim
6813,neungsohwa_0100.png,2,2,3,clip_sim
6814,neungsohwa_0100.png,1,2,3,clip_sim
6815,neungsohwa_0100.png,1,2,3,clip_sim
6816,neungsohwa_0100.png,3,2,3,clip_sim
6845,danpung_0008.png,1,4,3,clip_sim
6846,danpung_0008.png,3,2,3,clip_sim
6870,danpung_0013.png,4,3,3,clip_sim
6871,danpung_0013.png,4,2,3,clip_sim
6872,danpung_0013.png,4,2,3,clip_sim
6873,danpung_0013.png,4,4,3,clip_sim
6874,danpung_0013.png,3,3,3,clip_sim
6875,danpung_0013.png,3,2,3,clip_sim
6876,danpung_0013.png,2,2,3,clip_sim
6877,danpung_0014.png,3,4,3,clip_sim
6878,danpung_0014.png,4,4,3,clip_sim
6879,danpung_0014.png,4,4,3,clip_sim
6884,danpung_0016.png,4,2,3,clip_sim
6885,danpung_0016.png,0,2,3,clip_sim
6886,danpung_0016.png,1,2,3,clip_sim
6887,danpung_0016.png,1,2,3,clip_sim
6888,danpung_0016.png,0,3,3,clip_sim
6889,danpung_0016.png,2,2,3,clip_sim
6890,danpung_0016.png,3,2,3,clip_sim
6891,danpung_0016.png,3,2,3,clip_sim
6892,danpung_0016.png,4,2,3,clip_sim
7037,danpung_0042.png,4,4,3,clip_sim
7038,danpung_0042.png,4,4,3,clip_sim
7039,danpung_0042.png,3,4,3,clip_sim
7040,danpung_0042.png,3,4,3,clip_sim
7041,danpung_0042.png,2,4,3,clip_sim
7042,danpung_0042.png,1,3,3,clip_sim
7043,danpung_0042.png,4,4,3,clip_sim
7062,danpung_0051.png,1,3,3,clip_sim
7063,danpung_0051.png,4,3,3,clip_sim
7064,danpung_0051.png,3,4,3,clip_sim
7065,danpung_0051.png,4,3,3,clip_sim
7066,danpung_0051.png,4,2,3,clip_sim
7067,danpung_0051.png,3,3,3,clip_sim
7068,danpung_0051.png,3,2,3,clip_sim
7069,danpung_0051.png,2,3,3,clip_sim
7070,danpung_0052.png,4,4,3,clip_sim
7071,danpung_0052.png,4,4,3,clip_sim
7072,danpung_0052.png,4,4,3,clip_sim
7073,danpung_0052.png,4,3,3,clip_sim
7076,danpung_0056.png,4,3,3,clip_sim
7077,danpung_0056.png,4,3,3,clip_sim
7078,danpung_0056.png,3,3,3,clip_sim
7079,danpung_0057.png,4,4,3,clip_sim
7097,danpung_0059.png,4,3,3,clip_sim
7098,danpung_0063.png,1,3,3,clip_sim
7099,danpung_0063.png,1,4,3,clip_sim
7100,danpung_0063.png,1,4,3,clip_sim
7101,danpung_0063.png,4,3,3,clip_sim
7102,danpung_0063.png,1,2,3,clip_sim
7103,danpung_0063.png,1,2,3,clip_sim
7104,danpung_0063.png,0,4,3,clip_sim
7105,danpung_0063.png,0,3,3,clip_sim
7106,danpung_0063.png,4,3,3,clip_sim
7107,danpung_0063.png,0,3,3,clip_sim
7108,danpung_0063.png,3,3,3,clip_sim
7109,danpung_0063.png,3,3,3,clip_sim
7110,danpung_0063.png,4,4,3,clip_sim
7111,danpung_0063.png,3,3,3,clip_sim
7112,danpung_0063.png,4,3,3,clip_sim
7113,danpung_0063.png,2,4,3,clip_sim
7114,danpung_0063.png,1,4,3,clip_sim
7115,danpung_0063.png,2,3,3,clip_sim
7116,danpung_0063.png,0,3,3,clip_sim
7117,danpung_0063.png,1,4,3,clip_sim
7118,danpung_0063.png,1,4,3,clip_sim
7119,danpung_0063.png,0,3,3,clip_sim
7137,danpung_0067.png,4,3,3,clip_sim
7138,danpung_0067.png,3,3,3,clip_sim
7139,danpung_0067.png,1,3,3,clip_sim
7140,danpung_0067.png,1,3,3,clip_sim
7141,danpung_0067.png,4,3,3,clip_sim
7142,danpung_0067.png,1,3,3,clip_sim
7143,danpung_0067.png,1,3,3,clip_sim
7144,danpung_0067.png,3,3,3,clip_sim
7201,danpung_0077.png,2,3,3,clip_sim
7202,danpung_0077.png,3,3,3,clip_sim
7203,danpung_0077.png,3,3,3,clip_sim
7204,danpung_0077.png,3,3,3,clip_sim
7205,danpung_0077.png,3,3,3,clip_sim
7206,danpung_0078.png,1,4,3,clip_sim
7207,danpung_0078.png,1,4,3,clip_sim
7208,danpung_0078.png,0,4,3,clip_sim
7209,danpung_0078.png,0,4,3,clip_sim
7210,danpung_0078.png,1,4,3,clip_sim
7211,danpung_0078.png,1,4,3,clip_sim
7212,danpung_0078.png,3,4,3,clip_sim
7213,danpung_0078.png,0,4,3,clip_sim
7214,danpung_0078.png,0,4,3,clip_sim
7225,danpung_0081.png,2,3,3,clip_sim
7226,danpung_0081.png,1,3,3,clip_sim
7227,danpung_0081.png,1,2,3,clip_sim
7228,danpung_0081.png,4,3,3,clip_sim
7229,danpung_0081.png,2,2,3,clip_sim
7230,danpung_0081.png,2,3,3,clip_sim
7231,danpung_0081.png,2,2,3,clip_sim
7239,danpung_0084.png,1,3,3,clip_sim
7240,danpung_0084.png,4,3,3,clip_sim
7241,danpung_0084.png,0,2,3,clip_sim
7242,danpung_0084.png,4,2,3,clip_sim
7243,danpung_0084.png,4,3,3,clip_sim
7244,danpung_0084.png,0,3,3,clip_sim
7245,danpung_0084.png,4,3,3,clip_sim
7246,danpung_0084.png,4,4,3,clip_sim
7247,danpung_0084.png,3,3,3,clip_sim
7314,cherryblossom_0016.png,4,3,3,clip_sim
7315,cherryblossom_0016.png,4,4,3,clip_sim
7316,cherryblossom_0016.png,3,3,3,clip_sim
7354,cherryblossom_0027.png,4,3,3,clip_sim
7355,cherryblossom_0027.png,4,3,3,clip_sim
7356,cherryblossom_0027.png,2,3,3,clip_sim
7357,cherryblossom_0027.png,3,3,3,clip_sim
7358,cherryblossom_0027.png,3,3,3,clip_sim
7362,cherryblossom_0030.png,4,4,3,clip_sim
7363,cherryblossom_0030.png,4,4,3,clip_sim
7364,cherryblossom_0030.png,0,2,3,clip_sim
7365,cherryblossom_0030.png,0,3,3,clip_sim
7366,cherryblossom_0030.png,0,4,3,clip_sim
7367,cherryblossom_0031.png,1,4,3,clip_sim
7368,cherryblossom_0031.png,4,4,3,clip_sim
7369,cherryblossom_0032.png,2,2,3,clip_sim
7370,cherryblossom_0032.png,1,3,3,clip_sim
7371,cherryblossom_0032.png,4,3,3,clip_sim
7372,cherryblossom_0032.png,3,3,3,clip_sim
7373,cherryblossom_0032.png,1,3,3,clip_sim
7406,cherryblossom_0037.png,1,3,3,clip_sim
7407,cherryblossom_0037.png,4,3,3,clip_sim
7408,cherryblossom_0037.png,3,4,3,clip_sim
7409,cherryblossom_0037.png,1,4,3,clip_sim
7433,cherryblossom_0046.png,0,4,3,clip_sim
7434,cherryblossom_0046.png,0,4,3,clip_sim
7435,cherryblossom_0046.png,1,4,3,clip_sim
7436,cherryblossom_0047.png,4,4,3,clip_sim
7437,cherryblossom_0047.png,4,4,3,clip_sim
7445,cherryblossom_0050.png,0,4,3,clip_sim
7446,cherryblossom_0050.png,1,4,3,clip_sim
7447,cherryblossom_0050.png,3,4,3,clip_sim
7448,cherryblossom_0050.png,3,4,3,clip_sim
7449,cherryblossom_0050.png,4,3,3,clip_sim
7450,cherryblossom_0050.png,2,3,3,clip_sim
7451,cherryblossom_0050.png,4,3,3,clip_sim
7452,cherryblossom_0050.png,1,4,3,clip_sim
7453,cherryblossom_0050.png,3,3,3,clip_sim
7454,cherryblossom_0050.png,1,2,3,clip_sim
7455,cherryblossom_0050.png,2,2,3,clip_sim
7525,cherryblossom_0077.png,4,4,3,clip_sim
7526,cherryblossom_0077.png,4,4,3,clip_sim
7527,cherryblossom_0077.png,1,4,3,clip_sim
7545,cherryblossom_0080.png,3,4,3,clip_sim
7546,cherryblossom_0080.png,3,3,3,clip_sim
7547,cherryblossom_0080.png,4,3,3,clip_sim
7548,cherryblossom_0080.png,1,4,3,clip_sim
7549,cherryblossom_0080.png,4,3,3,clip_sim
7568,cherryblossom_0087.png,4,3,3,clip_sim
7569,cherryblossom_0087.png,3,3,3,clip_sim
7570,cherryblossom_0087.png,4,3,3,clip_sim
7571,cherryblossom_0087.png,2,3,3,clip_sim
7575,cherryblossom_0090.png,4,4,3,clip_sim
7576,cherryblossom_0090.png,1,4,3,clip_sim
7577,cherryblossom_0090.png,4,4,3,clip_sim
7599,cherryblossom_0097.png,4,3,3,clip_sim
7600,cherryblossom_0097.png,4,4,3,clip_sim
7601,cherryblossom_0097.png,4,2,3,clip_sim
7602,cherryblossom_0097.png,4,3,3,clip_sim
7603,cherryblossom_0097.png,4,2,3,clip_sim
7604,cherryblossom_0097.png,4,3,3,clip_sim
7631,kpop_0001.png,4,4,3,clip_sim
7632,kpop_0001.png,4,4,3,clip_sim
7633,kpop_0001.png,1,4,3,clip_sim
7648,kpop_0005.png,4,4,3,clip_sim
7649,kpop_0005.png,3,4,3,clip_sim
7650,kpop_0005.png,2,2,3,clip_sim
7651,kpop_0005.png,2,3,3,clip_sim
7670,kpop_0008.png,4,3,3,clip_sim
7671,kpop_0008.png,4,3,3,clip_sim
7672,kpop_0008.png,4,3,3,clip_sim
7673,kpop_0008.png,1,3,3,clip_sim
7674,kpop_0008.png,1,2,3,clip_sim
7675,kpop_0008.png,1,4,3,clip_sim
7676,kpop_0008.png,1,4,3,clip_sim
7677,kpop_0008.png,0,2,3,clip_sim
7678,kpop_0008.png,1,4,3,clip_sim
7679,kpop_0008.png,1,3,3,clip_sim
7680,kpop_0008.png,2,3,3,clip_sim
7681,kpop_0008.png,1,4,3,clip_sim
7682,kpop_0008.png,1,2,3,clip_sim
7683,kpop_0008.png,4,4,3,clip_sim
7684,kpop_0008.png,1,4,3,clip_sim
7685,kpop_0008.png,1,4,3,clip_sim
7686,kpop_0008.png,1,4,3,clip_sim
7687,kpop_0008.png,4,4,3,clip_sim
7688,kpop_0008.png,4,3,3,clip_sim
7689,kpop_0008.png,3,3,3,clip_sim
7690,kpop_0008.png,3,4,3,clip_sim
7691,kpop_0008.png,3,3,3,clip_sim
7692,kpop_0008.png,3,3,3,clip_sim
7693,kpop_0008.png,3,3,3,clip_sim
7694,kpop_0008.png,2,2,3,clip_sim
7695,kpop_0008.png,1,2,3,clip_sim
7696,kpop_0008.png,1,2,3,clip_sim
7697,kpop_0008.png,3,3,3,clip_sim
7698,kpop_0008.png,1,3,3,clip_sim
7699,kpop_0008.png,2,2,3,clip_sim
7700,kpop_0009.png,4,4,3,clip_sim
7701,kpop_0009.png,3,2,3,clip_sim
7702,kpop_0009.png,3,4,3,clip_sim
7703,kpop_0009.png,2,4,3,clip_sim
7704,kpop_0009.png,1,4,3,clip_sim
7730,kpop_0015.png,0,3,3,clip_sim
7731,kpop_0015.png,0,4,3,clip_sim
7732,kpop_0015.png,0,2,3,clip_sim
7733,kpop_0015.png,3,2,3,clip_sim
7734,kpop_0015.png,4,2,3,clip_sim
7800,kpop_0026.png,4,2,3,clip_sim
7801,kpop_0026.png,4,4,3,clip_sim
7802,kpop_0026.png,4,4,3,clip_sim
7803,kpop_0026.png,4,4,3,clip_sim
7812,kpop_0029.png,4,4,3,clip_sim
7813,kpop_0029.png,4,4,3,clip_sim
7814,kpop_0029.png,4,4,3,clip_sim
7815,kpop_0029.png,3,4,3,clip_sim
7816,kpop_0029.png,1,2,3,clip_sim
7854,kpop_0035.png,4,4,3,clip_sim
7855,kpop_0035.png,4,4,3,clip_sim
7856,kpop_0035.png,3,4,3,clip_sim
7857,kpop_0035.png,3,4,3,clip_sim
7858,kpop_0035.png,3,4,3,clip_sim
7859,kpop_0035.png,4,4,3,clip_sim
7860,kpop_0035.png,0,4,3,clip_sim
7861,kpop_0035.png,0,4,3,clip_sim
7862,kpop_0035.png,4,4,3,clip_sim
7863,kpop_0035.png,0,4,3,clip_sim
7864,kpop_0035.png,0,4,3,clip_sim
7865,kpop_0035.png,4,4,3,clip_sim
7866,kpop_0035.png,4,4,3,clip_sim
7867,kpop_0035.png,0,4,3,clip_sim
7868,kpop_0035.png,4,4,3,clip_sim
7869,kpop_0035.png,4,4,3,clip_sim
7928,kpop_0042.png,4,4,3,clip_sim
7929,kpop_0042.png,4,4,3,clip_sim
7930,kpop_0042.png,4,4,3,clip_sim
7931,kpop_0042.png,4,4,3,clip_sim
7932,kpop_0042.png,3,4,3,clip_sim
7933,kpop_0042.png,1,4,3,clip_sim
7934,kpop_0042.png,1,4,3,clip_sim
7935,kpop_0042.png,4,4,3,clip_sim
7936,kpop_0042.png,4,4,3,clip_sim
7937,kpop_0042.png,4,4,3,clip_sim
7938,kpop_0042.png,0,4,3,clip_sim
7939,kpop_0042.png,3,3,3,clip_sim
7940,kpop_0042.png,3,3,3,clip_sim
7941,kpop_0042.png,3,4,3,clip_sim
7942,kpop_0042.png,3,3,3,clip_sim
7943,kpop_0042.png,3,4,3,clip_sim
7944,kpop_0042.png,2,3,3,clip_sim
7945,kpop_0044.png,4,4,3,clip_sim
7946,kpop_0044.png,4,4,3,clip_sim
7947,kpop_0044.png,4,4,3,clip_sim
7948,kpop_0044.png,4,3,3,clip_sim
7949,kpop_0044.png,2,4,3,clip_sim
8011,kpop_0050.png,4,4,3,clip_sim
8012,kpop_0050.png,4,4,3,clip_sim
8013,kpop_0050.png,3,3,3,clip_sim
8014,kpop_0050.png,3,3,3,clip_sim
8093,kpop_0063.png,4,3,3,clip_sim
8094,kpop_0063.png,4,4,3,clip_sim
8095,kpop_0063.png,3,3,3,clip_sim
8096,kpop_0063.png,1,4,3,clip_sim
8097,kpop_0063.png,2,4,3,clip_sim
8098,kpop_0064.png,4,4,3,clip_sim
8099,kpop_0064.png,1,2,3,clip_sim
8100,kpop_0064.png,4,4,3,clip_sim
8101,kpop_0064.png,3,2,3,clip_sim
8102,kpop_0064.png,1,3,3,clip_sim
8103,kpop_0064.png,3,4,3,clip_sim
8104,kpop_0064.png,3,2,3,clip_sim
8105,kpop_0064.png,3,4,3,clip_sim
8106,kpop_0064.png,2,2,3,clip_sim
8131,kpop_0067.png,0,2,3,clip_sim
8132,kpop_0067.png,0,3,3,clip_sim
8133,kpop_0067.png,1,3,3,clip_sim
8134,kpop_0067.png,1,3,3,clip_sim
8223,kpop_0080.png,4,4,3,clip_sim
8224,kpop_0080.png,4,4,3,clip_sim
8225,kpop_0080.png,4,4,3,clip_sim
8226,kpop_0080.png,2,4,3,clip_sim
8227,kpop_0080.png,2,4,3,clip_sim
8228,kpop_0080.png,1,2,3,clip_sim
8229,kpop_0080.png,1,4,3,clip_sim
8230,kpop_0080.png,1,4,3,clip_sim
8231,kpop_0080.png,0,4,3,clip_sim
8232,kpop_0080.png,0,2,3,clip_sim
8254,kpop_0086.png,3,4,3,clip_sim
8255,kpop_0086.png,4,4,3,clip_sim
8256,kpop_0086.png,3,4,3,clip_sim
8257,kpop_0086.png,3,3,3,clip_sim
8258,kpop_0086.png,1,2,3,clip_sim
8259,kpop_0086.png,4,4,3,clip_sim
8260,kpop_0086.png,2,3,3,clip_sim
8261,kpop_0086.png,1,4,3,clip_sim
8262,kpop_0086.png,0,3,3,clip_sim
8317,kpop_0096.png,4,4,3,clip_sim
8318,kpop_0096.png,3,4,3,clip_sim
8319,kpop_0096.png,4,4,3,clip_sim
8320,kpop_0096.png,3,4,3,clip_sim
8321,kpop_0096.png,2,4,3,clip_sim
8322,kpop_0096.png,1,4,3,clip_sim
8393,spotify_0005.png,1,4,3,clip_sim
8394,spotify_0005.png,3,3,3,clip_sim
8405,spotify_0009.png,4,4,3,clip_sim
8406,spotify_0009.png,3,4,3,clip_sim
8407,spotify_0009.png,2,4,3,clip_sim
8408,spotify_0009.png,2,2,3,clip_sim
8409,spotify_0009.png,4,4,3,clip_sim
8473,spotify_0034.png,2,4,3,clip_sim
8474,spotify_0034.png,3,4,3,clip_sim
8475,spotify_0034.png,3,4,3,clip_sim
8476,spotify_0034.png,4,4,3,clip_sim
8477,spotify_0034.png,4,4,3,clip_sim
8478,spotify_0035.png,4,4,3,clip_sim
8479,spotify_0035.png,4,3,3,clip_sim
8480,spotify_0035.png,3,4,3,clip_sim
8481,spotify_0035.png,3,3,3,clip_sim
8482,spotify_0035.png,1,2,3,clip_sim
8534,spotify_0053.png,4,2,3,clip_sim
8535,spotify_0053.png,4,4,3,clip_sim
8536,spotify_0053.png,4,4,3,clip_sim
8537,spotify_0053.png,4,4,3,clip_sim
8538,spotify_0055.png,4,4,3,clip_sim
8539,spotify_0055.png,4,4,3,clip_sim
8540,spotify_0055.png,4,4,3,clip_sim
8541,spotify_0055.png,3,4,3,clip_sim
8542,spotify_0055.png,2,4,3,clip_sim
8543,spotify_0055.png,2,4,3,clip_sim
8567,spotify_0063.png,3,4,3,clip_sim
8568,spotify_0063.png,2,4,3,clip_sim
8569,spotify_0063.png,4,4,3,clip_sim
8570,spotify_0064.png,2,4,3,clip_sim
8571,spotify_0064.png,2,4,3,clip_sim
8572,spotify_0064.png,3,4,3,clip_sim
8573,spotify_0064.png,4,3,3,clip_sim
8574,spotify_0064.png,4,4,3,clip_sim
8575,spotify_0064.png,4,4,3,clip_sim
8576,spotify_0064.png,4,4,3,clip_sim
8577,spotify_0064.png,4,4,3,clip_sim
8578,spotify_0064.png,2,4,3,clip_sim
8579,spotify_0064.png,4,3,3,clip_sim
8580,spotify_0064.png,4,4,3,clip_sim
8581,spotify_0064.png,2,4,3,clip_sim
8582,spotify_0064.png,2,4,3,clip_sim
8583,spotify_0064.png,2,3,3,clip_sim
8617,spotify_0077.png,4,4,3,clip_sim
8622,spotify_0081.png,4,3,3,clip_sim
8623,spotify_0081.png,3,4,3,clip_sim
8624,spotify_0081.png,4,4,3,clip_sim
8625,spotify_0081.png,2,4,3,clip_sim
8627,spotify_0085.png,2,4,3,clip_sim
8628,spotify_0085.png,3,4,3,clip_sim
8629,spotify_0085.png,4,4,3,clip_sim
8630,spotify_0085.png,3,4,3,clip_sim
8631,spotify_0085.png,3,3,3,clip_sim
8660,spotify_0097.png,3,4,3,clip_sim
8661,spotify_0097.png,3,4,3,clip_sim
8662,spotify_0097.png,4,4,3,clip_sim
8663,spotify_0097.png,2,2,3,clip_sim
8664,spotify_0097.png,3,3,3,clip_sim
8670,netflix_0001.png,4,4,3,clip_sim
8671,netflix_0001.png,1,4,3,clip_sim
8672,netflix_0001.png,3,4,3,clip_sim
8673,netflix_0001.png,4,4,3,clip_sim
8674,netflix_0001.png,2,4,3,clip_sim
8675,netflix_0001.png,1,4,3,clip_sim
8676,netflix_0001.png,1,4,3,clip_sim
8677,netflix_0001.png,1,4,3,clip_sim
8678,netflix_0001.png,2,4,3,clip_sim
8679,netflix_0001.png,2,4,3,clip_sim
8743,netflix_0019.png,4,3,3,clip_sim
8744,netflix_0019.png,4,4,3,clip_sim
8745,netflix_0019.png,1,4,3,clip_sim
8746,netflix_0019.png,3,4,3,clip_sim
8747,netflix_0019.png,1,4,3,clip_sim
8748,netflix_0019.png,1,4,3,clip_sim
8749,netflix_0019.png,1,4,3,clip_sim
8750,netflix_0019.png,3,4,3,clip_sim
8751,netflix_0019.png,0,3,3,clip_sim
8752,netflix_0019.png,0,2,3,clip_sim
8775,netflix_0022.png,4,4,3,clip_sim
8776,netflix_0022.png,4,4,3,clip_sim
8777,netflix_0022.png,4,4,3,clip_sim
8778,netflix_0022.png,4,4,3,clip_sim
8779,netflix_0022.png,4,4,3,clip_sim
8780,netflix_0022.png,2,2,3,clip_sim
8791,netflix_0029.png,4,4,3,clip_sim
8792,netflix_0029.png,4,4,3,clip_sim
8793,netflix_0029.png,2,4,3,clip_sim
8794,netflix_0029.png,3,4,3,clip_sim
8795,netflix_0029.png,3,4,3,clip_sim
8814,netflix_0036.png,4,4,3,clip_sim
8815,netflix_0036.png,4,4,3,clip_sim
8816,netflix_0036.png,2,4,3,clip_sim
8817,netflix_0036.png,1,3,3,clip_sim
8818,netflix_0036.png,3,4,3,clip_sim
8819,netflix_0036.png,0,3,3,clip_sim
8820,netflix_0036.png,0,4,3,clip_sim
8853,netflix_0044.png,4,4,3,clip_sim
8854,netflix_0044.png,4,3,3,clip_sim
8855,netflix_0044.png,4,4,3,clip_sim
8856,netflix_0044.png,1,4,3,clip_sim
8857,netflix_0044.png,4,2,3,clip_sim
8858,netflix_0046.png,1,4,3,clip_sim
8859,netflix_0046.png,4,4,3,clip_sim
8860,netflix_0046.png,3,4,3,clip_sim
8861,netflix_0046.png,4,4,3,clip_sim
8882,netflix_0051.png,4,4,3,clip_sim
8883,netflix_0051.png,4,4,3,clip_sim
8884,netflix_0051.png,4,2,3,clip_sim
8885,netflix_0051.png,3,2,3,clip_sim
8886,netflix_0051.png,3,2,3,clip_sim
8904,netflix_0054.png,4,4,3,clip_sim
8905,netflix_0054.png,4,4,3,clip_sim
8906,netflix_0054.png,2,4,3,clip_sim
8907,netflix_0054.png,2,4,3,clip_sim
8908,netflix_0054.png,2,4,3,clip_sim
8919,netflix_0059.png,4,4,3,clip_sim
8920,netflix_0059.png,3,4,3,clip_sim
8921,netflix_0059.png,3,4,3,clip_sim
8922,netflix_0059.png,4,4,3,clip_sim
8923,netflix_0059.png,3,4,3,clip_sim
8924,netflix_0059.png,3,4,3,clip_sim
8925,netflix_0059.png,2,4,3,clip_sim
8926,netflix_0059.png,1,4,3,clip_sim
8927,netflix_0059.png,3,4,3,clip_sim
8928,netflix_0059.png,2,4,3,clip_sim
8929,netflix_0059.png,4,4,3,clip_sim
8930,netflix_0059.png,4,4,3,clip_sim
8931,netflix_0059.png,1,3,3,clip_sim
8932,netflix_0059.png,1,4,3,clip_sim
8933,netflix_0059.png,2,4,3,clip_sim
8961,netflix_0069.png,1,4,3,clip_sim
8962,netflix_0069.png,1,4,3,clip_sim
8963,netflix_0069.png,1,4,3,clip_sim
8964,netflix_0069.png,2,4,3,clip_sim
8965,netflix_0069.png,2,4,3,clip_sim
8978,netflix_0073.png,0,3,3,clip_sim
8979,netflix_0073.png,0,3,3,clip_sim
8980,netflix_0073.png,1,3,3,clip_sim
8981,netflix_0073.png,1,2,3,clip_sim
8987,netflix_0079.png,4,4,3,clip_sim
8988,netflix_0079.png,4,4,3,clip_sim
8989,netflix_0079.png,4,3,3,clip_sim
8990,netflix_0079.png,4,4,3,clip_sim
8991,netflix_0079.png,4,2,3,clip_sim
8999,netflix_0086.png,4,2,3,clip_sim
9000,netflix_0086.png,4,3,3,clip_sim
9001,netflix_0086.png,4,2,3,clip_sim
9002,netflix_0086.png,1,3,3,clip_sim
9003,netflix_0086.png,4,4,3,clip_sim
9004,netflix_0088.png,4,4,3,clip_sim
9005,netflix_0088.png,3,4,3,clip_sim
9006,netflix_0088.png,1,4,3,clip_sim
9007,netflix_0088.png,1,3,3,clip_sim
9008,netflix_0088.png,1,4,3,clip_sim
9039,netflix_0097.png,4,4,3,clip_sim
9040,netflix_0097.png,4,4,3,clip_sim
9041,netflix_0097.png,3,3,3,clip_sim
9042,netflix_0097.png,3,4,3,clip_sim
9043,netflix_0097.png,2,4,3,clip_sim
9044,netflix_0098.png,4,4,3,clip_sim
9045,netflix_0098.png,4,4,3,clip_sim
9046,netflix_0098.png,4,4,3,clip_sim
9047,netflix_0098.png,1,4,3,clip_sim
9048,netflix_0098.png,4,4,3,clip_sim
9049,netflix_0098.png,4,4,3,clip_sim
9050,netflix_0098.png,0,4,3,clip_sim
9051,netflix_0098.png,0,4,3,clip_sim
9052,netflix_0098.png,0,4,3,clip_sim
9053,netflix_0098.png,0,2,3,clip_sim
9054,netflix_0098.png,0,4,3,clip_sim
9055,netflix_0098.png,2,4,3,clip_sim
9056,netflix_0098.png,1,4,3,clip_sim
9057,netflix_0098.png,0,2,3,clip_sim
9058,netflix_0098.png,0,4,3,clip_sim
9059,netflix_0098.png,0,2,3,clip_sim
9060,netflix_0099.png,4,4,3,clip_sim
9061,netflix_0099.png,4,4,3,clip_sim
9067,apple_0002.png,1,4,3,clip_sim
9068,apple_0002.png,1,4,3,clip_sim
9069,apple_0002.png,1,4,3,clip_sim
9070,apple_0002.png,2,4,3,clip_sim
9071,apple_0002.png,1,2,3,clip_sim
9100,apple_0010.png,4,4,3,clip_sim
9101,apple_0010.png,3,4,3,clip_sim
9102,apple_0010.png,2,4,3,clip_sim
9103,apple_0010.png,1,4,3,clip_sim
9104,apple_0010.png,1,4,3,clip_sim
9105,apple_0010.png,1,4,3,clip_sim
9106,apple_0010.png,0,4,3,clip_sim
9107,apple_0010.png,1,4,3,clip_sim
9108,apple_0010.png,1,4,3,clip_sim
9109,apple_0010.png,1,4,3,clip_sim
9110,apple_0010.png,1,4,3,clip_sim
9111,apple_0010.png,1,4,3,clip_sim
9112,apple_0010.png,0,4,3,clip_sim
9113,apple_0010.png,2,4,3,clip_sim
9114,apple_0010.png,2,4,3,clip_sim
9115,apple_0010.png,2,4,3,clip_sim
9116,apple_0010.png,2,4,3,clip_sim
9117,apple_0010.png,2,4,3,clip_sim
9121,apple_0013.png,4,4,3,clip_sim
9122,apple_0013.png,4,4,3,clip_sim
9123,apple_0013.png,4,3,3,clip_sim
9124,apple_0013.png,4,4,3,clip_sim
9125,apple_0013.png,4,3,3,clip_sim
9126,apple_0013.png,4,2,3,clip_sim
9127,apple_0013.png,4,3,3,clip_sim
9128,apple_0013.png,4,3,3,clip_sim
9129,apple_0013.png,4,3,3,clip_sim
9130,apple_0013.png,4,2,3,clip_sim
9133,apple_0021.png,4,4,3,clip_sim
9134,apple_0021.png,4,4,3,clip_sim
9135,apple_0021.png,4,4,3,clip_sim
9136,apple_0021.png,2,2,3,clip_sim
9137,apple_0021.png,3,4,3,clip_sim
9142,apple_0024.png,4,4,3,clip_sim
9143,apple_0024.png,4,4,3,clip_sim
9144,apple_0024.png,4,4,3,clip_sim
9145,apple_0024.png,1,4,3,clip_sim
9146,apple_0024.png,2,4,3,clip_sim
9199,apple_0045.png,4,4,3,clip_sim
9200,apple_0045.png,3,4,3,clip_sim
9201,apple_0045.png,4,4,3,clip_sim
9202,apple_0045.png,4,4,3,clip_sim
9203,apple_0045.png,3,4,3,clip_sim
9228,apple_0051.png,4,4,3,clip_sim
9229,apple_0051.png,4,4,3,clip_sim
9230,apple_0051.png,4,4,3,clip_sim
9231,apple_0051.png,4,4,3,clip_sim
9249,apple_0061.png,4,4,3,clip_sim
9250,apple_0061.png,4,4,3,clip_sim
9251,apple_0061.png,3,4,3,clip_sim
9252,apple_0061.png,4,2,3,clip_sim
9253,apple_0061.png,3,4,3,clip_sim
9254,apple_0064.png,4,4,3,clip_sim
9255,apple_0064.png,4,4,3,clip_sim
9267,apple_0070.png,4,4,3,clip_sim
9268,apple_0070.png,4,4,3,clip_sim
9269,apple_0070.png,3,4,3,clip_sim
9270,apple_0070.png,1,4,3,clip_sim
9271,apple_0070.png,0,3,3,clip_sim
9287,apple_0076.png,4,4,3,clip_sim
9288,apple_0076.png,4,2,3,clip_sim
9289,apple_0076.png,0,3,3,clip_sim
9290,apple_0076.png,3,4,3,clip_sim
9291,apple_0076.png,2,4,3,clip_sim
9292,apple_0076.png,1,3,3,clip_sim
9293,apple_0076.png,2,4,3,clip_sim
9294,apple_0076.png,2,4,3,clip_sim
9295,apple_0076.png,0,4,3,clip_sim
9296,apple_0076.png,4,3,3,clip_sim
9297,apple_0076.png,1,4,3,clip_sim
9298,apple_0076.png,3,4,3,clip_sim
9299,apple_0076.png,0,2,3,clip_sim
9300,apple_0076.png,0,4,3,clip_sim
9301,apple_0076.png,1,4,3,clip_sim
9302,apple_0076.png,0,4,3,clip_sim
9303,apple_0076.png,3,3,3,clip_sim
9304,apple_0076.png,0,4,3,clip_sim
9305,apple_0076.png,0,4,3,clip_sim
9316,apple_0088.png,4,4,3,clip_sim
9317,apple_0088.png,4,4,3,clip_sim
9318,apple_0088.png,0,4,3,clip_sim
9319,apple_0088.png,2,4,3,clip_sim
9320,apple_0088.png,3,4,3,clip_sim
9321,apple_0090.png,4,4,3,clip_sim
9322,apple_0090.png,4,4,3,clip_sim
9323,apple_0090.png,1,4,3,clip_sim
9324,apple_0091.png,4,4,3,clip_sim
9325,apple_0091.png,4,4,3,clip_sim
9326,apple_0091.png,1,4,3,clip_sim
9327,apple_0091.png,3,4,3,clip_sim
9328,apple_0091.png,1,4,3,clip_sim
9351,apple_0099.png,4,4,3,clip_sim
9352,apple_0099.png,4,3,3,clip_sim
9353,apple_0099.png,2,4,3,clip_sim
9354,apple_0099.png,3,2,3,clip_sim
9355,galaxy_0002.png,4,4,3,clip_sim
9356,galaxy_0002.png,4,3,3,clip_sim
9357,galaxy_0002.png,4,4,3,clip_sim
9358,galaxy_0002.png,0,3,3,clip_sim
9359,galaxy_0002.png,1,4,3,clip_sim
9400,galaxy_0013.png,4,4,3,clip_sim
9401,galaxy_0013.png,4,4,3,clip_sim
9402,galaxy_0013.png,1,4,3,clip_sim
9403,galaxy_0013.png,3,4,3,clip_sim
9404,galaxy_0013.png,2,4,3,clip_sim
9497,galaxy_0030.png,4,3,3,clip_sim
9498,galaxy_0030.png,3,3,3,clip_sim
9499,galaxy_0030.png,4,4,3,clip_sim
9500,galaxy_0030.png,4,4,3,clip_sim
9501,galaxy_0030.png,4,4,3,clip_sim
9502,galaxy_0030.png,0,3,3,clip_sim
9572,galaxy_0051.png,1,4,3,clip_sim
9573,galaxy_0051.png,3,3,3,clip_sim
9574,galaxy_0051.png,1,4,3,clip_sim
9575,galaxy_0051.png,1,4,3,clip_sim
9587,galaxy_0059.png,1,3,3,clip_sim
9588,galaxy_0059.png,4,2,3,clip_sim
9589,galaxy_0059.png,3,2,3,clip_sim
9590,galaxy_0059.png,4,3,3,clip_sim
9591,galaxy_0059.png,2,2,3,clip_sim
9620,galaxy_0066.png,1,4,3,clip_sim
9621,galaxy_0066.png,4,4,3,clip_sim
9622,galaxy_0066.png,1,4,3,clip_sim
9623,galaxy_0066.png,3,4,3,clip_sim
9624,galaxy_0066.png,4,4,3,clip_sim
9629,galaxy_0068.png,2,3,3,clip_sim
9630,galaxy_0068.png,4,4,3,clip_sim
9631,galaxy_0068.png,4,4,3,clip_sim
9632,galaxy_0068.png,2,2,3,clip_sim
9633,galaxy_0069.png,1,2,3,clip_sim
9634,galaxy_0069.png,4,2,3,clip_sim
9635,galaxy_0069.png,2,2,3,clip_sim
9636,galaxy_0069.png,3,2,3,clip_sim
9679,galaxy_0080.png,4,4,3,clip_sim
9680,galaxy_0080.png,1,3,3,clip_sim
9681,galaxy_0080.png,3,2,3,clip_sim
9682,galaxy_0080.png,4,4,3,clip_sim
9712,galaxy_0086.png,4,4,3,clip_sim
9713,galaxy_0086.png,4,4,3,clip_sim
9714,galaxy_0086.png,4,4,3,clip_sim
9715,galaxy_0086.png,4,4,3,clip_sim
9716,galaxy_0086.png,1,2,3,clip_sim
9722,galaxy_0088.png,4,2,3,clip_sim
9723,galaxy_0088.png,3,2,3,clip_sim
9724,galaxy_0088.png,1,2,3,clip_sim
9725,galaxy_0088.png,2,2,3,clip_sim
9726,galaxy_0088.png,4,2,3,clip_sim
9727,galaxy_0089.png,3,4,3,clip_sim
9728,galaxy_0089.png,4,4,3,clip_sim
9729,galaxy_0089.png,4,4,3,clip_sim
9730,galaxy_0089.png,1,3,3,clip_sim
9731,galaxy_0089.png,4,3,3,clip_sim
9732,galaxy_0089.png,2,4,3,clip_sim
9733,galaxy_0089.png,4,4,3,clip_sim
9734,galaxy_0089.png,4,4,3,clip_sim
9735,galaxy_0089.png,4,4,3,clip_sim
9736,galaxy_0089.png,1,3,3,clip_sim
9745,galaxy_0091.png,4,4,3,clip_sim
9746,galaxy_0091.png,4,4,3,clip_sim
9747,galaxy_0091.png,4,4,3,clip_sim
9748,galaxy_0091.png,4,4,3,clip_sim
9749,galaxy_0091.png,3,4,3,clip_sim
9750,galaxy_0091.png,4,4,3,clip_sim
9751,galaxy_0091.png,4,4,3,clip_sim
9752,galaxy_0091.png,4,4,3,clip_sim
9753,galaxy_0091.png,3,2,3,clip_sim
9754,galaxy_0091.png,3,4,3,clip_sim
9755,galaxy_0091.png,3,4,3,clip_sim
9756,galaxy_0091.png,3,4,3,clip_sim
9757,galaxy_0091.png,3,3,3,clip_sim
9758,galaxy_0091.png,1,3,3,clip_sim
9761,galaxy_0093.png,3,4,3,clip_sim
9762,galaxy_0093.png,2,4,3,clip_sim
9763,galaxy_0093.png,4,4,3,clip_sim
9764,galaxy_0093.png,3,4,3,clip_sim
9765,galaxy_0093.png,2,4,3,clip_sim
9771,galaxy_0097.png,4,4,3,clip_sim
9772,galaxy_0097.png,4,4,3,clip_sim
9773,galaxy_0097.png,3,4,3,clip_sim
9774,galaxy_0097.png,1,3,3,clip_sim
9775,galaxy_0098.png,4,4,3,clip_sim
9776,galaxy_0098.png,4,4,3,clip_sim
9777,galaxy_0098.png,2,4,3,clip_sim
9778,galaxy_0098.png,2,2,3,clip_sim
9817,iphone16_0005.png,4,4,3,clip_sim
9818,iphone16_0005.png,4,4,3,clip_sim
9819,iphone16_0005.png,3,4,3,clip_sim
9820,iphone16_0005.png,4,4,3,clip_sim
9821,iphone16_0005.png,4,4,3,clip_sim
9822,iphone16_0005.png,3,4,3,clip_sim
9823,iphone16_0005.png,3,4,3,clip_sim
9824,iphone16_0005.png,4,4,3,clip_sim
9825,iphone16_0005.png,3,4,3,clip_sim
9826,iphone16_0005.png,3,4,3,clip_sim
9827,iphone16_0005.png,3,4,3,clip_sim
9828,iphone16_0005.png,4,4,3,clip_sim
9829,iphone16_0005.png,0,4,3,clip_sim
9830,iphone16_0005.png,4,4,3,clip_sim
9831,iphone16_0005.png,0,4,3,clip_sim
9832,iphone16_0005.png,0,4,3,clip_sim
9833,iphone16_0005.png,0,4,3,clip_sim
9834,iphone16_0005.png,0,4,3,clip_sim
9862,iphone16_0013.png,4,4,3,clip_sim
9863,iphone16_0013.png,1,2,3,clip_sim
9864,iphone16_0013.png,4,4,3,clip_sim
9865,iphone16_0013.png,2,4,3,clip_sim
9866,iphone16_0013.png,0,4,3,clip_sim
9867,iphone16_0013.png,2,4,3,clip_sim
9872,iphone16_0015.png,4,4,3,clip_sim
9873,iphone16_0015.png,3,3,3,clip_sim
9874,iphone16_0015.png,0,2,3,clip_sim
9875,iphone16_0015.png,4,4,3,clip_sim
9895,iphone16_0024.png,1,4,3,clip_sim
9896,iphone16_0024.png,1,4,3,clip_sim
9897,iphone16_0024.png,1,4,3,clip_sim
9898,iphone16_0024.png,3,4,3,clip_sim
9899,iphone16_0024.png,4,4,3,clip_sim
9909,iphone16_0030.png,4,4,3,clip_sim
9910,iphone16_0030.png,1,4,3,clip_sim
9925,iphone16_0035.png,4,4,3,clip_sim
9926,iphone16_0035.png,4,4,3,clip_sim
9927,iphone16_0035.png,4,3,3,clip_sim
9928,iphone16_0036.png,4,4,3,clip_sim
9929,iphone16_0036.png,4,2,3,clip_sim
9930,iphone16_0036.png,3,4,3,clip_sim
9931,iphone16_0036.png,4,4,3,clip_sim
9978,iphone16_0049.png,4,4,3,clip_sim
9979,iphone16_0049.png,4,4,3,clip_sim
9980,iphone16_0049.png,4,4,3,clip_sim
9981,iphone16_0049.png,3,4,3,clip_sim
9982,iphone16_0049.png,3,3,3,clip_sim
10002,iphone16_0056.png,4,4,3,clip_sim
10003,iphone16_0056.png,4,4,3,clip_sim
10004,iphone16_0056.png,1,4,3,clip_sim
10005,iphone16_0056.png,2,4,3,clip_sim
10006,iphone16_0056.png,3,4,3,clip_sim
10048,iphone16_0064.png,4,4,3,clip_sim
10049,iphone16_0064.png,4,4,3,clip_sim
10050,iphone16_0064.png,3,2,3,clip_sim
10051,iphone16_0064.png,3,4,3,clip_sim
10052,iphone16_0064.png,1,3,3,clip_sim
10077,iphone16_0073.png,4,3,3,clip_sim
10078,iphone16_0073.png,3,3,3,clip_sim
10079,iphone16_0073.png,1,3,3,clip_sim
10080,iphone16_0073.png,0,3,3,clip_sim
10081,iphone16_0073.png,0,2,3,clip_sim
10082,iphone16_0073.png,3,4,3,clip_sim
10083,iphone16_0073.png,4,4,3,clip_sim
10084,iphone16_0073.png,2,3,3,clip_sim
10085,iphone16_0073.png,4,3,3,clip_sim
10086,iphone16_0073.png,0,4,3,clip_sim
10087,iphone16_0073.png,0,2,3,clip_sim
10088,iphone16_0073.png,4,3,3,clip_sim
10089,iphone16_0073.png,0,2,3,clip_sim
10090,iphone16_0073.png,4,4,3,clip_sim
10091,iphone16_0073.png,0,3,3,clip_sim
10092,iphone16_0073.png,0,4,3,clip_sim
10093,iphone16_0073.png,1,3,3,clip_sim
10094,iphone16_0073.png,0,3,3,clip_sim
10095,iphone16_0073.png,4,3,3,clip_sim
10096,iphone16_0073.png,0,4,3,clip_sim
10097,iphone16_0073.png,3,4,3,clip_sim
10098,iphone16_0073.png,0,3,3,clip_sim
10099,iphone16_0073.png,0,4,3,clip_sim
10100,iphone16_0073.png,4,4,3,clip_sim
10101,iphone16_0073.png,0,3,3,clip_sim
10102,iphone16_0073.png,0,4,3,clip_sim
10103,iphone16_0073.png,0,4,3,clip_sim
10104,iphone16_0073.png,0,4,3,clip_sim
10105,iphone16_0073.png,0,4,3,clip_sim
10116,iphone16_0077.png,4,4,3,clip_sim
10152,iphone16_0080.png,3,3,3,clip_sim
10153,iphone16_0080.png,4,4,3,clip_sim
10154,iphone16_0080.png,3,4,3,clip_sim
10155,iphone16_0080.png,4,3,3,clip_sim
10156,iphone16_0080.png,2,4,3,clip_sim
10162,iphone16_0083.png,4,4,3,clip_sim
10163,iphone16_0083.png,4,4,3,clip_sim
10164,iphone16_0083.png,2,4,3,clip_sim
10165,iphone16_0083.png,1,3,3,clip_sim
10166,iphone16_0083.png,0,2,3,clip_sim
10167,iphone16_0084.png,4,4,3,clip_sim
10168,iphone16_0084.png,3,4,3,clip_sim
10169,iphone16_0084.png,1,2,3,clip_sim
10170,iphone16_0084.png,1,2,3,clip_sim
10171,iphone16_0084.png,4,4,3,clip_sim
10194,iphone16_0089.png,4,3,3,clip_sim
10195,iphone16_0089.png,4,4,3,clip_sim
10196,iphone16_0089.png,4,4,3,clip_sim
10197,iphone16_0089.png,3,2,3,clip_sim
10198,iphone16_0089.png,4,4,3,clip_sim
10229,iphone16_0093.png,0,2,3,clip_sim
10230,iphone16_0093.png,1,2,3,clip_sim
10231,iphone16_0093.png,0,2,3,clip_sim
10232,iphone16_0093.png,4,2,3,clip_sim
10233,iphone16_0093.png,3,2,3,clip_sim
10257,iphone16_0099.png,1,3,3,clip_sim
10258,iphone16_0099.png,0,2,3,clip_sim
10259,iphone16_0099.png,4,3,3,clip_sim
10260,iphone16_0099.png,3,2,3,clip_sim
10292,healthstagram_0010.png,3,4,3,clip_sim
10293,healthstagram_0010.png,4,4,3,clip_sim
10294,healthstagram_0010.png,4,4,3,clip_sim
10295,healthstagram_0010.png,4,4,3,clip_sim
10296,healthstagram_0010.png,3,3,3,clip_sim
10297,healthstagram_0010.png,3,2,3,clip_sim
10298,healthstagram_0010.png,1,4,3,clip_sim
10299,healthstagram_0010.png,2,4,3,clip_sim
10300,healthstagram_0010.png,4,4,3,clip_sim
10301,healthstagram_0010.png,2,4,3,clip_sim
10302,healthstagram_0010.png,2,4,3,clip_sim
10303,healthstagram_0010.png,2,3,3,clip_sim
10304,healthstagram_0010.png,3,4,3,clip_sim
10305,healthstagram_0010.png,0,4,3,clip_sim
10306,healthstagram_0010.png,2,4,3,clip_sim
10307,healthstagram_0010.png,2,4,3,clip_sim
10308,healthstagram_0010.png,3,4,3,clip_sim
10309,healthstagram_0010.png,3,4,3,clip_sim
10310,healthstagram_0010.png,4,4,3,clip_sim
10311,healthstagram_0010.png,1,3,3,clip_sim
10314,healthstagram_0012.png,4,4,3,clip_sim
10315,healthstagram_0012.png,4,3,3,clip_sim
10316,healthstagram_0012.png,3,4,3,clip_sim
10317,healthstagram_0012.png,4,4,3,clip_sim
10318,healthstagram_0012.png,2,4,3,clip_sim
10319,healthstagram_0012.png,3,4,3,clip_sim
10320,healthstagram_0012.png,2,4,3,clip_sim
10321,healthstagram_0012.png,2,4,3,clip_sim
10322,healthstagram_0012.png,1,4,3,clip_sim
10323,healthstagram_0012.png,1,4,3,clip_sim
10324,healthstagram_0012.png,1,4,3,clip_sim
10380,healthstagram_0024.png,3,3,3,clip_sim
10381,healthstagram_0024.png,4,3,3,clip_sim
10382,healthstagram_0024.png,3,4,3,clip_sim
10383,healthstagram_0024.png,2,4,3,clip_sim
10384,healthstagram_0024.png,4,3,3,clip_sim
10385,healthstagram_0024.png,4,4,3,clip_sim
10386,healthstagram_0024.png,3,2,3,clip_sim
10387,healthstagram_0024.png,3,3,3,clip_sim
10388,healthstagram_0024.png,0,4,3,clip_sim
10389,healthstagram_0024.png,4,4,3,clip_sim
10390,healthstagram_0024.png,1,3,3,clip_sim
10391,healthstagram_0024.png,3,3,3,clip_sim
10392,healthstagram_0024.png,4,4,3,clip_sim
10393,healthstagram_0024.png,1,4,3,clip_sim
10394,healthstagram_0024.png,2,3,3,clip_sim
10395,healthstagram_0024.png,1,4,3,clip_sim
10396,healthstagram_0024.png,0,4,3,clip_sim
10397,healthstagram_0024.png,2,4,3,clip_sim
10398,healthstagram_0024.png,3,4,3,clip_sim
10399,healthstagram_0024.png,2,3,3,clip_sim
10400,healthstagram_0024.png,3,3,3,clip_sim
10401,healthstagram_0024.png,1,4,3,clip_sim
10402,healthstagram_0024.png,3,4,3,clip_sim
10403,healthstagram_0024.png,2,4,3,clip_sim
10404,healthstagram_0024.png,2,4,3,clip_sim
10405,healthstagram_0024.png,4,4,3,clip_sim
10406,healthstagram_0024.png,3,4,3,clip_sim
10407,healthstagram_0025.png,1,3,3,clip_sim
10441,healthstagram_0038.png,4,4,3,clip_sim
10442,healthstagram_0038.png,4,4,3,clip_sim
10443,healthstagram_0038.png,1,4,3,clip_sim
10444,healthstagram_0038.png,2,4,3,clip_sim
10445,healthstagram_0038.png,4,4,3,clip_sim
10446,healthstagram_0038.png,0,4,3,clip_sim
10447,healthstagram_0038.png,3,4,3,clip_sim
10448,healthstagram_0038.png,3,4,3,clip_sim
10449,healthstagram_0038.png,1,3,3,clip_sim
10450,healthstagram_0038.png,1,4,3,clip_sim
10451,healthstagram_0038.png,2,4,3,clip_sim
10452,healthstagram_0038.png,1,4,3,clip_sim
10453,healthstagram_0038.png,0,4,3,clip_sim
10454,healthstagram_0038.png,0,4,3,clip_sim
10455,healthstagram_0038.png,3,4,3,clip_sim
10456,healthstagram_0038.png,2,4,3,clip_sim
10457,healthstagram_0038.png,2,4,3,clip_sim
10458,healthstagram_0038.png,1,3,3,clip_sim
10459,healthstagram_0038.png,1,4,3,clip_sim
10460,healthstagram_0038.png,0,4,3,clip_sim
10461,healthstagram_0038.png,0,4,3,clip_sim
10462,healthstagram_0038.png,1,4,3,clip_sim
10463,healthstagram_0038.png,2,3,3,clip_sim
10464,healthstagram_0038.png,1,4,3,clip_sim
10465,healthstagram_0038.png,4,4,3,clip_sim
10466,healthstagram_0038.png,4,4,3,clip_sim
10467,healthstagram_0038.png,4,4,3,clip_sim
10468,healthstagram_0038.png,0,4,3,clip_sim
10469,healthstagram_0038.png,0,4,3,clip_sim
10470,healthstagram_0038.png,0,4,3,clip_sim
10506,healthstagram_0042.png,1,4,3,clip_sim
10507,healthstagram_0042.png,2,4,3,clip_sim
10508,healthstagram_0042.png,1,4,3,clip_sim
10509,healthstagram_0042.png,0,4,3,clip_sim
10510,healthstagram_0042.png,0,2,3,clip_sim
10511,healthstagram_0046.png,4,4,3,clip_sim
10560,healthstagram_0061.png,0,2,3,clip_sim
10561,healthstagram_0061.png,0,2,3,clip_sim
10562,healthstagram_0061.png,0,4,3,clip_sim
10563,healthstagram_0061.png,0,4,3,clip_sim
10564,healthstagram_0061.png,0,3,3,clip_sim
10565,healthstagram_0061.png,0,4,3,clip_sim
10566,healthstagram_0061.png,0,2,3,clip_sim
10567,healthstagram_0061.png,0,3,3,clip_sim
10568,healthstagram_0061.png,4,4,3,clip_sim
10569,healthstagram_0061.png,2,3,3,clip_sim
10570,healthstagram_0061.png,2,2,3,clip_sim
10571,healthstagram_0061.png,2,2,3,clip_sim
10572,healthstagram_0061.png,1,3,3,clip_sim
10573,healthstagram_0061.png,0,2,3,clip_sim
10574,healthstagram_0061.png,0,2,3,clip_sim
10575,healthstagram_0061.png,1,4,3,clip_sim
10576,healthstagram_0061.png,0,3,3,clip_sim
10577,healthstagram_0061.png,0,2,3,clip_sim
10578,healthstagram_0061.png,1,3,3,clip_sim
10579,healthstagram_0061.png,4,3,3,clip_sim
10580,healthstagram_0061.png,4,4,3,clip_sim
10581,healthstagram_0061.png,0,2,3,clip_sim
10582,healthstagram_0061.png,1,3,3,clip_sim
10583,healthstagram_0061.png,2,4,3,clip_sim
10584,healthstagram_0061.png,4,3,3,clip_sim
10585,healthstagram_0061.png,3,4,3,clip_sim
10586,healthstagram_0061.png,0,4,3,clip_sim
10587,healthstagram_0061.png,1,3,3,clip_sim
10588,healthstagram_0061.png,3,4,3,clip_sim
10636,healthstagram_0074.png,4,3,3,clip_sim
10648,healthstagram_0084.png,3,3,3,clip_sim
10649,healthstagram_0084.png,3,3,3,clip_sim
10728,healthstagram_0092.png,4,4,3,clip_sim
10729,healthstagram_0092.png,1,4,3,clip_sim
10730,healthstagram_0092.png,2,4,3,clip_sim
10731,healthstagram_0092.png,3,4,3,clip_sim
10732,healthstagram_0092.png,3,2,3,clip_sim
10733,healthstagram_0092.png,2,3,3,clip_sim
10734,healthstagram_0092.png,2,4,3,clip_sim
10735,healthstagram_0092.png,1,3,3,clip_sim
10736,healthstagram_0092.png,2,3,3,clip_sim
10737,healthstagram_0092.png,4,3,3,clip_sim
10738,healthstagram_0092.png,0,4,3,clip_sim
10739,healthstagram_0092.png,1,4,3,clip_sim
10740,healthstagram_0092.png,2,4,3,clip_sim
10741,healthstagram_0092.png,1,4,3,clip_sim
10742,healthstagram_0092.png,1,4,3,clip_sim
10743,healthstagram_0092.png,1,4,3,clip_sim
10744,healthstagram_0092.png,2,4,3,clip_sim
10745,healthstagram_0092.png,2,4,3,clip_sim
10746,healthstagram_0092.png,4,4,3,clip_sim
10747,healthstagram_0092.png,4,4,3,clip_sim
10748,healthstagram_0092.png,2,4,3,clip_sim
10749,healthstagram_0092.png,4,4,3,clip_sim
10750,healthstagram_0092.png,4,4,3,clip_sim
10751,healthstagram_0092.png,4,3,3,clip_sim
10752,healthstagram_0092.png,1,4,3,clip_sim
10753,healthstagram_0092.png,1,4,3,clip_sim
10754,healthstagram_0092.png,4,4,3,clip_sim
10755,healthstagram_0092.png,3,3,3,clip_sim
10756,healthstagram_0092.png,3,4,3,clip_sim
10757,healthstagram_0092.png,1,4,3,clip_sim
10790,ounwan_0004.png,0,3,3,clip_sim
10791,ounwan_0004.png,0,4,3,clip_sim
10792,ounwan_0004.png,3,2,3,clip_sim
10793,ounwan_0004.png,3,4,3,clip_sim
10794,ounwan_0004.png,4,3,3,clip_sim
10795,ounwan_0004.png,4,3,3,clip_sim
10796,ounwan_0004.png,4,4,3,clip_sim
10797,ounwan_0004.png,4,4,3,clip_sim
10798,ounwan_0004.png,3,4,3,clip_sim
10938,ounwan_0025.png,1,3,3,clip_sim
10939,ounwan_0029.png,1,4,3,clip_sim
10940,ounwan_0029.png,1,4,3,clip_sim
10941,ounwan_0029.png,1,4,3,clip_sim
10942,ounwan_0029.png,3,4,3,clip_sim
10943,ounwan_0029.png,1,4,3,clip_sim
10944,ounwan_0029.png,1,4,3,clip_sim
10945,ounwan_0029.png,1,4,3,clip_sim
10946,ounwan_0029.png,1,4,3,clip_sim
11142,ounwan_0063.png,0,4,3,clip_sim
11143,ounwan_0063.png,0,4,3,clip_sim
11144,ounwan_0063.png,0,4,3,clip_sim
11145,ounwan_0063.png,0,4,3,clip_sim
11146,ounwan_0063.png,0,4,3,clip_sim
11147,ounwan_0063.png,1,2,3,clip_sim
11148,ounwan_0063.png,1,4,3,clip_sim
11149,ounwan_0063.png,1,4,3,clip_sim
11150,ounwan_0063.png,1,3,3,clip_sim
11151,ounwan_0063.png,2,4,3,clip_sim
11152,ounwan_0063.png,0,4,3,clip_sim
11153,ounwan_0063.png,1,4,3,clip_sim
11277,ounwan_0079.png,2,4,3,clip_sim
11278,ounwan_0079.png,4,4,3,clip_sim
11279,ounwan_0079.png,2,4,3,clip_sim
11303,ounwan_0082.png,1,2,3,clip_sim
11304,ounwan_0082.png,4,4,3,clip_sim
11305,ounwan_0082.png,2,3,3,clip_sim
11306,ounwan_0082.png,3,2,3,clip_sim
11318,ounwan_0088.png,4,4,3,clip_sim
11319,ounwan_0088.png,3,4,3,clip_sim
11320,ounwan_0088.png,2,4,3,clip_sim
11321,ounwan_0088.png,0,4,3,clip_sim
11322,ounwan_0088.png,3,3,3,clip_sim
11323,ounwan_0088.png,4,2,3,clip_sim
11324,ounwan_0088.png,0,4,3,clip_sim
11325,ounwan_0088.png,0,4,3,clip_sim
11326,ounwan_0088.png,1,4,3,clip_sim
11507,dietfood_0021.png,0,4,3,clip_sim
11508,dietfood_0021.png,0,4,3,clip_sim
11509,dietfood_0021.png,0,4,3,clip_sim
11510,dietfood_0021.png,2,4,3,clip_sim
11511,dietfood_0021.png,2,4,3,clip_sim
11512,dietfood_0021.png,0,4,3,clip_sim
11519,dietfood_0025.png,4,4,3,clip_sim
11520,dietfood_0025.png,4,4,3,clip_sim
11521,dietfood_0025.png,4,4,3,clip_sim
11522,dietfood_0025.png,4,4,3,clip_sim
11523,dietfood_0025.png,3,4,3,clip_sim
11524,dietfood_0025.png,4,4,3,clip_sim
11525,dietfood_0025.png,4,4,3,clip_sim
11526,dietfood_0025.png,2,4,3,clip_sim
11527,dietfood_0025.png,3,4,3,clip_sim
11528,dietfood_0025.png,4,4,3,clip_sim
11582,dietfood_0033.png,4,4,3,clip_sim
11583,dietfood_0033.png,3,4,3,clip_sim
11584,dietfood_0033.png,3,4,3,clip_sim
11585,dietfood_0033.png,2,4,3,clip_sim
11586,dietfood_0033.png,4,4,3,clip_sim
11587,dietfood_0033.png,2,4,3,clip_sim
11588,dietfood_0033.png,4,4,3,clip_sim
11589,dietfood_0033.png,3,4,3,clip_sim
11590,dietfood_0033.png,3,4,3,clip_sim
11591,dietfood_0033.png,2,4,3,clip_sim
11615,dietfood_0036.png,4,4,3,clip_sim
11616,dietfood_0036.png,2,4,3,clip_sim
11617,dietfood_0036.png,3,4,3,clip_sim
11618,dietfood_0036.png,2,4,3,clip_sim
11619,dietfood_0036.png,2,4,3,clip_sim
11620,dietfood_0036.png,2,4,3,clip_sim
11621,dietfood_0036.png,1,4,3,clip_sim
11622,dietfood_0036.png,1,4,3,clip_sim
11623,dietfood_0036.png,1,4,3,clip_sim
11624,dietfood_0036.png,2,3,3,clip_sim
11625,dietfood_0036.png,1,2,3,clip_sim
11680,dietfood_0052.png,3,4,3,clip_sim
11681,dietfood_0052.png,4,4,3,clip_sim
11682,dietfood_0052.png,4,4,3,clip_sim
11683,dietfood_0052.png,3,4,3,clip_sim
11684,dietfood_0052.png,2,4,3,clip_sim
11685,dietfood_0052.png,3,4,3,clip_sim
11686,dietfood_0052.png,2,4,3,clip_sim
11687,dietfood_0052.png,0,4,3,clip_sim
11801,dietfood_0069.png,2,4,3,clip_sim
11802,dietfood_0069.png,4,4,3,clip_sim
11803,dietfood_0069.png,4,4,3,clip_sim
11804,dietfood_0069.png,1,4,3,clip_sim
11805,dietfood_0069.png,2,4,3,clip_sim
11869,dietfood_0078.png,4,4,3,clip_sim
11870,dietfood_0078.png,4,3,3,clip_sim
11871,dietfood_0078.png,4,4,3,clip_sim
11872,dietfood_0078.png,3,4,3,clip_sim
11911,dietfood_0085.png,4,4,3,clip_sim
11912,dietfood_0085.png,4,4,3,clip_sim
11913,dietfood_0085.png,3,4,3,clip_sim
11914,dietfood_0085.png,3,4,3,clip_sim
11915,dietfood_0085.png,3,4,3,clip_sim
11955,dietfood_0093.png,4,3,3,clip_sim
11956,dietfood_0093.png,4,3,3,clip_sim
11957,dietfood_0093.png,3,2,3,clip_sim
11958,dietfood_0093.png,2,2,3,clip_sim
11959,dietfood_0093.png,3,2,3,clip_sim
11960,dietfood_0093.png,2,2,3,clip_sim
11961,dietfood_0093.png,4,2,3,clip_sim
11962,dietfood_0093.png,3,3,3,clip_sim
11963,dietfood_0093.png,3,2,3,clip_sim
11964,dietfood_0093.png,3,2,3,clip_sim
11965,dietfood_0093.png,3,2,3,clip_sim
11966,dietfood_0093.png,2,2,3,clip_sim
11967,dietfood_0093.png,1,2,3,clip_sim
11968,dietfood_0093.png,1,2,3,clip_sim
11969,dietfood_0093.png,3,2,3,clip_sim
11970,dietfood_0093.png,3,2,3,clip_sim
11971,dietfood_0093.png,3,2,3,clip_sim
11972,dietfood_0093.png,2,2,3,clip_sim
11973,dietfood_0093.png,2,2,3,clip_sim
11974,dietfood_0093.png,4,2,3,clip_sim
11975,dietfood_0093.png,2,2,3,clip_sim
11980,dietfood_0095.png,0,3,3,clip_sim
11981,dietfood_0095.png,3,2,3,clip_sim
11982,dietfood_0095.png,4,2,3,clip_sim
11983,dietfood_0095.png,4,3,3,clip_sim
11989,dietfood_0097.png,4,4,3,clip_sim
11990,dietfood_0097.png,3,4,3,clip_sim
11991,dietfood_0097.png,4,4,3,clip_sim
11992,dietfood_0097.png,4,4,3,clip_sim
11993,dietfood_0097.png,4,4,3,clip_sim
11994,dietfood_0097.png,4,4,3,clip_sim
11995,dietfood_0097.png,4,4,3,clip_sim
11996,dietfood_0097.png,3,4,3,clip_sim
11997,dietfood_0097.png,4,4,3,clip_sim
11998,dietfood_0097.png,4,4,3,clip_sim
11999,dietfood_0097.png,3,4,3,clip_sim
34,ai_0009.png,2,4,4,clip_sim
35,ai_0009.png,3,2,4,clip_sim
36,ai_0009.png,3,4,4,clip_sim
37,ai_0009.png,2,2,4,clip_sim
38,ai_0009.png,1,4,4,clip_sim
39,ai_0009.png,2,4,4,clip_sim
40,ai_0009.png,1,4,4,clip_sim
41,ai_0009.png,4,4,4,clip_sim
42,ai_0009.png,4,4,4,clip_sim
43,ai_0009.png,3,4,4,clip_sim
44,ai_0009.png,3,3,4,clip_sim
157,ai_0018.png,4,4,4,clip_sim
158,ai_0018.png,4,4,4,clip_sim
159,ai_0018.png,4,4,4,clip_sim
160,ai_0018.png,4,4,4,clip_sim
161,ai_0018.png,3,4,4,clip_sim
162,ai_0018.png,4,4,4,clip_sim
163,ai_0018.png,4,4,4,clip_sim
164,ai_0018.png,4,4,4,clip_sim
165,ai_0018.png,1,4,4,clip_sim
166,ai_0018.png,1,4,4,clip_sim
167,ai_0018.png,2,4,4,clip_sim
168,ai_0018.png,2,4,4,clip_sim
169,ai_0018.png,2,4,4,clip_sim
170,ai_0018.png,3,4,4,clip_sim
171,ai_0018.png,4,4,4,clip_sim
172,ai_0018.png,3,4,4,clip_sim
173,ai_0018.png,2,4,4,clip_sim
174,ai_0018.png,2,3,4,clip_sim
175,ai_0018.png,3,4,4,clip_sim
176,ai_0018.png,2,4,4,clip_sim
177,ai_0018.png,4,4,4,clip_sim
178,ai_0018.png,4,4,4,clip_sim
179,ai_0018.png,4,4,4,clip_sim
180,ai_0018.png,4,4,4,clip_sim
181,ai_0018.png,3,4,4,clip_sim
182,ai_0018.png,3,4,4,clip_sim
183,ai_0018.png,3,4,4,clip_sim
184,ai_0018.png,1,4,4,clip_sim
185,ai_0018.png,3,4,4,clip_sim
186,ai_0018.png,3,4,4,clip_sim
263,domesticTravel_0007.png,3,3,4,clip_sim
321,domesticTravel_0017.png,4,4,4,clip_sim
322,domesticTravel_0017.png,4,4,4,clip_sim
323,domesticTravel_0017.png,4,4,4,clip_sim
324,domesticTravel_0020.png,2,2,4,clip_sim
353,fall_0002.png,4,2,4,clip_sim
354,fall_0002.png,1,3,4,clip_sim
355,fall_0002.png,0,3,4,clip_sim
356,fall_0002.png,1,2,4,clip_sim
357,fall_0002.png,4,2,4,clip_sim
358,fall_0002.png,4,3,4,clip_sim
359,fall_0002.png,3,3,4,clip_sim
360,fall_0002.png,2,4,4,clip_sim
361,fall_0002.png,2,4,4,clip_sim
362,fall_0002.png,1,3,4,clip_sim
363,fall_0002.png,1,2,4,clip_sim
364,fall_0002.png,3,3,4,clip_sim
365,fall_0002.png,3,2,4,clip_sim
366,fall_0002.png,1,2,4,clip_sim
417,fall_0010.png,4,4,4,clip_sim
418,fall_0010.png,1,4,4,clip_sim
419,fall_0010.png,4,4,4,clip_sim
420,fall_0010.png,4,4,4,clip_sim
421,fall_0010.png,1,3,4,clip_sim
422,fall_0010.png,1,4,4,clip_sim
423,fall_0012.png,4,4,4,clip_sim
424,fall_0012.png,2,4,4,clip_sim
425,fall_0012.png,4,4,4,clip_sim
426,fall_0012.png,1,4,4,clip_sim
427,fall_0012.png,1,4,4,clip_sim
428,fall_0012.png,1,4,4,clip_sim
429,fall_0012.png,2,4,4,clip_sim
430,fall_0012.png,1,4,4,clip_sim
431,fall_0012.png,1,4,4,clip_sim
432,fall_0012.png,3,4,4,clip_sim
433,fall_0012.png,4,4,4,clip_sim
434,fall_0012.png,2,4,4,clip_sim
435,fall_0012.png,3,4,4,clip_sim
436,fall_0012.png,1,3,4,clip_sim
437,fall_0012.png,1,4,4,clip_sim
438,fall_0012.png,2,4,4,clip_sim
537,fall_0022.png,4,2,4,clip_sim
538,fall_0022.png,3,4,4,clip_sim
539,fall_0022.png,4,4,4,clip_sim
540,fall_0022.png,4,3,4,clip_sim
541,fall_0022.png,4,2,4,clip_sim
542,fall_0022.png,3,3,4,clip_sim
543,fall_0022.png,0,3,4,clip_sim
544,fall_0022.png,3,2,4,clip_sim
545,fall_0022.png,2,3,4,clip_sim
546,fall_0022.png,3,3,4,clip_sim
547,fall_0022.png,3,2,4,clip_sim
548,fall_0022.png,3,2,4,clip_sim
549,fall_0022.png,3,2,4,clip_sim
550,fall_0022.png,3,2,4,clip_sim
551,fall_0022.png,2,3,4,clip_sim
552,fall_0022.png,2,3,4,clip_sim
553,fall_0022.png,1,3,4,clip_sim
554,fall_0022.png,1,2,4,clip_sim
555,fall_0022.png,2,3,4,clip_sim
556,fall_0022.png,3,2,4,clip_sim
557,fall_0022.png,4,2,4,clip_sim
558,fall_0022.png,2,2,4,clip_sim
702,fashion_0021.png,1,4,4,clip_sim
703,fashion_0021.png,1,4,4,clip_sim
704,fashion_0021.png,3,4,4,clip_sim
705,fashion_0021.png,2,3,4,clip_sim
706,fashion_0021.png,2,3,4,clip_sim
707,fashion_0021.png,0,3,4,clip_sim
708,fashion_0021.png,0,4,4,clip_sim
709,fashion_0021.png,3,3,4,clip_sim
710,fashion_0021.png,2,2,4,clip_sim
711,fashion_0021.png,2,2,4,clip_sim
712,fashion_0021.png,4,3,4,clip_sim
713,fashion_0021.png,3,3,4,clip_sim
714,fashion_0021.png,2,3,4,clip_sim
715,movie_0001.png,4,4,4,clip_sim
716,movie_0001.png,4,3,4,clip_sim
717,movie_0001.png,4,4,4,clip_sim
718,movie_0001.png,4,3,4,clip_sim
719,movie_0001.png,3,4,4,clip_sim
720,movie_0001.png,2,4,4,clip_sim
721,movie_0001.png,2,4,4,clip_sim
722,movie_0001.png,1,3,4,clip_sim
723,movie_0001.png,1,4,4,clip_sim
724,movie_0001.png,4,3,4,clip_sim
725,movie_0001.png,3,3,4,clip_sim
753,movie_0005.png,4,3,4,clip_sim
754,movie_0005.png,4,4,4,clip_sim
755,movie_0005.png,4,4,4,clip_sim
756,movie_0005.png,1,4,4,clip_sim
757,movie_0005.png,2,4,4,clip_sim
758,movie_0005.png,1,4,4,clip_sim
759,movie_0005.png,1,4,4,clip_sim
760,movie_0005.png,1,4,4,clip_sim
761,movie_0005.png,1,4,4,clip_sim
762,movie_0005.png,3,4,4,clip_sim
782,movie_0010.png,4,4,4,clip_sim
783,movie_0010.png,4,3,4,clip_sim
784,movie_0010.png,4,3,4,clip_sim
785,movie_0010.png,4,4,4,clip_sim
786,movie_0010.png,3,3,4,clip_sim
787,movie_0010.png,1,3,4,clip_sim
788,movie_0010.png,3,3,4,clip_sim
789,movie_0010.png,3,4,4,clip_sim
790,movie_0010.png,3,4,4,clip_sim
791,movie_0010.png,3,4,4,clip_sim
792,movie_0010.png,4,2,4,clip_sim
793,movie_0010.png,3,2,4,clip_sim
805,movie_0014.png,4,3,4,clip_sim
806,movie_0014.png,4,4,4,clip_sim
807,movie_0014.png,1,4,4,clip_sim
808,movie_0014.png,1,4,4,clip_sim
809,movie_0014.png,2,4,4,clip_sim
810,movie_0014.png,2,4,4,clip_sim
811,movie_0014.png,4,2,4,clip_sim
812,movie_0014.png,2,4,4,clip_sim
888,movie_0021.png,1,2,4,clip_sim
889,movie_0021.png,1,3,4,clip_sim
890,movie_0021.png,1,4,4,clip_sim
891,movie_0021.png,2,2,4,clip_sim
892,movie_0021.png,4,3,4,clip_sim
893,movie_0021.png,4,2,4,clip_sim
894,movie_0021.png,3,3,4,clip_sim
895,movie_0021.png,2,3,4,clip_sim
896,movie_0021.png,1,3,4,clip_sim
897,movie_0021.png,1,3,4,clip_sim
898,movie_0021.png,4,3,4,clip_sim
899,movie_0021.png,4,4,4,clip_sim
900,movie_0021.png,3,2,4,clip_sim
901,movie_0021.png,3,2,4,clip_sim
902,movie_0021.png,3,2,4,clip_sim
903,movie_0021.png,1,2,4,clip_sim
904,movie_0021.png,1,2,4,clip_sim
905,movie_0021.png,1,2,4,clip_sim
906,movie_0021.png,4,2,4,clip_sim
907,movie_0021.png,4,2,4,clip_sim
908,movie_0021.png,2,2,4,clip_sim
909,movie_0021.png,1,3,4,clip_sim
910,movie_0021.png,1,2,4,clip_sim
911,movie_0021.png,2,2,4,clip_sim
912,movie_0021.png,1,3,4,clip_sim
913,movie_0021.png,1,3,4,clip_sim
914,movie_0021.png,1,3,4,clip_sim
915,movie_0021.png,1,4,4,clip_sim
916,movie_0021.png,4,4,4,clip_sim
917,movie_0021.png,0,2,4,clip_sim
935,olive_0002.png,1,4,4,clip_sim
936,olive_0002.png,1,4,4,clip_sim
937,olive_0002.png,2,4,4,clip_sim
938,olive_0002.png,1,4,4,clip_sim
939,olive_0002.png,1,4,4,clip_sim
940,olive_0002.png,0,4,4,clip_sim
941,olive_0002.png,0,4,4,clip_sim
942,olive_0002.png,0,3,4,clip_sim
943,olive_0002.png,2,2,4,clip_sim
944,olive_0002.png,2,4,4,clip_sim
945,olive_0002.png,0,4,4,clip_sim
946,olive_0002.png,2,4,4,clip_sim
947,olive_0002.png,3,4,4,clip_sim
1068,olive_0019.png,4,3,4,clip_sim
1170,restaurant_0011.png,1,2,4,clip_sim
1171,restaurant_0011.png,2,2,4,clip_sim
1172,restaurant_0011.png,3,2,4,clip_sim
1173,restaurant_0011.png,4,3,4,clip_sim
1174,restaurant_0011.png,4,3,4,clip_sim
1175,restaurant_0011.png,2,4,4,clip_sim
1176,restaurant_0011.png,3,4,4,clip_sim
1380,zerokal_0005.png,0,4,4,clip_sim
1381,zerokal_0005.png,4,4,4,clip_sim
1382,zerokal_0005.png,4,4,4,clip_sim
1383,zerokal_0005.png,1,4,4,clip_sim
1384,zerokal_0005.png,1,4,4,clip_sim
1385,zerokal_0005.png,2,4,4,clip_sim
1386,zerokal_0005.png,0,4,4,clip_sim
1387,zerokal_0005.png,1,4,4,clip_sim
1388,zerokal_0005.png,4,4,4,clip_sim
1389,zerokal_0005.png,4,4,4,clip_sim
1390,zerokal_0006.png,1,2,4,clip_sim
1391,zerokal_0006.png,4,2,4,clip_sim
1392,zerokal_0006.png,4,3,4,clip_sim
1393,zerokal_0006.png,1,2,4,clip_sim
1394,zerokal_0006.png,4,2,4,clip_sim
1395,zerokal_0006.png,1,2,4,clip_sim
1396,zerokal_0006.png,1,2,4,clip_sim
1397,zerokal_0006.png,1,2,4,clip_sim
1398,zerokal_0006.png,1,2,4,clip_sim
1399,zerokal_0006.png,1,2,4,clip_sim
1400,zerokal_0006.png,1,2,4,clip_sim
1401,zerokal_0006.png,1,2,4,clip_sim
1402,zerokal_0006.png,3,3,4,clip_sim
1403,zerokal_0006.png,3,3,4,clip_sim
1404,zerokal_0006.png,1,3,4,clip_sim
1405,zerokal_0006.png,1,3,4,clip_sim
1406,zerokal_0006.png,2,2,4,clip_sim
1407,zerokal_0006.png,4,2,4,clip_sim
1435,zerokal_0010.png,2,2,4,clip_sim
1436,zerokal_0010.png,4,2,4,clip_sim
1578,travelgram_0017.png,4,2,4,clip_sim
1579,travelgram_0017.png,4,2,4,clip_sim
1580,travelgram_0017.png,4,3,4,clip_sim
1581,travelgram_0017.png,4,4,4,clip_sim
1582,travelgram_0017.png,4,2,4,clip_sim
1630,travelgram_0025.png,2,4,4,clip_sim
1631,travelgram_0025.png,4,4,4,clip_sim
1632,travelgram_0025.png,0,4,4,clip_sim
1633,travelgram_0025.png,0,4,4,clip_sim
1639,travelgram_0033.png,2,4,4,clip_sim
1640,travelgram_0033.png,4,3,4,clip_sim
1641,travelgram_0033.png,3,4,4,clip_sim
1642,travelgram_0033.png,4,4,4,clip_sim
1692,travelgram_0054.png,1,4,4,clip_sim
1693,travelgram_0054.png,2,4,4,clip_sim
1694,travelgram_0054.png,2,4,4,clip_sim
1737,travelgram_0064.png,4,4,4,clip_sim
1738,travelgram_0064.png,3,4,4,clip_sim
1739,travelgram_0064.png,3,3,4,clip_sim
1740,travelgram_0064.png,4,4,4,clip_sim
1744,travelgram_0068.png,4,4,4,clip_sim
1745,travelgram_0068.png,4,4,4,clip_sim
1762,travelgram_0071.png,0,4,4,clip_sim
1763,travelgram_0071.png,0,4,4,clip_sim
1764,travelgram_0071.png,0,4,4,clip_sim
1765,travelgram_0071.png,0,4,4,clip_sim
1766,travelgram_0071.png,1,4,4,clip_sim
1778,travelgram_0081.png,1,2,4,clip_sim
1779,travelgram_0081.png,1,2,4,clip_sim
1780,travelgram_0081.png,0,2,4,clip_sim
1781,travelgram_0081.png,2,3,4,clip_sim
1782,travelgram_0081.png,2,2,4,clip_sim
1783,travelgram_0081.png,1,2,4,clip_sim
1784,travelgram_0081.png,1,3,4,clip_sim
1785,travelgram_0081.png,1,3,4,clip_sim
1786,travelgram_0081.png,2,2,4,clip_sim
1787,travelgram_0081.png,2,2,4,clip_sim
1788,travelgram_0082.png,4,3,4,clip_sim
1789,travelgram_0082.png,4,3,4,clip_sim
1790,travelgram_0082.png,3,4,4,clip_sim
1791,travelgram_0082.png,3,4,4,clip_sim
1792,travelgram_0082.png,3,3,4,clip_sim
1793,travelgram_0082.png,3,4,4,clip_sim
1794,travelgram_0082.png,3,3,4,clip_sim
1795,travelgram_0082.png,2,3,4,clip_sim
1796,travelgram_0082.png,3,4,4,clip_sim
1797,travelgram_0082.png,2,3,4,clip_sim
1798,travelgram_0082.png,2,4,4,clip_sim
1799,travelgram_0082.png,3,3,4,clip_sim
1800,travelgram_0082.png,2,3,4,clip_sim
1801,travelgram_0082.png,1,3,4,clip_sim
1802,travelgram_0082.png,1,2,4,clip_sim
1803,travelgram_0082.png,1,2,4,clip_sim
1804,travelgram_0082.png,1,2,4,clip_sim
1805,travelgram_0082.png,1,2,4,clip_sim
1806,travelgram_0082.png,2,2,4,clip_sim
1807,travelgram_0082.png,2,3,4,clip_sim
1808,travelgram_0082.png,2,3,4,clip_sim
1809,travelgram_0082.png,2,3,4,clip_sim
1810,travelgram_0082.png,2,2,4,clip_sim
1811,travelgram_0082.png,1,2,4,clip_sim
1812,travelgram_0082.png,1,2,4,clip_sim
1813,travelgram_0082.png,1,3,4,clip_sim
1814,travelgram_0082.png,1,3,4,clip_sim
1815,travelgram_0082.png,0,2,4,clip_sim
1816,travelgram_0082.png,2,2,4,clip_sim
1854,travelgram_0092.png,3,3,4,clip_sim
1855,travelgram_0092.png,3,3,4,clip_sim
1856,travelgram_0092.png,4,3,4,clip_sim
1867,travelgram_0098.png,3,4,4,clip_sim
1868,travelgram_0098.png,3,3,4,clip_sim
1869,travelgram_0100.png,3,4,4,clip_sim
1870,travelgram_0100.png,3,4,4,clip_sim
1871,travelgram_0100.png,4,4,4,clip_sim
1872,travelgram_0100.png,3,3,4,clip_sim
1873,travelgram_0100.png,2,4,4,clip_sim
1905,solotravel_0012.png,3,4,4,clip_sim
1906,solotravel_0012.png,3,4,4,clip_sim
1907,solotravel_0012.png,2,4,4,clip_sim
1908,solotravel_0012.png,2,4,4,clip_sim
1909,solotravel_0012.png,1,4,4,clip_sim
1920,solotravel_0020.png,4,4,4,clip_sim
1921,solotravel_0020.png,4,4,4,clip_sim
1922,solotravel_0020.png,4,4,4,clip_sim
1923,solotravel_0020.png,4,4,4,clip_sim
1924,solotravel_0020.png,2,4,4,clip_sim
1985,solotravel_0040.png,1,4,4,clip_sim
1986,solotravel_0040.png,2,4,4,clip_sim
1987,solotravel_0040.png,3,4,4,clip_sim
1988,solotravel_0040.png,2,4,4,clip_sim
1989,solotravel_0040.png,1,4,4,clip_sim
1990,solotravel_0040.png,3,4,4,clip_sim
1991,solotravel_0040.png,4,4,4,clip_sim
1992,solotravel_0040.png,1,4,4,clip_sim
2027,solotravel_0047.png,3,4,4,clip_sim
2028,solotravel_0047.png,4,3,4,clip_sim
2029,solotravel_0047.png,1,3,4,clip_sim
2030,solotravel_0047.png,2,4,4,clip_sim
2031,solotravel_0047.png,1,3,4,clip_sim
2032,solotravel_0047.png,1,3,4,clip_sim
2033,solotravel_0047.png,2,3,4,clip_sim
2034,solotravel_0047.png,2,4,4,clip_sim
2035,solotravel_0047.png,0,4,4,clip_sim
2036,solotravel_0047.png,0,4,4,clip_sim
2037,solotravel_0047.png,0,3,4,clip_sim
2038,solotravel_0048.png,4,4,4,clip_sim
2039,solotravel_0048.png,4,4,4,clip_sim
2040,solotravel_0048.png,4,4,4,clip_sim
2041,solotravel_0048.png,3,4,4,clip_sim
2042,solotravel_0048.png,3,4,4,clip_sim
2043,solotravel_0048.png,4,4,4,clip_sim
2044,solotravel_0048.png,2,4,4,clip_sim
2045,solotravel_0048.png,4,4,4,clip_sim
2046,solotravel_0048.png,4,4,4,clip_sim
2047,solotravel_0048.png,3,4,4,clip_sim
2048,solotravel_0048.png,3,3,4,clip_sim
2049,solotravel_0048.png,3,3,4,clip_sim
2050,solotravel_0048.png,4,3,4,clip_sim
2051,solotravel_0048.png,1,2,4,clip_sim
2140,solotravel_0069.png,4,4,4,clip_sim
2141,solotravel_0069.png,3,4,4,clip_sim
2142,solotravel_0069.png,4,4,4,clip_sim
2143,solotravel_0069.png,0,4,4,clip_sim
2144,solotravel_0069.png,0,4,4,clip_sim
2145,solotravel_0069.png,0,4,4,clip_sim
2146,solotravel_0069.png,1,4,4,clip_sim
2147,solotravel_0069.png,0,4,4,clip_sim
2148,solotravel_0069.png,1,4,4,clip_sim
2149,solotravel_0069.png,0,4,4,clip_sim
2150,solotravel_0069.png,0,4,4,clip_sim
2151,solotravel_0070.png,1,4,4,clip_sim
2152,solotravel_0070.png,4,4,4,clip_sim
2153,solotravel_0070.png,4,4,4,clip_sim
2176,solotravel_0076.png,4,4,4,clip_sim
2177,solotravel_0076.png,4,3,4,clip_sim
2178,solotravel_0076.png,4,4,4,clip_sim
2204,solotravel_0084.png,3,4,4,clip_sim
2205,solotravel_0084.png,4,4,4,clip_sim
2206,solotravel_0084.png,3,4,4,clip_sim
2207,solotravel_0084.png,3,4,4,clip_sim
2208,solotravel_0084.png,4,4,4,clip_sim
2236,solotravel_0096.png,4,4,4,clip_sim
2237,solotravel_0096.png,4,4,4,clip_sim
2238,solotravel_0096.png,3,4,4,clip_sim
2239,solotravel_0096.png,1,4,4,clip_sim
2240,solotravel_0096.png,2,4,4,clip_sim
2253,travel_0002.png,4,4,4,clip_sim
2254,travel_0002.png,4,4,4,clip_sim
2255,travel_0002.png,3,4,4,clip_sim
2256,travel_0002.png,1,4,4,clip_sim
2257,travel_0002.png,3,4,4,clip_sim
2268,travel_0005.png,4,4,4,clip_sim
2269,travel_0005.png,0,3,4,clip_sim
2270,travel_0005.png,0,3,4,clip_sim
2271,travel_0005.png,1,3,4,clip_sim
2272,travel_0005.png,3,3,4,clip_sim
2273,travel_0005.png,3,3,4,clip_sim
2274,travel_0005.png,1,3,4,clip_sim
2275,travel_0005.png,0,3,4,clip_sim
2276,travel_0005.png,1,4,4,clip_sim
2277,travel_0005.png,1,4,4,clip_sim
2278,travel_0005.png,0,3,4,clip_sim
2281,travel_0009.png,4,4,4,clip_sim
2282,travel_0009.png,3,4,4,clip_sim
2283,travel_0009.png,3,4,4,clip_sim
2284,travel_0009.png,3,4,4,clip_sim
2416,travel_0047.png,0,4,4,clip_sim
2417,travel_0047.png,4,4,4,clip_sim
2418,travel_0047.png,3,4,4,clip_sim
2419,travel_0047.png,1,4,4,clip_sim
2420,travel_0047.png,2,4,4,clip_sim
2436,travel_0050.png,4,4,4,clip_sim
2437,travel_0050.png,3,4,4,clip_sim
2438,travel_0050.png,2,4,4,clip_sim
2439,travel_0050.png,2,4,4,clip_sim
2440,travel_0050.png,3,4,4,clip_sim
2441,travel_0051.png,4,4,4,clip_sim
2442,travel_0051.png,4,4,4,clip_sim
2443,travel_0051.png,4,4,4,clip_sim
2444,travel_0051.png,3,4,4,clip_sim
2445,travel_0051.png,2,4,4,clip_sim
2446,travel_0051.png,4,4,4,clip_sim
2447,travel_0051.png,3,3,4,clip_sim
2448,travel_0051.png,3,4,4,clip_sim
2449,travel_0051.png,4,4,4,clip_sim
2450,travel_0051.png,4,4,4,clip_sim
2451,travel_0051.png,1,4,4,clip_sim
2452,travel_0051.png,2,4,4,clip_sim
2453,travel_0051.png,3,4,4,clip_sim
2454,travel_0051.png,1,4,4,clip_sim
2455,travel_0051.png,4,4,4,clip_sim
2456,travel_0051.png,3,4,4,clip_sim
2457,travel_0051.png,4,4,4,clip_sim
2458,travel_0051.png,4,4,4,clip_sim
2459,travel_0051.png,4,3,4,clip_sim
2460,travel_0051.png,3,4,4,clip_sim
2461,travel_0053.png,1,4,4,clip_sim
2462,travel_0053.png,3,4,4,clip_sim
2463,travel_0053.png,1,4,4,clip_sim
2464,travel_0053.png,1,2,4,clip_sim
2465,travel_0053.png,2,2,4,clip_sim
2466,travel_0053.png,1,2,4,clip_sim
2467,travel_0053.png,1,4,4,clip_sim
2468,travel_0056.png,1,3,4,clip_sim
2469,travel_0056.png,3,3,4,clip_sim
2470,travel_0056.png,2,4,4,clip_sim
2471,travel_0056.png,0,3,4,clip_sim
2472,travel_0056.png,0,2,4,clip_sim
2486,travel_0061.png,0,2,4,clip_sim
2487,travel_0061.png,0,2,4,clip_sim
2488,travel_0061.png,1,2,4,clip_sim
2489,travel_0061.png,0,2,4,clip_sim
2490,travel_0061.png,0,2,4,clip_sim
2491,travel_0061.png,1,3,4,clip_sim
2492,travel_0061.png,0,2,4,clip_sim
2493,travel_0061.png,1,2,4,clip_sim
2494,travel_0061.png,0,2,4,clip_sim
2495,travel_0061.png,3,3,4,clip_sim
2496,travel_0061.png,1,2,4,clip_sim
2497,travel_0061.png,0,4,4,clip_sim
2498,travel_0061.png,0,4,4,clip_sim
2499,travel_0061.png,0,4,4,clip_sim
2500,travel_0061.png,0,4,4,clip_sim
2501,travel_0061.png,0,4,4,clip_sim
2502,travel_0061.png,0,3,4,clip_sim
2503,travel_0061.png,0,4,4,clip_sim
2504,travel_0061.png,0,4,4,clip_sim
2505,travel_0061.png,0,3,4,clip_sim
2506,travel_0061.png,1,4,4,clip_sim
2507,travel_0061.png,0,4,4,clip_sim
2508,travel_0061.png,2,4,4,clip_sim
2509,travel_0061.png,2,3,4,clip_sim
2510,travel_0061.png,1,4,4,clip_sim
2511,travel_0061.png,1,4,4,clip_sim
2563,travel_0076.png,3,4,4,clip_sim
2564,travel_0076.png,2,4,4,clip_sim
2565,travel_0076.png,4,4,4,clip_sim
2566,travel_0076.png,3,3,4,clip_sim
2567,travel_0076.png,4,4,4,clip_sim
2568,travel_0076.png,2,4,4,clip_sim
2569,travel_0076.png,4,4,4,clip_sim
2570,travel_0076.png,1,4,4,clip_sim
2571,travel_0076.png,4,4,4,clip_sim
2572,travel_0076.png,2,4,4,clip_sim
2573,travel_0076.png,2,4,4,clip_sim
2574,travel_0076.png,1,4,4,clip_sim
2575,travel_0076.png,2,4,4,clip_sim
2576,travel_0076.png,4,4,4,clip_sim
2587,travel_0079.png,4,4,4,clip_sim
2588,travel_0079.png,3,4,4,clip_sim
2589,travel_0079.png,4,3,4,clip_sim
2590,travel_0079.png,0,3,4,clip_sim
2604,travel_0085.png,4,4,4,clip_sim
2605,travel_0085.png,4,3,4,clip_sim
2606,travel_0085.png,2,4,4,clip_sim
2607,travel_0085.png,0,4,4,clip_sim
2608,travel_0085.png,1,4,4,clip_sim
2612,travel_0087.png,3,4,4,clip_sim
2613,travel_0087.png,2,4,4,clip_sim
2614,travel_0087.png,3,4,4,clip_sim
2615,travel_0087.png,1,4,4,clip_sim
2616,travel_0087.png,2,4,4,clip_sim
2617,travel_0090.png,0,3,4,clip_sim
2618,travel_0090.png,4,4,4,clip_sim
2619,travel_0090.png,3,4,4,clip_sim
2620,travel_0090.png,3,4,4,clip_sim
2621,travel_0090.png,2,4,4,clip_sim
2622,travel_0090.png,4,4,4,clip_sim
2623,travel_0090.png,4,4,4,clip_sim
2624,travel_0090.png,0,4,4,clip_sim
2732,foodstagram_0019.png,1,2,4,clip_sim
2834,foodstagram_0035.png,4,3,4,clip_sim
2835,foodstagram_0035.png,4,2,4,clip_sim
2836,foodstagram_0035.png,4,2,4,clip_sim
2837,foodstagram_0035.png,3,3,4,clip_sim
2838,foodstagram_0035.png,3,4,4,clip_sim
2852,foodstagram_0041.png,3,2,4,clip_sim
2853,foodstagram_0041.png,2,2,4,clip_sim
2854,foodstagram_0041.png,4,2,4,clip_sim
2855,foodstagram_0041.png,4,2,4,clip_sim
2856,foodstagram_0041.png,3,3,4,clip_sim
2858,foodstagram_0044.png,4,4,4,clip_sim
2859,foodstagram_0044.png,3,4,4,clip_sim
2860,foodstagram_0044.png,4,4,4,clip_sim
2861,foodstagram_0044.png,4,4,4,clip_sim
2862,foodstagram_0044.png,1,4,4,clip_sim
2888,foodstagram_0056.png,4,2,4,clip_sim
2889,foodstagram_0056.png,4,2,4,clip_sim
2890,foodstagram_0056.png,4,4,4,clip_sim
2891,foodstagram_0056.png,1,2,4,clip_sim
2892,foodstagram_0056.png,4,4,4,clip_sim
2893,foodstagram_0056.png,1,2,4,clip_sim
2931,foodstagram_0061.png,4,3,4,clip_sim
2932,foodstagram_0061.png,4,4,4,clip_sim
2933,foodstagram_0061.png,1,3,4,clip_sim
2934,foodstagram_0061.png,1,4,4,clip_sim
3004,foodstagram_0072.png,4,3,4,clip_sim
3005,foodstagram_0072.png,4,2,4,clip_sim
3006,foodstagram_0072.png,4,3,4,clip_sim
3007,foodstagram_0072.png,3,4,4,clip_sim
3014,foodstagram_0074.png,4,3,4,clip_sim
3015,foodstagram_0074.png,3,2,4,clip_sim
3016,foodstagram_0074.png,4,4,4,clip_sim
3017,foodstagram_0074.png,4,3,4,clip_sim
3018,foodstagram_0074.png,4,4,4,clip_sim
3030,foodstagram_0081.png,3,4,4,clip_sim
3031,foodstagram_0081.png,4,4,4,clip_sim
3051,foodstagram_0089.png,4,4,4,clip_sim
3057,foodstagram_0092.png,4,3,4,clip_sim
3058,foodstagram_0092.png,4,2,4,clip_sim
3059,foodstagram_0092.png,4,2,4,clip_sim
3060,foodstagram_0092.png,4,3,4,clip_sim
3061,foodstagram_0092.png,2,3,4,clip_sim
3170,meokstagram_0010.png,4,2,4,clip_sim
3171,meokstagram_0010.png,3,2,4,clip_sim
3172,meokstagram_0011.png,4,4,4,clip_sim
3173,meokstagram_0011.png,4,4,4,clip_sim
3174,meokstagram_0011.png,3,3,4,clip_sim
3175,meokstagram_0011.png,3,4,4,clip_sim
3176,meokstagram_0011.png,4,3,4,clip_sim
3177,meokstagram_0011.png,4,3,4,clip_sim
3178,meokstagram_0011.png,2,3,4,clip_sim
3200,meokstagram_0017.png,4,3,4,clip_sim
3201,meokstagram_0017.png,4,3,4,clip_sim
3202,meokstagram_0018.png,4,4,4,clip_sim
3203,meokstagram_0018.png,4,3,4,clip_sim
3204,meokstagram_0018.png,4,4,4,clip_sim
3205,meokstagram_0018.png,4,2,4,clip_sim
3206,meokstagram_0018.png,3,4,4,clip_sim
3207,meokstagram_0018.png,4,3,4,clip_sim
3208,meokstagram_0018.png,4,4,4,clip_sim
3209,meokstagram_0018.png,4,4,4,clip_sim
3210,meokstagram_0018.png,4,4,4,clip_sim
3211,meokstagram_0018.png,4,4,4,clip_sim
3212,meokstagram_0018.png,4,2,4,clip_sim
3213,meokstagram_0018.png,4,2,4,clip_sim
3214,meokstagram_0018.png,4,4,4,clip_sim
3215,meokstagram_0018.png,4,4,4,clip_sim
3216,meokstagram_0018.png,1,3,4,clip_sim
3217,meokstagram_0018.png,1,3,4,clip_sim
3218,meokstagram_0018.png,3,3,4,clip_sim
3219,meokstagram_0018.png,3,4,4,clip_sim
3220,meokstagram_0018.png,4,4,4,clip_sim
3221,meokstagram_0018.png,4,3,4,clip_sim
3222,meokstagram_0018.png,4,4,4,clip_sim
3223,meokstagram_0018.png,4,3,4,clip_sim
3224,meokstagram_0018.png,1,4,4,clip_sim
3225,meokstagram_0018.png,4,4,4,clip_sim
3226,meokstagram_0018.png,4,4,4,clip_sim
3227,meokstagram_0018.png,1,4,4,clip_sim
3228,meokstagram_0018.png,1,3,4,clip_sim
3247,meokstagram_0026.png,4,3,4,clip_sim
3286,meokstagram_0035.png,4,3,4,clip_sim
3287,meokstagram_0035.png,3,2,4,clip_sim
3288,meokstagram_0035.png,4,3,4,clip_sim
3289,meokstagram_0035.png,3,2,4,clip_sim
3290,meokstagram_0035.png,4,3,4,clip_sim
3295,meokstagram_0040.png,4,4,4,clip_sim
3296,meokstagram_0040.png,4,4,4,clip_sim
3297,meokstagram_0040.png,3,4,4,clip_sim
3298,meokstagram_0040.png,3,4,4,clip_sim
3299,meokstagram_0040.png,3,4,4,clip_sim
3300,meokstagram_0040.png,4,4,4,clip_sim
3301,meokstagram_0040.png,4,3,4,clip_sim
3314,meokstagram_0043.png,4,2,4,clip_sim
3315,meokstagram_0043.png,4,3,4,clip_sim
3339,meokstagram_0046.png,1,4,4,clip_sim
3340,meokstagram_0046.png,4,4,4,clip_sim
3341,meokstagram_0046.png,3,4,4,clip_sim
3342,meokstagram_0046.png,3,3,4,clip_sim
3343,meokstagram_0046.png,0,4,4,clip_sim
3473,meokstagram_0066.png,4,4,4,clip_sim
3474,meokstagram_0066.png,2,4,4,clip_sim
3475,meokstagram_0066.png,3,4,4,clip_sim
3476,meokstagram_0066.png,3,4,4,clip_sim
3477,meokstagram_0067.png,4,2,4,clip_sim
3478,meokstagram_0067.png,3,2,4,clip_sim
3479,meokstagram_0067.png,4,2,4,clip_sim
3480,meokstagram_0067.png,2,2,4,clip_sim
3481,meokstagram_0067.png,2,2,4,clip_sim
3506,meokstagram_0072.png,1,4,4,clip_sim
3507,meokstagram_0072.png,4,4,4,clip_sim
3508,meokstagram_0072.png,3,4,4,clip_sim
3509,meokstagram_0072.png,3,4,4,clip_sim
3510,meokstagram_0072.png,1,4,4,clip_sim
3511,meokstagram_0072.png,1,4,4,clip_sim
3512,meokstagram_0072.png,2,4,4,clip_sim
3513,meokstagram_0072.png,1,4,4,clip_sim
3514,meokstagram_0072.png,1,4,4,clip_sim
3515,meokstagram_0072.png,4,4,4,clip_sim
3516,meokstagram_0072.png,3,4,4,clip_sim
3517,meokstagram_0072.png,3,4,4,clip_sim
3518,meokstagram_0072.png,1,4,4,clip_sim
3519,meokstagram_0072.png,1,4,4,clip_sim
3520,meokstagram_0072.png,0,4,4,clip_sim
3521,meokstagram_0072.png,1,4,4,clip_sim
3522,meokstagram_0072.png,1,4,4,clip_sim
3523,meokstagram_0072.png,1,4,4,clip_sim
3524,meokstagram_0072.png,3,4,4,clip_sim
3525,meokstagram_0072.png,4,4,4,clip_sim
3526,meokstagram_0072.png,3,4,4,clip_sim
3527,meokstagram_0072.png,3,4,4,clip_sim
3528,meokstagram_0072.png,4,4,4,clip_sim
3548,meokstagram_0074.png,3,3,4,clip_sim
3549,meokstagram_0074.png,1,4,4,clip_sim
3550,meokstagram_0074.png,3,4,4,clip_sim
3551,meokstagram_0074.png,4,4,4,clip_sim
3552,meokstagram_0074.png,4,4,4,clip_sim
3554,meokstagram_0077.png,4,4,4,clip_sim
3555,meokstagram_0077.png,3,4,4,clip_sim
3556,meokstagram_0077.png,2,4,4,clip_sim
3557,meokstagram_0077.png,2,4,4,clip_sim
3558,meokstagram_0077.png,3,4,4,clip_sim
3559,meokstagram_0077.png,3,2,4,clip_sim
3560,meokstagram_0079.png,1,3,4,clip_sim
3561,meokstagram_0079.png,0,3,4,clip_sim
3562,meokstagram_0079.png,0,4,4,clip_sim
3563,meokstagram_0080.png,4,4,4,clip_sim
3564,meokstagram_0080.png,4,4,4,clip_sim
3565,meokstagram_0080.png,3,4,4,clip_sim
3566,meokstagram_0080.png,3,4,4,clip_sim
3567,meokstagram_0080.png,2,4,4,clip_sim
3590,meokstagram_0091.png,1,4,4,clip_sim
3591,meokstagram_0091.png,3,4,4,clip_sim
3592,meokstagram_0091.png,0,4,4,clip_sim
3593,meokstagram_0091.png,1,4,4,clip_sim
3594,meokstagram_0091.png,4,3,4,clip_sim
3595,meokstagram_0091.png,2,4,4,clip_sim
3596,meokstagram_0091.png,3,4,4,clip_sim
3615,meokstagram_0097.png,3,4,4,clip_sim
3616,meokstagram_0097.png,1,4,4,clip_sim
3617,meokstagram_0097.png,4,4,4,clip_sim
3623,meokstagram_0099.png,4,4,4,clip_sim
3624,meokstagram_0099.png,1,4,4,clip_sim
3625,meokstagram_0099.png,2,3,4,clip_sim
3626,meokstagram_0099.png,3,4,4,clip_sim
3627,meokstagram_0099.png,2,4,4,clip_sim
3633,jmt_0002.png,4,2,4,clip_sim
3634,jmt_0002.png,3,2,4,clip_sim
3635,jmt_0002.png,1,3,4,clip_sim
3636,jmt_0002.png,2,2,4,clip_sim
3637,jmt_0002.png,1,3,4,clip_sim
3643,jmt_0004.png,4,2,4,clip_sim
3644,jmt_0004.png,4,2,4,clip_sim
3645,jmt_0004.png,1,2,4,clip_sim
3646,jmt_0004.png,4,4,4,clip_sim
3647,jmt_0004.png,2,2,4,clip_sim
3663,jmt_0012.png,4,4,4,clip_sim
3664,jmt_0012.png,3,4,4,clip_sim
3665,jmt_0012.png,2,3,4,clip_sim
3666,jmt_0012.png,1,4,4,clip_sim
3667,jmt_0012.png,1,4,4,clip_sim
3673,jmt_0014.png,1,2,4,clip_sim
3674,jmt_0014.png,4,3,4,clip_sim
3675,jmt_0014.png,4,2,4,clip_sim
3676,jmt_0014.png,1,2,4,clip_sim
3677,jmt_0014.png,1,2,4,clip_sim
3684,jmt_0017.png,4,2,4,clip_sim
3688,jmt_0020.png,1,4,4,clip_sim
3689,jmt_0020.png,2,4,4,clip_sim
3690,jmt_0020.png,0,4,4,clip_sim
3691,jmt_0020.png,4,4,4,clip_sim
3692,jmt_0020.png,4,4,4,clip_sim
3693,jmt_0020.png,1,4,4,clip_sim
3694,jmt_0020.png,2,4,4,clip_sim
3695,jmt_0020.png,2,4,4,clip_sim
3696,jmt_0022.png,4,2,4,clip_sim
3697,jmt_0022.png,4,2,4,clip_sim
3698,jmt_0022.png,3,3,4,clip_sim
3732,jmt_0035.png,3,2,4,clip_sim
3733,jmt_0035.png,4,2,4,clip_sim
3734,jmt_0036.png,4,3,4,clip_sim
3783,jmt_0054.png,4,3,4,clip_sim
3784,jmt_0054.png,2,4,4,clip_sim
3785,jmt_0054.png,0,2,4,clip_sim
3786,jmt_0054.png,1,2,4,clip_sim
3787,jmt_0054.png,1,3,4,clip_sim
3788,jmt_0054.png,1,2,4,clip_sim
3789,jmt_0054.png,2,2,4,clip_sim
3790,jmt_0054.png,4,4,4,clip_sim
3791,jmt_0054.png,4,3,4,clip_sim
3830,jmt_0071.png,1,2,4,clip_sim
3831,jmt_0071.png,4,2,4,clip_sim
3832,jmt_0071.png,4,2,4,clip_sim
3833,jmt_0071.png,4,4,4,clip_sim
3834,jmt_0071.png,3,2,4,clip_sim
3860,jmt_0073.png,4,4,4,clip_sim
3861,jmt_0074.png,4,4,4,clip_sim
3862,jmt_0074.png,3,4,4,clip_sim
3863,jmt_0074.png,2,4,4,clip_sim
3864,jmt_0074.png,1,4,4,clip_sim
3865,jmt_0074.png,3,4,4,clip_sim
3885,jmt_0080.png,4,3,4,clip_sim
3896,jmt_0085.png,0,2,4,clip_sim
3897,jmt_0085.png,4,4,4,clip_sim
3898,jmt_0085.png,3,4,4,clip_sim
3899,jmt_0085.png,1,4,4,clip_sim
3900,jmt_0085.png,0,4,4,clip_sim
3932,jmt_0095.png,1,3,4,clip_sim
3933,jmt_0095.png,2,3,4,clip_sim
3934,jmt_0095.png,3,3,4,clip_sim
3935,jmt_0095.png,4,3,4,clip_sim
3966,makeup_0004.png,0,3,4,clip_sim
3967,makeup_0004.png,4,2,4,clip_sim
3968,makeup_0004.png,4,4,4,clip_sim
3969,makeup_0005.png,1,3,4,clip_sim
3970,makeup_0005.png,4,4,4,clip_sim
3971,makeup_0005.png,3,4,4,clip_sim
3972,makeup_0005.png,4,4,4,clip_sim
3973,makeup_0005.png,1,3,4,clip_sim
3982,makeup_0009.png,3,4,4,clip_sim
3983,makeup_0009.png,2,4,4,clip_sim
3984,makeup_0009.png,4,4,4,clip_sim
3985,makeup_0009.png,4,4,4,clip_sim
3986,makeup_0009.png,1,4,4,clip_sim
3987,makeup_0011.png,3,4,4,clip_sim
3988,makeup_0011.png,4,4,4,clip_sim
4032,makeup_0030.png,4,4,4,clip_sim
4033,makeup_0030.png,3,4,4,clip_sim
4034,makeup_0030.png,4,4,4,clip_sim
4035,makeup_0030.png,3,4,4,clip_sim
4036,makeup_0030.png,4,4,4,clip_sim
4037,makeup_0030.png,3,4,4,clip_sim
4038,makeup_0030.png,1,4,4,clip_sim
4039,makeup_0030.png,1,4,4,clip_sim
4040,makeup_0030.png,2,4,4,clip_sim
4041,makeup_0030.png,2,4,4,clip_sim
4042,makeup_0030.png,2,4,4,clip_sim
4043,makeup_0030.png,2,3,4,clip_sim
4044,makeup_0030.png,2,4,4,clip_sim
4045,makeup_0030.png,3,4,4,clip_sim
4046,makeup_0030.png,3,4,4,clip_sim
4047,makeup_0030.png,3,4,4,clip_sim
4048,makeup_0030.png,2,4,4,clip_sim
4049,makeup_0030.png,2,4,4,clip_sim
4050,makeup_0030.png,2,4,4,clip_sim
4163,makeup_0053.png,0,3,4,clip_sim
4164,makeup_0053.png,4,4,4,clip_sim
4165,makeup_0053.png,4,4,4,clip_sim
4166,makeup_0053.png,4,4,4,clip_sim
4185,makeup_0059.png,3,4,4,clip_sim
4186,makeup_0059.png,3,4,4,clip_sim
4187,makeup_0059.png,3,4,4,clip_sim
4188,makeup_0059.png,3,4,4,clip_sim
4189,makeup_0059.png,2,4,4,clip_sim
4205,makeup_0065.png,4,4,4,clip_sim
4206,makeup_0065.png,4,4,4,clip_sim
4207,makeup_0065.png,3,4,4,clip_sim
4208,makeup_0065.png,4,4,4,clip_sim
4209,makeup_0065.png,3,4,4,clip_sim
4220,makeup_0068.png,3,4,4,clip_sim
4221,makeup_0068.png,2,4,4,clip_sim
4222,makeup_0068.png,1,4,4,clip_sim
4223,makeup_0068.png,3,4,4,clip_sim
4224,makeup_0068.png,4,4,4,clip_sim
4245,makeup_0074.png,4,4,4,clip_sim
4334,makeup_0094.png,4,4,4,clip_sim
4335,makeup_0094.png,4,4,4,clip_sim
4336,makeup_0094.png,3,4,4,clip_sim
4337,makeup_0094.png,4,4,4,clip_sim
4338,makeup_0094.png,1,4,4,clip_sim
4345,dailymakeup_0002.png,4,3,4,clip_sim
4346,dailymakeup_0002.png,2,3,4,clip_sim
4347,dailymakeup_0002.png,1,4,4,clip_sim
4348,dailymakeup_0002.png,0,3,4,clip_sim
4356,dailymakeup_0006.png,4,4,4,clip_sim
4357,dailymakeup_0006.png,1,4,4,clip_sim
4358,dailymakeup_0006.png,0,3,4,clip_sim
4359,dailymakeup_0006.png,0,4,4,clip_sim
4360,dailymakeup_0006.png,0,4,4,clip_sim
4362,dailymakeup_0008.png,3,3,4,clip_sim
4363,dailymakeup_0008.png,4,3,4,clip_sim
4368,dailymakeup_0011.png,2,4,4,clip_sim
4369,dailymakeup_0011.png,4,4,4,clip_sim
4370,dailymakeup_0011.png,2,4,4,clip_sim
4371,dailymakeup_0011.png,3,3,4,clip_sim
4372,dailymakeup_0011.png,3,4,4,clip_sim
4373,dailymakeup_0012.png,3,4,4,clip_sim
4429,dailymakeup_0023.png,4,4,4,clip_sim
4430,dailymakeup_0023.png,2,4,4,clip_sim
4431,dailymakeup_0023.png,3,4,4,clip_sim
4432,dailymakeup_0023.png,1,4,4,clip_sim
4433,dailymakeup_0023.png,1,4,4,clip_sim
4476,dailymakeup_0031.png,2,4,4,clip_sim
4477,dailymakeup_0031.png,1,4,4,clip_sim
4478,dailymakeup_0031.png,1,4,4,clip_sim
4479,dailymakeup_0031.png,3,4,4,clip_sim
4480,dailymakeup_0031.png,3,4,4,clip_sim
4481,dailymakeup_0031.png,4,4,4,clip_sim
4482,dailymakeup_0031.png,1,4,4,clip_sim
4483,dailymakeup_0031.png,2,4,4,clip_sim
4484,dailymakeup_0031.png,3,4,4,clip_sim
4485,dailymakeup_0031.png,1,4,4,clip_sim
4486,dailymakeup_0031.png,3,4,4,clip_sim
4487,dailymakeup_0031.png,1,4,4,clip_sim
4544,dailymakeup_0039.png,3,3,4,clip_sim
4545,dailymakeup_0039.png,4,4,4,clip_sim
4546,dailymakeup_0039.png,4,4,4,clip_sim
4547,dailymakeup_0039.png,3,4,4,clip_sim
4548,dailymakeup_0039.png,1,4,4,clip_sim
4549,dailymakeup_0039.png,1,4,4,clip_sim
4550,dailymakeup_0039.png,1,4,4,clip_sim
4551,dailymakeup_0039.png,2,4,4,clip_sim
4571,dailymakeup_0043.png,4,4,4,clip_sim
4572,dailymakeup_0043.png,1,4,4,clip_sim
4573,dailymakeup_0043.png,3,4,4,clip_sim
4574,dailymakeup_0043.png,1,4,4,clip_sim
4586,dailymakeup_0049.png,2,3,4,clip_sim
4587,dailymakeup_0049.png,3,3,4,clip_sim
4588,dailymakeup_0049.png,1,3,4,clip_sim
4589,dailymakeup_0049.png,4,3,4,clip_sim
4590,dailymakeup_0049.png,3,3,4,clip_sim
4591,dailymakeup_0049.png,1,3,4,clip_sim
4626,dailymakeup_0054.png,3,4,4,clip_sim
4627,dailymakeup_0054.png,4,4,4,clip_sim
4628,dailymakeup_0054.png,2,4,4,clip_sim
4629,dailymakeup_0054.png,1,4,4,clip_sim
4630,dailymakeup_0054.png,3,4,4,clip_sim
4631,dailymakeup_0054.png,2,4,4,clip_sim
4632,dailymakeup_0054.png,3,3,4,clip_sim
4633,dailymakeup_0054.png,3,4,4,clip_sim
4634,dailymakeup_0054.png,4,3,4,clip_sim
4635,dailymakeup_0054.png,3,4,4,clip_sim
4636,dailymakeup_0054.png,3,2,4,clip_sim
4675,dailymakeup_0068.png,1,4,4,clip_sim
4676,dailymakeup_0068.png,3,4,4,clip_sim
4677,dailymakeup_0068.png,3,3,4,clip_sim
4678,dailymakeup_0068.png,4,4,4,clip_sim
4679,dailymakeup_0068.png,3,4,4,clip_sim
4680,dailymakeup_0068.png,4,4,4,clip_sim
4681,dailymakeup_0068.png,4,3,4,clip_sim
4682,dailymakeup_0068.png,2,3,4,clip_sim
4683,dailymakeup_0068.png,3,4,4,clip_sim
4684,dailymakeup_0068.png,4,4,4,clip_sim
4685,dailymakeup_0068.png,4,4,4,clip_sim
4686,dailymakeup_0068.png,1,4,4,clip_sim
4687,dailymakeup_0068.png,3,4,4,clip_sim
4688,dailymakeup_0068.png,1,4,4,clip_sim
4689,dailymakeup_0068.png,2,4,4,clip_sim
4705,dailymakeup_0072.png,1,4,4,clip_sim
4706,dailymakeup_0072.png,1,4,4,clip_sim
4707,dailymakeup_0072.png,1,4,4,clip_sim
4708,dailymakeup_0072.png,4,4,4,clip_sim
4709,dailymakeup_0072.png,4,3,4,clip_sim
4710,dailymakeup_0072.png,3,4,4,clip_sim
4711,dailymakeup_0072.png,3,4,4,clip_sim
4712,dailymakeup_0072.png,3,4,4,clip_sim
4713,dailymakeup_0072.png,3,4,4,clip_sim
4714,dailymakeup_0072.png,3,4,4,clip_sim
4715,dailymakeup_0072.png,3,4,4,clip_sim
4716,dailymakeup_0072.png,3,4,4,clip_sim
4718,dailymakeup_0074.png,4,4,4,clip_sim
4719,dailymakeup_0074.png,3,4,4,clip_sim
4720,dailymakeup_0074.png,3,4,4,clip_sim
4721,dailymakeup_0074.png,3,4,4,clip_sim
4727,dailymakeup_0076.png,4,4,4,clip_sim
4728,dailymakeup_0076.png,4,4,4,clip_sim
4729,dailymakeup_0076.png,4,4,4,clip_sim
4762,dailymakeup_0088.png,4,4,4,clip_sim
4763,dailymakeup_0088.png,3,4,4,clip_sim
4764,dailymakeup_0088.png,3,3,4,clip_sim
4770,dailymakeup_0090.png,4,4,4,clip_sim
4771,dailymakeup_0090.png,4,4,4,clip_sim
4772,dailymakeup_0090.png,2,4,4,clip_sim
4773,dailymakeup_0090.png,3,4,4,clip_sim
4774,dailymakeup_0090.png,2,4,4,clip_sim
4775,dailymakeup_0090.png,1,4,4,clip_sim
4776,dailymakeup_0090.png,3,4,4,clip_sim
4777,dailymakeup_0090.png,4,4,4,clip_sim
4778,dailymakeup_0090.png,0,4,4,clip_sim
4779,dailymakeup_0090.png,0,4,4,clip_sim
4780,dailymakeup_0090.png,0,4,4,clip_sim
4807,kkuankku_0001.png,0,4,4,clip_sim
4808,kkuankku_0001.png,2,4,4,clip_sim
4809,kkuankku_0001.png,4,4,4,clip_sim
4810,kkuankku_0001.png,3,4,4,clip_sim
4811,kkuankku_0002.png,0,4,4,clip_sim
4812,kkuankku_0002.png,3,4,4,clip_sim
4813,kkuankku_0002.png,1,4,4,clip_sim
4814,kkuankku_0002.png,3,4,4,clip_sim
4815,kkuankku_0002.png,3,4,4,clip_sim
4816,kkuankku_0002.png,4,4,4,clip_sim
4817,kkuankku_0002.png,2,4,4,clip_sim
4818,kkuankku_0002.png,3,4,4,clip_sim
4819,kkuankku_0002.png,3,4,4,clip_sim
4820,kkuankku_0002.png,3,4,4,clip_sim
4847,kkuankku_0006.png,1,3,4,clip_sim
4848,kkuankku_0006.png,0,4,4,clip_sim
4849,kkuankku_0006.png,1,4,4,clip_sim
4850,kkuankku_0006.png,4,4,4,clip_sim
4851,kkuankku_0006.png,4,4,4,clip_sim
4852,kkuankku_0006.png,2,3,4,clip_sim
4853,kkuankku_0006.png,2,4,4,clip_sim
4854,kkuankku_0006.png,4,4,4,clip_sim
4855,kkuankku_0006.png,3,4,4,clip_sim
4887,kkuankku_0013.png,4,4,4,clip_sim
4888,kkuankku_0013.png,4,4,4,clip_sim
4889,kkuankku_0013.png,3,4,4,clip_sim
4890,kkuankku_0013.png,3,4,4,clip_sim
4891,kkuankku_0013.png,3,4,4,clip_sim
4906,kkuankku_0020.png,4,4,4,clip_sim
4907,kkuankku_0020.png,4,4,4,clip_sim
4908,kkuankku_0020.png,3,4,4,clip_sim
4909,kkuankku_0020.png,3,4,4,clip_sim
4954,kkuankku_0039.png,3,4,4,clip_sim
4955,kkuankku_0039.png,4,4,4,clip_sim
4956,kkuankku_0039.png,3,4,4,clip_sim
4957,kkuankku_0039.png,4,4,4,clip_sim
4958,kkuankku_0039.png,3,4,4,clip_sim
4959,kkuankku_0039.png,3,4,4,clip_sim
4960,kkuankku_0039.png,3,4,4,clip_sim
4961,kkuankku_0039.png,3,4,4,clip_sim
4962,kkuankku_0040.png,4,4,4,clip_sim
4963,kkuankku_0040.png,4,4,4,clip_sim
4964,kkuankku_0040.png,2,4,4,clip_sim
4965,kkuankku_0040.png,3,4,4,clip_sim
4966,kkuankku_0040.png,2,4,4,clip_sim
4967,kkuankku_0040.png,3,4,4,clip_sim
4968,kkuankku_0040.png,3,4,4,clip_sim
4969,kkuankku_0040.png,3,4,4,clip_sim
4970,kkuankku_0040.png,1,4,4,clip_sim
4971,kkuankku_0040.png,0,4,4,clip_sim
4972,kkuankku_0040.png,0,3,4,clip_sim
5001,kkuankku_0057.png,3,4,4,clip_sim
5002,kkuankku_0057.png,4,3,4,clip_sim
5003,kkuankku_0057.png,4,4,4,clip_sim
5004,kkuankku_0057.png,3,4,4,clip_sim
5005,kkuankku_0057.png,3,4,4,clip_sim
5006,kkuankku_0057.png,4,4,4,clip_sim
5007,kkuankku_0057.png,4,4,4,clip_sim
5008,kkuankku_0057.png,4,4,4,clip_sim
5009,kkuankku_0057.png,3,4,4,clip_sim
5010,kkuankku_0057.png,4,4,4,clip_sim
5011,kkuankku_0060.png,4,4,4,clip_sim
5012,kkuankku_0060.png,4,4,4,clip_sim
5013,kkuankku_0060.png,3,4,4,clip_sim
5014,kkuankku_0060.png,3,4,4,clip_sim
5015,kkuankku_0060.png,3,4,4,clip_sim
5016,kkuankku_0060.png,2,4,4,clip_sim
5017,kkuankku_0060.png,4,4,4,clip_sim
5018,kkuankku_0060.png,4,4,4,clip_sim
5019,kkuankku_0060.png,4,4,4,clip_sim
5020,kkuankku_0060.png,1,4,4,clip_sim
5021,kkuankku_0060.png,1,4,4,clip_sim
5022,kkuankku_0060.png,0,4,4,clip_sim
5023,kkuankku_0060.png,0,4,4,clip_sim
5024,kkuankku_0060.png,0,4,4,clip_sim
5025,kkuankku_0060.png,0,4,4,clip_sim
5026,kkuankku_0060.png,0,3,4,clip_sim
5027,kkuankku_0060.png,1,4,4,clip_sim
5110,kkuankku_0094.png,3,4,4,clip_sim
5111,kkuankku_0094.png,3,4,4,clip_sim
5112,kkuankku_0094.png,4,4,4,clip_sim
5113,kkuankku_0094.png,3,4,4,clip_sim
5114,kkuankku_0094.png,2,4,4,clip_sim
5235,dailylook_0010.png,4,3,4,clip_sim
5236,dailylook_0010.png,3,4,4,clip_sim
5237,dailylook_0010.png,3,3,4,clip_sim
5238,dailylook_0010.png,3,4,4,clip_sim
5239,dailylook_0010.png,4,4,4,clip_sim
5240,dailylook_0010.png,3,4,4,clip_sim
5241,dailylook_0010.png,4,3,4,clip_sim
5242,dailylook_0010.png,4,2,4,clip_sim
5243,dailylook_0010.png,0,3,4,clip_sim
5244,dailylook_0010.png,1,3,4,clip_sim
5245,dailylook_0010.png,1,3,4,clip_sim
5246,dailylook_0010.png,1,4,4,clip_sim
5247,dailylook_0010.png,1,2,4,clip_sim
5248,dailylook_0010.png,0,4,4,clip_sim
5249,dailylook_0010.png,1,4,4,clip_sim
5250,dailylook_0010.png,1,4,4,clip_sim
5251,dailylook_0010.png,1,3,4,clip_sim
5252,dailylook_0010.png,1,3,4,clip_sim
5253,dailylook_0010.png,2,3,4,clip_sim
5278,dailylook_0018.png,4,4,4,clip_sim
5279,dailylook_0018.png,4,4,4,clip_sim
5280,dailylook_0018.png,3,4,4,clip_sim
5281,dailylook_0018.png,3,4,4,clip_sim
5282,dailylook_0018.png,3,4,4,clip_sim
5283,dailylook_0018.png,1,4,4,clip_sim
5406,dailylook_0055.png,1,4,4,clip_sim
5407,dailylook_0055.png,2,4,4,clip_sim
5408,dailylook_0055.png,2,3,4,clip_sim
5409,dailylook_0055.png,0,4,4,clip_sim
5410,dailylook_0055.png,0,4,4,clip_sim
5411,dailylook_0055.png,0,4,4,clip_sim
5412,dailylook_0055.png,1,4,4,clip_sim
5413,dailylook_0055.png,1,4,4,clip_sim
5414,dailylook_0055.png,1,4,4,clip_sim
5415,dailylook_0055.png,1,4,4,clip_sim
5416,dailylook_0055.png,3,4,4,clip_sim
5417,dailylook_0055.png,1,2,4,clip_sim
5437,dailylook_0063.png,4,4,4,clip_sim
5438,dailylook_0063.png,1,4,4,clip_sim
5439,dailylook_0063.png,3,4,4,clip_sim
5440,dailylook_0063.png,0,4,4,clip_sim
5441,dailylook_0063.png,3,4,4,clip_sim
5442,dailylook_0063.png,4,4,4,clip_sim
5443,dailylook_0063.png,3,4,4,clip_sim
5444,dailylook_0063.png,2,4,4,clip_sim
5445,dailylook_0063.png,3,2,4,clip_sim
5446,dailylook_0063.png,3,4,4,clip_sim
5447,dailylook_0063.png,3,4,4,clip_sim
5448,dailylook_0063.png,3,3,4,clip_sim
5449,dailylook_0063.png,3,4,4,clip_sim
5450,dailylook_0063.png,3,4,4,clip_sim
5451,dailylook_0066.png,1,2,4,clip_sim
5455,dailylook_0070.png,1,2,4,clip_sim
5456,dailylook_0070.png,1,2,4,clip_sim
5457,dailylook_0070.png,1,2,4,clip_sim
5458,dailylook_0070.png,1,2,4,clip_sim
5479,dailylook_0078.png,4,4,4,clip_sim
5480,dailylook_0078.png,2,4,4,clip_sim
5481,dailylook_0078.png,3,4,4,clip_sim
5482,dailylook_0078.png,3,4,4,clip_sim
5483,dailylook_0078.png,0,4,4,clip_sim
5624,ootd_0016.png,1,4,4,clip_sim
5625,ootd_0016.png,1,4,4,clip_sim
5626,ootd_0016.png,1,4,4,clip_sim
5627,ootd_0016.png,3,4,4,clip_sim
5628,ootd_0016.png,2,4,4,clip_sim
5629,ootd_0016.png,3,4,4,clip_sim
5630,ootd_0016.png,2,4,4,clip_sim
5631,ootd_0016.png,1,4,4,clip_sim
5632,ootd_0016.png,3,4,4,clip_sim
5633,ootd_0016.png,2,4,4,clip_sim
5634,ootd_0016.png,3,4,4,clip_sim
5635,ootd_0016.png,3,4,4,clip_sim
5636,ootd_0016.png,4,4,4,clip_sim
5637,ootd_0016.png,3,4,4,clip_sim
5663,ootd_0034.png,4,4,4,clip_sim
5664,ootd_0034.png,0,4,4,clip_sim
5665,ootd_0034.png,2,4,4,clip_sim
5666,ootd_0034.png,1,2,4,clip_sim
5667,ootd_0034.png,2,4,4,clip_sim
5668,ootd_0034.png,3,4,4,clip_sim
5669,ootd_0034.png,3,4,4,clip_sim
5670,ootd_0034.png,1,4,4,clip_sim
5671,ootd_0034.png,3,4,4,clip_sim
5672,ootd_0034.png,0,4,4,clip_sim
5673,ootd_0034.png,2,4,4,clip_sim
5674,ootd_0034.png,2,4,4,clip_sim
5675,ootd_0034.png,0,4,4,clip_sim
5676,ootd_0034.png,1,4,4,clip_sim
5677,ootd_0034.png,1,4,4,clip_sim
5678,ootd_0034.png,0,4,4,clip_sim
5679,ootd_0034.png,1,4,4,clip_sim
5680,ootd_0034.png,1,4,4,clip_sim
5681,ootd_0034.png,1,4,4,clip_sim
5682,ootd_0034.png,1,4,4,clip_sim
5683,ootd_0034.png,1,4,4,clip_sim
5684,ootd_0034.png,1,4,4,clip_sim
5685,ootd_0034.png,0,4,4,clip_sim
5686,ootd_0035.png,4,4,4,clip_sim
5687,ootd_0035.png,2,4,4,clip_sim
5688,ootd_0035.png,2,4,4,clip_sim
5701,ootd_0040.png,3,4,4,clip_sim
5702,ootd_0040.png,3,4,4,clip_sim
5703,ootd_0040.png,4,4,4,clip_sim
5704,ootd_0040.png,3,4,4,clip_sim
5705,ootd_0040.png,2,4,4,clip_sim
5706,ootd_0040.png,4,4,4,clip_sim
5737,ootd_0044.png,3,3,4,clip_sim
5738,ootd_0044.png,4,3,4,clip_sim
5739,ootd_0044.png,4,3,4,clip_sim
5740,ootd_0044.png,3,3,4,clip_sim
5741,ootd_0044.png,3,4,4,clip_sim
5742,ootd_0044.png,1,3,4,clip_sim
5797,ootd_0061.png,0,3,4,clip_sim
5798,ootd_0061.png,0,4,4,clip_sim
5799,ootd_0061.png,0,2,4,clip_sim
5800,ootd_0061.png,2,3,4,clip_sim
5801,ootd_0061.png,2,4,4,clip_sim
5802,ootd_0071.png,1,4,4,clip_sim
5803,ootd_0071.png,4,4,4,clip_sim
5804,ootd_0071.png,4,3,4,clip_sim
5805,ootd_0071.png,3,4,4,clip_sim
5806,ootd_0074.png,1,4,4,clip_sim
5815,ootd_0079.png,3,4,4,clip_sim
5816,ootd_0079.png,2,4,4,clip_sim
5817,ootd_0079.png,2,4,4,clip_sim
5818,ootd_0079.png,2,2,4,clip_sim
5819,ootd_0079.png,4,4,4,clip_sim
5820,ootd_0080.png,3,4,4,clip_sim
5821,ootd_0080.png,3,4,4,clip_sim
5822,ootd_0080.png,3,4,4,clip_sim
5823,ootd_0080.png,3,4,4,clip_sim
5824,ootd_0080.png,3,4,4,clip_sim
5825,ootd_0080.png,3,3,4,clip_sim
5826,ootd_0080.png,3,3,4,clip_sim
5827,ootd_0080.png,3,3,4,clip_sim
5828,ootd_0080.png,4,4,4,clip_sim
5829,ootd_0080.png,2,4,4,clip_sim
5830,ootd_0080.png,4,3,4,clip_sim
5831,ootd_0080.png,4,4,4,clip_sim
5832,ootd_0080.png,4,4,4,clip_sim
5833,ootd_0080.png,4,4,4,clip_sim
5834,ootd_0080.png,2,3,4,clip_sim
5924,fashionista_0001.png,4,4,4,clip_sim
5925,fashionista_0001.png,2,4,4,clip_sim
5926,fashionista_0001.png,1,4,4,clip_sim
5927,fashionista_0001.png,4,4,4,clip_sim
5928,fashionista_0001.png,3,4,4,clip_sim
5984,fashionista_0032.png,4,4,4,clip_sim
5985,fashionista_0032.png,3,4,4,clip_sim
5986,fashionista_0032.png,3,4,4,clip_sim
5987,fashionista_0032.png,3,3,4,clip_sim
5988,fashionista_0032.png,3,4,4,clip_sim
5993,fashionista_0035.png,4,4,4,clip_sim
5994,fashionista_0035.png,3,4,4,clip_sim
5995,fashionista_0035.png,4,4,4,clip_sim
5996,fashionista_0035.png,3,4,4,clip_sim
5997,fashionista_0035.png,2,4,4,clip_sim
5998,fashionista_0037.png,4,2,4,clip_sim
5999,fashionista_0037.png,3,2,4,clip_sim
6000,fashionista_0037.png,2,2,4,clip_sim
6109,fashionista_0052.png,1,3,4,clip_sim
6110,fashionista_0052.png,1,4,4,clip_sim
6111,fashionista_0052.png,0,3,4,clip_sim
6112,fashionista_0052.png,2,3,4,clip_sim
6113,fashionista_0052.png,3,3,4,clip_sim
6114,fashionista_0052.png,1,4,4,clip_sim
6115,fashionista_0052.png,0,3,4,clip_sim
6116,fashionista_0052.png,0,2,4,clip_sim
6117,fashionista_0052.png,0,2,4,clip_sim
6118,fashionista_0052.png,2,3,4,clip_sim
6119,fashionista_0052.png,0,2,4,clip_sim
6120,fashionista_0052.png,3,3,4,clip_sim
6121,fashionista_0052.png,3,3,4,clip_sim
6122,fashionista_0052.png,2,4,4,clip_sim
6123,fashionista_0052.png,2,3,4,clip_sim
6124,fashionista_0052.png,0,2,4,clip_sim
6125,fashionista_0052.png,3,4,4,clip_sim
6126,fashionista_0052.png,4,4,4,clip_sim
6127,fashionista_0052.png,2,4,4,clip_sim
6128,fashionista_0052.png,2,4,4,clip_sim
6129,fashionista_0052.png,3,4,4,clip_sim
6130,fashionista_0052.png,0,3,4,clip_sim
6131,fashionista_0052.png,0,4,4,clip_sim
6132,fashionista_0052.png,1,4,4,clip_sim
6133,fashionista_0052.png,2,4,4,clip_sim
6134,fashionista_0052.png,2,4,4,clip_sim
6135,fashionista_0052.png,3,4,4,clip_sim
6136,fashionista_0052.png,1,4,4,clip_sim
6137,fashionista_0052.png,0,4,4,clip_sim
6138,fashionista_0052.png,2,4,4,clip_sim
6200,fashionista_0063.png,2,4,4,clip_sim
6201,fashionista_0063.png,2,4,4,clip_sim
6202,fashionista_0063.png,2,4,4,clip_sim
6203,fashionista_0063.png,2,4,4,clip_sim
6204,fashionista_0063.png,1,3,4,clip_sim
6205,fashionista_0063.png,2,3,4,clip_sim
6206,fashionista_0063.png,2,4,4,clip_sim
6207,fashionista_0063.png,4,4,4,clip_sim
6208,fashionista_0063.png,3,4,4,clip_sim
6209,fashionista_0063.png,4,4,4,clip_sim
6210,fashionista_0063.png,4,3,4,clip_sim
6211,fashionista_0063.png,2,4,4,clip_sim
6212,fashionista_0063.png,2,3,4,clip_sim
6213,fashionista_0063.png,2,4,4,clip_sim
6214,fashionista_0063.png,2,4,4,clip_sim
6215,fashionista_0063.png,1,4,4,clip_sim
6216,fashionista_0063.png,2,4,4,clip_sim
6217,fashionista_0063.png,0,4,4,clip_sim
6218,fashionista_0063.png,2,4,4,clip_sim
6219,fashionista_0063.png,1,4,4,clip_sim
6220,fashionista_0063.png,1,4,4,clip_sim
6221,fashionista_0063.png,1,4,4,clip_sim
6222,fashionista_0063.png,3,4,4,clip_sim
6223,fashionista_0063.png,2,4,4,clip_sim
6224,fashionista_0065.png,0,4,4,clip_sim
6225,fashionista_0065.png,0,4,4,clip_sim
6226,fashionista_0065.png,3,3,4,clip_sim
6227,fashionista_0065.png,3,4,4,clip_sim
6228,fashionista_0065.png,2,4,4,clip_sim
6229,fashionista_0065.png,3,4,4,clip_sim
6230,fashionista_0065.png,4,4,4,clip_sim
6231,fashionista_0065.png,4,4,4,clip_sim
6232,fashionista_0065.png,4,4,4,clip_sim
6233,fashionista_0065.png,1,3,4,clip_sim
6234,fashionista_0065.png,3,4,4,clip_sim
6235,fashionista_0065.png,2,4,4,clip_sim
6236,fashionista_0065.png,2,4,4,clip_sim
6237,fashionista_0065.png,1,4,4,clip_sim
6238,fashionista_0065.png,0,2,4,clip_sim
6239,fashionista_0065.png,3,4,4,clip_sim
6240,fashionista_0065.png,2,3,4,clip_sim
6241,fashionista_0065.png,2,4,4,clip_sim
6242,fashionista_0065.png,2,4,4,clip_sim
6243,fashionista_0065.png,2,4,4,clip_sim
6244,fashionista_0065.png,3,4,4,clip_sim
6245,fashionista_0065.png,0,4,4,clip_sim
6246,fashionista_0065.png,2,4,4,clip_sim
6247,fashionista_0065.png,2,4,4,clip_sim
6248,fashionista_0065.png,1,4,4,clip_sim
6249,fashionista_0065.png,0,4,4,clip_sim
6250,fashionista_0065.png,0,3,4,clip_sim
6251,fashionista_0065.png,0,4,4,clip_sim
6252,fashionista_0065.png,0,4,4,clip_sim
6253,fashionista_0066.png,3,4,4,clip_sim
6313,fashionista_0084.png,2,2,4,clip_sim
6314,fashionista_0084.png,2,3,4,clip_sim
6315,fashionista_0084.png,4,3,4,clip_sim
6316,fashionista_0084.png,4,3,4,clip_sim
6317,fashionista_0084.png,3,2,4,clip_sim
6318,fashionista_0084.png,4,4,4,clip_sim
6319,fashionista_0084.png,4,4,4,clip_sim
6320,fashionista_0084.png,3,4,4,clip_sim
6321,fashionista_0084.png,1,4,4,clip_sim
6322,fashionista_0084.png,2,4,4,clip_sim
6323,fashionista_0084.png,3,3,4,clip_sim
6324,fashionista_0084.png,1,3,4,clip_sim
6325,fashionista_0084.png,0,4,4,clip_sim
6326,fashionista_0084.png,1,3,4,clip_sim
6327,fashionista_0084.png,1,3,4,clip_sim
6328,fashionista_0084.png,1,4,4,clip_sim
6329,fashionista_0084.png,1,4,4,clip_sim
6330,fashionista_0084.png,1,3,4,clip_sim
6331,fashionista_0084.png,0,2,4,clip_sim
6332,fashionista_0084.png,0,4,4,clip_sim
6333,fashionista_0084.png,0,4,4,clip_sim
6334,fashionista_0084.png,1,4,4,clip_sim
6335,fashionista_0084.png,1,4,4,clip_sim
6336,fashionista_0085.png,4,3,4,clip_sim
6366,fashionista_0091.png,3,4,4,clip_sim
6367,fashionista_0091.png,3,3,4,clip_sim
6368,fashionista_0091.png,3,4,4,clip_sim
6369,fashionista_0091.png,4,4,4,clip_sim
6370,fashionista_0091.png,3,4,4,clip_sim
6371,fashionista_0091.png,3,4,4,clip_sim
6372,fashionista_0091.png,3,4,4,clip_sim
6373,fashionista_0091.png,3,4,4,clip_sim
6374,fashionista_0091.png,4,4,4,clip_sim
6375,fashionista_0091.png,3,4,4,clip_sim
6376,fashionista_0091.png,2,4,4,clip_sim
6377,fashionista_0091.png,3,4,4,clip_sim
6378,fashionista_0091.png,4,4,4,clip_sim
6379,fashionista_0091.png,3,4,4,clip_sim
6380,fashionista_0091.png,1,3,4,clip_sim
6381,fashionista_0091.png,3,4,4,clip_sim
6382,fashionista_0091.png,3,4,4,clip_sim
6383,fashionista_0091.png,3,3,4,clip_sim
6384,fashionista_0091.png,1,4,4,clip_sim
6385,fashionista_0091.png,0,4,4,clip_sim
6386,fashionista_0091.png,2,3,4,clip_sim
6387,fashionista_0091.png,4,3,4,clip_sim
6388,fashionista_0091.png,3,3,4,clip_sim
6389,fashionista_0091.png,0,2,4,clip_sim
6390,fashionista_0091.png,0,2,4,clip_sim
6391,fashionista_0091.png,0,4,4,clip_sim
6392,fashionista_0091.png,4,4,4,clip_sim
6393,fashionista_0091.png,4,4,4,clip_sim
6394,fashionista_0091.png,4,4,4,clip_sim
6395,fashionista_0091.png,1,4,4,clip_sim
6426,fashionista_0099.png,0,2,4,clip_sim
6427,fashionista_0099.png,3,4,4,clip_sim
6428,fashionista_0099.png,4,4,4,clip_sim
6429,fashionista_0099.png,3,4,4,clip_sim
6430,fashionista_0099.png,3,4,4,clip_sim
6431,fashionista_0099.png,3,4,4,clip_sim
6432,fashionista_0099.png,3,4,4,clip_sim
6433,fashionista_0099.png,1,4,4,clip_sim
6434,fashionista_0099.png,1,3,4,clip_sim
6435,fashionista_0099.png,3,3,4,clip_sim
6436,fashionista_0099.png,3,3,4,clip_sim
6437,fashionista_0099.png,1,2,4,clip_sim
6507,neungsohwa_0009.png,4,4,4,clip_sim
6508,neungsohwa_0009.png,4,4,4,clip_sim
6509,neungsohwa_0009.png,2,4,4,clip_sim
6512,neungsohwa_0013.png,4,4,4,clip_sim
6513,neungsohwa_0013.png,4,4,4,clip_sim
6514,neungsohwa_0013.png,0,2,4,clip_sim
6515,neungsohwa_0013.png,3,4,4,clip_sim
6516,neungsohwa_0013.png,4,4,4,clip_sim
6560,neungsohwa_0022.png,4,3,4,clip_sim
6561,neungsohwa_0022.png,4,3,4,clip_sim
6562,neungsohwa_0022.png,0,2,4,clip_sim
6563,neungsohwa_0024.png,4,2,4,clip_sim
6564,neungsohwa_0024.png,4,2,4,clip_sim
6565,neungsohwa_0024.png,4,2,4,clip_sim
6566,neungsohwa_0024.png,4,3,4,clip_sim
6567,neungsohwa_0024.png,2,2,4,clip_sim
6568,neungsohwa_0024.png,3,3,4,clip_sim
6569,neungsohwa_0024.png,1,2,4,clip_sim
6570,neungsohwa_0024.png,1,3,4,clip_sim
6580,neungsohwa_0028.png,4,3,4,clip_sim
6616,neungsohwa_0043.png,1,4,4,clip_sim
6617,neungsohwa_0043.png,4,4,4,clip_sim
6618,neungsohwa_0043.png,4,4,4,clip_sim
6619,neungsohwa_0043.png,3,4,4,clip_sim
6710,neungsohwa_0069.png,4,3,4,clip_sim
6711,neungsohwa_0069.png,1,3,4,clip_sim
6712,neungsohwa_0069.png,1,3,4,clip_sim
6719,neungsohwa_0075.png,1,3,4,clip_sim
6720,neungsohwa_0075.png,4,3,4,clip_sim
6769,neungsohwa_0090.png,4,3,4,clip_sim
6770,neungsohwa_0090.png,4,3,4,clip_sim
6771,neungsohwa_0090.png,3,4,4,clip_sim
6772,neungsohwa_0090.png,0,4,4,clip_sim
6778,neungsohwa_0093.png,4,2,4,clip_sim
6779,neungsohwa_0093.png,4,4,4,clip_sim
6780,neungsohwa_0093.png,4,4,4,clip_sim
6781,neungsohwa_0093.png,4,4,4,clip_sim
6782,neungsohwa_0093.png,4,4,4,clip_sim
6839,danpung_0005.png,4,4,4,clip_sim
6840,danpung_0005.png,4,3,4,clip_sim
6841,danpung_0006.png,2,3,4,clip_sim
6842,danpung_0006.png,3,3,4,clip_sim
6911,danpung_0021.png,4,4,4,clip_sim
6912,danpung_0021.png,0,4,4,clip_sim
6913,danpung_0021.png,3,4,4,clip_sim
6914,danpung_0021.png,4,4,4,clip_sim
6915,danpung_0021.png,3,4,4,clip_sim
6971,danpung_0033.png,3,2,4,clip_sim
6972,danpung_0033.png,2,3,4,clip_sim
6973,danpung_0033.png,4,2,4,clip_sim
6974,danpung_0033.png,3,2,4,clip_sim
6975,danpung_0033.png,4,3,4,clip_sim
6976,danpung_0033.png,3,3,4,clip_sim
6977,danpung_0033.png,3,2,4,clip_sim
6978,danpung_0033.png,2,3,4,clip_sim
6979,danpung_0033.png,4,3,4,clip_sim
6980,danpung_0033.png,4,3,4,clip_sim
6988,danpung_0036.png,4,2,4,clip_sim
6989,danpung_0036.png,4,2,4,clip_sim
6990,danpung_0036.png,4,2,4,clip_sim
6991,danpung_0036.png,1,2,4,clip_sim
7044,danpung_0043.png,4,4,4,clip_sim
7045,danpung_0043.png,2,4,4,clip_sim
7046,danpung_0043.png,1,4,4,clip_sim
7047,danpung_0043.png,1,4,4,clip_sim
7048,danpung_0043.png,1,4,4,clip_sim
7049,danpung_0043.png,4,4,4,clip_sim
7050,danpung_0043.png,2,4,4,clip_sim
7075,danpung_0054.png,0,2,4,clip_sim
7193,danpung_0072.png,1,2,4,clip_sim
7194,danpung_0072.png,1,2,4,clip_sim
7195,danpung_0072.png,4,2,4,clip_sim
7200,danpung_0076.png,4,3,4,clip_sim
7259,danpung_0088.png,3,2,4,clip_sim
7260,danpung_0088.png,2,2,4,clip_sim
7261,danpung_0088.png,4,2,4,clip_sim
7270,danpung_0093.png,4,4,4,clip_sim
7271,danpung_0093.png,3,4,4,clip_sim
7296,cherryblossom_0005.png,4,3,4,clip_sim
7306,cherryblossom_0012.png,3,4,4,clip_sim
7317,cherryblossom_0018.png,4,3,4,clip_sim
7318,cherryblossom_0018.png,0,2,4,clip_sim
7331,cherryblossom_0025.png,0,2,4,clip_sim
7332,cherryblossom_0025.png,0,3,4,clip_sim
7333,cherryblossom_0025.png,1,4,4,clip_sim
7334,cherryblossom_0025.png,1,2,4,clip_sim
7335,cherryblossom_0025.png,1,3,4,clip_sim
7336,cherryblossom_0025.png,0,3,4,clip_sim
7337,cherryblossom_0025.png,0,2,4,clip_sim
7338,cherryblossom_0025.png,0,3,4,clip_sim
7339,cherryblossom_0025.png,2,4,4,clip_sim
7340,cherryblossom_0025.png,1,4,4,clip_sim
7341,cherryblossom_0025.png,0,3,4,clip_sim
7342,cherryblossom_0025.png,0,3,4,clip_sim
7343,cherryblossom_0025.png,1,2,4,clip_sim
7344,cherryblossom_0025.png,1,2,4,clip_sim
7345,cherryblossom_0025.png,0,2,4,clip_sim
7346,cherryblossom_0025.png,1,3,4,clip_sim
7347,cherryblossom_0025.png,1,3,4,clip_sim
7348,cherryblossom_0025.png,1,4,4,clip_sim
7349,cherryblossom_0025.png,1,3,4,clip_sim
7350,cherryblossom_0025.png,1,2,4,clip_sim
7359,cherryblossom_0028.png,1,2,4,clip_sim
7360,cherryblossom_0028.png,4,3,4,clip_sim
7361,cherryblossom_0028.png,2,3,4,clip_sim
7410,cherryblossom_0040.png,0,3,4,clip_sim
7411,cherryblossom_0040.png,0,4,4,clip_sim
7412,cherryblossom_0040.png,0,2,4,clip_sim
7413,cherryblossom_0040.png,0,2,4,clip_sim
7414,cherryblossom_0040.png,1,4,4,clip_sim
7419,cherryblossom_0043.png,4,4,4,clip_sim
7420,cherryblossom_0043.png,1,4,4,clip_sim
7421,cherryblossom_0043.png,1,4,4,clip_sim
7422,cherryblossom_0043.png,4,4,4,clip_sim
7423,cherryblossom_0043.png,4,4,4,clip_sim
7424,cherryblossom_0044.png,4,3,4,clip_sim
7425,cherryblossom_0044.png,4,3,4,clip_sim
7426,cherryblossom_0044.png,3,3,4,clip_sim
7427,cherryblossom_0044.png,1,2,4,clip_sim
7469,cherryblossom_0055.png,3,4,4,clip_sim
7470,cherryblossom_0055.png,2,4,4,clip_sim
7471,cherryblossom_0055.png,2,4,4,clip_sim
7472,cherryblossom_0055.png,1,4,4,clip_sim
7518,cherryblossom_0069.png,4,4,4,clip_sim
7519,cherryblossom_0069.png,3,4,4,clip_sim
7532,cherryblossom_0079.png,4,4,4,clip_sim
7533,cherryblossom_0079.png,4,3,4,clip_sim
7534,cherryblossom_0079.png,3,3,4,clip_sim
7535,cherryblossom_0079.png,3,3,4,clip_sim
7536,cherryblossom_0079.png,3,3,4,clip_sim
7537,cherryblossom_0079.png,4,3,4,clip_sim
7538,cherryblossom_0079.png,3,2,4,clip_sim
7539,cherryblossom_0079.png,4,3,4,clip_sim
7540,cherryblossom_0079.png,4,4,4,clip_sim
7541,cherryblossom_0079.png,4,4,4,clip_sim
7542,cherryblossom_0079.png,4,4,4,clip_sim
7543,cherryblossom_0079.png,3,4,4,clip_sim
7544,cherryblossom_0079.png,3,3,4,clip_sim
7550,cherryblossom_0082.png,1,4,4,clip_sim
7551,cherryblossom_0082.png,1,4,4,clip_sim
7552,cherryblossom_0082.png,4,4,4,clip_sim
7553,cherryblossom_0082.png,4,4,4,clip_sim
7591,cherryblossom_0095.png,3,4,4,clip_sim
7592,cherryblossom_0095.png,4,4,4,clip_sim
7593,cherryblossom_0095.png,4,4,4,clip_sim
7594,cherryblossom_0096.png,4,4,4,clip_sim
7595,cherryblossom_0096.png,3,4,4,clip_sim
7596,cherryblossom_0096.png,4,4,4,clip_sim
7597,cherryblossom_0096.png,4,4,4,clip_sim
7598,cherryblossom_0096.png,2,4,4,clip_sim
7634,kpop_0002.png,3,4,4,clip_sim
7635,kpop_0002.png,4,4,4,clip_sim
7636,kpop_0002.png,4,4,4,clip_sim
7637,kpop_0002.png,1,2,4,clip_sim
7638,kpop_0002.png,1,4,4,clip_sim
7709,kpop_0012.png,4,4,4,clip_sim
7710,kpop_0012.png,4,2,4,clip_sim
7711,kpop_0012.png,4,4,4,clip_sim
7712,kpop_0012.png,4,4,4,clip_sim
7713,kpop_0012.png,4,4,4,clip_sim
7714,kpop_0012.png,4,4,4,clip_sim
7715,kpop_0012.png,1,4,4,clip_sim
7778,kpop_0025.png,4,3,4,clip_sim
7779,kpop_0025.png,4,4,4,clip_sim
7780,kpop_0025.png,4,2,4,clip_sim
7781,kpop_0025.png,3,4,4,clip_sim
7782,kpop_0025.png,3,2,4,clip_sim
7783,kpop_0025.png,4,2,4,clip_sim
7784,kpop_0025.png,1,3,4,clip_sim
7785,kpop_0025.png,1,2,4,clip_sim
7786,kpop_0025.png,1,4,4,clip_sim
7787,kpop_0025.png,1,3,4,clip_sim
7788,kpop_0025.png,1,4,4,clip_sim
7789,kpop_0025.png,1,2,4,clip_sim
7790,kpop_0025.png,1,2,4,clip_sim
7791,kpop_0025.png,1,2,4,clip_sim
7792,kpop_0025.png,2,3,4,clip_sim
7793,kpop_0025.png,2,2,4,clip_sim
7794,kpop_0025.png,2,2,4,clip_sim
7795,kpop_0025.png,1,4,4,clip_sim
7796,kpop_0025.png,1,4,4,clip_sim
7797,kpop_0025.png,3,4,4,clip_sim
7798,kpop_0025.png,3,4,4,clip_sim
7799,kpop_0025.png,2,3,4,clip_sim
7833,kpop_0032.png,4,4,4,clip_sim
7834,kpop_0032.png,4,4,4,clip_sim
7835,kpop_0032.png,4,3,4,clip_sim
7836,kpop_0032.png,4,4,4,clip_sim
7837,kpop_0032.png,4,4,4,clip_sim
7838,kpop_0032.png,4,2,4,clip_sim
7839,kpop_0032.png,3,2,4,clip_sim
7840,kpop_0032.png,3,4,4,clip_sim
7841,kpop_0032.png,2,4,4,clip_sim
7842,kpop_0032.png,2,3,4,clip_sim
7843,kpop_0032.png,3,4,4,clip_sim
7844,kpop_0032.png,3,4,4,clip_sim
7845,kpop_0032.png,2,4,4,clip_sim
7846,kpop_0033.png,4,3,4,clip_sim
7847,kpop_0033.png,3,2,4,clip_sim
7848,kpop_0033.png,2,4,4,clip_sim
7889,kpop_0039.png,4,3,4,clip_sim
7890,kpop_0039.png,4,4,4,clip_sim
7891,kpop_0039.png,4,4,4,clip_sim
7892,kpop_0039.png,4,4,4,clip_sim
7893,kpop_0039.png,3,4,4,clip_sim
7894,kpop_0039.png,2,2,4,clip_sim
7895,kpop_0039.png,4,3,4,clip_sim
7950,kpop_0045.png,4,4,4,clip_sim
7951,kpop_0045.png,4,2,4,clip_sim
7952,kpop_0045.png,4,4,4,clip_sim
7953,kpop_0045.png,4,4,4,clip_sim
7954,kpop_0045.png,4,4,4,clip_sim
7955,kpop_0045.png,1,2,4,clip_sim
7956,kpop_0045.png,1,2,4,clip_sim
7957,kpop_0045.png,2,4,4,clip_sim
7958,kpop_0045.png,1,4,4,clip_sim
7959,kpop_0045.png,1,3,4,clip_sim
7960,kpop_0045.png,2,4,4,clip_sim
7961,kpop_0045.png,2,4,4,clip_sim
7962,kpop_0045.png,4,4,4,clip_sim
7963,kpop_0045.png,4,4,4,clip_sim
7964,kpop_0045.png,4,4,4,clip_sim
7965,kpop_0045.png,3,4,4,clip_sim
7993,kpop_0048.png,4,3,4,clip_sim
7994,kpop_0048.png,4,3,4,clip_sim
7995,kpop_0048.png,3,4,4,clip_sim
7996,kpop_0048.png,3,4,4,clip_sim
7997,kpop_0048.png,3,3,4,clip_sim
7998,kpop_0049.png,4,4,4,clip_sim
7999,kpop_0049.png,4,3,4,clip_sim
8000,kpop_0049.png,4,4,4,clip_sim
8001,kpop_0049.png,4,4,4,clip_sim
8002,kpop_0049.png,3,4,4,clip_sim
8003,kpop_0049.png,4,4,4,clip_sim
8004,kpop_0049.png,4,4,4,clip_sim
8005,kpop_0049.png,4,4,4,clip_sim
8006,kpop_0049.png,4,3,4,clip_sim
8007,kpop_0049.png,4,3,4,clip_sim
8008,kpop_0049.png,4,4,4,clip_sim
8009,kpop_0049.png,2,2,4,clip_sim
8010,kpop_0049.png,2,4,4,clip_sim
8021,kpop_0053.png,0,3,4,clip_sim
8022,kpop_0053.png,0,4,4,clip_sim
8023,kpop_0053.png,0,4,4,clip_sim
8024,kpop_0053.png,1,4,4,clip_sim
8025,kpop_0053.png,3,4,4,clip_sim
8026,kpop_0054.png,1,4,4,clip_sim
8027,kpop_0054.png,1,4,4,clip_sim
8028,kpop_0054.png,1,4,4,clip_sim
8029,kpop_0054.png,2,4,4,clip_sim
8030,kpop_0054.png,0,3,4,clip_sim
8048,kpop_0056.png,4,4,4,clip_sim
8049,kpop_0056.png,2,4,4,clip_sim
8050,kpop_0056.png,3,3,4,clip_sim
8051,kpop_0056.png,4,4,4,clip_sim
8052,kpop_0056.png,3,4,4,clip_sim
8053,kpop_0056.png,4,2,4,clip_sim
8054,kpop_0056.png,4,4,4,clip_sim
8055,kpop_0056.png,4,4,4,clip_sim
8056,kpop_0056.png,4,4,4,clip_sim
8057,kpop_0056.png,3,4,4,clip_sim
8058,kpop_0056.png,3,4,4,clip_sim
8059,kpop_0056.png,4,4,4,clip_sim
8060,kpop_0056.png,4,3,4,clip_sim
8061,kpop_0056.png,3,3,4,clip_sim
8062,kpop_0056.png,3,3,4,clip_sim
8063,kpop_0056.png,2,2,4,clip_sim
8064,kpop_0056.png,2,4,4,clip_sim
8065,kpop_0057.png,0,2,4,clip_sim
8066,kpop_0057.png,0,2,4,clip_sim
8067,kpop_0057.png,0,2,4,clip_sim
8068,kpop_0057.png,3,3,4,clip_sim
8069,kpop_0057.png,0,3,4,clip_sim
8079,kpop_0060.png,4,4,4,clip_sim
8080,kpop_0060.png,4,2,4,clip_sim
8081,kpop_0060.png,4,3,4,clip_sim
8082,kpop_0060.png,3,4,4,clip_sim
8151,kpop_0071.png,0,4,4,clip_sim
8152,kpop_0071.png,0,3,4,clip_sim
8153,kpop_0071.png,0,3,4,clip_sim
8154,kpop_0071.png,0,4,4,clip_sim
8155,kpop_0071.png,1,4,4,clip_sim
8199,kpop_0077.png,1,4,4,clip_sim
8200,kpop_0077.png,3,4,4,clip_sim
8201,kpop_0077.png,3,3,4,clip_sim
8202,kpop_0077.png,3,4,4,clip_sim
8203,kpop_0077.png,4,2,4,clip_sim
8204,kpop_0077.png,4,4,4,clip_sim
8205,kpop_0077.png,4,3,4,clip_sim
8206,kpop_0077.png,3,3,4,clip_sim
8207,kpop_0077.png,4,4,4,clip_sim
8208,kpop_0077.png,4,2,4,clip_sim
8209,kpop_0077.png,3,4,4,clip_sim
8210,kpop_0077.png,2,3,4,clip_sim
8211,kpop_0077.png,1,4,4,clip_sim
8212,kpop_0077.png,3,3,4,clip_sim
8213,kpop_0077.png,4,2,4,clip_sim
8218,kpop_0079.png,4,3,4,clip_sim
8219,kpop_0079.png,4,2,4,clip_sim
8220,kpop_0079.png,3,3,4,clip_sim
8221,kpop_0079.png,4,4,4,clip_sim
8222,kpop_0079.png,4,4,4,clip_sim
8236,kpop_0082.png,4,4,4,clip_sim
8237,kpop_0082.png,4,4,4,clip_sim
8238,kpop_0082.png,3,4,4,clip_sim
8239,kpop_0082.png,4,4,4,clip_sim
8240,kpop_0082.png,3,4,4,clip_sim
8241,kpop_0082.png,3,4,4,clip_sim
8242,kpop_0082.png,3,4,4,clip_sim
8243,kpop_0082.png,3,3,4,clip_sim
8244,kpop_0082.png,4,4,4,clip_sim
8245,kpop_0082.png,2,4,4,clip_sim
8246,kpop_0082.png,1,3,4,clip_sim
8263,kpop_0087.png,4,4,4,clip_sim
8264,kpop_0087.png,4,3,4,clip_sim
8265,kpop_0087.png,3,4,4,clip_sim
8266,kpop_0087.png,3,3,4,clip_sim
8267,kpop_0087.png,3,4,4,clip_sim
8268,kpop_0087.png,1,2,4,clip_sim
8269,kpop_0087.png,2,3,4,clip_sim
8270,kpop_0087.png,1,4,4,clip_sim
8385,spotify_0002.png,1,4,4,clip_sim
8386,spotify_0002.png,0,2,4,clip_sim
8387,spotify_0002.png,0,4,4,clip_sim
8388,spotify_0002.png,0,2,4,clip_sim
8400,spotify_0008.png,3,4,4,clip_sim
8401,spotify_0008.png,4,4,4,clip_sim
8402,spotify_0008.png,4,4,4,clip_sim
8403,spotify_0008.png,3,4,4,clip_sim
8404,spotify_0008.png,2,4,4,clip_sim
8421,spotify_0015.png,3,3,4,clip_sim
8422,spotify_0015.png,3,2,4,clip_sim
8423,spotify_0015.png,4,3,4,clip_sim
8424,spotify_0015.png,4,2,4,clip_sim
8450,spotify_0024.png,4,4,4,clip_sim
8451,spotify_0024.png,4,2,4,clip_sim
8452,spotify_0024.png,3,3,4,clip_sim
8453,spotify_0024.png,2,4,4,clip_sim
8483,spotify_0040.png,4,4,4,clip_sim
8484,spotify_0040.png,4,4,4,clip_sim
8485,spotify_0040.png,2,2,4,clip_sim
8486,spotify_0040.png,2,4,4,clip_sim
8558,spotify_0059.png,3,4,4,clip_sim
8559,spotify_0059.png,3,2,4,clip_sim
8560,spotify_0059.png,2,4,4,clip_sim
8561,spotify_0059.png,2,2,4,clip_sim
8562,spotify_0059.png,2,3,4,clip_sim
8588,spotify_0066.png,3,4,4,clip_sim
8589,spotify_0066.png,2,4,4,clip_sim
8590,spotify_0066.png,2,2,4,clip_sim
8591,spotify_0066.png,4,4,4,clip_sim
8592,spotify_0066.png,4,2,4,clip_sim
8599,spotify_0072.png,4,4,4,clip_sim
8600,spotify_0072.png,3,4,4,clip_sim
8601,spotify_0072.png,1,4,4,clip_sim
8602,spotify_0072.png,3,4,4,clip_sim
8603,spotify_0072.png,4,4,4,clip_sim
8633,spotify_0089.png,1,3,4,clip_sim
8634,spotify_0089.png,3,4,4,clip_sim
8635,spotify_0089.png,2,4,4,clip_sim
8636,spotify_0089.png,2,4,4,clip_sim
8637,spotify_0089.png,2,3,4,clip_sim
8638,spotify_0093.png,4,4,4,clip_sim
8639,spotify_0093.png,4,4,4,clip_sim
8640,spotify_0093.png,4,4,4,clip_sim
8641,spotify_0093.png,1,2,4,clip_sim
8642,spotify_0093.png,1,4,4,clip_sim
8643,spotify_0093.png,1,2,4,clip_sim
8644,spotify_0093.png,0,4,4,clip_sim
8645,spotify_0093.png,0,2,4,clip_sim
8646,spotify_0093.png,3,2,4,clip_sim
8647,spotify_0093.png,0,2,4,clip_sim
8648,spotify_0093.png,3,2,4,clip_sim
8649,spotify_0093.png,3,4,4,clip_sim
8655,spotify_0095.png,2,3,4,clip_sim
8656,spotify_0095.png,3,4,4,clip_sim
8657,spotify_0095.png,3,4,4,clip_sim
8658,spotify_0095.png,2,4,4,clip_sim
8659,spotify_0095.png,4,3,4,clip_sim
8680,netflix_0002.png,4,4,4,clip_sim
8681,netflix_0002.png,1,4,4,clip_sim
8682,netflix_0002.png,1,4,4,clip_sim
8683,netflix_0002.png,0,4,4,clip_sim
8684,netflix_0002.png,1,4,4,clip_sim
8690,netflix_0004.png,4,4,4,clip_sim
8691,netflix_0004.png,4,4,4,clip_sim
8692,netflix_0004.png,4,4,4,clip_sim
8693,netflix_0004.png,3,4,4,clip_sim
8694,netflix_0004.png,3,4,4,clip_sim
8695,netflix_0004.png,1,3,4,clip_sim
8696,netflix_0004.png,2,3,4,clip_sim
8697,netflix_0004.png,1,4,4,clip_sim
8698,netflix_0004.png,1,4,4,clip_sim
8699,netflix_0004.png,1,4,4,clip_sim
8704,netflix_0006.png,3,4,4,clip_sim
8705,netflix_0006.png,0,3,4,clip_sim
8706,netflix_0006.png,0,4,4,clip_sim
8707,netflix_0006.png,1,4,4,clip_sim
8708,netflix_0006.png,1,2,4,clip_sim
8727,netflix_0013.png,4,4,4,clip_sim
8772,netflix_0021.png,1,4,4,clip_sim
8773,netflix_0021.png,1,4,4,clip_sim
8774,netflix_0021.png,1,4,4,clip_sim
8800,netflix_0031.png,4,4,4,clip_sim
8801,netflix_0031.png,3,4,4,clip_sim
8802,netflix_0031.png,3,4,4,clip_sim
8803,netflix_0031.png,4,4,4,clip_sim
8804,netflix_0031.png,3,4,4,clip_sim
8805,netflix_0031.png,3,4,4,clip_sim
8806,netflix_0031.png,2,4,4,clip_sim
8809,netflix_0034.png,2,4,4,clip_sim
8810,netflix_0034.png,4,4,4,clip_sim
8811,netflix_0034.png,1,4,4,clip_sim
8812,netflix_0034.png,3,4,4,clip_sim
8813,netflix_0034.png,3,4,4,clip_sim
8826,netflix_0038.png,4,4,4,clip_sim
8827,netflix_0038.png,1,4,4,clip_sim
8828,netflix_0038.png,1,4,4,clip_sim
8829,netflix_0038.png,4,4,4,clip_sim
8830,netflix_0038.png,0,4,4,clip_sim
8848,netflix_0042.png,4,4,4,clip_sim
8849,netflix_0042.png,2,4,4,clip_sim
8850,netflix_0042.png,1,4,4,clip_sim
8867,netflix_0048.png,4,4,4,clip_sim
8868,netflix_0048.png,3,4,4,clip_sim
8869,netflix_0048.png,3,4,4,clip_sim
8870,netflix_0048.png,2,4,4,clip_sim
8871,netflix_0048.png,2,4,4,clip_sim
8957,netflix_0068.png,4,4,4,clip_sim
8958,netflix_0068.png,2,4,4,clip_sim
8959,netflix_0068.png,4,4,4,clip_sim
8960,netflix_0068.png,4,4,4,clip_sim
8966,netflix_0070.png,4,4,4,clip_sim
8967,netflix_0070.png,4,4,4,clip_sim
8968,netflix_0070.png,4,4,4,clip_sim
9022,netflix_0092.png,1,4,4,clip_sim
9023,netflix_0092.png,4,4,4,clip_sim
9024,netflix_0092.png,1,4,4,clip_sim
9025,netflix_0093.png,1,3,4,clip_sim
9026,netflix_0093.png,3,4,4,clip_sim
9027,netflix_0093.png,1,3,4,clip_sim
9028,netflix_0093.png,4,4,4,clip_sim
9029,netflix_0093.png,2,3,4,clip_sim
9030,netflix_0095.png,4,3,4,clip_sim
9031,netflix_0095.png,3,4,4,clip_sim
9032,netflix_0095.png,4,2,4,clip_sim
9033,netflix_0095.png,4,4,4,clip_sim
9034,netflix_0095.png,4,4,4,clip_sim
9035,netflix_0095.png,1,3,4,clip_sim
9036,netflix_0096.png,2,4,4,clip_sim
9037,netflix_0096.png,0,2,4,clip_sim
9038,netflix_0096.png,1,4,4,clip_sim
9147,apple_0026.png,4,4,4,clip_sim
9148,apple_0026.png,4,4,4,clip_sim
9149,apple_0026.png,3,4,4,clip_sim
9150,apple_0026.png,4,4,4,clip_sim
9151,apple_0026.png,4,4,4,clip_sim
9152,apple_0026.png,4,4,4,clip_sim
9153,apple_0026.png,1,3,4,clip_sim
9184,apple_0040.png,4,4,4,clip_sim
9185,apple_0040.png,4,4,4,clip_sim
9186,apple_0040.png,4,4,4,clip_sim
9187,apple_0040.png,4,4,4,clip_sim
9188,apple_0041.png,4,4,4,clip_sim
9189,apple_0041.png,4,4,4,clip_sim
9190,apple_0041.png,4,4,4,clip_sim
9191,apple_0041.png,3,3,4,clip_sim
9192,apple_0041.png,4,4,4,clip_sim
9193,apple_0042.png,4,4,4,clip_sim
9194,apple_0042.png,3,4,4,clip_sim
9195,apple_0042.png,2,4,4,clip_sim
9196,apple_0042.png,0,4,4,clip_sim
9197,apple_0042.png,2,4,4,clip_sim
9208,apple_0047.png,4,4,4,clip_sim
9209,apple_0047.png,4,4,4,clip_sim
9210,apple_0047.png,3,4,4,clip_sim
9211,apple_0047.png,2,4,4,clip_sim
9212,apple_0047.png,3,4,4,clip_sim
9213,apple_0047.png,4,4,4,clip_sim
9223,apple_0050.png,4,4,4,clip_sim
9224,apple_0050.png,4,4,4,clip_sim
9225,apple_0050.png,4,4,4,clip_sim
9226,apple_0050.png,2,2,4,clip_sim
9227,apple_0050.png,4,4,4,clip_sim
9232,apple_0052.png,4,3,4,clip_sim
9233,apple_0052.png,4,2,4,clip_sim
9234,apple_0052.png,4,3,4,clip_sim
9235,apple_0052.png,4,2,4,clip_sim
9236,apple_0052.png,4,3,4,clip_sim
9237,apple_0055.png,4,4,4,clip_sim
9238,apple_0055.png,3,4,4,clip_sim
9239,apple_0055.png,4,4,4,clip_sim
9240,apple_0055.png,4,4,4,clip_sim
9241,apple_0055.png,3,4,4,clip_sim
9344,apple_0097.png,4,4,4,clip_sim
9345,apple_0097.png,4,4,4,clip_sim
9346,apple_0098.png,4,4,4,clip_sim
9347,apple_0098.png,4,4,4,clip_sim
9348,apple_0098.png,1,4,4,clip_sim
9349,apple_0098.png,2,4,4,clip_sim
9350,apple_0098.png,3,4,4,clip_sim
9379,galaxy_0007.png,4,4,4,clip_sim
9380,galaxy_0007.png,1,4,4,clip_sim
9381,galaxy_0007.png,0,4,4,clip_sim
9382,galaxy_0007.png,1,4,4,clip_sim
9383,galaxy_0007.png,1,4,4,clip_sim
9384,galaxy_0007.png,4,4,4,clip_sim
9424,galaxy_0018.png,1,4,4,clip_sim
9425,galaxy_0018.png,1,4,4,clip_sim
9426,galaxy_0018.png,1,4,4,clip_sim
9447,galaxy_0023.png,4,4,4,clip_sim
9448,galaxy_0023.png,1,4,4,clip_sim
9449,galaxy_0023.png,1,4,4,clip_sim
9450,galaxy_0023.png,2,4,4,clip_sim
9451,galaxy_0023.png,2,4,4,clip_sim
9452,galaxy_0025.png,1,4,4,clip_sim
9453,galaxy_0025.png,1,4,4,clip_sim
9454,galaxy_0025.png,4,4,4,clip_sim
9455,galaxy_0025.png,4,4,4,clip_sim
9456,galaxy_0025.png,2,4,4,clip_sim
9487,galaxy_0028.png,0,3,4,clip_sim
9488,galaxy_0028.png,2,2,4,clip_sim
9489,galaxy_0028.png,4,3,4,clip_sim
9490,galaxy_0028.png,3,3,4,clip_sim
9491,galaxy_0028.png,1,2,4,clip_sim
9532,galaxy_0035.png,4,4,4,clip_sim
9533,galaxy_0035.png,3,4,4,clip_sim
9540,galaxy_0039.png,4,4,4,clip_sim
9541,galaxy_0039.png,4,4,4,clip_sim
9542,galaxy_0039.png,4,4,4,clip_sim
9543,galaxy_0039.png,3,2,4,clip_sim
9544,galaxy_0039.png,4,4,4,clip_sim
9596,galaxy_0061.png,2,3,4,clip_sim
9597,galaxy_0061.png,3,4,4,clip_sim
9598,galaxy_0061.png,4,3,4,clip_sim
9599,galaxy_0061.png,1,4,4,clip_sim
9600,galaxy_0061.png,3,4,4,clip_sim
9601,galaxy_0063.png,4,4,4,clip_sim
9602,galaxy_0063.png,4,4,4,clip_sim
9603,galaxy_0063.png,4,4,4,clip_sim
9604,galaxy_0063.png,4,4,4,clip_sim
9605,galaxy_0063.png,3,4,4,clip_sim
9606,galaxy_0063.png,1,4,4,clip_sim
9607,galaxy_0063.png,1,4,4,clip_sim
9608,galaxy_0063.png,0,4,4,clip_sim
9609,galaxy_0063.png,4,4,4,clip_sim
9610,galaxy_0063.png,3,4,4,clip_sim
9611,galaxy_0063.png,3,4,4,clip_sim
9637,galaxy_0070.png,4,4,4,clip_sim
9638,galaxy_0070.png,4,4,4,clip_sim
9639,galaxy_0070.png,3,4,4,clip_sim
9640,galaxy_0070.png,3,4,4,clip_sim
9644,galaxy_0073.png,4,4,4,clip_sim
9645,galaxy_0073.png,4,4,4,clip_sim
9646,galaxy_0073.png,4,4,4,clip_sim
9647,galaxy_0073.png,4,4,4,clip_sim
9648,galaxy_0073.png,4,4,4,clip_sim
9649,galaxy_0073.png,4,4,4,clip_sim
9650,galaxy_0073.png,1,3,4,clip_sim
9651,galaxy_0073.png,1,4,4,clip_sim
9652,galaxy_0073.png,0,4,4,clip_sim
9662,galaxy_0077.png,0,3,4,clip_sim
9663,galaxy_0077.png,3,2,4,clip_sim
9664,galaxy_0077.png,4,2,4,clip_sim
9665,galaxy_0077.png,4,3,4,clip_sim
9666,galaxy_0077.png,1,2,4,clip_sim
9667,galaxy_0078.png,2,4,4,clip_sim
9668,galaxy_0078.png,3,4,4,clip_sim
9669,galaxy_0078.png,1,4,4,clip_sim
9670,galaxy_0078.png,0,4,4,clip_sim
9671,galaxy_0078.png,4,4,4,clip_sim
9672,galaxy_0078.png,2,4,4,clip_sim
9673,galaxy_0078.png,2,3,4,clip_sim
9674,galaxy_0078.png,0,3,4,clip_sim
9683,galaxy_0081.png,4,4,4,clip_sim
9684,galaxy_0081.png,4,4,4,clip_sim
9685,galaxy_0081.png,4,4,4,clip_sim
9686,galaxy_0081.png,4,4,4,clip_sim
9687,galaxy_0081.png,4,4,4,clip_sim
9688,galaxy_0081.png,1,4,4,clip_sim
9689,galaxy_0081.png,1,4,4,clip_sim
9690,galaxy_0081.png,1,4,4,clip_sim
9691,galaxy_0081.png,4,4,4,clip_sim
9692,galaxy_0081.png,2,4,4,clip_sim
9693,galaxy_0081.png,3,4,4,clip_sim
9695,galaxy_0083.png,3,3,4,clip_sim
9696,galaxy_0083.png,1,2,4,clip_sim
9697,galaxy_0083.png,4,2,4,clip_sim
9698,galaxy_0083.png,4,4,4,clip_sim
9779,iphone16_0001.png,4,4,4,clip_sim
9780,iphone16_0001.png,3,3,4,clip_sim
9781,iphone16_0001.png,3,4,4,clip_sim
9782,iphone16_0001.png,1,4,4,clip_sim
9783,iphone16_0001.png,2,4,4,clip_sim
9784,iphone16_0001.png,3,2,4,clip_sim
9785,iphone16_0001.png,0,4,4,clip_sim
9786,iphone16_0001.png,0,4,4,clip_sim
9787,iphone16_0001.png,0,3,4,clip_sim
9788,iphone16_0001.png,0,3,4,clip_sim
9789,iphone16_0001.png,1,2,4,clip_sim
9790,iphone16_0001.png,0,3,4,clip_sim
9791,iphone16_0001.png,0,3,4,clip_sim
9792,iphone16_0001.png,0,4,4,clip_sim
9793,iphone16_0001.png,0,3,4,clip_sim
9794,iphone16_0001.png,0,4,4,clip_sim
9795,iphone16_0001.png,0,4,4,clip_sim
9796,iphone16_0001.png,0,2,4,clip_sim
9797,iphone16_0001.png,0,4,4,clip_sim
9798,iphone16_0001.png,0,4,4,clip_sim
9799,iphone16_0001.png,0,3,4,clip_sim
9800,iphone16_0001.png,1,4,4,clip_sim
9801,iphone16_0001.png,1,3,4,clip_sim
9802,iphone16_0001.png,2,4,4,clip_sim
9803,iphone16_0001.png,2,4,4,clip_sim
9804,iphone16_0001.png,2,4,4,clip_sim
9805,iphone16_0001.png,2,3,4,clip_sim
9806,iphone16_0001.png,1,4,4,clip_sim
9807,iphone16_0002.png,1,3,4,clip_sim
9808,iphone16_0002.png,4,4,4,clip_sim
9809,iphone16_0002.png,3,4,4,clip_sim
9810,iphone16_0002.png,2,2,4,clip_sim
9811,iphone16_0002.png,2,2,4,clip_sim
9849,iphone16_0010.png,4,4,4,clip_sim
9850,iphone16_0010.png,0,4,4,clip_sim
9851,iphone16_0010.png,0,4,4,clip_sim
9868,iphone16_0014.png,0,2,4,clip_sim
9869,iphone16_0014.png,4,4,4,clip_sim
9870,iphone16_0014.png,2,2,4,clip_sim
9871,iphone16_0014.png,4,4,4,clip_sim
9876,iphone16_0016.png,4,4,4,clip_sim
9877,iphone16_0016.png,4,4,4,clip_sim
9878,iphone16_0016.png,1,4,4,clip_sim
9879,iphone16_0016.png,1,4,4,clip_sim
9880,iphone16_0016.png,3,2,4,clip_sim
9881,iphone16_0017.png,4,4,4,clip_sim
9882,iphone16_0017.png,4,4,4,clip_sim
9884,iphone16_0020.png,1,4,4,clip_sim
9885,iphone16_0020.png,0,4,4,clip_sim
9886,iphone16_0020.png,1,2,4,clip_sim
9887,iphone16_0020.png,2,3,4,clip_sim
9888,iphone16_0020.png,2,3,4,clip_sim
9889,iphone16_0022.png,4,4,4,clip_sim
9890,iphone16_0022.png,1,4,4,clip_sim
9891,iphone16_0022.png,1,3,4,clip_sim
9892,iphone16_0022.png,0,2,4,clip_sim
9893,iphone16_0022.png,3,4,4,clip_sim
9911,iphone16_0032.png,3,3,4,clip_sim
9912,iphone16_0032.png,4,4,4,clip_sim
9913,iphone16_0032.png,3,4,4,clip_sim
9914,iphone16_0032.png,4,4,4,clip_sim
9915,iphone16_0032.png,4,4,4,clip_sim
9916,iphone16_0032.png,4,4,4,clip_sim
9917,iphone16_0032.png,4,3,4,clip_sim
9918,iphone16_0032.png,3,3,4,clip_sim
9938,iphone16_0039.png,0,4,4,clip_sim
9973,iphone16_0048.png,4,4,4,clip_sim
9974,iphone16_0048.png,4,4,4,clip_sim
9975,iphone16_0048.png,0,4,4,clip_sim
9976,iphone16_0048.png,1,4,4,clip_sim
9977,iphone16_0048.png,2,4,4,clip_sim
9983,iphone16_0051.png,1,4,4,clip_sim
9984,iphone16_0051.png,4,4,4,clip_sim
9985,iphone16_0051.png,2,4,4,clip_sim
9986,iphone16_0051.png,2,4,4,clip_sim
9987,iphone16_0051.png,0,2,4,clip_sim
9988,iphone16_0052.png,4,4,4,clip_sim
9989,iphone16_0052.png,1,4,4,clip_sim
9990,iphone16_0052.png,1,4,4,clip_sim
9991,iphone16_0052.png,0,3,4,clip_sim
9992,iphone16_0052.png,3,3,4,clip_sim
9998,iphone16_0054.png,1,4,4,clip_sim
9999,iphone16_0054.png,4,3,4,clip_sim
10000,iphone16_0054.png,4,3,4,clip_sim
10001,iphone16_0054.png,2,4,4,clip_sim
10043,iphone16_0063.png,4,4,4,clip_sim
10044,iphone16_0063.png,4,4,4,clip_sim
10045,iphone16_0063.png,3,3,4,clip_sim
10046,iphone16_0063.png,1,4,4,clip_sim
10047,iphone16_0063.png,1,3,4,clip_sim
10053,iphone16_0065.png,4,4,4,clip_sim
10054,iphone16_0065.png,4,4,4,clip_sim
10126,iphone16_0079.png,1,2,4,clip_sim
10127,iphone16_0079.png,1,3,4,clip_sim
10128,iphone16_0079.png,4,2,4,clip_sim
10129,iphone16_0079.png,0,2,4,clip_sim
10130,iphone16_0079.png,0,2,4,clip_sim
10131,iphone16_0079.png,0,3,4,clip_sim
10132,iphone16_0079.png,0,3,4,clip_sim
10133,iphone16_0079.png,3,3,4,clip_sim
10134,iphone16_0079.png,1,3,4,clip_sim
10135,iphone16_0079.png,4,3,4,clip_sim
10136,iphone16_0079.png,4,3,4,clip_sim
10137,iphone16_0079.png,4,4,4,clip_sim
10138,iphone16_0079.png,3,3,4,clip_sim
10139,iphone16_0079.png,4,2,4,clip_sim
10140,iphone16_0079.png,4,4,4,clip_sim
10141,iphone16_0079.png,4,4,4,clip_sim
10142,iphone16_0079.png,4,3,4,clip_sim
10143,iphone16_0079.png,3,2,4,clip_sim
10144,iphone16_0079.png,4,2,4,clip_sim
10145,iphone16_0079.png,0,2,4,clip_sim
10146,iphone16_0079.png,0,2,4,clip_sim
10147,iphone16_0079.png,0,2,4,clip_sim
10148,iphone16_0079.png,2,2,4,clip_sim
10149,iphone16_0079.png,3,3,4,clip_sim
10150,iphone16_0079.png,0,2,4,clip_sim
10151,iphone16_0079.png,3,2,4,clip_sim
10157,iphone16_0081.png,0,4,4,clip_sim
10158,iphone16_0081.png,2,4,4,clip_sim
10159,iphone16_0081.png,3,4,4,clip_sim
10160,iphone16_0081.png,4,4,4,clip_sim
10161,iphone16_0081.png,4,4,4,clip_sim
10182,iphone16_0086.png,3,2,4,clip_sim
10183,iphone16_0086.png,4,4,4,clip_sim
10184,iphone16_0086.png,3,4,4,clip_sim
10185,iphone16_0086.png,2,4,4,clip_sim
10186,iphone16_0086.png,2,2,4,clip_sim
10187,iphone16_0086.png,2,4,4,clip_sim
10188,iphone16_0086.png,1,2,4,clip_sim
10189,iphone16_0088.png,4,3,4,clip_sim
10190,iphone16_0088.png,4,2,4,clip_sim
10191,iphone16_0088.png,4,2,4,clip_sim
10192,iphone16_0088.png,3,2,4,clip_sim
10193,iphone16_0088.png,4,4,4,clip_sim
10199,iphone16_0090.png,1,4,4,clip_sim
10200,iphone16_0090.png,4,4,4,clip_sim
10247,iphone16_0097.png,4,4,4,clip_sim
10248,iphone16_0097.png,4,3,4,clip_sim
10249,iphone16_0097.png,3,3,4,clip_sim
10250,iphone16_0097.png,4,4,4,clip_sim
10251,iphone16_0097.png,2,3,4,clip_sim
10252,iphone16_0098.png,4,4,4,clip_sim
10253,iphone16_0098.png,0,2,4,clip_sim
10254,iphone16_0098.png,3,3,4,clip_sim
10255,iphone16_0098.png,0,3,4,clip_sim
10256,iphone16_0098.png,4,2,4,clip_sim
10273,healthstagram_0006.png,3,4,4,clip_sim
10408,healthstagram_0027.png,0,3,4,clip_sim
10698,healthstagram_0091.png,1,4,4,clip_sim
10699,healthstagram_0091.png,4,4,4,clip_sim
10700,healthstagram_0091.png,0,4,4,clip_sim
10701,healthstagram_0091.png,0,4,4,clip_sim
10702,healthstagram_0091.png,1,4,4,clip_sim
10703,healthstagram_0091.png,2,4,4,clip_sim
10704,healthstagram_0091.png,0,4,4,clip_sim
10705,healthstagram_0091.png,0,4,4,clip_sim
10706,healthstagram_0091.png,0,4,4,clip_sim
10707,healthstagram_0091.png,0,4,4,clip_sim
10708,healthstagram_0091.png,0,4,4,clip_sim
10709,healthstagram_0091.png,0,4,4,clip_sim
10710,healthstagram_0091.png,0,4,4,clip_sim
10711,healthstagram_0091.png,0,4,4,clip_sim
10712,healthstagram_0091.png,2,4,4,clip_sim
10713,healthstagram_0091.png,0,4,4,clip_sim
10714,healthstagram_0091.png,4,4,4,clip_sim
10715,healthstagram_0091.png,4,4,4,clip_sim
10716,healthstagram_0091.png,4,4,4,clip_sim
10717,healthstagram_0091.png,3,4,4,clip_sim
10718,healthstagram_0091.png,3,4,4,clip_sim
10719,healthstagram_0091.png,0,4,4,clip_sim
10720,healthstagram_0091.png,1,4,4,clip_sim
10721,healthstagram_0091.png,0,4,4,clip_sim
10722,healthstagram_0091.png,1,4,4,clip_sim
10723,healthstagram_0091.png,0,4,4,clip_sim
10724,healthstagram_0091.png,0,4,4,clip_sim
10725,healthstagram_0091.png,3,4,4,clip_sim
10726,healthstagram_0091.png,0,4,4,clip_sim
10727,healthstagram_0091.png,0,4,4,clip_sim
10763,healthstagram_0095.png,4,3,4,clip_sim
10764,healthstagram_0095.png,4,4,4,clip_sim
10765,healthstagram_0095.png,4,4,4,clip_sim
10766,healthstagram_0095.png,3,4,4,clip_sim
10767,healthstagram_0095.png,4,3,4,clip_sim
10768,healthstagram_0095.png,4,4,4,clip_sim
10769,healthstagram_0095.png,4,4,4,clip_sim
10770,healthstagram_0095.png,0,4,4,clip_sim
10771,healthstagram_0095.png,0,4,4,clip_sim
10772,healthstagram_0095.png,4,4,4,clip_sim
10773,healthstagram_0095.png,4,3,4,clip_sim
10774,healthstagram_0095.png,1,3,4,clip_sim
10775,healthstagram_0095.png,0,4,4,clip_sim
10776,healthstagram_0095.png,4,4,4,clip_sim
10777,healthstagram_0095.png,4,4,4,clip_sim
10852,ounwan_0014.png,1,4,4,clip_sim
10853,ounwan_0014.png,3,3,4,clip_sim
10854,ounwan_0014.png,0,4,4,clip_sim
10855,ounwan_0014.png,4,4,4,clip_sim
10856,ounwan_0014.png,4,4,4,clip_sim
10857,ounwan_0014.png,4,4,4,clip_sim
10858,ounwan_0014.png,4,4,4,clip_sim
10859,ounwan_0014.png,4,4,4,clip_sim
10860,ounwan_0014.png,2,3,4,clip_sim
10861,ounwan_0014.png,3,4,4,clip_sim
10862,ounwan_0014.png,2,4,4,clip_sim
10863,ounwan_0014.png,1,4,4,clip_sim
10864,ounwan_0014.png,0,4,4,clip_sim
10865,ounwan_0014.png,2,4,4,clip_sim
10866,ounwan_0014.png,2,4,4,clip_sim
10867,ounwan_0014.png,2,4,4,clip_sim
10868,ounwan_0014.png,3,4,4,clip_sim
10869,ounwan_0014.png,3,3,4,clip_sim
10870,ounwan_0014.png,2,4,4,clip_sim
10871,ounwan_0014.png,2,4,4,clip_sim
10872,ounwan_0014.png,2,4,4,clip_sim
10873,ounwan_0014.png,2,4,4,clip_sim
10874,ounwan_0014.png,4,4,4,clip_sim
10875,ounwan_0014.png,0,4,4,clip_sim
10876,ounwan_0014.png,1,4,4,clip_sim
10877,ounwan_0014.png,1,4,4,clip_sim
10878,ounwan_0014.png,3,4,4,clip_sim
10879,ounwan_0014.png,1,4,4,clip_sim
10880,ounwan_0014.png,2,4,4,clip_sim
10881,ounwan_0014.png,2,4,4,clip_sim
10936,ounwan_0021.png,4,3,4,clip_sim
10976,ounwan_0038.png,4,4,4,clip_sim
10977,ounwan_0038.png,3,2,4,clip_sim
10978,ounwan_0038.png,4,4,4,clip_sim
10979,ounwan_0038.png,2,3,4,clip_sim
10980,ounwan_0038.png,0,4,4,clip_sim
10981,ounwan_0038.png,4,4,4,clip_sim
10982,ounwan_0038.png,1,4,4,clip_sim
10983,ounwan_0038.png,3,3,4,clip_sim
10984,ounwan_0038.png,3,3,4,clip_sim
10985,ounwan_0038.png,1,4,4,clip_sim
10986,ounwan_0038.png,2,4,4,clip_sim
10987,ounwan_0038.png,4,4,4,clip_sim
10988,ounwan_0038.png,2,4,4,clip_sim
10989,ounwan_0038.png,2,4,4,clip_sim
10990,ounwan_0038.png,0,4,4,clip_sim
10991,ounwan_0038.png,2,3,4,clip_sim
10992,ounwan_0038.png,0,3,4,clip_sim
10993,ounwan_0038.png,0,4,4,clip_sim
10994,ounwan_0038.png,4,4,4,clip_sim
10995,ounwan_0038.png,4,4,4,clip_sim
10996,ounwan_0038.png,0,4,4,clip_sim
10997,ounwan_0038.png,0,2,4,clip_sim
10998,ounwan_0038.png,4,4,4,clip_sim
10999,ounwan_0038.png,4,4,4,clip_sim
11000,ounwan_0038.png,3,4,4,clip_sim
11001,ounwan_0038.png,0,2,4,clip_sim
11002,ounwan_0038.png,0,3,4,clip_sim
11004,ounwan_0042.png,4,3,4,clip_sim
11029,ounwan_0044.png,3,2,4,clip_sim
11030,ounwan_0044.png,4,4,4,clip_sim
11031,ounwan_0044.png,3,3,4,clip_sim
11032,ounwan_0044.png,2,4,4,clip_sim
11033,ounwan_0044.png,2,3,4,clip_sim
11034,ounwan_0044.png,3,3,4,clip_sim
11035,ounwan_0044.png,3,3,4,clip_sim
11036,ounwan_0044.png,3,3,4,clip_sim
11037,ounwan_0044.png,1,3,4,clip_sim
11038,ounwan_0044.png,2,4,4,clip_sim
11039,ounwan_0044.png,4,3,4,clip_sim
11040,ounwan_0044.png,2,4,4,clip_sim
11041,ounwan_0044.png,0,4,4,clip_sim
11042,ounwan_0044.png,1,3,4,clip_sim
11043,ounwan_0044.png,3,2,4,clip_sim
11044,ounwan_0044.png,1,3,4,clip_sim
11045,ounwan_0047.png,3,2,4,clip_sim
11046,ounwan_0047.png,3,4,4,clip_sim
11047,ounwan_0047.png,4,3,4,clip_sim
11048,ounwan_0047.png,1,2,4,clip_sim
11049,ounwan_0049.png,4,2,4,clip_sim
11050,ounwan_0049.png,1,3,4,clip_sim
11051,ounwan_0049.png,4,2,4,clip_sim
11052,ounwan_0049.png,0,2,4,clip_sim
11053,ounwan_0049.png,3,2,4,clip_sim
11054,ounwan_0049.png,4,2,4,clip_sim
11055,ounwan_0049.png,3,3,4,clip_sim
11056,ounwan_0049.png,4,2,4,clip_sim
11057,ounwan_0049.png,3,2,4,clip_sim
11058,ounwan_0049.png,4,2,4,clip_sim
11059,ounwan_0049.png,2,4,4,clip_sim
11060,ounwan_0049.png,2,4,4,clip_sim
11061,ounwan_0049.png,0,3,4,clip_sim
11062,ounwan_0049.png,2,4,4,clip_sim
11063,ounwan_0049.png,4,4,4,clip_sim
11064,ounwan_0049.png,0,2,4,clip_sim
11066,ounwan_0053.png,3,3,4,clip_sim
11067,ounwan_0053.png,2,3,4,clip_sim
11068,ounwan_0053.png,4,4,4,clip_sim
11069,ounwan_0053.png,4,4,4,clip_sim
11070,ounwan_0053.png,4,4,4,clip_sim
11071,ounwan_0053.png,3,4,4,clip_sim
11072,ounwan_0053.png,2,4,4,clip_sim
11073,ounwan_0053.png,4,4,4,clip_sim
11074,ounwan_0053.png,4,4,4,clip_sim
11075,ounwan_0053.png,4,4,4,clip_sim
11076,ounwan_0053.png,2,4,4,clip_sim
11077,ounwan_0053.png,3,4,4,clip_sim
11078,ounwan_0053.png,1,4,4,clip_sim
11079,ounwan_0053.png,1,4,4,clip_sim
11080,ounwan_0053.png,1,4,4,clip_sim
11081,ounwan_0053.png,1,4,4,clip_sim
11082,ounwan_0053.png,0,4,4,clip_sim
11083,ounwan_0053.png,0,4,4,clip_sim
11084,ounwan_0053.png,1,4,4,clip_sim
11085,ounwan_0053.png,0,4,4,clip_sim
11086,ounwan_0053.png,4,4,4,clip_sim
11087,ounwan_0053.png,4,4,4,clip_sim
11088,ounwan_0053.png,2,3,4,clip_sim
11089,ounwan_0053.png,1,3,4,clip_sim
11090,ounwan_0053.png,0,3,4,clip_sim
11091,ounwan_0053.png,0,3,4,clip_sim
11092,ounwan_0053.png,1,3,4,clip_sim
11093,ounwan_0053.png,0,4,4,clip_sim
11094,ounwan_0053.png,1,3,4,clip_sim
11096,ounwan_0056.png,3,4,4,clip_sim
11097,ounwan_0056.png,1,4,4,clip_sim
11098,ounwan_0056.png,1,4,4,clip_sim
11099,ounwan_0056.png,1,4,4,clip_sim
11100,ounwan_0056.png,4,4,4,clip_sim
11101,ounwan_0056.png,1,4,4,clip_sim
11102,ounwan_0056.png,1,4,4,clip_sim
11103,ounwan_0056.png,1,4,4,clip_sim
11104,ounwan_0056.png,4,4,4,clip_sim
11105,ounwan_0056.png,4,3,4,clip_sim
11106,ounwan_0056.png,0,4,4,clip_sim
11107,ounwan_0056.png,0,4,4,clip_sim
11108,ounwan_0056.png,0,4,4,clip_sim
11109,ounwan_0056.png,0,4,4,clip_sim
11110,ounwan_0056.png,1,4,4,clip_sim
11111,ounwan_0056.png,1,4,4,clip_sim
11112,ounwan_0056.png,2,4,4,clip_sim
11113,ounwan_0056.png,1,4,4,clip_sim
11114,ounwan_0056.png,2,3,4,clip_sim
11115,ounwan_0056.png,0,3,4,clip_sim
11116,ounwan_0056.png,2,4,4,clip_sim
11117,ounwan_0056.png,3,4,4,clip_sim
11118,ounwan_0056.png,2,4,4,clip_sim
11119,ounwan_0056.png,3,4,4,clip_sim
11133,ounwan_0058.png,1,3,4,clip_sim
11134,ounwan_0058.png,0,4,4,clip_sim
11185,ounwan_0066.png,3,4,4,clip_sim
11216,ounwan_0072.png,4,4,4,clip_sim
11217,ounwan_0072.png,3,4,4,clip_sim
11360,ounwan_0092.png,3,3,4,clip_sim
11361,ounwan_0092.png,4,2,4,clip_sim
11435,dietfood_0006.png,4,4,4,clip_sim
11436,dietfood_0006.png,3,4,4,clip_sim
11437,dietfood_0006.png,3,4,4,clip_sim
11438,dietfood_0006.png,4,4,4,clip_sim
11439,dietfood_0006.png,4,4,4,clip_sim
11445,dietfood_0008.png,4,4,4,clip_sim
11446,dietfood_0008.png,4,4,4,clip_sim
11447,dietfood_0008.png,3,4,4,clip_sim
11448,dietfood_0008.png,4,4,4,clip_sim
11449,dietfood_0008.png,4,4,4,clip_sim
11459,dietfood_0012.png,4,4,4,clip_sim
11460,dietfood_0012.png,3,3,4,clip_sim
11461,dietfood_0012.png,4,4,4,clip_sim
11462,dietfood_0012.png,4,4,4,clip_sim
11463,dietfood_0012.png,3,4,4,clip_sim
11469,dietfood_0014.png,4,4,4,clip_sim
11470,dietfood_0014.png,2,4,4,clip_sim
11471,dietfood_0014.png,3,4,4,clip_sim
11472,dietfood_0014.png,3,4,4,clip_sim
11473,dietfood_0014.png,1,4,4,clip_sim
11474,dietfood_0014.png,4,4,4,clip_sim
11475,dietfood_0014.png,1,4,4,clip_sim
11476,dietfood_0014.png,2,4,4,clip_sim
11514,dietfood_0024.png,1,4,4,clip_sim
11515,dietfood_0024.png,1,4,4,clip_sim
11516,dietfood_0024.png,0,4,4,clip_sim
11517,dietfood_0024.png,0,4,4,clip_sim
11518,dietfood_0024.png,0,4,4,clip_sim
11529,dietfood_0026.png,4,3,4,clip_sim
11530,dietfood_0026.png,4,2,4,clip_sim
11531,dietfood_0026.png,3,3,4,clip_sim
11532,dietfood_0026.png,2,2,4,clip_sim
11533,dietfood_0026.png,3,2,4,clip_sim
11534,dietfood_0026.png,2,2,4,clip_sim
11535,dietfood_0026.png,1,2,4,clip_sim
11536,dietfood_0026.png,4,2,4,clip_sim
11537,dietfood_0026.png,1,2,4,clip_sim
11538,dietfood_0026.png,2,3,4,clip_sim
11539,dietfood_0026.png,3,2,4,clip_sim
11540,dietfood_0026.png,2,2,4,clip_sim
11541,dietfood_0026.png,3,4,4,clip_sim
11542,dietfood_0026.png,4,3,4,clip_sim
11543,dietfood_0026.png,3,4,4,clip_sim
11544,dietfood_0026.png,4,4,4,clip_sim
11545,dietfood_0026.png,4,3,4,clip_sim
11546,dietfood_0026.png,1,2,4,clip_sim
11547,dietfood_0026.png,1,2,4,clip_sim
11548,dietfood_0026.png,0,2,4,clip_sim
11650,dietfood_0045.png,4,4,4,clip_sim
11651,dietfood_0045.png,4,4,4,clip_sim
11652,dietfood_0045.png,3,4,4,clip_sim
11653,dietfood_0045.png,4,4,4,clip_sim
11654,dietfood_0045.png,3,4,4,clip_sim
11688,dietfood_0053.png,3,4,4,clip_sim
11689,dietfood_0053.png,3,4,4,clip_sim
11690,dietfood_0053.png,4,4,4,clip_sim
11691,dietfood_0053.png,2,4,4,clip_sim
11692,dietfood_0053.png,2,4,4,clip_sim
11693,dietfood_0053.png,1,4,4,clip_sim
11694,dietfood_0053.png,3,4,4,clip_sim
11695,dietfood_0053.png,3,4,4,clip_sim
11701,dietfood_0055.png,4,4,4,clip_sim
11702,dietfood_0055.png,4,4,4,clip_sim
11703,dietfood_0055.png,4,4,4,clip_sim
11704,dietfood_0055.png,2,4,4,clip_sim
11705,dietfood_0055.png,4,4,4,clip_sim
11738,dietfood_0061.png,3,4,4,clip_sim
11739,dietfood_0061.png,3,4,4,clip_sim
11740,dietfood_0061.png,3,4,4,clip_sim
11741,dietfood_0061.png,3,4,4,clip_sim
11742,dietfood_0061.png,3,4,4,clip_sim
11743,dietfood_0061.png,1,4,4,clip_sim
11744,dietfood_0061.png,2,4,4,clip_sim
11745,dietfood_0061.png,3,4,4,clip_sim
11746,dietfood_0061.png,4,4,4,clip_sim
11747,dietfood_0061.png,3,4,4,clip_sim
11748,dietfood_0061.png,3,4,4,clip_sim
11749,dietfood_0061.png,2,4,4,clip_sim
11750,dietfood_0061.png,4,4,4,clip_sim
11751,dietfood_0061.png,2,4,4,clip_sim
11752,dietfood_0061.png,2,4,4,clip_sim
11753,dietfood_0061.png,3,4,4,clip_sim
11754,dietfood_0061.png,4,4,4,clip_sim
11760,dietfood_0063.png,4,4,4,clip_sim
11761,dietfood_0063.png,3,4,4,clip_sim
11762,dietfood_0063.png,4,4,4,clip_sim
11763,dietfood_0063.png,3,4,4,clip_sim
11764,dietfood_0063.png,2,4,4,clip_sim
11765,dietfood_0064.png,4,4,4,clip_sim
11766,dietfood_0064.png,4,4,4,clip_sim
11767,dietfood_0064.png,3,4,4,clip_sim
11768,dietfood_0064.png,4,4,4,clip_sim
11769,dietfood_0064.png,1,4,4,clip_sim
11770,dietfood_0064.png,2,3,4,clip_sim
11771,dietfood_0064.png,4,4,4,clip_sim
11772,dietfood_0064.png,1,4,4,clip_sim
11773,dietfood_0064.png,1,4,4,clip_sim
11774,dietfood_0065.png,4,4,4,clip_sim
11775,dietfood_0065.png,3,4,4,clip_sim
11776,dietfood_0065.png,3,4,4,clip_sim
11777,dietfood_0065.png,2,4,4,clip_sim
11778,dietfood_0065.png,3,4,4,clip_sim
11779,dietfood_0065.png,3,4,4,clip_sim
11780,dietfood_0065.png,4,4,4,clip_sim
11781,dietfood_0065.png,2,4,4,clip_sim
11782,dietfood_0065.png,3,4,4,clip_sim
11783,dietfood_0067.png,0,4,4,clip_sim
11784,dietfood_0067.png,0,4,4,clip_sim
11785,dietfood_0067.png,0,4,4,clip_sim
11786,dietfood_0067.png,0,4,4,clip_sim
11787,dietfood_0067.png,0,4,4,clip_sim
11818,dietfood_0071.png,4,4,4,clip_sim
11819,dietfood_0071.png,4,4,4,clip_sim
11820,dietfood_0071.png,4,4,4,clip_sim
11821,dietfood_0071.png,2,4,4,clip_sim
11822,dietfood_0071.png,3,4,4,clip_sim
11828,dietfood_0073.png,0,4,4,clip_sim
11829,dietfood_0073.png,3,4,4,clip_sim
11830,dietfood_0073.png,4,4,4,clip_sim
11831,dietfood_0073.png,1,4,4,clip_sim
11832,dietfood_0073.png,4,4,4,clip_sim
11833,dietfood_0074.png,1,4,4,clip_sim
11834,dietfood_0074.png,3,4,4,clip_sim
11835,dietfood_0074.png,3,4,4,clip_sim
11836,dietfood_0074.png,4,4,4,clip_sim
11837,dietfood_0074.png,2,4,4,clip_sim
11838,dietfood_0075.png,4,2,4,clip_sim
11839,dietfood_0075.png,4,3,4,clip_sim
11840,dietfood_0075.png,4,2,4,clip_sim
11841,dietfood_0075.png,3,3,4,clip_sim
11842,dietfood_0075.png,3,3,4,clip_sim
11843,dietfood_0075.png,4,3,4,clip_sim
11844,dietfood_0075.png,4,2,4,clip_sim
11845,dietfood_0075.png,3,2,4,clip_sim
11846,dietfood_0075.png,4,2,4,clip_sim
11847,dietfood_0075.png,4,3,4,clip_sim
11848,dietfood_0075.png,4,2,4,clip_sim
11849,dietfood_0075.png,4,2,4,clip_sim
11850,dietfood_0075.png,0,2,4,clip_sim
11851,dietfood_0075.png,2,2,4,clip_sim
11873,dietfood_0079.png,4,4,4,clip_sim
11874,dietfood_0079.png,4,4,4,clip_sim
11875,dietfood_0079.png,2,4,4,clip_sim
11876,dietfood_0079.png,4,4,4,clip_sim
11877,dietfood_0079.png,4,4,4,clip_sim
11878,dietfood_0080.png,4,4,4,clip_sim
11879,dietfood_0080.png,2,4,4,clip_sim
11880,dietfood_0080.png,4,4,4,clip_sim
11881,dietfood_0080.png,3,4,4,clip_sim
11882,dietfood_0080.png,2,4,4,clip_sim
11948,dietfood_0091.png,3,2,4,clip_sim
11949,dietfood_0091.png,4,2,4,clip_sim
11976,dietfood_0094.png,3,4,4,clip_sim
11977,dietfood_0094.png,1,4,4,clip_sim
11978,dietfood_0094.png,3,4,4,clip_sim
11979,dietfood_0094.png,2,4,4,clip_sim
12007,dietfood_0100.png,0,4,4,clip_sim
12008,dietfood_0100.png,1,4,4,clip_sim
12009,dietfood_0100.png,1,4,4,clip_sim
12010,dietfood_0100.png,2,4,4,clip_sim
12011,dietfood_0100.png,3,4,4,clip_sim
