sample_id,post_id,label,fold
1,ai_0001.png,4,2
2,ai_0001.png,3,2
3,ai_0001.png,4,2
4,ai_0001.png,3,2
5,ai_0001.png,3,2
6,ai_0003.png,4,3
7,ai_0003.png,3,3
8,ai_0004.png,3,3
9,ai_0004.png,3,3
10,ai_0004.png,2,3
11,ai_0004.png,3,3
12,ai_0004.png,2,3
13,ai_0004.png,4,3
14,ai_0004.png,4,3
15,ai_0005.png,4,1
16,ai_0005.png,1,1
17,ai_0005.png,0,1
18,ai_0005.png,0,1
19,ai_0005.png,0,1
20,ai_0006.png,3,2
21,ai_0008.png,4,3
22,ai_0008.png,1,3
23,ai_0008.png,1,3
24,ai_0008.png,1,3
25,ai_0008.png,2,3
26,ai_0008.png,2,3
27,ai_0008.png,1,3
28,ai_0008.png,3,3
29,ai_0008.png,4,3
30,ai_0008.png,4,3
31,ai_0008.png,2,3
32,ai_0008.png,1,3
33,ai_0008.png,1,3
34,ai_0009.png,2,4
35,ai_0009.png,3,4
36,ai_0009.png,3,4
37,ai_0009.png,2,4
38,ai_0009.png,1,4
39,ai_0009.png,2,4
40,ai_0009.png,1,4
41,ai_0009.png,4,4
42,ai_0009.png,4,4
43,ai_0009.png,3,4
44,ai_0009.png,3,4
45,ai_0010.png,2,1
46,ai_0010.png,4,1
47,ai_0010.png,4,1
48,ai_0010.png,3,1
49,ai_0010.png,4,1
50,ai_0010.png,4,1
51,ai_0010.png,3,1
52,ai_0010.png,2,1
53,ai_0010.png,1,1
54,ai_0010.png,3,1
55,ai_0012.png,3,1
56,ai_0012.png,3,1
57,ai_0012.png,4,1
58,ai_0012.png,1,1
59,ai_0012.png,1,1
60,ai_0012.png,0,1
61,ai_0012.png,0,1
62,ai_0012.png,1,1
63,ai_0012.png,1,1
64,ai_0012.png,1,1
65,ai_0012.png,1,1
66,ai_0012.png,0,1
67,ai_0012.png,1,1
68,ai_0012.png,1,1
69,ai_0012.png,4,1
70,ai_0012.png,4,1
71,ai_0012.png,2,1
72,ai_0012.png,2,1
73,ai_0012.png,2,1
74,ai_0012.png,4,1
75,ai_0012.png,3,1
76,ai_0012.png,2,1
77,ai_0012.png,3,1
78,ai_0013.png,4,0
79,ai_0013.png,4,0
80,ai_0013.png,4,0
81,ai_0013.png,4,0
82,ai_0013.png,1,0
83,ai_0013.png,1,0
84,ai_0013.png,1,0
85,ai_0013.png,2,0
86,ai_0013.png,2,0
87,ai_0013.png,1,0
88,ai_0013.png,1,0
89,ai_0014.png,4,2
90,ai_0014.png,1,2
91,ai_0014.png,4,2
92,ai_0014.png,1,2
93,ai_0014.png,1,2
94,ai_0014.png,0,2
95,ai_0014.png,0,2
96,ai_0014.png,1,2
97,ai_0014.png,0,2
98,ai_0014.png,3,2
99,ai_0014.png,3,2
100,ai_0014.png,2,2
101,ai_0014.png,1,2
102,ai_0014.png,1,2
103,ai_0014.png,4,2
104,ai_0014.png,3,2
105,ai_0014.png,2,2
106,ai_0014.png,3,2
107,ai_0014.png,2,2
108,ai_0014.png,4,2
109,ai_0014.png,2,2
110,ai_0014.png,0,2
111,ai_0014.png,1,2
112,ai_0015.png,3,0
113,ai_0015.png,2,0
114,ai_0015.png,2,0
115,ai_0015.png,2,0
116,ai_0015.png,3,0
117,ai_0015.png,4,0
118,ai_0015.png,4,0
119,ai_0015.png,3,0
120,ai_0015.png,0,0
121,ai_0016.png,4,1
122,ai_0016.png,4,1
123,ai_0016.png,4,1
124,ai_0016.png,4,1
125,ai_0016.png,4,1
126,ai_0016.png,4,1
127,ai_0016.png,4,1
128,ai_0016.png,4,1
129,ai_0016.png,4,1
130,ai_0016.png,1,1
131,ai_0016.png,2,1
132,ai_0016.png,2,1
133,ai_0016.png,4,1
134,ai_0016.png,1,1
135,ai_0016.png,0,1
136,ai_0016.png,1,1
137,ai_0016.png,2,1
138,ai_0017.png,4,1
139,ai_0017.png,3,1
140,ai_0017.png,4,1
141,ai_0017.png,4,1
142,ai_0017.png,4,1
143,ai_0017.png,3,1
144,ai_0017.png,3,1
145,ai_0017.png,2,1
146,ai_0017.png,1,1
147,ai_0017.png,1,1
148,ai_0017.png,1,1
149,ai_0017.png,1,1
150,ai_0017.png,1,1
151,ai_0017.png,1,1
152,ai_0017.png,1,1
153,ai_0017.png,1,1
154,ai_0017.png,1,1
155,ai_0017.png,1,1
156,ai_0017.png,1,1
157,ai_0018.png,4,4
158,ai_0018.png,4,4
159,ai_0018.png,4,4
160,ai_0018.png,4,4
161,ai_0018.png,3,4
162,ai_0018.png,4,4
163,ai_0018.png,4,4
164,ai_0018.png,4,4
165,ai_0018.png,1,4
166,ai_0018.png,1,4
167,ai_0018.png,2,4
168,ai_0018.png,2,4
169,ai_0018.png,2,4
170,ai_0018.png,3,4
171,ai_0018.png,4,4
172,ai_0018.png,3,4
173,ai_0018.png,2,4
174,ai_0018.png,2,4
175,ai_0018.png,3,4
176,ai_0018.png,2,4
177,ai_0018.png,4,4
178,ai_0018.png,4,4
179,ai_0018.png,4,4
180,ai_0018.png,4,4
181,ai_0018.png,3,4
182,ai_0018.png,3,4
183,ai_0018.png,3,4
184,ai_0018.png,1,4
185,ai_0018.png,3,4
186,ai_0018.png,3,4
187,ai_0019.png,4,3
188,ai_0019.png,4,3
189,ai_0019.png,2,3
190,ai_0019.png,1,3
191,ai_0019.png,1,3
192,ai_0019.png,1,3
193,ai_0019.png,2,3
194,ai_0019.png,3,3
195,ai_0019.png,3,3
196,ai_0019.png,1,3
197,ai_0019.png,2,3
198,ai_0019.png,1,3
199,ai_0019.png,2,3
200,ai_0019.png,3,3
201,ai_0019.png,3,3
202,ai_0019.png,3,3
203,ai_0019.png,3,3
204,ai_0019.png,3,3
205,ai_0019.png,2,3
206,ai_0019.png,2,3
207,ai_0019.png,0,3
208,ai_0019.png,1,3
209,ai_0019.png,0,3
210,ai_0019.png,1,3
211,ai_0019.png,4,3
212,ai_0019.png,1,3
213,ai_0019.png,3,3
214,ai_0020.png,4,2
215,ai_0020.png,3,2
216,ai_0020.png,2,2
217,ai_0020.png,3,2
218,ai_0020.png,1,2
219,ai_0020.png,1,2
220,ai_0020.png,1,2
221,ai_0020.png,4,2
222,domesticTravel_0003.png,1,2
223,domesticTravel_0003.png,3,2
224,domesticTravel_0003.png,3,2
225,domesticTravel_0003.png,2,2
226,domesticTravel_0003.png,3,2
227,domesticTravel_0003.png,4,2
228,domesticTravel_0003.png,2,2
229,domesticTravel_0003.png,3,2
230,domesticTravel_0003.png,1,2
231,domesticTravel_0003.png,2,2
232,domesticTravel_0003.png,1,2
233,domesticTravel_0003.png,2,2
234,domesticTravel_0003.png,0,2
235,domesticTravel_0003.png,3,2
236,domesticTravel_0003.png,1,2
237,domesticTravel_0004.png,4,3
238,domesticTravel_0004.png,3,3
239,domesticTravel_0004.png,4,3
240,domesticTravel_0004.png,4,3
241,domesticTravel_0004.png,3,3
242,domesticTravel_0004.png,3,3
243,domesticTravel_0004.png,3,3
244,domesticTravel_0004.png,2,3
245,domesticTravel_0004.png,2,3
246,domesticTravel_0004.png,2,3
247,domesticTravel_0004.png,0,3
248,domesticTravel_0004.png,1,3
249,domesticTravel_0004.png,4,3
250,domesticTravel_0004.png,1,3
251,domesticTravel_0004.png,2,3
252,domesticTravel_0004.png,2,3
253,domesticTravel_0004.png,3,3
254,domesticTravel_0004.png,3,3
255,domesticTravel_0004.png,2,3
256,domesticTravel_0004.png,3,3
257,domesticTravel_0005.png,3,1
258,domesticTravel_0006.png,4,2
259,domesticTravel_0006.png,0,2
260,domesticTravel_0006.png,4,2
261,domesticTravel_0006.png,1,2
262,domesticTravel_0006.png,0,2
263,domesticTravel_0007.png,3,4
264,domesticTravel_0008.png,4,0
265,domesticTravel_0008.png,4,0
266,domesticTravel_0010.png,3,3
267,domesticTravel_0010.png,4,3
268,domesticTravel_0010.png,4,3
269,domesticTravel_0010.png,4,3
270,domesticTravel_0010.png,3,3
271,domesticTravel_0010.png,2,3
272,domesticTravel_0010.png,3,3
273,domesticTravel_0010.png,4,3
274,domesticTravel_0010.png,4,3
275,domesticTravel_0010.png,4,3
276,domesticTravel_0010.png,1,3
277,domesticTravel_0010.png,2,3
278,domesticTravel_0010.png,0,3
279,domesticTravel_0011.png,1,2
280,domesticTravel_0011.png,4,2
281,domesticTravel_0011.png,4,2
282,domesticTravel_0011.png,3,2
283,domesticTravel_0011.png,3,2
284,domesticTravel_0011.png,3,2
285,domesticTravel_0011.png,2,2
286,domesticTravel_0011.png,4,2
287,domesticTravel_0011.png,4,2
288,domesticTravel_0011.png,3,2
289,domesticTravel_0013.png,4,3
290,domesticTravel_0014.png,4,2
291,domesticTravel_0014.png,3,2
292,domesticTravel_0014.png,4,2
293,domesticTravel_0014.png,3,2
294,domesticTravel_0014.png,3,2
295,domesticTravel_0014.png,2,2
296,domesticTravel_0014.png,2,2
297,domesticTravel_0014.png,3,2
298,domesticTravel_0014.png,3,2
299,domesticTravel_0014.png,1,2
300,domesticTravel_0014.png,4,2
301,domesticTravel_0014.png,4,2
302,domesticTravel_0015.png,4,1
303,domesticTravel_0015.png,1,1
304,domesticTravel_0015.png,4,1
305,domesticTravel_0015.png,3,1
306,domesticTravel_0016.png,4,2
307,domesticTravel_0016.png,4,2
308,domesticTravel_0016.png,4,2
309,domesticTravel_0016.png,1,2
310,domesticTravel_0016.png,3,2
311,domesticTravel_0016.png,3,2
312,domesticTravel_0016.png,3,2
313,domesticTravel_0016.png,2,2
314,domesticTravel_0016.png,0,2
315,domesticTravel_0016.png,0,2
316,domesticTravel_0016.png,0,2
317,domesticTravel_0016.png,2,2
318,domesticTravel_0016.png,1,2
319,domesticTravel_0016.png,2,2
320,domesticTravel_0016.png,4,2
321,domesticTravel_0017.png,4,4
322,domesticTravel_0017.png,4,4
323,domesticTravel_0017.png,4,4
324,domesticTravel_0020.png,2,4
325,domesticTravel_0021.png,1,0
326,domesticTravel_0021.png,1,0
327,domesticTravel_0021.png,0,0
328,domesticTravel_0021.png,4,0
329,domesticTravel_0021.png,1,0
330,domesticTravel_0021.png,3,0
331,domesticTravel_0021.png,4,0
332,domesticTravel_0021.png,4,0
333,domesticTravel_0021.png,4,0
334,domesticTravel_0021.png,4,0
335,domesticTravel_0021.png,4,0
336,domesticTravel_0021.png,1,0
337,domesticTravel_0021.png,1,0
338,domesticTravel_0021.png,0,0
339,domesticTravel_0021.png,1,0
340,domesticTravel_0021.png,3,0
341,domesticTravel_0021.png,4,0
342,domesticTravel_0021.png,1,0
343,domesticTravel_0021.png,2,0
344,domesticTravel_0021.png,3,0
345,domesticTravel_0021.png,2,0
346,fall_0001.png,4,0
347,fall_0001.png,3,0
348,fall_0001.png,3,0
349,fall_0001.png,2,0
350,fall_0001.png,0,0
351,fall_0001.png,1,0
352,fall_0001.png,4,0
353,fall_0002.png,4,4
354,fall_0002.png,1,4
355,fall_0002.png,0,4
356,fall_0002.png,1,4
357,fall_0002.png,4,4
358,fall_0002.png,4,4
359,fall_0002.png,3,4
360,fall_0002.png,2,4
361,fall_0002.png,2,4
362,fall_0002.png,1,4
363,fall_0002.png,1,4
364,fall_0002.png,3,4
365,fall_0002.png,3,4
366,fall_0002.png,1,4
367,fall_0003.png,0,1
368,fall_0003.png,0,1
369,fall_0003.png,0,1
370,fall_0003.png,0,1
371,fall_0003.png,0,1
372,fall_0003.png,0,1
373,fall_0005.png,2,0
374,fall_0005.png,2,0
375,fall_0005.png,4,0
376,fall_0005.png,1,0
377,fall_0006.png,4,1
378,fall_0007.png,4,3
379,fall_0007.png,4,3
380,fall_0007.png,3,3
381,fall_0007.png,3,3
382,fall_0007.png,4,3
383,fall_0007.png,4,3
384,fall_0007.png,4,3
385,fall_0007.png,4,3
386,fall_0007.png,4,3
387,fall_0007.png,4,3
388,fall_0007.png,4,3
389,fall_0007.png,4,3
390,fall_0007.png,4,3
391,fall_0007.png,1,3
392,fall_0007.png,1,3
393,fall_0007.png,1,3
394,fall_0007.png,0,3
395,fall_0007.png,0,3
396,fall_0007.png,1,3
397,fall_0007.png,1,3
398,fall_0007.png,1,3
399,fall_0007.png,1,3
400,fall_0007.png,1,3
401,fall_0007.png,0,3
402,fall_0007.png,0,3
403,fall_0007.png,0,3
404,fall_0007.png,1,3
405,fall_0007.png,1,3
406,fall_0007.png,2,3
407,fall_0007.png,3,3
408,fall_0008.png,4,3
409,fall_0008.png,4,3
410,fall_0008.png,4,3
411,fall_0008.png,1,3
412,fall_0009.png,4,0
413,fall_0009.png,4,0
414,fall_0009.png,3,0
415,fall_0009.png,3,0
416,fall_0009.png,4,0
417,fall_0010.png,4,4
418,fall_0010.png,1,4
419,fall_0010.png,4,4
420,fall_0010.png,4,4
421,fall_0010.png,1,4
422,fall_0010.png,1,4
423,fall_0012.png,4,4
424,fall_0012.png,2,4
425,fall_0012.png,4,4
426,fall_0012.png,1,4
427,fall_0012.png,1,4
428,fall_0012.png,1,4
429,fall_0012.png,2,4
430,fall_0012.png,1,4
431,fall_0012.png,1,4
432,fall_0012.png,3,4
433,fall_0012.png,4,4
434,fall_0012.png,2,4
435,fall_0012.png,3,4
436,fall_0012.png,1,4
437,fall_0012.png,1,4
438,fall_0012.png,2,4
439,fall_0013.png,4,2
440,fall_0013.png,4,2
441,fall_0013.png,3,2
442,fall_0013.png,3,2
443,fall_0013.png,4,2
444,fall_0013.png,4,2
445,fall_0013.png,4,2
446,fall_0013.png,4,2
447,fall_0013.png,4,2
448,fall_0013.png,4,2
449,fall_0013.png,4,2
450,fall_0013.png,4,2
451,fall_0013.png,3,2
452,fall_0013.png,0,2
453,fall_0013.png,0,2
454,fall_0013.png,1,2
455,fall_0013.png,1,2
456,fall_0013.png,1,2
457,fall_0013.png,1,2
458,fall_0013.png,1,2
459,fall_0013.png,1,2
460,fall_0013.png,1,2
461,fall_0013.png,0,2
462,fall_0013.png,1,2
463,fall_0013.png,0,2
464,fall_0013.png,1,2
465,fall_0013.png,0,2
466,fall_0013.png,1,2
467,fall_0013.png,1,2
468,fall_0013.png,1,2
469,fall_0014.png,4,0
470,fall_0014.png,4,0
471,fall_0014.png,4,0
472,fall_0014.png,4,0
473,fall_0014.png,4,0
474,fall_0014.png,4,0
475,fall_0014.png,3,0
476,fall_0014.png,3,0
477,fall_0014.png,2,0
478,fall_0014.png,1,0
479,fall_0014.png,2,0
480,fall_0014.png,2,0
481,fall_0014.png,2,0
482,fall_0014.png,1,0
483,fall_0014.png,2,0
484,fall_0014.png,2,0
485,fall_0014.png,1,0
486,fall_0014.png,1,0
487,fall_0014.png,1,0
488,fall_0015.png,4,1
489,fall_0015.png,3,1
490,fall_0015.png,3,1
491,fall_0015.png,1,1
492,fall_0015.png,2,1
493,fall_0015.png,3,1
494,fall_0015.png,3,1
495,fall_0015.png,2,1
496,fall_0015.png,4,1
497,fall_0015.png,4,1
498,fall_0016.png,3,2
499,fall_0016.png,4,2
500,fall_0016.png,4,2
501,fall_0016.png,4,2
502,fall_0016.png,4,2
503,fall_0016.png,2,2
504,fall_0016.png,0,2
505,fall_0016.png,4,2
506,fall_0016.png,3,2
507,fall_0016.png,4,2
508,fall_0016.png,4,2
509,fall_0016.png,1,2
510,fall_0016.png,4,2
511,fall_0017.png,4,0
512,fall_0017.png,4,0
513,fall_0017.png,4,0
514,fall_0017.png,4,0
515,fall_0017.png,4,0
516,fall_0017.png,4,0
517,fall_0017.png,4,0
518,fall_0017.png,2,0
519,fall_0017.png,4,0
520,fall_0017.png,4,0
521,fall_0021.png,3,1
522,fall_0021.png,4,1
523,fall_0021.png,3,1
524,fall_0021.png,3,1
525,fall_0021.png,2,1
526,fall_0021.png,3,1
527,fall_0021.png,3,1
528,fall_0021.png,2,1
529,fall_0021.png,2,1
530,fall_0021.png,3,1
531,fall_0021.png,4,1
532,fall_0021.png,4,1
533,fall_0021.png,4,1
534,fall_0021.png,3,1
535,fall_0021.png,4,1
536,fall_0021.png,2,1
537,fall_0022.png,4,4
538,fall_0022.png,3,4
539,fall_0022.png,4,4
540,fall_0022.png,4,4
541,fall_0022.png,4,4
542,fall_0022.png,3,4
543,fall_0022.png,0,4
544,fall_0022.png,3,4
545,fall_0022.png,2,4
546,fall_0022.png,3,4
547,fall_0022.png,3,4
548,fall_0022.png,3,4
549,fall_0022.png,3,4
550,fall_0022.png,3,4
551,fall_0022.png,2,4
552,fall_0022.png,2,4
553,fall_0022.png,1,4
554,fall_0022.png,1,4
555,fall_0022.png,2,4
556,fall_0022.png,3,4
557,fall_0022.png,4,4
558,fall_0022.png,2,4
559,fall_0023.png,4,1
560,fall_0023.png,3,1
561,fall_0023.png,3,1
562,fall_0023.png,4,1
563,fall_0023.png,4,1
564,fall_0023.png,1,1
565,fashion_0001.png,4,1
566,fashion_0001.png,4,1
567,fashion_0002.png,4,0
568,fashion_0002.png,4,0
569,fashion_0002.png,4,0
570,fashion_0002.png,4,0
571,fashion_0002.png,3,0
572,fashion_0002.png,1,0
573,fashion_0002.png,4,0
574,fashion_0002.png,4,0
575,fashion_0002.png,4,0
576,fashion_0002.png,4,0
577,fashion_0002.png,4,0
578,fashion_0002.png,3,0
579,fashion_0002.png,4,0
580,fashion_0002.png,4,0
581,fashion_0002.png,4,0
582,fashion_0002.png,3,0
583,fashion_0002.png,3,0
584,fashion_0002.png,3,0
585,fashion_0002.png,4,0
586,fashion_0002.png,4,0
587,fashion_0002.png,4,0
588,fashion_0002.png,4,0
589,fashion_0003.png,4,0
590,fashion_0003.png,4,0
591,fashion_0003.png,1,0
592,fashion_0003.png,3,0
593,fashion_0003.png,3,0
594,fashion_0003.png,4,0
595,fashion_0003.png,1,0
596,fashion_0003.png,1,0
597,fashion_0003.png,4,0
598,fashion_0003.png,4,0
599,fashion_0003.png,2,0
600,fashion_0003.png,3,0
601,fashion_0003.png,3,0
602,fashion_0003.png,3,0
603,fashion_0003.png,2,0
604,fashion_0005.png,3,0
605,fashion_0005.png,4,0
606,fashion_0005.png,3,0
607,fashion_0005.png,2,0
608,fashion_0005.png,3,0
609,fashion_0006.png,4,3
610,fashion_0006.png,1,3
611,fashion_0006.png,1,3
612,fashion_0006.png,1,3
613,fashion_0006.png,0,3
614,fashion_0006.png,4,3
615,fashion_0006.png,4,3
616,fashion_0006.png,3,3
617,fashion_0006.png,2,3
618,fashion_0006.png,2,3
619,fashion_0006.png,2,3
620,fashion_0006.png,2,3
621,fashion_0006.png,3,3
622,fashion_0006.png,2,3
623,fashion_0006.png,0,3
624,fashion_0006.png,3,3
625,fashion_0006.png,1,3
626,fashion_0006.png,2,3
627,fashion_0006.png,4,3
628,fashion_0006.png,4,3
629,fashion_0006.png,1,3
630,fashion_0006.png,0,3
631,fashion_0006.png,0,3
632,fashion_0006.png,0,3
633,fashion_0015.png,4,3
634,fashion_0015.png,4,3
635,fashion_0015.png,3,3
636,fashion_0015.png,4,3
637,fashion_0015.png,4,3
638,fashion_0015.png,4,3
639,fashion_0015.png,3,3
640,fashion_0015.png,3,3
641,fashion_0015.png,3,3
642,fashion_0015.png,3,3
643,fashion_0015.png,2,3
644,fashion_0015.png,4,3
645,fashion_0015.png,4,3
646,fashion_0015.png,3,3
647,fashion_0015.png,3,3
648,fashion_0015.png,1,3
649,fashion_0015.png,4,3
650,fashion_0015.png,4,3
651,fashion_0015.png,3,3
652,fashion_0015.png,1,3
653,fashion_0015.png,4,3
654,fashion_0015.png,4,3
655,fashion_0015.png,1,3
656,fashion_0015.png,4,3
657,fashion_0015.png,3,3
658,fashion_0015.png,4,3
659,fashion_0015.png,3,3
660,fashion_0015.png,3,3
661,fashion_0015.png,4,3
662,fashion_0015.png,3,3
663,fashion_0016.png,4,2
664,fashion_0016.png,4,2
665,fashion_0016.png,3,2
666,fashion_0016.png,2,2
667,fashion_0016.png,3,2
668,fashion_0016.png,4,2
669,fashion_0016.png,3,2
670,fashion_0016.png,3,2
671,fashion_0016.png,1,2
672,fashion_0016.png,3,2
673,fashion_0016.png,4,2
674,fashion_0016.png,4,2
675,fashion_0016.png,3,2
676,fashion_0016.png,4,2
677,fashion_0016.png,4,2
678,fashion_0016.png,3,2
679,fashion_0016.png,4,2
680,fashion_0016.png,4,2
681,fashion_0016.png,2,2
682,fashion_0016.png,4,2
683,fashion_0016.png,3,2
684,fashion_0018.png,3,2
685,fashion_0018.png,2,2
686,fashion_0018.png,1,2
687,fashion_0018.png,1,2
688,fashion_0018.png,4,2
689,fashion_0018.png,4,2
690,fashion_0018.png,3,2
691,fashion_0018.png,2,2
692,fashion_0018.png,4,2
693,fashion_0018.png,4,2
694,fashion_0018.png,3,2
695,fashion_0018.png,3,2
696,fashion_0018.png,1,2
697,fashion_0018.png,1,2
698,fashion_0018.png,3,2
699,fashion_0018.png,3,2
700,fashion_0018.png,3,2
701,fashion_0018.png,4,2
702,fashion_0021.png,1,4
703,fashion_0021.png,1,4
704,fashion_0021.png,3,4
705,fashion_0021.png,2,4
706,fashion_0021.png,2,4
707,fashion_0021.png,0,4
708,fashion_0021.png,0,4
709,fashion_0021.png,3,4
710,fashion_0021.png,2,4
711,fashion_0021.png,2,4
712,fashion_0021.png,4,4
713,fashion_0021.png,3,4
714,fashion_0021.png,2,4
715,movie_0001.png,4,4
716,movie_0001.png,4,4
717,movie_0001.png,4,4
718,movie_0001.png,4,4
719,movie_0001.png,3,4
720,movie_0001.png,2,4
721,movie_0001.png,2,4
722,movie_0001.png,1,4
723,movie_0001.png,1,4
724,movie_0001.png,4,4
725,movie_0001.png,3,4
726,movie_0004.png,1,1
727,movie_0004.png,1,1
728,movie_0004.png,1,1
729,movie_0004.png,1,1
730,movie_0004.png,4,1
731,movie_0004.png,4,1
732,movie_0004.png,4,1
733,movie_0004.png,3,1
734,movie_0004.png,1,1
735,movie_0004.png,1,1
736,movie_0004.png,4,1
737,movie_0004.png,4,1
738,movie_0004.png,2,1
739,movie_0004.png,3,1
740,movie_0004.png,2,1
741,movie_0004.png,2,1
742,movie_0004.png,1,1
743,movie_0004.png,1,1
744,movie_0004.png,4,1
745,movie_0004.png,4,1
746,movie_0004.png,1,1
747,movie_0004.png,1,1
748,movie_0004.png,1,1
749,movie_0004.png,1,1
750,movie_0004.png,4,1
751,movie_0004.png,4,1
752,movie_0004.png,0,1
753,movie_0005.png,4,4
754,movie_0005.png,4,4
755,movie_0005.png,4,4
756,movie_0005.png,1,4
757,movie_0005.png,2,4
758,movie_0005.png,1,4
759,movie_0005.png,1,4
760,movie_0005.png,1,4
761,movie_0005.png,1,4
762,movie_0005.png,3,4
763,movie_0008.png,1,3
764,movie_0008.png,3,3
765,movie_0008.png,3,3
766,movie_0008.png,3,3
767,movie_0008.png,3,3
768,movie_0008.png,1,3
769,movie_0008.png,3,3
770,movie_0008.png,3,3
771,movie_0008.png,3,3
772,movie_0008.png,3,3
773,movie_0008.png,2,3
774,movie_0008.png,2,3
775,movie_0008.png,3,3
776,movie_0008.png,3,3
777,movie_0008.png,1,3
778,movie_0008.png,0,3
779,movie_0008.png,1,3
780,movie_0008.png,0,3
781,movie_0008.png,1,3
782,movie_0010.png,4,4
783,movie_0010.png,4,4
784,movie_0010.png,4,4
785,movie_0010.png,4,4
786,movie_0010.png,3,4
787,movie_0010.png,1,4
788,movie_0010.png,3,4
789,movie_0010.png,3,4
790,movie_0010.png,3,4
791,movie_0010.png,3,4
792,movie_0010.png,4,4
793,movie_0010.png,3,4
794,movie_0011.png,4,2
795,movie_0011.png,4,2
796,movie_0011.png,3,2
797,movie_0011.png,1,2
798,movie_0011.png,4,2
799,movie_0011.png,4,2
800,movie_0011.png,4,2
801,movie_0011.png,2,2
802,movie_0011.png,1,2
803,movie_0011.png,3,2
804,movie_0011.png,3,2
805,movie_0014.png,4,4
806,movie_0014.png,4,4
807,movie_0014.png,1,4
808,movie_0014.png,1,4
809,movie_0014.png,2,4
810,movie_0014.png,2,4
811,movie_0014.png,4,4
812,movie_0014.png,2,4
813,movie_0015.png,4,2
814,movie_0015.png,4,2
815,movie_0015.png,4,2
816,movie_0015.png,2,2
817,movie_0015.png,1,2
818,movie_0015.png,1,2
819,movie_0015.png,1,2
820,movie_0015.png,2,2
821,movie_0015.png,1,2
822,movie_0015.png,2,2
823,movie_0015.png,2,2
824,movie_0015.png,1,2
825,movie_0015.png,2,2
826,movie_0015.png,1,2
827,movie_0015.png,1,2
828,movie_0015.png,1,2
829,movie_0015.png,1,2
830,movie_0015.png,2,2
831,movie_0015.png,2,2
832,movie_0015.png,1,2
833,movie_0015.png,1,2
834,movie_0015.png,1,2
835,movie_0015.png,1,2
836,movie_0015.png,0,2
837,movie_0015.png,1,2
838,movie_0015.png,3,2
839,movie_0015.png,1,2
840,movie_0015.png,1,2
841,movie_0015.png,3,2
842,movie_0015.png,0,2
843,movie_0016.png,3,2
844,movie_0016.png,2,2
845,movie_0016.png,4,2
846,movie_0016.png,1,2
847,movie_0016.png,2,2
848,movie_0016.png,1,2
849,movie_0016.png,2,2
850,movie_0017.png,1,3
851,movie_0017.png,1,3
852,movie_0017.png,0,3
853,movie_0017.png,1,3
854,movie_0017.png,0,3
855,movie_0017.png,2,3
856,movie_0017.png,2,3
857,movie_0017.png,1,3
858,movie_0017.png,2,3
859,movie_0017.png,0,3
860,movie_0017.png,1,3
861,movie_0017.png,0,3
862,movie_0017.png,2,3
863,movie_0017.png,1,3
864,movie_0017.png,2,3
865,movie_0017.png,3,3
866,movie_0017.png,2,3
867,movie_0017.png,3,3
868,movie_0017.png,4,3
869,movie_0017.png,2,3
870,movie_0017.png,4,3
871,movie_0017.png,2,3
872,movie_0017.png,1,3
873,movie_0017.png,4,3
874,movie_0018.png,4,1
875,movie_0018.png,4,1
876,movie_0018.png,3,1
877,movie_0020.png,4,2
878,movie_0020.png,3,2
879,movie_0020.png,2,2
880,movie_0020.png,1,2
881,movie_0020.png,0,2
882,movie_0020.png,0,2
883,movie_0020.png,2,2
884,movie_0020.png,1,2
885,movie_0020.png,1,2
886,movie_0020.png,0,2
887,movie_0020.png,1,2
888,movie_0021.png,1,4
889,movie_0021.png,1,4
890,movie_0021.png,1,4
891,movie_0021.png,2,4
892,movie_0021.png,4,4
893,movie_0021.png,4,4
894,movie_0021.png,3,4
895,movie_0021.png,2,4
896,movie_0021.png,1,4
897,movie_0021.png,1,4
898,movie_0021.png,4,4
899,movie_0021.png,4,4
900,movie_0021.png,3,4
901,movie_0021.png,3,4
902,movie_0021.png,3,4
903,movie_0021.png,1,4
904,movie_0021.png,1,4
905,movie_0021.png,1,4
906,movie_0021.png,4,4
907,movie_0021.png,4,4
908,movie_0021.png,2,4
909,movie_0021.png,1,4
910,movie_0021.png,1,4
911,movie_0021.png,2,4
912,movie_0021.png,1,4
913,movie_0021.png,1,4
914,movie_0021.png,1,4
915,movie_0021.png,1,4
916,movie_0021.png,4,4
917,movie_0021.png,0,4
918,movie_0022.png,4,0
919,movie_0022.png,0,0
920,movie_0022.png,1,0
921,movie_0022.png,0,0
922,movie_0022.png,0,0
923,movie_0022.png,0,0
924,movie_0022.png,0,0
925,movie_0022.png,0,0
926,movie_0022.png,0,0
927,movie_0022.png,0,0
928,movie_0022.png,2,0
929,movie_0022.png,0,0
930,movie_0022.png,1,0
931,movie_0022.png,4,0
932,movie_0022.png,3,0
933,movie_0022.png,4,0
934,movie_0022.png,3,0
935,olive_0002.png,1,4
936,olive_0002.png,1,4
937,olive_0002.png,2,4
938,olive_0002.png,1,4
939,olive_0002.png,1,4
940,olive_0002.png,0,4
941,olive_0002.png,0,4
942,olive_0002.png,0,4
943,olive_0002.png,2,4
944,olive_0002.png,2,4
945,olive_0002.png,0,4
946,olive_0002.png,2,4
947,olive_0002.png,3,4
948,olive_0006.png,4,3
949,olive_0006.png,4,3
950,olive_0006.png,4,3
951,olive_0006.png,4,3
952,olive_0006.png,4,3
953,olive_0006.png,4,3
954,olive_0006.png,3,3
955,olive_0006.png,1,3
956,olive_0006.png,1,3
957,olive_0006.png,1,3
958,olive_0006.png,1,3
959,olive_0006.png,1,3
960,olive_0006.png,2,3
961,olive_0006.png,1,3
962,olive_0007.png,4,1
963,olive_0007.png,3,1
964,olive_0007.png,3,1
965,olive_0007.png,4,1
966,olive_0007.png,4,1
967,olive_0007.png,4,1
968,olive_0007.png,1,1
969,olive_0007.png,1,1
970,olive_0007.png,1,1
971,olive_0007.png,1,1
972,olive_0007.png,4,1
973,olive_0007.png,4,1
974,olive_0007.png,4,1
975,olive_0007.png,1,1
976,olive_0007.png,1,1
977,olive_0007.png,4,1
978,olive_0007.png,3,1
979,olive_0007.png,2,1
980,olive_0007.png,2,1
981,olive_0007.png,2,1
982,olive_0007.png,2,1
983,olive_0007.png,1,1
984,olive_0007.png,1,1
985,olive_0007.png,2,1
986,olive_0007.png,1,1
987,olive_0007.png,3,1
988,olive_0010.png,1,1
989,olive_0010.png,1,1
990,olive_0010.png,2,1
991,olive_0010.png,4,1
992,olive_0010.png,3,1
993,olive_0010.png,3,1
994,olive_0010.png,1,1
995,olive_0010.png,2,1
996,olive_0010.png,3,1
997,olive_0011.png,2,0
998,olive_0011.png,4,0
999,olive_0011.png,2,0
1000,olive_0011.png,3,0
1001,olive_0011.png,2,0
1002,olive_0011.png,4,0
1003,olive_0011.png,1,0
1004,olive_0011.png,1,0
1005,olive_0011.png,4,0
1006,olive_0011.png,3,0
1007,olive_0011.png,2,0
1008,olive_0011.png,1,0
1009,olive_0011.png,1,0
1010,olive_0011.png,1,0
1011,olive_0011.png,1,0
1012,olive_0011.png,2,0
1013,olive_0011.png,0,0
1014,olive_0011.png,2,0
1015,olive_0011.png,1,0
1016,olive_0011.png,1,0
1017,olive_0011.png,3,0
1018,olive_0012.png,4,0
1019,olive_0013.png,4,2
1020,olive_0013.png,4,2
1021,olive_0013.png,4,2
1022,olive_0013.png,4,2
1023,olive_0013.png,3,2
1024,olive_0013.png,4,2
1025,olive_0013.png,3,2
1026,olive_0013.png,1,2
1027,olive_0013.png,1,2
1028,olive_0013.png,4,2
1029,olive_0013.png,4,2
1030,olive_0013.png,4,2
1031,olive_0013.png,4,2
1032,olive_0013.png,4,2
1033,olive_0013.png,3,2
1034,olive_0013.png,2,2
1035,olive_0013.png,2,2
1036,olive_0013.png,3,2
1037,olive_0014.png,4,1
1038,olive_0015.png,4,0
1039,olive_0015.png,4,0
1040,olive_0015.png,2,0
1041,olive_0015.png,3,0
1042,olive_0015.png,3,0
1043,olive_0015.png,3,0
1044,olive_0015.png,1,0
1045,olive_0015.png,1,0
1046,olive_0015.png,2,0
1047,olive_0015.png,1,0
1048,olive_0015.png,2,0
1049,olive_0015.png,2,0
1050,olive_0015.png,1,0
1051,olive_0015.png,1,0
1052,olive_0015.png,3,0
1053,olive_0015.png,1,0
1054,olive_0015.png,3,0
1055,olive_0015.png,3,0
1056,olive_0015.png,3,0
1057,olive_0015.png,2,0
1058,olive_0015.png,2,0
1059,olive_0015.png,2,0
1060,olive_0015.png,2,0
1061,olive_0015.png,2,0
1062,olive_0018.png,4,3
1063,olive_0018.png,4,3
1064,olive_0018.png,3,3
1065,olive_0018.png,3,3
1066,olive_0018.png,4,3
1067,olive_0018.png,4,3
1068,olive_0019.png,4,4
1069,olive_0020.png,4,1
1070,olive_0020.png,4,1
1071,olive_0020.png,4,1
1072,olive_0020.png,4,1
1073,olive_0020.png,4,1
1074,olive_0020.png,4,1
1075,olive_0020.png,3,1
1076,olive_0020.png,3,1
1077,olive_0020.png,2,1
1078,olive_0020.png,2,1
1079,olive_0020.png,2,1
1080,olive_0020.png,2,1
1081,olive_0020.png,1,1
1082,olive_0020.png,1,1
1083,olive_0020.png,2,1
1084,olive_0020.png,3,1
1085,olive_0020.png,3,1
1086,olive_0020.png,4,1
1087,olive_0020.png,4,1
1088,olive_0020.png,2,1
1089,olive_0020.png,2,1
1090,olive_0020.png,1,1
1091,olive_0020.png,4,1
1092,olive_0020.png,4,1
1093,olive_0020.png,2,1
1094,olive_0020.png,3,1
1095,olive_0020.png,3,1
1096,olive_0020.png,3,1
1097,olive_0021.png,2,2
1098,olive_0021.png,4,2
1099,olive_0021.png,4,2
1100,olive_0021.png,3,2
1101,olive_0021.png,1,2
1102,olive_0021.png,3,2
1103,olive_0021.png,4,2
1104,olive_0021.png,3,2
1105,olive_0021.png,3,2
1106,olive_0021.png,2,2
1107,olive_0021.png,3,2
1108,olive_0021.png,1,2
1109,olive_0021.png,4,2
1110,olive_0021.png,4,2
1111,olive_0022.png,3,2
1112,restaurant_0001.png,4,1
1113,restaurant_0001.png,3,1
1114,restaurant_0001.png,3,1
1115,restaurant_0001.png,3,1
1116,restaurant_0001.png,2,1
1117,restaurant_0001.png,2,1
1118,restaurant_0001.png,2,1
1119,restaurant_0001.png,1,1
1120,restaurant_0001.png,1,1
1121,restaurant_0001.png,2,1
1122,restaurant_0001.png,4,1
1123,restaurant_0001.png,4,1
1124,restaurant_0001.png,4,1
1125,restaurant_0001.png,4,1
1126,restaurant_0001.png,2,1
1127,restaurant_0001.png,2,1
1128,restaurant_0001.png,1,1
1129,restaurant_0001.png,1,1
1130,restaurant_0001.png,4,1
1131,restaurant_0001.png,2,1
1132,restaurant_0001.png,4,1
1133,restaurant_0002.png,3,1
1134,restaurant_0002.png,4,1
1135,restaurant_0002.png,4,1
1136,restaurant_0002.png,4,1
1137,restaurant_0002.png,3,1
1138,restaurant_0002.png,4,1
1139,restaurant_0002.png,4,1
1140,restaurant_0002.png,3,1
1141,restaurant_0002.png,4,1
1142,restaurant_0002.png,4,1
1143,restaurant_0002.png,4,1
1144,restaurant_0003.png,4,3
1145,restaurant_0003.png,2,3
1146,restaurant_0003.png,3,3
1147,restaurant_0003.png,4,3
1148,restaurant_0003.png,4,3
1149,restaurant_0003.png,4,3
1150,restaurant_0003.png,4,3
1151,restaurant_0003.png,2,3
1152,restaurant_0003.png,3,3
1153,restaurant_0003.png,4,3
1154,restaurant_0003.png,4,3
1155,restaurant_0003.png,4,3
1156,restaurant_0003.png,4,3
1157,restaurant_0003.png,3,3
1158,restaurant_0003.png,4,3
1159,restaurant_0003.png,2,3
1160,restaurant_0003.png,0,3
1161,restaurant_0009.png,4,0
1162,restaurant_0009.png,1,0
1163,restaurant_0009.png,3,0
1164,restaurant_0009.png,2,0
1165,restaurant_0009.png,0,0
1166,restaurant_0009.png,1,0
1167,restaurant_0010.png,4,0
1168,restaurant_0010.png,4,0
1169,restaurant_0010.png,3,0
1170,restaurant_0011.png,1,4
1171,restaurant_0011.png,2,4
1172,restaurant_0011.png,3,4
1173,restaurant_0011.png,4,4
1174,restaurant_0011.png,4,4
1175,restaurant_0011.png,2,4
1176,restaurant_0011.png,3,4
1177,restaurant_0013.png,1,0
1178,restaurant_0013.png,1,0
1179,restaurant_0013.png,4,0
1180,restaurant_0013.png,4,0
1181,restaurant_0013.png,3,0
1182,restaurant_0013.png,3,0
1183,restaurant_0013.png,3,0
1184,restaurant_0013.png,3,0
1185,restaurant_0013.png,4,0
1186,restaurant_0013.png,4,0
1187,restaurant_0013.png,4,0
1188,restaurant_0013.png,4,0
1189,restaurant_0013.png,4,0
1190,restaurant_0013.png,4,0
1191,restaurant_0013.png,4,0
1192,restaurant_0013.png,4,0
1193,restaurant_0013.png,4,0
1194,restaurant_0013.png,4,0
1195,restaurant_0013.png,4,0
1196,restaurant_0013.png,3,0
1197,restaurant_0013.png,3,0
1198,restaurant_0013.png,1,0
1199,restaurant_0013.png,2,0
1200,restaurant_0013.png,4,0
1201,restaurant_0013.png,2,0
1202,restaurant_0013.png,1,0
1203,restaurant_0013.png,2,0
1204,restaurant_0013.png,3,0
1205,restaurant_0013.png,3,0
1206,restaurant_0013.png,1,0
1207,restaurant_0015.png,4,1
1208,restaurant_0016.png,1,0
1209,restaurant_0016.png,1,0
1210,restaurant_0016.png,2,0
1211,restaurant_0016.png,4,0
1212,restaurant_0016.png,4,0
1213,restaurant_0016.png,0,0
1214,restaurant_0016.png,0,0
1215,restaurant_0016.png,0,0
1216,restaurant_0016.png,3,0
1217,restaurant_0016.png,3,0
1218,restaurant_0017.png,4,0
1219,restaurant_0017.png,4,0
1220,restaurant_0017.png,3,0
1221,restaurant_0017.png,4,0
1222,restaurant_0017.png,4,0
1223,restaurant_0017.png,4,0
1224,restaurant_0017.png,3,0
1225,restaurant_0017.png,3,0
1226,restaurant_0017.png,2,0
1227,restaurant_0017.png,3,0
1228,restaurant_0017.png,3,0
1229,restaurant_0017.png,3,0
1230,restaurant_0017.png,3,0
1231,restaurant_0017.png,4,0
1232,restaurant_0017.png,2,0
1233,restaurant_0017.png,3,0
1234,restaurant_0017.png,0,0
1235,restaurant_0017.png,1,0
1236,restaurant_0017.png,1,0
1237,restaurant_0017.png,1,0
1238,restaurant_0017.png,1,0
1239,restaurant_0017.png,1,0
1240,restaurant_0017.png,1,0
1241,restaurant_0017.png,1,0
1242,restaurant_0018.png,3,1
1243,restaurant_0018.png,3,1
1244,restaurant_0018.png,1,1
1245,restaurant_0018.png,3,1
1246,restaurant_0018.png,1,1
1247,restaurant_0018.png,1,1
1248,restaurant_0018.png,1,1
1249,restaurant_0018.png,1,1
1250,restaurant_0018.png,0,1
1251,restaurant_0018.png,0,1
1252,restaurant_0018.png,0,1
1253,restaurant_0018.png,0,1
1254,restaurant_0018.png,0,1
1255,restaurant_0018.png,1,1
1256,restaurant_0018.png,0,1
1257,restaurant_0018.png,0,1
1258,restaurant_0018.png,1,1
1259,restaurant_0018.png,0,1
1260,restaurant_0018.png,0,1
1261,restaurant_0018.png,2,1
1262,restaurant_0018.png,1,1
1263,restaurant_0018.png,2,1
1264,restaurant_0018.png,4,1
1265,restaurant_0018.png,4,1
1266,restaurant_0018.png,3,1
1267,restaurant_0018.png,4,1
1268,restaurant_0020.png,4,2
1269,restaurant_0020.png,3,2
1270,restaurant_0020.png,4,2
1271,restaurant_0020.png,2,2
1272,restaurant_0020.png,3,2
1273,restaurant_0020.png,3,2
1274,restaurant_0020.png,2,2
1275,restaurant_0020.png,3,2
1276,restaurant_0020.png,3,2
1277,restaurant_0020.png,2,2
1278,restaurant_0020.png,4,2
1279,restaurant_0020.png,2,2
1280,restaurant_0020.png,2,2
1281,restaurant_0020.png,2,2
1282,restaurant_0020.png,3,2
1283,restaurant_0020.png,3,2
1284,restaurant_0020.png,3,2
1285,restaurant_0020.png,3,2
1286,restaurant_0020.png,3,2
1287,restaurant_0020.png,1,2
1288,restaurant_0020.png,1,2
1289,restaurant_0020.png,1,2
1290,restaurant_0020.png,1,2
1291,restaurant_0020.png,3,2
1292,restaurant_0020.png,0,2
1293,restaurant_0021.png,1,1
1294,restaurant_0021.png,1,1
1295,restaurant_0021.png,2,1
1296,restaurant_0021.png,2,1
1297,restaurant_0021.png,0,1
1298,restaurant_0021.png,3,1
1299,restaurant_0021.png,2,1
1300,restaurant_0021.png,4,1
1301,restaurant_0021.png,0,1
1302,restaurant_0021.png,2,1
1303,restaurant_0021.png,0,1
1304,restaurant_0021.png,0,1
1305,restaurant_0021.png,1,1
1306,restaurant_0021.png,4,1
1307,restaurant_0021.png,2,1
1308,restaurant_0021.png,2,1
1309,restaurant_0021.png,1,1
1310,restaurant_0021.png,3,1
1311,restaurant_0021.png,0,1
1312,restaurant_0021.png,1,1
1313,restaurant_0021.png,0,1
1314,restaurant_0021.png,0,1
1315,restaurant_0021.png,3,1
1316,restaurant_0021.png,0,1
1317,restaurant_0021.png,1,1
1318,restaurant_0021.png,4,1
1319,restaurant_0022.png,4,1
1320,restaurant_0022.png,1,1
1321,restaurant_0022.png,1,1
1322,restaurant_0022.png,4,1
1323,restaurant_0022.png,3,1
1324,restaurant_0022.png,3,1
1325,restaurant_0023.png,4,1
1326,restaurant_0023.png,3,1
1327,restaurant_0023.png,4,1
1328,restaurant_0023.png,3,1
1329,restaurant_0023.png,2,1
1330,restaurant_0023.png,3,1
1331,restaurant_0023.png,1,1
1332,restaurant_0023.png,2,1
1333,restaurant_0023.png,1,1
1334,restaurant_0023.png,4,1
1335,restaurant_0023.png,3,1
1336,restaurant_0023.png,1,1
1337,restaurant_0023.png,1,1
1338,restaurant_0023.png,1,1
1339,restaurant_0023.png,1,1
1340,restaurant_0023.png,1,1
1341,restaurant_0023.png,0,1
1342,zerokal_0001.png,4,1
1343,zerokal_0001.png,3,1
1344,zerokal_0001.png,3,1
1345,zerokal_0001.png,2,1
1346,zerokal_0002.png,4,0
1347,zerokal_0002.png,4,0
1348,zerokal_0002.png,4,0
1349,zerokal_0002.png,3,0
1350,zerokal_0002.png,2,0
1351,zerokal_0002.png,2,0
1352,zerokal_0003.png,4,3
1353,zerokal_0003.png,3,3
1354,zerokal_0003.png,3,3
1355,zerokal_0003.png,2,3
1356,zerokal_0004.png,3,1
1357,zerokal_0004.png,2,1
1358,zerokal_0004.png,4,1
1359,zerokal_0004.png,3,1
1360,zerokal_0004.png,2,1
1361,zerokal_0004.png,3,1
1362,zerokal_0004.png,4,1
1363,zerokal_0004.png,2,1
1364,zerokal_0004.png,2,1
1365,zerokal_0004.png,3,1
1366,zerokal_0004.png,2,1
1367,zerokal_0004.png,2,1
1368,zerokal_0004.png,2,1
1369,zerokal_0004.png,3,1
1370,zerokal_0004.png,4,1
1371,zerokal_0004.png,1,1
1372,zerokal_0004.png,2,1
1373,zerokal_0004.png,4,1
1374,zerokal_0004.png,3,1
1375,zerokal_0004.png,1,1
1376,zerokal_0004.png,3,1
1377,zerokal_0004.png,4,1
1378,zerokal_0004.png,4,1
1379,zerokal_0004.png,2,1
1380,zerokal_0005.png,0,4
1381,zerokal_0005.png,4,4
1382,zerokal_0005.png,4,4
1383,zerokal_0005.png,1,4
1384,zerokal_0005.png,1,4
1385,zerokal_0005.png,2,4
1386,zerokal_0005.png,0,4
1387,zerokal_0005.png,1,4
1388,zerokal_0005.png,4,4
1389,zerokal_0005.png,4,4
1390,zerokal_0006.png,1,4
1391,zerokal_0006.png,4,4
1392,zerokal_0006.png,4,4
1393,zerokal_0006.png,1,4
1394,zerokal_0006.png,4,4
1395,zerokal_0006.png,1,4
1396,zerokal_0006.png,1,4
1397,zerokal_0006.png,1,4
1398,zerokal_0006.png,1,4
1399,zerokal_0006.png,1,4
1400,zerokal_0006.png,1,4
1401,zerokal_0006.png,1,4
1402,zerokal_0006.png,3,4
1403,zerokal_0006.png,3,4
1404,zerokal_0006.png,1,4
1405,zerokal_0006.png,1,4
1406,zerokal_0006.png,2,4
1407,zerokal_0006.png,4,4
1408,zerokal_0007.png,2,3
1409,zerokal_0007.png,3,3
1410,zerokal_0007.png,1,3
1411,zerokal_0007.png,4,3
1412,zerokal_0007.png,3,3
1413,zerokal_0007.png,3,3
1414,zerokal_0007.png,3,3
1415,zerokal_0008.png,4,2
1416,zerokal_0008.png,4,2
1417,zerokal_0008.png,4,2
1418,zerokal_0008.png,3,2
1419,zerokal_0008.png,3,2
1420,zerokal_0008.png,4,2
1421,zerokal_0008.png,3,2
1422,zerokal_0008.png,3,2
1423,zerokal_0008.png,2,2
1424,zerokal_0008.png,1,2
1425,zerokal_0008.png,1,2
1426,zerokal_0008.png,0,2
1427,zerokal_0008.png,2,2
1428,zerokal_0008.png,1,2
1429,zerokal_0008.png,1,2
1430,zerokal_0008.png,1,2
1431,zerokal_0008.png,4,2
1432,zerokal_0009.png,3,0
1433,zerokal_0009.png,4,0
1434,zerokal_0009.png,4,0
1435,zerokal_0010.png,2,4
1436,zerokal_0010.png,4,4
1437,zerokal_0011.png,0,3
1438,zerokal_0011.png,4,3
1439,zerokal_0011.png,3,3
1440,zerokal_0011.png,2,3
1441,zerokal_0011.png,4,3
1442,zerokal_0011.png,1,3
1443,zerokal_0011.png,1,3
1444,zerokal_0011.png,2,3
1445,zerokal_0011.png,2,3
1446,zerokal_0011.png,3,3
1447,zerokal_0012.png,4,0
1448,zerokal_0012.png,3,0
1449,zerokal_0012.png,4,0
1450,zerokal_0012.png,4,0
1451,zerokal_0012.png,4,0
1452,zerokal_0013.png,0,1
1453,zerokal_0013.png,4,1
1454,zerokal_0013.png,4,1
1455,zerokal_0013.png,1,1
1456,zerokal_0013.png,1,1
1457,zerokal_0013.png,1,1
1458,zerokal_0013.png,0,1
1459,zerokal_0013.png,0,1
1460,zerokal_0013.png,4,1
1461,zerokal_0013.png,4,1
1462,zerokal_0014.png,4,1
1463,zerokal_0014.png,4,1
1464,zerokal_0014.png,4,1
1465,zerokal_0014.png,3,1
1466,zerokal_0014.png,4,1
1467,zerokal_0014.png,3,1
1468,zerokal_0015.png,3,1
1469,zerokal_0015.png,3,1
1470,zerokal_0015.png,4,1
1471,zerokal_0015.png,4,1
1472,zerokal_0015.png,4,1
1473,zerokal_0015.png,2,1
1474,zerokal_0015.png,1,1
1475,zerokal_0015.png,2,1
1476,zerokal_0015.png,1,1
1477,zerokal_0015.png,3,1
1478,zerokal_0015.png,3,1
1479,zerokal_0015.png,3,1
1480,zerokal_0015.png,1,1
1481,zerokal_0015.png,1,1
1482,zerokal_0017.png,0,1
1483,zerokal_0017.png,4,1
1484,zerokal_0017.png,4,1
1485,zerokal_0017.png,1,1
1486,zerokal_0017.png,1,1
1487,zerokal_0017.png,1,1
1488,zerokal_0017.png,0,1
1489,zerokal_0017.png,1,1
1490,zerokal_0017.png,3,1
1491,zerokal_0017.png,4,1
1492,zerokal_0018.png,4,2
1493,zerokal_0018.png,4,2
1494,zerokal_0018.png,4,2
1495,zerokal_0018.png,1,2
1496,zerokal_0018.png,1,2
1497,zerokal_0018.png,3,2
1498,zerokal_0018.png,2,2
1499,zerokal_0018.png,1,2
1500,zerokal_0019.png,4,3
1501,zerokal_0019.png,4,3
1502,zerokal_0019.png,4,3
1503,zerokal_0019.png,1,3
1504,zerokal_0019.png,4,3
1505,zerokal_0019.png,1,3
1506,zerokal_0019.png,1,3
1507,zerokal_0019.png,1,3
1508,zerokal_0019.png,0,3
1509,zerokal_0019.png,4,3
1510,zerokal_0019.png,3,3
1511,zerokal_0019.png,1,3
1512,zerokal_0019.png,0,3
1513,travelgram_0001.png,1,1
1514,travelgram_0001.png,2,1
1515,travelgram_0001.png,3,1
1516,travelgram_0001.png,4,1
1517,travelgram_0001.png,2,1
1518,travelgram_0005.png,4,0
1519,travelgram_0005.png,4,0
1520,travelgram_0005.png,4,0
1521,travelgram_0005.png,4,0
1522,travelgram_0005.png,2,0
1523,travelgram_0010.png,4,0
1524,travelgram_0011.png,2,0
1525,travelgram_0012.png,2,1
1526,travelgram_0012.png,1,1
1527,travelgram_0012.png,3,1
1528,travelgram_0012.png,4,1
1529,travelgram_0012.png,2,1
1530,travelgram_0012.png,2,1
1531,travelgram_0012.png,1,1
1532,travelgram_0012.png,4,1
1533,travelgram_0012.png,0,1
1534,travelgram_0012.png,2,1
1535,travelgram_0012.png,4,1
1536,travelgram_0012.png,1,1
1537,travelgram_0012.png,1,1
1538,travelgram_0012.png,1,1
1539,travelgram_0012.png,1,1
1540,travelgram_0012.png,1,1
1541,travelgram_0012.png,1,1
1542,travelgram_0012.png,1,1
1543,travelgram_0012.png,1,1
1544,travelgram_0012.png,0,1
1545,travelgram_0012.png,2,1
1546,travelgram_0012.png,2,1
1547,travelgram_0012.png,3,1
1548,travelgram_0012.png,3,1
1549,travelgram_0013.png,4,1
1550,travelgram_0013.png,4,1
1551,travelgram_0013.png,3,1
1552,travelgram_0013.png,1,1
1553,travelgram_0013.png,2,1
1554,travelgram_0016.png,4,1
1555,travelgram_0016.png,2,1
1556,travelgram_0016.png,1,1
1557,travelgram_0016.png,4,1
1558,travelgram_0016.png,3,1
1559,travelgram_0016.png,2,1
1560,travelgram_0016.png,0,1
1561,travelgram_0016.png,4,1
1562,travelgram_0016.png,3,1
1563,travelgram_0016.png,4,1
1564,travelgram_0016.png,4,1
1565,travelgram_0016.png,4,1
1566,travelgram_0016.png,4,1
1567,travelgram_0016.png,1,1
1568,travelgram_0016.png,4,1
1569,travelgram_0016.png,4,1
1570,travelgram_0016.png,4,1
1571,travelgram_0016.png,3,1
1572,travelgram_0016.png,4,1
1573,travelgram_0016.png,4,1
1574,travelgram_0016.png,4,1
1575,travelgram_0016.png,3,1
1576,travelgram_0016.png,1,1
1577,travelgram_0016.png,1,1
1578,travelgram_0017.png,4,4
1579,travelgram_0017.png,4,4
1580,travelgram_0017.png,4,4
1581,travelgram_0017.png,4,4
1582,travelgram_0017.png,4,4
1583,travelgram_0021.png,4,1
1584,travelgram_0021.png,4,1
1585,travelgram_0021.png,4,1
1586,travelgram_0021.png,4,1
1587,travelgram_0021.png,2,1
1588,travelgram_0021.png,3,1
1589,travelgram_0021.png,1,1
1590,travelgram_0021.png,3,1
1591,travelgram_0021.png,1,1
1592,travelgram_0021.png,2,1
1593,travelgram_0021.png,1,1
1594,travelgram_0021.png,3,1
1595,travelgram_0021.png,4,1
1596,travelgram_0021.png,4,1
1597,travelgram_0021.png,4,1
1598,travelgram_0021.png,4,1
1599,travelgram_0021.png,3,1
1600,travelgram_0021.png,3,1
1601,travelgram_0021.png,1,1
1602,travelgram_0021.png,0,1
1603,travelgram_0021.png,2,1
1604,travelgram_0021.png,1,1
1605,travelgram_0021.png,1,1
1606,travelgram_0021.png,1,1
1607,travelgram_0021.png,1,1
1608,travelgram_0021.png,0,1
1609,travelgram_0021.png,1,1
1610,travelgram_0021.png,4,1
1611,travelgram_0021.png,3,1
1612,travelgram_0021.png,4,1
1613,travelgram_0023.png,2,0
1614,travelgram_0023.png,2,0
1615,travelgram_0023.png,0,0
1616,travelgram_0023.png,3,0
1617,travelgram_0023.png,4,0
1618,travelgram_0024.png,4,0
1619,travelgram_0024.png,4,0
1620,travelgram_0024.png,4,0
1621,travelgram_0024.png,3,0
1622,travelgram_0024.png,4,0
1623,travelgram_0024.png,3,0
1624,travelgram_0024.png,4,0
1625,travelgram_0024.png,2,0
1626,travelgram_0024.png,3,0
1627,travelgram_0024.png,2,0
1628,travelgram_0024.png,4,0
1629,travelgram_0024.png,3,0
1630,travelgram_0025.png,2,4
1631,travelgram_0025.png,4,4
1632,travelgram_0025.png,0,4
1633,travelgram_0025.png,0,4
1634,travelgram_0031.png,4,3
1635,travelgram_0031.png,4,3
1636,travelgram_0031.png,3,3
1637,travelgram_0031.png,3,3
1638,travelgram_0031.png,4,3
1639,travelgram_0033.png,2,4
1640,travelgram_0033.png,4,4
1641,travelgram_0033.png,3,4
1642,travelgram_0033.png,4,4
1643,travelgram_0036.png,4,3
1644,travelgram_0036.png,4,3
1645,travelgram_0036.png,4,3
1646,travelgram_0036.png,3,3
1647,travelgram_0036.png,3,3
1648,travelgram_0037.png,4,2
1649,travelgram_0037.png,3,2
1650,travelgram_0037.png,2,2
1651,travelgram_0037.png,3,2
1652,travelgram_0038.png,4,0
1653,travelgram_0038.png,4,0
1654,travelgram_0038.png,4,0
1655,travelgram_0038.png,3,0
1656,travelgram_0038.png,3,0
1657,travelgram_0040.png,4,0
1658,travelgram_0040.png,4,0
1659,travelgram_0040.png,4,0
1660,travelgram_0040.png,1,0
1661,travelgram_0040.png,1,0
1662,travelgram_0040.png,3,0
1663,travelgram_0040.png,4,0
1664,travelgram_0040.png,3,0
1665,travelgram_0040.png,2,0
1666,travelgram_0040.png,2,0
1667,travelgram_0040.png,1,0
1668,travelgram_0040.png,2,0
1669,travelgram_0040.png,4,0
1670,travelgram_0040.png,4,0
1671,travelgram_0040.png,2,0
1672,travelgram_0047.png,2,3
1673,travelgram_0047.png,4,3
1674,travelgram_0047.png,1,3
1675,travelgram_0047.png,3,3
1676,travelgram_0047.png,3,3
1677,travelgram_0049.png,1,3
1678,travelgram_0049.png,2,3
1679,travelgram_0049.png,0,3
1680,travelgram_0049.png,0,3
1681,travelgram_0049.png,2,3
1682,travelgram_0050.png,3,1
1683,travelgram_0050.png,3,1
1684,travelgram_0050.png,2,1
1685,travelgram_0050.png,4,1
1686,travelgram_0050.png,1,1
1687,travelgram_0052.png,1,0
1688,travelgram_0052.png,2,0
1689,travelgram_0052.png,3,0
1690,travelgram_0052.png,1,0
1691,travelgram_0053.png,2,3
1692,travelgram_0054.png,1,4
1693,travelgram_0054.png,2,4
1694,travelgram_0054.png,2,4
1695,travelgram_0055.png,4,3
1696,travelgram_0055.png,4,3
1697,travelgram_0055.png,3,3
1698,travelgram_0055.png,3,3
1699,travelgram_0055.png,3,3
1700,travelgram_0056.png,3,1
1701,travelgram_0056.png,3,1
1702,travelgram_0056.png,4,1
1703,travelgram_0056.png,4,1
1704,travelgram_0056.png,3,1
1705,travelgram_0056.png,4,1
1706,travelgram_0056.png,3,1
1707,travelgram_0056.png,4,1
1708,travelgram_0056.png,4,1
1709,travelgram_0056.png,4,1
1710,travelgram_0056.png,4,1
1711,travelgram_0056.png,4,1
1712,travelgram_0056.png,4,1
1713,travelgram_0056.png,4,1
1714,travelgram_0056.png,4,1
1715,travelgram_0056.png,3,1
1716,travelgram_0056.png,4,1
1717,travelgram_0056.png,2,1
1718,travelgram_0056.png,4,1
1719,travelgram_0056.png,3,1
1720,travelgram_0056.png,3,1
1721,travelgram_0056.png,3,1
1722,travelgram_0056.png,3,1
1723,travelgram_0056.png,2,1
1724,travelgram_0056.png,4,1
1725,travelgram_0056.png,4,1
1726,travelgram_0056.png,4,1
1727,travelgram_0056.png,4,1
1728,travelgram_0056.png,4,1
1729,travelgram_0056.png,4,1
1730,travelgram_0057.png,0,1
1731,travelgram_0057.png,1,1
1732,travelgram_0058.png,4,3
1733,travelgram_0058.png,4,3
1734,travelgram_0058.png,1,3
1735,travelgram_0058.png,1,3
1736,travelgram_0058.png,3,3
1737,travelgram_0064.png,4,4
1738,travelgram_0064.png,3,4
1739,travelgram_0064.png,3,4
1740,travelgram_0064.png,4,4
1741,travelgram_0065.png,0,1
1742,travelgram_0067.png,3,1
1743,travelgram_0067.png,4,1
1744,travelgram_0068.png,4,4
1745,travelgram_0068.png,4,4
1746,travelgram_0069.png,4,1
1747,travelgram_0069.png,4,1
1748,travelgram_0069.png,1,1
1749,travelgram_0069.png,0,1
1750,travelgram_0069.png,1,1
1751,travelgram_0070.png,0,2
1752,travelgram_0070.png,0,2
1753,travelgram_0070.png,0,2
1754,travelgram_0070.png,0,2
1755,travelgram_0070.png,0,2
1756,travelgram_0070.png,0,2
1757,travelgram_0070.png,0,2
1758,travelgram_0070.png,0,2
1759,travelgram_0070.png,0,2
1760,travelgram_0070.png,0,2
1761,travelgram_0070.png,0,2
1762,travelgram_0071.png,0,4
1763,travelgram_0071.png,0,4
1764,travelgram_0071.png,0,4
1765,travelgram_0071.png,0,4
1766,travelgram_0071.png,1,4
1767,travelgram_0072.png,1,0
1768,travelgram_0072.png,0,0
1769,travelgram_0072.png,3,0
1770,travelgram_0072.png,0,0
1771,travelgram_0072.png,3,0
1772,travelgram_0075.png,4,1
1773,travelgram_0075.png,4,1
1774,travelgram_0075.png,4,1
1775,travelgram_0075.png,3,1
1776,travelgram_0075.png,4,1
1777,travelgram_0075.png,4,1
1778,travelgram_0081.png,1,4
1779,travelgram_0081.png,1,4
1780,travelgram_0081.png,0,4
1781,travelgram_0081.png,2,4
1782,travelgram_0081.png,2,4
1783,travelgram_0081.png,1,4
1784,travelgram_0081.png,1,4
1785,travelgram_0081.png,1,4
1786,travelgram_0081.png,2,4
1787,travelgram_0081.png,2,4
1788,travelgram_0082.png,4,4
1789,travelgram_0082.png,4,4
1790,travelgram_0082.png,3,4
1791,travelgram_0082.png,3,4
1792,travelgram_0082.png,3,4
1793,travelgram_0082.png,3,4
1794,travelgram_0082.png,3,4
1795,travelgram_0082.png,2,4
1796,travelgram_0082.png,3,4
1797,travelgram_0082.png,2,4
1798,travelgram_0082.png,2,4
1799,travelgram_0082.png,3,4
1800,travelgram_0082.png,2,4
1801,travelgram_0082.png,1,4
1802,travelgram_0082.png,1,4
1803,travelgram_0082.png,1,4
1804,travelgram_0082.png,1,4
1805,travelgram_0082.png,1,4
1806,travelgram_0082.png,2,4
1807,travelgram_0082.png,2,4
1808,travelgram_0082.png,2,4
1809,travelgram_0082.png,2,4
1810,travelgram_0082.png,2,4
1811,travelgram_0082.png,1,4
1812,travelgram_0082.png,1,4
1813,travelgram_0082.png,1,4
1814,travelgram_0082.png,1,4
1815,travelgram_0082.png,0,4
1816,travelgram_0082.png,2,4
1817,travelgram_0083.png,3,1
1818,travelgram_0085.png,3,0
1819,travelgram_0085.png,3,0
1820,travelgram_0085.png,3,0
1821,travelgram_0085.png,3,0
1822,travelgram_0085.png,3,0
1823,travelgram_0085.png,2,0
1824,travelgram_0085.png,3,0
1825,travelgram_0085.png,3,0
1826,travelgram_0085.png,2,0
1827,travelgram_0085.png,1,0
1828,travelgram_0085.png,3,0
1829,travelgram_0085.png,3,0
1830,travelgram_0085.png,0,0
1831,travelgram_0085.png,3,0
1832,travelgram_0085.png,1,0
1833,travelgram_0085.png,3,0
1834,travelgram_0085.png,2,0
1835,travelgram_0085.png,2,0
1836,travelgram_0085.png,2,0
1837,travelgram_0085.png,3,0
1838,travelgram_0085.png,3,0
1839,travelgram_0085.png,2,0
1840,travelgram_0085.png,2,0
1841,travelgram_0085.png,1,0
1842,travelgram_0085.png,1,0
1843,travelgram_0085.png,0,0
1844,travelgram_0085.png,1,0
1845,travelgram_0085.png,0,0
1846,travelgram_0085.png,4,0
1847,travelgram_0085.png,4,0
1848,travelgram_0087.png,2,3
1849,travelgram_0088.png,4,0
1850,travelgram_0088.png,1,0
1851,travelgram_0088.png,3,0
1852,travelgram_0088.png,3,0
1853,travelgram_0088.png,4,0
1854,travelgram_0092.png,3,4
1855,travelgram_0092.png,3,4
1856,travelgram_0092.png,4,4
1857,travelgram_0096.png,3,1
1858,travelgram_0096.png,3,1
1859,travelgram_0096.png,4,1
1860,travelgram_0096.png,3,1
1861,travelgram_0096.png,4,1
1862,travelgram_0097.png,1,1
1863,travelgram_0097.png,2,1
1864,travelgram_0097.png,1,1
1865,travelgram_0097.png,0,1
1866,travelgram_0097.png,2,1
1867,travelgram_0098.png,3,4
1868,travelgram_0098.png,3,4
1869,travelgram_0100.png,3,4
1870,travelgram_0100.png,3,4
1871,travelgram_0100.png,4,4
1872,travelgram_0100.png,3,4
1873,travelgram_0100.png,2,4
1874,solotravel_0001.png,1,1
1875,solotravel_0001.png,4,1
1876,solotravel_0001.png,4,1
1877,solotravel_0001.png,2,1
1878,solotravel_0002.png,4,1
1879,solotravel_0002.png,2,1
1880,solotravel_0002.png,4,1
1881,solotravel_0006.png,4,3
1882,solotravel_0006.png,3,3
1883,solotravel_0006.png,4,3
1884,solotravel_0008.png,3,0
1885,solotravel_0008.png,3,0
1886,solotravel_0008.png,3,0
1887,solotravel_0008.png,3,0
1888,solotravel_0008.png,4,0
1889,solotravel_0008.png,3,0
1890,solotravel_0008.png,1,0
1891,solotravel_0008.png,4,0
1892,solotravel_0008.png,1,0
1893,solotravel_0008.png,1,0
1894,solotravel_0008.png,1,0
1895,solotravel_0008.png,1,0
1896,solotravel_0008.png,2,0
1897,solotravel_0008.png,4,0
1898,solotravel_0008.png,3,0
1899,solotravel_0009.png,2,2
1900,solotravel_0009.png,4,2
1901,solotravel_0009.png,2,2
1902,solotravel_0009.png,3,2
1903,solotravel_0009.png,4,2
1904,solotravel_0010.png,1,1
1905,solotravel_0012.png,3,4
1906,solotravel_0012.png,3,4
1907,solotravel_0012.png,2,4
1908,solotravel_0012.png,2,4
1909,solotravel_0012.png,1,4
1910,solotravel_0015.png,4,0
1911,solotravel_0015.png,4,0
1912,solotravel_0015.png,3,0
1913,solotravel_0015.png,1,0
1914,solotravel_0015.png,2,0
1915,solotravel_0018.png,1,0
1916,solotravel_0018.png,2,0
1917,solotravel_0018.png,4,0
1918,solotravel_0018.png,2,0
1919,solotravel_0018.png,3,0
1920,solotravel_0020.png,4,4
1921,solotravel_0020.png,4,4
1922,solotravel_0020.png,4,4
1923,solotravel_0020.png,4,4
1924,solotravel_0020.png,2,4
1925,solotravel_0021.png,4,0
1926,solotravel_0021.png,4,0
1927,solotravel_0022.png,1,3
1928,solotravel_0022.png,1,3
1929,solotravel_0022.png,2,3
1930,solotravel_0023.png,4,3
1931,solotravel_0023.png,4,3
1932,solotravel_0023.png,4,3
1933,solotravel_0023.png,2,3
1934,solotravel_0023.png,2,3
1935,solotravel_0025.png,4,2
1936,solotravel_0026.png,3,0
1937,solotravel_0026.png,4,0
1938,solotravel_0026.png,3,0
1939,solotravel_0026.png,3,0
1940,solotravel_0026.png,3,0
1941,solotravel_0027.png,4,1
1942,solotravel_0027.png,4,1
1943,solotravel_0027.png,2,1
1944,solotravel_0027.png,1,1
1945,solotravel_0027.png,3,1
1946,solotravel_0029.png,3,0
1947,solotravel_0029.png,4,0
1948,solotravel_0031.png,4,1
1949,solotravel_0031.png,3,1
1950,solotravel_0031.png,2,1
1951,solotravel_0031.png,4,1
1952,solotravel_0031.png,3,1
1953,solotravel_0031.png,2,1
1954,solotravel_0033.png,4,2
1955,solotravel_0033.png,1,2
1956,solotravel_0033.png,2,2
1957,solotravel_0033.png,3,2
1958,solotravel_0033.png,2,2
1959,solotravel_0035.png,0,3
1960,solotravel_0035.png,0,3
1961,solotravel_0035.png,1,3
1962,solotravel_0035.png,1,3
1963,solotravel_0035.png,1,3
1964,solotravel_0037.png,4,2
1965,solotravel_0037.png,3,2
1966,solotravel_0037.png,1,2
1967,solotravel_0037.png,4,2
1968,solotravel_0038.png,2,3
1969,solotravel_0038.png,1,3
1970,solotravel_0038.png,1,3
1971,solotravel_0038.png,4,3
1972,solotravel_0038.png,4,3
1973,solotravel_0039.png,4,3
1974,solotravel_0039.png,1,3
1975,solotravel_0039.png,1,3
1976,solotravel_0039.png,1,3
1977,solotravel_0039.png,1,3
1978,solotravel_0039.png,4,3
1979,solotravel_0039.png,3,3
1980,solotravel_0039.png,3,3
1981,solotravel_0039.png,4,3
1982,solotravel_0039.png,1,3
1983,solotravel_0039.png,1,3
1984,solotravel_0039.png,2,3
1985,solotravel_0040.png,1,4
1986,solotravel_0040.png,2,4
1987,solotravel_0040.png,3,4
1988,solotravel_0040.png,2,4
1989,solotravel_0040.png,1,4
1990,solotravel_0040.png,3,4
1991,solotravel_0040.png,4,4
1992,solotravel_0040.png,1,4
1993,solotravel_0041.png,0,0
1994,solotravel_0041.png,0,0
1995,solotravel_0041.png,0,0
1996,solotravel_0041.png,0,0
1997,solotravel_0041.png,1,0
1998,solotravel_0041.png,0,0
1999,solotravel_0042.png,4,0
2000,solotravel_0042.png,4,0
2001,solotravel_0042.png,4,0
2002,solotravel_0042.png,3,0
2003,solotravel_0042.png,3,0
2004,solotravel_0043.png,4,2
2005,solotravel_0043.png,4,2
2006,solotravel_0043.png,4,2
2007,solotravel_0043.png,1,2
2008,solotravel_0043.png,4,2
2009,solotravel_0044.png,4,0
2010,solotravel_0044.png,3,0
2011,solotravel_0044.png,4,0
2012,solotravel_0046.png,1,3
2013,solotravel_0046.png,1,3
2014,solotravel_0046.png,1,3
2015,solotravel_0046.png,3,3
2016,solotravel_0046.png,3,3
2017,solotravel_0046.png,2,3
2018,solotravel_0046.png,1,3
2019,solotravel_0046.png,3,3
2020,solotravel_0046.png,3,3
2021,solotravel_0046.png,4,3
2022,solotravel_0046.png,4,3
2023,solotravel_0046.png,4,3
2024,solotravel_0046.png,2,3
2025,solotravel_0046.png,0,3
2026,solotravel_0046.png,2,3
2027,solotravel_0047.png,3,4
2028,solotravel_0047.png,4,4
2029,solotravel_0047.png,1,4
2030,solotravel_0047.png,2,4
2031,solotravel_0047.png,1,4
2032,solotravel_0047.png,1,4
2033,solotravel_0047.png,2,4
2034,solotravel_0047.png,2,4
2035,solotravel_0047.png,0,4
2036,solotravel_0047.png,0,4
2037,solotravel_0047.png,0,4
2038,solotravel_0048.png,4,4
2039,solotravel_0048.png,4,4
2040,solotravel_0048.png,4,4
2041,solotravel_0048.png,3,4
2042,solotravel_0048.png,3,4
2043,solotravel_0048.png,4,4
2044,solotravel_0048.png,2,4
2045,solotravel_0048.png,4,4
2046,solotravel_0048.png,4,4
2047,solotravel_0048.png,3,4
2048,solotravel_0048.png,3,4
2049,solotravel_0048.png,3,4
2050,solotravel_0048.png,4,4
2051,solotravel_0048.png,1,4
2052,solotravel_0049.png,4,1
2053,solotravel_0049.png,0,1
2054,solotravel_0049.png,1,1
2055,solotravel_0049.png,3,1
2056,solotravel_0049.png,4,1
2057,solotravel_0050.png,1,1
2058,solotravel_0051.png,4,3
2059,solotravel_0051.png,2,3
2060,solotravel_0051.png,3,3
2061,solotravel_0052.png,0,0
2062,solotravel_0052.png,2,0
2063,solotravel_0052.png,4,0
2064,solotravel_0052.png,4,0
2065,solotravel_0052.png,2,0
2066,solotravel_0054.png,4,0
2067,solotravel_0054.png,2,0
2068,solotravel_0054.png,2,0
2069,solotravel_0055.png,3,2
2070,solotravel_0055.png,3,2
2071,solotravel_0055.png,3,2
2072,solotravel_0055.png,2,2
2073,solotravel_0055.png,1,2
2074,solotravel_0057.png,1,2
2075,solotravel_0057.png,4,2
2076,solotravel_0059.png,4,3
2077,solotravel_0059.png,3,3
2078,solotravel_0059.png,4,3
2079,solotravel_0059.png,4,3
2080,solotravel_0059.png,2,3
2081,solotravel_0059.png,1,3
2082,solotravel_0059.png,4,3
2083,solotravel_0061.png,1,1
2084,solotravel_0061.png,0,1
2085,solotravel_0061.png,0,1
2086,solotravel_0061.png,0,1
2087,solotravel_0061.png,3,1
2088,solotravel_0061.png,3,1
2089,solotravel_0061.png,2,1
2090,solotravel_0061.png,1,1
2091,solotravel_0061.png,2,1
2092,solotravel_0061.png,2,1
2093,solotravel_0061.png,2,1
2094,solotravel_0061.png,0,1
2095,solotravel_0061.png,0,1
2096,solotravel_0062.png,4,3
2097,solotravel_0063.png,4,3
2098,solotravel_0063.png,4,3
2099,solotravel_0063.png,3,3
2100,solotravel_0063.png,3,3
2101,solotravel_0063.png,4,3
2102,solotravel_0063.png,3,3
2103,solotravel_0063.png,1,3
2104,solotravel_0063.png,1,3
2105,solotravel_0063.png,1,3
2106,solotravel_0063.png,3,3
2107,solotravel_0064.png,1,3
2108,solotravel_0064.png,1,3
2109,solotravel_0064.png,2,3
2110,solotravel_0064.png,3,3
2111,solotravel_0065.png,3,2
2112,solotravel_0065.png,4,2
2113,solotravel_0065.png,3,2
2114,solotravel_0065.png,3,2
2115,solotravel_0065.png,4,2
2116,solotravel_0066.png,3,1
2117,solotravel_0066.png,3,1
2118,solotravel_0066.png,4,1
2119,solotravel_0066.png,2,1
2120,solotravel_0066.png,2,1
2121,solotravel_0067.png,4,2
2122,solotravel_0067.png,4,2
2123,solotravel_0067.png,3,2
2124,solotravel_0067.png,3,2
2125,solotravel_0067.png,2,2
2126,solotravel_0068.png,4,3
2127,solotravel_0068.png,4,3
2128,solotravel_0068.png,4,3
2129,solotravel_0068.png,3,3
2130,solotravel_0068.png,1,3
2131,solotravel_0068.png,1,3
2132,solotravel_0068.png,0,3
2133,solotravel_0068.png,1,3
2134,solotravel_0068.png,1,3
2135,solotravel_0068.png,1,3
2136,solotravel_0068.png,1,3
2137,solotravel_0068.png,1,3
2138,solotravel_0068.png,1,3
2139,solotravel_0068.png,0,3
2140,solotravel_0069.png,4,4
2141,solotravel_0069.png,3,4
2142,solotravel_0069.png,4,4
2143,solotravel_0069.png,0,4
2144,solotravel_0069.png,0,4
2145,solotravel_0069.png,0,4
2146,solotravel_0069.png,1,4
2147,solotravel_0069.png,0,4
2148,solotravel_0069.png,1,4
2149,solotravel_0069.png,0,4
2150,solotravel_0069.png,0,4
2151,solotravel_0070.png,1,4
2152,solotravel_0070.png,4,4
2153,solotravel_0070.png,4,4
2154,solotravel_0071.png,1,0
2155,solotravel_0071.png,3,0
2156,solotravel_0071.png,1,0
2157,solotravel_0071.png,1,0
2158,solotravel_0071.png,1,0
2159,solotravel_0074.png,3,0
2160,solotravel_0074.png,3,0
2161,solotravel_0074.png,1,0
2162,solotravel_0074.png,2,0
2163,solotravel_0074.png,3,0
2164,solotravel_0074.png,3,0
2165,solotravel_0075.png,4,1
2166,solotravel_0075.png,4,1
2167,solotravel_0075.png,4,1
2168,solotravel_0075.png,3,1
2169,solotravel_0075.png,4,1
2170,solotravel_0075.png,3,1
2171,solotravel_0075.png,3,1
2172,solotravel_0075.png,1,1
2173,solotravel_0075.png,3,1
2174,solotravel_0075.png,2,1
2175,solotravel_0075.png,2,1
2176,solotravel_0076.png,4,4
2177,solotravel_0076.png,4,4
2178,solotravel_0076.png,4,4
2179,solotravel_0077.png,1,0
2180,solotravel_0077.png,0,0
2181,solotravel_0077.png,0,0
2182,solotravel_0077.png,0,0
2183,solotravel_0077.png,0,0
2184,solotravel_0079.png,4,2
2185,solotravel_0079.png,3,2
2186,solotravel_0079.png,3,2
2187,solotravel_0079.png,2,2
2188,solotravel_0079.png,2,2
2189,solotravel_0081.png,4,1
2190,solotravel_0081.png,4,1
2191,solotravel_0081.png,2,1
2192,solotravel_0081.png,3,1
2193,solotravel_0081.png,2,1
2194,solotravel_0082.png,4,2
2195,solotravel_0082.png,3,2
2196,solotravel_0082.png,4,2
2197,solotravel_0082.png,0,2
2198,solotravel_0082.png,0,2
2199,solotravel_0083.png,2,3
2200,solotravel_0083.png,3,3
2201,solotravel_0083.png,3,3
2202,solotravel_0083.png,4,3
2203,solotravel_0083.png,1,3
2204,solotravel_0084.png,3,4
2205,solotravel_0084.png,4,4
2206,solotravel_0084.png,3,4
2207,solotravel_0084.png,3,4
2208,solotravel_0084.png,4,4
2209,solotravel_0086.png,0,0
2210,solotravel_0086.png,0,0
2211,solotravel_0086.png,1,0
2212,solotravel_0086.png,0,0
2213,solotravel_0086.png,0,0
2214,solotravel_0087.png,3,0
2215,solotravel_0087.png,4,0
2216,solotravel_0087.png,4,0
2217,solotravel_0087.png,4,0
2218,solotravel_0087.png,1,0
2219,solotravel_0089.png,4,3
2220,solotravel_0089.png,3,3
2221,solotravel_0089.png,3,3
2222,solotravel_0089.png,4,3
2223,solotravel_0090.png,4,0
2224,solotravel_0090.png,4,0
2225,solotravel_0090.png,4,0
2226,solotravel_0090.png,3,0
2227,solotravel_0090.png,2,0
2228,solotravel_0090.png,3,0
2229,solotravel_0090.png,0,0
2230,solotravel_0090.png,1,0
2231,solotravel_0091.png,3,1
2232,solotravel_0091.png,4,1
2233,solotravel_0091.png,4,1
2234,solotravel_0091.png,2,1
2235,solotravel_0091.png,2,1
2236,solotravel_0096.png,4,4
2237,solotravel_0096.png,4,4
2238,solotravel_0096.png,3,4
2239,solotravel_0096.png,1,4
2240,solotravel_0096.png,2,4
2241,solotravel_0097.png,3,3
2242,solotravel_0097.png,4,3
2243,solotravel_0097.png,3,3
2244,solotravel_0099.png,4,1
2245,solotravel_0099.png,3,1
2246,solotravel_0099.png,4,1
2247,solotravel_0099.png,4,1
2248,solotravel_0099.png,1,1
2249,travel_0001.png,3,0
2250,travel_0001.png,4,0
2251,travel_0001.png,1,0
2252,travel_0001.png,4,0
2253,travel_0002.png,4,4
2254,travel_0002.png,4,4
2255,travel_0002.png,3,4
2256,travel_0002.png,1,4
2257,travel_0002.png,3,4
2258,travel_0003.png,4,1
2259,travel_0003.png,4,1
2260,travel_0003.png,2,1
2261,travel_0003.png,2,1
2262,travel_0003.png,1,1
2263,travel_0004.png,4,0
2264,travel_0004.png,2,0
2265,travel_0004.png,4,0
2266,travel_0004.png,3,0
2267,travel_0004.png,2,0
2268,travel_0005.png,4,4
2269,travel_0005.png,0,4
2270,travel_0005.png,0,4
2271,travel_0005.png,1,4
2272,travel_0005.png,3,4
2273,travel_0005.png,3,4
2274,travel_0005.png,1,4
2275,travel_0005.png,0,4
2276,travel_0005.png,1,4
2277,travel_0005.png,1,4
2278,travel_0005.png,0,4
2279,travel_0007.png,2,3
2280,travel_0007.png,3,3
2281,travel_0009.png,4,4
2282,travel_0009.png,3,4
2283,travel_0009.png,3,4
2284,travel_0009.png,3,4
2285,travel_0012.png,4,2
2286,travel_0012.png,2,2
2287,travel_0012.png,3,2
2288,travel_0012.png,3,2
2289,travel_0012.png,3,2
2290,travel_0013.png,2,2
2291,travel_0013.png,3,2
2292,travel_0013.png,1,2
2293,travel_0013.png,4,2
2294,travel_0013.png,1,2
2295,travel_0013.png,2,2
2296,travel_0013.png,2,2
2297,travel_0013.png,0,2
2298,travel_0013.png,4,2
2299,travel_0013.png,0,2
2300,travel_0013.png,4,2
2301,travel_0013.png,0,2
2302,travel_0013.png,1,2
2303,travel_0013.png,0,2
2304,travel_0013.png,1,2
2305,travel_0013.png,3,2
2306,travel_0013.png,0,2
2307,travel_0013.png,4,2
2308,travel_0013.png,0,2
2309,travel_0013.png,4,2
2310,travel_0013.png,0,2
2311,travel_0013.png,3,2
2312,travel_0013.png,0,2
2313,travel_0013.png,0,2
2314,travel_0013.png,1,2
2315,travel_0013.png,4,2
2316,travel_0013.png,4,2
2317,travel_0013.png,3,2
2318,travel_0013.png,4,2
2319,travel_0013.png,0,2
2320,travel_0015.png,4,2
2321,travel_0018.png,1,2
2322,travel_0018.png,0,2
2323,travel_0018.png,0,2
2324,travel_0018.png,1,2
2325,travel_0018.png,0,2
2326,travel_0018.png,0,2
2327,travel_0019.png,3,3
2328,travel_0019.png,4,3
2329,travel_0019.png,4,3
2330,travel_0019.png,3,3
2331,travel_0020.png,4,2
2332,travel_0020.png,4,2
2333,travel_0020.png,3,2
2334,travel_0020.png,2,2
2335,travel_0022.png,4,1
2336,travel_0022.png,3,1
2337,travel_0022.png,3,1
2338,travel_0022.png,3,1
2339,travel_0022.png,2,1
2340,travel_0022.png,1,1
2341,travel_0022.png,1,1
2342,travel_0022.png,1,1
2343,travel_0022.png,3,1
2344,travel_0022.png,1,1
2345,travel_0022.png,0,1
2346,travel_0022.png,2,1
2347,travel_0022.png,2,1
2348,travel_0022.png,2,1
2349,travel_0022.png,2,1
2350,travel_0023.png,3,2
2351,travel_0023.png,4,2
2352,travel_0023.png,4,2
2353,travel_0023.png,3,2
2354,travel_0026.png,4,3
2355,travel_0029.png,4,3
2356,travel_0029.png,3,3
2357,travel_0029.png,1,3
2358,travel_0029.png,2,3
2359,travel_0029.png,0,3
2360,travel_0031.png,3,0
2361,travel_0031.png,4,0
2362,travel_0031.png,1,0
2363,travel_0031.png,0,0
2364,travel_0031.png,0,0
2365,travel_0031.png,1,0
2366,travel_0031.png,1,0
2367,travel_0031.png,0,0
2368,travel_0031.png,1,0
2369,travel_0032.png,4,3
2370,travel_0032.png,4,3
2371,travel_0032.png,3,3
2372,travel_0032.png,4,3
2373,travel_0032.png,3,3
2374,travel_0033.png,0,1
2375,travel_0033.png,1,1
2376,travel_0033.png,1,1
2377,travel_0034.png,1,0
2378,travel_0034.png,4,0
2379,travel_0034.png,4,0
2380,travel_0034.png,3,0
2381,travel_0036.png,0,2
2382,travel_0036.png,0,2
2383,travel_0036.png,0,2
2384,travel_0038.png,3,2
2385,travel_0038.png,4,2
2386,travel_0038.png,4,2
2387,travel_0038.png,2,2
2388,travel_0038.png,0,2
2389,travel_0043.png,4,3
2390,travel_0043.png,3,3
2391,travel_0043.png,2,3
2392,travel_0044.png,3,2
2393,travel_0044.png,3,2
2394,travel_0044.png,4,2
2395,travel_0045.png,2,3
2396,travel_0045.png,4,3
2397,travel_0045.png,0,3
2398,travel_0045.png,2,3
2399,travel_0045.png,2,3
2400,travel_0045.png,2,3
2401,travel_0045.png,0,3
2402,travel_0045.png,0,3
2403,travel_0045.png,0,3
2404,travel_0045.png,0,3
2405,travel_0045.png,0,3
2406,travel_0045.png,0,3
2407,travel_0046.png,3,1
2408,travel_0046.png,3,1
2409,travel_0046.png,4,1
2410,travel_0046.png,4,1
2411,travel_0046.png,4,1
2412,travel_0046.png,0,1
2413,travel_0046.png,2,1
2414,travel_0046.png,3,1
2415,travel_0046.png,1,1
2416,travel_0047.png,0,4
2417,travel_0047.png,4,4
2418,travel_0047.png,3,4
2419,travel_0047.png,1,4
2420,travel_0047.png,2,4
2421,travel_0048.png,4,3
2422,travel_0048.png,3,3
2423,travel_0048.png,3,3
2424,travel_0048.png,4,3
2425,travel_0049.png,2,1
2426,travel_0049.png,1,1
2427,travel_0049.png,4,1
2428,travel_0049.png,4,1
2429,travel_0049.png,3,1
2430,travel_0049.png,1,1
2431,travel_0049.png,4,1
2432,travel_0049.png,4,1
2433,travel_0049.png,4,1
2434,travel_0049.png,3,1
2435,travel_0049.png,4,1
2436,travel_0050.png,4,4
2437,travel_0050.png,3,4
2438,travel_0050.png,2,4
2439,travel_0050.png,2,4
2440,travel_0050.png,3,4
2441,travel_0051.png,4,4
2442,travel_0051.png,4,4
2443,travel_0051.png,4,4
2444,travel_0051.png,3,4
2445,travel_0051.png,2,4
2446,travel_0051.png,4,4
2447,travel_0051.png,3,4
2448,travel_0051.png,3,4
2449,travel_0051.png,4,4
2450,travel_0051.png,4,4
2451,travel_0051.png,1,4
2452,travel_0051.png,2,4
2453,travel_0051.png,3,4
2454,travel_0051.png,1,4
2455,travel_0051.png,4,4
2456,travel_0051.png,3,4
2457,travel_0051.png,4,4
2458,travel_0051.png,4,4
2459,travel_0051.png,4,4
2460,travel_0051.png,3,4
2461,travel_0053.png,1,4
2462,travel_0053.png,3,4
2463,travel_0053.png,1,4
2464,travel_0053.png,1,4
2465,travel_0053.png,2,4
2466,travel_0053.png,1,4
2467,travel_0053.png,1,4
2468,travel_0056.png,1,4
2469,travel_0056.png,3,4
2470,travel_0056.png,2,4
2471,travel_0056.png,0,4
2472,travel_0056.png,0,4
2473,travel_0057.png,1,1
2474,travel_0057.png,4,1
2475,travel_0057.png,3,1
2476,travel_0057.png,1,1
2477,travel_0057.png,1,1
2478,travel_0058.png,4,3
2479,travel_0058.png,4,3
2480,travel_0058.png,1,3
2481,travel_0058.png,4,3
2482,travel_0058.png,2,3
2483,travel_0059.png,4,1
2484,travel_0059.png,3,1
2485,travel_0059.png,3,1
2486,travel_0061.png,0,4
2487,travel_0061.png,0,4
2488,travel_0061.png,1,4
2489,travel_0061.png,0,4
2490,travel_0061.png,0,4
2491,travel_0061.png,1,4
2492,travel_0061.png,0,4
2493,travel_0061.png,1,4
2494,travel_0061.png,0,4
2495,travel_0061.png,3,4
2496,travel_0061.png,1,4
2497,travel_0061.png,0,4
2498,travel_0061.png,0,4
2499,travel_0061.png,0,4
2500,travel_0061.png,0,4
2501,travel_0061.png,0,4
2502,travel_0061.png,0,4
2503,travel_0061.png,0,4
2504,travel_0061.png,0,4
2505,travel_0061.png,0,4
2506,travel_0061.png,1,4
2507,travel_0061.png,0,4
2508,travel_0061.png,2,4
2509,travel_0061.png,2,4
2510,travel_0061.png,1,4
2511,travel_0061.png,1,4
2512,travel_0062.png,4,1
2513,travel_0062.png,4,1
2514,travel_0062.png,4,1
2515,travel_0062.png,4,1
2516,travel_0062.png,2,1
2517,travel_0063.png,1,0
2518,travel_0063.png,0,0
2519,travel_0063.png,1,0
2520,travel_0063.png,1,0
2521,travel_0063.png,1,0
2522,travel_0066.png,0,3
2523,travel_0066.png,0,3
2524,travel_0066.png,0,3
2525,travel_0066.png,0,3
2526,travel_0066.png,0,3
2527,travel_0067.png,4,2
2528,travel_0067.png,4,2
2529,travel_0067.png,2,2
2530,travel_0067.png,4,2
2531,travel_0069.png,3,2
2532,travel_0069.png,4,2
2533,travel_0069.png,3,2
2534,travel_0069.png,4,2
2535,travel_0071.png,4,2
2536,travel_0071.png,4,2
2537,travel_0073.png,4,1
2538,travel_0074.png,1,0
2539,travel_0074.png,0,0
2540,travel_0074.png,1,0
2541,travel_0074.png,1,0
2542,travel_0074.png,1,0
2543,travel_0074.png,1,0
2544,travel_0074.png,0,0
2545,travel_0074.png,3,0
2546,travel_0074.png,1,0
2547,travel_0074.png,1,0
2548,travel_0074.png,1,0
2549,travel_0074.png,1,0
2550,travel_0074.png,0,0
2551,travel_0074.png,0,0
2552,travel_0074.png,0,0
2553,travel_0074.png,0,0
2554,travel_0074.png,0,0
2555,travel_0074.png,1,0
2556,travel_0074.png,1,0
2557,travel_0074.png,0,0
2558,travel_0074.png,3,0
2559,travel_0074.png,0,0
2560,travel_0074.png,0,0
2561,travel_0074.png,1,0
2562,travel_0074.png,0,0
2563,travel_0076.png,3,4
2564,travel_0076.png,2,4
2565,travel_0076.png,4,4
2566,travel_0076.png,3,4
2567,travel_0076.png,4,4
2568,travel_0076.png,2,4
2569,travel_0076.png,4,4
2570,travel_0076.png,1,4
2571,travel_0076.png,4,4
2572,travel_0076.png,2,4
2573,travel_0076.png,2,4
2574,travel_0076.png,1,4
2575,travel_0076.png,2,4
2576,travel_0076.png,4,4
2577,travel_0077.png,1,1
2578,travel_0077.png,2,1
2579,travel_0078.png,4,0
2580,travel_0078.png,3,0
2581,travel_0078.png,3,0
2582,travel_0078.png,3,0
2583,travel_0078.png,3,0
2584,travel_0078.png,1,0
2585,travel_0078.png,2,0
2586,travel_0078.png,1,0
2587,travel_0079.png,4,4
2588,travel_0079.png,3,4
2589,travel_0079.png,4,4
2590,travel_0079.png,0,4
2591,travel_0082.png,1,3
2592,travel_0082.png,4,3
2593,travel_0082.png,3,3
2594,travel_0082.png,1,3
2595,travel_0082.png,3,3
2596,travel_0082.png,3,3
2597,travel_0082.png,0,3
2598,travel_0083.png,4,0
2599,travel_0083.png,3,0
2600,travel_0083.png,4,0
2601,travel_0083.png,4,0
2602,travel_0083.png,4,0
2603,travel_0084.png,4,0
2604,travel_0085.png,4,4
2605,travel_0085.png,4,4
2606,travel_0085.png,2,4
2607,travel_0085.png,0,4
2608,travel_0085.png,1,4
2609,travel_0086.png,1,2
2610,travel_0086.png,1,2
2611,travel_0086.png,1,2
2612,travel_0087.png,3,4
2613,travel_0087.png,2,4
2614,travel_0087.png,3,4
2615,travel_0087.png,1,4
2616,travel_0087.png,2,4
2617,travel_0090.png,0,4
2618,travel_0090.png,4,4
2619,travel_0090.png,3,4
2620,travel_0090.png,3,4
2621,travel_0090.png,2,4
2622,travel_0090.png,4,4
2623,travel_0090.png,4,4
2624,travel_0090.png,0,4
2625,travel_0092.png,0,2
2626,travel_0092.png,0,2
2627,travel_0092.png,4,2
2628,travel_0092.png,1,2
2629,travel_0092.png,1,2
2630,travel_0092.png,1,2
2631,travel_0092.png,0,2
2632,travel_0092.png,0,2
2633,travel_0092.png,1,2
2634,travel_0092.png,0,2
2635,travel_0093.png,3,1
2636,travel_0093.png,4,1
2637,travel_0093.png,1,1
2638,travel_0093.png,1,1
2639,travel_0093.png,1,1
2640,travel_0093.png,1,1
2641,travel_0093.png,1,1
2642,travel_0093.png,1,1
2643,travel_0093.png,1,1
2644,travel_0093.png,4,1
2645,travel_0093.png,2,1
2646,travel_0095.png,4,3
2647,travel_0097.png,4,2
2648,travel_0097.png,3,2
2649,travel_0097.png,2,2
2650,foodstagram_0003.png,4,1
2651,foodstagram_0003.png,4,1
2652,foodstagram_0003.png,4,1
2653,foodstagram_0003.png,2,1
2654,foodstagram_0005.png,1,2
2655,foodstagram_0005.png,0,2
2656,foodstagram_0005.png,3,2
2657,foodstagram_0006.png,4,1
2658,foodstagram_0006.png,4,1
2659,foodstagram_0009.png,3,0
2660,foodstagram_0009.png,4,0
2661,foodstagram_0009.png,4,0
2662,foodstagram_0009.png,3,0
2663,foodstagram_0009.png,4,0
2664,foodstagram_0011.png,0,2
2665,foodstagram_0011.png,4,2
2666,foodstagram_0012.png,4,3
2667,foodstagram_0012.png,2,3
2668,foodstagram_0012.png,4,3
2669,foodstagram_0012.png,3,3
2670,foodstagram_0012.png,4,3
2671,foodstagram_0012.png,3,3
2672,foodstagram_0012.png,3,3
2673,foodstagram_0012.png,3,3
2674,foodstagram_0012.png,3,3
2675,foodstagram_0012.png,4,3
2676,foodstagram_0012.png,4,3
2677,foodstagram_0012.png,1,3
2678,foodstagram_0012.png,1,3
2679,foodstagram_0012.png,2,3
2680,foodstagram_0012.png,2,3
2681,foodstagram_0012.png,3,3
2682,foodstagram_0012.png,4,3
2683,foodstagram_0012.png,3,3
2684,foodstagram_0012.png,4,3
2685,foodstagram_0012.png,4,3
2686,foodstagram_0012.png,3,3
2687,foodstagram_0012.png,3,3
2688,foodstagram_0012.png,3,3
2689,foodstagram_0013.png,4,0
2690,foodstagram_0013.png,1,0
2691,foodstagram_0013.png,4,0
2692,foodstagram_0013.png,4,0
2693,foodstagram_0013.png,4,0
2694,foodstagram_0013.png,4,0
2695,foodstagram_0014.png,4,3
2696,foodstagram_0014.png,3,3
2697,foodstagram_0015.png,4,1
2698,foodstagram_0015.png,4,1
2699,foodstagram_0015.png,4,1
2700,foodstagram_0015.png,4,1
2701,foodstagram_0015.png,4,1
2702,foodstagram_0018.png,1,0
2703,foodstagram_0018.png,4,0
2704,foodstagram_0018.png,1,0
2705,foodstagram_0018.png,3,0
2706,foodstagram_0018.png,2,0
2707,foodstagram_0018.png,3,0
2708,foodstagram_0018.png,3,0
2709,foodstagram_0018.png,3,0
2710,foodstagram_0018.png,3,0
2711,foodstagram_0018.png,2,0
2712,foodstagram_0018.png,3,0
2713,foodstagram_0018.png,3,0
2714,foodstagram_0018.png,1,0
2715,foodstagram_0018.png,1,0
2716,foodstagram_0018.png,0,0
2717,foodstagram_0018.png,1,0
2718,foodstagram_0018.png,1,0
2719,foodstagram_0018.png,1,0
2720,foodstagram_0018.png,3,0
2721,foodstagram_0018.png,1,0
2722,foodstagram_0018.png,1,0
2723,foodstagram_0018.png,2,0
2724,foodstagram_0018.png,2,0
2725,foodstagram_0018.png,1,0
2726,foodstagram_0018.png,3,0
2727,foodstagram_0018.png,2,0
2728,foodstagram_0018.png,3,0
2729,foodstagram_0018.png,3,0
2730,foodstagram_0018.png,4,0
2731,foodstagram_0018.png,0,0
2732,foodstagram_0019.png,1,4
2733,foodstagram_0020.png,1,1
2734,foodstagram_0020.png,4,1
2735,foodstagram_0020.png,1,1
2736,foodstagram_0020.png,1,1
2737,foodstagram_0020.png,2,1
2738,foodstagram_0020.png,0,1
2739,foodstagram_0020.png,1,1
2740,foodstagram_0020.png,1,1
2741,foodstagram_0020.png,1,1
2742,foodstagram_0020.png,1,1
2743,foodstagram_0020.png,1,1
2744,foodstagram_0020.png,1,1
2745,foodstagram_0020.png,1,1
2746,foodstagram_0020.png,1,1
2747,foodstagram_0020.png,1,1
2748,foodstagram_0020.png,1,1
2749,foodstagram_0020.png,1,1
2750,foodstagram_0020.png,2,1
2751,foodstagram_0020.png,2,1
2752,foodstagram_0020.png,1,1
2753,foodstagram_0020.png,0,1
2754,foodstagram_0020.png,3,1
2755,foodstagram_0020.png,3,1
2756,foodstagram_0020.png,3,1
2757,foodstagram_0020.png,3,1
2758,foodstagram_0020.png,1,1
2759,foodstagram_0020.png,1,1
2760,foodstagram_0020.png,0,1
2761,foodstagram_0020.png,1,1
2762,foodstagram_0020.png,3,1
2763,foodstagram_0021.png,4,2
2764,foodstagram_0021.png,3,2
2765,foodstagram_0021.png,2,2
2766,foodstagram_0021.png,4,2
2767,foodstagram_0022.png,4,1
2768,foodstagram_0023.png,3,0
2769,foodstagram_0023.png,3,0
2770,foodstagram_0023.png,1,0
2771,foodstagram_0025.png,4,1
2772,foodstagram_0025.png,1,1
2773,foodstagram_0025.png,3,1
2774,foodstagram_0025.png,4,1
2775,foodstagram_0026.png,1,3
2776,foodstagram_0026.png,1,3
2777,foodstagram_0026.png,4,3
2778,foodstagram_0026.png,3,3
2779,foodstagram_0026.png,4,3
2780,foodstagram_0026.png,3,3
2781,foodstagram_0026.png,1,3
2782,foodstagram_0026.png,1,3
2783,foodstagram_0026.png,2,3
2784,foodstagram_0026.png,2,3
2785,foodstagram_0026.png,2,3
2786,foodstagram_0026.png,2,3
2787,foodstagram_0026.png,2,3
2788,foodstagram_0026.png,2,3
2789,foodstagram_0026.png,2,3
2790,foodstagram_0026.png,2,3
2791,foodstagram_0026.png,1,3
2792,foodstagram_0026.png,4,3
2793,foodstagram_0026.png,4,3
2794,foodstagram_0026.png,4,3
2795,foodstagram_0026.png,4,3
2796,foodstagram_0026.png,1,3
2797,foodstagram_0026.png,1,3
2798,foodstagram_0026.png,1,3
2799,foodstagram_0026.png,1,3
2800,foodstagram_0026.png,1,3
2801,foodstagram_0026.png,1,3
2802,foodstagram_0026.png,1,3
2803,foodstagram_0027.png,2,0
2804,foodstagram_0027.png,4,0
2805,foodstagram_0027.png,4,0
2806,foodstagram_0027.png,3,0
2807,foodstagram_0027.png,4,0
2808,foodstagram_0027.png,3,0
2809,foodstagram_0027.png,3,0
2810,foodstagram_0027.png,2,0
2811,foodstagram_0027.png,0,0
2812,foodstagram_0027.png,4,0
2813,foodstagram_0027.png,2,0
2814,foodstagram_0027.png,3,0
2815,foodstagram_0027.png,4,0
2816,foodstagram_0027.png,2,0
2817,foodstagram_0030.png,4,0
2818,foodstagram_0030.png,4,0
2819,foodstagram_0030.png,4,0
2820,foodstagram_0030.png,4,0
2821,foodstagram_0030.png,0,0
2822,foodstagram_0031.png,0,3
2823,foodstagram_0031.png,0,3
2824,foodstagram_0031.png,0,3
2825,foodstagram_0031.png,0,3
2826,foodstagram_0031.png,0,3
2827,foodstagram_0031.png,0,3
2828,foodstagram_0032.png,4,3
2829,foodstagram_0032.png,4,3
2830,foodstagram_0032.png,4,3
2831,foodstagram_0032.png,2,3
2832,foodstagram_0034.png,4,0
2833,foodstagram_0034.png,4,0
2834,foodstagram_0035.png,4,4
2835,foodstagram_0035.png,4,4
2836,foodstagram_0035.png,4,4
2837,foodstagram_0035.png,3,4
2838,foodstagram_0035.png,3,4
2839,foodstagram_0036.png,4,0
2840,foodstagram_0037.png,4,2
2841,foodstagram_0037.png,2,2
2842,foodstagram_0039.png,4,2
2843,foodstagram_0039.png,4,2
2844,foodstagram_0039.png,4,2
2845,foodstagram_0039.png,4,2
2846,foodstagram_0039.png,4,2
2847,foodstagram_0039.png,4,2
2848,foodstagram_0040.png,4,0
2849,foodstagram_0040.png,4,0
2850,foodstagram_0040.png,3,0
2851,foodstagram_0040.png,1,0
2852,foodstagram_0041.png,3,4
2853,foodstagram_0041.png,2,4
2854,foodstagram_0041.png,4,4
2855,foodstagram_0041.png,4,4
2856,foodstagram_0041.png,3,4
2857,foodstagram_0042.png,2,0
2858,foodstagram_0044.png,4,4
2859,foodstagram_0044.png,3,4
2860,foodstagram_0044.png,4,4
2861,foodstagram_0044.png,4,4
2862,foodstagram_0044.png,1,4
2863,foodstagram_0045.png,3,0
2864,foodstagram_0045.png,3,0
2865,foodstagram_0045.png,3,0
2866,foodstagram_0048.png,3,1
2867,foodstagram_0048.png,4,1
2868,foodstagram_0048.png,2,1
2869,foodstagram_0048.png,2,1
2870,foodstagram_0048.png,4,1
2871,foodstagram_0050.png,4,0
2872,foodstagram_0050.png,3,0
2873,foodstagram_0050.png,2,0
2874,foodstagram_0050.png,1,0
2875,foodstagram_0051.png,1,1
2876,foodstagram_0051.png,4,1
2877,foodstagram_0051.png,4,1
2878,foodstagram_0051.png,4,1
2879,foodstagram_0051.png,3,1
2880,foodstagram_0052.png,1,1
2881,foodstagram_0052.png,4,1
2882,foodstagram_0054.png,3,2
2883,foodstagram_0055.png,4,2
2884,foodstagram_0055.png,4,2
2885,foodstagram_0055.png,3,2
2886,foodstagram_0055.png,3,2
2887,foodstagram_0055.png,3,2
2888,foodstagram_0056.png,4,4
2889,foodstagram_0056.png,4,4
2890,foodstagram_0056.png,4,4
2891,foodstagram_0056.png,1,4
2892,foodstagram_0056.png,4,4
2893,foodstagram_0056.png,1,4
2894,foodstagram_0057.png,1,1
2895,foodstagram_0057.png,1,1
2896,foodstagram_0057.png,1,1
2897,foodstagram_0057.png,0,1
2898,foodstagram_0057.png,2,1
2899,foodstagram_0057.png,2,1
2900,foodstagram_0057.png,3,1
2901,foodstagram_0057.png,3,1
2902,foodstagram_0057.png,3,1
2903,foodstagram_0057.png,3,1
2904,foodstagram_0057.png,4,1
2905,foodstagram_0057.png,3,1
2906,foodstagram_0057.png,3,1
2907,foodstagram_0057.png,1,1
2908,foodstagram_0057.png,3,1
2909,foodstagram_0057.png,3,1
2910,foodstagram_0057.png,0,1
2911,foodstagram_0057.png,0,1
2912,foodstagram_0057.png,0,1
2913,foodstagram_0057.png,0,1
2914,foodstagram_0057.png,1,1
2915,foodstagram_0057.png,1,1
2916,foodstagram_0057.png,3,1
2917,foodstagram_0058.png,4,3
2918,foodstagram_0058.png,4,3
2919,foodstagram_0058.png,1,3
2920,foodstagram_0058.png,3,3
2921,foodstagram_0058.png,3,3
2922,foodstagram_0059.png,3,2
2923,foodstagram_0059.png,4,2
2924,foodstagram_0059.png,4,2
2925,foodstagram_0059.png,3,2
2926,foodstagram_0059.png,3,2
2927,foodstagram_0060.png,4,0
2928,foodstagram_0060.png,3,0
2929,foodstagram_0060.png,3,0
2930,foodstagram_0060.png,3,0
2931,foodstagram_0061.png,4,4
2932,foodstagram_0061.png,4,4
2933,foodstagram_0061.png,1,4
2934,foodstagram_0061.png,1,4
2935,foodstagram_0062.png,4,1
2936,foodstagram_0062.png,4,1
2937,foodstagram_0062.png,3,1
2938,foodstagram_0062.png,4,1
2939,foodstagram_0063.png,4,0
2940,foodstagram_0063.png,4,0
2941,foodstagram_0063.png,4,0
2942,foodstagram_0063.png,4,0
2943,foodstagram_0063.png,4,0
2944,foodstagram_0064.png,4,0
2945,foodstagram_0064.png,2,0
2946,foodstagram_0064.png,2,0
2947,foodstagram_0064.png,2,0
2948,foodstagram_0064.png,3,0
2949,foodstagram_0065.png,4,1
2950,foodstagram_0065.png,4,1
2951,foodstagram_0065.png,2,1
2952,foodstagram_0065.png,4,1
2953,foodstagram_0065.png,4,1
2954,foodstagram_0066.png,4,0
2955,foodstagram_0066.png,3,0
2956,foodstagram_0066.png,3,0
2957,foodstagram_0066.png,3,0
2958,foodstagram_0066.png,3,0
2959,foodstagram_0066.png,4,0
2960,foodstagram_0066.png,4,0
2961,foodstagram_0066.png,1,0
2962,foodstagram_0066.png,1,0
2963,foodstagram_0066.png,4,0
2964,foodstagram_0066.png,3,0
2965,foodstagram_0066.png,4,0
2966,foodstagram_0066.png,4,0
2967,foodstagram_0066.png,3,0
2968,foodstagram_0066.png,3,0
2969,foodstagram_0066.png,2,0
2970,foodstagram_0066.png,3,0
2971,foodstagram_0066.png,3,0
2972,foodstagram_0066.png,2,0
2973,foodstagram_0066.png,2,0
2974,foodstagram_0066.png,0,0
2975,foodstagram_0066.png,0,0
2976,foodstagram_0066.png,1,0
2977,foodstagram_0066.png,0,0
2978,foodstagram_0066.png,0,0
2979,foodstagram_0067.png,1,2
2980,foodstagram_0067.png,1,2
2981,foodstagram_0067.png,2,2
2982,foodstagram_0067.png,2,2
2983,foodstagram_0067.png,2,2
2984,foodstagram_0067.png,1,2
2985,foodstagram_0067.png,3,2
2986,foodstagram_0067.png,3,2
2987,foodstagram_0067.png,1,2
2988,foodstagram_0067.png,1,2
2989,foodstagram_0067.png,0,2
2990,foodstagram_0067.png,1,2
2991,foodstagram_0067.png,1,2
2992,foodstagram_0067.png,0,2
2993,foodstagram_0067.png,3,2
2994,foodstagram_0067.png,2,2
2995,foodstagram_0067.png,3,2
2996,foodstagram_0067.png,1,2
2997,foodstagram_0067.png,3,2
2998,foodstagram_0068.png,4,3
2999,foodstagram_0068.png,4,3
3000,foodstagram_0068.png,4,3
3001,foodstagram_0069.png,4,0
3002,foodstagram_0069.png,0,0
3003,foodstagram_0069.png,3,0
3004,foodstagram_0072.png,4,4
3005,foodstagram_0072.png,4,4
3006,foodstagram_0072.png,4,4
3007,foodstagram_0072.png,3,4
3008,foodstagram_0073.png,4,2
3009,foodstagram_0073.png,4,2
3010,foodstagram_0073.png,4,2
3011,foodstagram_0073.png,4,2
3012,foodstagram_0073.png,4,2
3013,foodstagram_0073.png,3,2
3014,foodstagram_0074.png,4,4
3015,foodstagram_0074.png,3,4
3016,foodstagram_0074.png,4,4
3017,foodstagram_0074.png,4,4
3018,foodstagram_0074.png,4,4
3019,foodstagram_0075.png,4,2
3020,foodstagram_0078.png,4,1
3021,foodstagram_0078.png,3,1
3022,foodstagram_0078.png,3,1
3023,foodstagram_0078.png,1,1
3024,foodstagram_0078.png,3,1
3025,foodstagram_0079.png,4,2
3026,foodstagram_0079.png,1,2
3027,foodstagram_0079.png,3,2
3028,foodstagram_0079.png,1,2
3029,foodstagram_0079.png,1,2
3030,foodstagram_0081.png,3,4
3031,foodstagram_0081.png,4,4
3032,foodstagram_0082.png,0,0
3033,foodstagram_0083.png,4,3
3034,foodstagram_0083.png,4,3
3035,foodstagram_0083.png,4,3
3036,foodstagram_0083.png,4,3
3037,foodstagram_0083.png,4,3
3038,foodstagram_0084.png,1,3
3039,foodstagram_0084.png,0,3
3040,foodstagram_0084.png,0,3
3041,foodstagram_0084.png,0,3
3042,foodstagram_0084.png,0,3
3043,foodstagram_0086.png,4,0
3044,foodstagram_0086.png,4,0
3045,foodstagram_0086.png,4,0
3046,foodstagram_0088.png,4,1
3047,foodstagram_0088.png,4,1
3048,foodstagram_0088.png,4,1
3049,foodstagram_0088.png,1,1
3050,foodstagram_0088.png,4,1
3051,foodstagram_0089.png,4,4
3052,foodstagram_0091.png,4,2
3053,foodstagram_0091.png,4,2
3054,foodstagram_0091.png,3,2
3055,foodstagram_0091.png,3,2
3056,foodstagram_0091.png,3,2
3057,foodstagram_0092.png,4,4
3058,foodstagram_0092.png,4,4
3059,foodstagram_0092.png,4,4
3060,foodstagram_0092.png,4,4
3061,foodstagram_0092.png,2,4
3062,foodstagram_0093.png,0,1
3063,foodstagram_0093.png,4,1
3064,foodstagram_0093.png,4,1
3065,foodstagram_0093.png,1,1
3066,foodstagram_0093.png,4,1
3067,foodstagram_0093.png,3,1
3068,foodstagram_0093.png,4,1
3069,foodstagram_0093.png,2,1
3070,foodstagram_0093.png,3,1
3071,foodstagram_0093.png,4,1
3072,foodstagram_0093.png,4,1
3073,foodstagram_0093.png,3,1
3074,foodstagram_0093.png,2,1
3075,foodstagram_0093.png,1,1
3076,foodstagram_0093.png,3,1
3077,foodstagram_0093.png,4,1
3078,foodstagram_0093.png,0,1
3079,foodstagram_0093.png,0,1
3080,foodstagram_0093.png,3,1
3081,foodstagram_0093.png,2,1
3082,foodstagram_0093.png,4,1
3083,foodstagram_0093.png,3,1
3084,foodstagram_0093.png,3,1
3085,foodstagram_0093.png,3,1
3086,foodstagram_0093.png,4,1
3087,foodstagram_0093.png,2,1
3088,foodstagram_0093.png,0,1
3089,foodstagram_0093.png,0,1
3090,foodstagram_0095.png,4,1
3091,foodstagram_0095.png,4,1
3092,foodstagram_0095.png,3,1
3093,foodstagram_0095.png,4,1
3094,foodstagram_0095.png,2,1
3095,foodstagram_0095.png,3,1
3096,foodstagram_0095.png,3,1
3097,foodstagram_0095.png,3,1
3098,foodstagram_0095.png,3,1
3099,foodstagram_0095.png,4,1
3100,foodstagram_0095.png,3,1
3101,foodstagram_0095.png,2,1
3102,foodstagram_0096.png,4,1
3103,foodstagram_0096.png,0,1
3104,foodstagram_0096.png,4,1
3105,foodstagram_0096.png,3,1
3106,foodstagram_0096.png,1,1
3107,meokstagram_0003.png,4,1
3108,meokstagram_0003.png,3,1
3109,meokstagram_0003.png,3,1
3110,meokstagram_0003.png,1,1
3111,meokstagram_0003.png,3,1
3112,meokstagram_0003.png,3,1
3113,meokstagram_0003.png,4,1
3114,meokstagram_0003.png,3,1
3115,meokstagram_0003.png,1,1
3116,meokstagram_0004.png,2,2
3117,meokstagram_0004.png,0,2
3118,meokstagram_0004.png,3,2
3119,meokstagram_0004.png,1,2
3120,meokstagram_0004.png,1,2
3121,meokstagram_0004.png,1,2
3122,meokstagram_0004.png,0,2
3123,meokstagram_0004.png,0,2
3124,meokstagram_0005.png,3,3
3125,meokstagram_0005.png,3,3
3126,meokstagram_0005.png,3,3
3127,meokstagram_0005.png,1,3
3128,meokstagram_0005.png,1,3
3129,meokstagram_0005.png,2,3
3130,meokstagram_0005.png,1,3
3131,meokstagram_0005.png,2,3
3132,meokstagram_0005.png,4,3
3133,meokstagram_0005.png,3,3
3134,meokstagram_0005.png,3,3
3135,meokstagram_0008.png,3,1
3136,meokstagram_0008.png,3,1
3137,meokstagram_0008.png,4,1
3138,meokstagram_0008.png,4,1
3139,meokstagram_0008.png,4,1
3140,meokstagram_0009.png,4,2
3141,meokstagram_0009.png,4,2
3142,meokstagram_0009.png,3,2
3143,meokstagram_0009.png,0,2
3144,meokstagram_0009.png,3,2
3145,meokstagram_0009.png,4,2
3146,meokstagram_0009.png,3,2
3147,meokstagram_0009.png,4,2
3148,meokstagram_0009.png,1,2
3149,meokstagram_0009.png,1,2
3150,meokstagram_0009.png,2,2
3151,meokstagram_0009.png,4,2
3152,meokstagram_0009.png,3,2
3153,meokstagram_0009.png,1,2
3154,meokstagram_0009.png,1,2
3155,meokstagram_0009.png,2,2
3156,meokstagram_0009.png,2,2
3157,meokstagram_0009.png,3,2
3158,meokstagram_0009.png,3,2
3159,meokstagram_0009.png,0,2
3160,meokstagram_0009.png,1,2
3161,meokstagram_0009.png,1,2
3162,meokstagram_0009.png,1,2
3163,meokstagram_0009.png,2,2
3164,meokstagram_0009.png,1,2
3165,meokstagram_0009.png,0,2
3166,meokstagram_0009.png,0,2
3167,meokstagram_0009.png,0,2
3168,meokstagram_0009.png,0,2
3169,meokstagram_0009.png,0,2
3170,meokstagram_0010.png,4,4
3171,meokstagram_0010.png,3,4
3172,meokstagram_0011.png,4,4
3173,meokstagram_0011.png,4,4
3174,meokstagram_0011.png,3,4
3175,meokstagram_0011.png,3,4
3176,meokstagram_0011.png,4,4
3177,meokstagram_0011.png,4,4
3178,meokstagram_0011.png,2,4
3179,meokstagram_0012.png,4,3
3180,meokstagram_0012.png,4,3
3181,meokstagram_0012.png,2,3
3182,meokstagram_0012.png,4,3
3183,meokstagram_0012.png,1,3
3184,meokstagram_0012.png,1,3
3185,meokstagram_0012.png,0,3
3186,meokstagram_0012.png,3,3
3187,meokstagram_0013.png,3,3
3188,meokstagram_0013.png,3,3
3189,meokstagram_0014.png,2,2
3190,meokstagram_0014.png,3,2
3191,meokstagram_0014.png,3,2
3192,meokstagram_0014.png,2,2
3193,meokstagram_0014.png,1,2
3194,meokstagram_0014.png,1,2
3195,meokstagram_0015.png,4,3
3196,meokstagram_0015.png,3,3
3197,meokstagram_0015.png,1,3
3198,meokstagram_0015.png,1,3
3199,meokstagram_0015.png,4,3
3200,meokstagram_0017.png,4,4
3201,meokstagram_0017.png,4,4
3202,meokstagram_0018.png,4,4
3203,meokstagram_0018.png,4,4
3204,meokstagram_0018.png,4,4
3205,meokstagram_0018.png,4,4
3206,meokstagram_0018.png,3,4
3207,meokstagram_0018.png,4,4
3208,meokstagram_0018.png,4,4
3209,meokstagram_0018.png,4,4
3210,meokstagram_0018.png,4,4
3211,meokstagram_0018.png,4,4
3212,meokstagram_0018.png,4,4
3213,meokstagram_0018.png,4,4
3214,meokstagram_0018.png,4,4
3215,meokstagram_0018.png,4,4
3216,meokstagram_0018.png,1,4
3217,meokstagram_0018.png,1,4
3218,meokstagram_0018.png,3,4
3219,meokstagram_0018.png,3,4
3220,meokstagram_0018.png,4,4
3221,meokstagram_0018.png,4,4
3222,meokstagram_0018.png,4,4
3223,meokstagram_0018.png,4,4
3224,meokstagram_0018.png,1,4
3225,meokstagram_0018.png,4,4
3226,meokstagram_0018.png,4,4
3227,meokstagram_0018.png,1,4
3228,meokstagram_0018.png,1,4
3229,meokstagram_0019.png,1,0
3230,meokstagram_0019.png,3,0
3231,meokstagram_0019.png,4,0
3232,meokstagram_0019.png,4,0
3233,meokstagram_0019.png,4,0
3234,meokstagram_0021.png,4,3
3235,meokstagram_0021.png,4,3
3236,meokstagram_0022.png,4,1
3237,meokstagram_0022.png,4,1
3238,meokstagram_0022.png,4,1
3239,meokstagram_0022.png,3,1
3240,meokstagram_0022.png,2,1
3241,meokstagram_0022.png,2,1
3242,meokstagram_0025.png,1,2
3243,meokstagram_0025.png,3,2
3244,meokstagram_0025.png,2,2
3245,meokstagram_0025.png,3,2
3246,meokstagram_0025.png,1,2
3247,meokstagram_0026.png,4,4
3248,meokstagram_0028.png,4,3
3249,meokstagram_0028.png,0,3
3250,meokstagram_0028.png,1,3
3251,meokstagram_0029.png,4,0
3252,meokstagram_0029.png,4,0
3253,meokstagram_0029.png,3,0
3254,meokstagram_0029.png,4,0
3255,meokstagram_0029.png,3,0
3256,meokstagram_0031.png,1,1
3257,meokstagram_0031.png,4,1
3258,meokstagram_0031.png,3,1
3259,meokstagram_0031.png,0,1
3260,meokstagram_0031.png,2,1
3261,meokstagram_0032.png,1,0
3262,meokstagram_0032.png,4,0
3263,meokstagram_0032.png,1,0
3264,meokstagram_0032.png,0,0
3265,meokstagram_0032.png,1,0
3266,meokstagram_0033.png,3,3
3267,meokstagram_0033.png,3,3
3268,meokstagram_0033.png,4,3
3269,meokstagram_0033.png,4,3
3270,meokstagram_0033.png,2,3
3271,meokstagram_0033.png,1,3
3272,meokstagram_0033.png,0,3
3273,meokstagram_0033.png,3,3
3274,meokstagram_0033.png,2,3
3275,meokstagram_0033.png,2,3
3276,meokstagram_0033.png,1,3
3277,meokstagram_0033.png,1,3
3278,meokstagram_0033.png,0,3
3279,meokstagram_0033.png,0,3
3280,meokstagram_0033.png,0,3
3281,meokstagram_0033.png,1,3
3282,meokstagram_0033.png,2,3
3283,meokstagram_0033.png,4,3
3284,meokstagram_0033.png,3,3
3285,meokstagram_0034.png,3,0
3286,meokstagram_0035.png,4,4
3287,meokstagram_0035.png,3,4
3288,meokstagram_0035.png,4,4
3289,meokstagram_0035.png,3,4
3290,meokstagram_0035.png,4,4
3291,meokstagram_0036.png,4,2
3292,meokstagram_0036.png,4,2
3293,meokstagram_0036.png,2,2
3294,meokstagram_0037.png,4,0
3295,meokstagram_0040.png,4,4
3296,meokstagram_0040.png,4,4
3297,meokstagram_0040.png,3,4
3298,meokstagram_0040.png,3,4
3299,meokstagram_0040.png,3,4
3300,meokstagram_0040.png,4,4
3301,meokstagram_0040.png,4,4
3302,meokstagram_0041.png,4,0
3303,meokstagram_0041.png,4,0
3304,meokstagram_0041.png,4,0
3305,meokstagram_0041.png,3,0
3306,meokstagram_0041.png,4,0
3307,meokstagram_0041.png,4,0
3308,meokstagram_0041.png,3,0
3309,meokstagram_0041.png,3,0
3310,meokstagram_0041.png,3,0
3311,meokstagram_0041.png,3,0
3312,meokstagram_0041.png,3,0
3313,meokstagram_0041.png,3,0
3314,meokstagram_0043.png,4,4
3315,meokstagram_0043.png,4,4
3316,meokstagram_0045.png,3,0
3317,meokstagram_0045.png,0,0
3318,meokstagram_0045.png,4,0
3319,meokstagram_0045.png,1,0
3320,meokstagram_0045.png,4,0
3321,meokstagram_0045.png,3,0
3322,meokstagram_0045.png,3,0
3323,meokstagram_0045.png,3,0
3324,meokstagram_0045.png,2,0
3325,meokstagram_0045.png,1,0
3326,meokstagram_0045.png,2,0
3327,meokstagram_0045.png,0,0
3328,meokstagram_0045.png,0,0
3329,meokstagram_0045.png,3,0
3330,meokstagram_0045.png,3,0
3331,meokstagram_0045.png,4,0
3332,meokstagram_0045.png,4,0
3333,meokstagram_0045.png,4,0
3334,meokstagram_0045.png,4,0
3335,meokstagram_0045.png,4,0
3336,meokstagram_0045.png,1,0
3337,meokstagram_0045.png,1,0
3338,meokstagram_0045.png,1,0
3339,meokstagram_0046.png,1,4
3340,meokstagram_0046.png,4,4
3341,meokstagram_0046.png,3,4
3342,meokstagram_0046.png,3,4
3343,meokstagram_0046.png,0,4
3344,meokstagram_0048.png,0,3
3345,meokstagram_0048.png,4,3
3346,meokstagram_0048.png,4,3
3347,meokstagram_0048.png,4,3
3348,meokstagram_0048.png,3,3
3349,meokstagram_0048.png,2,3
3350,meokstagram_0048.png,2,3
3351,meokstagram_0048.png,0,3
3352,meokstagram_0048.png,0,3
3353,meokstagram_0048.png,0,3
3354,meokstagram_0048.png,0,3
3355,meokstagram_0049.png,0,0
3356,meokstagram_0049.png,0,0
3357,meokstagram_0049.png,0,0
3358,meokstagram_0049.png,0,0
3359,meokstagram_0049.png,0,0
3360,meokstagram_0049.png,0,0
3361,meokstagram_0049.png,0,0
3362,meokstagram_0049.png,1,0
3363,meokstagram_0049.png,1,0
3364,meokstagram_0049.png,2,0
3365,meokstagram_0049.png,1,0
3366,meokstagram_0049.png,0,0
3367,meokstagram_0049.png,0,0
3368,meokstagram_0049.png,0,0
3369,meokstagram_0049.png,0,0
3370,meokstagram_0049.png,0,0
3371,meokstagram_0049.png,0,0
3372,meokstagram_0049.png,0,0
3373,meokstagram_0049.png,0,0
3374,meokstagram_0049.png,0,0
3375,meokstagram_0049.png,0,0
3376,meokstagram_0049.png,0,0
3377,meokstagram_0049.png,0,0
3378,meokstagram_0049.png,0,0
3379,meokstagram_0049.png,0,0
3380,meokstagram_0049.png,0,0
3381,meokstagram_0049.png,0,0
3382,meokstagram_0049.png,1,0
3383,meokstagram_0049.png,0,0
3384,meokstagram_0050.png,4,0
3385,meokstagram_0050.png,3,0
3386,meokstagram_0051.png,0,2
3387,meokstagram_0051.png,3,2
3388,meokstagram_0051.png,0,2
3389,meokstagram_0051.png,0,2
3390,meokstagram_0051.png,1,2
3391,meokstagram_0052.png,4,2
3392,meokstagram_0052.png,4,2
3393,meokstagram_0052.png,4,2
3394,meokstagram_0054.png,1,1
3395,meokstagram_0054.png,0,1
3396,meokstagram_0054.png,0,1
3397,meokstagram_0054.png,1,1
3398,meokstagram_0054.png,1,1
3399,meokstagram_0055.png,2,1
3400,meokstagram_0055.png,3,1
3401,meokstagram_0055.png,3,1
3402,meokstagram_0055.png,0,1
3403,meokstagram_0055.png,0,1
3404,meokstagram_0055.png,0,1
3405,meokstagram_0055.png,0,1
3406,meokstagram_0055.png,0,1
3407,meokstagram_0055.png,0,1
3408,meokstagram_0055.png,0,1
3409,meokstagram_0055.png,0,1
3410,meokstagram_0055.png,4,1
3411,meokstagram_0055.png,3,1
3412,meokstagram_0055.png,3,1
3413,meokstagram_0055.png,1,1
3414,meokstagram_0055.png,3,1
3415,meokstagram_0055.png,3,1
3416,meokstagram_0055.png,3,1
3417,meokstagram_0055.png,2,1
3418,meokstagram_0055.png,3,1
3419,meokstagram_0055.png,3,1
3420,meokstagram_0055.png,3,1
3421,meokstagram_0056.png,0,2
3422,meokstagram_0056.png,0,2
3423,meokstagram_0056.png,0,2
3424,meokstagram_0056.png,1,2
3425,meokstagram_0056.png,0,2
3426,meokstagram_0057.png,3,2
3427,meokstagram_0057.png,4,2
3428,meokstagram_0057.png,2,2
3429,meokstagram_0057.png,3,2
3430,meokstagram_0057.png,3,2
3431,meokstagram_0057.png,2,2
3432,meokstagram_0057.png,2,2
3433,meokstagram_0057.png,3,2
3434,meokstagram_0057.png,4,2
3435,meokstagram_0057.png,3,2
3436,meokstagram_0057.png,1,2
3437,meokstagram_0057.png,2,2
3438,meokstagram_0057.png,3,2
3439,meokstagram_0057.png,4,2
3440,meokstagram_0057.png,2,2
3441,meokstagram_0057.png,3,2
3442,meokstagram_0058.png,4,2
3443,meokstagram_0059.png,3,2
3444,meokstagram_0059.png,0,2
3445,meokstagram_0059.png,0,2
3446,meokstagram_0059.png,3,2
3447,meokstagram_0059.png,4,2
3448,meokstagram_0060.png,3,1
3449,meokstagram_0060.png,1,1
3450,meokstagram_0060.png,3,1
3451,meokstagram_0060.png,1,1
3452,meokstagram_0061.png,2,2
3453,meokstagram_0061.png,1,2
3454,meokstagram_0061.png,3,2
3455,meokstagram_0061.png,4,2
3456,meokstagram_0061.png,4,2
3457,meokstagram_0061.png,2,2
3458,meokstagram_0061.png,2,2
3459,meokstagram_0061.png,1,2
3460,meokstagram_0061.png,1,2
3461,meokstagram_0061.png,1,2
3462,meokstagram_0061.png,1,2
3463,meokstagram_0061.png,3,2
3464,meokstagram_0061.png,3,2
3465,meokstagram_0061.png,4,2
3466,meokstagram_0061.png,1,2
3467,meokstagram_0061.png,1,2
3468,meokstagram_0061.png,1,2
3469,meokstagram_0061.png,1,2
3470,meokstagram_0062.png,4,3
3471,meokstagram_0062.png,4,3
3472,meokstagram_0062.png,4,3
3473,meokstagram_0066.png,4,4
3474,meokstagram_0066.png,2,4
3475,meokstagram_0066.png,3,4
3476,meokstagram_0066.png,3,4
3477,meokstagram_0067.png,4,4
3478,meokstagram_0067.png,3,4
3479,meokstagram_0067.png,4,4
3480,meokstagram_0067.png,2,4
3481,meokstagram_0067.png,2,4
3482,meokstagram_0069.png,4,2
3483,meokstagram_0069.png,4,2
3484,meokstagram_0069.png,3,2
3485,meokstagram_0069.png,1,2
3486,meokstagram_0070.png,4,1
3487,meokstagram_0070.png,4,1
3488,meokstagram_0070.png,4,1
3489,meokstagram_0070.png,4,1
3490,meokstagram_0070.png,3,1
3491,meokstagram_0070.png,1,1
3492,meokstagram_0070.png,1,1
3493,meokstagram_0071.png,4,2
3494,meokstagram_0071.png,4,2
3495,meokstagram_0071.png,4,2
3496,meokstagram_0071.png,4,2
3497,meokstagram_0071.png,1,2
3498,meokstagram_0071.png,0,2
3499,meokstagram_0071.png,4,2
3500,meokstagram_0071.png,1,2
3501,meokstagram_0071.png,3,2
3502,meokstagram_0071.png,2,2
3503,meokstagram_0071.png,2,2
3504,meokstagram_0071.png,1,2
3505,meokstagram_0071.png,0,2
3506,meokstagram_0072.png,1,4
3507,meokstagram_0072.png,4,4
3508,meokstagram_0072.png,3,4
3509,meokstagram_0072.png,3,4
3510,meokstagram_0072.png,1,4
3511,meokstagram_0072.png,1,4
3512,meokstagram_0072.png,2,4
3513,meokstagram_0072.png,1,4
3514,meokstagram_0072.png,1,4
3515,meokstagram_0072.png,4,4
3516,meokstagram_0072.png,3,4
3517,meokstagram_0072.png,3,4
3518,meokstagram_0072.png,1,4
3519,meokstagram_0072.png,1,4
3520,meokstagram_0072.png,0,4
3521,meokstagram_0072.png,1,4
3522,meokstagram_0072.png,1,4
3523,meokstagram_0072.png,1,4
3524,meokstagram_0072.png,3,4
3525,meokstagram_0072.png,4,4
3526,meokstagram_0072.png,3,4
3527,meokstagram_0072.png,3,4
3528,meokstagram_0072.png,4,4
3529,meokstagram_0073.png,4,2
3530,meokstagram_0073.png,1,2
3531,meokstagram_0073.png,1,2
3532,meokstagram_0073.png,4,2
3533,meokstagram_0073.png,4,2
3534,meokstagram_0073.png,4,2
3535,meokstagram_0073.png,4,2
3536,meokstagram_0073.png,3,2
3537,meokstagram_0073.png,4,2
3538,meokstagram_0073.png,4,2
3539,meokstagram_0073.png,3,2
3540,meokstagram_0073.png,3,2
3541,meokstagram_0073.png,3,2
3542,meokstagram_0073.png,4,2
3543,meokstagram_0073.png,3,2
3544,meokstagram_0073.png,2,2
3545,meokstagram_0073.png,0,2
3546,meokstagram_0073.png,2,2
3547,meokstagram_0073.png,2,2
3548,meokstagram_0074.png,3,4
3549,meokstagram_0074.png,1,4
3550,meokstagram_0074.png,3,4
3551,meokstagram_0074.png,4,4
3552,meokstagram_0074.png,4,4
3553,meokstagram_0075.png,4,1
3554,meokstagram_0077.png,4,4
3555,meokstagram_0077.png,3,4
3556,meokstagram_0077.png,2,4
3557,meokstagram_0077.png,2,4
3558,meokstagram_0077.png,3,4
3559,meokstagram_0077.png,3,4
3560,meokstagram_0079.png,1,4
3561,meokstagram_0079.png,0,4
3562,meokstagram_0079.png,0,4
3563,meokstagram_0080.png,4,4
3564,meokstagram_0080.png,4,4
3565,meokstagram_0080.png,3,4
3566,meokstagram_0080.png,3,4
3567,meokstagram_0080.png,2,4
3568,meokstagram_0083.png,3,0
3569,meokstagram_0083.png,3,0
3570,meokstagram_0083.png,4,0
3571,meokstagram_0083.png,4,0
3572,meokstagram_0083.png,4,0
3573,meokstagram_0084.png,4,2
3574,meokstagram_0084.png,4,2
3575,meokstagram_0084.png,4,2
3576,meokstagram_0085.png,4,0
3577,meokstagram_0086.png,4,0
3578,meokstagram_0086.png,1,0
3579,meokstagram_0086.png,1,0
3580,meokstagram_0086.png,1,0
3581,meokstagram_0086.png,0,0
3582,meokstagram_0089.png,1,1
3583,meokstagram_0089.png,4,1
3584,meokstagram_0089.png,3,1
3585,meokstagram_0090.png,4,3
3586,meokstagram_0090.png,3,3
3587,meokstagram_0090.png,4,3
3588,meokstagram_0090.png,2,3
3589,meokstagram_0090.png,0,3
3590,meokstagram_0091.png,1,4
3591,meokstagram_0091.png,3,4
3592,meokstagram_0091.png,0,4
3593,meokstagram_0091.png,1,4
3594,meokstagram_0091.png,4,4
3595,meokstagram_0091.png,2,4
3596,meokstagram_0091.png,3,4
3597,meokstagram_0093.png,2,1
3598,meokstagram_0093.png,1,1
3599,meokstagram_0093.png,1,1
3600,meokstagram_0093.png,1,1
3601,meokstagram_0093.png,3,1
3602,meokstagram_0094.png,0,3
3603,meokstagram_0094.png,0,3
3604,meokstagram_0094.png,0,3
3605,meokstagram_0094.png,0,3
3606,meokstagram_0094.png,0,3
3607,meokstagram_0095.png,4,2
3608,meokstagram_0095.png,1,2
3609,meokstagram_0095.png,1,2
3610,meokstagram_0095.png,3,2
3611,meokstagram_0095.png,3,2
3612,meokstagram_0096.png,1,0
3613,meokstagram_0096.png,4,0
3614,meokstagram_0096.png,4,0
3615,meokstagram_0097.png,3,4
3616,meokstagram_0097.png,1,4
3617,meokstagram_0097.png,4,4
3618,meokstagram_0098.png,0,1
3619,meokstagram_0098.png,3,1
3620,meokstagram_0098.png,3,1
3621,meokstagram_0098.png,2,1
3622,meokstagram_0098.png,4,1
3623,meokstagram_0099.png,4,4
3624,meokstagram_0099.png,1,4
3625,meokstagram_0099.png,2,4
3626,meokstagram_0099.png,3,4
3627,meokstagram_0099.png,2,4
3628,meokstagram_0100.png,1,2
3629,meokstagram_0100.png,1,2
3630,meokstagram_0100.png,1,2
3631,meokstagram_0100.png,1,2
3632,meokstagram_0100.png,2,2
3633,jmt_0002.png,4,4
3634,jmt_0002.png,3,4
3635,jmt_0002.png,1,4
3636,jmt_0002.png,2,4
3637,jmt_0002.png,1,4
3638,jmt_0003.png,0,2
3639,jmt_0003.png,3,2
3640,jmt_0003.png,2,2
3641,jmt_0003.png,0,2
3642,jmt_0003.png,4,2
3643,jmt_0004.png,4,4
3644,jmt_0004.png,4,4
3645,jmt_0004.png,1,4
3646,jmt_0004.png,4,4
3647,jmt_0004.png,2,4
3648,jmt_0006.png,3,2
3649,jmt_0006.png,1,2
3650,jmt_0007.png,1,3
3651,jmt_0007.png,1,3
3652,jmt_0007.png,1,3
3653,jmt_0007.png,1,3
3654,jmt_0007.png,0,3
3655,jmt_0007.png,0,3
3656,jmt_0009.png,4,2
3657,jmt_0009.png,4,2
3658,jmt_0011.png,3,2
3659,jmt_0011.png,4,2
3660,jmt_0011.png,2,2
3661,jmt_0011.png,1,2
3662,jmt_0011.png,1,2
3663,jmt_0012.png,4,4
3664,jmt_0012.png,3,4
3665,jmt_0012.png,2,4
3666,jmt_0012.png,1,4
3667,jmt_0012.png,1,4
3668,jmt_0013.png,4,2
3669,jmt_0013.png,2,2
3670,jmt_0013.png,4,2
3671,jmt_0013.png,3,2
3672,jmt_0013.png,4,2
3673,jmt_0014.png,1,4
3674,jmt_0014.png,4,4
3675,jmt_0014.png,4,4
3676,jmt_0014.png,1,4
3677,jmt_0014.png,1,4
3678,jmt_0015.png,4,0
3679,jmt_0015.png,4,0
3680,jmt_0015.png,4,0
3681,jmt_0015.png,2,0
3682,jmt_0015.png,3,0
3683,jmt_0016.png,4,0
3684,jmt_0017.png,4,4
3685,jmt_0019.png,1,3
3686,jmt_0019.png,3,3
3687,jmt_0019.png,2,3
3688,jmt_0020.png,1,4
3689,jmt_0020.png,2,4
3690,jmt_0020.png,0,4
3691,jmt_0020.png,4,4
3692,jmt_0020.png,4,4
3693,jmt_0020.png,1,4
3694,jmt_0020.png,2,4
3695,jmt_0020.png,2,4
3696,jmt_0022.png,4,4
3697,jmt_0022.png,4,4
3698,jmt_0022.png,3,4
3699,jmt_0024.png,3,1
3700,jmt_0024.png,4,1
3701,jmt_0025.png,3,1
3702,jmt_0025.png,4,1
3703,jmt_0026.png,4,3
3704,jmt_0026.png,4,3
3705,jmt_0026.png,4,3
3706,jmt_0026.png,3,3
3707,jmt_0026.png,3,3
3708,jmt_0028.png,2,1
3709,jmt_0028.png,4,1
3710,jmt_0028.png,4,1
3711,jmt_0028.png,0,1
3712,jmt_0028.png,1,1
3713,jmt_0031.png,0,0
3714,jmt_0031.png,1,0
3715,jmt_0031.png,4,0
3716,jmt_0031.png,2,0
3717,jmt_0031.png,2,0
3718,jmt_0032.png,4,1
3719,jmt_0032.png,1,1
3720,jmt_0032.png,2,1
3721,jmt_0032.png,2,1
3722,jmt_0033.png,4,1
3723,jmt_0033.png,3,1
3724,jmt_0033.png,2,1
3725,jmt_0033.png,2,1
3726,jmt_0033.png,3,1
3727,jmt_0034.png,1,2
3728,jmt_0034.png,4,2
3729,jmt_0034.png,4,2
3730,jmt_0034.png,4,2
3731,jmt_0034.png,3,2
3732,jmt_0035.png,3,4
3733,jmt_0035.png,4,4
3734,jmt_0036.png,4,4
3735,jmt_0037.png,4,2
3736,jmt_0037.png,4,2
3737,jmt_0038.png,0,0
3738,jmt_0038.png,4,0
3739,jmt_0038.png,4,0
3740,jmt_0038.png,3,0
3741,jmt_0039.png,4,0
3742,jmt_0039.png,1,0
3743,jmt_0039.png,3,0
3744,jmt_0039.png,3,0
3745,jmt_0039.png,2,0
3746,jmt_0040.png,3,1
3747,jmt_0040.png,3,1
3748,jmt_0040.png,3,1
3749,jmt_0040.png,1,1
3750,jmt_0040.png,1,1
3751,jmt_0041.png,4,3
3752,jmt_0041.png,4,3
3753,jmt_0041.png,1,3
3754,jmt_0041.png,3,3
3755,jmt_0041.png,2,3
3756,jmt_0042.png,4,1
3757,jmt_0042.png,2,1
3758,jmt_0042.png,1,1
3759,jmt_0042.png,2,1
3760,jmt_0042.png,4,1
3761,jmt_0043.png,4,3
3762,jmt_0043.png,1,3
3763,jmt_0043.png,3,3
3764,jmt_0043.png,2,3
3765,jmt_0043.png,1,3
3766,jmt_0044.png,1,1
3767,jmt_0044.png,4,1
3768,jmt_0044.png,4,1
3769,jmt_0044.png,4,1
3770,jmt_0044.png,3,1
3771,jmt_0045.png,1,3
3772,jmt_0045.png,3,3
3773,jmt_0045.png,4,3
3774,jmt_0045.png,3,3
3775,jmt_0045.png,2,3
3776,jmt_0048.png,1,2
3777,jmt_0048.png,0,2
3778,jmt_0048.png,1,2
3779,jmt_0049.png,0,3
3780,jmt_0051.png,4,2
3781,jmt_0051.png,1,2
3782,jmt_0053.png,4,2
3783,jmt_0054.png,4,4
3784,jmt_0054.png,2,4
3785,jmt_0054.png,0,4
3786,jmt_0054.png,1,4
3787,jmt_0054.png,1,4
3788,jmt_0054.png,1,4
3789,jmt_0054.png,2,4
3790,jmt_0054.png,4,4
3791,jmt_0054.png,4,4
3792,jmt_0056.png,4,3
3793,jmt_0056.png,4,3
3794,jmt_0056.png,3,3
3795,jmt_0057.png,0,0
3796,jmt_0057.png,2,0
3797,jmt_0057.png,0,0
3798,jmt_0059.png,4,1
3799,jmt_0060.png,4,0
3800,jmt_0060.png,4,0
3801,jmt_0060.png,4,0
3802,jmt_0060.png,3,0
3803,jmt_0060.png,3,0
3804,jmt_0061.png,4,3
3805,jmt_0061.png,4,3
3806,jmt_0061.png,4,3
3807,jmt_0061.png,3,3
3808,jmt_0061.png,4,3
3809,jmt_0062.png,4,1
3810,jmt_0062.png,4,1
3811,jmt_0062.png,1,1
3812,jmt_0062.png,0,1
3813,jmt_0062.png,1,1
3814,jmt_0063.png,4,0
3815,jmt_0063.png,4,0
3816,jmt_0063.png,2,0
3817,jmt_0063.png,3,0
3818,jmt_0066.png,4,3
3819,jmt_0066.png,4,3
3820,jmt_0066.png,3,3
3821,jmt_0066.png,1,3
3822,jmt_0066.png,1,3
3823,jmt_0068.png,4,0
3824,jmt_0068.png,4,0
3825,jmt_0069.png,4,2
3826,jmt_0069.png,4,2
3827,jmt_0069.png,3,2
3828,jmt_0069.png,4,2
3829,jmt_0069.png,3,2
3830,jmt_0071.png,1,4
3831,jmt_0071.png,4,4
3832,jmt_0071.png,4,4
3833,jmt_0071.png,4,4
3834,jmt_0071.png,3,4
3835,jmt_0072.png,0,3
3836,jmt_0072.png,4,3
3837,jmt_0072.png,4,3
3838,jmt_0072.png,0,3
3839,jmt_0072.png,1,3
3840,jmt_0072.png,4,3
3841,jmt_0072.png,4,3
3842,jmt_0072.png,3,3
3843,jmt_0072.png,3,3
3844,jmt_0072.png,3,3
3845,jmt_0072.png,3,3
3846,jmt_0072.png,3,3
3847,jmt_0072.png,3,3
3848,jmt_0072.png,2,3
3849,jmt_0072.png,3,3
3850,jmt_0072.png,3,3
3851,jmt_0072.png,4,3
3852,jmt_0072.png,3,3
3853,jmt_0072.png,3,3
3854,jmt_0072.png,1,3
3855,jmt_0072.png,1,3
3856,jmt_0072.png,2,3
3857,jmt_0072.png,2,3
3858,jmt_0072.png,2,3
3859,jmt_0072.png,3,3
3860,jmt_0073.png,4,4
3861,jmt_0074.png,4,4
3862,jmt_0074.png,3,4
3863,jmt_0074.png,2,4
3864,jmt_0074.png,1,4
3865,jmt_0074.png,3,4
3866,jmt_0075.png,4,0
3867,jmt_0075.png,4,0
3868,jmt_0075.png,1,0
3869,jmt_0075.png,4,0
3870,jmt_0075.png,1,0
3871,jmt_0075.png,4,0
3872,jmt_0075.png,2,0
3873,jmt_0075.png,3,0
3874,jmt_0075.png,2,0
3875,jmt_0075.png,2,0
3876,jmt_0077.png,1,0
3877,jmt_0077.png,1,0
3878,jmt_0077.png,4,0
3879,jmt_0077.png,3,0
3880,jmt_0077.png,2,0
3881,jmt_0079.png,4,2
3882,jmt_0079.png,4,2
3883,jmt_0079.png,4,2
3884,jmt_0079.png,3,2
3885,jmt_0080.png,4,4
3886,jmt_0081.png,3,2
3887,jmt_0081.png,2,2
3888,jmt_0081.png,4,2
3889,jmt_0081.png,4,2
3890,jmt_0081.png,3,2
3891,jmt_0083.png,4,1
3892,jmt_0083.png,4,1
3893,jmt_0083.png,4,1
3894,jmt_0083.png,1,1
3895,jmt_0083.png,0,1
3896,jmt_0085.png,0,4
3897,jmt_0085.png,4,4
3898,jmt_0085.png,3,4
3899,jmt_0085.png,1,4
3900,jmt_0085.png,0,4
3901,jmt_0086.png,0,0
3902,jmt_0086.png,4,0
3903,jmt_0086.png,3,0
3904,jmt_0086.png,4,0
3905,jmt_0086.png,4,0
3906,jmt_0087.png,4,2
3907,jmt_0087.png,4,2
3908,jmt_0087.png,4,2
3909,jmt_0087.png,4,2
3910,jmt_0087.png,4,2
3911,jmt_0089.png,4,0
3912,jmt_0089.png,1,0
3913,jmt_0089.png,1,0
3914,jmt_0089.png,4,0
3915,jmt_0089.png,1,0
3916,jmt_0090.png,1,3
3917,jmt_0090.png,4,3
3918,jmt_0090.png,3,3
3919,jmt_0090.png,1,3
3920,jmt_0091.png,1,1
3921,jmt_0091.png,4,1
3922,jmt_0091.png,4,1
3923,jmt_0091.png,3,1
3924,jmt_0091.png,1,1
3925,jmt_0092.png,0,1
3926,jmt_0092.png,3,1
3927,jmt_0092.png,1,1
3928,jmt_0092.png,2,1
3929,jmt_0092.png,3,1
3930,jmt_0094.png,2,0
3931,jmt_0094.png,4,0
3932,jmt_0095.png,1,4
3933,jmt_0095.png,2,4
3934,jmt_0095.png,3,4
3935,jmt_0095.png,4,4
3936,jmt_0096.png,4,2
3937,jmt_0096.png,3,2
3938,jmt_0096.png,1,2
3939,jmt_0096.png,3,2
3940,jmt_0096.png,2,2
3941,jmt_0097.png,3,1
3942,jmt_0097.png,3,1
3943,jmt_0097.png,4,1
3944,jmt_0097.png,3,1
3945,jmt_0097.png,4,1
3946,jmt_0099.png,2,2
3947,jmt_0099.png,4,2
3948,jmt_0099.png,3,2
3949,jmt_0100.png,4,2
3950,jmt_0100.png,4,2
3951,jmt_0100.png,4,2
3952,jmt_0100.png,3,2
3953,jmt_0100.png,3,2
3954,jmt_0100.png,2,2
3955,jmt_0100.png,2,2
3956,jmt_0100.png,3,2
3957,jmt_0100.png,3,2
3958,jmt_0100.png,1,2
3959,jmt_0100.png,3,2
3960,makeup_0002.png,4,2
3961,makeup_0003.png,1,0
3962,makeup_0003.png,4,0
3963,makeup_0003.png,4,0
3964,makeup_0003.png,4,0
3965,makeup_0003.png,3,0
3966,makeup_0004.png,0,4
3967,makeup_0004.png,4,4
3968,makeup_0004.png,4,4
3969,makeup_0005.png,1,4
3970,makeup_0005.png,4,4
3971,makeup_0005.png,3,4
3972,makeup_0005.png,4,4
3973,makeup_0005.png,1,4
3974,makeup_0006.png,4,0
3975,makeup_0006.png,1,0
3976,makeup_0006.png,3,0
3977,makeup_0006.png,0,0
3978,makeup_0006.png,3,0
3979,makeup_0008.png,3,2
3980,makeup_0008.png,4,2
3981,makeup_0008.png,4,2
3982,makeup_0009.png,3,4
3983,makeup_0009.png,2,4
3984,makeup_0009.png,4,4
3985,makeup_0009.png,4,4
3986,makeup_0009.png,1,4
3987,makeup_0011.png,3,4
3988,makeup_0011.png,4,4
3989,makeup_0012.png,4,0
3990,makeup_0012.png,4,0
3991,makeup_0015.png,4,0
3992,makeup_0015.png,4,0
3993,makeup_0016.png,3,3
3994,makeup_0016.png,4,3
3995,makeup_0016.png,3,3
3996,makeup_0016.png,2,3
3997,makeup_0016.png,4,3
3998,makeup_0016.png,3,3
3999,makeup_0018.png,4,0
4000,makeup_0019.png,4,2
4001,makeup_0019.png,2,2
4002,makeup_0019.png,3,2
4003,makeup_0019.png,1,2
4004,makeup_0019.png,3,2
4005,makeup_0020.png,2,1
4006,makeup_0020.png,4,1
4007,makeup_0023.png,1,1
4008,makeup_0023.png,4,1
4009,makeup_0023.png,4,1
4010,makeup_0023.png,1,1
4011,makeup_0026.png,4,0
4012,makeup_0027.png,3,3
4013,makeup_0027.png,3,3
4014,makeup_0027.png,3,3
4015,makeup_0027.png,3,3
4016,makeup_0027.png,4,3
4017,makeup_0027.png,3,3
4018,makeup_0027.png,4,3
4019,makeup_0027.png,3,3
4020,makeup_0027.png,2,3
4021,makeup_0027.png,3,3
4022,makeup_0027.png,2,3
4023,makeup_0027.png,3,3
4024,makeup_0027.png,3,3
4025,makeup_0027.png,4,3
4026,makeup_0027.png,2,3
4027,makeup_0028.png,4,0
4028,makeup_0028.png,3,0
4029,makeup_0028.png,1,0
4030,makeup_0028.png,4,0
4031,makeup_0028.png,2,0
4032,makeup_0030.png,4,4
4033,makeup_0030.png,3,4
4034,makeup_0030.png,4,4
4035,makeup_0030.png,3,4
4036,makeup_0030.png,4,4
4037,makeup_0030.png,3,4
4038,makeup_0030.png,1,4
4039,makeup_0030.png,1,4
4040,makeup_0030.png,2,4
4041,makeup_0030.png,2,4
4042,makeup_0030.png,2,4
4043,makeup_0030.png,2,4
4044,makeup_0030.png,2,4
4045,makeup_0030.png,3,4
4046,makeup_0030.png,3,4
4047,makeup_0030.png,3,4
4048,makeup_0030.png,2,4
4049,makeup_0030.png,2,4
4050,makeup_0030.png,2,4
4051,makeup_0031.png,2,2
4052,makeup_0031.png,3,2
4053,makeup_0031.png,3,2
4054,makeup_0031.png,4,2
4055,makeup_0031.png,0,2
4056,makeup_0031.png,0,2
4057,makeup_0031.png,3,2
4058,makeup_0031.png,4,2
4059,makeup_0031.png,2,2
4060,makeup_0031.png,4,2
4061,makeup_0031.png,4,2
4062,makeup_0031.png,0,2
4063,makeup_0033.png,4,3
4064,makeup_0033.png,2,3
4065,makeup_0033.png,4,3
4066,makeup_0033.png,3,3
4067,makeup_0033.png,1,3
4068,makeup_0033.png,3,3
4069,makeup_0033.png,4,3
4070,makeup_0033.png,1,3
4071,makeup_0033.png,4,3
4072,makeup_0033.png,4,3
4073,makeup_0033.png,3,3
4074,makeup_0033.png,1,3
4075,makeup_0033.png,0,3
4076,makeup_0034.png,2,2
4077,makeup_0034.png,4,2
4078,makeup_0034.png,4,2
4079,makeup_0034.png,3,2
4080,makeup_0035.png,4,0
4081,makeup_0035.png,2,0
4082,makeup_0035.png,3,0
4083,makeup_0035.png,4,0
4084,makeup_0035.png,3,0
4085,makeup_0035.png,2,0
4086,makeup_0035.png,3,0
4087,makeup_0035.png,3,0
4088,makeup_0035.png,3,0
4089,makeup_0035.png,1,0
4090,makeup_0035.png,2,0
4091,makeup_0035.png,1,0
4092,makeup_0035.png,2,0
4093,makeup_0035.png,3,0
4094,makeup_0035.png,1,0
4095,makeup_0035.png,1,0
4096,makeup_0036.png,4,2
4097,makeup_0036.png,4,2
4098,makeup_0036.png,4,2
4099,makeup_0036.png,1,2
4100,makeup_0036.png,0,2
4101,makeup_0037.png,3,2
4102,makeup_0037.png,3,2
4103,makeup_0037.png,2,2
4104,makeup_0038.png,4,0
4105,makeup_0038.png,4,0
4106,makeup_0038.png,4,0
4107,makeup_0038.png,4,0
4108,makeup_0038.png,4,0
4109,makeup_0038.png,3,0
4110,makeup_0038.png,2,0
4111,makeup_0038.png,3,0
4112,makeup_0038.png,1,0
4113,makeup_0038.png,1,0
4114,makeup_0039.png,4,0
4115,makeup_0039.png,1,0
4116,makeup_0039.png,3,0
4117,makeup_0039.png,3,0
4118,makeup_0039.png,4,0
4119,makeup_0040.png,1,1
4120,makeup_0040.png,1,1
4121,makeup_0040.png,4,1
4122,makeup_0040.png,3,1
4123,makeup_0040.png,4,1
4124,makeup_0040.png,3,1
4125,makeup_0040.png,3,1
4126,makeup_0040.png,2,1
4127,makeup_0040.png,2,1
4128,makeup_0043.png,1,3
4129,makeup_0043.png,4,3
4130,makeup_0043.png,4,3
4131,makeup_0043.png,3,3
4132,makeup_0043.png,2,3
4133,makeup_0045.png,0,3
4134,makeup_0045.png,1,3
4135,makeup_0046.png,4,3
4136,makeup_0046.png,4,3
4137,makeup_0046.png,1,3
4138,makeup_0046.png,4,3
4139,makeup_0046.png,4,3
4140,makeup_0046.png,3,3
4141,makeup_0048.png,4,2
4142,makeup_0048.png,4,2
4143,makeup_0048.png,3,2
4144,makeup_0048.png,1,2
4145,makeup_0048.png,4,2
4146,makeup_0049.png,4,2
4147,makeup_0049.png,4,2
4148,makeup_0049.png,2,2
4149,makeup_0049.png,1,2
4150,makeup_0049.png,4,2
4151,makeup_0049.png,1,2
4152,makeup_0049.png,3,2
4153,makeup_0049.png,1,2
4154,makeup_0049.png,1,2
4155,makeup_0049.png,3,2
4156,makeup_0049.png,1,2
4157,makeup_0049.png,0,2
4158,makeup_0051.png,1,1
4159,makeup_0051.png,4,1
4160,makeup_0051.png,4,1
4161,makeup_0051.png,4,1
4162,makeup_0051.png,2,1
4163,makeup_0053.png,0,4
4164,makeup_0053.png,4,4
4165,makeup_0053.png,4,4
4166,makeup_0053.png,4,4
4167,makeup_0054.png,4,1
4168,makeup_0054.png,4,1
4169,makeup_0054.png,4,1
4170,makeup_0054.png,2,1
4171,makeup_0055.png,4,0
4172,makeup_0055.png,4,0
4173,makeup_0055.png,4,0
4174,makeup_0055.png,4,0
4175,makeup_0055.png,4,0
4176,makeup_0057.png,4,3
4177,makeup_0057.png,4,3
4178,makeup_0057.png,3,3
4179,makeup_0057.png,4,3
4180,makeup_0057.png,1,3
4181,makeup_0058.png,4,1
4182,makeup_0058.png,3,1
4183,makeup_0058.png,3,1
4184,makeup_0058.png,2,1
4185,makeup_0059.png,3,4
4186,makeup_0059.png,3,4
4187,makeup_0059.png,3,4
4188,makeup_0059.png,3,4
4189,makeup_0059.png,2,4
4190,makeup_0061.png,3,1
4191,makeup_0061.png,4,1
4192,makeup_0061.png,4,1
4193,makeup_0061.png,4,1
4194,makeup_0061.png,1,1
4195,makeup_0062.png,4,0
4196,makeup_0062.png,4,0
4197,makeup_0062.png,1,0
4198,makeup_0062.png,3,0
4199,makeup_0062.png,1,0
4200,makeup_0063.png,4,3
4201,makeup_0063.png,4,3
4202,makeup_0063.png,4,3
4203,makeup_0063.png,2,3
4204,makeup_0063.png,4,3
4205,makeup_0065.png,4,4
4206,makeup_0065.png,4,4
4207,makeup_0065.png,3,4
4208,makeup_0065.png,4,4
4209,makeup_0065.png,3,4
4210,makeup_0066.png,4,1
4211,makeup_0066.png,2,1
4212,makeup_0066.png,2,1
4213,makeup_0066.png,3,1
4214,makeup_0066.png,1,1
4215,makeup_0067.png,4,1
4216,makeup_0067.png,3,1
4217,makeup_0067.png,4,1
4218,makeup_0067.png,2,1
4219,makeup_0067.png,3,1
4220,makeup_0068.png,3,4
4221,makeup_0068.png,2,4
4222,makeup_0068.png,1,4
4223,makeup_0068.png,3,4
4224,makeup_0068.png,4,4
4225,makeup_0070.png,4,0
4226,makeup_0071.png,4,3
4227,makeup_0071.png,3,3
4228,makeup_0071.png,4,3
4229,makeup_0071.png,2,3
4230,makeup_0071.png,2,3
4231,makeup_0071.png,1,3
4232,makeup_0071.png,4,3
4233,makeup_0071.png,3,3
4234,makeup_0071.png,4,3
4235,makeup_0071.png,4,3
4236,makeup_0071.png,1,3
4237,makeup_0071.png,1,3
4238,makeup_0072.png,4,0
4239,makeup_0072.png,1,0
4240,makeup_0072.png,4,0
4241,makeup_0072.png,3,0
4242,makeup_0072.png,4,0
4243,makeup_0073.png,4,0
4244,makeup_0073.png,1,0
4245,makeup_0074.png,4,4
4246,makeup_0076.png,4,0
4247,makeup_0076.png,4,0
4248,makeup_0076.png,3,0
4249,makeup_0076.png,2,0
4250,makeup_0076.png,4,0
4251,makeup_0077.png,4,3
4252,makeup_0077.png,0,3
4253,makeup_0077.png,4,3
4254,makeup_0077.png,1,3
4255,makeup_0078.png,4,2
4256,makeup_0078.png,4,2
4257,makeup_0078.png,3,2
4258,makeup_0078.png,3,2
4259,makeup_0078.png,2,2
4260,makeup_0079.png,2,1
4261,makeup_0079.png,3,1
4262,makeup_0079.png,4,1
4263,makeup_0079.png,4,1
4264,makeup_0079.png,3,1
4265,makeup_0081.png,4,3
4266,makeup_0081.png,3,3
4267,makeup_0081.png,3,3
4268,makeup_0081.png,2,3
4269,makeup_0081.png,1,3
4270,makeup_0081.png,3,3
4271,makeup_0081.png,3,3
4272,makeup_0081.png,2,3
4273,makeup_0081.png,4,3
4274,makeup_0081.png,3,3
4275,makeup_0081.png,1,3
4276,makeup_0081.png,1,3
4277,makeup_0081.png,1,3
4278,makeup_0082.png,4,1
4279,makeup_0082.png,1,1
4280,makeup_0082.png,4,1
4281,makeup_0082.png,1,1
4282,makeup_0083.png,4,3
4283,makeup_0083.png,3,3
4284,makeup_0083.png,1,3
4285,makeup_0083.png,2,3
4286,makeup_0084.png,4,3
4287,makeup_0084.png,4,3
4288,makeup_0084.png,4,3
4289,makeup_0084.png,2,3
4290,makeup_0084.png,3,3
4291,makeup_0084.png,4,3
4292,makeup_0084.png,1,3
4293,makeup_0084.png,3,3
4294,makeup_0084.png,1,3
4295,makeup_0084.png,2,3
4296,makeup_0084.png,2,3
4297,makeup_0084.png,3,3
4298,makeup_0084.png,4,3
4299,makeup_0084.png,4,3
4300,makeup_0084.png,1,3
4301,makeup_0084.png,1,3
4302,makeup_0085.png,0,1
4303,makeup_0085.png,0,1
4304,makeup_0085.png,0,1
4305,makeup_0085.png,0,1
4306,makeup_0085.png,4,1
4307,makeup_0085.png,4,1
4308,makeup_0085.png,3,1
4309,makeup_0085.png,3,1
4310,makeup_0085.png,4,1
4311,makeup_0086.png,2,0
4312,makeup_0086.png,3,0
4313,makeup_0086.png,3,0
4314,makeup_0086.png,1,0
4315,makeup_0086.png,1,0
4316,makeup_0087.png,2,3
4317,makeup_0087.png,4,3
4318,makeup_0087.png,3,3
4319,makeup_0087.png,3,3
4320,makeup_0087.png,3,3
4321,makeup_0089.png,4,2
4322,makeup_0089.png,2,2
4323,makeup_0089.png,4,2
4324,makeup_0089.png,4,2
4325,makeup_0089.png,4,2
4326,makeup_0089.png,4,2
4327,makeup_0090.png,4,0
4328,makeup_0090.png,3,0
4329,makeup_0091.png,4,3
4330,makeup_0091.png,4,3
4331,makeup_0091.png,3,3
4332,makeup_0091.png,4,3
4333,makeup_0091.png,3,3
4334,makeup_0094.png,4,4
4335,makeup_0094.png,4,4
4336,makeup_0094.png,3,4
4337,makeup_0094.png,4,4
4338,makeup_0094.png,1,4
4339,makeup_0099.png,4,2
4340,makeup_0099.png,4,2
4341,makeup_0100.png,4,0
4342,makeup_0100.png,3,0
4343,makeup_0100.png,4,0
4344,dailymakeup_0001.png,4,0
4345,dailymakeup_0002.png,4,4
4346,dailymakeup_0002.png,2,4
4347,dailymakeup_0002.png,1,4
4348,dailymakeup_0002.png,0,4
4349,dailymakeup_0003.png,4,2
4350,dailymakeup_0004.png,1,0
4351,dailymakeup_0004.png,1,0
4352,dailymakeup_0004.png,3,0
4353,dailymakeup_0005.png,3,1
4354,dailymakeup_0005.png,3,1
4355,dailymakeup_0005.png,3,1
4356,dailymakeup_0006.png,4,4
4357,dailymakeup_0006.png,1,4
4358,dailymakeup_0006.png,0,4
4359,dailymakeup_0006.png,0,4
4360,dailymakeup_0006.png,0,4
4361,dailymakeup_0007.png,4,3
4362,dailymakeup_0008.png,3,4
4363,dailymakeup_0008.png,4,4
4364,dailymakeup_0010.png,3,2
4365,dailymakeup_0010.png,3,2
4366,dailymakeup_0010.png,4,2
4367,dailymakeup_0010.png,3,2
4368,dailymakeup_0011.png,2,4
4369,dailymakeup_0011.png,4,4
4370,dailymakeup_0011.png,2,4
4371,dailymakeup_0011.png,3,4
4372,dailymakeup_0011.png,3,4
4373,dailymakeup_0012.png,3,4
4374,dailymakeup_0013.png,3,0
4375,dailymakeup_0013.png,1,0
4376,dailymakeup_0013.png,1,0
4377,dailymakeup_0013.png,1,0
4378,dailymakeup_0013.png,1,0
4379,dailymakeup_0013.png,1,0
4380,dailymakeup_0013.png,1,0
4381,dailymakeup_0013.png,0,0
4382,dailymakeup_0013.png,0,0
4383,dailymakeup_0013.png,1,0
4384,dailymakeup_0013.png,1,0
4385,dailymakeup_0013.png,2,0
4386,dailymakeup_0013.png,1,0
4387,dailymakeup_0013.png,1,0
4388,dailymakeup_0013.png,1,0
4389,dailymakeup_0013.png,4,0
4390,dailymakeup_0013.png,3,0
4391,dailymakeup_0013.png,3,0
4392,dailymakeup_0013.png,4,0
4393,dailymakeup_0013.png,4,0
4394,dailymakeup_0013.png,4,0
4395,dailymakeup_0014.png,3,0
4396,dailymakeup_0014.png,1,0
4397,dailymakeup_0014.png,1,0
4398,dailymakeup_0014.png,1,0
4399,dailymakeup_0014.png,2,0
4400,dailymakeup_0015.png,4,3
4401,dailymakeup_0015.png,3,3
4402,dailymakeup_0015.png,2,3
4403,dailymakeup_0015.png,1,3
4404,dailymakeup_0015.png,1,3
4405,dailymakeup_0015.png,2,3
4406,dailymakeup_0015.png,1,3
4407,dailymakeup_0016.png,4,3
4408,dailymakeup_0016.png,1,3
4409,dailymakeup_0016.png,3,3
4410,dailymakeup_0016.png,2,3
4411,dailymakeup_0018.png,3,0
4412,dailymakeup_0018.png,3,0
4413,dailymakeup_0018.png,2,0
4414,dailymakeup_0019.png,4,2
4415,dailymakeup_0019.png,3,2
4416,dailymakeup_0019.png,1,2
4417,dailymakeup_0019.png,1,2
4418,dailymakeup_0020.png,1,3
4419,dailymakeup_0020.png,2,3
4420,dailymakeup_0020.png,3,3
4421,dailymakeup_0020.png,1,3
4422,dailymakeup_0021.png,3,1
4423,dailymakeup_0021.png,3,1
4424,dailymakeup_0021.png,3,1
4425,dailymakeup_0021.png,1,1
4426,dailymakeup_0021.png,0,1
4427,dailymakeup_0022.png,4,0
4428,dailymakeup_0022.png,2,0
4429,dailymakeup_0023.png,4,4
4430,dailymakeup_0023.png,2,4
4431,dailymakeup_0023.png,3,4
4432,dailymakeup_0023.png,1,4
4433,dailymakeup_0023.png,1,4
4434,dailymakeup_0024.png,2,1
4435,dailymakeup_0024.png,4,1
4436,dailymakeup_0024.png,3,1
4437,dailymakeup_0024.png,2,1
4438,dailymakeup_0024.png,3,1
4439,dailymakeup_0025.png,4,0
4440,dailymakeup_0025.png,3,0
4441,dailymakeup_0025.png,3,0
4442,dailymakeup_0025.png,2,0
4443,dailymakeup_0025.png,2,0
4444,dailymakeup_0026.png,2,1
4445,dailymakeup_0026.png,3,1
4446,dailymakeup_0026.png,4,1
4447,dailymakeup_0026.png,3,1
4448,dailymakeup_0026.png,1,1
4449,dailymakeup_0026.png,2,1
4450,dailymakeup_0026.png,2,1
4451,dailymakeup_0026.png,2,1
4452,dailymakeup_0027.png,4,0
4453,dailymakeup_0027.png,1,0
4454,dailymakeup_0027.png,0,0
4455,dailymakeup_0027.png,0,0
4456,dailymakeup_0027.png,0,0
4457,dailymakeup_0028.png,2,0
4458,dailymakeup_0028.png,2,0
4459,dailymakeup_0028.png,4,0
4460,dailymakeup_0028.png,1,0
4461,dailymakeup_0028.png,4,0
4462,dailymakeup_0028.png,2,0
4463,dailymakeup_0028.png,2,0
4464,dailymakeup_0028.png,0,0
4465,dailymakeup_0028.png,0,0
4466,dailymakeup_0028.png,4,0
4467,dailymakeup_0028.png,3,0
4468,dailymakeup_0028.png,3,0
4469,dailymakeup_0028.png,3,0
4470,dailymakeup_0028.png,0,0
4471,dailymakeup_0028.png,0,0
4472,dailymakeup_0028.png,1,0
4473,dailymakeup_0028.png,0,0
4474,dailymakeup_0028.png,0,0
4475,dailymakeup_0029.png,4,1
4476,dailymakeup_0031.png,2,4
4477,dailymakeup_0031.png,1,4
4478,dailymakeup_0031.png,1,4
4479,dailymakeup_0031.png,3,4
4480,dailymakeup_0031.png,3,4
4481,dailymakeup_0031.png,4,4
4482,dailymakeup_0031.png,1,4
4483,dailymakeup_0031.png,2,4
4484,dailymakeup_0031.png,3,4
4485,dailymakeup_0031.png,1,4
4486,dailymakeup_0031.png,3,4
4487,dailymakeup_0031.png,1,4
4488,dailymakeup_0032.png,4,3
4489,dailymakeup_0032.png,3,3
4490,dailymakeup_0032.png,1,3
4491,dailymakeup_0032.png,1,3
4492,dailymakeup_0032.png,3,3
4493,dailymakeup_0032.png,1,3
4494,dailymakeup_0032.png,3,3
4495,dailymakeup_0032.png,1,3
4496,dailymakeup_0032.png,2,3
4497,dailymakeup_0032.png,1,3
4498,dailymakeup_0032.png,4,3
4499,dailymakeup_0032.png,3,3
4500,dailymakeup_0032.png,3,3
4501,dailymakeup_0032.png,3,3
4502,dailymakeup_0032.png,2,3
4503,dailymakeup_0032.png,3,3
4504,dailymakeup_0032.png,1,3
4505,dailymakeup_0033.png,3,2
4506,dailymakeup_0033.png,4,2
4507,dailymakeup_0033.png,2,2
4508,dailymakeup_0033.png,2,2
4509,dailymakeup_0033.png,1,2
4510,dailymakeup_0033.png,1,2
4511,dailymakeup_0033.png,1,2
4512,dailymakeup_0033.png,3,2
4513,dailymakeup_0033.png,1,2
4514,dailymakeup_0033.png,1,2
4515,dailymakeup_0035.png,4,1
4516,dailymakeup_0035.png,3,1
4517,dailymakeup_0035.png,3,1
4518,dailymakeup_0035.png,3,1
4519,dailymakeup_0035.png,4,1
4520,dailymakeup_0036.png,4,1
4521,dailymakeup_0037.png,3,0
4522,dailymakeup_0037.png,4,0
4523,dailymakeup_0037.png,3,0
4524,dailymakeup_0037.png,2,0
4525,dailymakeup_0037.png,0,0
4526,dailymakeup_0037.png,3,0
4527,dailymakeup_0037.png,4,0
4528,dailymakeup_0037.png,2,0
4529,dailymakeup_0037.png,3,0
4530,dailymakeup_0037.png,4,0
4531,dailymakeup_0037.png,3,0
4532,dailymakeup_0037.png,3,0
4533,dailymakeup_0037.png,4,0
4534,dailymakeup_0037.png,2,0
4535,dailymakeup_0037.png,1,0
4536,dailymakeup_0037.png,1,0
4537,dailymakeup_0037.png,3,0
4538,dailymakeup_0037.png,1,0
4539,dailymakeup_0037.png,1,0
4540,dailymakeup_0037.png,2,0
4541,dailymakeup_0037.png,1,0
4542,dailymakeup_0037.png,3,0
4543,dailymakeup_0037.png,2,0
4544,dailymakeup_0039.png,3,4
4545,dailymakeup_0039.png,4,4
4546,dailymakeup_0039.png,4,4
4547,dailymakeup_0039.png,3,4
4548,dailymakeup_0039.png,1,4
4549,dailymakeup_0039.png,1,4
4550,dailymakeup_0039.png,1,4
4551,dailymakeup_0039.png,2,4
4552,dailymakeup_0040.png,3,0
4553,dailymakeup_0041.png,4,0
4554,dailymakeup_0042.png,1,2
4555,dailymakeup_0042.png,2,2
4556,dailymakeup_0042.png,2,2
4557,dailymakeup_0042.png,4,2
4558,dailymakeup_0042.png,1,2
4559,dailymakeup_0042.png,1,2
4560,dailymakeup_0042.png,2,2
4561,dailymakeup_0042.png,1,2
4562,dailymakeup_0042.png,3,2
4563,dailymakeup_0042.png,4,2
4564,dailymakeup_0042.png,4,2
4565,dailymakeup_0042.png,2,2
4566,dailymakeup_0042.png,3,2
4567,dailymakeup_0042.png,1,2
4568,dailymakeup_0042.png,3,2
4569,dailymakeup_0042.png,4,2
4570,dailymakeup_0042.png,4,2
4571,dailymakeup_0043.png,4,4
4572,dailymakeup_0043.png,1,4
4573,dailymakeup_0043.png,3,4
4574,dailymakeup_0043.png,1,4
4575,dailymakeup_0045.png,4,2
4576,dailymakeup_0045.png,1,2
4577,dailymakeup_0045.png,1,2
4578,dailymakeup_0045.png,1,2
4579,dailymakeup_0045.png,1,2
4580,dailymakeup_0045.png,3,2
4581,dailymakeup_0045.png,2,2
4582,dailymakeup_0046.png,4,2
4583,dailymakeup_0046.png,4,2
4584,dailymakeup_0046.png,2,2
4585,dailymakeup_0048.png,4,3
4586,dailymakeup_0049.png,2,4
4587,dailymakeup_0049.png,3,4
4588,dailymakeup_0049.png,1,4
4589,dailymakeup_0049.png,4,4
4590,dailymakeup_0049.png,3,4
4591,dailymakeup_0049.png,1,4
4592,dailymakeup_0051.png,4,0
4593,dailymakeup_0051.png,4,0
4594,dailymakeup_0051.png,4,0
4595,dailymakeup_0051.png,3,0
4596,dailymakeup_0051.png,2,0
4597,dailymakeup_0051.png,2,0
4598,dailymakeup_0051.png,1,0
4599,dailymakeup_0051.png,1,0
4600,dailymakeup_0051.png,4,0
4601,dailymakeup_0051.png,2,0
4602,dailymakeup_0051.png,0,0
4603,dailymakeup_0051.png,0,0
4604,dailymakeup_0051.png,1,0
4605,dailymakeup_0051.png,1,0
4606,dailymakeup_0051.png,2,0
4607,dailymakeup_0051.png,0,0
4608,dailymakeup_0051.png,1,0
4609,dailymakeup_0051.png,1,0
4610,dailymakeup_0051.png,1,0
4611,dailymakeup_0051.png,0,0
4612,dailymakeup_0051.png,0,0
4613,dailymakeup_0051.png,3,0
4614,dailymakeup_0051.png,3,0
4615,dailymakeup_0051.png,3,0
4616,dailymakeup_0051.png,2,0
4617,dailymakeup_0051.png,1,0
4618,dailymakeup_0051.png,2,0
4619,dailymakeup_0051.png,1,0
4620,dailymakeup_0051.png,0,0
4621,dailymakeup_0052.png,3,3
4622,dailymakeup_0052.png,4,3
4623,dailymakeup_0052.png,3,3
4624,dailymakeup_0052.png,3,3
4625,dailymakeup_0052.png,2,3
4626,dailymakeup_0054.png,3,4
4627,dailymakeup_0054.png,4,4
4628,dailymakeup_0054.png,2,4
4629,dailymakeup_0054.png,1,4
4630,dailymakeup_0054.png,3,4
4631,dailymakeup_0054.png,2,4
4632,dailymakeup_0054.png,3,4
4633,dailymakeup_0054.png,3,4
4634,dailymakeup_0054.png,4,4
4635,dailymakeup_0054.png,3,4
4636,dailymakeup_0054.png,3,4
4637,dailymakeup_0055.png,4,1
4638,dailymakeup_0055.png,3,1
4639,dailymakeup_0055.png,1,1
4640,dailymakeup_0055.png,1,1
4641,dailymakeup_0056.png,4,3
4642,dailymakeup_0056.png,4,3
4643,dailymakeup_0056.png,3,3
4644,dailymakeup_0056.png,1,3
4645,dailymakeup_0056.png,3,3
4646,dailymakeup_0056.png,3,3
4647,dailymakeup_0056.png,4,3
4648,dailymakeup_0056.png,3,3
4649,dailymakeup_0056.png,4,3
4650,dailymakeup_0057.png,4,3
4651,dailymakeup_0057.png,4,3
4652,dailymakeup_0057.png,3,3
4653,dailymakeup_0057.png,3,3
4654,dailymakeup_0057.png,4,3
4655,dailymakeup_0058.png,4,2
4656,dailymakeup_0058.png,4,2
4657,dailymakeup_0058.png,4,2
4658,dailymakeup_0058.png,4,2
4659,dailymakeup_0058.png,4,2
4660,dailymakeup_0058.png,3,2
4661,dailymakeup_0059.png,3,3
4662,dailymakeup_0059.png,1,3
4663,dailymakeup_0059.png,1,3
4664,dailymakeup_0060.png,4,2
4665,dailymakeup_0063.png,4,3
4666,dailymakeup_0063.png,2,3
4667,dailymakeup_0063.png,4,3
4668,dailymakeup_0063.png,3,3
4669,dailymakeup_0063.png,3,3
4670,dailymakeup_0064.png,1,1
4671,dailymakeup_0065.png,3,1
4672,dailymakeup_0065.png,3,1
4673,dailymakeup_0065.png,3,1
4674,dailymakeup_0067.png,4,0
4675,dailymakeup_0068.png,1,4
4676,dailymakeup_0068.png,3,4
4677,dailymakeup_0068.png,3,4
4678,dailymakeup_0068.png,4,4
4679,dailymakeup_0068.png,3,4
4680,dailymakeup_0068.png,4,4
4681,dailymakeup_0068.png,4,4
4682,dailymakeup_0068.png,2,4
4683,dailymakeup_0068.png,3,4
4684,dailymakeup_0068.png,4,4
4685,dailymakeup_0068.png,4,4
4686,dailymakeup_0068.png,1,4
4687,dailymakeup_0068.png,3,4
4688,dailymakeup_0068.png,1,4
4689,dailymakeup_0068.png,2,4
4690,dailymakeup_0069.png,2,1
4691,dailymakeup_0069.png,1,1
4692,dailymakeup_0069.png,1,1
4693,dailymakeup_0069.png,1,1
4694,dailymakeup_0069.png,2,1
4695,dailymakeup_0069.png,1,1
4696,dailymakeup_0069.png,1,1
4697,dailymakeup_0069.png,2,1
4698,dailymakeup_0069.png,2,1
4699,dailymakeup_0069.png,1,1
4700,dailymakeup_0070.png,2,0
4701,dailymakeup_0070.png,3,0
4702,dailymakeup_0070.png,1,0
4703,dailymakeup_0070.png,3,0
4704,dailymakeup_0070.png,1,0
4705,dailymakeup_0072.png,1,4
4706,dailymakeup_0072.png,1,4
4707,dailymakeup_0072.png,1,4
4708,dailymakeup_0072.png,4,4
4709,dailymakeup_0072.png,4,4
4710,dailymakeup_0072.png,3,4
4711,dailymakeup_0072.png,3,4
4712,dailymakeup_0072.png,3,4
4713,dailymakeup_0072.png,3,4
4714,dailymakeup_0072.png,3,4
4715,dailymakeup_0072.png,3,4
4716,dailymakeup_0072.png,3,4
4717,dailymakeup_0073.png,4,2
4718,dailymakeup_0074.png,4,4
4719,dailymakeup_0074.png,3,4
4720,dailymakeup_0074.png,3,4
4721,dailymakeup_0074.png,3,4
4722,dailymakeup_0075.png,1,2
4723,dailymakeup_0075.png,2,2
4724,dailymakeup_0075.png,3,2
4725,dailymakeup_0075.png,1,2
4726,dailymakeup_0075.png,0,2
4727,dailymakeup_0076.png,4,4
4728,dailymakeup_0076.png,4,4
4729,dailymakeup_0076.png,4,4
4730,dailymakeup_0077.png,3,3
4731,dailymakeup_0077.png,3,3
4732,dailymakeup_0077.png,0,3
4733,dailymakeup_0077.png,1,3
4734,dailymakeup_0079.png,3,0
4735,dailymakeup_0079.png,4,0
4736,dailymakeup_0079.png,3,0
4737,dailymakeup_0080.png,3,3
4738,dailymakeup_0081.png,4,1
4739,dailymakeup_0081.png,3,1
4740,dailymakeup_0081.png,3,1
4741,dailymakeup_0081.png,3,1
4742,dailymakeup_0082.png,2,2
4743,dailymakeup_0082.png,3,2
4744,dailymakeup_0082.png,3,2
4745,dailymakeup_0082.png,4,2
4746,dailymakeup_0082.png,3,2
4747,dailymakeup_0083.png,4,1
4748,dailymakeup_0084.png,2,2
4749,dailymakeup_0084.png,0,2
4750,dailymakeup_0084.png,2,2
4751,dailymakeup_0084.png,3,2
4752,dailymakeup_0084.png,2,2
4753,dailymakeup_0084.png,1,2
4754,dailymakeup_0084.png,1,2
4755,dailymakeup_0084.png,3,2
4756,dailymakeup_0084.png,3,2
4757,dailymakeup_0084.png,1,2
4758,dailymakeup_0087.png,4,3
4759,dailymakeup_0087.png,3,3
4760,dailymakeup_0087.png,3,3
4761,dailymakeup_0087.png,4,3
4762,dailymakeup_0088.png,4,4
4763,dailymakeup_0088.png,3,4
4764,dailymakeup_0088.png,3,4
4765,dailymakeup_0089.png,1,1
4766,dailymakeup_0089.png,2,1
4767,dailymakeup_0089.png,4,1
4768,dailymakeup_0089.png,0,1
4769,dailymakeup_0089.png,3,1
4770,dailymakeup_0090.png,4,4
4771,dailymakeup_0090.png,4,4
4772,dailymakeup_0090.png,2,4
4773,dailymakeup_0090.png,3,4
4774,dailymakeup_0090.png,2,4
4775,dailymakeup_0090.png,1,4
4776,dailymakeup_0090.png,3,4
4777,dailymakeup_0090.png,4,4
4778,dailymakeup_0090.png,0,4
4779,dailymakeup_0090.png,0,4
4780,dailymakeup_0090.png,0,4
4781,dailymakeup_0091.png,3,2
4782,dailymakeup_0091.png,1,2
4783,dailymakeup_0091.png,2,2
4784,dailymakeup_0091.png,1,2
4785,dailymakeup_0092.png,3,0
4786,dailymakeup_0092.png,3,0
4787,dailymakeup_0092.png,2,0
4788,dailymakeup_0092.png,3,0
4789,dailymakeup_0092.png,1,0
4790,dailymakeup_0093.png,4,1
4791,dailymakeup_0094.png,2,1
4792,dailymakeup_0094.png,4,1
4793,dailymakeup_0096.png,3,2
4794,dailymakeup_0096.png,4,2
4795,dailymakeup_0096.png,3,2
4796,dailymakeup_0096.png,2,2
4797,dailymakeup_0096.png,3,2
4798,dailymakeup_0097.png,1,1
4799,dailymakeup_0097.png,1,1
4800,dailymakeup_0097.png,1,1
4801,dailymakeup_0097.png,2,1
4802,dailymakeup_0097.png,1,1
4803,dailymakeup_0098.png,0,0
4804,dailymakeup_0098.png,1,0
4805,dailymakeup_0098.png,1,0
4806,dailymakeup_0098.png,3,0
4807,kkuankku_0001.png,0,4
4808,kkuankku_0001.png,2,4
4809,kkuankku_0001.png,4,4
4810,kkuankku_0001.png,3,4
4811,kkuankku_0002.png,0,4
4812,kkuankku_0002.png,3,4
4813,kkuankku_0002.png,1,4
4814,kkuankku_0002.png,3,4
4815,kkuankku_0002.png,3,4
4816,kkuankku_0002.png,4,4
4817,kkuankku_0002.png,2,4
4818,kkuankku_0002.png,3,4
4819,kkuankku_0002.png,3,4
4820,kkuankku_0002.png,3,4
4821,kkuankku_0003.png,3,2
4822,kkuankku_0003.png,3,2
4823,kkuankku_0003.png,3,2
4824,kkuankku_0003.png,4,2
4825,kkuankku_0003.png,2,2
4826,kkuankku_0004.png,4,3
4827,kkuankku_0004.png,3,3
4828,kkuankku_0004.png,3,3
4829,kkuankku_0004.png,4,3
4830,kkuankku_0004.png,2,3
4831,kkuankku_0004.png,3,3
4832,kkuankku_0004.png,4,3
4833,kkuankku_0004.png,2,3
4834,kkuankku_0004.png,4,3
4835,kkuankku_0004.png,2,3
4836,kkuankku_0004.png,1,3
4837,kkuankku_0004.png,4,3
4838,kkuankku_0004.png,3,3
4839,kkuankku_0004.png,3,3
4840,kkuankku_0004.png,1,3
4841,kkuankku_0004.png,3,3
4842,kkuankku_0004.png,4,3
4843,kkuankku_0004.png,1,3
4844,kkuankku_0005.png,3,1
4845,kkuankku_0005.png,4,1
4846,kkuankku_0005.png,4,1
4847,kkuankku_0006.png,1,4
4848,kkuankku_0006.png,0,4
4849,kkuankku_0006.png,1,4
4850,kkuankku_0006.png,4,4
4851,kkuankku_0006.png,4,4
4852,kkuankku_0006.png,2,4
4853,kkuankku_0006.png,2,4
4854,kkuankku_0006.png,4,4
4855,kkuankku_0006.png,3,4
4856,kkuankku_0007.png,3,0
4857,kkuankku_0007.png,4,0
4858,kkuankku_0007.png,3,0
4859,kkuankku_0007.png,2,0
4860,kkuankku_0007.png,3,0
4861,kkuankku_0007.png,3,0
4862,kkuankku_0007.png,4,0
4863,kkuankku_0007.png,2,0
4864,kkuankku_0007.png,1,0
4865,kkuankku_0007.png,4,0
4866,kkuankku_0007.png,3,0
4867,kkuankku_0007.png,3,0
4868,kkuankku_0007.png,1,0
4869,kkuankku_0007.png,4,0
4870,kkuankku_0007.png,3,0
4871,kkuankku_0007.png,1,0
4872,kkuankku_0007.png,2,0
4873,kkuankku_0007.png,3,0
4874,kkuankku_0007.png,3,0
4875,kkuankku_0007.png,3,0
4876,kkuankku_0007.png,2,0
4877,kkuankku_0007.png,1,0
4878,kkuankku_0008.png,4,0
4879,kkuankku_0008.png,4,0
4880,kkuankku_0008.png,3,0
4881,kkuankku_0008.png,3,0
4882,kkuankku_0008.png,4,0
4883,kkuankku_0008.png,0,0
4884,kkuankku_0008.png,3,0
4885,kkuankku_0008.png,1,0
4886,kkuankku_0011.png,2,0
4887,kkuankku_0013.png,4,4
4888,kkuankku_0013.png,4,4
4889,kkuankku_0013.png,3,4
4890,kkuankku_0013.png,3,4
4891,kkuankku_0013.png,3,4
4892,kkuankku_0014.png,4,0
4893,kkuankku_0014.png,2,0
4894,kkuankku_0014.png,3,0
4895,kkuankku_0017.png,4,0
4896,kkuankku_0017.png,4,0
4897,kkuankku_0017.png,3,0
4898,kkuankku_0017.png,3,0
4899,kkuankku_0017.png,2,0
4900,kkuankku_0018.png,4,1
4901,kkuankku_0018.png,4,1
4902,kkuankku_0018.png,3,1
4903,kkuankku_0018.png,3,1
4904,kkuankku_0018.png,2,1
4905,kkuankku_0018.png,4,1
4906,kkuankku_0020.png,4,4
4907,kkuankku_0020.png,4,4
4908,kkuankku_0020.png,3,4
4909,kkuankku_0020.png,3,4
4910,kkuankku_0025.png,4,0
4911,kkuankku_0025.png,3,0
4912,kkuankku_0025.png,4,0
4913,kkuankku_0025.png,3,0
4914,kkuankku_0025.png,2,0
4915,kkuankku_0026.png,4,0
4916,kkuankku_0026.png,4,0
4917,kkuankku_0026.png,4,0
4918,kkuankku_0026.png,3,0
4919,kkuankku_0027.png,2,3
4920,kkuankku_0027.png,4,3
4921,kkuankku_0027.png,4,3
4922,kkuankku_0027.png,3,3
4923,kkuankku_0028.png,4,3
4924,kkuankku_0028.png,3,3
4925,kkuankku_0028.png,3,3
4926,kkuankku_0028.png,4,3
4927,kkuankku_0028.png,2,3
4928,kkuankku_0028.png,1,3
4929,kkuankku_0028.png,1,3
4930,kkuankku_0028.png,4,3
4931,kkuankku_0028.png,3,3
4932,kkuankku_0028.png,4,3
4933,kkuankku_0028.png,3,3
4934,kkuankku_0028.png,3,3
4935,kkuankku_0028.png,3,3
4936,kkuankku_0028.png,3,3
4937,kkuankku_0028.png,4,3
4938,kkuankku_0028.png,2,3
4939,kkuankku_0028.png,3,3
4940,kkuankku_0028.png,2,3
4941,kkuankku_0028.png,2,3
4942,kkuankku_0034.png,4,2
4943,kkuankku_0034.png,2,2
4944,kkuankku_0034.png,4,2
4945,kkuankku_0034.png,3,2
4946,kkuankku_0034.png,3,2
4947,kkuankku_0038.png,4,3
4948,kkuankku_0038.png,4,3
4949,kkuankku_0038.png,4,3
4950,kkuankku_0038.png,2,3
4951,kkuankku_0038.png,3,3
4952,kkuankku_0038.png,3,3
4953,kkuankku_0038.png,3,3
4954,kkuankku_0039.png,3,4
4955,kkuankku_0039.png,4,4
4956,kkuankku_0039.png,3,4
4957,kkuankku_0039.png,4,4
4958,kkuankku_0039.png,3,4
4959,kkuankku_0039.png,3,4
4960,kkuankku_0039.png,3,4
4961,kkuankku_0039.png,3,4
4962,kkuankku_0040.png,4,4
4963,kkuankku_0040.png,4,4
4964,kkuankku_0040.png,2,4
4965,kkuankku_0040.png,3,4
4966,kkuankku_0040.png,2,4
4967,kkuankku_0040.png,3,4
4968,kkuankku_0040.png,3,4
4969,kkuankku_0040.png,3,4
4970,kkuankku_0040.png,1,4
4971,kkuankku_0040.png,0,4
4972,kkuankku_0040.png,0,4
4973,kkuankku_0041.png,3,3
4974,kkuankku_0041.png,4,3
4975,kkuankku_0041.png,4,3
4976,kkuankku_0041.png,3,3
4977,kkuankku_0041.png,4,3
4978,kkuankku_0041.png,4,3
4979,kkuankku_0041.png,3,3
4980,kkuankku_0043.png,2,1
4981,kkuankku_0043.png,4,1
4982,kkuankku_0043.png,3,1
4983,kkuankku_0043.png,3,1
4984,kkuankku_0047.png,4,1
4985,kkuankku_0047.png,4,1
4986,kkuankku_0047.png,3,1
4987,kkuankku_0047.png,4,1
4988,kkuankku_0051.png,2,0
4989,kkuankku_0051.png,3,0
4990,kkuankku_0051.png,4,0
4991,kkuankku_0051.png,1,0
4992,kkuankku_0052.png,4,2
4993,kkuankku_0052.png,4,2
4994,kkuankku_0052.png,3,2
4995,kkuankku_0052.png,4,2
4996,kkuankku_0054.png,4,1
4997,kkuankku_0054.png,3,1
4998,kkuankku_0054.png,3,1
4999,kkuankku_0054.png,3,1
5000,kkuankku_0054.png,2,1
5001,kkuankku_0057.png,3,4
5002,kkuankku_0057.png,4,4
5003,kkuankku_0057.png,4,4
5004,kkuankku_0057.png,3,4
5005,kkuankku_0057.png,3,4
5006,kkuankku_0057.png,4,4
5007,kkuankku_0057.png,4,4
5008,kkuankku_0057.png,4,4
5009,kkuankku_0057.png,3,4
5010,kkuankku_0057.png,4,4
5011,kkuankku_0060.png,4,4
5012,kkuankku_0060.png,4,4
5013,kkuankku_0060.png,3,4
5014,kkuankku_0060.png,3,4
5015,kkuankku_0060.png,3,4
5016,kkuankku_0060.png,2,4
5017,kkuankku_0060.png,4,4
5018,kkuankku_0060.png,4,4
5019,kkuankku_0060.png,4,4
5020,kkuankku_0060.png,1,4
5021,kkuankku_0060.png,1,4
5022,kkuankku_0060.png,0,4
5023,kkuankku_0060.png,0,4
5024,kkuankku_0060.png,0,4
5025,kkuankku_0060.png,0,4
5026,kkuankku_0060.png,0,4
5027,kkuankku_0060.png,1,4
5028,kkuankku_0065.png,4,3
5029,kkuankku_0065.png,4,3
5030,kkuankku_0065.png,3,3
5031,kkuankku_0065.png,4,3
5032,kkuankku_0065.png,3,3
5033,kkuankku_0065.png,4,3
5034,kkuankku_0065.png,4,3
5035,kkuankku_0065.png,3,3
5036,kkuankku_0065.png,3,3
5037,kkuankku_0065.png,3,3
5038,kkuankku_0065.png,3,3
5039,kkuankku_0065.png,4,3
5040,kkuankku_0065.png,3,3
5041,kkuankku_0065.png,4,3
5042,kkuankku_0065.png,4,3
5043,kkuankku_0065.png,3,3
5044,kkuankku_0065.png,1,3
5045,kkuankku_0065.png,3,3
5046,kkuankku_0066.png,4,1
5047,kkuankku_0066.png,4,1
5048,kkuankku_0066.png,4,1
5049,kkuankku_0066.png,4,1
5050,kkuankku_0066.png,3,1
5051,kkuankku_0066.png,4,1
5052,kkuankku_0066.png,3,1
5053,kkuankku_0066.png,4,1
5054,kkuankku_0066.png,3,1
5055,kkuankku_0066.png,4,1
5056,kkuankku_0066.png,4,1
5057,kkuankku_0066.png,2,1
5058,kkuankku_0066.png,1,1
5059,kkuankku_0066.png,4,1
5060,kkuankku_0066.png,2,1
5061,kkuankku_0066.png,4,1
5062,kkuankku_0066.png,3,1
5063,kkuankku_0066.png,4,1
5064,kkuankku_0066.png,3,1
5065,kkuankku_0069.png,4,2
5066,kkuankku_0069.png,3,2
5067,kkuankku_0069.png,3,2
5068,kkuankku_0069.png,1,2
5069,kkuankku_0071.png,1,0
5070,kkuankku_0072.png,2,2
5071,kkuankku_0072.png,3,2
5072,kkuankku_0072.png,3,2
5073,kkuankku_0072.png,2,2
5074,kkuankku_0072.png,2,2
5075,kkuankku_0072.png,4,2
5076,kkuankku_0072.png,4,2
5077,kkuankku_0072.png,3,2
5078,kkuankku_0072.png,3,2
5079,kkuankku_0072.png,3,2
5080,kkuankku_0078.png,4,1
5081,kkuankku_0078.png,1,1
5082,kkuankku_0078.png,2,1
5083,kkuankku_0079.png,4,2
5084,kkuankku_0079.png,4,2
5085,kkuankku_0079.png,4,2
5086,kkuankku_0079.png,4,2
5087,kkuankku_0079.png,2,2
5088,kkuankku_0079.png,3,2
5089,kkuankku_0079.png,1,2
5090,kkuankku_0086.png,4,3
5091,kkuankku_0086.png,3,3
5092,kkuankku_0086.png,3,3
5093,kkuankku_0086.png,4,3
5094,kkuankku_0086.png,4,3
5095,kkuankku_0088.png,4,1
5096,kkuankku_0088.png,4,1
5097,kkuankku_0088.png,2,1
5098,kkuankku_0088.png,3,1
5099,kkuankku_0088.png,3,1
5100,kkuankku_0088.png,3,1
5101,kkuankku_0088.png,3,1
5102,kkuankku_0088.png,4,1
5103,kkuankku_0088.png,4,1
5104,kkuankku_0088.png,4,1
5105,kkuankku_0089.png,4,2
5106,kkuankku_0089.png,4,2
5107,kkuankku_0089.png,4,2
5108,kkuankku_0089.png,3,2
5109,kkuankku_0089.png,3,2
5110,kkuankku_0094.png,3,4
5111,kkuankku_0094.png,3,4
5112,kkuankku_0094.png,4,4
5113,kkuankku_0094.png,3,4
5114,kkuankku_0094.png,2,4
5115,kkuankku_0097.png,2,2
5116,kkuankku_0097.png,1,2
5117,kkuankku_0097.png,4,2
5118,kkuankku_0097.png,4,2
5119,kkuankku_0097.png,4,2
5120,kkuankku_0097.png,4,2
5121,kkuankku_0097.png,3,2
5122,kkuankku_0097.png,3,2
5123,kkuankku_0097.png,1,2
5124,kkuankku_0097.png,1,2
5125,kkuankku_0097.png,1,2
5126,kkuankku_0097.png,3,2
5127,kkuankku_0097.png,4,2
5128,kkuankku_0097.png,2,2
5129,kkuankku_0097.png,2,2
5130,kkuankku_0097.png,3,2
5131,kkuankku_0097.png,1,2
5132,kkuankku_0097.png,4,2
5133,kkuankku_0097.png,4,2
5134,kkuankku_0097.png,3,2
5135,kkuankku_0097.png,3,2
5136,kkuankku_0098.png,3,1
5137,kkuankku_0098.png,3,1
5138,kkuankku_0098.png,1,1
5139,kkuankku_0098.png,4,1
5140,kkuankku_0098.png,3,1
5141,kkuankku_0098.png,1,1
5142,kkuankku_0098.png,0,1
5143,kkuankku_0098.png,1,1
5144,kkuankku_0098.png,0,1
5145,kkuankku_0098.png,2,1
5146,kkuankku_0098.png,2,1
5147,kkuankku_0098.png,0,1
5148,kkuankku_0098.png,4,1
5149,kkuankku_0098.png,2,1
5150,kkuankku_0098.png,3,1
5151,kkuankku_0098.png,3,1
5152,kkuankku_0099.png,4,2
5153,kkuankku_0099.png,3,2
5154,kkuankku_0099.png,3,2
5155,kkuankku_0099.png,3,2
5156,kkuankku_0099.png,4,2
5157,kkuankku_0099.png,3,2
5158,kkuankku_0099.png,3,2
5159,kkuankku_0099.png,4,2
5160,kkuankku_0099.png,3,2
5161,kkuankku_0099.png,4,2
5162,kkuankku_0099.png,4,2
5163,kkuankku_0099.png,2,2
5164,kkuankku_0099.png,1,2
5165,kkuankku_0099.png,2,2
5166,kkuankku_0099.png,1,2
5167,kkuankku_0099.png,0,2
5168,kkuankku_0099.png,4,2
5169,kkuankku_0099.png,4,2
5170,kkuankku_0099.png,4,2
5171,kkuankku_0099.png,4,2
5172,kkuankku_0099.png,4,2
5173,kkuankku_0099.png,4,2
5174,kkuankku_0099.png,3,2
5175,kkuankku_0099.png,3,2
5176,kkuankku_0099.png,2,2
5177,kkuankku_0099.png,3,2
5178,kkuankku_0100.png,4,0
5179,kkuankku_0100.png,3,0
5180,kkuankku_0100.png,3,0
5181,kkuankku_0100.png,4,0
5182,kkuankku_0100.png,3,0
5183,kkuankku_0100.png,3,0
5184,kkuankku_0100.png,3,0
5185,kkuankku_0100.png,3,0
5186,kkuankku_0100.png,2,0
5187,kkuankku_0100.png,2,0
5188,kkuankku_0100.png,2,0
5189,kkuankku_0100.png,4,0
5190,kkuankku_0100.png,2,0
5191,kkuankku_0100.png,3,0
5192,kkuankku_0100.png,3,0
5193,kkuankku_0100.png,3,0
5194,kkuankku_0100.png,3,0
5195,kkuankku_0100.png,1,0
5196,kkuankku_0100.png,1,0
5197,kkuankku_0100.png,4,0
5198,kkuankku_0100.png,3,0
5199,kkuankku_0100.png,2,0
5200,kkuankku_0100.png,2,0
5201,kkuankku_0100.png,1,0
5202,kkuankku_0100.png,1,0
5203,kkuankku_0100.png,1,0
5204,dailylook_0004.png,4,1
5205,dailylook_0004.png,4,1
5206,dailylook_0004.png,3,1
5207,dailylook_0004.png,4,1
5208,dailylook_0005.png,2,2
5209,dailylook_0005.png,1,2
5210,dailylook_0005.png,4,2
5211,dailylook_0005.png,1,2
5212,dailylook_0005.png,4,2
5213,dailylook_0005.png,3,2
5214,dailylook_0005.png,1,2
5215,dailylook_0005.png,2,2
5216,dailylook_0005.png,0,2
5217,dailylook_0005.png,1,2
5218,dailylook_0005.png,1,2
5219,dailylook_0005.png,2,2
5220,dailylook_0005.png,2,2
5221,dailylook_0005.png,1,2
5222,dailylook_0008.png,3,2
5223,dailylook_0008.png,4,2
5224,dailylook_0008.png,4,2
5225,dailylook_0008.png,3,2
5226,dailylook_0009.png,3,1
5227,dailylook_0009.png,3,1
5228,dailylook_0009.png,4,1
5229,dailylook_0009.png,4,1
5230,dailylook_0009.png,3,1
5231,dailylook_0009.png,3,1
5232,dailylook_0009.png,3,1
5233,dailylook_0009.png,2,1
5234,dailylook_0009.png,3,1
5235,dailylook_0010.png,4,4
5236,dailylook_0010.png,3,4
5237,dailylook_0010.png,3,4
5238,dailylook_0010.png,3,4
5239,dailylook_0010.png,4,4
5240,dailylook_0010.png,3,4
5241,dailylook_0010.png,4,4
5242,dailylook_0010.png,4,4
5243,dailylook_0010.png,0,4
5244,dailylook_0010.png,1,4
5245,dailylook_0010.png,1,4
5246,dailylook_0010.png,1,4
5247,dailylook_0010.png,1,4
5248,dailylook_0010.png,0,4
5249,dailylook_0010.png,1,4
5250,dailylook_0010.png,1,4
5251,dailylook_0010.png,1,4
5252,dailylook_0010.png,1,4
5253,dailylook_0010.png,2,4
5254,dailylook_0011.png,1,2
5255,dailylook_0011.png,2,2
5256,dailylook_0011.png,3,2
5257,dailylook_0011.png,3,2
5258,dailylook_0011.png,1,2
5259,dailylook_0012.png,4,2
5260,dailylook_0012.png,3,2
5261,dailylook_0012.png,3,2
5262,dailylook_0012.png,3,2
5263,dailylook_0012.png,3,2
5264,dailylook_0014.png,4,1
5265,dailylook_0014.png,1,1
5266,dailylook_0014.png,3,1
5267,dailylook_0014.png,3,1
5268,dailylook_0014.png,3,1
5269,dailylook_0015.png,3,1
5270,dailylook_0015.png,3,1
5271,dailylook_0015.png,3,1
5272,dailylook_0015.png,1,1
5273,dailylook_0015.png,3,1
5274,dailylook_0017.png,3,2
5275,dailylook_0017.png,3,2
5276,dailylook_0017.png,3,2
5277,dailylook_0017.png,1,2
5278,dailylook_0018.png,4,4
5279,dailylook_0018.png,4,4
5280,dailylook_0018.png,3,4
5281,dailylook_0018.png,3,4
5282,dailylook_0018.png,3,4
5283,dailylook_0018.png,1,4
5284,dailylook_0019.png,4,3
5285,dailylook_0019.png,1,3
5286,dailylook_0019.png,2,3
5287,dailylook_0019.png,2,3
5288,dailylook_0019.png,3,3
5289,dailylook_0020.png,4,2
5290,dailylook_0020.png,4,2
5291,dailylook_0020.png,1,2
5292,dailylook_0020.png,1,2
5293,dailylook_0020.png,0,2
5294,dailylook_0020.png,0,2
5295,dailylook_0020.png,0,2
5296,dailylook_0020.png,1,2
5297,dailylook_0021.png,3,1
5298,dailylook_0021.png,3,1
5299,dailylook_0021.png,3,1
5300,dailylook_0021.png,2,1
5301,dailylook_0021.png,2,1
5302,dailylook_0024.png,4,0
5303,dailylook_0024.png,3,0
5304,dailylook_0024.png,4,0
5305,dailylook_0024.png,3,0
5306,dailylook_0025.png,3,3
5307,dailylook_0025.png,4,3
5308,dailylook_0025.png,4,3
5309,dailylook_0025.png,4,3
5310,dailylook_0025.png,2,3
5311,dailylook_0026.png,3,2
5312,dailylook_0026.png,3,2
5313,dailylook_0026.png,2,2
5314,dailylook_0026.png,3,2
5315,dailylook_0026.png,4,2
5316,dailylook_0026.png,3,2
5317,dailylook_0029.png,3,0
5318,dailylook_0029.png,4,0
5319,dailylook_0029.png,1,0
5320,dailylook_0029.png,1,0
5321,dailylook_0029.png,3,0
5322,dailylook_0029.png,1,0
5323,dailylook_0032.png,1,3
5324,dailylook_0032.png,1,3
5325,dailylook_0032.png,2,3
5326,dailylook_0032.png,1,3
5327,dailylook_0032.png,3,3
5328,dailylook_0038.png,4,2
5329,dailylook_0038.png,2,2
5330,dailylook_0038.png,3,2
5331,dailylook_0038.png,4,2
5332,dailylook_0038.png,4,2
5333,dailylook_0038.png,3,2
5334,dailylook_0041.png,1,1
5335,dailylook_0041.png,4,1
5336,dailylook_0041.png,4,1
5337,dailylook_0041.png,4,1
5338,dailylook_0041.png,3,1
5339,dailylook_0042.png,1,0
5340,dailylook_0042.png,2,0
5341,dailylook_0042.png,4,0
5342,dailylook_0042.png,2,0
5343,dailylook_0042.png,0,0
5344,dailylook_0043.png,4,0
5345,dailylook_0043.png,3,0
5346,dailylook_0043.png,4,0
5347,dailylook_0043.png,2,0
5348,dailylook_0043.png,4,0
5349,dailylook_0043.png,3,0
5350,dailylook_0043.png,1,0
5351,dailylook_0043.png,3,0
5352,dailylook_0044.png,4,3
5353,dailylook_0044.png,3,3
5354,dailylook_0044.png,3,3
5355,dailylook_0044.png,2,3
5356,dailylook_0044.png,3,3
5357,dailylook_0045.png,3,1
5358,dailylook_0045.png,3,1
5359,dailylook_0045.png,3,1
5360,dailylook_0045.png,3,1
5361,dailylook_0045.png,3,1
5362,dailylook_0046.png,3,2
5363,dailylook_0046.png,3,2
5364,dailylook_0046.png,4,2
5365,dailylook_0046.png,3,2
5366,dailylook_0046.png,2,2
5367,dailylook_0048.png,4,2
5368,dailylook_0048.png,3,2
5369,dailylook_0048.png,4,2
5370,dailylook_0048.png,2,2
5371,dailylook_0048.png,4,2
5372,dailylook_0048.png,1,2
5373,dailylook_0048.png,1,2
5374,dailylook_0048.png,1,2
5375,dailylook_0049.png,4,0
5376,dailylook_0049.png,3,0
5377,dailylook_0049.png,4,0
5378,dailylook_0049.png,4,0
5379,dailylook_0049.png,4,0
5380,dailylook_0049.png,3,0
5381,dailylook_0049.png,4,0
5382,dailylook_0049.png,3,0
5383,dailylook_0049.png,4,0
5384,dailylook_0049.png,4,0
5385,dailylook_0049.png,3,0
5386,dailylook_0049.png,2,0
5387,dailylook_0049.png,2,0
5388,dailylook_0049.png,3,0
5389,dailylook_0049.png,3,0
5390,dailylook_0049.png,3,0
5391,dailylook_0049.png,2,0
5392,dailylook_0049.png,2,0
5393,dailylook_0049.png,4,0
5394,dailylook_0049.png,4,0
5395,dailylook_0050.png,4,1
5396,dailylook_0050.png,4,1
5397,dailylook_0050.png,3,1
5398,dailylook_0050.png,4,1
5399,dailylook_0050.png,4,1
5400,dailylook_0050.png,3,1
5401,dailylook_0054.png,1,2
5402,dailylook_0054.png,2,2
5403,dailylook_0054.png,3,2
5404,dailylook_0054.png,4,2
5405,dailylook_0054.png,2,2
5406,dailylook_0055.png,1,4
5407,dailylook_0055.png,2,4
5408,dailylook_0055.png,2,4
5409,dailylook_0055.png,0,4
5410,dailylook_0055.png,0,4
5411,dailylook_0055.png,0,4
5412,dailylook_0055.png,1,4
5413,dailylook_0055.png,1,4
5414,dailylook_0055.png,1,4
5415,dailylook_0055.png,1,4
5416,dailylook_0055.png,3,4
5417,dailylook_0055.png,1,4
5418,dailylook_0057.png,4,1
5419,dailylook_0057.png,4,1
5420,dailylook_0057.png,4,1
5421,dailylook_0057.png,2,1
5422,dailylook_0057.png,2,1
5423,dailylook_0057.png,4,1
5424,dailylook_0057.png,4,1
5425,dailylook_0057.png,3,1
5426,dailylook_0060.png,4,0
5427,dailylook_0060.png,3,0
5428,dailylook_0060.png,3,0
5429,dailylook_0060.png,0,0
5430,dailylook_0060.png,3,0
5431,dailylook_0061.png,1,2
5432,dailylook_0062.png,4,2
5433,dailylook_0062.png,3,2
5434,dailylook_0062.png,4,2
5435,dailylook_0062.png,3,2
5436,dailylook_0062.png,3,2
5437,dailylook_0063.png,4,4
5438,dailylook_0063.png,1,4
5439,dailylook_0063.png,3,4
5440,dailylook_0063.png,0,4
5441,dailylook_0063.png,3,4
5442,dailylook_0063.png,4,4
5443,dailylook_0063.png,3,4
5444,dailylook_0063.png,2,4
5445,dailylook_0063.png,3,4
5446,dailylook_0063.png,3,4
5447,dailylook_0063.png,3,4
5448,dailylook_0063.png,3,4
5449,dailylook_0063.png,3,4
5450,dailylook_0063.png,3,4
5451,dailylook_0066.png,1,4
5452,dailylook_0068.png,4,3
5453,dailylook_0068.png,3,3
5454,dailylook_0068.png,2,3
5455,dailylook_0070.png,1,4
5456,dailylook_0070.png,1,4
5457,dailylook_0070.png,1,4
5458,dailylook_0070.png,1,4
5459,dailylook_0071.png,1,2
5460,dailylook_0071.png,3,2
5461,dailylook_0071.png,2,2
5462,dailylook_0071.png,1,2
5463,dailylook_0071.png,0,2
5464,dailylook_0073.png,4,2
5465,dailylook_0073.png,2,2
5466,dailylook_0073.png,4,2
5467,dailylook_0073.png,4,2
5468,dailylook_0074.png,4,2
5469,dailylook_0074.png,4,2
5470,dailylook_0074.png,4,2
5471,dailylook_0074.png,3,2
5472,dailylook_0074.png,3,2
5473,dailylook_0074.png,2,2
5474,dailylook_0077.png,4,2
5475,dailylook_0077.png,4,2
5476,dailylook_0077.png,4,2
5477,dailylook_0077.png,4,2
5478,dailylook_0077.png,3,2
5479,dailylook_0078.png,4,4
5480,dailylook_0078.png,2,4
5481,dailylook_0078.png,3,4
5482,dailylook_0078.png,3,4
5483,dailylook_0078.png,0,4
5484,dailylook_0080.png,3,0
5485,dailylook_0080.png,4,0
5486,dailylook_0080.png,4,0
5487,dailylook_0080.png,1,0
5488,dailylook_0080.png,1,0
5489,dailylook_0081.png,4,1
5490,dailylook_0081.png,3,1
5491,dailylook_0081.png,3,1
5492,dailylook_0081.png,4,1
5493,dailylook_0081.png,3,1
5494,dailylook_0083.png,3,2
5495,dailylook_0083.png,4,2
5496,dailylook_0083.png,4,2
5497,dailylook_0083.png,4,2
5498,dailylook_0083.png,0,2
5499,dailylook_0087.png,3,2
5500,dailylook_0088.png,2,0
5501,dailylook_0088.png,3,0
5502,dailylook_0088.png,2,0
5503,dailylook_0088.png,3,0
5504,dailylook_0088.png,1,0
5505,dailylook_0088.png,0,0
5506,dailylook_0088.png,0,0
5507,dailylook_0088.png,0,0
5508,dailylook_0088.png,3,0
5509,dailylook_0088.png,4,0
5510,dailylook_0088.png,4,0
5511,dailylook_0088.png,3,0
5512,dailylook_0088.png,3,0
5513,dailylook_0088.png,3,0
5514,dailylook_0088.png,3,0
5515,dailylook_0088.png,3,0
5516,dailylook_0088.png,4,0
5517,dailylook_0088.png,4,0
5518,dailylook_0088.png,4,0
5519,dailylook_0088.png,0,0
5520,dailylook_0088.png,1,0
5521,dailylook_0088.png,3,0
5522,dailylook_0088.png,2,0
5523,dailylook_0088.png,3,0
5524,dailylook_0089.png,4,2
5525,dailylook_0089.png,0,2
5526,dailylook_0091.png,3,0
5527,dailylook_0091.png,1,0
5528,dailylook_0091.png,1,0
5529,dailylook_0091.png,3,0
5530,dailylook_0091.png,4,0
5531,dailylook_0091.png,2,0
5532,dailylook_0091.png,4,0
5533,dailylook_0091.png,3,0
5534,dailylook_0091.png,2,0
5535,dailylook_0091.png,4,0
5536,dailylook_0091.png,2,0
5537,dailylook_0091.png,4,0
5538,dailylook_0091.png,4,0
5539,dailylook_0091.png,4,0
5540,dailylook_0091.png,3,0
5541,dailylook_0091.png,3,0
5542,dailylook_0091.png,3,0
5543,dailylook_0091.png,3,0
5544,dailylook_0091.png,2,0
5545,dailylook_0091.png,1,0
5546,dailylook_0091.png,3,0
5547,dailylook_0091.png,3,0
5548,dailylook_0091.png,3,0
5549,dailylook_0091.png,3,0
5550,dailylook_0091.png,3,0
5551,dailylook_0091.png,2,0
5552,dailylook_0091.png,3,0
5553,dailylook_0092.png,4,3
5554,dailylook_0092.png,3,3
5555,dailylook_0092.png,3,3
5556,dailylook_0092.png,4,3
5557,dailylook_0092.png,4,3
5558,dailylook_0092.png,2,3
5559,dailylook_0092.png,1,3
5560,dailylook_0092.png,4,3
5561,dailylook_0092.png,3,3
5562,dailylook_0092.png,3,3
5563,dailylook_0092.png,3,3
5564,dailylook_0092.png,1,3
5565,dailylook_0092.png,2,3
5566,dailylook_0092.png,3,3
5567,dailylook_0092.png,4,3
5568,dailylook_0093.png,3,0
5569,dailylook_0093.png,3,0
5570,dailylook_0093.png,3,0
5571,dailylook_0093.png,3,0
5572,dailylook_0096.png,3,3
5573,dailylook_0096.png,3,3
5574,dailylook_0096.png,3,3
5575,dailylook_0096.png,4,3
5576,dailylook_0096.png,3,3
5577,dailylook_0096.png,2,3
5578,dailylook_0096.png,3,3
5579,dailylook_0096.png,4,3
5580,dailylook_0099.png,2,3
5581,dailylook_0099.png,2,3
5582,dailylook_0099.png,4,3
5583,dailylook_0099.png,4,3
5584,dailylook_0099.png,3,3
5585,dailylook_0099.png,3,3
5586,dailylook_0099.png,4,3
5587,dailylook_0099.png,4,3
5588,dailylook_0099.png,3,3
5589,dailylook_0099.png,2,3
5590,dailylook_0099.png,3,3
5591,dailylook_0099.png,4,3
5592,dailylook_0099.png,0,3
5593,dailylook_0099.png,3,3
5594,dailylook_0100.png,0,3
5595,ootd_0005.png,4,2
5596,ootd_0005.png,4,2
5597,ootd_0005.png,3,2
5598,ootd_0005.png,3,2
5599,ootd_0005.png,3,2
5600,ootd_0005.png,4,2
5601,ootd_0006.png,0,0
5602,ootd_0006.png,2,0
5603,ootd_0006.png,2,0
5604,ootd_0007.png,4,1
5605,ootd_0007.png,2,1
5606,ootd_0008.png,3,2
5607,ootd_0008.png,3,2
5608,ootd_0008.png,3,2
5609,ootd_0008.png,2,2
5610,ootd_0008.png,3,2
5611,ootd_0010.png,3,3
5612,ootd_0010.png,4,3
5613,ootd_0010.png,4,3
5614,ootd_0010.png,3,3
5615,ootd_0010.png,2,3
5616,ootd_0014.png,4,2
5617,ootd_0015.png,2,3
5618,ootd_0015.png,4,3
5619,ootd_0015.png,3,3
5620,ootd_0015.png,2,3
5621,ootd_0015.png,4,3
5622,ootd_0015.png,2,3
5623,ootd_0015.png,0,3
5624,ootd_0016.png,1,4
5625,ootd_0016.png,1,4
5626,ootd_0016.png,1,4
5627,ootd_0016.png,3,4
5628,ootd_0016.png,2,4
5629,ootd_0016.png,3,4
5630,ootd_0016.png,2,4
5631,ootd_0016.png,1,4
5632,ootd_0016.png,3,4
5633,ootd_0016.png,2,4
5634,ootd_0016.png,3,4
5635,ootd_0016.png,3,4
5636,ootd_0016.png,4,4
5637,ootd_0016.png,3,4
5638,ootd_0017.png,1,2
5639,ootd_0017.png,0,2
5640,ootd_0017.png,1,2
5641,ootd_0017.png,2,2
5642,ootd_0017.png,2,2
5643,ootd_0017.png,3,2
5644,ootd_0017.png,3,2
5645,ootd_0017.png,2,2
5646,ootd_0017.png,1,2
5647,ootd_0017.png,3,2
5648,ootd_0017.png,3,2
5649,ootd_0017.png,0,2
5650,ootd_0017.png,0,2
5651,ootd_0017.png,3,2
5652,ootd_0017.png,0,2
5653,ootd_0017.png,0,2
5654,ootd_0017.png,3,2
5655,ootd_0021.png,4,3
5656,ootd_0021.png,2,3
5657,ootd_0021.png,2,3
5658,ootd_0022.png,4,3
5659,ootd_0022.png,4,3
5660,ootd_0022.png,2,3
5661,ootd_0026.png,4,0
5662,ootd_0026.png,3,0
5663,ootd_0034.png,4,4
5664,ootd_0034.png,0,4
5665,ootd_0034.png,2,4
5666,ootd_0034.png,1,4
5667,ootd_0034.png,2,4
5668,ootd_0034.png,3,4
5669,ootd_0034.png,3,4
5670,ootd_0034.png,1,4
5671,ootd_0034.png,3,4
5672,ootd_0034.png,0,4
5673,ootd_0034.png,2,4
5674,ootd_0034.png,2,4
5675,ootd_0034.png,0,4
5676,ootd_0034.png,1,4
5677,ootd_0034.png,1,4
5678,ootd_0034.png,0,4
5679,ootd_0034.png,1,4
5680,ootd_0034.png,1,4
5681,ootd_0034.png,1,4
5682,ootd_0034.png,1,4
5683,ootd_0034.png,1,4
5684,ootd_0034.png,1,4
5685,ootd_0034.png,0,4
5686,ootd_0035.png,4,4
5687,ootd_0035.png,2,4
5688,ootd_0035.png,2,4
5689,ootd_0037.png,3,3
5690,ootd_0037.png,2,3
5691,ootd_0037.png,3,3
5692,ootd_0037.png,3,3
5693,ootd_0037.png,4,3
5694,ootd_0037.png,4,3
5695,ootd_0037.png,1,3
5696,ootd_0037.png,1,3
5697,ootd_0037.png,3,3
5698,ootd_0037.png,0,3
5699,ootd_0037.png,1,3
5700,ootd_0037.png,1,3
5701,ootd_0040.png,3,4
5702,ootd_0040.png,3,4
5703,ootd_0040.png,4,4
5704,ootd_0040.png,3,4
5705,ootd_0040.png,2,4
5706,ootd_0040.png,4,4
5707,ootd_0041.png,3,3
5708,ootd_0041.png,4,3
5709,ootd_0041.png,2,3
5710,ootd_0041.png,1,3
5711,ootd_0041.png,4,3
5712,ootd_0043.png,0,1
5713,ootd_0043.png,3,1
5714,ootd_0043.png,3,1
5715,ootd_0043.png,2,1
5716,ootd_0043.png,4,1
5717,ootd_0043.png,3,1
5718,ootd_0043.png,2,1
5719,ootd_0043.png,2,1
5720,ootd_0043.png,1,1
5721,ootd_0043.png,1,1
5722,ootd_0043.png,3,1
5723,ootd_0043.png,4,1
5724,ootd_0043.png,3,1
5725,ootd_0043.png,0,1
5726,ootd_0043.png,4,1
5727,ootd_0043.png,1,1
5728,ootd_0043.png,4,1
5729,ootd_0043.png,0,1
5730,ootd_0043.png,0,1
5731,ootd_0043.png,3,1
5732,ootd_0043.png,3,1
5733,ootd_0043.png,4,1
5734,ootd_0043.png,0,1
5735,ootd_0043.png,0,1
5736,ootd_0043.png,4,1
5737,ootd_0044.png,3,4
5738,ootd_0044.png,4,4
5739,ootd_0044.png,4,4
5740,ootd_0044.png,3,4
5741,ootd_0044.png,3,4
5742,ootd_0044.png,1,4
5743,ootd_0046.png,0,1
5744,ootd_0046.png,1,1
5745,ootd_0046.png,2,1
5746,ootd_0046.png,2,1
5747,ootd_0046.png,3,1
5748,ootd_0046.png,2,1
5749,ootd_0046.png,3,1
5750,ootd_0046.png,1,1
5751,ootd_0046.png,3,1
5752,ootd_0046.png,3,1
5753,ootd_0046.png,3,1
5754,ootd_0051.png,3,0
5755,ootd_0051.png,4,0
5756,ootd_0051.png,4,0
5757,ootd_0051.png,4,0
5758,ootd_0051.png,4,0
5759,ootd_0052.png,1,3
5760,ootd_0052.png,0,3
5761,ootd_0052.png,3,3
5762,ootd_0052.png,4,3
5763,ootd_0052.png,4,3
5764,ootd_0052.png,2,3
5765,ootd_0052.png,2,3
5766,ootd_0052.png,3,3
5767,ootd_0052.png,2,3
5768,ootd_0052.png,2,3
5769,ootd_0052.png,2,3
5770,ootd_0052.png,0,3
5771,ootd_0052.png,2,3
5772,ootd_0052.png,3,3
5773,ootd_0052.png,0,3
5774,ootd_0052.png,0,3
5775,ootd_0052.png,0,3
5776,ootd_0052.png,2,3
5777,ootd_0052.png,1,3
5778,ootd_0052.png,0,3
5779,ootd_0052.png,2,3
5780,ootd_0053.png,3,1
5781,ootd_0053.png,3,1
5782,ootd_0053.png,4,1
5783,ootd_0053.png,3,1
5784,ootd_0055.png,1,1
5785,ootd_0055.png,3,1
5786,ootd_0055.png,2,1
5787,ootd_0055.png,3,1
5788,ootd_0055.png,2,1
5789,ootd_0055.png,3,1
5790,ootd_0055.png,3,1
5791,ootd_0055.png,1,1
5792,ootd_0057.png,4,3
5793,ootd_0057.png,3,3
5794,ootd_0057.png,4,3
5795,ootd_0057.png,3,3
5796,ootd_0057.png,2,3
5797,ootd_0061.png,0,4
5798,ootd_0061.png,0,4
5799,ootd_0061.png,0,4
5800,ootd_0061.png,2,4
5801,ootd_0061.png,2,4
5802,ootd_0071.png,1,4
5803,ootd_0071.png,4,4
5804,ootd_0071.png,4,4
5805,ootd_0071.png,3,4
5806,ootd_0074.png,1,4
5807,ootd_0077.png,4,3
5808,ootd_0077.png,3,3
5809,ootd_0077.png,2,3
5810,ootd_0078.png,3,3
5811,ootd_0078.png,3,3
5812,ootd_0078.png,3,3
5813,ootd_0078.png,3,3
5814,ootd_0078.png,1,3
5815,ootd_0079.png,3,4
5816,ootd_0079.png,2,4
5817,ootd_0079.png,2,4
5818,ootd_0079.png,2,4
5819,ootd_0079.png,4,4
5820,ootd_0080.png,3,4
5821,ootd_0080.png,3,4
5822,ootd_0080.png,3,4
5823,ootd_0080.png,3,4
5824,ootd_0080.png,3,4
5825,ootd_0080.png,3,4
5826,ootd_0080.png,3,4
5827,ootd_0080.png,3,4
5828,ootd_0080.png,4,4
5829,ootd_0080.png,2,4
5830,ootd_0080.png,4,4
5831,ootd_0080.png,4,4
5832,ootd_0080.png,4,4
5833,ootd_0080.png,4,4
5834,ootd_0080.png,2,4
5835,ootd_0081.png,0,1
5836,ootd_0081.png,3,1
5837,ootd_0081.png,3,1
5838,ootd_0081.png,3,1
5839,ootd_0081.png,2,1
5840,ootd_0083.png,4,2
5841,ootd_0083.png,3,2
5842,ootd_0083.png,4,2
5843,ootd_0083.png,4,2
5844,ootd_0083.png,3,2
5845,ootd_0086.png,3,0
5846,ootd_0086.png,2,0
5847,ootd_0086.png,1,0
5848,ootd_0086.png,3,0
5849,ootd_0086.png,3,0
5850,ootd_0086.png,3,0
5851,ootd_0086.png,3,0
5852,ootd_0086.png,0,0
5853,ootd_0086.png,0,0
5854,ootd_0086.png,0,0
5855,ootd_0086.png,3,0
5856,ootd_0086.png,2,0
5857,ootd_0086.png,2,0
5858,ootd_0086.png,0,0
5859,ootd_0086.png,0,0
5860,ootd_0086.png,2,0
5861,ootd_0086.png,2,0
5862,ootd_0086.png,1,0
5863,ootd_0086.png,1,0
5864,ootd_0086.png,1,0
5865,ootd_0086.png,1,0
5866,ootd_0086.png,3,0
5867,ootd_0086.png,3,0
5868,ootd_0086.png,2,0
5869,ootd_0087.png,3,1
5870,ootd_0087.png,0,1
5871,ootd_0089.png,4,0
5872,ootd_0089.png,4,0
5873,ootd_0089.png,3,0
5874,ootd_0089.png,2,0
5875,ootd_0090.png,4,0
5876,ootd_0090.png,3,0
5877,ootd_0090.png,3,0
5878,ootd_0090.png,2,0
5879,ootd_0090.png,4,0
5880,ootd_0090.png,3,0
5881,ootd_0091.png,3,3
5882,ootd_0091.png,4,3
5883,ootd_0091.png,4,3
5884,ootd_0091.png,3,3
5885,ootd_0091.png,4,3
5886,ootd_0091.png,3,3
5887,ootd_0091.png,3,3
5888,ootd_0091.png,2,3
5889,ootd_0091.png,1,3
5890,ootd_0091.png,2,3
5891,ootd_0091.png,3,3
5892,ootd_0091.png,3,3
5893,ootd_0091.png,1,3
5894,ootd_0091.png,1,3
5895,ootd_0091.png,1,3
5896,ootd_0091.png,3,3
5897,ootd_0091.png,3,3
5898,ootd_0094.png,0,0
5899,ootd_0094.png,3,0
5900,ootd_0094.png,4,0
5901,ootd_0094.png,3,0
5902,ootd_0094.png,2,0
5903,ootd_0096.png,4,1
5904,ootd_0096.png,4,1
5905,ootd_0096.png,4,1
5906,ootd_0096.png,1,1
5907,ootd_0096.png,1,1
5908,ootd_0096.png,1,1
5909,ootd_0096.png,2,1
5910,ootd_0096.png,3,1
5911,ootd_0096.png,3,1
5912,ootd_0096.png,3,1
5913,ootd_0096.png,3,1
5914,ootd_0096.png,2,1
5915,ootd_0096.png,3,1
5916,ootd_0098.png,3,3
5917,ootd_0098.png,3,3
5918,ootd_0098.png,3,3
5919,ootd_0098.png,3,3
5920,ootd_0098.png,3,3
5921,ootd_0098.png,4,3
5922,ootd_0098.png,3,3
5923,ootd_0098.png,1,3
5924,fashionista_0001.png,4,4
5925,fashionista_0001.png,2,4
5926,fashionista_0001.png,1,4
5927,fashionista_0001.png,4,4
5928,fashionista_0001.png,3,4
5929,fashionista_0003.png,0,3
5930,fashionista_0003.png,0,3
5931,fashionista_0003.png,0,3
5932,fashionista_0003.png,0,3
5933,fashionista_0003.png,2,3
5934,fashionista_0004.png,4,0
5935,fashionista_0004.png,2,0
5936,fashionista_0004.png,2,0
5937,fashionista_0004.png,3,0
5938,fashionista_0004.png,2,0
5939,fashionista_0005.png,4,0
5940,fashionista_0005.png,4,0
5941,fashionista_0005.png,4,0
5942,fashionista_0005.png,3,0
5943,fashionista_0005.png,2,0
5944,fashionista_0007.png,2,2
5945,fashionista_0007.png,3,2
5946,fashionista_0007.png,4,2
5947,fashionista_0008.png,1,2
5948,fashionista_0008.png,3,2
5949,fashionista_0008.png,3,2
5950,fashionista_0008.png,4,2
5951,fashionista_0008.png,2,2
5952,fashionista_0017.png,1,0
5953,fashionista_0017.png,0,0
5954,fashionista_0017.png,4,0
5955,fashionista_0017.png,3,0
5956,fashionista_0017.png,0,0
5957,fashionista_0021.png,0,2
5958,fashionista_0021.png,1,2
5959,fashionista_0024.png,3,0
5960,fashionista_0024.png,3,0
5961,fashionista_0024.png,3,0
5962,fashionista_0024.png,2,0
5963,fashionista_0024.png,1,0
5964,fashionista_0026.png,0,1
5965,fashionista_0026.png,0,1
5966,fashionista_0026.png,0,1
5967,fashionista_0026.png,0,1
5968,fashionista_0026.png,3,1
5969,fashionista_0027.png,4,2
5970,fashionista_0027.png,4,2
5971,fashionista_0027.png,3,2
5972,fashionista_0027.png,4,2
5973,fashionista_0027.png,4,2
5974,fashionista_0027.png,3,2
5975,fashionista_0027.png,2,2
5976,fashionista_0027.png,3,2
5977,fashionista_0027.png,4,2
5978,fashionista_0027.png,4,2
5979,fashionista_0027.png,3,2
5980,fashionista_0027.png,3,2
5981,fashionista_0027.png,3,2
5982,fashionista_0027.png,4,2
5983,fashionista_0029.png,4,1
5984,fashionista_0032.png,4,4
5985,fashionista_0032.png,3,4
5986,fashionista_0032.png,3,4
5987,fashionista_0032.png,3,4
5988,fashionista_0032.png,3,4
5989,fashionista_0034.png,4,2
5990,fashionista_0034.png,4,2
5991,fashionista_0034.png,2,2
5992,fashionista_0034.png,1,2
5993,fashionista_0035.png,4,4
5994,fashionista_0035.png,3,4
5995,fashionista_0035.png,4,4
5996,fashionista_0035.png,3,4
5997,fashionista_0035.png,2,4
5998,fashionista_0037.png,4,4
5999,fashionista_0037.png,3,4
6000,fashionista_0037.png,2,4
6001,fashionista_0040.png,1,2
6002,fashionista_0040.png,2,2
6003,fashionista_0040.png,1,2
6004,fashionista_0040.png,2,2
6005,fashionista_0040.png,4,2
6006,fashionista_0041.png,3,2
6007,fashionista_0041.png,4,2
6008,fashionista_0042.png,1,2
6009,fashionista_0042.png,1,2
6010,fashionista_0042.png,3,2
6011,fashionista_0042.png,0,2
6012,fashionista_0042.png,2,2
6013,fashionista_0042.png,2,2
6014,fashionista_0042.png,1,2
6015,fashionista_0042.png,2,2
6016,fashionista_0042.png,2,2
6017,fashionista_0042.png,1,2
6018,fashionista_0042.png,0,2
6019,fashionista_0042.png,0,2
6020,fashionista_0042.png,3,2
6021,fashionista_0042.png,3,2
6022,fashionista_0042.png,2,2
6023,fashionista_0042.png,3,2
6024,fashionista_0042.png,2,2
6025,fashionista_0042.png,3,2
6026,fashionista_0042.png,3,2
6027,fashionista_0042.png,3,2
6028,fashionista_0042.png,2,2
6029,fashionista_0042.png,4,2
6030,fashionista_0042.png,3,2
6031,fashionista_0042.png,1,2
6032,fashionista_0042.png,0,2
6033,fashionista_0042.png,3,2
6034,fashionista_0042.png,3,2
6035,fashionista_0042.png,3,2
6036,fashionista_0042.png,2,2
6037,fashionista_0042.png,0,2
6038,fashionista_0044.png,1,2
6039,fashionista_0044.png,0,2
6040,fashionista_0044.png,3,2
6041,fashionista_0044.png,2,2
6042,fashionista_0044.png,2,2
6043,fashionista_0044.png,3,2
6044,fashionista_0044.png,4,2
6045,fashionista_0044.png,4,2
6046,fashionista_0044.png,4,2
6047,fashionista_0044.png,1,2
6048,fashionista_0044.png,3,2
6049,fashionista_0044.png,3,2
6050,fashionista_0044.png,2,2
6051,fashionista_0044.png,1,2
6052,fashionista_0044.png,0,2
6053,fashionista_0044.png,3,2
6054,fashionista_0044.png,2,2
6055,fashionista_0044.png,2,2
6056,fashionista_0044.png,3,2
6057,fashionista_0044.png,2,2
6058,fashionista_0044.png,3,2
6059,fashionista_0044.png,0,2
6060,fashionista_0044.png,2,2
6061,fashionista_0044.png,3,2
6062,fashionista_0044.png,1,2
6063,fashionista_0044.png,0,2
6064,fashionista_0044.png,1,2
6065,fashionista_0044.png,2,2
6066,fashionista_0044.png,2,2
6067,fashionista_0045.png,1,3
6068,fashionista_0045.png,0,3
6069,fashionista_0045.png,3,3
6070,fashionista_0045.png,3,3
6071,fashionista_0045.png,2,3
6072,fashionista_0045.png,3,3
6073,fashionista_0045.png,4,3
6074,fashionista_0045.png,4,3
6075,fashionista_0045.png,4,3
6076,fashionista_0045.png,1,3
6077,fashionista_0045.png,3,3
6078,fashionista_0045.png,3,3
6079,fashionista_0045.png,1,3
6080,fashionista_0045.png,2,3
6081,fashionista_0045.png,0,3
6082,fashionista_0045.png,3,3
6083,fashionista_0045.png,2,3
6084,fashionista_0045.png,1,3
6085,fashionista_0045.png,2,3
6086,fashionista_0045.png,2,3
6087,fashionista_0045.png,3,3
6088,fashionista_0045.png,0,3
6089,fashionista_0045.png,2,3
6090,fashionista_0045.png,2,3
6091,fashionista_0045.png,1,3
6092,fashionista_0045.png,0,3
6093,fashionista_0045.png,0,3
6094,fashionista_0045.png,0,3
6095,fashionista_0045.png,0,3
6096,fashionista_0050.png,0,0
6097,fashionista_0050.png,0,0
6098,fashionista_0050.png,2,0
6099,fashionista_0050.png,1,0
6100,fashionista_0050.png,0,0
6101,fashionista_0051.png,4,3
6102,fashionista_0051.png,4,3
6103,fashionista_0051.png,1,3
6104,fashionista_0051.png,2,3
6105,fashionista_0051.png,1,3
6106,fashionista_0051.png,3,3
6107,fashionista_0051.png,2,3
6108,fashionista_0051.png,3,3
6109,fashionista_0052.png,1,4
6110,fashionista_0052.png,1,4
6111,fashionista_0052.png,0,4
6112,fashionista_0052.png,2,4
6113,fashionista_0052.png,3,4
6114,fashionista_0052.png,1,4
6115,fashionista_0052.png,0,4
6116,fashionista_0052.png,0,4
6117,fashionista_0052.png,0,4
6118,fashionista_0052.png,2,4
6119,fashionista_0052.png,0,4
6120,fashionista_0052.png,3,4
6121,fashionista_0052.png,3,4
6122,fashionista_0052.png,2,4
6123,fashionista_0052.png,2,4
6124,fashionista_0052.png,0,4
6125,fashionista_0052.png,3,4
6126,fashionista_0052.png,4,4
6127,fashionista_0052.png,2,4
6128,fashionista_0052.png,2,4
6129,fashionista_0052.png,3,4
6130,fashionista_0052.png,0,4
6131,fashionista_0052.png,0,4
6132,fashionista_0052.png,1,4
6133,fashionista_0052.png,2,4
6134,fashionista_0052.png,2,4
6135,fashionista_0052.png,3,4
6136,fashionista_0052.png,1,4
6137,fashionista_0052.png,0,4
6138,fashionista_0052.png,2,4
6139,fashionista_0054.png,4,3
6140,fashionista_0054.png,1,3
6141,fashionista_0054.png,2,3
6142,fashionista_0054.png,4,3
6143,fashionista_0056.png,4,3
6144,fashionista_0058.png,1,3
6145,fashionista_0058.png,2,3
6146,fashionista_0058.png,2,3
6147,fashionista_0058.png,0,3
6148,fashionista_0058.png,0,3
6149,fashionista_0058.png,3,3
6150,fashionista_0058.png,4,3
6151,fashionista_0058.png,4,3
6152,fashionista_0058.png,3,3
6153,fashionista_0058.png,4,3
6154,fashionista_0058.png,4,3
6155,fashionista_0058.png,2,3
6156,fashionista_0058.png,2,3
6157,fashionista_0058.png,1,3
6158,fashionista_0058.png,1,3
6159,fashionista_0058.png,1,3
6160,fashionista_0058.png,1,3
6161,fashionista_0058.png,2,3
6162,fashionista_0058.png,1,3
6163,fashionista_0058.png,1,3
6164,fashionista_0058.png,1,3
6165,fashionista_0058.png,1,3
6166,fashionista_0058.png,1,3
6167,fashionista_0058.png,0,3
6168,fashionista_0058.png,0,3
6169,fashionista_0058.png,0,3
6170,fashionista_0058.png,1,3
6171,fashionista_0058.png,1,3
6172,fashionista_0060.png,2,1
6173,fashionista_0060.png,2,1
6174,fashionista_0060.png,4,1
6175,fashionista_0060.png,4,1
6176,fashionista_0060.png,2,1
6177,fashionista_0060.png,4,1
6178,fashionista_0060.png,4,1
6179,fashionista_0060.png,2,1
6180,fashionista_0060.png,2,1
6181,fashionista_0060.png,0,1
6182,fashionista_0060.png,0,1
6183,fashionista_0060.png,1,1
6184,fashionista_0060.png,2,1
6185,fashionista_0060.png,0,1
6186,fashionista_0060.png,3,1
6187,fashionista_0060.png,0,1
6188,fashionista_0060.png,0,1
6189,fashionista_0060.png,0,1
6190,fashionista_0060.png,0,1
6191,fashionista_0060.png,0,1
6192,fashionista_0060.png,0,1
6193,fashionista_0060.png,0,1
6194,fashionista_0060.png,0,1
6195,fashionista_0060.png,0,1
6196,fashionista_0060.png,0,1
6197,fashionista_0060.png,0,1
6198,fashionista_0060.png,0,1
6199,fashionista_0060.png,0,1
6200,fashionista_0063.png,2,4
6201,fashionista_0063.png,2,4
6202,fashionista_0063.png,2,4
6203,fashionista_0063.png,2,4
6204,fashionista_0063.png,1,4
6205,fashionista_0063.png,2,4
6206,fashionista_0063.png,2,4
6207,fashionista_0063.png,4,4
6208,fashionista_0063.png,3,4
6209,fashionista_0063.png,4,4
6210,fashionista_0063.png,4,4
6211,fashionista_0063.png,2,4
6212,fashionista_0063.png,2,4
6213,fashionista_0063.png,2,4
6214,fashionista_0063.png,2,4
6215,fashionista_0063.png,1,4
6216,fashionista_0063.png,2,4
6217,fashionista_0063.png,0,4
6218,fashionista_0063.png,2,4
6219,fashionista_0063.png,1,4
6220,fashionista_0063.png,1,4
6221,fashionista_0063.png,1,4
6222,fashionista_0063.png,3,4
6223,fashionista_0063.png,2,4
6224,fashionista_0065.png,0,4
6225,fashionista_0065.png,0,4
6226,fashionista_0065.png,3,4
6227,fashionista_0065.png,3,4
6228,fashionista_0065.png,2,4
6229,fashionista_0065.png,3,4
6230,fashionista_0065.png,4,4
6231,fashionista_0065.png,4,4
6232,fashionista_0065.png,4,4
6233,fashionista_0065.png,1,4
6234,fashionista_0065.png,3,4
6235,fashionista_0065.png,2,4
6236,fashionista_0065.png,2,4
6237,fashionista_0065.png,1,4
6238,fashionista_0065.png,0,4
6239,fashionista_0065.png,3,4
6240,fashionista_0065.png,2,4
6241,fashionista_0065.png,2,4
6242,fashionista_0065.png,2,4
6243,fashionista_0065.png,2,4
6244,fashionista_0065.png,3,4
6245,fashionista_0065.png,0,4
6246,fashionista_0065.png,2,4
6247,fashionista_0065.png,2,4
6248,fashionista_0065.png,1,4
6249,fashionista_0065.png,0,4
6250,fashionista_0065.png,0,4
6251,fashionista_0065.png,0,4
6252,fashionista_0065.png,0,4
6253,fashionista_0066.png,3,4
6254,fashionista_0070.png,1,3
6255,fashionista_0070.png,0,3
6256,fashionista_0070.png,2,3
6257,fashionista_0070.png,2,3
6258,fashionista_0070.png,3,3
6259,fashionista_0070.png,3,3
6260,fashionista_0070.png,4,3
6261,fashionista_0070.png,4,3
6262,fashionista_0070.png,4,3
6263,fashionista_0070.png,1,3
6264,fashionista_0070.png,3,3
6265,fashionista_0070.png,2,3
6266,fashionista_0070.png,2,3
6267,fashionista_0070.png,2,3
6268,fashionista_0070.png,0,3
6269,fashionista_0070.png,3,3
6270,fashionista_0070.png,2,3
6271,fashionista_0070.png,2,3
6272,fashionista_0070.png,2,3
6273,fashionista_0070.png,2,3
6274,fashionista_0070.png,2,3
6275,fashionista_0070.png,1,3
6276,fashionista_0070.png,2,3
6277,fashionista_0070.png,2,3
6278,fashionista_0070.png,1,3
6279,fashionista_0070.png,1,3
6280,fashionista_0070.png,0,3
6281,fashionista_0070.png,0,3
6282,fashionista_0070.png,2,3
6283,fashionista_0078.png,0,2
6284,fashionista_0078.png,3,2
6285,fashionista_0078.png,3,2
6286,fashionista_0078.png,3,2
6287,fashionista_0078.png,3,2
6288,fashionista_0078.png,3,2
6289,fashionista_0078.png,4,2
6290,fashionista_0082.png,1,1
6291,fashionista_0082.png,0,1
6292,fashionista_0082.png,0,1
6293,fashionista_0082.png,0,1
6294,fashionista_0082.png,0,1
6295,fashionista_0082.png,0,1
6296,fashionista_0082.png,1,1
6297,fashionista_0082.png,0,1
6298,fashionista_0082.png,1,1
6299,fashionista_0082.png,0,1
6300,fashionista_0082.png,1,1
6301,fashionista_0082.png,2,1
6302,fashionista_0082.png,2,1
6303,fashionista_0082.png,3,1
6304,fashionista_0082.png,0,1
6305,fashionista_0082.png,2,1
6306,fashionista_0082.png,0,1
6307,fashionista_0082.png,4,1
6308,fashionista_0082.png,0,1
6309,fashionista_0082.png,0,1
6310,fashionista_0082.png,4,1
6311,fashionista_0082.png,0,1
6312,fashionista_0082.png,4,1
6313,fashionista_0084.png,2,4
6314,fashionista_0084.png,2,4
6315,fashionista_0084.png,4,4
6316,fashionista_0084.png,4,4
6317,fashionista_0084.png,3,4
6318,fashionista_0084.png,4,4
6319,fashionista_0084.png,4,4
6320,fashionista_0084.png,3,4
6321,fashionista_0084.png,1,4
6322,fashionista_0084.png,2,4
6323,fashionista_0084.png,3,4
6324,fashionista_0084.png,1,4
6325,fashionista_0084.png,0,4
6326,fashionista_0084.png,1,4
6327,fashionista_0084.png,1,4
6328,fashionista_0084.png,1,4
6329,fashionista_0084.png,1,4
6330,fashionista_0084.png,1,4
6331,fashionista_0084.png,0,4
6332,fashionista_0084.png,0,4
6333,fashionista_0084.png,0,4
6334,fashionista_0084.png,1,4
6335,fashionista_0084.png,1,4
6336,fashionista_0085.png,4,4
6337,fashionista_0088.png,1,0
6338,fashionista_0088.png,0,0
6339,fashionista_0088.png,2,0
6340,fashionista_0088.png,2,0
6341,fashionista_0088.png,2,0
6342,fashionista_0088.png,1,0
6343,fashionista_0088.png,4,0
6344,fashionista_0088.png,4,0
6345,fashionista_0088.png,0,0
6346,fashionista_0088.png,1,0
6347,fashionista_0088.png,1,0
6348,fashionista_0088.png,2,0
6349,fashionista_0088.png,0,0
6350,fashionista_0088.png,0,0
6351,fashionista_0088.png,0,0
6352,fashionista_0088.png,1,0
6353,fashionista_0088.png,1,0
6354,fashionista_0088.png,1,0
6355,fashionista_0088.png,2,0
6356,fashionista_0088.png,2,0
6357,fashionista_0088.png,3,0
6358,fashionista_0088.png,0,0
6359,fashionista_0088.png,2,0
6360,fashionista_0088.png,1,0
6361,fashionista_0088.png,0,0
6362,fashionista_0088.png,4,0
6363,fashionista_0088.png,3,0
6364,fashionista_0088.png,0,0
6365,fashionista_0088.png,0,0
6366,fashionista_0091.png,3,4
6367,fashionista_0091.png,3,4
6368,fashionista_0091.png,3,4
6369,fashionista_0091.png,4,4
6370,fashionista_0091.png,3,4
6371,fashionista_0091.png,3,4
6372,fashionista_0091.png,3,4
6373,fashionista_0091.png,3,4
6374,fashionista_0091.png,4,4
6375,fashionista_0091.png,3,4
6376,fashionista_0091.png,2,4
6377,fashionista_0091.png,3,4
6378,fashionista_0091.png,4,4
6379,fashionista_0091.png,3,4
6380,fashionista_0091.png,1,4
6381,fashionista_0091.png,3,4
6382,fashionista_0091.png,3,4
6383,fashionista_0091.png,3,4
6384,fashionista_0091.png,1,4
6385,fashionista_0091.png,0,4
6386,fashionista_0091.png,2,4
6387,fashionista_0091.png,4,4
6388,fashionista_0091.png,3,4
6389,fashionista_0091.png,0,4
6390,fashionista_0091.png,0,4
6391,fashionista_0091.png,0,4
6392,fashionista_0091.png,4,4
6393,fashionista_0091.png,4,4
6394,fashionista_0091.png,4,4
6395,fashionista_0091.png,1,4
6396,fashionista_0098.png,1,3
6397,fashionista_0098.png,0,3
6398,fashionista_0098.png,2,3
6399,fashionista_0098.png,2,3
6400,fashionista_0098.png,2,3
6401,fashionista_0098.png,1,3
6402,fashionista_0098.png,0,3
6403,fashionista_0098.png,0,3
6404,fashionista_0098.png,0,3
6405,fashionista_0098.png,1,3
6406,fashionista_0098.png,0,3
6407,fashionista_0098.png,0,3
6408,fashionista_0098.png,0,3
6409,fashionista_0098.png,0,3
6410,fashionista_0098.png,0,3
6411,fashionista_0098.png,0,3
6412,fashionista_0098.png,1,3
6413,fashionista_0098.png,0,3
6414,fashionista_0098.png,0,3
6415,fashionista_0098.png,2,3
6416,fashionista_0098.png,0,3
6417,fashionista_0098.png,0,3
6418,fashionista_0098.png,2,3
6419,fashionista_0098.png,0,3
6420,fashionista_0098.png,1,3
6421,fashionista_0098.png,0,3
6422,fashionista_0098.png,0,3
6423,fashionista_0098.png,0,3
6424,fashionista_0098.png,1,3
6425,fashionista_0098.png,0,3
6426,fashionista_0099.png,0,4
6427,fashionista_0099.png,3,4
6428,fashionista_0099.png,4,4
6429,fashionista_0099.png,3,4
6430,fashionista_0099.png,3,4
6431,fashionista_0099.png,3,4
6432,fashionista_0099.png,3,4
6433,fashionista_0099.png,1,4
6434,fashionista_0099.png,1,4
6435,fashionista_0099.png,3,4
6436,fashionista_0099.png,3,4
6437,fashionista_0099.png,1,4
6438,fashionista_0100.png,0,1
6439,fashionista_0100.png,3,1
6440,fashionista_0100.png,0,1
6441,fashionista_0100.png,1,1
6442,fashionista_0100.png,2,1
6443,fashionista_0100.png,1,1
6444,fashionista_0100.png,1,1
6445,fashionista_0100.png,3,1
6446,fashionista_0100.png,3,1
6447,fashionista_0100.png,3,1
6448,fashionista_0100.png,0,1
6449,fashionista_0100.png,3,1
6450,fashionista_0100.png,1,1
6451,fashionista_0100.png,0,1
6452,fashionista_0100.png,3,1
6453,fashionista_0100.png,0,1
6454,fashionista_0100.png,0,1
6455,fashionista_0100.png,0,1
6456,fashionista_0100.png,0,1
6457,fashionista_0100.png,0,1
6458,fashionista_0100.png,0,1
6459,fashionista_0100.png,0,1
6460,fashionista_0100.png,0,1
6461,fashionista_0100.png,0,1
6462,fashionista_0100.png,0,1
6463,neungsohwa_0005.png,4,2
6464,neungsohwa_0005.png,3,2
6465,neungsohwa_0005.png,1,2
6466,neungsohwa_0006.png,4,1
6467,neungsohwa_0006.png,4,1
6468,neungsohwa_0006.png,1,1
6469,neungsohwa_0006.png,1,1
6470,neungsohwa_0007.png,4,1
6471,neungsohwa_0007.png,1,1
6472,neungsohwa_0007.png,3,1
6473,neungsohwa_0007.png,4,1
6474,neungsohwa_0007.png,4,1
6475,neungsohwa_0007.png,3,1
6476,neungsohwa_0007.png,2,1
6477,neungsohwa_0007.png,4,1
6478,neungsohwa_0007.png,3,1
6479,neungsohwa_0007.png,0,1
6480,neungsohwa_0007.png,2,1
6481,neungsohwa_0007.png,3,1
6482,neungsohwa_0007.png,0,1
6483,neungsohwa_0007.png,1,1
6484,neungsohwa_0007.png,0,1
6485,neungsohwa_0007.png,0,1
6486,neungsohwa_0007.png,2,1
6487,neungsohwa_0007.png,0,1
6488,neungsohwa_0007.png,1,1
6489,neungsohwa_0007.png,2,1
6490,neungsohwa_0007.png,2,1
6491,neungsohwa_0007.png,3,1
6492,neungsohwa_0007.png,3,1
6493,neungsohwa_0008.png,3,1
6494,neungsohwa_0008.png,4,1
6495,neungsohwa_0008.png,3,1
6496,neungsohwa_0008.png,1,1
6497,neungsohwa_0008.png,1,1
6498,neungsohwa_0008.png,4,1
6499,neungsohwa_0008.png,2,1
6500,neungsohwa_0008.png,4,1
6501,neungsohwa_0008.png,3,1
6502,neungsohwa_0008.png,3,1
6503,neungsohwa_0008.png,3,1
6504,neungsohwa_0008.png,2,1
6505,neungsohwa_0008.png,4,1
6506,neungsohwa_0008.png,4,1
6507,neungsohwa_0009.png,4,4
6508,neungsohwa_0009.png,4,4
6509,neungsohwa_0009.png,2,4
6510,neungsohwa_0011.png,4,1
6511,neungsohwa_0011.png,1,1
6512,neungsohwa_0013.png,4,4
6513,neungsohwa_0013.png,4,4
6514,neungsohwa_0013.png,0,4
6515,neungsohwa_0013.png,3,4
6516,neungsohwa_0013.png,4,4
6517,neungsohwa_0014.png,1,3
6518,neungsohwa_0014.png,0,3
6519,neungsohwa_0014.png,3,3
6520,neungsohwa_0015.png,1,1
6521,neungsohwa_0015.png,4,1
6522,neungsohwa_0016.png,4,2
6523,neungsohwa_0016.png,1,2
6524,neungsohwa_0016.png,4,2
6525,neungsohwa_0016.png,4,2
6526,neungsohwa_0017.png,4,3
6527,neungsohwa_0017.png,2,3
6528,neungsohwa_0017.png,4,3
6529,neungsohwa_0017.png,3,3
6530,neungsohwa_0017.png,4,3
6531,neungsohwa_0020.png,2,0
6532,neungsohwa_0020.png,2,0
6533,neungsohwa_0020.png,2,0
6534,neungsohwa_0020.png,0,0
6535,neungsohwa_0020.png,3,0
6536,neungsohwa_0020.png,3,0
6537,neungsohwa_0020.png,4,0
6538,neungsohwa_0020.png,2,0
6539,neungsohwa_0020.png,0,0
6540,neungsohwa_0020.png,1,0
6541,neungsohwa_0020.png,1,0
6542,neungsohwa_0020.png,2,0
6543,neungsohwa_0020.png,1,0
6544,neungsohwa_0020.png,2,0
6545,neungsohwa_0020.png,4,0
6546,neungsohwa_0020.png,3,0
6547,neungsohwa_0020.png,1,0
6548,neungsohwa_0020.png,1,0
6549,neungsohwa_0020.png,1,0
6550,neungsohwa_0020.png,0,0
6551,neungsohwa_0021.png,3,0
6552,neungsohwa_0021.png,1,0
6553,neungsohwa_0021.png,2,0
6554,neungsohwa_0021.png,3,0
6555,neungsohwa_0021.png,4,0
6556,neungsohwa_0021.png,4,0
6557,neungsohwa_0021.png,2,0
6558,neungsohwa_0021.png,3,0
6559,neungsohwa_0021.png,3,0
6560,neungsohwa_0022.png,4,4
6561,neungsohwa_0022.png,4,4
6562,neungsohwa_0022.png,0,4
6563,neungsohwa_0024.png,4,4
6564,neungsohwa_0024.png,4,4
6565,neungsohwa_0024.png,4,4
6566,neungsohwa_0024.png,4,4
6567,neungsohwa_0024.png,2,4
6568,neungsohwa_0024.png,3,4
6569,neungsohwa_0024.png,1,4
6570,neungsohwa_0024.png,1,4
6571,neungsohwa_0026.png,4,3
6572,neungsohwa_0026.png,1,3
6573,neungsohwa_0026.png,1,3
6574,neungsohwa_0026.png,4,3
6575,neungsohwa_0026.png,4,3
6576,neungsohwa_0026.png,3,3
6577,neungsohwa_0027.png,4,2
6578,neungsohwa_0027.png,0,2
6579,neungsohwa_0027.png,1,2
6580,neungsohwa_0028.png,4,4
6581,neungsohwa_0029.png,4,2
6582,neungsohwa_0029.png,3,2
6583,neungsohwa_0029.png,4,2
6584,neungsohwa_0029.png,2,2
6585,neungsohwa_0029.png,0,2
6586,neungsohwa_0030.png,3,2
6587,neungsohwa_0030.png,4,2
6588,neungsohwa_0033.png,0,3
6589,neungsohwa_0033.png,4,3
6590,neungsohwa_0034.png,4,0
6591,neungsohwa_0034.png,2,0
6592,neungsohwa_0034.png,3,0
6593,neungsohwa_0034.png,2,0
6594,neungsohwa_0034.png,3,0
6595,neungsohwa_0034.png,1,0
6596,neungsohwa_0034.png,1,0
6597,neungsohwa_0035.png,3,1
6598,neungsohwa_0035.png,4,1
6599,neungsohwa_0036.png,3,3
6600,neungsohwa_0036.png,4,3
6601,neungsohwa_0038.png,4,3
6602,neungsohwa_0039.png,0,3
6603,neungsohwa_0039.png,4,3
6604,neungsohwa_0039.png,1,3
6605,neungsohwa_0039.png,0,3
6606,neungsohwa_0039.png,0,3
6607,neungsohwa_0040.png,4,2
6608,neungsohwa_0040.png,2,2
6609,neungsohwa_0040.png,4,2
6610,neungsohwa_0040.png,1,2
6611,neungsohwa_0041.png,4,2
6612,neungsohwa_0041.png,4,2
6613,neungsohwa_0041.png,1,2
6614,neungsohwa_0041.png,4,2
6615,neungsohwa_0041.png,2,2
6616,neungsohwa_0043.png,1,4
6617,neungsohwa_0043.png,4,4
6618,neungsohwa_0043.png,4,4
6619,neungsohwa_0043.png,3,4
6620,neungsohwa_0044.png,1,2
6621,neungsohwa_0044.png,4,2
6622,neungsohwa_0044.png,1,2
6623,neungsohwa_0045.png,1,2
6624,neungsohwa_0045.png,3,2
6625,neungsohwa_0045.png,0,2
6626,neungsohwa_0045.png,4,2
6627,neungsohwa_0045.png,2,2
6628,neungsohwa_0047.png,0,1
6629,neungsohwa_0047.png,0,1
6630,neungsohwa_0048.png,4,3
6631,neungsohwa_0048.png,4,3
6632,neungsohwa_0048.png,0,3
6633,neungsohwa_0048.png,4,3
6634,neungsohwa_0048.png,1,3
6635,neungsohwa_0048.png,1,3
6636,neungsohwa_0048.png,0,3
6637,neungsohwa_0048.png,3,3
6638,neungsohwa_0049.png,3,2
6639,neungsohwa_0049.png,4,2
6640,neungsohwa_0049.png,4,2
6641,neungsohwa_0049.png,4,2
6642,neungsohwa_0049.png,3,2
6643,neungsohwa_0049.png,2,2
6644,neungsohwa_0049.png,3,2
6645,neungsohwa_0049.png,3,2
6646,neungsohwa_0049.png,3,2
6647,neungsohwa_0049.png,4,2
6648,neungsohwa_0049.png,1,2
6649,neungsohwa_0049.png,2,2
6650,neungsohwa_0049.png,2,2
6651,neungsohwa_0049.png,2,2
6652,neungsohwa_0049.png,2,2
6653,neungsohwa_0049.png,1,2
6654,neungsohwa_0049.png,0,2
6655,neungsohwa_0050.png,4,0
6656,neungsohwa_0050.png,3,0
6657,neungsohwa_0050.png,4,0
6658,neungsohwa_0050.png,0,0
6659,neungsohwa_0051.png,1,0
6660,neungsohwa_0051.png,0,0
6661,neungsohwa_0051.png,3,0
6662,neungsohwa_0051.png,3,0
6663,neungsohwa_0053.png,1,2
6664,neungsohwa_0053.png,2,2
6665,neungsohwa_0053.png,0,2
6666,neungsohwa_0053.png,0,2
6667,neungsohwa_0053.png,1,2
6668,neungsohwa_0053.png,0,2
6669,neungsohwa_0053.png,0,2
6670,neungsohwa_0053.png,0,2
6671,neungsohwa_0053.png,0,2
6672,neungsohwa_0053.png,3,2
6673,neungsohwa_0053.png,0,2
6674,neungsohwa_0053.png,0,2
6675,neungsohwa_0054.png,4,3
6676,neungsohwa_0054.png,0,3
6677,neungsohwa_0056.png,4,3
6678,neungsohwa_0056.png,0,3
6679,neungsohwa_0056.png,0,3
6680,neungsohwa_0057.png,1,0
6681,neungsohwa_0058.png,4,2
6682,neungsohwa_0058.png,4,2
6683,neungsohwa_0058.png,4,2
6684,neungsohwa_0058.png,4,2
6685,neungsohwa_0059.png,1,2
6686,neungsohwa_0059.png,4,2
6687,neungsohwa_0059.png,2,2
6688,neungsohwa_0059.png,3,2
6689,neungsohwa_0059.png,1,2
6690,neungsohwa_0059.png,1,2
6691,neungsohwa_0060.png,4,2
6692,neungsohwa_0061.png,0,3
6693,neungsohwa_0063.png,1,3
6694,neungsohwa_0063.png,2,3
6695,neungsohwa_0063.png,4,3
6696,neungsohwa_0063.png,4,3
6697,neungsohwa_0063.png,1,3
6698,neungsohwa_0065.png,4,2
6699,neungsohwa_0065.png,4,2
6700,neungsohwa_0065.png,4,2
6701,neungsohwa_0065.png,1,2
6702,neungsohwa_0065.png,1,2
6703,neungsohwa_0066.png,0,0
6704,neungsohwa_0066.png,3,0
6705,neungsohwa_0066.png,0,0
6706,neungsohwa_0066.png,0,0
6707,neungsohwa_0068.png,1,1
6708,neungsohwa_0068.png,1,1
6709,neungsohwa_0068.png,1,1
6710,neungsohwa_0069.png,4,4
6711,neungsohwa_0069.png,1,4
6712,neungsohwa_0069.png,1,4
6713,neungsohwa_0073.png,4,0
6714,neungsohwa_0074.png,4,1
6715,neungsohwa_0074.png,4,1
6716,neungsohwa_0074.png,4,1
6717,neungsohwa_0074.png,0,1
6718,neungsohwa_0074.png,0,1
6719,neungsohwa_0075.png,1,4
6720,neungsohwa_0075.png,4,4
6721,neungsohwa_0076.png,3,2
6722,neungsohwa_0076.png,3,2
6723,neungsohwa_0076.png,4,2
6724,neungsohwa_0076.png,2,2
6725,neungsohwa_0076.png,1,2
6726,neungsohwa_0078.png,1,3
6727,neungsohwa_0078.png,4,3
6728,neungsohwa_0078.png,3,3
6729,neungsohwa_0078.png,3,3
6730,neungsohwa_0078.png,3,3
6731,neungsohwa_0079.png,0,1
6732,neungsohwa_0079.png,0,1
6733,neungsohwa_0079.png,1,1
6734,neungsohwa_0079.png,3,1
6735,neungsohwa_0079.png,0,1
6736,neungsohwa_0080.png,2,0
6737,neungsohwa_0080.png,0,0
6738,neungsohwa_0080.png,4,0
6739,neungsohwa_0082.png,2,2
6740,neungsohwa_0082.png,4,2
6741,neungsohwa_0082.png,3,2
6742,neungsohwa_0083.png,1,1
6743,neungsohwa_0083.png,4,1
6744,neungsohwa_0083.png,1,1
6745,neungsohwa_0083.png,1,1
6746,neungsohwa_0084.png,4,1
6747,neungsohwa_0084.png,4,1
6748,neungsohwa_0084.png,1,1
6749,neungsohwa_0085.png,4,0
6750,neungsohwa_0085.png,4,0
6751,neungsohwa_0085.png,2,0
6752,neungsohwa_0085.png,2,0
6753,neungsohwa_0085.png,1,0
6754,neungsohwa_0086.png,4,1
6755,neungsohwa_0086.png,4,1
6756,neungsohwa_0086.png,4,1
6757,neungsohwa_0086.png,3,1
6758,neungsohwa_0086.png,2,1
6759,neungsohwa_0087.png,1,2
6760,neungsohwa_0087.png,4,2
6761,neungsohwa_0087.png,3,2
6762,neungsohwa_0087.png,2,2
6763,neungsohwa_0087.png,1,2
6764,neungsohwa_0089.png,4,0
6765,neungsohwa_0089.png,4,0
6766,neungsohwa_0089.png,1,0
6767,neungsohwa_0089.png,4,0
6768,neungsohwa_0089.png,1,0
6769,neungsohwa_0090.png,4,4
6770,neungsohwa_0090.png,4,4
6771,neungsohwa_0090.png,3,4
6772,neungsohwa_0090.png,0,4
6773,neungsohwa_0091.png,3,1
6774,neungsohwa_0091.png,1,1
6775,neungsohwa_0091.png,4,1
6776,neungsohwa_0091.png,2,1
6777,neungsohwa_0091.png,3,1
6778,neungsohwa_0093.png,4,4
6779,neungsohwa_0093.png,4,4
6780,neungsohwa_0093.png,4,4
6781,neungsohwa_0093.png,4,4
6782,neungsohwa_0093.png,4,4
6783,neungsohwa_0095.png,3,1
6784,neungsohwa_0095.png,4,1
6785,neungsohwa_0095.png,0,1
6786,neungsohwa_0095.png,0,1
6787,neungsohwa_0095.png,0,1
6788,neungsohwa_0095.png,0,1
6789,neungsohwa_0095.png,0,1
6790,neungsohwa_0095.png,0,1
6791,neungsohwa_0096.png,0,1
6792,neungsohwa_0096.png,1,1
6793,neungsohwa_0096.png,3,1
6794,neungsohwa_0098.png,2,2
6795,neungsohwa_0098.png,1,2
6796,neungsohwa_0098.png,0,2
6797,neungsohwa_0098.png,1,2
6798,neungsohwa_0099.png,1,1
6799,neungsohwa_0099.png,3,1
6800,neungsohwa_0099.png,4,1
6801,neungsohwa_0099.png,2,1
6802,neungsohwa_0100.png,3,3
6803,neungsohwa_0100.png,0,3
6804,neungsohwa_0100.png,3,3
6805,neungsohwa_0100.png,4,3
6806,neungsohwa_0100.png,4,3
6807,neungsohwa_0100.png,2,3
6808,neungsohwa_0100.png,0,3
6809,neungsohwa_0100.png,0,3
6810,neungsohwa_0100.png,0,3
6811,neungsohwa_0100.png,2,3
6812,neungsohwa_0100.png,0,3
6813,neungsohwa_0100.png,2,3
6814,neungsohwa_0100.png,1,3
6815,neungsohwa_0100.png,1,3
6816,neungsohwa_0100.png,3,3
6817,danpung_0001.png,4,2
6818,danpung_0001.png,3,2
6819,danpung_0001.png,3,2
6820,danpung_0001.png,3,2
6821,danpung_0001.png,1,2
6822,danpung_0001.png,3,2
6823,danpung_0001.png,4,2
6824,danpung_0001.png,2,2
6825,danpung_0001.png,1,2
6826,danpung_0001.png,3,2
6827,danpung_0001.png,1,2
6828,danpung_0001.png,0,2
6829,danpung_0001.png,2,2
6830,danpung_0001.png,2,2
6831,danpung_0001.png,1,2
6832,danpung_0001.png,1,2
6833,danpung_0001.png,0,2
6834,danpung_0003.png,4,2
6835,danpung_0003.png,3,2
6836,danpung_0003.png,1,2
6837,danpung_0003.png,3,2
6838,danpung_0003.png,4,2
6839,danpung_0005.png,4,4
6840,danpung_0005.png,4,4
6841,danpung_0006.png,2,4
6842,danpung_0006.png,3,4
6843,danpung_0007.png,1,0
6844,danpung_0007.png,0,0
6845,danpung_0008.png,1,3
6846,danpung_0008.png,3,3
6847,danpung_0009.png,3,0
6848,danpung_0009.png,1,0
6849,danpung_0009.png,4,0
6850,danpung_0009.png,3,0
6851,danpung_0009.png,4,0
6852,danpung_0009.png,3,0
6853,danpung_0009.png,2,0
6854,danpung_0009.png,4,0
6855,danpung_0010.png,3,1
6856,danpung_0010.png,4,1
6857,danpung_0010.png,4,1
6858,danpung_0010.png,3,1
6859,danpung_0010.png,3,1
6860,danpung_0011.png,4,1
6861,danpung_0011.png,3,1
6862,danpung_0011.png,3,1
6863,danpung_0012.png,3,0
6864,danpung_0012.png,4,0
6865,danpung_0012.png,3,0
6866,danpung_0012.png,2,0
6867,danpung_0012.png,2,0
6868,danpung_0012.png,3,0
6869,danpung_0012.png,1,0
6870,danpung_0013.png,4,3
6871,danpung_0013.png,4,3
6872,danpung_0013.png,4,3
6873,danpung_0013.png,4,3
6874,danpung_0013.png,3,3
6875,danpung_0013.png,3,3
6876,danpung_0013.png,2,3
6877,danpung_0014.png,3,3
6878,danpung_0014.png,4,3
6879,danpung_0014.png,4,3
6880,danpung_0015.png,4,2
6881,danpung_0015.png,4,2
6882,danpung_0015.png,4,2
6883,danpung_0015.png,3,2
6884,danpung_0016.png,4,3
6885,danpung_0016.png,0,3
6886,danpung_0016.png,1,3
6887,danpung_0016.png,1,3
6888,danpung_0016.png,0,3
6889,danpung_0016.png,2,3
6890,danpung_0016.png,3,3
6891,danpung_0016.png,3,3
6892,danpung_0016.png,4,3
6893,danpung_0017.png,1,2
6894,danpung_0017.png,2,2
6895,danpung_0017.png,4,2
6896,danpung_0018.png,3,2
6897,danpung_0018.png,1,2
6898,danpung_0018.png,1,2
6899,danpung_0018.png,4,2
6900,danpung_0018.png,3,2
6901,danpung_0018.png,4,2
6902,danpung_0018.png,2,2
6903,danpung_0018.png,4,2
6904,danpung_0018.png,2,2
6905,danpung_0018.png,2,2
6906,danpung_0018.png,4,2
6907,danpung_0018.png,4,2
6908,danpung_0018.png,3,2
6909,danpung_0018.png,2,2
6910,danpung_0020.png,1,0
6911,danpung_0021.png,4,4
6912,danpung_0021.png,0,4
6913,danpung_0021.png,3,4
6914,danpung_0021.png,4,4
6915,danpung_0021.png,3,4
6916,danpung_0022.png,3,1
6917,danpung_0022.png,0,1
6918,danpung_0022.png,4,1
6919,danpung_0023.png,4,1
6920,danpung_0023.png,3,1
6921,danpung_0023.png,4,1
6922,danpung_0023.png,3,1
6923,danpung_0023.png,4,1
6924,danpung_0023.png,2,1
6925,danpung_0023.png,4,1
6926,danpung_0023.png,3,1
6927,danpung_0023.png,4,1
6928,danpung_0023.png,3,1
6929,danpung_0023.png,2,1
6930,danpung_0023.png,4,1
6931,danpung_0023.png,1,1
6932,danpung_0023.png,1,1
6933,danpung_0023.png,2,1
6934,danpung_0023.png,3,1
6935,danpung_0023.png,2,1
6936,danpung_0023.png,2,1
6937,danpung_0024.png,4,1
6938,danpung_0024.png,0,1
6939,danpung_0024.png,3,1
6940,danpung_0024.png,3,1
6941,danpung_0024.png,3,1
6942,danpung_0024.png,4,1
6943,danpung_0024.png,4,1
6944,danpung_0024.png,1,1
6945,danpung_0024.png,4,1
6946,danpung_0030.png,4,2
6947,danpung_0030.png,4,2
6948,danpung_0030.png,4,2
6949,danpung_0030.png,3,2
6950,danpung_0030.png,3,2
6951,danpung_0030.png,4,2
6952,danpung_0030.png,4,2
6953,danpung_0030.png,2,2
6954,danpung_0030.png,3,2
6955,danpung_0030.png,2,2
6956,danpung_0030.png,1,2
6957,danpung_0030.png,3,2
6958,danpung_0030.png,4,2
6959,danpung_0030.png,3,2
6960,danpung_0030.png,3,2
6961,danpung_0030.png,4,2
6962,danpung_0030.png,3,2
6963,danpung_0030.png,2,2
6964,danpung_0030.png,2,2
6965,danpung_0030.png,0,2
6966,danpung_0031.png,1,0
6967,danpung_0031.png,4,0
6968,danpung_0031.png,3,0
6969,danpung_0031.png,2,0
6970,danpung_0031.png,2,0
6971,danpung_0033.png,3,4
6972,danpung_0033.png,2,4
6973,danpung_0033.png,4,4
6974,danpung_0033.png,3,4
6975,danpung_0033.png,4,4
6976,danpung_0033.png,3,4
6977,danpung_0033.png,3,4
6978,danpung_0033.png,2,4
6979,danpung_0033.png,4,4
6980,danpung_0033.png,4,4
6981,danpung_0035.png,3,1
6982,danpung_0035.png,4,1
6983,danpung_0035.png,3,1
6984,danpung_0035.png,2,1
6985,danpung_0035.png,2,1
6986,danpung_0035.png,3,1
6987,danpung_0035.png,2,1
6988,danpung_0036.png,4,4
6989,danpung_0036.png,4,4
6990,danpung_0036.png,4,4
6991,danpung_0036.png,1,4
6992,danpung_0037.png,4,2
6993,danpung_0037.png,3,2
6994,danpung_0037.png,1,2
6995,danpung_0037.png,1,2
6996,danpung_0037.png,1,2
6997,danpung_0037.png,0,2
6998,danpung_0037.png,1,2
6999,danpung_0037.png,3,2
7000,danpung_0037.png,0,2
7001,danpung_0037.png,3,2
7002,danpung_0037.png,4,2
7003,danpung_0037.png,2,2
7004,danpung_0037.png,3,2
7005,danpung_0037.png,4,2
7006,danpung_0037.png,4,2
7007,danpung_0037.png,4,2
7008,danpung_0037.png,4,2
7009,danpung_0037.png,4,2
7010,danpung_0037.png,4,2
7011,danpung_0037.png,4,2
7012,danpung_0037.png,4,2
7013,danpung_0037.png,4,2
7014,danpung_0037.png,1,2
7015,danpung_0037.png,3,2
7016,danpung_0037.png,3,2
7017,danpung_0039.png,4,2
7018,danpung_0039.png,4,2
7019,danpung_0039.png,3,2
7020,danpung_0039.png,3,2
7021,danpung_0040.png,4,0
7022,danpung_0040.png,2,0
7023,danpung_0040.png,2,0
7024,danpung_0040.png,4,0
7025,danpung_0040.png,4,0
7026,danpung_0040.png,4,0
7027,danpung_0040.png,3,0
7028,danpung_0040.png,3,0
7029,danpung_0040.png,3,0
7030,danpung_0040.png,0,0
7031,danpung_0040.png,1,0
7032,danpung_0040.png,2,0
7033,danpung_0040.png,3,0
7034,danpung_0040.png,1,0
7035,danpung_0040.png,1,0
7036,danpung_0040.png,1,0
7037,danpung_0042.png,4,3
7038,danpung_0042.png,4,3
7039,danpung_0042.png,3,3
7040,danpung_0042.png,3,3
7041,danpung_0042.png,2,3
7042,danpung_0042.png,1,3
7043,danpung_0042.png,4,3
7044,danpung_0043.png,4,4
7045,danpung_0043.png,2,4
7046,danpung_0043.png,1,4
7047,danpung_0043.png,1,4
7048,danpung_0043.png,1,4
7049,danpung_0043.png,4,4
7050,danpung_0043.png,2,4
7051,danpung_0044.png,1,2
7052,danpung_0044.png,0,2
7053,danpung_0044.png,1,2
7054,danpung_0046.png,4,1
7055,danpung_0046.png,4,1
7056,danpung_0046.png,4,1
7057,danpung_0046.png,3,1
7058,danpung_0046.png,1,1
7059,danpung_0046.png,1,1
7060,danpung_0046.png,1,1
7061,danpung_0047.png,0,2
7062,danpung_0051.png,1,3
7063,danpung_0051.png,4,3
7064,danpung_0051.png,3,3
7065,danpung_0051.png,4,3
7066,danpung_0051.png,4,3
7067,danpung_0051.png,3,3
7068,danpung_0051.png,3,3
7069,danpung_0051.png,2,3
7070,danpung_0052.png,4,3
7071,danpung_0052.png,4,3
7072,danpung_0052.png,4,3
7073,danpung_0052.png,4,3
7074,danpung_0053.png,2,1
7075,danpung_0054.png,0,4
7076,danpung_0056.png,4,3
7077,danpung_0056.png,4,3
7078,danpung_0056.png,3,3
7079,danpung_0057.png,4,3
7080,danpung_0058.png,4,0
7081,danpung_0058.png,4,0
7082,danpung_0058.png,4,0
7083,danpung_0058.png,1,0
7084,danpung_0058.png,0,0
7085,danpung_0058.png,3,0
7086,danpung_0058.png,0,0
7087,danpung_0058.png,4,0
7088,danpung_0058.png,2,0
7089,danpung_0058.png,1,0
7090,danpung_0058.png,0,0
7091,danpung_0058.png,4,0
7092,danpung_0058.png,3,0
7093,danpung_0058.png,4,0
7094,danpung_0058.png,4,0
7095,danpung_0058.png,4,0
7096,danpung_0058.png,3,0
7097,danpung_0059.png,4,3
7098,danpung_0063.png,1,3
7099,danpung_0063.png,1,3
7100,danpung_0063.png,1,3
7101,danpung_0063.png,4,3
7102,danpung_0063.png,1,3
7103,danpung_0063.png,1,3
7104,danpung_0063.png,0,3
7105,danpung_0063.png,0,3
7106,danpung_0063.png,4,3
7107,danpung_0063.png,0,3
7108,danpung_0063.png,3,3
7109,danpung_0063.png,3,3
7110,danpung_0063.png,4,3
7111,danpung_0063.png,3,3
7112,danpung_0063.png,4,3
7113,danpung_0063.png,2,3
7114,danpung_0063.png,1,3
7115,danpung_0063.png,2,3
7116,danpung_0063.png,0,3
7117,danpung_0063.png,1,3
7118,danpung_0063.png,1,3
7119,danpung_0063.png,0,3
7120,danpung_0064.png,4,0
7121,danpung_0064.png,4,0
7122,danpung_0064.png,4,0
7123,danpung_0064.png,3,0
7124,danpung_0064.png,3,0
7125,danpung_0064.png,3,0
7126,danpung_0064.png,3,0
7127,danpung_0064.png,4,0
7128,danpung_0064.png,2,0
7129,danpung_0064.png,1,0
7130,danpung_0064.png,3,0
7131,danpung_0064.png,4,0
7132,danpung_0064.png,3,0
7133,danpung_0066.png,4,0
7134,danpung_0066.png,1,0
7135,danpung_0066.png,1,0
7136,danpung_0066.png,1,0
7137,danpung_0067.png,4,3
7138,danpung_0067.png,3,3
7139,danpung_0067.png,1,3
7140,danpung_0067.png,1,3
7141,danpung_0067.png,4,3
7142,danpung_0067.png,1,3
7143,danpung_0067.png,1,3
7144,danpung_0067.png,3,3
7145,danpung_0068.png,2,2
7146,danpung_0068.png,4,2
7147,danpung_0068.png,2,2
7148,danpung_0068.png,2,2
7149,danpung_0068.png,3,2
7150,danpung_0068.png,3,2
7151,danpung_0068.png,2,2
7152,danpung_0068.png,4,2
7153,danpung_0068.png,3,2
7154,danpung_0068.png,4,2
7155,danpung_0068.png,2,2
7156,danpung_0068.png,3,2
7157,danpung_0068.png,2,2
7158,danpung_0068.png,3,2
7159,danpung_0068.png,4,2
7160,danpung_0068.png,1,2
7161,danpung_0068.png,1,2
7162,danpung_0068.png,4,2
7163,danpung_0068.png,2,2
7164,danpung_0068.png,2,2
7165,danpung_0068.png,3,2
7166,danpung_0068.png,3,2
7167,danpung_0068.png,3,2
7168,danpung_0068.png,2,2
7169,danpung_0068.png,3,2
7170,danpung_0068.png,0,2
7171,danpung_0068.png,1,2
7172,danpung_0069.png,0,2
7173,danpung_0069.png,3,2
7174,danpung_0069.png,0,2
7175,danpung_0069.png,4,2
7176,danpung_0069.png,2,2
7177,danpung_0069.png,4,2
7178,danpung_0069.png,2,2
7179,danpung_0069.png,3,2
7180,danpung_0069.png,0,2
7181,danpung_0069.png,4,2
7182,danpung_0069.png,0,2
7183,danpung_0069.png,0,2
7184,danpung_0069.png,0,2
7185,danpung_0069.png,4,2
7186,danpung_0069.png,4,2
7187,danpung_0069.png,1,2
7188,danpung_0069.png,3,2
7189,danpung_0069.png,2,2
7190,danpung_0069.png,3,2
7191,danpung_0069.png,2,2
7192,danpung_0069.png,4,2
7193,danpung_0072.png,1,4
7194,danpung_0072.png,1,4
7195,danpung_0072.png,4,4
7196,danpung_0073.png,4,1
7197,danpung_0073.png,4,1
7198,danpung_0075.png,2,0
7199,danpung_0075.png,1,0
7200,danpung_0076.png,4,4
7201,danpung_0077.png,2,3
7202,danpung_0077.png,3,3
7203,danpung_0077.png,3,3
7204,danpung_0077.png,3,3
7205,danpung_0077.png,3,3
7206,danpung_0078.png,1,3
7207,danpung_0078.png,1,3
7208,danpung_0078.png,0,3
7209,danpung_0078.png,0,3
7210,danpung_0078.png,1,3
7211,danpung_0078.png,1,3
7212,danpung_0078.png,3,3
7213,danpung_0078.png,0,3
7214,danpung_0078.png,0,3
7215,danpung_0079.png,4,1
7216,danpung_0079.png,3,1
7217,danpung_0079.png,3,1
7218,danpung_0079.png,3,1
7219,danpung_0079.png,3,1
7220,danpung_0079.png,3,1
7221,danpung_0079.png,4,1
7222,danpung_0079.png,3,1
7223,danpung_0079.png,3,1
7224,danpung_0079.png,3,1
7225,danpung_0081.png,2,3
7226,danpung_0081.png,1,3
7227,danpung_0081.png,1,3
7228,danpung_0081.png,4,3
7229,danpung_0081.png,2,3
7230,danpung_0081.png,2,3
7231,danpung_0081.png,2,3
7232,danpung_0083.png,4,1
7233,danpung_0083.png,4,1
7234,danpung_0083.png,4,1
7235,danpung_0083.png,2,1
7236,danpung_0083.png,3,1
7237,danpung_0083.png,3,1
7238,danpung_0083.png,4,1
7239,danpung_0084.png,1,3
7240,danpung_0084.png,4,3
7241,danpung_0084.png,0,3
7242,danpung_0084.png,4,3
7243,danpung_0084.png,4,3
7244,danpung_0084.png,0,3
7245,danpung_0084.png,4,3
7246,danpung_0084.png,4,3
7247,danpung_0084.png,3,3
7248,danpung_0086.png,1,2
7249,danpung_0086.png,1,2
7250,danpung_0086.png,1,2
7251,danpung_0086.png,1,2
7252,danpung_0086.png,1,2
7253,danpung_0087.png,4,1
7254,danpung_0087.png,4,1
7255,danpung_0087.png,2,1
7256,danpung_0087.png,3,1
7257,danpung_0087.png,2,1
7258,danpung_0087.png,0,1
7259,danpung_0088.png,3,4
7260,danpung_0088.png,2,4
7261,danpung_0088.png,4,4
7262,danpung_0089.png,3,0
7263,danpung_0089.png,3,0
7264,danpung_0089.png,3,0
7265,danpung_0089.png,4,0
7266,danpung_0090.png,3,0
7267,danpung_0090.png,3,0
7268,danpung_0090.png,2,0
7269,danpung_0090.png,3,0
7270,danpung_0093.png,4,4
7271,danpung_0093.png,3,4
7272,danpung_0095.png,4,1
7273,danpung_0095.png,0,1
7274,danpung_0095.png,0,1
7275,danpung_0098.png,4,2
7276,danpung_0098.png,2,2
7277,danpung_0098.png,4,2
7278,danpung_0098.png,4,2
7279,danpung_0098.png,4,2
7280,danpung_0098.png,4,2
7281,danpung_0098.png,4,2
7282,danpung_0098.png,4,2
7283,danpung_0098.png,2,2
7284,danpung_0098.png,1,2
7285,danpung_0098.png,4,2
7286,danpung_0098.png,1,2
7287,danpung_0098.png,2,2
7288,danpung_0098.png,4,2
7289,danpung_0098.png,1,2
7290,danpung_0098.png,3,2
7291,danpung_0098.png,3,2
7292,danpung_0098.png,4,2
7293,danpung_0098.png,2,2
7294,cherryblossom_0002.png,3,1
7295,cherryblossom_0002.png,4,1
7296,cherryblossom_0005.png,4,4
7297,cherryblossom_0006.png,4,2
7298,cherryblossom_0006.png,3,2
7299,cherryblossom_0006.png,4,2
7300,cherryblossom_0009.png,0,0
7301,cherryblossom_0009.png,4,0
7302,cherryblossom_0009.png,4,0
7303,cherryblossom_0011.png,4,1
7304,cherryblossom_0011.png,4,1
7305,cherryblossom_0011.png,4,1
7306,cherryblossom_0012.png,3,4
7307,cherryblossom_0014.png,3,2
7308,cherryblossom_0014.png,4,2
7309,cherryblossom_0015.png,3,2
7310,cherryblossom_0015.png,3,2
7311,cherryblossom_0015.png,4,2
7312,cherryblossom_0015.png,2,2
7313,cherryblossom_0015.png,3,2
7314,cherryblossom_0016.png,4,3
7315,cherryblossom_0016.png,4,3
7316,cherryblossom_0016.png,3,3
7317,cherryblossom_0018.png,4,4
7318,cherryblossom_0018.png,0,4
7319,cherryblossom_0019.png,4,0
7320,cherryblossom_0019.png,1,0
7321,cherryblossom_0019.png,2,0
7322,cherryblossom_0019.png,1,0
7323,cherryblossom_0022.png,1,1
7324,cherryblossom_0022.png,4,1
7325,cherryblossom_0022.png,4,1
7326,cherryblossom_0024.png,4,2
7327,cherryblossom_0024.png,4,2
7328,cherryblossom_0024.png,1,2
7329,cherryblossom_0024.png,0,2
7330,cherryblossom_0024.png,2,2
7331,cherryblossom_0025.png,0,4
7332,cherryblossom_0025.png,0,4
7333,cherryblossom_0025.png,1,4
7334,cherryblossom_0025.png,1,4
7335,cherryblossom_0025.png,1,4
7336,cherryblossom_0025.png,0,4
7337,cherryblossom_0025.png,0,4
7338,cherryblossom_0025.png,0,4
7339,cherryblossom_0025.png,2,4
7340,cherryblossom_0025.png,1,4
7341,cherryblossom_0025.png,0,4
7342,cherryblossom_0025.png,0,4
7343,cherryblossom_0025.png,1,4
7344,cherryblossom_0025.png,1,4
7345,cherryblossom_0025.png,0,4
7346,cherryblossom_0025.png,1,4
7347,cherryblossom_0025.png,1,4
7348,cherryblossom_0025.png,1,4
7349,cherryblossom_0025.png,1,4
7350,cherryblossom_0025.png,1,4
7351,cherryblossom_0026.png,0,2
7352,cherryblossom_0026.png,1,2
7353,cherryblossom_0026.png,0,2
7354,cherryblossom_0027.png,4,3
7355,cherryblossom_0027.png,4,3
7356,cherryblossom_0027.png,2,3
7357,cherryblossom_0027.png,3,3
7358,cherryblossom_0027.png,3,3
7359,cherryblossom_0028.png,1,4
7360,cherryblossom_0028.png,4,4
7361,cherryblossom_0028.png,2,4
7362,cherryblossom_0030.png,4,3
7363,cherryblossom_0030.png,4,3
7364,cherryblossom_0030.png,0,3
7365,cherryblossom_0030.png,0,3
7366,cherryblossom_0030.png,0,3
7367,cherryblossom_0031.png,1,3
7368,cherryblossom_0031.png,4,3
7369,cherryblossom_0032.png,2,3
7370,cherryblossom_0032.png,1,3
7371,cherryblossom_0032.png,4,3
7372,cherryblossom_0032.png,3,3
7373,cherryblossom_0032.png,1,3
7374,cherryblossom_0033.png,4,2
7375,cherryblossom_0033.png,4,2
7376,cherryblossom_0033.png,1,2
7377,cherryblossom_0033.png,0,2
7378,cherryblossom_0033.png,0,2
7379,cherryblossom_0033.png,0,2
7380,cherryblossom_0033.png,0,2
7381,cherryblossom_0033.png,3,2
7382,cherryblossom_0033.png,3,2
7383,cherryblossom_0033.png,4,2
7384,cherryblossom_0033.png,3,2
7385,cherryblossom_0033.png,2,2
7386,cherryblossom_0033.png,3,2
7387,cherryblossom_0033.png,2,2
7388,cherryblossom_0033.png,3,2
7389,cherryblossom_0033.png,3,2
7390,cherryblossom_0033.png,2,2
7391,cherryblossom_0033.png,4,2
7392,cherryblossom_0033.png,1,2
7393,cherryblossom_0033.png,4,2
7394,cherryblossom_0034.png,4,1
7395,cherryblossom_0034.png,3,1
7396,cherryblossom_0034.png,4,1
7397,cherryblossom_0035.png,4,1
7398,cherryblossom_0035.png,3,1
7399,cherryblossom_0035.png,1,1
7400,cherryblossom_0036.png,2,1
7401,cherryblossom_0036.png,4,1
7402,cherryblossom_0036.png,3,1
7403,cherryblossom_0036.png,4,1
7404,cherryblossom_0036.png,2,1
7405,cherryblossom_0036.png,1,1
7406,cherryblossom_0037.png,1,3
7407,cherryblossom_0037.png,4,3
7408,cherryblossom_0037.png,3,3
7409,cherryblossom_0037.png,1,3
7410,cherryblossom_0040.png,0,4
7411,cherryblossom_0040.png,0,4
7412,cherryblossom_0040.png,0,4
7413,cherryblossom_0040.png,0,4
7414,cherryblossom_0040.png,1,4
7415,cherryblossom_0041.png,4,2
7416,cherryblossom_0041.png,3,2
7417,cherryblossom_0041.png,2,2
7418,cherryblossom_0041.png,4,2
7419,cherryblossom_0043.png,4,4
7420,cherryblossom_0043.png,1,4
7421,cherryblossom_0043.png,1,4
7422,cherryblossom_0043.png,4,4
7423,cherryblossom_0043.png,4,4
7424,cherryblossom_0044.png,4,4
7425,cherryblossom_0044.png,4,4
7426,cherryblossom_0044.png,3,4
7427,cherryblossom_0044.png,1,4
7428,cherryblossom_0045.png,0,0
7429,cherryblossom_0045.png,0,0
7430,cherryblossom_0045.png,0,0
7431,cherryblossom_0045.png,0,0
7432,cherryblossom_0045.png,0,0
7433,cherryblossom_0046.png,0,3
7434,cherryblossom_0046.png,0,3
7435,cherryblossom_0046.png,1,3
7436,cherryblossom_0047.png,4,3
7437,cherryblossom_0047.png,4,3
7438,cherryblossom_0049.png,4,0
7439,cherryblossom_0049.png,2,0
7440,cherryblossom_0049.png,1,0
7441,cherryblossom_0049.png,4,0
7442,cherryblossom_0049.png,4,0
7443,cherryblossom_0049.png,3,0
7444,cherryblossom_0049.png,2,0
7445,cherryblossom_0050.png,0,3
7446,cherryblossom_0050.png,1,3
7447,cherryblossom_0050.png,3,3
7448,cherryblossom_0050.png,3,3
7449,cherryblossom_0050.png,4,3
7450,cherryblossom_0050.png,2,3
7451,cherryblossom_0050.png,4,3
7452,cherryblossom_0050.png,1,3
7453,cherryblossom_0050.png,3,3
7454,cherryblossom_0050.png,1,3
7455,cherryblossom_0050.png,2,3
7456,cherryblossom_0051.png,0,1
7457,cherryblossom_0051.png,0,1
7458,cherryblossom_0051.png,0,1
7459,cherryblossom_0051.png,0,1
7460,cherryblossom_0051.png,0,1
7461,cherryblossom_0052.png,1,2
7462,cherryblossom_0052.png,4,2
7463,cherryblossom_0053.png,4,0
7464,cherryblossom_0053.png,4,0
7465,cherryblossom_0053.png,2,0
7466,cherryblossom_0053.png,3,0
7467,cherryblossom_0053.png,1,0
7468,cherryblossom_0054.png,4,2
7469,cherryblossom_0055.png,3,4
7470,cherryblossom_0055.png,2,4
7471,cherryblossom_0055.png,2,4
7472,cherryblossom_0055.png,1,4
7473,cherryblossom_0056.png,3,2
7474,cherryblossom_0056.png,3,2
7475,cherryblossom_0056.png,3,2
7476,cherryblossom_0056.png,3,2
7477,cherryblossom_0056.png,3,2
7478,cherryblossom_0056.png,0,2
7479,cherryblossom_0056.png,0,2
7480,cherryblossom_0056.png,0,2
7481,cherryblossom_0056.png,0,2
7482,cherryblossom_0056.png,1,2
7483,cherryblossom_0056.png,0,2
7484,cherryblossom_0056.png,0,2
7485,cherryblossom_0056.png,1,2
7486,cherryblossom_0056.png,4,2
7487,cherryblossom_0056.png,2,2
7488,cherryblossom_0056.png,0,2
7489,cherryblossom_0056.png,1,2
7490,cherryblossom_0056.png,4,2
7491,cherryblossom_0056.png,4,2
7492,cherryblossom_0057.png,4,1
7493,cherryblossom_0058.png,0,0
7494,cherryblossom_0058.png,3,0
7495,cherryblossom_0058.png,4,0
7496,cherryblossom_0059.png,4,1
7497,cherryblossom_0059.png,4,1
7498,cherryblossom_0059.png,2,1
7499,cherryblossom_0061.png,4,2
7500,cherryblossom_0061.png,4,2
7501,cherryblossom_0061.png,0,2
7502,cherryblossom_0061.png,0,2
7503,cherryblossom_0061.png,0,2
7504,cherryblossom_0062.png,4,2
7505,cherryblossom_0062.png,4,2
7506,cherryblossom_0062.png,4,2
7507,cherryblossom_0062.png,1,2
7508,cherryblossom_0062.png,3,2
7509,cherryblossom_0065.png,1,1
7510,cherryblossom_0065.png,4,1
7511,cherryblossom_0065.png,4,1
7512,cherryblossom_0066.png,4,1
7513,cherryblossom_0066.png,3,1
7514,cherryblossom_0067.png,3,0
7515,cherryblossom_0067.png,3,0
7516,cherryblossom_0067.png,4,0
7517,cherryblossom_0067.png,4,0
7518,cherryblossom_0069.png,4,4
7519,cherryblossom_0069.png,3,4
7520,cherryblossom_0070.png,4,1
7521,cherryblossom_0076.png,4,1
7522,cherryblossom_0076.png,1,1
7523,cherryblossom_0076.png,1,1
7524,cherryblossom_0076.png,0,1
7525,cherryblossom_0077.png,4,3
7526,cherryblossom_0077.png,4,3
7527,cherryblossom_0077.png,1,3
7528,cherryblossom_0078.png,3,1
7529,cherryblossom_0078.png,4,1
7530,cherryblossom_0078.png,2,1
7531,cherryblossom_0078.png,1,1
7532,cherryblossom_0079.png,4,4
7533,cherryblossom_0079.png,4,4
7534,cherryblossom_0079.png,3,4
7535,cherryblossom_0079.png,3,4
7536,cherryblossom_0079.png,3,4
7537,cherryblossom_0079.png,4,4
7538,cherryblossom_0079.png,3,4
7539,cherryblossom_0079.png,4,4
7540,cherryblossom_0079.png,4,4
7541,cherryblossom_0079.png,4,4
7542,cherryblossom_0079.png,4,4
7543,cherryblossom_0079.png,3,4
7544,cherryblossom_0079.png,3,4
7545,cherryblossom_0080.png,3,3
7546,cherryblossom_0080.png,3,3
7547,cherryblossom_0080.png,4,3
7548,cherryblossom_0080.png,1,3
7549,cherryblossom_0080.png,4,3
7550,cherryblossom_0082.png,1,4
7551,cherryblossom_0082.png,1,4
7552,cherryblossom_0082.png,4,4
7553,cherryblossom_0082.png,4,4
7554,cherryblossom_0083.png,4,0
7555,cherryblossom_0083.png,3,0
7556,cherryblossom_0083.png,3,0
7557,cherryblossom_0083.png,1,0
7558,cherryblossom_0083.png,4,0
7559,cherryblossom_0084.png,2,2
7560,cherryblossom_0084.png,4,2
7561,cherryblossom_0084.png,1,2
7562,cherryblossom_0084.png,3,2
7563,cherryblossom_0084.png,2,2
7564,cherryblossom_0085.png,2,0
7565,cherryblossom_0085.png,3,0
7566,cherryblossom_0085.png,4,0
7567,cherryblossom_0085.png,4,0
7568,cherryblossom_0087.png,4,3
7569,cherryblossom_0087.png,3,3
7570,cherryblossom_0087.png,4,3
7571,cherryblossom_0087.png,2,3
7572,cherryblossom_0088.png,4,2
7573,cherryblossom_0088.png,4,2
7574,cherryblossom_0088.png,4,2
7575,cherryblossom_0090.png,4,3
7576,cherryblossom_0090.png,1,3
7577,cherryblossom_0090.png,4,3
7578,cherryblossom_0091.png,4,0
7579,cherryblossom_0091.png,3,0
7580,cherryblossom_0091.png,4,0
7581,cherryblossom_0091.png,4,0
7582,cherryblossom_0092.png,4,1
7583,cherryblossom_0092.png,2,1
7584,cherryblossom_0093.png,4,1
7585,cherryblossom_0093.png,4,1
7586,cherryblossom_0093.png,3,1
7587,cherryblossom_0093.png,4,1
7588,cherryblossom_0093.png,2,1
7589,cherryblossom_0094.png,4,1
7590,cherryblossom_0094.png,4,1
7591,cherryblossom_0095.png,3,4
7592,cherryblossom_0095.png,4,4
7593,cherryblossom_0095.png,4,4
7594,cherryblossom_0096.png,4,4
7595,cherryblossom_0096.png,3,4
7596,cherryblossom_0096.png,4,4
7597,cherryblossom_0096.png,4,4
7598,cherryblossom_0096.png,2,4
7599,cherryblossom_0097.png,4,3
7600,cherryblossom_0097.png,4,3
7601,cherryblossom_0097.png,4,3
7602,cherryblossom_0097.png,4,3
7603,cherryblossom_0097.png,4,3
7604,cherryblossom_0097.png,4,3
7605,cherryblossom_0098.png,4,1
7606,cherryblossom_0098.png,3,1
7607,cherryblossom_0099.png,4,2
7608,cherryblossom_0099.png,4,2
7609,cherryblossom_0099.png,3,2
7610,cherryblossom_0099.png,4,2
7611,cherryblossom_0099.png,1,2
7612,cherryblossom_0099.png,3,2
7613,cherryblossom_0099.png,4,2
7614,cherryblossom_0099.png,4,2
7615,cherryblossom_0099.png,4,2
7616,cherryblossom_0099.png,3,2
7617,cherryblossom_0099.png,2,2
7618,cherryblossom_0099.png,1,2
7619,cherryblossom_0099.png,1,2
7620,cherryblossom_0099.png,3,2
7621,cherryblossom_0099.png,3,2
7622,cherryblossom_0099.png,1,2
7623,cherryblossom_0099.png,1,2
7624,cherryblossom_0099.png,2,2
7625,cherryblossom_0099.png,2,2
7626,cherryblossom_0099.png,1,2
7627,cherryblossom_0099.png,2,2
7628,cherryblossom_0100.png,0,2
7629,cherryblossom_0100.png,4,2
7630,cherryblossom_0100.png,1,2
7631,kpop_0001.png,4,3
7632,kpop_0001.png,4,3
7633,kpop_0001.png,1,3
7634,kpop_0002.png,3,4
7635,kpop_0002.png,4,4
7636,kpop_0002.png,4,4
7637,kpop_0002.png,1,4
7638,kpop_0002.png,1,4
7639,kpop_0003.png,4,1
7640,kpop_0003.png,4,1
7641,kpop_0003.png,3,1
7642,kpop_0003.png,3,1
7643,kpop_0003.png,4,1
7644,kpop_0004.png,0,1
7645,kpop_0004.png,0,1
7646,kpop_0004.png,1,1
7647,kpop_0004.png,3,1
7648,kpop_0005.png,4,3
7649,kpop_0005.png,3,3
7650,kpop_0005.png,2,3
7651,kpop_0005.png,2,3
7652,kpop_0006.png,0,1
7653,kpop_0006.png,0,1
7654,kpop_0006.png,1,1
7655,kpop_0006.png,4,1
7656,kpop_0006.png,4,1
7657,kpop_0007.png,4,1
7658,kpop_0007.png,4,1
7659,kpop_0007.png,4,1
7660,kpop_0007.png,3,1
7661,kpop_0007.png,2,1
7662,kpop_0007.png,3,1
7663,kpop_0007.png,4,1
7664,kpop_0007.png,1,1
7665,kpop_0007.png,2,1
7666,kpop_0007.png,1,1
7667,kpop_0007.png,1,1
7668,kpop_0007.png,1,1
7669,kpop_0007.png,1,1
7670,kpop_0008.png,4,3
7671,kpop_0008.png,4,3
7672,kpop_0008.png,4,3
7673,kpop_0008.png,1,3
7674,kpop_0008.png,1,3
7675,kpop_0008.png,1,3
7676,kpop_0008.png,1,3
7677,kpop_0008.png,0,3
7678,kpop_0008.png,1,3
7679,kpop_0008.png,1,3
7680,kpop_0008.png,2,3
7681,kpop_0008.png,1,3
7682,kpop_0008.png,1,3
7683,kpop_0008.png,4,3
7684,kpop_0008.png,1,3
7685,kpop_0008.png,1,3
7686,kpop_0008.png,1,3
7687,kpop_0008.png,4,3
7688,kpop_0008.png,4,3
7689,kpop_0008.png,3,3
7690,kpop_0008.png,3,3
7691,kpop_0008.png,3,3
7692,kpop_0008.png,3,3
7693,kpop_0008.png,3,3
7694,kpop_0008.png,2,3
7695,kpop_0008.png,1,3
7696,kpop_0008.png,1,3
7697,kpop_0008.png,3,3
7698,kpop_0008.png,1,3
7699,kpop_0008.png,2,3
7700,kpop_0009.png,4,3
7701,kpop_0009.png,3,3
7702,kpop_0009.png,3,3
7703,kpop_0009.png,2,3
7704,kpop_0009.png,1,3
7705,kpop_0010.png,0,2
7706,kpop_0010.png,4,2
7707,kpop_0010.png,4,2
7708,kpop_0010.png,3,2
7709,kpop_0012.png,4,4
7710,kpop_0012.png,4,4
7711,kpop_0012.png,4,4
7712,kpop_0012.png,4,4
7713,kpop_0012.png,4,4
7714,kpop_0012.png,4,4
7715,kpop_0012.png,1,4
7716,kpop_0013.png,1,0
7717,kpop_0013.png,3,0
7718,kpop_0013.png,2,0
7719,kpop_0013.png,3,0
7720,kpop_0013.png,3,0
7721,kpop_0014.png,4,0
7722,kpop_0014.png,4,0
7723,kpop_0014.png,4,0
7724,kpop_0014.png,4,0
7725,kpop_0014.png,4,0
7726,kpop_0014.png,3,0
7727,kpop_0014.png,4,0
7728,kpop_0014.png,4,0
7729,kpop_0014.png,4,0
7730,kpop_0015.png,0,3
7731,kpop_0015.png,0,3
7732,kpop_0015.png,0,3
7733,kpop_0015.png,3,3
7734,kpop_0015.png,4,3
7735,kpop_0016.png,4,1
7736,kpop_0016.png,3,1
7737,kpop_0016.png,3,1
7738,kpop_0016.png,2,1
7739,kpop_0016.png,4,1
7740,kpop_0017.png,4,1
7741,kpop_0017.png,4,1
7742,kpop_0017.png,2,1
7743,kpop_0017.png,3,1
7744,kpop_0018.png,4,0
7745,kpop_0018.png,4,0
7746,kpop_0018.png,1,0
7747,kpop_0018.png,1,0
7748,kpop_0020.png,1,2
7749,kpop_0020.png,2,2
7750,kpop_0020.png,3,2
7751,kpop_0020.png,3,2
7752,kpop_0020.png,3,2
7753,kpop_0021.png,4,0
7754,kpop_0021.png,3,0
7755,kpop_0021.png,4,0
7756,kpop_0021.png,1,0
7757,kpop_0021.png,4,0
7758,kpop_0021.png,4,0
7759,kpop_0021.png,1,0
7760,kpop_0021.png,1,0
7761,kpop_0021.png,4,0
7762,kpop_0021.png,1,0
7763,kpop_0021.png,1,0
7764,kpop_0021.png,4,0
7765,kpop_0021.png,4,0
7766,kpop_0021.png,1,0
7767,kpop_0021.png,3,0
7768,kpop_0021.png,4,0
7769,kpop_0022.png,4,0
7770,kpop_0022.png,4,0
7771,kpop_0022.png,4,0
7772,kpop_0022.png,4,0
7773,kpop_0023.png,4,2
7774,kpop_0023.png,4,2
7775,kpop_0023.png,4,2
7776,kpop_0023.png,4,2
7777,kpop_0023.png,3,2
7778,kpop_0025.png,4,4
7779,kpop_0025.png,4,4
7780,kpop_0025.png,4,4
7781,kpop_0025.png,3,4
7782,kpop_0025.png,3,4
7783,kpop_0025.png,4,4
7784,kpop_0025.png,1,4
7785,kpop_0025.png,1,4
7786,kpop_0025.png,1,4
7787,kpop_0025.png,1,4
7788,kpop_0025.png,1,4
7789,kpop_0025.png,1,4
7790,kpop_0025.png,1,4
7791,kpop_0025.png,1,4
7792,kpop_0025.png,2,4
7793,kpop_0025.png,2,4
7794,kpop_0025.png,2,4
7795,kpop_0025.png,1,4
7796,kpop_0025.png,1,4
7797,kpop_0025.png,3,4
7798,kpop_0025.png,3,4
7799,kpop_0025.png,2,4
7800,kpop_0026.png,4,3
7801,kpop_0026.png,4,3
7802,kpop_0026.png,4,3
7803,kpop_0026.png,4,3
7804,kpop_0027.png,4,0
7805,kpop_0027.png,3,0
7806,kpop_0027.png,2,0
7807,kpop_0028.png,0,2
7808,kpop_0028.png,0,2
7809,kpop_0028.png,0,2
7810,kpop_0028.png,1,2
7811,kpop_0028.png,0,2
7812,kpop_0029.png,4,3
7813,kpop_0029.png,4,3
7814,kpop_0029.png,4,3
7815,kpop_0029.png,3,3
7816,kpop_0029.png,1,3
7817,kpop_0030.png,4,1
7818,kpop_0030.png,4,1
7819,kpop_0030.png,4,1
7820,kpop_0030.png,4,1
7821,kpop_0030.png,3,1
7822,kpop_0030.png,3,1
7823,kpop_0030.png,3,1
7824,kpop_0030.png,2,1
7825,kpop_0030.png,0,1
7826,kpop_0030.png,1,1
7827,kpop_0030.png,2,1
7828,kpop_0030.png,1,1
7829,kpop_0031.png,1,2
7830,kpop_0031.png,3,2
7831,kpop_0031.png,3,2
7832,kpop_0031.png,3,2
7833,kpop_0032.png,4,4
7834,kpop_0032.png,4,4
7835,kpop_0032.png,4,4
7836,kpop_0032.png,4,4
7837,kpop_0032.png,4,4
7838,kpop_0032.png,4,4
7839,kpop_0032.png,3,4
7840,kpop_0032.png,3,4
7841,kpop_0032.png,2,4
7842,kpop_0032.png,2,4
7843,kpop_0032.png,3,4
7844,kpop_0032.png,3,4
7845,kpop_0032.png,2,4
7846,kpop_0033.png,4,4
7847,kpop_0033.png,3,4
7848,kpop_0033.png,2,4
7849,kpop_0034.png,4,0
7850,kpop_0034.png,4,0
7851,kpop_0034.png,3,0
7852,kpop_0034.png,3,0
7853,kpop_0034.png,4,0
7854,kpop_0035.png,4,3
7855,kpop_0035.png,4,3
7856,kpop_0035.png,3,3
7857,kpop_0035.png,3,3
7858,kpop_0035.png,3,3
7859,kpop_0035.png,4,3
7860,kpop_0035.png,0,3
7861,kpop_0035.png,0,3
7862,kpop_0035.png,4,3
7863,kpop_0035.png,0,3
7864,kpop_0035.png,0,3
7865,kpop_0035.png,4,3
7866,kpop_0035.png,4,3
7867,kpop_0035.png,0,3
7868,kpop_0035.png,4,3
7869,kpop_0035.png,4,3
7870,kpop_0036.png,4,1
7871,kpop_0036.png,4,1
7872,kpop_0036.png,3,1
7873,kpop_0036.png,3,1
7874,kpop_0036.png,3,1
7875,kpop_0038.png,0,2
7876,kpop_0038.png,0,2
7877,kpop_0038.png,0,2
7878,kpop_0038.png,0,2
7879,kpop_0038.png,0,2
7880,kpop_0038.png,0,2
7881,kpop_0038.png,0,2
7882,kpop_0038.png,0,2
7883,kpop_0038.png,0,2
7884,kpop_0038.png,0,2
7885,kpop_0038.png,0,2
7886,kpop_0038.png,0,2
7887,kpop_0038.png,0,2
7888,kpop_0038.png,0,2
7889,kpop_0039.png,4,4
7890,kpop_0039.png,4,4
7891,kpop_0039.png,4,4
7892,kpop_0039.png,4,4
7893,kpop_0039.png,3,4
7894,kpop_0039.png,2,4
7895,kpop_0039.png,4,4
7896,kpop_0040.png,0,0
7897,kpop_0040.png,3,0
7898,kpop_0041.png,1,0
7899,kpop_0041.png,4,0
7900,kpop_0041.png,3,0
7901,kpop_0041.png,4,0
7902,kpop_0041.png,1,0
7903,kpop_0041.png,1,0
7904,kpop_0041.png,3,0
7905,kpop_0041.png,3,0
7906,kpop_0041.png,3,0
7907,kpop_0041.png,1,0
7908,kpop_0041.png,4,0
7909,kpop_0041.png,2,0
7910,kpop_0041.png,3,0
7911,kpop_0041.png,3,0
7912,kpop_0041.png,3,0
7913,kpop_0041.png,3,0
7914,kpop_0041.png,4,0
7915,kpop_0041.png,1,0
7916,kpop_0041.png,4,0
7917,kpop_0041.png,0,0
7918,kpop_0041.png,4,0
7919,kpop_0041.png,3,0
7920,kpop_0041.png,3,0
7921,kpop_0041.png,2,0
7922,kpop_0041.png,4,0
7923,kpop_0041.png,3,0
7924,kpop_0041.png,1,0
7925,kpop_0041.png,1,0
7926,kpop_0041.png,3,0
7927,kpop_0041.png,4,0
7928,kpop_0042.png,4,3
7929,kpop_0042.png,4,3
7930,kpop_0042.png,4,3
7931,kpop_0042.png,4,3
7932,kpop_0042.png,3,3
7933,kpop_0042.png,1,3
7934,kpop_0042.png,1,3
7935,kpop_0042.png,4,3
7936,kpop_0042.png,4,3
7937,kpop_0042.png,4,3
7938,kpop_0042.png,0,3
7939,kpop_0042.png,3,3
7940,kpop_0042.png,3,3
7941,kpop_0042.png,3,3
7942,kpop_0042.png,3,3
7943,kpop_0042.png,3,3
7944,kpop_0042.png,2,3
7945,kpop_0044.png,4,3
7946,kpop_0044.png,4,3
7947,kpop_0044.png,4,3
7948,kpop_0044.png,4,3
7949,kpop_0044.png,2,3
7950,kpop_0045.png,4,4
7951,kpop_0045.png,4,4
7952,kpop_0045.png,4,4
7953,kpop_0045.png,4,4
7954,kpop_0045.png,4,4
7955,kpop_0045.png,1,4
7956,kpop_0045.png,1,4
7957,kpop_0045.png,2,4
7958,kpop_0045.png,1,4
7959,kpop_0045.png,1,4
7960,kpop_0045.png,2,4
7961,kpop_0045.png,2,4
7962,kpop_0045.png,4,4
7963,kpop_0045.png,4,4
7964,kpop_0045.png,4,4
7965,kpop_0045.png,3,4
7966,kpop_0046.png,4,1
7967,kpop_0046.png,4,1
7968,kpop_0046.png,4,1
7969,kpop_0046.png,4,1
7970,kpop_0046.png,4,1
7971,kpop_0046.png,3,1
7972,kpop_0046.png,2,1
7973,kpop_0046.png,3,1
7974,kpop_0046.png,2,1
7975,kpop_0046.png,2,1
7976,kpop_0046.png,3,1
7977,kpop_0047.png,1,0
7978,kpop_0047.png,4,0
7979,kpop_0047.png,4,0
7980,kpop_0047.png,4,0
7981,kpop_0047.png,1,0
7982,kpop_0047.png,3,0
7983,kpop_0047.png,3,0
7984,kpop_0047.png,3,0
7985,kpop_0047.png,3,0
7986,kpop_0047.png,4,0
7987,kpop_0047.png,1,0
7988,kpop_0047.png,3,0
7989,kpop_0047.png,3,0
7990,kpop_0047.png,4,0
7991,kpop_0047.png,1,0
7992,kpop_0047.png,1,0
7993,kpop_0048.png,4,4
7994,kpop_0048.png,4,4
7995,kpop_0048.png,3,4
7996,kpop_0048.png,3,4
7997,kpop_0048.png,3,4
7998,kpop_0049.png,4,4
7999,kpop_0049.png,4,4
8000,kpop_0049.png,4,4
8001,kpop_0049.png,4,4
8002,kpop_0049.png,3,4
8003,kpop_0049.png,4,4
8004,kpop_0049.png,4,4
8005,kpop_0049.png,4,4
8006,kpop_0049.png,4,4
8007,kpop_0049.png,4,4
8008,kpop_0049.png,4,4
8009,kpop_0049.png,2,4
8010,kpop_0049.png,2,4
8011,kpop_0050.png,4,3
8012,kpop_0050.png,4,3
8013,kpop_0050.png,3,3
8014,kpop_0050.png,3,3
8015,kpop_0051.png,4,1
8016,kpop_0051.png,4,1
8017,kpop_0051.png,4,1
8018,kpop_0051.png,3,1
8019,kpop_0051.png,0,1
8020,kpop_0051.png,1,1
8021,kpop_0053.png,0,4
8022,kpop_0053.png,0,4
8023,kpop_0053.png,0,4
8024,kpop_0053.png,1,4
8025,kpop_0053.png,3,4
8026,kpop_0054.png,1,4
8027,kpop_0054.png,1,4
8028,kpop_0054.png,1,4
8029,kpop_0054.png,2,4
8030,kpop_0054.png,0,4
8031,kpop_0055.png,4,1
8032,kpop_0055.png,4,1
8033,kpop_0055.png,4,1
8034,kpop_0055.png,4,1
8035,kpop_0055.png,3,1
8036,kpop_0055.png,3,1
8037,kpop_0055.png,2,1
8038,kpop_0055.png,4,1
8039,kpop_0055.png,3,1
8040,kpop_0055.png,0,1
8041,kpop_0055.png,1,1
8042,kpop_0055.png,2,1
8043,kpop_0055.png,1,1
8044,kpop_0055.png,1,1
8045,kpop_0055.png,1,1
8046,kpop_0055.png,4,1
8047,kpop_0055.png,4,1
8048,kpop_0056.png,4,4
8049,kpop_0056.png,2,4
8050,kpop_0056.png,3,4
8051,kpop_0056.png,4,4
8052,kpop_0056.png,3,4
8053,kpop_0056.png,4,4
8054,kpop_0056.png,4,4
8055,kpop_0056.png,4,4
8056,kpop_0056.png,4,4
8057,kpop_0056.png,3,4
8058,kpop_0056.png,3,4
8059,kpop_0056.png,4,4
8060,kpop_0056.png,4,4
8061,kpop_0056.png,3,4
8062,kpop_0056.png,3,4
8063,kpop_0056.png,2,4
8064,kpop_0056.png,2,4
8065,kpop_0057.png,0,4
8066,kpop_0057.png,0,4
8067,kpop_0057.png,0,4
8068,kpop_0057.png,3,4
8069,kpop_0057.png,0,4
8070,kpop_0058.png,1,1
8071,kpop_0058.png,1,1
8072,kpop_0058.png,1,1
8073,kpop_0058.png,1,1
8074,kpop_0059.png,4,2
8075,kpop_0059.png,4,2
8076,kpop_0059.png,4,2
8077,kpop_0059.png,4,2
8078,kpop_0059.png,3,2
8079,kpop_0060.png,4,4
8080,kpop_0060.png,4,4
8081,kpop_0060.png,4,4
8082,kpop_0060.png,3,4
8083,kpop_0061.png,3,2
8084,kpop_0061.png,3,2
8085,kpop_0061.png,4,2
8086,kpop_0061.png,1,2
8087,kpop_0061.png,3,2
8088,kpop_0062.png,4,0
8089,kpop_0062.png,3,0
8090,kpop_0062.png,3,0
8091,kpop_0062.png,1,0
8092,kpop_0062.png,0,0
8093,kpop_0063.png,4,3
8094,kpop_0063.png,4,3
8095,kpop_0063.png,3,3
8096,kpop_0063.png,1,3
8097,kpop_0063.png,2,3
8098,kpop_0064.png,4,3
8099,kpop_0064.png,1,3
8100,kpop_0064.png,4,3
8101,kpop_0064.png,3,3
8102,kpop_0064.png,1,3
8103,kpop_0064.png,3,3
8104,kpop_0064.png,3,3
8105,kpop_0064.png,3,3
8106,kpop_0064.png,2,3
8107,kpop_0065.png,4,2
8108,kpop_0065.png,2,2
8109,kpop_0065.png,1,2
8110,kpop_0065.png,0,2
8111,kpop_0065.png,3,2
8112,kpop_0066.png,3,1
8113,kpop_0066.png,2,1
8114,kpop_0066.png,4,1
8115,kpop_0066.png,4,1
8116,kpop_0066.png,4,1
8117,kpop_0066.png,4,1
8118,kpop_0066.png,4,1
8119,kpop_0066.png,4,1
8120,kpop_0066.png,3,1
8121,kpop_0066.png,3,1
8122,kpop_0066.png,2,1
8123,kpop_0066.png,3,1
8124,kpop_0066.png,4,1
8125,kpop_0066.png,2,1
8126,kpop_0066.png,3,1
8127,kpop_0066.png,3,1
8128,kpop_0066.png,1,1
8129,kpop_0066.png,1,1
8130,kpop_0066.png,1,1
8131,kpop_0067.png,0,3
8132,kpop_0067.png,0,3
8133,kpop_0067.png,1,3
8134,kpop_0067.png,1,3
8135,kpop_0068.png,0,1
8136,kpop_0068.png,0,1
8137,kpop_0068.png,0,1
8138,kpop_0068.png,0,1
8139,kpop_0068.png,1,1
8140,kpop_0069.png,3,2
8141,kpop_0069.png,3,2
8142,kpop_0069.png,2,2
8143,kpop_0069.png,4,2
8144,kpop_0069.png,0,2
8145,kpop_0069.png,0,2
8146,kpop_0070.png,4,0
8147,kpop_0070.png,1,0
8148,kpop_0070.png,1,0
8149,kpop_0070.png,1,0
8150,kpop_0070.png,3,0
8151,kpop_0071.png,0,4
8152,kpop_0071.png,0,4
8153,kpop_0071.png,0,4
8154,kpop_0071.png,0,4
8155,kpop_0071.png,1,4
8156,kpop_0072.png,4,0
8157,kpop_0072.png,4,0
8158,kpop_0072.png,4,0
8159,kpop_0072.png,4,0
8160,kpop_0072.png,4,0
8161,kpop_0072.png,4,0
8162,kpop_0072.png,1,0
8163,kpop_0072.png,0,0
8164,kpop_0072.png,1,0
8165,kpop_0072.png,0,0
8166,kpop_0072.png,0,0
8167,kpop_0072.png,1,0
8168,kpop_0072.png,0,0
8169,kpop_0072.png,1,0
8170,kpop_0072.png,0,0
8171,kpop_0072.png,1,0
8172,kpop_0072.png,1,0
8173,kpop_0072.png,1,0
8174,kpop_0072.png,3,0
8175,kpop_0072.png,3,0
8176,kpop_0072.png,3,0
8177,kpop_0072.png,4,0
8178,kpop_0072.png,2,0
8179,kpop_0073.png,4,1
8180,kpop_0073.png,1,1
8181,kpop_0073.png,4,1
8182,kpop_0073.png,3,1
8183,kpop_0073.png,3,1
8184,kpop_0074.png,4,2
8185,kpop_0074.png,4,2
8186,kpop_0074.png,4,2
8187,kpop_0074.png,4,2
8188,kpop_0074.png,4,2
8189,kpop_0075.png,4,1
8190,kpop_0075.png,3,1
8191,kpop_0075.png,2,1
8192,kpop_0075.png,3,1
8193,kpop_0075.png,1,1
8194,kpop_0076.png,4,2
8195,kpop_0076.png,4,2
8196,kpop_0076.png,3,2
8197,kpop_0076.png,3,2
8198,kpop_0076.png,3,2
8199,kpop_0077.png,1,4
8200,kpop_0077.png,3,4
8201,kpop_0077.png,3,4
8202,kpop_0077.png,3,4
8203,kpop_0077.png,4,4
8204,kpop_0077.png,4,4
8205,kpop_0077.png,4,4
8206,kpop_0077.png,3,4
8207,kpop_0077.png,4,4
8208,kpop_0077.png,4,4
8209,kpop_0077.png,3,4
8210,kpop_0077.png,2,4
8211,kpop_0077.png,1,4
8212,kpop_0077.png,3,4
8213,kpop_0077.png,4,4
8214,kpop_0078.png,4,2
8215,kpop_0078.png,4,2
8216,kpop_0078.png,4,2
8217,kpop_0078.png,4,2
8218,kpop_0079.png,4,4
8219,kpop_0079.png,4,4
8220,kpop_0079.png,3,4
8221,kpop_0079.png,4,4
8222,kpop_0079.png,4,4
8223,kpop_0080.png,4,3
8224,kpop_0080.png,4,3
8225,kpop_0080.png,4,3
8226,kpop_0080.png,2,3
8227,kpop_0080.png,2,3
8228,kpop_0080.png,1,3
8229,kpop_0080.png,1,3
8230,kpop_0080.png,1,3
8231,kpop_0080.png,0,3
8232,kpop_0080.png,0,3
8233,kpop_0081.png,3,2
8234,kpop_0081.png,4,2
8235,kpop_0081.png,3,2
8236,kpop_0082.png,4,4
8237,kpop_0082.png,4,4
8238,kpop_0082.png,3,4
8239,kpop_0082.png,4,4
8240,kpop_0082.png,3,4
8241,kpop_0082.png,3,4
8242,kpop_0082.png,3,4
8243,kpop_0082.png,3,4
8244,kpop_0082.png,4,4
8245,kpop_0082.png,2,4
8246,kpop_0082.png,1,4
8247,kpop_0083.png,4,2
8248,kpop_0083.png,4,2
8249,kpop_0083.png,1,2
8250,kpop_0083.png,3,2
8251,kpop_0085.png,4,0
8252,kpop_0085.png,4,0
8253,kpop_0085.png,3,0
8254,kpop_0086.png,3,3
8255,kpop_0086.png,4,3
8256,kpop_0086.png,3,3
8257,kpop_0086.png,3,3
8258,kpop_0086.png,1,3
8259,kpop_0086.png,4,3
8260,kpop_0086.png,2,3
8261,kpop_0086.png,1,3
8262,kpop_0086.png,0,3
8263,kpop_0087.png,4,4
8264,kpop_0087.png,4,4
8265,kpop_0087.png,3,4
8266,kpop_0087.png,3,4
8267,kpop_0087.png,3,4
8268,kpop_0087.png,1,4
8269,kpop_0087.png,2,4
8270,kpop_0087.png,1,4
8271,kpop_0088.png,4,2
8272,kpop_0088.png,4,2
8273,kpop_0088.png,4,2
8274,kpop_0088.png,4,2
8275,kpop_0088.png,3,2
8276,kpop_0089.png,4,1
8277,kpop_0089.png,4,1
8278,kpop_0089.png,4,1
8279,kpop_0089.png,2,1
8280,kpop_0089.png,2,1
8281,kpop_0089.png,3,1
8282,kpop_0089.png,1,1
8283,kpop_0090.png,4,1
8284,kpop_0090.png,4,1
8285,kpop_0090.png,3,1
8286,kpop_0090.png,2,1
8287,kpop_0090.png,4,1
8288,kpop_0091.png,3,1
8289,kpop_0091.png,2,1
8290,kpop_0091.png,1,1
8291,kpop_0091.png,4,1
8292,kpop_0091.png,2,1
8293,kpop_0092.png,4,2
8294,kpop_0092.png,4,2
8295,kpop_0092.png,4,2
8296,kpop_0092.png,3,2
8297,kpop_0092.png,3,2
8298,kpop_0092.png,3,2
8299,kpop_0092.png,3,2
8300,kpop_0092.png,3,2
8301,kpop_0092.png,3,2
8302,kpop_0092.png,3,2
8303,kpop_0092.png,3,2
8304,kpop_0092.png,2,2
8305,kpop_0092.png,2,2
8306,kpop_0093.png,4,0
8307,kpop_0093.png,4,0
8308,kpop_0093.png,4,0
8309,kpop_0093.png,3,0
8310,kpop_0093.png,4,0
8311,kpop_0094.png,3,2
8312,kpop_0094.png,3,2
8313,kpop_0094.png,3,2
8314,kpop_0094.png,3,2
8315,kpop_0095.png,4,0
8316,kpop_0095.png,1,0
8317,kpop_0096.png,4,3
8318,kpop_0096.png,3,3
8319,kpop_0096.png,4,3
8320,kpop_0096.png,3,3
8321,kpop_0096.png,2,3
8322,kpop_0096.png,1,3
8323,kpop_0097.png,4,1
8324,kpop_0097.png,3,1
8325,kpop_0097.png,4,1
8326,kpop_0097.png,4,1
8327,kpop_0097.png,4,1
8328,kpop_0097.png,3,1
8329,kpop_0097.png,4,1
8330,kpop_0097.png,3,1
8331,kpop_0097.png,3,1
8332,kpop_0097.png,3,1
8333,kpop_0097.png,3,1
8334,kpop_0097.png,2,1
8335,kpop_0097.png,3,1
8336,kpop_0097.png,2,1
8337,kpop_0098.png,3,2
8338,kpop_0098.png,4,2
8339,kpop_0098.png,4,2
8340,kpop_0098.png,4,2
8341,kpop_0098.png,1,2
8342,kpop_0098.png,1,2
8343,kpop_0098.png,3,2
8344,kpop_0098.png,4,2
8345,kpop_0098.png,4,2
8346,kpop_0098.png,3,2
8347,kpop_0098.png,3,2
8348,kpop_0098.png,4,2
8349,kpop_0098.png,1,2
8350,kpop_0098.png,1,2
8351,kpop_0098.png,1,2
8352,kpop_0098.png,3,2
8353,kpop_0098.png,1,2
8354,kpop_0098.png,1,2
8355,kpop_0098.png,3,2
8356,kpop_0098.png,4,2
8357,kpop_0098.png,2,2
8358,kpop_0098.png,2,2
8359,kpop_0098.png,3,2
8360,kpop_0098.png,0,2
8361,kpop_0098.png,3,2
8362,kpop_0098.png,4,2
8363,kpop_0099.png,4,1
8364,kpop_0099.png,3,1
8365,kpop_0099.png,3,1
8366,kpop_0099.png,4,1
8367,kpop_0099.png,4,1
8368,kpop_0099.png,4,1
8369,kpop_0099.png,4,1
8370,kpop_0099.png,4,1
8371,kpop_0099.png,4,1
8372,kpop_0099.png,3,1
8373,kpop_0099.png,2,1
8374,kpop_0099.png,2,1
8375,kpop_0099.png,4,1
8376,kpop_0100.png,4,1
8377,kpop_0100.png,4,1
8378,kpop_0100.png,4,1
8379,kpop_0100.png,4,1
8380,kpop_0100.png,3,1
8381,spotify_0001.png,4,2
8382,spotify_0001.png,4,2
8383,spotify_0001.png,3,2
8384,spotify_0001.png,0,2
8385,spotify_0002.png,1,4
8386,spotify_0002.png,0,4
8387,spotify_0002.png,0,4
8388,spotify_0002.png,0,4
8389,spotify_0004.png,4,2
8390,spotify_0004.png,4,2
8391,spotify_0004.png,4,2
8392,spotify_0004.png,4,2
8393,spotify_0005.png,1,3
8394,spotify_0005.png,3,3
8395,spotify_0006.png,1,0
8396,spotify_0006.png,1,0
8397,spotify_0006.png,1,0
8398,spotify_0006.png,1,0
8399,spotify_0006.png,1,0
8400,spotify_0008.png,3,4
8401,spotify_0008.png,4,4
8402,spotify_0008.png,4,4
8403,spotify_0008.png,3,4
8404,spotify_0008.png,2,4
8405,spotify_0009.png,4,3
8406,spotify_0009.png,3,3
8407,spotify_0009.png,2,3
8408,spotify_0009.png,2,3
8409,spotify_0009.png,4,3
8410,spotify_0010.png,1,0
8411,spotify_0010.png,1,0
8412,spotify_0010.png,4,0
8413,spotify_0010.png,3,0
8414,spotify_0010.png,1,0
8415,spotify_0010.png,1,0
8416,spotify_0010.png,1,0
8417,spotify_0010.png,3,0
8418,spotify_0010.png,4,0
8419,spotify_0011.png,4,0
8420,spotify_0011.png,1,0
8421,spotify_0015.png,3,4
8422,spotify_0015.png,3,4
8423,spotify_0015.png,4,4
8424,spotify_0015.png,4,4
8425,spotify_0016.png,4,0
8426,spotify_0016.png,4,0
8427,spotify_0016.png,1,0
8428,spotify_0016.png,1,0
8429,spotify_0016.png,3,0
8430,spotify_0017.png,4,0
8431,spotify_0017.png,4,0
8432,spotify_0017.png,3,0
8433,spotify_0017.png,2,0
8434,spotify_0017.png,4,0
8435,spotify_0017.png,4,0
8436,spotify_0017.png,4,0
8437,spotify_0017.png,4,0
8438,spotify_0017.png,4,0
8439,spotify_0017.png,0,0
8440,spotify_0020.png,2,1
8441,spotify_0020.png,1,1
8442,spotify_0020.png,2,1
8443,spotify_0020.png,1,1
8444,spotify_0020.png,3,1
8445,spotify_0021.png,2,1
8446,spotify_0021.png,1,1
8447,spotify_0021.png,1,1
8448,spotify_0021.png,1,1
8449,spotify_0021.png,1,1
8450,spotify_0024.png,4,4
8451,spotify_0024.png,4,4
8452,spotify_0024.png,3,4
8453,spotify_0024.png,2,4
8454,spotify_0026.png,1,0
8455,spotify_0026.png,3,0
8456,spotify_0026.png,4,0
8457,spotify_0026.png,4,0
8458,spotify_0029.png,4,0
8459,spotify_0029.png,3,0
8460,spotify_0029.png,3,0
8461,spotify_0029.png,2,0
8462,spotify_0029.png,2,0
8463,spotify_0029.png,3,0
8464,spotify_0029.png,3,0
8465,spotify_0029.png,4,0
8466,spotify_0029.png,3,0
8467,spotify_0029.png,3,0
8468,spotify_0029.png,2,0
8469,spotify_0029.png,3,0
8470,spotify_0029.png,1,0
8471,spotify_0029.png,2,0
8472,spotify_0029.png,0,0
8473,spotify_0034.png,2,3
8474,spotify_0034.png,3,3
8475,spotify_0034.png,3,3
8476,spotify_0034.png,4,3
8477,spotify_0034.png,4,3
8478,spotify_0035.png,4,3
8479,spotify_0035.png,4,3
8480,spotify_0035.png,3,3
8481,spotify_0035.png,3,3
8482,spotify_0035.png,1,3
8483,spotify_0040.png,4,4
8484,spotify_0040.png,4,4
8485,spotify_0040.png,2,4
8486,spotify_0040.png,2,4
8487,spotify_0041.png,1,1
8488,spotify_0041.png,3,1
8489,spotify_0041.png,2,1
8490,spotify_0041.png,2,1
8491,spotify_0041.png,2,1
8492,spotify_0043.png,4,2
8493,spotify_0043.png,2,2
8494,spotify_0043.png,1,2
8495,spotify_0044.png,1,0
8496,spotify_0044.png,1,0
8497,spotify_0044.png,1,0
8498,spotify_0044.png,0,0
8499,spotify_0045.png,4,2
8500,spotify_0045.png,4,2
8501,spotify_0045.png,2,2
8502,spotify_0045.png,3,2
8503,spotify_0046.png,4,2
8504,spotify_0046.png,4,2
8505,spotify_0046.png,2,2
8506,spotify_0046.png,3,2
8507,spotify_0046.png,3,2
8508,spotify_0046.png,4,2
8509,spotify_0046.png,2,2
8510,spotify_0046.png,3,2
8511,spotify_0046.png,4,2
8512,spotify_0046.png,4,2
8513,spotify_0046.png,4,2
8514,spotify_0046.png,1,2
8515,spotify_0046.png,1,2
8516,spotify_0046.png,1,2
8517,spotify_0047.png,4,1
8518,spotify_0047.png,3,1
8519,spotify_0047.png,4,1
8520,spotify_0047.png,4,1
8521,spotify_0050.png,1,0
8522,spotify_0050.png,4,0
8523,spotify_0050.png,4,0
8524,spotify_0051.png,2,1
8525,spotify_0051.png,1,1
8526,spotify_0051.png,2,1
8527,spotify_0051.png,1,1
8528,spotify_0051.png,4,1
8529,spotify_0052.png,4,1
8530,spotify_0052.png,3,1
8531,spotify_0052.png,2,1
8532,spotify_0052.png,4,1
8533,spotify_0052.png,1,1
8534,spotify_0053.png,4,3
8535,spotify_0053.png,4,3
8536,spotify_0053.png,4,3
8537,spotify_0053.png,4,3
8538,spotify_0055.png,4,3
8539,spotify_0055.png,4,3
8540,spotify_0055.png,4,3
8541,spotify_0055.png,3,3
8542,spotify_0055.png,2,3
8543,spotify_0055.png,2,3
8544,spotify_0056.png,4,2
8545,spotify_0056.png,4,2
8546,spotify_0056.png,4,2
8547,spotify_0056.png,4,2
8548,spotify_0056.png,4,2
8549,spotify_0056.png,3,2
8550,spotify_0056.png,3,2
8551,spotify_0056.png,2,2
8552,spotify_0056.png,1,2
8553,spotify_0056.png,2,2
8554,spotify_0056.png,2,2
8555,spotify_0056.png,2,2
8556,spotify_0056.png,1,2
8557,spotify_0056.png,0,2
8558,spotify_0059.png,3,4
8559,spotify_0059.png,3,4
8560,spotify_0059.png,2,4
8561,spotify_0059.png,2,4
8562,spotify_0059.png,2,4
8563,spotify_0060.png,3,1
8564,spotify_0060.png,3,1
8565,spotify_0060.png,4,1
8566,spotify_0060.png,4,1
8567,spotify_0063.png,3,3
8568,spotify_0063.png,2,3
8569,spotify_0063.png,4,3
8570,spotify_0064.png,2,3
8571,spotify_0064.png,2,3
8572,spotify_0064.png,3,3
8573,spotify_0064.png,4,3
8574,spotify_0064.png,4,3
8575,spotify_0064.png,4,3
8576,spotify_0064.png,4,3
8577,spotify_0064.png,4,3
8578,spotify_0064.png,2,3
8579,spotify_0064.png,4,3
8580,spotify_0064.png,4,3
8581,spotify_0064.png,2,3
8582,spotify_0064.png,2,3
8583,spotify_0064.png,2,3
8584,spotify_0065.png,1,1
8585,spotify_0065.png,1,1
8586,spotify_0065.png,1,1
8587,spotify_0065.png,0,1
8588,spotify_0066.png,3,4
8589,spotify_0066.png,2,4
8590,spotify_0066.png,2,4
8591,spotify_0066.png,4,4
8592,spotify_0066.png,4,4
8593,spotify_0067.png,1,0
8594,spotify_0067.png,0,0
8595,spotify_0067.png,1,0
8596,spotify_0067.png,2,0
8597,spotify_0067.png,2,0
8598,spotify_0070.png,3,1
8599,spotify_0072.png,4,4
8600,spotify_0072.png,3,4
8601,spotify_0072.png,1,4
8602,spotify_0072.png,3,4
8603,spotify_0072.png,4,4
8604,spotify_0073.png,2,1
8605,spotify_0073.png,3,1
8606,spotify_0073.png,1,1
8607,spotify_0073.png,0,1
8608,spotify_0074.png,0,1
8609,spotify_0074.png,0,1
8610,spotify_0074.png,2,1
8611,spotify_0074.png,2,1
8612,spotify_0076.png,4,2
8613,spotify_0076.png,4,2
8614,spotify_0076.png,2,2
8615,spotify_0076.png,1,2
8616,spotify_0076.png,2,2
8617,spotify_0077.png,4,3
8618,spotify_0079.png,3,0
8619,spotify_0079.png,3,0
8620,spotify_0079.png,2,0
8621,spotify_0079.png,1,0
8622,spotify_0081.png,4,3
8623,spotify_0081.png,3,3
8624,spotify_0081.png,4,3
8625,spotify_0081.png,2,3
8626,spotify_0084.png,1,2
8627,spotify_0085.png,2,3
8628,spotify_0085.png,3,3
8629,spotify_0085.png,4,3
8630,spotify_0085.png,3,3
8631,spotify_0085.png,3,3
8632,spotify_0087.png,0,2
8633,spotify_0089.png,1,4
8634,spotify_0089.png,3,4
8635,spotify_0089.png,2,4
8636,spotify_0089.png,2,4
8637,spotify_0089.png,2,4
8638,spotify_0093.png,4,4
8639,spotify_0093.png,4,4
8640,spotify_0093.png,4,4
8641,spotify_0093.png,1,4
8642,spotify_0093.png,1,4
8643,spotify_0093.png,1,4
8644,spotify_0093.png,0,4
8645,spotify_0093.png,0,4
8646,spotify_0093.png,3,4
8647,spotify_0093.png,0,4
8648,spotify_0093.png,3,4
8649,spotify_0093.png,3,4
8650,spotify_0094.png,4,1
8651,spotify_0094.png,4,1
8652,spotify_0094.png,1,1
8653,spotify_0094.png,1,1
8654,spotify_0094.png,1,1
8655,spotify_0095.png,2,4
8656,spotify_0095.png,3,4
8657,spotify_0095.png,3,4
8658,spotify_0095.png,2,4
8659,spotify_0095.png,4,4
8660,spotify_0097.png,3,3
8661,spotify_0097.png,3,3
8662,spotify_0097.png,4,3
8663,spotify_0097.png,2,3
8664,spotify_0097.png,3,3
8665,spotify_0098.png,3,0
8666,spotify_0098.png,0,0
8667,spotify_0098.png,4,0
8668,spotify_0098.png,3,0
8669,spotify_0098.png,1,0
8670,netflix_0001.png,4,3
8671,netflix_0001.png,1,3
8672,netflix_0001.png,3,3
8673,netflix_0001.png,4,3
8674,netflix_0001.png,2,3
8675,netflix_0001.png,1,3
8676,netflix_0001.png,1,3
8677,netflix_0001.png,1,3
8678,netflix_0001.png,2,3
8679,netflix_0001.png,2,3
8680,netflix_0002.png,4,4
8681,netflix_0002.png,1,4
8682,netflix_0002.png,1,4
8683,netflix_0002.png,0,4
8684,netflix_0002.png,1,4
8685,netflix_0003.png,4,1
8686,netflix_0003.png,4,1
8687,netflix_0003.png,4,1
8688,netflix_0003.png,2,1
8689,netflix_0003.png,2,1
8690,netflix_0004.png,4,4
8691,netflix_0004.png,4,4
8692,netflix_0004.png,4,4
8693,netflix_0004.png,3,4
8694,netflix_0004.png,3,4
8695,netflix_0004.png,1,4
8696,netflix_0004.png,2,4
8697,netflix_0004.png,1,4
8698,netflix_0004.png,1,4
8699,netflix_0004.png,1,4
8700,netflix_0005.png,4,0
8701,netflix_0005.png,4,0
8702,netflix_0005.png,4,0
8703,netflix_0005.png,3,0
8704,netflix_0006.png,3,4
8705,netflix_0006.png,0,4
8706,netflix_0006.png,0,4
8707,netflix_0006.png,1,4
8708,netflix_0006.png,1,4
8709,netflix_0007.png,4,2
8710,netflix_0007.png,4,2
8711,netflix_0007.png,1,2
8712,netflix_0007.png,3,2
8713,netflix_0007.png,4,2
8714,netflix_0008.png,4,0
8715,netflix_0008.png,4,0
8716,netflix_0008.png,4,0
8717,netflix_0008.png,4,0
8718,netflix_0008.png,4,0
8719,netflix_0009.png,1,2
8720,netflix_0009.png,3,2
8721,netflix_0009.png,1,2
8722,netflix_0009.png,4,2
8723,netflix_0009.png,1,2
8724,netflix_0012.png,1,0
8725,netflix_0012.png,1,0
8726,netflix_0012.png,0,0
8727,netflix_0013.png,4,4
8728,netflix_0014.png,4,0
8729,netflix_0014.png,4,0
8730,netflix_0014.png,2,0
8731,netflix_0014.png,0,0
8732,netflix_0014.png,0,0
8733,netflix_0014.png,0,0
8734,netflix_0014.png,0,0
8735,netflix_0014.png,0,0
8736,netflix_0014.png,4,0
8737,netflix_0014.png,3,0
8738,netflix_0014.png,4,0
8739,netflix_0014.png,2,0
8740,netflix_0014.png,2,0
8741,netflix_0014.png,4,0
8742,netflix_0014.png,3,0
8743,netflix_0019.png,4,3
8744,netflix_0019.png,4,3
8745,netflix_0019.png,1,3
8746,netflix_0019.png,3,3
8747,netflix_0019.png,1,3
8748,netflix_0019.png,1,3
8749,netflix_0019.png,1,3
8750,netflix_0019.png,3,3
8751,netflix_0019.png,0,3
8752,netflix_0019.png,0,3
8753,netflix_0020.png,1,1
8754,netflix_0020.png,0,1
8755,netflix_0020.png,1,1
8756,netflix_0020.png,1,1
8757,netflix_0020.png,0,1
8758,netflix_0020.png,0,1
8759,netflix_0020.png,0,1
8760,netflix_0020.png,0,1
8761,netflix_0020.png,0,1
8762,netflix_0020.png,0,1
8763,netflix_0020.png,1,1
8764,netflix_0020.png,1,1
8765,netflix_0020.png,2,1
8766,netflix_0020.png,1,1
8767,netflix_0020.png,1,1
8768,netflix_0020.png,0,1
8769,netflix_0020.png,0,1
8770,netflix_0020.png,1,1
8771,netflix_0020.png,0,1
8772,netflix_0021.png,1,4
8773,netflix_0021.png,1,4
8774,netflix_0021.png,1,4
8775,netflix_0022.png,4,3
8776,netflix_0022.png,4,3
8777,netflix_0022.png,4,3
8778,netflix_0022.png,4,3
8779,netflix_0022.png,4,3
8780,netflix_0022.png,2,3
8781,netflix_0023.png,4,0
8782,netflix_0025.png,4,0
8783,netflix_0025.png,4,0
8784,netflix_0025.png,4,0
8785,netflix_0025.png,3,0
8786,netflix_0025.png,4,0
8787,netflix_0027.png,4,0
8788,netflix_0027.png,4,0
8789,netflix_0027.png,4,0
8790,netflix_0027.png,3,0
8791,netflix_0029.png,4,3
8792,netflix_0029.png,4,3
8793,netflix_0029.png,2,3
8794,netflix_0029.png,3,3
8795,netflix_0029.png,3,3
8796,netflix_0030.png,2,2
8797,netflix_0030.png,1,2
8798,netflix_0030.png,1,2
8799,netflix_0030.png,4,2
8800,netflix_0031.png,4,4
8801,netflix_0031.png,3,4
8802,netflix_0031.png,3,4
8803,netflix_0031.png,4,4
8804,netflix_0031.png,3,4
8805,netflix_0031.png,3,4
8806,netflix_0031.png,2,4
8807,netflix_0032.png,4,2
8808,netflix_0032.png,3,2
8809,netflix_0034.png,2,4
8810,netflix_0034.png,4,4
8811,netflix_0034.png,1,4
8812,netflix_0034.png,3,4
8813,netflix_0034.png,3,4
8814,netflix_0036.png,4,3
8815,netflix_0036.png,4,3
8816,netflix_0036.png,2,3
8817,netflix_0036.png,1,3
8818,netflix_0036.png,3,3
8819,netflix_0036.png,0,3
8820,netflix_0036.png,0,3
8821,netflix_0037.png,4,0
8822,netflix_0037.png,4,0
8823,netflix_0037.png,4,0
8824,netflix_0037.png,0,0
8825,netflix_0037.png,0,0
8826,netflix_0038.png,4,4
8827,netflix_0038.png,1,4
8828,netflix_0038.png,1,4
8829,netflix_0038.png,4,4
8830,netflix_0038.png,0,4
8831,netflix_0041.png,4,1
8832,netflix_0041.png,4,1
8833,netflix_0041.png,4,1
8834,netflix_0041.png,4,1
8835,netflix_0041.png,2,1
8836,netflix_0041.png,2,1
8837,netflix_0041.png,1,1
8838,netflix_0041.png,1,1
8839,netflix_0041.png,1,1
8840,netflix_0041.png,1,1
8841,netflix_0041.png,1,1
8842,netflix_0041.png,1,1
8843,netflix_0041.png,1,1
8844,netflix_0041.png,0,1
8845,netflix_0041.png,3,1
8846,netflix_0041.png,4,1
8847,netflix_0041.png,3,1
8848,netflix_0042.png,4,4
8849,netflix_0042.png,2,4
8850,netflix_0042.png,1,4
8851,netflix_0043.png,3,2
8852,netflix_0043.png,1,2
8853,netflix_0044.png,4,3
8854,netflix_0044.png,4,3
8855,netflix_0044.png,4,3
8856,netflix_0044.png,1,3
8857,netflix_0044.png,4,3
8858,netflix_0046.png,1,3
8859,netflix_0046.png,4,3
8860,netflix_0046.png,3,3
8861,netflix_0046.png,4,3
8862,netflix_0047.png,4,2
8863,netflix_0047.png,4,2
8864,netflix_0047.png,3,2
8865,netflix_0047.png,4,2
8866,netflix_0047.png,3,2
8867,netflix_0048.png,4,4
8868,netflix_0048.png,3,4
8869,netflix_0048.png,3,4
8870,netflix_0048.png,2,4
8871,netflix_0048.png,2,4
8872,netflix_0049.png,4,2
8873,netflix_0049.png,4,2
8874,netflix_0049.png,3,2
8875,netflix_0049.png,3,2
8876,netflix_0049.png,2,2
8877,netflix_0050.png,4,0
8878,netflix_0050.png,4,0
8879,netflix_0050.png,3,0
8880,netflix_0050.png,3,0
8881,netflix_0050.png,2,0
8882,netflix_0051.png,4,3
8883,netflix_0051.png,4,3
8884,netflix_0051.png,4,3
8885,netflix_0051.png,3,3
8886,netflix_0051.png,3,3
8887,netflix_0052.png,2,0
8888,netflix_0052.png,4,0
8889,netflix_0052.png,3,0
8890,netflix_0052.png,2,0
8891,netflix_0053.png,4,1
8892,netflix_0053.png,4,1
8893,netflix_0053.png,3,1
8894,netflix_0053.png,4,1
8895,netflix_0053.png,1,1
8896,netflix_0053.png,1,1
8897,netflix_0053.png,1,1
8898,netflix_0053.png,1,1
8899,netflix_0053.png,1,1
8900,netflix_0053.png,2,1
8901,netflix_0053.png,1,1
8902,netflix_0053.png,1,1
8903,netflix_0053.png,4,1
8904,netflix_0054.png,4,3
8905,netflix_0054.png,4,3
8906,netflix_0054.png,2,3
8907,netflix_0054.png,2,3
8908,netflix_0054.png,2,3
8909,netflix_0055.png,2,1
8910,netflix_0055.png,1,1
8911,netflix_0055.png,4,1
8912,netflix_0055.png,4,1
8913,netflix_0055.png,1,1
8914,netflix_0058.png,4,0
8915,netflix_0058.png,1,0
8916,netflix_0058.png,1,0
8917,netflix_0058.png,2,0
8918,netflix_0058.png,3,0
8919,netflix_0059.png,4,3
8920,netflix_0059.png,3,3
8921,netflix_0059.png,3,3
8922,netflix_0059.png,4,3
8923,netflix_0059.png,3,3
8924,netflix_0059.png,3,3
8925,netflix_0059.png,2,3
8926,netflix_0059.png,1,3
8927,netflix_0059.png,3,3
8928,netflix_0059.png,2,3
8929,netflix_0059.png,4,3
8930,netflix_0059.png,4,3
8931,netflix_0059.png,1,3
8932,netflix_0059.png,1,3
8933,netflix_0059.png,2,3
8934,netflix_0062.png,4,2
8935,netflix_0062.png,4,2
8936,netflix_0062.png,4,2
8937,netflix_0062.png,4,2
8938,netflix_0062.png,4,2
8939,netflix_0062.png,4,2
8940,netflix_0062.png,4,2
8941,netflix_0062.png,4,2
8942,netflix_0062.png,4,2
8943,netflix_0062.png,4,2
8944,netflix_0062.png,2,2
8945,netflix_0062.png,2,2
8946,netflix_0062.png,3,2
8947,netflix_0062.png,3,2
8948,netflix_0062.png,2,2
8949,netflix_0063.png,4,2
8950,netflix_0063.png,3,2
8951,netflix_0063.png,4,2
8952,netflix_0065.png,4,0
8953,netflix_0065.png,3,0
8954,netflix_0065.png,4,0
8955,netflix_0065.png,1,0
8956,netflix_0065.png,1,0
8957,netflix_0068.png,4,4
8958,netflix_0068.png,2,4
8959,netflix_0068.png,4,4
8960,netflix_0068.png,4,4
8961,netflix_0069.png,1,3
8962,netflix_0069.png,1,3
8963,netflix_0069.png,1,3
8964,netflix_0069.png,2,3
8965,netflix_0069.png,2,3
8966,netflix_0070.png,4,4
8967,netflix_0070.png,4,4
8968,netflix_0070.png,4,4
8969,netflix_0071.png,1,0
8970,netflix_0071.png,3,0
8971,netflix_0071.png,3,0
8972,netflix_0071.png,1,0
8973,netflix_0071.png,1,0
8974,netflix_0071.png,1,0
8975,netflix_0071.png,1,0
8976,netflix_0071.png,4,0
8977,netflix_0071.png,4,0
8978,netflix_0073.png,0,3
8979,netflix_0073.png,0,3
8980,netflix_0073.png,1,3
8981,netflix_0073.png,1,3
8982,netflix_0076.png,4,1
8983,netflix_0076.png,3,1
8984,netflix_0076.png,4,1
8985,netflix_0076.png,3,1
8986,netflix_0076.png,2,1
8987,netflix_0079.png,4,3
8988,netflix_0079.png,4,3
8989,netflix_0079.png,4,3
8990,netflix_0079.png,4,3
8991,netflix_0079.png,4,3
8992,netflix_0081.png,4,1
8993,netflix_0081.png,1,1
8994,netflix_0081.png,0,1
8995,netflix_0081.png,2,1
8996,netflix_0081.png,2,1
8997,netflix_0083.png,4,1
8998,netflix_0083.png,3,1
8999,netflix_0086.png,4,3
9000,netflix_0086.png,4,3
9001,netflix_0086.png,4,3
9002,netflix_0086.png,1,3
9003,netflix_0086.png,4,3
9004,netflix_0088.png,4,3
9005,netflix_0088.png,3,3
9006,netflix_0088.png,1,3
9007,netflix_0088.png,1,3
9008,netflix_0088.png,1,3
9009,netflix_0089.png,1,1
9010,netflix_0089.png,2,1
9011,netflix_0089.png,1,1
9012,netflix_0089.png,1,1
9013,netflix_0089.png,0,1
9014,netflix_0090.png,3,0
9015,netflix_0090.png,1,0
9016,netflix_0090.png,3,0
9017,netflix_0090.png,1,0
9018,netflix_0091.png,4,0
9019,netflix_0091.png,4,0
9020,netflix_0091.png,1,0
9021,netflix_0091.png,0,0
9022,netflix_0092.png,1,4
9023,netflix_0092.png,4,4
9024,netflix_0092.png,1,4
9025,netflix_0093.png,1,4
9026,netflix_0093.png,3,4
9027,netflix_0093.png,1,4
9028,netflix_0093.png,4,4
9029,netflix_0093.png,2,4
9030,netflix_0095.png,4,4
9031,netflix_0095.png,3,4
9032,netflix_0095.png,4,4
9033,netflix_0095.png,4,4
9034,netflix_0095.png,4,4
9035,netflix_0095.png,1,4
9036,netflix_0096.png,2,4
9037,netflix_0096.png,0,4
9038,netflix_0096.png,1,4
9039,netflix_0097.png,4,3
9040,netflix_0097.png,4,3
9041,netflix_0097.png,3,3
9042,netflix_0097.png,3,3
9043,netflix_0097.png,2,3
9044,netflix_0098.png,4,3
9045,netflix_0098.png,4,3
9046,netflix_0098.png,4,3
9047,netflix_0098.png,1,3
9048,netflix_0098.png,4,3
9049,netflix_0098.png,4,3
9050,netflix_0098.png,0,3
9051,netflix_0098.png,0,3
9052,netflix_0098.png,0,3
9053,netflix_0098.png,0,3
9054,netflix_0098.png,0,3
9055,netflix_0098.png,2,3
9056,netflix_0098.png,1,3
9057,netflix_0098.png,0,3
9058,netflix_0098.png,0,3
9059,netflix_0098.png,0,3
9060,netflix_0099.png,4,3
9061,netflix_0099.png,4,3
9062,apple_0001.png,1,1
9063,apple_0001.png,3,1
9064,apple_0001.png,1,1
9065,apple_0001.png,0,1
9066,apple_0001.png,1,1
9067,apple_0002.png,1,3
9068,apple_0002.png,1,3
9069,apple_0002.png,1,3
9070,apple_0002.png,2,3
9071,apple_0002.png,1,3
9072,apple_0003.png,0,2
9073,apple_0003.png,0,2
9074,apple_0003.png,0,2
9075,apple_0003.png,1,2
9076,apple_0003.png,0,2
9077,apple_0005.png,1,0
9078,apple_0005.png,3,0
9079,apple_0005.png,3,0
9080,apple_0005.png,3,0
9081,apple_0005.png,1,0
9082,apple_0005.png,4,0
9083,apple_0005.png,1,0
9084,apple_0005.png,0,0
9085,apple_0005.png,0,0
9086,apple_0005.png,0,0
9087,apple_0005.png,0,0
9088,apple_0005.png,0,0
9089,apple_0005.png,4,0
9090,apple_0005.png,4,0
9091,apple_0005.png,3,0
9092,apple_0005.png,2,0
9093,apple_0005.png,2,0
9094,apple_0005.png,4,0
9095,apple_0005.png,1,0
9096,apple_0005.png,1,0
9097,apple_0005.png,2,0
9098,apple_0005.png,4,0
9099,apple_0005.png,4,0
9100,apple_0010.png,4,3
9101,apple_0010.png,3,3
9102,apple_0010.png,2,3
9103,apple_0010.png,1,3
9104,apple_0010.png,1,3
9105,apple_0010.png,1,3
9106,apple_0010.png,0,3
9107,apple_0010.png,1,3
9108,apple_0010.png,1,3
9109,apple_0010.png,1,3
9110,apple_0010.png,1,3
9111,apple_0010.png,1,3
9112,apple_0010.png,0,3
9113,apple_0010.png,2,3
9114,apple_0010.png,2,3
9115,apple_0010.png,2,3
9116,apple_0010.png,2,3
9117,apple_0010.png,2,3
9118,apple_0012.png,4,1
9119,apple_0012.png,4,1
9120,apple_0012.png,4,1
9121,apple_0013.png,4,3
9122,apple_0013.png,4,3
9123,apple_0013.png,4,3
9124,apple_0013.png,4,3
9125,apple_0013.png,4,3
9126,apple_0013.png,4,3
9127,apple_0013.png,4,3
9128,apple_0013.png,4,3
9129,apple_0013.png,4,3
9130,apple_0013.png,4,3
9131,apple_0017.png,4,0
9132,apple_0017.png,3,0
9133,apple_0021.png,4,3
9134,apple_0021.png,4,3
9135,apple_0021.png,4,3
9136,apple_0021.png,2,3
9137,apple_0021.png,3,3
9138,apple_0023.png,4,2
9139,apple_0023.png,0,2
9140,apple_0023.png,0,2
9141,apple_0023.png,4,2
9142,apple_0024.png,4,3
9143,apple_0024.png,4,3
9144,apple_0024.png,4,3
9145,apple_0024.png,1,3
9146,apple_0024.png,2,3
9147,apple_0026.png,4,4
9148,apple_0026.png,4,4
9149,apple_0026.png,3,4
9150,apple_0026.png,4,4
9151,apple_0026.png,4,4
9152,apple_0026.png,4,4
9153,apple_0026.png,1,4
9154,apple_0027.png,4,2
9155,apple_0027.png,4,2
9156,apple_0027.png,0,2
9157,apple_0027.png,4,2
9158,apple_0027.png,4,2
9159,apple_0028.png,4,2
9160,apple_0028.png,4,2
9161,apple_0028.png,3,2
9162,apple_0028.png,4,2
9163,apple_0028.png,1,2
9164,apple_0033.png,4,1
9165,apple_0033.png,4,1
9166,apple_0033.png,4,1
9167,apple_0033.png,4,1
9168,apple_0033.png,4,1
9169,apple_0035.png,3,2
9170,apple_0035.png,4,2
9171,apple_0035.png,3,2
9172,apple_0035.png,4,2
9173,apple_0035.png,4,2
9174,apple_0037.png,4,0
9175,apple_0037.png,3,0
9176,apple_0037.png,4,0
9177,apple_0037.png,3,0
9178,apple_0037.png,1,0
9179,apple_0038.png,4,2
9180,apple_0038.png,4,2
9181,apple_0038.png,3,2
9182,apple_0038.png,1,2
9183,apple_0038.png,1,2
9184,apple_0040.png,4,4
9185,apple_0040.png,4,4
9186,apple_0040.png,4,4
9187,apple_0040.png,4,4
9188,apple_0041.png,4,4
9189,apple_0041.png,4,4
9190,apple_0041.png,4,4
9191,apple_0041.png,3,4
9192,apple_0041.png,4,4
9193,apple_0042.png,4,4
9194,apple_0042.png,3,4
9195,apple_0042.png,2,4
9196,apple_0042.png,0,4
9197,apple_0042.png,2,4
9198,apple_0044.png,1,0
9199,apple_0045.png,4,3
9200,apple_0045.png,3,3
9201,apple_0045.png,4,3
9202,apple_0045.png,4,3
9203,apple_0045.png,3,3
9204,apple_0046.png,4,1
9205,apple_0046.png,4,1
9206,apple_0046.png,1,1
9207,apple_0046.png,3,1
9208,apple_0047.png,4,4
9209,apple_0047.png,4,4
9210,apple_0047.png,3,4
9211,apple_0047.png,2,4
9212,apple_0047.png,3,4
9213,apple_0047.png,4,4
9214,apple_0048.png,4,2
9215,apple_0048.png,3,2
9216,apple_0048.png,1,2
9217,apple_0048.png,1,2
9218,apple_0048.png,1,2
9219,apple_0048.png,2,2
9220,apple_0048.png,2,2
9221,apple_0048.png,3,2
9222,apple_0048.png,1,2
9223,apple_0050.png,4,4
9224,apple_0050.png,4,4
9225,apple_0050.png,4,4
9226,apple_0050.png,2,4
9227,apple_0050.png,4,4
9228,apple_0051.png,4,3
9229,apple_0051.png,4,3
9230,apple_0051.png,4,3
9231,apple_0051.png,4,3
9232,apple_0052.png,4,4
9233,apple_0052.png,4,4
9234,apple_0052.png,4,4
9235,apple_0052.png,4,4
9236,apple_0052.png,4,4
9237,apple_0055.png,4,4
9238,apple_0055.png,3,4
9239,apple_0055.png,4,4
9240,apple_0055.png,4,4
9241,apple_0055.png,3,4
9242,apple_0057.png,4,0
9243,apple_0057.png,4,0
9244,apple_0057.png,3,0
9245,apple_0057.png,2,0
9246,apple_0059.png,4,0
9247,apple_0059.png,4,0
9248,apple_0059.png,3,0
9249,apple_0061.png,4,3
9250,apple_0061.png,4,3
9251,apple_0061.png,3,3
9252,apple_0061.png,4,3
9253,apple_0061.png,3,3
9254,apple_0064.png,4,3
9255,apple_0064.png,4,3
9256,apple_0065.png,4,1
9257,apple_0065.png,4,1
9258,apple_0065.png,3,1
9259,apple_0069.png,3,0
9260,apple_0069.png,4,0
9261,apple_0069.png,4,0
9262,apple_0069.png,4,0
9263,apple_0069.png,4,0
9264,apple_0069.png,4,0
9265,apple_0069.png,2,0
9266,apple_0069.png,1,0
9267,apple_0070.png,4,3
9268,apple_0070.png,4,3
9269,apple_0070.png,3,3
9270,apple_0070.png,1,3
9271,apple_0070.png,0,3
9272,apple_0072.png,4,0
9273,apple_0072.png,4,0
9274,apple_0072.png,4,0
9275,apple_0072.png,4,0
9276,apple_0072.png,3,0
9277,apple_0072.png,3,0
9278,apple_0074.png,4,1
9279,apple_0074.png,3,1
9280,apple_0074.png,4,1
9281,apple_0074.png,3,1
9282,apple_0074.png,1,1
9283,apple_0075.png,4,0
9284,apple_0075.png,4,0
9285,apple_0075.png,4,0
9286,apple_0075.png,4,0
9287,apple_0076.png,4,3
9288,apple_0076.png,4,3
9289,apple_0076.png,0,3
9290,apple_0076.png,3,3
9291,apple_0076.png,2,3
9292,apple_0076.png,1,3
9293,apple_0076.png,2,3
9294,apple_0076.png,2,3
9295,apple_0076.png,0,3
9296,apple_0076.png,4,3
9297,apple_0076.png,1,3
9298,apple_0076.png,3,3
9299,apple_0076.png,0,3
9300,apple_0076.png,0,3
9301,apple_0076.png,1,3
9302,apple_0076.png,0,3
9303,apple_0076.png,3,3
9304,apple_0076.png,0,3
9305,apple_0076.png,0,3
9306,apple_0080.png,4,2
9307,apple_0080.png,3,2
9308,apple_0080.png,2,2
9309,apple_0080.png,2,2
9310,apple_0080.png,1,2
9311,apple_0084.png,4,0
9312,apple_0084.png,3,0
9313,apple_0084.png,3,0
9314,apple_0084.png,2,0
9315,apple_0084.png,2,0
9316,apple_0088.png,4,3
9317,apple_0088.png,4,3
9318,apple_0088.png,0,3
9319,apple_0088.png,2,3
9320,apple_0088.png,3,3
9321,apple_0090.png,4,3
9322,apple_0090.png,4,3
9323,apple_0090.png,1,3
9324,apple_0091.png,4,3
9325,apple_0091.png,4,3
9326,apple_0091.png,1,3
9327,apple_0091.png,3,3
9328,apple_0091.png,1,3
9329,apple_0092.png,4,2
9330,apple_0093.png,1,1
9331,apple_0093.png,1,1
9332,apple_0093.png,4,1
9333,apple_0093.png,4,1
9334,apple_0093.png,4,1
9335,apple_0093.png,2,1
9336,apple_0093.png,1,1
9337,apple_0095.png,4,0
9338,apple_0095.png,4,0
9339,apple_0095.png,2,0
9340,apple_0096.png,4,2
9341,apple_0096.png,4,2
9342,apple_0096.png,4,2
9343,apple_0096.png,4,2
9344,apple_0097.png,4,4
9345,apple_0097.png,4,4
9346,apple_0098.png,4,4
9347,apple_0098.png,4,4
9348,apple_0098.png,1,4
9349,apple_0098.png,2,4
9350,apple_0098.png,3,4
9351,apple_0099.png,4,3
9352,apple_0099.png,4,3
9353,apple_0099.png,2,3
9354,apple_0099.png,3,3
9355,galaxy_0002.png,4,3
9356,galaxy_0002.png,4,3
9357,galaxy_0002.png,4,3
9358,galaxy_0002.png,0,3
9359,galaxy_0002.png,1,3
9360,galaxy_0003.png,1,0
9361,galaxy_0003.png,4,0
9362,galaxy_0003.png,3,0
9363,galaxy_0003.png,4,0
9364,galaxy_0003.png,4,0
9365,galaxy_0003.png,2,0
9366,galaxy_0003.png,1,0
9367,galaxy_0003.png,2,0
9368,galaxy_0003.png,4,0
9369,galaxy_0003.png,1,0
9370,galaxy_0003.png,1,0
9371,galaxy_0003.png,1,0
9372,galaxy_0003.png,1,0
9373,galaxy_0004.png,4,2
9374,galaxy_0006.png,4,1
9375,galaxy_0006.png,4,1
9376,galaxy_0006.png,4,1
9377,galaxy_0006.png,0,1
9378,galaxy_0006.png,1,1
9379,galaxy_0007.png,4,4
9380,galaxy_0007.png,1,4
9381,galaxy_0007.png,0,4
9382,galaxy_0007.png,1,4
9383,galaxy_0007.png,1,4
9384,galaxy_0007.png,4,4
9385,galaxy_0008.png,4,0
9386,galaxy_0008.png,1,0
9387,galaxy_0008.png,4,0
9388,galaxy_0008.png,2,0
9389,galaxy_0008.png,0,0
9390,galaxy_0010.png,1,0
9391,galaxy_0010.png,2,0
9392,galaxy_0010.png,3,0
9393,galaxy_0010.png,4,0
9394,galaxy_0010.png,0,0
9395,galaxy_0012.png,4,2
9396,galaxy_0012.png,4,2
9397,galaxy_0012.png,3,2
9398,galaxy_0012.png,1,2
9399,galaxy_0012.png,1,2
9400,galaxy_0013.png,4,3
9401,galaxy_0013.png,4,3
9402,galaxy_0013.png,1,3
9403,galaxy_0013.png,3,3
9404,galaxy_0013.png,2,3
9405,galaxy_0014.png,4,2
9406,galaxy_0014.png,3,2
9407,galaxy_0014.png,0,2
9408,galaxy_0014.png,0,2
9409,galaxy_0014.png,1,2
9410,galaxy_0015.png,4,2
9411,galaxy_0015.png,4,2
9412,galaxy_0015.png,3,2
9413,galaxy_0016.png,4,1
9414,galaxy_0016.png,4,1
9415,galaxy_0016.png,2,1
9416,galaxy_0016.png,1,1
9417,galaxy_0017.png,4,0
9418,galaxy_0017.png,2,0
9419,galaxy_0017.png,4,0
9420,galaxy_0017.png,1,0
9421,galaxy_0017.png,1,0
9422,galaxy_0017.png,4,0
9423,galaxy_0017.png,2,0
9424,galaxy_0018.png,1,4
9425,galaxy_0018.png,1,4
9426,galaxy_0018.png,1,4
9427,galaxy_0020.png,1,2
9428,galaxy_0020.png,1,2
9429,galaxy_0020.png,4,2
9430,galaxy_0020.png,1,2
9431,galaxy_0022.png,4,2
9432,galaxy_0022.png,0,2
9433,galaxy_0022.png,4,2
9434,galaxy_0022.png,0,2
9435,galaxy_0022.png,3,2
9436,galaxy_0022.png,4,2
9437,galaxy_0022.png,4,2
9438,galaxy_0022.png,1,2
9439,galaxy_0022.png,0,2
9440,galaxy_0022.png,0,2
9441,galaxy_0022.png,0,2
9442,galaxy_0022.png,2,2
9443,galaxy_0022.png,1,2
9444,galaxy_0022.png,1,2
9445,galaxy_0022.png,0,2
9446,galaxy_0022.png,0,2
9447,galaxy_0023.png,4,4
9448,galaxy_0023.png,1,4
9449,galaxy_0023.png,1,4
9450,galaxy_0023.png,2,4
9451,galaxy_0023.png,2,4
9452,galaxy_0025.png,1,4
9453,galaxy_0025.png,1,4
9454,galaxy_0025.png,4,4
9455,galaxy_0025.png,4,4
9456,galaxy_0025.png,2,4
9457,galaxy_0026.png,3,0
9458,galaxy_0026.png,4,0
9459,galaxy_0026.png,4,0
9460,galaxy_0026.png,4,0
9461,galaxy_0026.png,3,0
9462,galaxy_0026.png,3,0
9463,galaxy_0026.png,4,0
9464,galaxy_0026.png,4,0
9465,galaxy_0026.png,4,0
9466,galaxy_0026.png,2,0
9467,galaxy_0026.png,2,0
9468,galaxy_0026.png,2,0
9469,galaxy_0026.png,1,0
9470,galaxy_0026.png,1,0
9471,galaxy_0026.png,1,0
9472,galaxy_0026.png,1,0
9473,galaxy_0026.png,1,0
9474,galaxy_0026.png,1,0
9475,galaxy_0026.png,1,0
9476,galaxy_0027.png,1,1
9477,galaxy_0027.png,4,1
9478,galaxy_0027.png,3,1
9479,galaxy_0027.png,4,1
9480,galaxy_0027.png,2,1
9481,galaxy_0027.png,1,1
9482,galaxy_0027.png,1,1
9483,galaxy_0027.png,1,1
9484,galaxy_0027.png,3,1
9485,galaxy_0027.png,2,1
9486,galaxy_0027.png,4,1
9487,galaxy_0028.png,0,4
9488,galaxy_0028.png,2,4
9489,galaxy_0028.png,4,4
9490,galaxy_0028.png,3,4
9491,galaxy_0028.png,1,4
9492,galaxy_0029.png,4,2
9493,galaxy_0029.png,4,2
9494,galaxy_0029.png,3,2
9495,galaxy_0029.png,0,2
9496,galaxy_0029.png,1,2
9497,galaxy_0030.png,4,3
9498,galaxy_0030.png,3,3
9499,galaxy_0030.png,4,3
9500,galaxy_0030.png,4,3
9501,galaxy_0030.png,4,3
9502,galaxy_0030.png,0,3
9503,galaxy_0031.png,0,1
9504,galaxy_0031.png,1,1
9505,galaxy_0031.png,1,1
9506,galaxy_0031.png,4,1
9507,galaxy_0031.png,2,1
9508,galaxy_0031.png,2,1
9509,galaxy_0031.png,4,1
9510,galaxy_0031.png,4,1
9511,galaxy_0031.png,4,1
9512,galaxy_0031.png,4,1
9513,galaxy_0031.png,3,1
9514,galaxy_0031.png,4,1
9515,galaxy_0031.png,2,1
9516,galaxy_0031.png,2,1
9517,galaxy_0031.png,2,1
9518,galaxy_0031.png,0,1
9519,galaxy_0031.png,0,1
9520,galaxy_0031.png,3,1
9521,galaxy_0032.png,3,1
9522,galaxy_0032.png,1,1
9523,galaxy_0032.png,4,1
9524,galaxy_0032.png,4,1
9525,galaxy_0033.png,4,1
9526,galaxy_0033.png,4,1
9527,galaxy_0033.png,3,1
9528,galaxy_0033.png,4,1
9529,galaxy_0033.png,4,1
9530,galaxy_0034.png,4,1
9531,galaxy_0034.png,4,1
9532,galaxy_0035.png,4,4
9533,galaxy_0035.png,3,4
9534,galaxy_0036.png,0,1
9535,galaxy_0036.png,1,1
9536,galaxy_0036.png,1,1
9537,galaxy_0036.png,0,1
9538,galaxy_0036.png,0,1
9539,galaxy_0036.png,1,1
9540,galaxy_0039.png,4,4
9541,galaxy_0039.png,4,4
9542,galaxy_0039.png,4,4
9543,galaxy_0039.png,3,4
9544,galaxy_0039.png,4,4
9545,galaxy_0040.png,0,2
9546,galaxy_0041.png,4,0
9547,galaxy_0041.png,4,0
9548,galaxy_0041.png,4,0
9549,galaxy_0041.png,1,0
9550,galaxy_0043.png,4,0
9551,galaxy_0043.png,4,0
9552,galaxy_0043.png,4,0
9553,galaxy_0043.png,3,0
9554,galaxy_0043.png,2,0
9555,galaxy_0044.png,0,2
9556,galaxy_0044.png,4,2
9557,galaxy_0044.png,3,2
9558,galaxy_0044.png,3,2
9559,galaxy_0044.png,2,2
9560,galaxy_0044.png,4,2
9561,galaxy_0048.png,4,0
9562,galaxy_0048.png,4,0
9563,galaxy_0048.png,4,0
9564,galaxy_0048.png,3,0
9565,galaxy_0048.png,2,0
9566,galaxy_0050.png,4,0
9567,galaxy_0050.png,4,0
9568,galaxy_0050.png,3,0
9569,galaxy_0050.png,1,0
9570,galaxy_0050.png,2,0
9571,galaxy_0050.png,3,0
9572,galaxy_0051.png,1,3
9573,galaxy_0051.png,3,3
9574,galaxy_0051.png,1,3
9575,galaxy_0051.png,1,3
9576,galaxy_0053.png,0,0
9577,galaxy_0054.png,1,0
9578,galaxy_0054.png,1,0
9579,galaxy_0054.png,1,0
9580,galaxy_0054.png,2,0
9581,galaxy_0054.png,2,0
9582,galaxy_0057.png,4,0
9583,galaxy_0057.png,2,0
9584,galaxy_0057.png,3,0
9585,galaxy_0057.png,2,0
9586,galaxy_0057.png,2,0
9587,galaxy_0059.png,1,3
9588,galaxy_0059.png,4,3
9589,galaxy_0059.png,3,3
9590,galaxy_0059.png,4,3
9591,galaxy_0059.png,2,3
9592,galaxy_0060.png,2,2
9593,galaxy_0060.png,1,2
9594,galaxy_0060.png,4,2
9595,galaxy_0060.png,3,2
9596,galaxy_0061.png,2,4
9597,galaxy_0061.png,3,4
9598,galaxy_0061.png,4,4
9599,galaxy_0061.png,1,4
9600,galaxy_0061.png,3,4
9601,galaxy_0063.png,4,4
9602,galaxy_0063.png,4,4
9603,galaxy_0063.png,4,4
9604,galaxy_0063.png,4,4
9605,galaxy_0063.png,3,4
9606,galaxy_0063.png,1,4
9607,galaxy_0063.png,1,4
9608,galaxy_0063.png,0,4
9609,galaxy_0063.png,4,4
9610,galaxy_0063.png,3,4
9611,galaxy_0063.png,3,4
9612,galaxy_0064.png,4,0
9613,galaxy_0064.png,4,0
9614,galaxy_0064.png,3,0
9615,galaxy_0064.png,4,0
9616,galaxy_0064.png,4,0
9617,galaxy_0065.png,1,0
9618,galaxy_0065.png,1,0
9619,galaxy_0065.png,2,0
9620,galaxy_0066.png,1,3
9621,galaxy_0066.png,4,3
9622,galaxy_0066.png,1,3
9623,galaxy_0066.png,3,3
9624,galaxy_0066.png,4,3
9625,galaxy_0067.png,3,1
9626,galaxy_0067.png,1,1
9627,galaxy_0067.png,4,1
9628,galaxy_0067.png,4,1
9629,galaxy_0068.png,2,3
9630,galaxy_0068.png,4,3
9631,galaxy_0068.png,4,3
9632,galaxy_0068.png,2,3
9633,galaxy_0069.png,1,3
9634,galaxy_0069.png,4,3
9635,galaxy_0069.png,2,3
9636,galaxy_0069.png,3,3
9637,galaxy_0070.png,4,4
9638,galaxy_0070.png,4,4
9639,galaxy_0070.png,3,4
9640,galaxy_0070.png,3,4
9641,galaxy_0071.png,4,2
9642,galaxy_0071.png,1,2
9643,galaxy_0071.png,2,2
9644,galaxy_0073.png,4,4
9645,galaxy_0073.png,4,4
9646,galaxy_0073.png,4,4
9647,galaxy_0073.png,4,4
9648,galaxy_0073.png,4,4
9649,galaxy_0073.png,4,4
9650,galaxy_0073.png,1,4
9651,galaxy_0073.png,1,4
9652,galaxy_0073.png,0,4
9653,galaxy_0074.png,3,0
9654,galaxy_0074.png,3,0
9655,galaxy_0074.png,1,0
9656,galaxy_0074.png,3,0
9657,galaxy_0074.png,1,0
9658,galaxy_0074.png,1,0
9659,galaxy_0075.png,4,2
9660,galaxy_0075.png,4,2
9661,galaxy_0075.png,2,2
9662,galaxy_0077.png,0,4
9663,galaxy_0077.png,3,4
9664,galaxy_0077.png,4,4
9665,galaxy_0077.png,4,4
9666,galaxy_0077.png,1,4
9667,galaxy_0078.png,2,4
9668,galaxy_0078.png,3,4
9669,galaxy_0078.png,1,4
9670,galaxy_0078.png,0,4
9671,galaxy_0078.png,4,4
9672,galaxy_0078.png,2,4
9673,galaxy_0078.png,2,4
9674,galaxy_0078.png,0,4
9675,galaxy_0079.png,3,1
9676,galaxy_0079.png,4,1
9677,galaxy_0079.png,1,1
9678,galaxy_0079.png,4,1
9679,galaxy_0080.png,4,3
9680,galaxy_0080.png,1,3
9681,galaxy_0080.png,3,3
9682,galaxy_0080.png,4,3
9683,galaxy_0081.png,4,4
9684,galaxy_0081.png,4,4
9685,galaxy_0081.png,4,4
9686,galaxy_0081.png,4,4
9687,galaxy_0081.png,4,4
9688,galaxy_0081.png,1,4
9689,galaxy_0081.png,1,4
9690,galaxy_0081.png,1,4
9691,galaxy_0081.png,4,4
9692,galaxy_0081.png,2,4
9693,galaxy_0081.png,3,4
9694,galaxy_0082.png,4,1
9695,galaxy_0083.png,3,4
9696,galaxy_0083.png,1,4
9697,galaxy_0083.png,4,4
9698,galaxy_0083.png,4,4
9699,galaxy_0084.png,1,0
9700,galaxy_0084.png,4,0
9701,galaxy_0084.png,4,0
9702,galaxy_0084.png,4,0
9703,galaxy_0084.png,4,0
9704,galaxy_0084.png,2,0
9705,galaxy_0084.png,1,0
9706,galaxy_0084.png,1,0
9707,galaxy_0084.png,0,0
9708,galaxy_0084.png,1,0
9709,galaxy_0084.png,1,0
9710,galaxy_0084.png,1,0
9711,galaxy_0084.png,2,0
9712,galaxy_0086.png,4,3
9713,galaxy_0086.png,4,3
9714,galaxy_0086.png,4,3
9715,galaxy_0086.png,4,3
9716,galaxy_0086.png,1,3
9717,galaxy_0087.png,3,0
9718,galaxy_0087.png,4,0
9719,galaxy_0087.png,2,0
9720,galaxy_0087.png,3,0
9721,galaxy_0087.png,2,0
9722,galaxy_0088.png,4,3
9723,galaxy_0088.png,3,3
9724,galaxy_0088.png,1,3
9725,galaxy_0088.png,2,3
9726,galaxy_0088.png,4,3
9727,galaxy_0089.png,3,3
9728,galaxy_0089.png,4,3
9729,galaxy_0089.png,4,3
9730,galaxy_0089.png,1,3
9731,galaxy_0089.png,4,3
9732,galaxy_0089.png,2,3
9733,galaxy_0089.png,4,3
9734,galaxy_0089.png,4,3
9735,galaxy_0089.png,4,3
9736,galaxy_0089.png,1,3
9737,galaxy_0090.png,0,0
9738,galaxy_0090.png,1,0
9739,galaxy_0090.png,1,0
9740,galaxy_0090.png,1,0
9741,galaxy_0090.png,4,0
9742,galaxy_0090.png,2,0
9743,galaxy_0090.png,1,0
9744,galaxy_0090.png,2,0
9745,galaxy_0091.png,4,3
9746,galaxy_0091.png,4,3
9747,galaxy_0091.png,4,3
9748,galaxy_0091.png,4,3
9749,galaxy_0091.png,3,3
9750,galaxy_0091.png,4,3
9751,galaxy_0091.png,4,3
9752,galaxy_0091.png,4,3
9753,galaxy_0091.png,3,3
9754,galaxy_0091.png,3,3
9755,galaxy_0091.png,3,3
9756,galaxy_0091.png,3,3
9757,galaxy_0091.png,3,3
9758,galaxy_0091.png,1,3
9759,galaxy_0092.png,4,0
9760,galaxy_0092.png,3,0
9761,galaxy_0093.png,3,3
9762,galaxy_0093.png,2,3
9763,galaxy_0093.png,4,3
9764,galaxy_0093.png,3,3
9765,galaxy_0093.png,2,3
9766,galaxy_0096.png,2,2
9767,galaxy_0096.png,1,2
9768,galaxy_0096.png,0,2
9769,galaxy_0096.png,2,2
9770,galaxy_0096.png,1,2
9771,galaxy_0097.png,4,3
9772,galaxy_0097.png,4,3
9773,galaxy_0097.png,3,3
9774,galaxy_0097.png,1,3
9775,galaxy_0098.png,4,3
9776,galaxy_0098.png,4,3
9777,galaxy_0098.png,2,3
9778,galaxy_0098.png,2,3
9779,iphone16_0001.png,4,4
9780,iphone16_0001.png,3,4
9781,iphone16_0001.png,3,4
9782,iphone16_0001.png,1,4
9783,iphone16_0001.png,2,4
9784,iphone16_0001.png,3,4
9785,iphone16_0001.png,0,4
9786,iphone16_0001.png,0,4
9787,iphone16_0001.png,0,4
9788,iphone16_0001.png,0,4
9789,iphone16_0001.png,1,4
9790,iphone16_0001.png,0,4
9791,iphone16_0001.png,0,4
9792,iphone16_0001.png,0,4
9793,iphone16_0001.png,0,4
9794,iphone16_0001.png,0,4
9795,iphone16_0001.png,0,4
9796,iphone16_0001.png,0,4
9797,iphone16_0001.png,0,4
9798,iphone16_0001.png,0,4
9799,iphone16_0001.png,0,4
9800,iphone16_0001.png,1,4
9801,iphone16_0001.png,1,4
9802,iphone16_0001.png,2,4
9803,iphone16_0001.png,2,4
9804,iphone16_0001.png,2,4
9805,iphone16_0001.png,2,4
9806,iphone16_0001.png,1,4
9807,iphone16_0002.png,1,4
9808,iphone16_0002.png,4,4
9809,iphone16_0002.png,3,4
9810,iphone16_0002.png,2,4
9811,iphone16_0002.png,2,4
9812,iphone16_0003.png,0,0
9813,iphone16_0003.png,2,0
9814,iphone16_0003.png,2,0
9815,iphone16_0003.png,4,0
9816,iphone16_0003.png,4,0
9817,iphone16_0005.png,4,3
9818,iphone16_0005.png,4,3
9819,iphone16_0005.png,3,3
9820,iphone16_0005.png,4,3
9821,iphone16_0005.png,4,3
9822,iphone16_0005.png,3,3
9823,iphone16_0005.png,3,3
9824,iphone16_0005.png,4,3
9825,iphone16_0005.png,3,3
9826,iphone16_0005.png,3,3
9827,iphone16_0005.png,3,3
9828,iphone16_0005.png,4,3
9829,iphone16_0005.png,0,3
9830,iphone16_0005.png,4,3
9831,iphone16_0005.png,0,3
9832,iphone16_0005.png,0,3
9833,iphone16_0005.png,0,3
9834,iphone16_0005.png,0,3
9835,iphone16_0006.png,4,0
9836,iphone16_0006.png,4,0
9837,iphone16_0006.png,4,0
9838,iphone16_0006.png,3,0
9839,iphone16_0007.png,1,0
9840,iphone16_0007.png,1,0
9841,iphone16_0007.png,4,0
9842,iphone16_0007.png,0,0
9843,iphone16_0007.png,0,0
9844,iphone16_0008.png,4,2
9845,iphone16_0008.png,4,2
9846,iphone16_0008.png,3,2
9847,iphone16_0008.png,3,2
9848,iphone16_0008.png,2,2
9849,iphone16_0010.png,4,4
9850,iphone16_0010.png,0,4
9851,iphone16_0010.png,0,4
9852,iphone16_0011.png,3,2
9853,iphone16_0011.png,4,2
9854,iphone16_0011.png,4,2
9855,iphone16_0011.png,4,2
9856,iphone16_0011.png,2,2
9857,iphone16_0011.png,1,2
9858,iphone16_0011.png,1,2
9859,iphone16_0011.png,1,2
9860,iphone16_0011.png,0,2
9861,iphone16_0011.png,2,2
9862,iphone16_0013.png,4,3
9863,iphone16_0013.png,1,3
9864,iphone16_0013.png,4,3
9865,iphone16_0013.png,2,3
9866,iphone16_0013.png,0,3
9867,iphone16_0013.png,2,3
9868,iphone16_0014.png,0,4
9869,iphone16_0014.png,4,4
9870,iphone16_0014.png,2,4
9871,iphone16_0014.png,4,4
9872,iphone16_0015.png,4,3
9873,iphone16_0015.png,3,3
9874,iphone16_0015.png,0,3
9875,iphone16_0015.png,4,3
9876,iphone16_0016.png,4,4
9877,iphone16_0016.png,4,4
9878,iphone16_0016.png,1,4
9879,iphone16_0016.png,1,4
9880,iphone16_0016.png,3,4
9881,iphone16_0017.png,4,4
9882,iphone16_0017.png,4,4
9883,iphone16_0019.png,1,1
9884,iphone16_0020.png,1,4
9885,iphone16_0020.png,0,4
9886,iphone16_0020.png,1,4
9887,iphone16_0020.png,2,4
9888,iphone16_0020.png,2,4
9889,iphone16_0022.png,4,4
9890,iphone16_0022.png,1,4
9891,iphone16_0022.png,1,4
9892,iphone16_0022.png,0,4
9893,iphone16_0022.png,3,4
9894,iphone16_0023.png,3,1
9895,iphone16_0024.png,1,3
9896,iphone16_0024.png,1,3
9897,iphone16_0024.png,1,3
9898,iphone16_0024.png,3,3
9899,iphone16_0024.png,4,3
9900,iphone16_0026.png,1,0
9901,iphone16_0026.png,4,0
9902,iphone16_0026.png,2,0
9903,iphone16_0026.png,2,0
9904,iphone16_0026.png,4,0
9905,iphone16_0028.png,4,1
9906,iphone16_0028.png,4,1
9907,iphone16_0028.png,4,1
9908,iphone16_0028.png,4,1
9909,iphone16_0030.png,4,3
9910,iphone16_0030.png,1,3
9911,iphone16_0032.png,3,4
9912,iphone16_0032.png,4,4
9913,iphone16_0032.png,3,4
9914,iphone16_0032.png,4,4
9915,iphone16_0032.png,4,4
9916,iphone16_0032.png,4,4
9917,iphone16_0032.png,4,4
9918,iphone16_0032.png,3,4
9919,iphone16_0033.png,4,2
9920,iphone16_0033.png,3,2
9921,iphone16_0034.png,1,2
9922,iphone16_0034.png,0,2
9923,iphone16_0034.png,4,2
9924,iphone16_0034.png,0,2
9925,iphone16_0035.png,4,3
9926,iphone16_0035.png,4,3
9927,iphone16_0035.png,4,3
9928,iphone16_0036.png,4,3
9929,iphone16_0036.png,4,3
9930,iphone16_0036.png,3,3
9931,iphone16_0036.png,4,3
9932,iphone16_0037.png,4,1
9933,iphone16_0038.png,3,2
9934,iphone16_0038.png,4,2
9935,iphone16_0038.png,1,2
9936,iphone16_0038.png,0,2
9937,iphone16_0038.png,2,2
9938,iphone16_0039.png,0,4
9939,iphone16_0041.png,0,1
9940,iphone16_0041.png,0,1
9941,iphone16_0041.png,1,1
9942,iphone16_0041.png,1,1
9943,iphone16_0041.png,1,1
9944,iphone16_0041.png,1,1
9945,iphone16_0041.png,1,1
9946,iphone16_0041.png,1,1
9947,iphone16_0041.png,0,1
9948,iphone16_0041.png,1,1
9949,iphone16_0042.png,4,1
9950,iphone16_0042.png,4,1
9951,iphone16_0042.png,1,1
9952,iphone16_0042.png,1,1
9953,iphone16_0042.png,3,1
9954,iphone16_0042.png,4,1
9955,iphone16_0043.png,0,0
9956,iphone16_0043.png,0,0
9957,iphone16_0043.png,0,0
9958,iphone16_0043.png,1,0
9959,iphone16_0043.png,0,0
9960,iphone16_0046.png,3,2
9961,iphone16_0046.png,4,2
9962,iphone16_0046.png,2,2
9963,iphone16_0046.png,1,2
9964,iphone16_0047.png,4,0
9965,iphone16_0047.png,4,0
9966,iphone16_0047.png,3,0
9967,iphone16_0047.png,2,0
9968,iphone16_0047.png,3,0
9969,iphone16_0047.png,2,0
9970,iphone16_0047.png,2,0
9971,iphone16_0047.png,3,0
9972,iphone16_0047.png,4,0
9973,iphone16_0048.png,4,4
9974,iphone16_0048.png,4,4
9975,iphone16_0048.png,0,4
9976,iphone16_0048.png,1,4
9977,iphone16_0048.png,2,4
9978,iphone16_0049.png,4,3
9979,iphone16_0049.png,4,3
9980,iphone16_0049.png,4,3
9981,iphone16_0049.png,3,3
9982,iphone16_0049.png,3,3
9983,iphone16_0051.png,1,4
9984,iphone16_0051.png,4,4
9985,iphone16_0051.png,2,4
9986,iphone16_0051.png,2,4
9987,iphone16_0051.png,0,4
9988,iphone16_0052.png,4,4
9989,iphone16_0052.png,1,4
9990,iphone16_0052.png,1,4
9991,iphone16_0052.png,0,4
9992,iphone16_0052.png,3,4
9993,iphone16_0053.png,4,1
9994,iphone16_0053.png,2,1
9995,iphone16_0053.png,3,1
9996,iphone16_0053.png,4,1
9997,iphone16_0053.png,2,1
9998,iphone16_0054.png,1,4
9999,iphone16_0054.png,4,4
10000,iphone16_0054.png,4,4
10001,iphone16_0054.png,2,4
10002,iphone16_0056.png,4,3
10003,iphone16_0056.png,4,3
10004,iphone16_0056.png,1,3
10005,iphone16_0056.png,2,3
10006,iphone16_0056.png,3,3
10007,iphone16_0057.png,4,0
10008,iphone16_0057.png,0,0
10009,iphone16_0057.png,0,0
10010,iphone16_0057.png,0,0
10011,iphone16_0057.png,0,0
10012,iphone16_0057.png,4,0
10013,iphone16_0057.png,4,0
10014,iphone16_0057.png,4,0
10015,iphone16_0057.png,2,0
10016,iphone16_0057.png,4,0
10017,iphone16_0057.png,1,0
10018,iphone16_0057.png,4,0
10019,iphone16_0058.png,4,2
10020,iphone16_0058.png,4,2
10021,iphone16_0058.png,3,2
10022,iphone16_0058.png,4,2
10023,iphone16_0058.png,4,2
10024,iphone16_0058.png,4,2
10025,iphone16_0058.png,4,2
10026,iphone16_0058.png,4,2
10027,iphone16_0058.png,3,2
10028,iphone16_0059.png,0,0
10029,iphone16_0059.png,4,0
10030,iphone16_0059.png,3,0
10031,iphone16_0059.png,1,0
10032,iphone16_0059.png,0,0
10033,iphone16_0060.png,1,1
10034,iphone16_0060.png,0,1
10035,iphone16_0060.png,3,1
10036,iphone16_0060.png,0,1
10037,iphone16_0060.png,2,1
10038,iphone16_0062.png,4,2
10039,iphone16_0062.png,4,2
10040,iphone16_0062.png,1,2
10041,iphone16_0062.png,0,2
10042,iphone16_0062.png,3,2
10043,iphone16_0063.png,4,4
10044,iphone16_0063.png,4,4
10045,iphone16_0063.png,3,4
10046,iphone16_0063.png,1,4
10047,iphone16_0063.png,1,4
10048,iphone16_0064.png,4,3
10049,iphone16_0064.png,4,3
10050,iphone16_0064.png,3,3
10051,iphone16_0064.png,3,3
10052,iphone16_0064.png,1,3
10053,iphone16_0065.png,4,4
10054,iphone16_0065.png,4,4
10055,iphone16_0066.png,4,0
10056,iphone16_0066.png,4,0
10057,iphone16_0066.png,1,0
10058,iphone16_0066.png,2,0
10059,iphone16_0066.png,2,0
10060,iphone16_0067.png,0,0
10061,iphone16_0067.png,0,0
10062,iphone16_0067.png,0,0
10063,iphone16_0067.png,0,0
10064,iphone16_0067.png,4,0
10065,iphone16_0069.png,4,1
10066,iphone16_0069.png,4,1
10067,iphone16_0069.png,4,1
10068,iphone16_0069.png,4,1
10069,iphone16_0069.png,4,1
10070,iphone16_0071.png,4,2
10071,iphone16_0071.png,4,2
10072,iphone16_0071.png,1,2
10073,iphone16_0072.png,4,0
10074,iphone16_0072.png,1,0
10075,iphone16_0072.png,4,0
10076,iphone16_0072.png,0,0
10077,iphone16_0073.png,4,3
10078,iphone16_0073.png,3,3
10079,iphone16_0073.png,1,3
10080,iphone16_0073.png,0,3
10081,iphone16_0073.png,0,3
10082,iphone16_0073.png,3,3
10083,iphone16_0073.png,4,3
10084,iphone16_0073.png,2,3
10085,iphone16_0073.png,4,3
10086,iphone16_0073.png,0,3
10087,iphone16_0073.png,0,3
10088,iphone16_0073.png,4,3
10089,iphone16_0073.png,0,3
10090,iphone16_0073.png,4,3
10091,iphone16_0073.png,0,3
10092,iphone16_0073.png,0,3
10093,iphone16_0073.png,1,3
10094,iphone16_0073.png,0,3
10095,iphone16_0073.png,4,3
10096,iphone16_0073.png,0,3
10097,iphone16_0073.png,3,3
10098,iphone16_0073.png,0,3
10099,iphone16_0073.png,0,3
10100,iphone16_0073.png,4,3
10101,iphone16_0073.png,0,3
10102,iphone16_0073.png,0,3
10103,iphone16_0073.png,0,3
10104,iphone16_0073.png,0,3
10105,iphone16_0073.png,0,3
10106,iphone16_0075.png,1,2
10107,iphone16_0075.png,4,2
10108,iphone16_0075.png,4,2
10109,iphone16_0075.png,3,2
10110,iphone16_0075.png,1,2
10111,iphone16_0076.png,4,1
10112,iphone16_0076.png,4,1
10113,iphone16_0076.png,4,1
10114,iphone16_0076.png,1,1
10115,iphone16_0076.png,1,1
10116,iphone16_0077.png,4,3
10117,iphone16_0078.png,4,2
10118,iphone16_0078.png,4,2
10119,iphone16_0078.png,1,2
10120,iphone16_0078.png,3,2
10121,iphone16_0078.png,4,2
10122,iphone16_0078.png,1,2
10123,iphone16_0078.png,1,2
10124,iphone16_0078.png,3,2
10125,iphone16_0078.png,2,2
10126,iphone16_0079.png,1,4
10127,iphone16_0079.png,1,4
10128,iphone16_0079.png,4,4
10129,iphone16_0079.png,0,4
10130,iphone16_0079.png,0,4
10131,iphone16_0079.png,0,4
10132,iphone16_0079.png,0,4
10133,iphone16_0079.png,3,4
10134,iphone16_0079.png,1,4
10135,iphone16_0079.png,4,4
10136,iphone16_0079.png,4,4
10137,iphone16_0079.png,4,4
10138,iphone16_0079.png,3,4
10139,iphone16_0079.png,4,4
10140,iphone16_0079.png,4,4
10141,iphone16_0079.png,4,4
10142,iphone16_0079.png,4,4
10143,iphone16_0079.png,3,4
10144,iphone16_0079.png,4,4
10145,iphone16_0079.png,0,4
10146,iphone16_0079.png,0,4
10147,iphone16_0079.png,0,4
10148,iphone16_0079.png,2,4
10149,iphone16_0079.png,3,4
10150,iphone16_0079.png,0,4
10151,iphone16_0079.png,3,4
10152,iphone16_0080.png,3,3
10153,iphone16_0080.png,4,3
10154,iphone16_0080.png,3,3
10155,iphone16_0080.png,4,3
10156,iphone16_0080.png,2,3
10157,iphone16_0081.png,0,4
10158,iphone16_0081.png,2,4
10159,iphone16_0081.png,3,4
10160,iphone16_0081.png,4,4
10161,iphone16_0081.png,4,4
10162,iphone16_0083.png,4,3
10163,iphone16_0083.png,4,3
10164,iphone16_0083.png,2,3
10165,iphone16_0083.png,1,3
10166,iphone16_0083.png,0,3
10167,iphone16_0084.png,4,3
10168,iphone16_0084.png,3,3
10169,iphone16_0084.png,1,3
10170,iphone16_0084.png,1,3
10171,iphone16_0084.png,4,3
10172,iphone16_0085.png,0,2
10173,iphone16_0085.png,4,2
10174,iphone16_0085.png,0,2
10175,iphone16_0085.png,2,2
10176,iphone16_0085.png,0,2
10177,iphone16_0085.png,1,2
10178,iphone16_0085.png,2,2
10179,iphone16_0085.png,0,2
10180,iphone16_0085.png,0,2
10181,iphone16_0085.png,4,2
10182,iphone16_0086.png,3,4
10183,iphone16_0086.png,4,4
10184,iphone16_0086.png,3,4
10185,iphone16_0086.png,2,4
10186,iphone16_0086.png,2,4
10187,iphone16_0086.png,2,4
10188,iphone16_0086.png,1,4
10189,iphone16_0088.png,4,4
10190,iphone16_0088.png,4,4
10191,iphone16_0088.png,4,4
10192,iphone16_0088.png,3,4
10193,iphone16_0088.png,4,4
10194,iphone16_0089.png,4,3
10195,iphone16_0089.png,4,3
10196,iphone16_0089.png,4,3
10197,iphone16_0089.png,3,3
10198,iphone16_0089.png,4,3
10199,iphone16_0090.png,1,4
10200,iphone16_0090.png,4,4
10201,iphone16_0092.png,4,2
10202,iphone16_0092.png,3,2
10203,iphone16_0092.png,3,2
10204,iphone16_0092.png,4,2
10205,iphone16_0092.png,2,2
10206,iphone16_0092.png,3,2
10207,iphone16_0092.png,1,2
10208,iphone16_0092.png,1,2
10209,iphone16_0092.png,0,2
10210,iphone16_0092.png,1,2
10211,iphone16_0092.png,3,2
10212,iphone16_0092.png,2,2
10213,iphone16_0092.png,1,2
10214,iphone16_0092.png,0,2
10215,iphone16_0092.png,0,2
10216,iphone16_0092.png,0,2
10217,iphone16_0092.png,0,2
10218,iphone16_0092.png,0,2
10219,iphone16_0092.png,0,2
10220,iphone16_0092.png,0,2
10221,iphone16_0092.png,0,2
10222,iphone16_0092.png,1,2
10223,iphone16_0092.png,1,2
10224,iphone16_0092.png,3,2
10225,iphone16_0092.png,3,2
10226,iphone16_0092.png,2,2
10227,iphone16_0092.png,0,2
10228,iphone16_0092.png,3,2
10229,iphone16_0093.png,0,3
10230,iphone16_0093.png,1,3
10231,iphone16_0093.png,0,3
10232,iphone16_0093.png,4,3
10233,iphone16_0093.png,3,3
10234,iphone16_0094.png,4,0
10235,iphone16_0094.png,4,0
10236,iphone16_0094.png,4,0
10237,iphone16_0094.png,4,0
10238,iphone16_0094.png,2,0
10239,iphone16_0094.png,3,0
10240,iphone16_0094.png,2,0
10241,iphone16_0094.png,1,0
10242,iphone16_0096.png,4,1
10243,iphone16_0096.png,4,1
10244,iphone16_0096.png,3,1
10245,iphone16_0096.png,1,1
10246,iphone16_0096.png,1,1
10247,iphone16_0097.png,4,4
10248,iphone16_0097.png,4,4
10249,iphone16_0097.png,3,4
10250,iphone16_0097.png,4,4
10251,iphone16_0097.png,2,4
10252,iphone16_0098.png,4,4
10253,iphone16_0098.png,0,4
10254,iphone16_0098.png,3,4
10255,iphone16_0098.png,0,4
10256,iphone16_0098.png,4,4
10257,iphone16_0099.png,1,3
10258,iphone16_0099.png,0,3
10259,iphone16_0099.png,4,3
10260,iphone16_0099.png,3,3
10261,iphone16_0100.png,4,2
10262,iphone16_0100.png,4,2
10263,iphone16_0100.png,4,2
10264,iphone16_0100.png,3,2
10265,iphone16_0100.png,3,2
10266,iphone16_0100.png,3,2
10267,iphone16_0100.png,2,2
10268,iphone16_0100.png,4,2
10269,iphone16_0100.png,2,2
10270,iphone16_0100.png,1,2
10271,iphone16_0100.png,2,2
10272,healthstagram_0001.png,1,2
10273,healthstagram_0006.png,3,4
10274,healthstagram_0008.png,4,1
10275,healthstagram_0008.png,4,1
10276,healthstagram_0008.png,3,1
10277,healthstagram_0008.png,3,1
10278,healthstagram_0008.png,3,1
10279,healthstagram_0008.png,2,1
10280,healthstagram_0008.png,2,1
10281,healthstagram_0008.png,2,1
10282,healthstagram_0009.png,4,0
10283,healthstagram_0009.png,4,0
10284,healthstagram_0009.png,4,0
10285,healthstagram_0009.png,3,0
10286,healthstagram_0009.png,4,0
10287,healthstagram_0009.png,3,0
10288,healthstagram_0009.png,4,0
10289,healthstagram_0009.png,1,0
10290,healthstagram_0009.png,3,0
10291,healthstagram_0009.png,1,0
10292,healthstagram_0010.png,3,3
10293,healthstagram_0010.png,4,3
10294,healthstagram_0010.png,4,3
10295,healthstagram_0010.png,4,3
10296,healthstagram_0010.png,3,3
10297,healthstagram_0010.png,3,3
10298,healthstagram_0010.png,1,3
10299,healthstagram_0010.png,2,3
10300,healthstagram_0010.png,4,3
10301,healthstagram_0010.png,2,3
10302,healthstagram_0010.png,2,3
10303,healthstagram_0010.png,2,3
10304,healthstagram_0010.png,3,3
10305,healthstagram_0010.png,0,3
10306,healthstagram_0010.png,2,3
10307,healthstagram_0010.png,2,3
10308,healthstagram_0010.png,3,3
10309,healthstagram_0010.png,3,3
10310,healthstagram_0010.png,4,3
10311,healthstagram_0010.png,1,3
10312,healthstagram_0011.png,4,1
10313,healthstagram_0011.png,1,1
10314,healthstagram_0012.png,4,3
10315,healthstagram_0012.png,4,3
10316,healthstagram_0012.png,3,3
10317,healthstagram_0012.png,4,3
10318,healthstagram_0012.png,2,3
10319,healthstagram_0012.png,3,3
10320,healthstagram_0012.png,2,3
10321,healthstagram_0012.png,2,3
10322,healthstagram_0012.png,1,3
10323,healthstagram_0012.png,1,3
10324,healthstagram_0012.png,1,3
10325,healthstagram_0018.png,2,2
10326,healthstagram_0018.png,3,2
10327,healthstagram_0018.png,2,2
10328,healthstagram_0018.png,4,2
10329,healthstagram_0018.png,3,2
10330,healthstagram_0018.png,2,2
10331,healthstagram_0018.png,4,2
10332,healthstagram_0018.png,4,2
10333,healthstagram_0018.png,4,2
10334,healthstagram_0018.png,4,2
10335,healthstagram_0018.png,3,2
10336,healthstagram_0018.png,2,2
10337,healthstagram_0018.png,4,2
10338,healthstagram_0018.png,2,2
10339,healthstagram_0018.png,1,2
10340,healthstagram_0018.png,4,2
10341,healthstagram_0018.png,4,2
10342,healthstagram_0018.png,3,2
10343,healthstagram_0018.png,2,2
10344,healthstagram_0018.png,1,2
10345,healthstagram_0018.png,0,2
10346,healthstagram_0018.png,1,2
10347,healthstagram_0018.png,1,2
10348,healthstagram_0018.png,0,2
10349,healthstagram_0018.png,4,2
10350,healthstagram_0018.png,4,2
10351,healthstagram_0018.png,2,2
10352,healthstagram_0018.png,2,2
10353,healthstagram_0018.png,4,2
10354,healthstagram_0022.png,3,1
10355,healthstagram_0022.png,3,1
10356,healthstagram_0022.png,3,1
10357,healthstagram_0022.png,1,1
10358,healthstagram_0022.png,1,1
10359,healthstagram_0022.png,4,1
10360,healthstagram_0022.png,4,1
10361,healthstagram_0022.png,4,1
10362,healthstagram_0022.png,2,1
10363,healthstagram_0022.png,3,1
10364,healthstagram_0022.png,2,1
10365,healthstagram_0022.png,4,1
10366,healthstagram_0022.png,0,1
10367,healthstagram_0022.png,0,1
10368,healthstagram_0022.png,2,1
10369,healthstagram_0022.png,3,1
10370,healthstagram_0022.png,3,1
10371,healthstagram_0022.png,2,1
10372,healthstagram_0022.png,0,1
10373,healthstagram_0022.png,3,1
10374,healthstagram_0022.png,3,1
10375,healthstagram_0022.png,1,1
10376,healthstagram_0022.png,0,1
10377,healthstagram_0022.png,2,1
10378,healthstagram_0022.png,2,1
10379,healthstagram_0022.png,0,1
10380,healthstagram_0024.png,3,3
10381,healthstagram_0024.png,4,3
10382,healthstagram_0024.png,3,3
10383,healthstagram_0024.png,2,3
10384,healthstagram_0024.png,4,3
10385,healthstagram_0024.png,4,3
10386,healthstagram_0024.png,3,3
10387,healthstagram_0024.png,3,3
10388,healthstagram_0024.png,0,3
10389,healthstagram_0024.png,4,3
10390,healthstagram_0024.png,1,3
10391,healthstagram_0024.png,3,3
10392,healthstagram_0024.png,4,3
10393,healthstagram_0024.png,1,3
10394,healthstagram_0024.png,2,3
10395,healthstagram_0024.png,1,3
10396,healthstagram_0024.png,0,3
10397,healthstagram_0024.png,2,3
10398,healthstagram_0024.png,3,3
10399,healthstagram_0024.png,2,3
10400,healthstagram_0024.png,3,3
10401,healthstagram_0024.png,1,3
10402,healthstagram_0024.png,3,3
10403,healthstagram_0024.png,2,3
10404,healthstagram_0024.png,2,3
10405,healthstagram_0024.png,4,3
10406,healthstagram_0024.png,3,3
10407,healthstagram_0025.png,1,3
10408,healthstagram_0027.png,0,4
10409,healthstagram_0029.png,4,1
10410,healthstagram_0029.png,1,1
10411,healthstagram_0029.png,1,1
10412,healthstagram_0029.png,0,1
10413,healthstagram_0029.png,2,1
10414,healthstagram_0031.png,2,0
10415,healthstagram_0031.png,2,0
10416,healthstagram_0031.png,4,0
10417,healthstagram_0031.png,4,0
10418,healthstagram_0031.png,4,0
10419,healthstagram_0031.png,1,0
10420,healthstagram_0031.png,3,0
10421,healthstagram_0035.png,4,0
10422,healthstagram_0035.png,1,0
10423,healthstagram_0035.png,0,0
10424,healthstagram_0035.png,1,0
10425,healthstagram_0035.png,4,0
10426,healthstagram_0035.png,0,0
10427,healthstagram_0035.png,1,0
10428,healthstagram_0035.png,1,0
10429,healthstagram_0035.png,4,0
10430,healthstagram_0035.png,3,0
10431,healthstagram_0035.png,2,0
10432,healthstagram_0035.png,4,0
10433,healthstagram_0035.png,4,0
10434,healthstagram_0035.png,3,0
10435,healthstagram_0035.png,4,0
10436,healthstagram_0036.png,4,1
10437,healthstagram_0036.png,4,1
10438,healthstagram_0036.png,4,1
10439,healthstagram_0036.png,4,1
10440,healthstagram_0036.png,3,1
10441,healthstagram_0038.png,4,3
10442,healthstagram_0038.png,4,3
10443,healthstagram_0038.png,1,3
10444,healthstagram_0038.png,2,3
10445,healthstagram_0038.png,4,3
10446,healthstagram_0038.png,0,3
10447,healthstagram_0038.png,3,3
10448,healthstagram_0038.png,3,3
10449,healthstagram_0038.png,1,3
10450,healthstagram_0038.png,1,3
10451,healthstagram_0038.png,2,3
10452,healthstagram_0038.png,1,3
10453,healthstagram_0038.png,0,3
10454,healthstagram_0038.png,0,3
10455,healthstagram_0038.png,3,3
10456,healthstagram_0038.png,2,3
10457,healthstagram_0038.png,2,3
10458,healthstagram_0038.png,1,3
10459,healthstagram_0038.png,1,3
10460,healthstagram_0038.png,0,3
10461,healthstagram_0038.png,0,3
10462,healthstagram_0038.png,1,3
10463,healthstagram_0038.png,2,3
10464,healthstagram_0038.png,1,3
10465,healthstagram_0038.png,4,3
10466,healthstagram_0038.png,4,3
10467,healthstagram_0038.png,4,3
10468,healthstagram_0038.png,0,3
10469,healthstagram_0038.png,0,3
10470,healthstagram_0038.png,0,3
10471,healthstagram_0040.png,0,0
10472,healthstagram_0040.png,3,0
10473,healthstagram_0040.png,3,0
10474,healthstagram_0040.png,2,0
10475,healthstagram_0040.png,3,0
10476,healthstagram_0040.png,2,0
10477,healthstagram_0040.png,2,0
10478,healthstagram_0040.png,4,0
10479,healthstagram_0040.png,4,0
10480,healthstagram_0040.png,4,0
10481,healthstagram_0040.png,4,0
10482,healthstagram_0040.png,3,0
10483,healthstagram_0040.png,4,0
10484,healthstagram_0040.png,4,0
10485,healthstagram_0040.png,2,0
10486,healthstagram_0040.png,1,0
10487,healthstagram_0040.png,1,0
10488,healthstagram_0040.png,1,0
10489,healthstagram_0040.png,4,0
10490,healthstagram_0041.png,4,1
10491,healthstagram_0041.png,3,1
10492,healthstagram_0041.png,1,1
10493,healthstagram_0041.png,1,1
10494,healthstagram_0041.png,0,1
10495,healthstagram_0041.png,2,1
10496,healthstagram_0041.png,1,1
10497,healthstagram_0041.png,1,1
10498,healthstagram_0041.png,2,1
10499,healthstagram_0041.png,2,1
10500,healthstagram_0041.png,0,1
10501,healthstagram_0041.png,0,1
10502,healthstagram_0041.png,0,1
10503,healthstagram_0041.png,2,1
10504,healthstagram_0041.png,2,1
10505,healthstagram_0041.png,0,1
10506,healthstagram_0042.png,1,3
10507,healthstagram_0042.png,2,3
10508,healthstagram_0042.png,1,3
10509,healthstagram_0042.png,0,3
10510,healthstagram_0042.png,0,3
10511,healthstagram_0046.png,4,3
10512,healthstagram_0049.png,1,0
10513,healthstagram_0052.png,0,2
10514,healthstagram_0052.png,0,2
10515,healthstagram_0052.png,2,2
10516,healthstagram_0052.png,3,2
10517,healthstagram_0052.png,3,2
10518,healthstagram_0052.png,3,2
10519,healthstagram_0052.png,0,2
10520,healthstagram_0052.png,0,2
10521,healthstagram_0052.png,0,2
10522,healthstagram_0052.png,0,2
10523,healthstagram_0052.png,0,2
10524,healthstagram_0052.png,0,2
10525,healthstagram_0052.png,0,2
10526,healthstagram_0052.png,0,2
10527,healthstagram_0052.png,0,2
10528,healthstagram_0052.png,0,2
10529,healthstagram_0052.png,1,2
10530,healthstagram_0052.png,0,2
10531,healthstagram_0052.png,3,2
10532,healthstagram_0056.png,4,0
10533,healthstagram_0056.png,4,0
10534,healthstagram_0056.png,2,0
10535,healthstagram_0056.png,4,0
10536,healthstagram_0056.png,3,0
10537,healthstagram_0056.png,0,0
10538,healthstagram_0056.png,0,0
10539,healthstagram_0056.png,1,0
10540,healthstagram_0056.png,4,0
10541,healthstagram_0056.png,4,0
10542,healthstagram_0056.png,2,0
10543,healthstagram_0056.png,3,0
10544,healthstagram_0056.png,4,0
10545,healthstagram_0056.png,2,0
10546,healthstagram_0056.png,2,0
10547,healthstagram_0056.png,3,0
10548,healthstagram_0056.png,4,0
10549,healthstagram_0057.png,4,1
10550,healthstagram_0057.png,4,1
10551,healthstagram_0057.png,4,1
10552,healthstagram_0057.png,3,1
10553,healthstagram_0057.png,4,1
10554,healthstagram_0057.png,4,1
10555,healthstagram_0057.png,3,1
10556,healthstagram_0057.png,3,1
10557,healthstagram_0057.png,3,1
10558,healthstagram_0057.png,4,1
10559,healthstagram_0057.png,2,1
10560,healthstagram_0061.png,0,3
10561,healthstagram_0061.png,0,3
10562,healthstagram_0061.png,0,3
10563,healthstagram_0061.png,0,3
10564,healthstagram_0061.png,0,3
10565,healthstagram_0061.png,0,3
10566,healthstagram_0061.png,0,3
10567,healthstagram_0061.png,0,3
10568,healthstagram_0061.png,4,3
10569,healthstagram_0061.png,2,3
10570,healthstagram_0061.png,2,3
10571,healthstagram_0061.png,2,3
10572,healthstagram_0061.png,1,3
10573,healthstagram_0061.png,0,3
10574,healthstagram_0061.png,0,3
10575,healthstagram_0061.png,1,3
10576,healthstagram_0061.png,0,3
10577,healthstagram_0061.png,0,3
10578,healthstagram_0061.png,1,3
10579,healthstagram_0061.png,4,3
10580,healthstagram_0061.png,4,3
10581,healthstagram_0061.png,0,3
10582,healthstagram_0061.png,1,3
10583,healthstagram_0061.png,2,3
10584,healthstagram_0061.png,4,3
10585,healthstagram_0061.png,3,3
10586,healthstagram_0061.png,0,3
10587,healthstagram_0061.png,1,3
10588,healthstagram_0061.png,3,3
10589,healthstagram_0064.png,4,0
10590,healthstagram_0064.png,1,0
10591,healthstagram_0064.png,2,0
10592,healthstagram_0064.png,3,0
10593,healthstagram_0064.png,3,0
10594,healthstagram_0067.png,2,2
10595,healthstagram_0067.png,1,2
10596,healthstagram_0067.png,1,2
10597,healthstagram_0067.png,4,2
10598,healthstagram_0067.png,4,2
10599,healthstagram_0067.png,4,2
10600,healthstagram_0067.png,0,2
10601,healthstagram_0067.png,4,2
10602,healthstagram_0067.png,3,2
10603,healthstagram_0067.png,4,2
10604,healthstagram_0067.png,3,2
10605,healthstagram_0067.png,4,2
10606,healthstagram_0067.png,4,2
10607,healthstagram_0067.png,4,2
10608,healthstagram_0067.png,3,2
10609,healthstagram_0067.png,2,2
10610,healthstagram_0067.png,2,2
10611,healthstagram_0067.png,4,2
10612,healthstagram_0067.png,4,2
10613,healthstagram_0067.png,4,2
10614,healthstagram_0067.png,4,2
10615,healthstagram_0067.png,3,2
10616,healthstagram_0067.png,4,2
10617,healthstagram_0067.png,3,2
10618,healthstagram_0067.png,4,2
10619,healthstagram_0067.png,2,2
10620,healthstagram_0069.png,2,0
10621,healthstagram_0073.png,4,0
10622,healthstagram_0073.png,4,0
10623,healthstagram_0073.png,4,0
10624,healthstagram_0073.png,4,0
10625,healthstagram_0073.png,4,0
10626,healthstagram_0073.png,4,0
10627,healthstagram_0073.png,2,0
10628,healthstagram_0073.png,2,0
10629,healthstagram_0073.png,2,0
10630,healthstagram_0073.png,2,0
10631,healthstagram_0073.png,1,0
10632,healthstagram_0073.png,2,0
10633,healthstagram_0073.png,4,0
10634,healthstagram_0073.png,4,0
10635,healthstagram_0073.png,3,0
10636,healthstagram_0074.png,4,3
10637,healthstagram_0075.png,0,1
10638,healthstagram_0075.png,3,1
10639,healthstagram_0075.png,3,1
10640,healthstagram_0076.png,4,1
10641,healthstagram_0080.png,2,0
10642,healthstagram_0080.png,4,0
10643,healthstagram_0080.png,3,0
10644,healthstagram_0080.png,4,0
10645,healthstagram_0080.png,2,0
10646,healthstagram_0082.png,3,2
10647,healthstagram_0083.png,1,0
10648,healthstagram_0084.png,3,3
10649,healthstagram_0084.png,3,3
10650,healthstagram_0085.png,2,2
10651,healthstagram_0085.png,1,2
10652,healthstagram_0085.png,4,2
10653,healthstagram_0085.png,4,2
10654,healthstagram_0085.png,0,2
10655,healthstagram_0085.png,0,2
10656,healthstagram_0085.png,0,2
10657,healthstagram_0085.png,1,2
10658,healthstagram_0085.png,1,2
10659,healthstagram_0085.png,2,2
10660,healthstagram_0085.png,1,2
10661,healthstagram_0085.png,1,2
10662,healthstagram_0085.png,1,2
10663,healthstagram_0085.png,1,2
10664,healthstagram_0085.png,1,2
10665,healthstagram_0085.png,3,2
10666,healthstagram_0085.png,1,2
10667,healthstagram_0085.png,1,2
10668,healthstagram_0085.png,1,2
10669,healthstagram_0085.png,1,2
10670,healthstagram_0085.png,1,2
10671,healthstagram_0085.png,1,2
10672,healthstagram_0085.png,1,2
10673,healthstagram_0085.png,1,2
10674,healthstagram_0085.png,1,2
10675,healthstagram_0085.png,1,2
10676,healthstagram_0085.png,3,2
10677,healthstagram_0085.png,1,2
10678,healthstagram_0085.png,3,2
10679,healthstagram_0087.png,4,0
10680,healthstagram_0087.png,3,0
10681,healthstagram_0087.png,2,0
10682,healthstagram_0087.png,2,0
10683,healthstagram_0087.png,1,0
10684,healthstagram_0087.png,2,0
10685,healthstagram_0087.png,4,0
10686,healthstagram_0087.png,1,0
10687,healthstagram_0087.png,1,0
10688,healthstagram_0087.png,4,0
10689,healthstagram_0087.png,2,0
10690,healthstagram_0087.png,2,0
10691,healthstagram_0088.png,0,2
10692,healthstagram_0088.png,4,2
10693,healthstagram_0088.png,0,2
10694,healthstagram_0088.png,3,2
10695,healthstagram_0088.png,2,2
10696,healthstagram_0088.png,1,2
10697,healthstagram_0090.png,0,1
10698,healthstagram_0091.png,1,4
10699,healthstagram_0091.png,4,4
10700,healthstagram_0091.png,0,4
10701,healthstagram_0091.png,0,4
10702,healthstagram_0091.png,1,4
10703,healthstagram_0091.png,2,4
10704,healthstagram_0091.png,0,4
10705,healthstagram_0091.png,0,4
10706,healthstagram_0091.png,0,4
10707,healthstagram_0091.png,0,4
10708,healthstagram_0091.png,0,4
10709,healthstagram_0091.png,0,4
10710,healthstagram_0091.png,0,4
10711,healthstagram_0091.png,0,4
10712,healthstagram_0091.png,2,4
10713,healthstagram_0091.png,0,4
10714,healthstagram_0091.png,4,4
10715,healthstagram_0091.png,4,4
10716,healthstagram_0091.png,4,4
10717,healthstagram_0091.png,3,4
10718,healthstagram_0091.png,3,4
10719,healthstagram_0091.png,0,4
10720,healthstagram_0091.png,1,4
10721,healthstagram_0091.png,0,4
10722,healthstagram_0091.png,1,4
10723,healthstagram_0091.png,0,4
10724,healthstagram_0091.png,0,4
10725,healthstagram_0091.png,3,4
10726,healthstagram_0091.png,0,4
10727,healthstagram_0091.png,0,4
10728,healthstagram_0092.png,4,3
10729,healthstagram_0092.png,1,3
10730,healthstagram_0092.png,2,3
10731,healthstagram_0092.png,3,3
10732,healthstagram_0092.png,3,3
10733,healthstagram_0092.png,2,3
10734,healthstagram_0092.png,2,3
10735,healthstagram_0092.png,1,3
10736,healthstagram_0092.png,2,3
10737,healthstagram_0092.png,4,3
10738,healthstagram_0092.png,0,3
10739,healthstagram_0092.png,1,3
10740,healthstagram_0092.png,2,3
10741,healthstagram_0092.png,1,3
10742,healthstagram_0092.png,1,3
10743,healthstagram_0092.png,1,3
10744,healthstagram_0092.png,2,3
10745,healthstagram_0092.png,2,3
10746,healthstagram_0092.png,4,3
10747,healthstagram_0092.png,4,3
10748,healthstagram_0092.png,2,3
10749,healthstagram_0092.png,4,3
10750,healthstagram_0092.png,4,3
10751,healthstagram_0092.png,4,3
10752,healthstagram_0092.png,1,3
10753,healthstagram_0092.png,1,3
10754,healthstagram_0092.png,4,3
10755,healthstagram_0092.png,3,3
10756,healthstagram_0092.png,3,3
10757,healthstagram_0092.png,1,3
10758,healthstagram_0094.png,3,2
10759,healthstagram_0094.png,4,2
10760,healthstagram_0094.png,3,2
10761,healthstagram_0094.png,0,2
10762,healthstagram_0094.png,4,2
10763,healthstagram_0095.png,4,4
10764,healthstagram_0095.png,4,4
10765,healthstagram_0095.png,4,4
10766,healthstagram_0095.png,3,4
10767,healthstagram_0095.png,4,4
10768,healthstagram_0095.png,4,4
10769,healthstagram_0095.png,4,4
10770,healthstagram_0095.png,0,4
10771,healthstagram_0095.png,0,4
10772,healthstagram_0095.png,4,4
10773,healthstagram_0095.png,4,4
10774,healthstagram_0095.png,1,4
10775,healthstagram_0095.png,0,4
10776,healthstagram_0095.png,4,4
10777,healthstagram_0095.png,4,4
10778,healthstagram_0099.png,4,0
10779,healthstagram_0099.png,1,0
10780,healthstagram_0099.png,2,0
10781,healthstagram_0099.png,0,0
10782,healthstagram_0099.png,1,0
10783,ounwan_0002.png,4,2
10784,ounwan_0002.png,4,2
10785,ounwan_0002.png,3,2
10786,ounwan_0002.png,1,2
10787,ounwan_0002.png,1,2
10788,ounwan_0002.png,0,2
10789,ounwan_0002.png,4,2
10790,ounwan_0004.png,0,3
10791,ounwan_0004.png,0,3
10792,ounwan_0004.png,3,3
10793,ounwan_0004.png,3,3
10794,ounwan_0004.png,4,3
10795,ounwan_0004.png,4,3
10796,ounwan_0004.png,4,3
10797,ounwan_0004.png,4,3
10798,ounwan_0004.png,3,3
10799,ounwan_0006.png,4,0
10800,ounwan_0006.png,1,0
10801,ounwan_0006.png,1,0
10802,ounwan_0006.png,0,0
10803,ounwan_0006.png,1,0
10804,ounwan_0006.png,0,0
10805,ounwan_0006.png,2,0
10806,ounwan_0006.png,0,0
10807,ounwan_0006.png,0,0
10808,ounwan_0006.png,0,0
10809,ounwan_0006.png,2,0
10810,ounwan_0006.png,2,0
10811,ounwan_0006.png,4,0
10812,ounwan_0006.png,0,0
10813,ounwan_0006.png,0,0
10814,ounwan_0006.png,2,0
10815,ounwan_0006.png,2,0
10816,ounwan_0006.png,3,0
10817,ounwan_0006.png,0,0
10818,ounwan_0009.png,4,2
10819,ounwan_0009.png,1,2
10820,ounwan_0009.png,1,2
10821,ounwan_0009.png,3,2
10822,ounwan_0011.png,4,1
10823,ounwan_0011.png,4,1
10824,ounwan_0011.png,3,1
10825,ounwan_0011.png,4,1
10826,ounwan_0011.png,3,1
10827,ounwan_0011.png,2,1
10828,ounwan_0011.png,2,1
10829,ounwan_0011.png,4,1
10830,ounwan_0011.png,3,1
10831,ounwan_0011.png,1,1
10832,ounwan_0011.png,3,1
10833,ounwan_0011.png,2,1
10834,ounwan_0011.png,4,1
10835,ounwan_0011.png,2,1
10836,ounwan_0011.png,2,1
10837,ounwan_0011.png,3,1
10838,ounwan_0011.png,4,1
10839,ounwan_0011.png,4,1
10840,ounwan_0011.png,4,1
10841,ounwan_0011.png,3,1
10842,ounwan_0011.png,2,1
10843,ounwan_0011.png,1,1
10844,ounwan_0011.png,2,1
10845,ounwan_0011.png,1,1
10846,ounwan_0011.png,1,1
10847,ounwan_0012.png,1,2
10848,ounwan_0012.png,4,2
10849,ounwan_0012.png,3,2
10850,ounwan_0012.png,2,2
10851,ounwan_0013.png,3,2
10852,ounwan_0014.png,1,4
10853,ounwan_0014.png,3,4
10854,ounwan_0014.png,0,4
10855,ounwan_0014.png,4,4
10856,ounwan_0014.png,4,4
10857,ounwan_0014.png,4,4
10858,ounwan_0014.png,4,4
10859,ounwan_0014.png,4,4
10860,ounwan_0014.png,2,4
10861,ounwan_0014.png,3,4
10862,ounwan_0014.png,2,4
10863,ounwan_0014.png,1,4
10864,ounwan_0014.png,0,4
10865,ounwan_0014.png,2,4
10866,ounwan_0014.png,2,4
10867,ounwan_0014.png,2,4
10868,ounwan_0014.png,3,4
10869,ounwan_0014.png,3,4
10870,ounwan_0014.png,2,4
10871,ounwan_0014.png,2,4
10872,ounwan_0014.png,2,4
10873,ounwan_0014.png,2,4
10874,ounwan_0014.png,4,4
10875,ounwan_0014.png,0,4
10876,ounwan_0014.png,1,4
10877,ounwan_0014.png,1,4
10878,ounwan_0014.png,3,4
10879,ounwan_0014.png,1,4
10880,ounwan_0014.png,2,4
10881,ounwan_0014.png,2,4
10882,ounwan_0015.png,4,1
10883,ounwan_0015.png,1,1
10884,ounwan_0015.png,1,1
10885,ounwan_0015.png,4,1
10886,ounwan_0015.png,1,1
10887,ounwan_0015.png,4,1
10888,ounwan_0015.png,3,1
10889,ounwan_0015.png,2,1
10890,ounwan_0015.png,2,1
10891,ounwan_0015.png,4,1
10892,ounwan_0015.png,2,1
10893,ounwan_0015.png,4,1
10894,ounwan_0015.png,4,1
10895,ounwan_0015.png,2,1
10896,ounwan_0015.png,2,1
10897,ounwan_0015.png,3,1
10898,ounwan_0017.png,3,2
10899,ounwan_0017.png,1,2
10900,ounwan_0017.png,2,2
10901,ounwan_0017.png,4,2
10902,ounwan_0017.png,3,2
10903,ounwan_0018.png,4,1
10904,ounwan_0018.png,3,1
10905,ounwan_0018.png,2,1
10906,ounwan_0018.png,2,1
10907,ounwan_0018.png,4,1
10908,ounwan_0018.png,4,1
10909,ounwan_0018.png,2,1
10910,ounwan_0019.png,0,1
10911,ounwan_0019.png,0,1
10912,ounwan_0019.png,0,1
10913,ounwan_0019.png,0,1
10914,ounwan_0020.png,4,2
10915,ounwan_0020.png,4,2
10916,ounwan_0020.png,1,2
10917,ounwan_0020.png,1,2
10918,ounwan_0020.png,4,2
10919,ounwan_0020.png,4,2
10920,ounwan_0020.png,0,2
10921,ounwan_0020.png,1,2
10922,ounwan_0020.png,1,2
10923,ounwan_0020.png,1,2
10924,ounwan_0020.png,2,2
10925,ounwan_0020.png,0,2
10926,ounwan_0020.png,2,2
10927,ounwan_0020.png,2,2
10928,ounwan_0020.png,2,2
10929,ounwan_0020.png,4,2
10930,ounwan_0020.png,2,2
10931,ounwan_0020.png,1,2
10932,ounwan_0020.png,0,2
10933,ounwan_0020.png,0,2
10934,ounwan_0020.png,1,2
10935,ounwan_0020.png,1,2
10936,ounwan_0021.png,4,4
10937,ounwan_0024.png,3,2
10938,ounwan_0025.png,1,3
10939,ounwan_0029.png,1,3
10940,ounwan_0029.png,1,3
10941,ounwan_0029.png,1,3
10942,ounwan_0029.png,3,3
10943,ounwan_0029.png,1,3
10944,ounwan_0029.png,1,3
10945,ounwan_0029.png,1,3
10946,ounwan_0029.png,1,3
10947,ounwan_0033.png,4,1
10948,ounwan_0033.png,0,1
10949,ounwan_0033.png,2,1
10950,ounwan_0033.png,3,1
10951,ounwan_0033.png,1,1
10952,ounwan_0033.png,2,1
10953,ounwan_0033.png,4,1
10954,ounwan_0033.png,3,1
10955,ounwan_0033.png,3,1
10956,ounwan_0033.png,4,1
10957,ounwan_0033.png,2,1
10958,ounwan_0033.png,1,1
10959,ounwan_0033.png,1,1
10960,ounwan_0033.png,3,1
10961,ounwan_0033.png,3,1
10962,ounwan_0033.png,2,1
10963,ounwan_0034.png,4,0
10964,ounwan_0034.png,4,0
10965,ounwan_0034.png,3,0
10966,ounwan_0034.png,3,0
10967,ounwan_0034.png,2,0
10968,ounwan_0035.png,4,2
10969,ounwan_0035.png,2,2
10970,ounwan_0035.png,4,2
10971,ounwan_0036.png,4,1
10972,ounwan_0036.png,4,1
10973,ounwan_0036.png,4,1
10974,ounwan_0036.png,2,1
10975,ounwan_0036.png,4,1
10976,ounwan_0038.png,4,4
10977,ounwan_0038.png,3,4
10978,ounwan_0038.png,4,4
10979,ounwan_0038.png,2,4
10980,ounwan_0038.png,0,4
10981,ounwan_0038.png,4,4
10982,ounwan_0038.png,1,4
10983,ounwan_0038.png,3,4
10984,ounwan_0038.png,3,4
10985,ounwan_0038.png,1,4
10986,ounwan_0038.png,2,4
10987,ounwan_0038.png,4,4
10988,ounwan_0038.png,2,4
10989,ounwan_0038.png,2,4
10990,ounwan_0038.png,0,4
10991,ounwan_0038.png,2,4
10992,ounwan_0038.png,0,4
10993,ounwan_0038.png,0,4
10994,ounwan_0038.png,4,4
10995,ounwan_0038.png,4,4
10996,ounwan_0038.png,0,4
10997,ounwan_0038.png,0,4
10998,ounwan_0038.png,4,4
10999,ounwan_0038.png,4,4
11000,ounwan_0038.png,3,4
11001,ounwan_0038.png,0,4
11002,ounwan_0038.png,0,4
11003,ounwan_0039.png,4,2
11004,ounwan_0042.png,4,4
11005,ounwan_0043.png,4,1
11006,ounwan_0043.png,3,1
11007,ounwan_0043.png,2,1
11008,ounwan_0043.png,4,1
11009,ounwan_0043.png,2,1
11010,ounwan_0043.png,3,1
11011,ounwan_0043.png,3,1
11012,ounwan_0043.png,3,1
11013,ounwan_0043.png,3,1
11014,ounwan_0043.png,3,1
11015,ounwan_0043.png,4,1
11016,ounwan_0043.png,2,1
11017,ounwan_0043.png,1,1
11018,ounwan_0043.png,1,1
11019,ounwan_0043.png,0,1
11020,ounwan_0043.png,0,1
11021,ounwan_0043.png,0,1
11022,ounwan_0043.png,1,1
11023,ounwan_0043.png,4,1
11024,ounwan_0043.png,4,1
11025,ounwan_0043.png,2,1
11026,ounwan_0043.png,1,1
11027,ounwan_0043.png,0,1
11028,ounwan_0043.png,2,1
11029,ounwan_0044.png,3,4
11030,ounwan_0044.png,4,4
11031,ounwan_0044.png,3,4
11032,ounwan_0044.png,2,4
11033,ounwan_0044.png,2,4
11034,ounwan_0044.png,3,4
11035,ounwan_0044.png,3,4
11036,ounwan_0044.png,3,4
11037,ounwan_0044.png,1,4
11038,ounwan_0044.png,2,4
11039,ounwan_0044.png,4,4
11040,ounwan_0044.png,2,4
11041,ounwan_0044.png,0,4
11042,ounwan_0044.png,1,4
11043,ounwan_0044.png,3,4
11044,ounwan_0044.png,1,4
11045,ounwan_0047.png,3,4
11046,ounwan_0047.png,3,4
11047,ounwan_0047.png,4,4
11048,ounwan_0047.png,1,4
11049,ounwan_0049.png,4,4
11050,ounwan_0049.png,1,4
11051,ounwan_0049.png,4,4
11052,ounwan_0049.png,0,4
11053,ounwan_0049.png,3,4
11054,ounwan_0049.png,4,4
11055,ounwan_0049.png,3,4
11056,ounwan_0049.png,4,4
11057,ounwan_0049.png,3,4
11058,ounwan_0049.png,4,4
11059,ounwan_0049.png,2,4
11060,ounwan_0049.png,2,4
11061,ounwan_0049.png,0,4
11062,ounwan_0049.png,2,4
11063,ounwan_0049.png,4,4
11064,ounwan_0049.png,0,4
11065,ounwan_0050.png,3,1
11066,ounwan_0053.png,3,4
11067,ounwan_0053.png,2,4
11068,ounwan_0053.png,4,4
11069,ounwan_0053.png,4,4
11070,ounwan_0053.png,4,4
11071,ounwan_0053.png,3,4
11072,ounwan_0053.png,2,4
11073,ounwan_0053.png,4,4
11074,ounwan_0053.png,4,4
11075,ounwan_0053.png,4,4
11076,ounwan_0053.png,2,4
11077,ounwan_0053.png,3,4
11078,ounwan_0053.png,1,4
11079,ounwan_0053.png,1,4
11080,ounwan_0053.png,1,4
11081,ounwan_0053.png,1,4
11082,ounwan_0053.png,0,4
11083,ounwan_0053.png,0,4
11084,ounwan_0053.png,1,4
11085,ounwan_0053.png,0,4
11086,ounwan_0053.png,4,4
11087,ounwan_0053.png,4,4
11088,ounwan_0053.png,2,4
11089,ounwan_0053.png,1,4
11090,ounwan_0053.png,0,4
11091,ounwan_0053.png,0,4
11092,ounwan_0053.png,1,4
11093,ounwan_0053.png,0,4
11094,ounwan_0053.png,1,4
11095,ounwan_0054.png,4,1
11096,ounwan_0056.png,3,4
11097,ounwan_0056.png,1,4
11098,ounwan_0056.png,1,4
11099,ounwan_0056.png,1,4
11100,ounwan_0056.png,4,4
11101,ounwan_0056.png,1,4
11102,ounwan_0056.png,1,4
11103,ounwan_0056.png,1,4
11104,ounwan_0056.png,4,4
11105,ounwan_0056.png,4,4
11106,ounwan_0056.png,0,4
11107,ounwan_0056.png,0,4
11108,ounwan_0056.png,0,4
11109,ounwan_0056.png,0,4
11110,ounwan_0056.png,1,4
11111,ounwan_0056.png,1,4
11112,ounwan_0056.png,2,4
11113,ounwan_0056.png,1,4
11114,ounwan_0056.png,2,4
11115,ounwan_0056.png,0,4
11116,ounwan_0056.png,2,4
11117,ounwan_0056.png,3,4
11118,ounwan_0056.png,2,4
11119,ounwan_0056.png,3,4
11120,ounwan_0057.png,1,0
11121,ounwan_0057.png,1,0
11122,ounwan_0057.png,1,0
11123,ounwan_0057.png,2,0
11124,ounwan_0057.png,2,0
11125,ounwan_0057.png,2,0
11126,ounwan_0057.png,2,0
11127,ounwan_0057.png,2,0
11128,ounwan_0057.png,1,0
11129,ounwan_0057.png,0,0
11130,ounwan_0057.png,2,0
11131,ounwan_0057.png,1,0
11132,ounwan_0057.png,0,0
11133,ounwan_0058.png,1,4
11134,ounwan_0058.png,0,4
11135,ounwan_0059.png,3,0
11136,ounwan_0061.png,2,1
11137,ounwan_0061.png,3,1
11138,ounwan_0061.png,2,1
11139,ounwan_0061.png,3,1
11140,ounwan_0062.png,4,0
11141,ounwan_0062.png,4,0
11142,ounwan_0063.png,0,3
11143,ounwan_0063.png,0,3
11144,ounwan_0063.png,0,3
11145,ounwan_0063.png,0,3
11146,ounwan_0063.png,0,3
11147,ounwan_0063.png,1,3
11148,ounwan_0063.png,1,3
11149,ounwan_0063.png,1,3
11150,ounwan_0063.png,1,3
11151,ounwan_0063.png,2,3
11152,ounwan_0063.png,0,3
11153,ounwan_0063.png,1,3
11154,ounwan_0064.png,3,0
11155,ounwan_0064.png,3,0
11156,ounwan_0065.png,1,0
11157,ounwan_0065.png,0,0
11158,ounwan_0065.png,0,0
11159,ounwan_0065.png,0,0
11160,ounwan_0065.png,0,0
11161,ounwan_0065.png,3,0
11162,ounwan_0065.png,0,0
11163,ounwan_0065.png,1,0
11164,ounwan_0065.png,2,0
11165,ounwan_0065.png,3,0
11166,ounwan_0065.png,1,0
11167,ounwan_0065.png,0,0
11168,ounwan_0065.png,0,0
11169,ounwan_0065.png,0,0
11170,ounwan_0065.png,0,0
11171,ounwan_0065.png,2,0
11172,ounwan_0065.png,1,0
11173,ounwan_0065.png,0,0
11174,ounwan_0065.png,3,0
11175,ounwan_0065.png,0,0
11176,ounwan_0065.png,1,0
11177,ounwan_0065.png,3,0
11178,ounwan_0065.png,1,0
11179,ounwan_0065.png,0,0
11180,ounwan_0065.png,1,0
11181,ounwan_0065.png,0,0
11182,ounwan_0065.png,0,0
11183,ounwan_0065.png,1,0
11184,ounwan_0065.png,0,0
11185,ounwan_0066.png,3,4
11186,ounwan_0067.png,4,2
11187,ounwan_0067.png,3,2
11188,ounwan_0067.png,2,2
11189,ounwan_0067.png,2,2
11190,ounwan_0067.png,4,2
11191,ounwan_0067.png,1,2
11192,ounwan_0067.png,3,2
11193,ounwan_0067.png,2,2
11194,ounwan_0067.png,2,2
11195,ounwan_0067.png,3,2
11196,ounwan_0068.png,3,2
11197,ounwan_0069.png,3,1
11198,ounwan_0069.png,4,1
11199,ounwan_0069.png,2,1
11200,ounwan_0069.png,4,1
11201,ounwan_0069.png,4,1
11202,ounwan_0069.png,3,1
11203,ounwan_0069.png,1,1
11204,ounwan_0069.png,2,1
11205,ounwan_0069.png,1,1
11206,ounwan_0069.png,0,1
11207,ounwan_0069.png,0,1
11208,ounwan_0069.png,1,1
11209,ounwan_0069.png,2,1
11210,ounwan_0069.png,0,1
11211,ounwan_0069.png,4,1
11212,ounwan_0069.png,3,1
11213,ounwan_0069.png,0,1
11214,ounwan_0069.png,3,1
11215,ounwan_0071.png,1,1
11216,ounwan_0072.png,4,4
11217,ounwan_0072.png,3,4
11218,ounwan_0073.png,2,0
11219,ounwan_0073.png,2,0
11220,ounwan_0073.png,4,0
11221,ounwan_0073.png,4,0
11222,ounwan_0073.png,1,0
11223,ounwan_0073.png,4,0
11224,ounwan_0073.png,2,0
11225,ounwan_0073.png,3,0
11226,ounwan_0073.png,4,0
11227,ounwan_0073.png,2,0
11228,ounwan_0073.png,3,0
11229,ounwan_0073.png,4,0
11230,ounwan_0073.png,2,0
11231,ounwan_0073.png,4,0
11232,ounwan_0073.png,3,0
11233,ounwan_0073.png,4,0
11234,ounwan_0073.png,2,0
11235,ounwan_0073.png,2,0
11236,ounwan_0073.png,4,0
11237,ounwan_0073.png,4,0
11238,ounwan_0073.png,2,0
11239,ounwan_0073.png,4,0
11240,ounwan_0073.png,1,0
11241,ounwan_0073.png,0,0
11242,ounwan_0073.png,2,0
11243,ounwan_0073.png,4,0
11244,ounwan_0073.png,4,0
11245,ounwan_0073.png,2,0
11246,ounwan_0073.png,3,0
11247,ounwan_0073.png,0,0
11248,ounwan_0075.png,0,0
11249,ounwan_0075.png,1,0
11250,ounwan_0075.png,4,0
11251,ounwan_0075.png,1,0
11252,ounwan_0075.png,1,0
11253,ounwan_0075.png,2,0
11254,ounwan_0075.png,1,0
11255,ounwan_0075.png,1,0
11256,ounwan_0075.png,0,0
11257,ounwan_0075.png,0,0
11258,ounwan_0075.png,1,0
11259,ounwan_0075.png,0,0
11260,ounwan_0075.png,1,0
11261,ounwan_0075.png,1,0
11262,ounwan_0075.png,0,0
11263,ounwan_0075.png,0,0
11264,ounwan_0075.png,0,0
11265,ounwan_0075.png,0,0
11266,ounwan_0075.png,0,0
11267,ounwan_0075.png,0,0
11268,ounwan_0077.png,2,1
11269,ounwan_0077.png,1,1
11270,ounwan_0077.png,1,1
11271,ounwan_0077.png,1,1
11272,ounwan_0077.png,1,1
11273,ounwan_0077.png,2,1
11274,ounwan_0077.png,1,1
11275,ounwan_0078.png,4,0
11276,ounwan_0078.png,4,0
11277,ounwan_0079.png,2,3
11278,ounwan_0079.png,4,3
11279,ounwan_0079.png,2,3
11280,ounwan_0080.png,4,2
11281,ounwan_0080.png,4,2
11282,ounwan_0080.png,1,2
11283,ounwan_0080.png,2,2
11284,ounwan_0080.png,2,2
11285,ounwan_0080.png,1,2
11286,ounwan_0080.png,1,2
11287,ounwan_0080.png,1,2
11288,ounwan_0080.png,3,2
11289,ounwan_0080.png,1,2
11290,ounwan_0080.png,2,2
11291,ounwan_0080.png,1,2
11292,ounwan_0080.png,2,2
11293,ounwan_0080.png,1,2
11294,ounwan_0080.png,1,2
11295,ounwan_0080.png,1,2
11296,ounwan_0080.png,1,2
11297,ounwan_0080.png,1,2
11298,ounwan_0081.png,3,0
11299,ounwan_0081.png,4,0
11300,ounwan_0081.png,2,0
11301,ounwan_0081.png,2,0
11302,ounwan_0081.png,3,0
11303,ounwan_0082.png,1,3
11304,ounwan_0082.png,4,3
11305,ounwan_0082.png,2,3
11306,ounwan_0082.png,3,3
11307,ounwan_0085.png,3,2
11308,ounwan_0085.png,4,2
11309,ounwan_0085.png,4,2
11310,ounwan_0085.png,3,2
11311,ounwan_0085.png,4,2
11312,ounwan_0085.png,4,2
11313,ounwan_0086.png,4,1
11314,ounwan_0086.png,4,1
11315,ounwan_0086.png,3,1
11316,ounwan_0086.png,3,1
11317,ounwan_0086.png,4,1
11318,ounwan_0088.png,4,3
11319,ounwan_0088.png,3,3
11320,ounwan_0088.png,2,3
11321,ounwan_0088.png,0,3
11322,ounwan_0088.png,3,3
11323,ounwan_0088.png,4,3
11324,ounwan_0088.png,0,3
11325,ounwan_0088.png,0,3
11326,ounwan_0088.png,1,3
11327,ounwan_0089.png,4,1
11328,ounwan_0089.png,3,1
11329,ounwan_0089.png,2,1
11330,ounwan_0089.png,1,1
11331,ounwan_0089.png,1,1
11332,ounwan_0089.png,2,1
11333,ounwan_0089.png,2,1
11334,ounwan_0089.png,1,1
11335,ounwan_0089.png,1,1
11336,ounwan_0089.png,1,1
11337,ounwan_0089.png,1,1
11338,ounwan_0089.png,0,1
11339,ounwan_0089.png,1,1
11340,ounwan_0089.png,1,1
11341,ounwan_0089.png,1,1
11342,ounwan_0089.png,1,1
11343,ounwan_0089.png,3,1
11344,ounwan_0089.png,2,1
11345,ounwan_0089.png,3,1
11346,ounwan_0089.png,4,1
11347,ounwan_0089.png,1,1
11348,ounwan_0089.png,1,1
11349,ounwan_0089.png,3,1
11350,ounwan_0089.png,1,1
11351,ounwan_0089.png,4,1
11352,ounwan_0089.png,2,1
11353,ounwan_0089.png,1,1
11354,ounwan_0090.png,3,2
11355,ounwan_0091.png,3,0
11356,ounwan_0091.png,2,0
11357,ounwan_0091.png,2,0
11358,ounwan_0091.png,4,0
11359,ounwan_0091.png,4,0
11360,ounwan_0092.png,3,4
11361,ounwan_0092.png,4,4
11362,ounwan_0093.png,0,1
11363,ounwan_0093.png,1,1
11364,ounwan_0093.png,2,1
11365,ounwan_0093.png,4,1
11366,ounwan_0094.png,3,1
11367,ounwan_0094.png,3,1
11368,ounwan_0094.png,2,1
11369,ounwan_0095.png,3,0
11370,ounwan_0095.png,4,0
11371,ounwan_0095.png,3,0
11372,ounwan_0095.png,3,0
11373,ounwan_0095.png,3,0
11374,ounwan_0095.png,4,0
11375,ounwan_0095.png,3,0
11376,ounwan_0095.png,4,0
11377,ounwan_0095.png,2,0
11378,ounwan_0095.png,0,0
11379,ounwan_0095.png,0,0
11380,ounwan_0096.png,4,2
11381,ounwan_0096.png,3,2
11382,ounwan_0096.png,4,2
11383,ounwan_0096.png,4,2
11384,ounwan_0096.png,1,2
11385,ounwan_0096.png,4,2
11386,ounwan_0099.png,1,2
11387,ounwan_0099.png,3,2
11388,ounwan_0099.png,3,2
11389,ounwan_0099.png,1,2
11390,ounwan_0099.png,2,2
11391,ounwan_0099.png,2,2
11392,ounwan_0099.png,2,2
11393,ounwan_0099.png,1,2
11394,ounwan_0099.png,2,2
11395,ounwan_0099.png,2,2
11396,ounwan_0099.png,2,2
11397,ounwan_0099.png,2,2
11398,ounwan_0099.png,3,2
11399,dietfood_0001.png,4,0
11400,dietfood_0001.png,3,0
11401,dietfood_0001.png,4,0
11402,dietfood_0001.png,3,0
11403,dietfood_0001.png,4,0
11404,dietfood_0001.png,2,0
11405,dietfood_0001.png,1,0
11406,dietfood_0002.png,4,2
11407,dietfood_0002.png,4,2
11408,dietfood_0002.png,4,2
11409,dietfood_0002.png,4,2
11410,dietfood_0002.png,4,2
11411,dietfood_0004.png,4,2
11412,dietfood_0004.png,4,2
11413,dietfood_0004.png,4,2
11414,dietfood_0004.png,3,2
11415,dietfood_0004.png,3,2
11416,dietfood_0004.png,3,2
11417,dietfood_0004.png,4,2
11418,dietfood_0004.png,3,2
11419,dietfood_0004.png,3,2
11420,dietfood_0004.png,4,2
11421,dietfood_0004.png,3,2
11422,dietfood_0004.png,2,2
11423,dietfood_0004.png,1,2
11424,dietfood_0004.png,2,2
11425,dietfood_0004.png,4,2
11426,dietfood_0004.png,3,2
11427,dietfood_0004.png,4,2
11428,dietfood_0005.png,4,2
11429,dietfood_0005.png,4,2
11430,dietfood_0005.png,3,2
11431,dietfood_0005.png,4,2
11432,dietfood_0005.png,2,2
11433,dietfood_0005.png,2,2
11434,dietfood_0005.png,3,2
11435,dietfood_0006.png,4,4
11436,dietfood_0006.png,3,4
11437,dietfood_0006.png,3,4
11438,dietfood_0006.png,4,4
11439,dietfood_0006.png,4,4
11440,dietfood_0007.png,1,2
11441,dietfood_0007.png,3,2
11442,dietfood_0007.png,1,2
11443,dietfood_0007.png,2,2
11444,dietfood_0007.png,1,2
11445,dietfood_0008.png,4,4
11446,dietfood_0008.png,4,4
11447,dietfood_0008.png,3,4
11448,dietfood_0008.png,4,4
11449,dietfood_0008.png,4,4
11450,dietfood_0009.png,4,0
11451,dietfood_0009.png,4,0
11452,dietfood_0009.png,2,0
11453,dietfood_0010.png,3,1
11454,dietfood_0010.png,4,1
11455,dietfood_0010.png,2,1
11456,dietfood_0011.png,0,0
11457,dietfood_0011.png,0,0
11458,dietfood_0011.png,0,0
11459,dietfood_0012.png,4,4
11460,dietfood_0012.png,3,4
11461,dietfood_0012.png,4,4
11462,dietfood_0012.png,4,4
11463,dietfood_0012.png,3,4
11464,dietfood_0013.png,3,1
11465,dietfood_0013.png,2,1
11466,dietfood_0013.png,1,1
11467,dietfood_0013.png,2,1
11468,dietfood_0013.png,3,1
11469,dietfood_0014.png,4,4
11470,dietfood_0014.png,2,4
11471,dietfood_0014.png,3,4
11472,dietfood_0014.png,3,4
11473,dietfood_0014.png,1,4
11474,dietfood_0014.png,4,4
11475,dietfood_0014.png,1,4
11476,dietfood_0014.png,2,4
11477,dietfood_0015.png,0,2
11478,dietfood_0015.png,0,2
11479,dietfood_0015.png,0,2
11480,dietfood_0015.png,0,2
11481,dietfood_0015.png,0,2
11482,dietfood_0015.png,0,2
11483,dietfood_0016.png,4,0
11484,dietfood_0016.png,1,0
11485,dietfood_0016.png,4,0
11486,dietfood_0017.png,4,0
11487,dietfood_0017.png,3,0
11488,dietfood_0017.png,4,0
11489,dietfood_0017.png,3,0
11490,dietfood_0017.png,2,0
11491,dietfood_0017.png,2,0
11492,dietfood_0018.png,1,1
11493,dietfood_0018.png,3,1
11494,dietfood_0018.png,3,1
11495,dietfood_0018.png,4,1
11496,dietfood_0018.png,3,1
11497,dietfood_0019.png,4,2
11498,dietfood_0019.png,3,2
11499,dietfood_0019.png,4,2
11500,dietfood_0019.png,4,2
11501,dietfood_0019.png,2,2
11502,dietfood_0020.png,4,0
11503,dietfood_0020.png,3,0
11504,dietfood_0020.png,4,0
11505,dietfood_0020.png,4,0
11506,dietfood_0020.png,3,0
11507,dietfood_0021.png,0,3
11508,dietfood_0021.png,0,3
11509,dietfood_0021.png,0,3
11510,dietfood_0021.png,2,3
11511,dietfood_0021.png,2,3
11512,dietfood_0021.png,0,3
11513,dietfood_0022.png,4,0
11514,dietfood_0024.png,1,4
11515,dietfood_0024.png,1,4
11516,dietfood_0024.png,0,4
11517,dietfood_0024.png,0,4
11518,dietfood_0024.png,0,4
11519,dietfood_0025.png,4,3
11520,dietfood_0025.png,4,3
11521,dietfood_0025.png,4,3
11522,dietfood_0025.png,4,3
11523,dietfood_0025.png,3,3
11524,dietfood_0025.png,4,3
11525,dietfood_0025.png,4,3
11526,dietfood_0025.png,2,3
11527,dietfood_0025.png,3,3
11528,dietfood_0025.png,4,3
11529,dietfood_0026.png,4,4
11530,dietfood_0026.png,4,4
11531,dietfood_0026.png,3,4
11532,dietfood_0026.png,2,4
11533,dietfood_0026.png,3,4
11534,dietfood_0026.png,2,4
11535,dietfood_0026.png,1,4
11536,dietfood_0026.png,4,4
11537,dietfood_0026.png,1,4
11538,dietfood_0026.png,2,4
11539,dietfood_0026.png,3,4
11540,dietfood_0026.png,2,4
11541,dietfood_0026.png,3,4
11542,dietfood_0026.png,4,4
11543,dietfood_0026.png,3,4
11544,dietfood_0026.png,4,4
11545,dietfood_0026.png,4,4
11546,dietfood_0026.png,1,4
11547,dietfood_0026.png,1,4
11548,dietfood_0026.png,0,4
11549,dietfood_0027.png,0,2
11550,dietfood_0027.png,0,2
11551,dietfood_0027.png,0,2
11552,dietfood_0027.png,0,2
11553,dietfood_0027.png,0,2
11554,dietfood_0027.png,0,2
11555,dietfood_0027.png,0,2
11556,dietfood_0027.png,0,2
11557,dietfood_0027.png,0,2
11558,dietfood_0027.png,0,2
11559,dietfood_0027.png,0,2
11560,dietfood_0027.png,0,2
11561,dietfood_0027.png,0,2
11562,dietfood_0027.png,0,2
11563,dietfood_0027.png,1,2
11564,dietfood_0028.png,3,2
11565,dietfood_0028.png,3,2
11566,dietfood_0028.png,1,2
11567,dietfood_0029.png,0,1
11568,dietfood_0029.png,0,1
11569,dietfood_0029.png,0,1
11570,dietfood_0029.png,0,1
11571,dietfood_0029.png,0,1
11572,dietfood_0031.png,4,1
11573,dietfood_0031.png,2,1
11574,dietfood_0031.png,3,1
11575,dietfood_0031.png,1,1
11576,dietfood_0031.png,0,1
11577,dietfood_0032.png,4,2
11578,dietfood_0032.png,3,2
11579,dietfood_0032.png,4,2
11580,dietfood_0032.png,3,2
11581,dietfood_0032.png,2,2
11582,dietfood_0033.png,4,3
11583,dietfood_0033.png,3,3
11584,dietfood_0033.png,3,3
11585,dietfood_0033.png,2,3
11586,dietfood_0033.png,4,3
11587,dietfood_0033.png,2,3
11588,dietfood_0033.png,4,3
11589,dietfood_0033.png,3,3
11590,dietfood_0033.png,3,3
11591,dietfood_0033.png,2,3
11592,dietfood_0034.png,2,2
11593,dietfood_0034.png,4,2
11594,dietfood_0034.png,4,2
11595,dietfood_0034.png,2,2
11596,dietfood_0034.png,4,2
11597,dietfood_0035.png,4,2
11598,dietfood_0035.png,3,2
11599,dietfood_0035.png,2,2
11600,dietfood_0035.png,4,2
11601,dietfood_0035.png,4,2
11602,dietfood_0035.png,3,2
11603,dietfood_0035.png,3,2
11604,dietfood_0035.png,4,2
11605,dietfood_0035.png,3,2
11606,dietfood_0035.png,3,2
11607,dietfood_0035.png,4,2
11608,dietfood_0035.png,4,2
11609,dietfood_0035.png,3,2
11610,dietfood_0035.png,1,2
11611,dietfood_0035.png,3,2
11612,dietfood_0035.png,1,2
11613,dietfood_0035.png,3,2
11614,dietfood_0035.png,2,2
11615,dietfood_0036.png,4,3
11616,dietfood_0036.png,2,3
11617,dietfood_0036.png,3,3
11618,dietfood_0036.png,2,3
11619,dietfood_0036.png,2,3
11620,dietfood_0036.png,2,3
11621,dietfood_0036.png,1,3
11622,dietfood_0036.png,1,3
11623,dietfood_0036.png,1,3
11624,dietfood_0036.png,2,3
11625,dietfood_0036.png,1,3
11626,dietfood_0038.png,4,0
11627,dietfood_0038.png,4,0
11628,dietfood_0038.png,3,0
11629,dietfood_0038.png,3,0
11630,dietfood_0038.png,2,0
11631,dietfood_0038.png,3,0
11632,dietfood_0038.png,3,0
11633,dietfood_0038.png,3,0
11634,dietfood_0038.png,4,0
11635,dietfood_0038.png,3,0
11636,dietfood_0041.png,2,0
11637,dietfood_0041.png,2,0
11638,dietfood_0041.png,3,0
11639,dietfood_0041.png,3,0
11640,dietfood_0042.png,4,1
11641,dietfood_0042.png,4,1
11642,dietfood_0042.png,3,1
11643,dietfood_0042.png,4,1
11644,dietfood_0042.png,2,1
11645,dietfood_0044.png,4,0
11646,dietfood_0044.png,4,0
11647,dietfood_0044.png,3,0
11648,dietfood_0044.png,3,0
11649,dietfood_0044.png,3,0
11650,dietfood_0045.png,4,4
11651,dietfood_0045.png,4,4
11652,dietfood_0045.png,3,4
11653,dietfood_0045.png,4,4
11654,dietfood_0045.png,3,4
11655,dietfood_0047.png,0,2
11656,dietfood_0047.png,0,2
11657,dietfood_0047.png,0,2
11658,dietfood_0047.png,0,2
11659,dietfood_0047.png,0,2
11660,dietfood_0049.png,3,2
11661,dietfood_0049.png,4,2
11662,dietfood_0049.png,4,2
11663,dietfood_0050.png,2,2
11664,dietfood_0050.png,2,2
11665,dietfood_0050.png,1,2
11666,dietfood_0050.png,4,2
11667,dietfood_0050.png,4,2
11668,dietfood_0050.png,3,2
11669,dietfood_0050.png,3,2
11670,dietfood_0050.png,4,2
11671,dietfood_0050.png,3,2
11672,dietfood_0050.png,4,2
11673,dietfood_0050.png,3,2
11674,dietfood_0050.png,3,2
11675,dietfood_0051.png,3,1
11676,dietfood_0051.png,3,1
11677,dietfood_0051.png,4,1
11678,dietfood_0051.png,3,1
11679,dietfood_0051.png,2,1
11680,dietfood_0052.png,3,3
11681,dietfood_0052.png,4,3
11682,dietfood_0052.png,4,3
11683,dietfood_0052.png,3,3
11684,dietfood_0052.png,2,3
11685,dietfood_0052.png,3,3
11686,dietfood_0052.png,2,3
11687,dietfood_0052.png,0,3
11688,dietfood_0053.png,3,4
11689,dietfood_0053.png,3,4
11690,dietfood_0053.png,4,4
11691,dietfood_0053.png,2,4
11692,dietfood_0053.png,2,4
11693,dietfood_0053.png,1,4
11694,dietfood_0053.png,3,4
11695,dietfood_0053.png,3,4
11696,dietfood_0054.png,4,2
11697,dietfood_0054.png,2,2
11698,dietfood_0054.png,1,2
11699,dietfood_0054.png,4,2
11700,dietfood_0054.png,2,2
11701,dietfood_0055.png,4,4
11702,dietfood_0055.png,4,4
11703,dietfood_0055.png,4,4
11704,dietfood_0055.png,2,4
11705,dietfood_0055.png,4,4
11706,dietfood_0056.png,4,2
11707,dietfood_0056.png,4,2
11708,dietfood_0056.png,3,2
11709,dietfood_0056.png,2,2
11710,dietfood_0056.png,4,2
11711,dietfood_0058.png,4,1
11712,dietfood_0058.png,4,1
11713,dietfood_0058.png,3,1
11714,dietfood_0058.png,4,1
11715,dietfood_0058.png,4,1
11716,dietfood_0058.png,4,1
11717,dietfood_0058.png,4,1
11718,dietfood_0058.png,4,1
11719,dietfood_0058.png,4,1
11720,dietfood_0058.png,3,1
11721,dietfood_0058.png,3,1
11722,dietfood_0058.png,3,1
11723,dietfood_0058.png,2,1
11724,dietfood_0058.png,4,1
11725,dietfood_0058.png,4,1
11726,dietfood_0058.png,3,1
11727,dietfood_0058.png,2,1
11728,dietfood_0058.png,3,1
11729,dietfood_0058.png,2,1
11730,dietfood_0058.png,4,1
11731,dietfood_0060.png,4,2
11732,dietfood_0060.png,4,2
11733,dietfood_0060.png,2,2
11734,dietfood_0060.png,4,2
11735,dietfood_0060.png,4,2
11736,dietfood_0060.png,3,2
11737,dietfood_0060.png,2,2
11738,dietfood_0061.png,3,4
11739,dietfood_0061.png,3,4
11740,dietfood_0061.png,3,4
11741,dietfood_0061.png,3,4
11742,dietfood_0061.png,3,4
11743,dietfood_0061.png,1,4
11744,dietfood_0061.png,2,4
11745,dietfood_0061.png,3,4
11746,dietfood_0061.png,4,4
11747,dietfood_0061.png,3,4
11748,dietfood_0061.png,3,4
11749,dietfood_0061.png,2,4
11750,dietfood_0061.png,4,4
11751,dietfood_0061.png,2,4
11752,dietfood_0061.png,2,4
11753,dietfood_0061.png,3,4
11754,dietfood_0061.png,4,4
11755,dietfood_0062.png,4,0
11756,dietfood_0062.png,4,0
11757,dietfood_0062.png,4,0
11758,dietfood_0062.png,3,0
11759,dietfood_0062.png,4,0
11760,dietfood_0063.png,4,4
11761,dietfood_0063.png,3,4
11762,dietfood_0063.png,4,4
11763,dietfood_0063.png,3,4
11764,dietfood_0063.png,2,4
11765,dietfood_0064.png,4,4
11766,dietfood_0064.png,4,4
11767,dietfood_0064.png,3,4
11768,dietfood_0064.png,4,4
11769,dietfood_0064.png,1,4
11770,dietfood_0064.png,2,4
11771,dietfood_0064.png,4,4
11772,dietfood_0064.png,1,4
11773,dietfood_0064.png,1,4
11774,dietfood_0065.png,4,4
11775,dietfood_0065.png,3,4
11776,dietfood_0065.png,3,4
11777,dietfood_0065.png,2,4
11778,dietfood_0065.png,3,4
11779,dietfood_0065.png,3,4
11780,dietfood_0065.png,4,4
11781,dietfood_0065.png,2,4
11782,dietfood_0065.png,3,4
11783,dietfood_0067.png,0,4
11784,dietfood_0067.png,0,4
11785,dietfood_0067.png,0,4
11786,dietfood_0067.png,0,4
11787,dietfood_0067.png,0,4
11788,dietfood_0068.png,4,1
11789,dietfood_0068.png,3,1
11790,dietfood_0068.png,4,1
11791,dietfood_0068.png,4,1
11792,dietfood_0068.png,4,1
11793,dietfood_0068.png,2,1
11794,dietfood_0068.png,1,1
11795,dietfood_0068.png,2,1
11796,dietfood_0068.png,4,1
11797,dietfood_0068.png,3,1
11798,dietfood_0068.png,3,1
11799,dietfood_0068.png,1,1
11800,dietfood_0068.png,1,1
11801,dietfood_0069.png,2,3
11802,dietfood_0069.png,4,3
11803,dietfood_0069.png,4,3
11804,dietfood_0069.png,1,3
11805,dietfood_0069.png,2,3
11806,dietfood_0070.png,3,0
11807,dietfood_0070.png,2,0
11808,dietfood_0070.png,2,0
11809,dietfood_0070.png,3,0
11810,dietfood_0070.png,3,0
11811,dietfood_0070.png,1,0
11812,dietfood_0070.png,3,0
11813,dietfood_0070.png,1,0
11814,dietfood_0070.png,4,0
11815,dietfood_0070.png,4,0
11816,dietfood_0070.png,4,0
11817,dietfood_0070.png,4,0
11818,dietfood_0071.png,4,4
11819,dietfood_0071.png,4,4
11820,dietfood_0071.png,4,4
11821,dietfood_0071.png,2,4
11822,dietfood_0071.png,3,4
11823,dietfood_0072.png,4,1
11824,dietfood_0072.png,3,1
11825,dietfood_0072.png,3,1
11826,dietfood_0072.png,3,1
11827,dietfood_0072.png,3,1
11828,dietfood_0073.png,0,4
11829,dietfood_0073.png,3,4
11830,dietfood_0073.png,4,4
11831,dietfood_0073.png,1,4
11832,dietfood_0073.png,4,4
11833,dietfood_0074.png,1,4
11834,dietfood_0074.png,3,4
11835,dietfood_0074.png,3,4
11836,dietfood_0074.png,4,4
11837,dietfood_0074.png,2,4
11838,dietfood_0075.png,4,4
11839,dietfood_0075.png,4,4
11840,dietfood_0075.png,4,4
11841,dietfood_0075.png,3,4
11842,dietfood_0075.png,3,4
11843,dietfood_0075.png,4,4
11844,dietfood_0075.png,4,4
11845,dietfood_0075.png,3,4
11846,dietfood_0075.png,4,4
11847,dietfood_0075.png,4,4
11848,dietfood_0075.png,4,4
11849,dietfood_0075.png,4,4
11850,dietfood_0075.png,0,4
11851,dietfood_0075.png,2,4
11852,dietfood_0076.png,0,1
11853,dietfood_0076.png,0,1
11854,dietfood_0076.png,4,1
11855,dietfood_0076.png,3,1
11856,dietfood_0076.png,3,1
11857,dietfood_0076.png,1,1
11858,dietfood_0076.png,2,1
11859,dietfood_0076.png,1,1
11860,dietfood_0076.png,1,1
11861,dietfood_0076.png,2,1
11862,dietfood_0076.png,4,1
11863,dietfood_0076.png,1,1
11864,dietfood_0077.png,3,0
11865,dietfood_0077.png,3,0
11866,dietfood_0077.png,4,0
11867,dietfood_0077.png,2,0
11868,dietfood_0077.png,3,0
11869,dietfood_0078.png,4,3
11870,dietfood_0078.png,4,3
11871,dietfood_0078.png,4,3
11872,dietfood_0078.png,3,3
11873,dietfood_0079.png,4,4
11874,dietfood_0079.png,4,4
11875,dietfood_0079.png,2,4
11876,dietfood_0079.png,4,4
11877,dietfood_0079.png,4,4
11878,dietfood_0080.png,4,4
11879,dietfood_0080.png,2,4
11880,dietfood_0080.png,4,4
11881,dietfood_0080.png,3,4
11882,dietfood_0080.png,2,4
11883,dietfood_0081.png,0,1
11884,dietfood_0081.png,0,1
11885,dietfood_0081.png,0,1
11886,dietfood_0082.png,4,0
11887,dietfood_0082.png,4,0
11888,dietfood_0082.png,4,0
11889,dietfood_0082.png,4,0
11890,dietfood_0082.png,0,0
11891,dietfood_0082.png,4,0
11892,dietfood_0082.png,4,0
11893,dietfood_0082.png,2,0
11894,dietfood_0082.png,4,0
11895,dietfood_0082.png,3,0
11896,dietfood_0082.png,3,0
11897,dietfood_0082.png,4,0
11898,dietfood_0082.png,4,0
11899,dietfood_0082.png,2,0
11900,dietfood_0082.png,2,0
11901,dietfood_0083.png,4,1
11902,dietfood_0083.png,4,1
11903,dietfood_0083.png,4,1
11904,dietfood_0083.png,3,1
11905,dietfood_0083.png,1,1
11906,dietfood_0084.png,4,1
11907,dietfood_0084.png,4,1
11908,dietfood_0084.png,4,1
11909,dietfood_0084.png,4,1
11910,dietfood_0084.png,4,1
11911,dietfood_0085.png,4,3
11912,dietfood_0085.png,4,3
11913,dietfood_0085.png,3,3
11914,dietfood_0085.png,3,3
11915,dietfood_0085.png,3,3
11916,dietfood_0086.png,3,2
11917,dietfood_0086.png,1,2
11918,dietfood_0086.png,4,2
11919,dietfood_0086.png,1,2
11920,dietfood_0086.png,3,2
11921,dietfood_0086.png,2,2
11922,dietfood_0086.png,1,2
11923,dietfood_0086.png,3,2
11924,dietfood_0087.png,4,1
11925,dietfood_0087.png,4,1
11926,dietfood_0087.png,4,1
11927,dietfood_0087.png,2,1
11928,dietfood_0087.png,2,1
11929,dietfood_0087.png,2,1
11930,dietfood_0087.png,4,1
11931,dietfood_0087.png,1,1
11932,dietfood_0087.png,4,1
11933,dietfood_0087.png,3,1
11934,dietfood_0087.png,2,1
11935,dietfood_0087.png,4,1
11936,dietfood_0087.png,3,1
11937,dietfood_0087.png,3,1
11938,dietfood_0087.png,3,1
11939,dietfood_0087.png,3,1
11940,dietfood_0087.png,2,1
11941,dietfood_0087.png,2,1
11942,dietfood_0089.png,2,0
11943,dietfood_0089.png,2,0
11944,dietfood_0089.png,4,0
11945,dietfood_0089.png,1,0
11946,dietfood_0089.png,1,0
11947,dietfood_0089.png,2,0
11948,dietfood_0091.png,3,4
11949,dietfood_0091.png,4,4
11950,dietfood_0092.png,3,0
11951,dietfood_0092.png,3,0
11952,dietfood_0092.png,4,0
11953,dietfood_0092.png,2,0
11954,dietfood_0092.png,2,0
11955,dietfood_0093.png,4,3
11956,dietfood_0093.png,4,3
11957,dietfood_0093.png,3,3
11958,dietfood_0093.png,2,3
11959,dietfood_0093.png,3,3
11960,dietfood_0093.png,2,3
11961,dietfood_0093.png,4,3
11962,dietfood_0093.png,3,3
11963,dietfood_0093.png,3,3
11964,dietfood_0093.png,3,3
11965,dietfood_0093.png,3,3
11966,dietfood_0093.png,2,3
11967,dietfood_0093.png,1,3
11968,dietfood_0093.png,1,3
11969,dietfood_0093.png,3,3
11970,dietfood_0093.png,3,3
11971,dietfood_0093.png,3,3
11972,dietfood_0093.png,2,3
11973,dietfood_0093.png,2,3
11974,dietfood_0093.png,4,3
11975,dietfood_0093.png,2,3
11976,dietfood_0094.png,3,4
11977,dietfood_0094.png,1,4
11978,dietfood_0094.png,3,4
11979,dietfood_0094.png,2,4
11980,dietfood_0095.png,0,3
11981,dietfood_0095.png,3,3
11982,dietfood_0095.png,4,3
11983,dietfood_0095.png,4,3
11984,dietfood_0096.png,4,2
11985,dietfood_0096.png,3,2
11986,dietfood_0096.png,3,2
11987,dietfood_0096.png,3,2
11988,dietfood_0096.png,3,2
11989,dietfood_0097.png,4,3
11990,dietfood_0097.png,3,3
11991,dietfood_0097.png,4,3
11992,dietfood_0097.png,4,3
11993,dietfood_0097.png,4,3
11994,dietfood_0097.png,4,3
11995,dietfood_0097.png,4,3
11996,dietfood_0097.png,3,3
11997,dietfood_0097.png,4,3
11998,dietfood_0097.png,4,3
11999,dietfood_0097.png,3,3
12000,dietfood_0098.png,3,2
12001,dietfood_0098.png,3,2
12002,dietfood_0098.png,3,2
12003,dietfood_0098.png,2,2
12004,dietfood_0098.png,3,2
12005,dietfood_0099.png,4,1
12006,dietfood_0099.png,4,1
12007,dietfood_0100.png,0,4
12008,dietfood_0100.png,1,4
12009,dietfood_0100.png,1,4
12010,dietfood_0100.png,2,4
12011,dietfood_0100.png,3,4
