sample_id,post_id,true_label,pred_label,fold,model
78,ai_0013.png,4,4,0,koclip_xgb
79,ai_0013.png,4,2,0,koclip_xgb
80,ai_0013.png,4,1,0,koclip_xgb
81,ai_0013.png,4,4,0,koclip_xgb
82,ai_0013.png,1,4,0,koclip_xgb
83,ai_0013.png,1,4,0,koclip_xgb
84,ai_0013.png,1,4,0,koclip_xgb
85,ai_0013.png,2,2,0,koclip_xgb
86,ai_0013.png,2,1,0,koclip_xgb
87,ai_0013.png,1,3,0,koclip_xgb
88,ai_0013.png,1,3,0,koclip_xgb
112,ai_0015.png,3,4,0,koclip_xgb
113,ai_0015.png,2,2,0,koclip_xgb
114,ai_0015.png,2,4,0,koclip_xgb
115,ai_0015.png,2,4,0,koclip_xgb
116,ai_0015.png,3,2,0,koclip_xgb
117,ai_0015.png,4,4,0,koclip_xgb
118,ai_0015.png,4,4,0,koclip_xgb
119,ai_0015.png,3,4,0,koclip_xgb
120,ai_0015.png,0,4,0,koclip_xgb
264,domesticTravel_0008.png,4,2,0,koclip_xgb
265,domesticTravel_0008.png,4,2,0,koclip_xgb
325,domesticTravel_0021.png,1,4,0,koclip_xgb
326,domesticTravel_0021.png,1,3,0,koclip_xgb
327,domesticTravel_0021.png,0,1,0,koclip_xgb
328,domesticTravel_0021.png,4,3,0,koclip_xgb
329,domesticTravel_0021.png,1,1,0,koclip_xgb
330,domesticTravel_0021.png,3,3,0,koclip_xgb
331,domesticTravel_0021.png,4,3,0,koclip_xgb
332,domesticTravel_0021.png,4,1,0,koclip_xgb
333,domesticTravel_0021.png,4,3,0,koclip_xgb
334,domesticTravel_0021.png,4,2,0,koclip_xgb
335,domesticTravel_0021.png,4,1,0,koclip_xgb
336,domesticTravel_0021.png,1,3,0,koclip_xgb
337,domesticTravel_0021.png,1,1,0,koclip_xgb
338,domesticTravel_0021.png,0,1,0,koclip_xgb
339,domesticTravel_0021.png,1,1,0,koclip_xgb
340,domesticTravel_0021.png,3,1,0,koclip_xgb
341,domesticTravel_0021.png,4,1,0,koclip_xgb
342,domesticTravel_0021.png,1,1,0,koclip_xgb
343,domesticTravel_0021.png,2,4,0,koclip_xgb
344,domesticTravel_0021.png,3,2,0,koclip_xgb
345,domesticTravel_0021.png,2,2,0,koclip_xgb
346,fall_0001.png,4,4,0,koclip_xgb
347,fall_0001.png,3,2,0,koclip_xgb
348,fall_0001.png,3,3,0,koclip_xgb
349,fall_0001.png,2,2,0,koclip_xgb
350,fall_0001.png,0,1,0,koclip_xgb
351,fall_0001.png,1,1,0,koclip_xgb
352,fall_0001.png,4,1,0,koclip_xgb
373,fall_0005.png,2,1,0,koclip_xgb
374,fall_0005.png,2,1,0,koclip_xgb
375,fall_0005.png,4,4,0,koclip_xgb
376,fall_0005.png,1,1,0,koclip_xgb
412,fall_0009.png,4,4,0,koclip_xgb
413,fall_0009.png,4,4,0,koclip_xgb
414,fall_0009.png,3,4,0,koclip_xgb
415,fall_0009.png,3,4,0,koclip_xgb
416,fall_0009.png,4,4,0,koclip_xgb
469,fall_0014.png,4,4,0,koclip_xgb
470,fall_0014.png,4,1,0,koclip_xgb
471,fall_0014.png,4,4,0,koclip_xgb
472,fall_0014.png,4,4,0,koclip_xgb
473,fall_0014.png,4,0,0,koclip_xgb
474,fall_0014.png,4,0,0,koclip_xgb
475,fall_0014.png,3,1,0,koclip_xgb
476,fall_0014.png,3,3,0,koclip_xgb
477,fall_0014.png,2,4,0,koclip_xgb
478,fall_0014.png,1,4,0,koclip_xgb
479,fall_0014.png,2,1,0,koclip_xgb
480,fall_0014.png,2,1,0,koclip_xgb
481,fall_0014.png,2,0,0,koclip_xgb
482,fall_0014.png,1,4,0,koclip_xgb
483,fall_0014.png,2,4,0,koclip_xgb
484,fall_0014.png,2,0,0,koclip_xgb
485,fall_0014.png,1,4,0,koclip_xgb
486,fall_0014.png,1,1,0,koclip_xgb
487,fall_0014.png,1,3,0,koclip_xgb
511,fall_0017.png,4,2,0,koclip_xgb
512,fall_0017.png,4,3,0,koclip_xgb
513,fall_0017.png,4,4,0,koclip_xgb
514,fall_0017.png,4,4,0,koclip_xgb
515,fall_0017.png,4,3,0,koclip_xgb
516,fall_0017.png,4,4,0,koclip_xgb
517,fall_0017.png,4,4,0,koclip_xgb
518,fall_0017.png,2,3,0,koclip_xgb
519,fall_0017.png,4,4,0,koclip_xgb
520,fall_0017.png,4,0,0,koclip_xgb
567,fashion_0002.png,4,4,0,koclip_xgb
568,fashion_0002.png,4,4,0,koclip_xgb
569,fashion_0002.png,4,4,0,koclip_xgb
570,fashion_0002.png,4,4,0,koclip_xgb
571,fashion_0002.png,3,4,0,koclip_xgb
572,fashion_0002.png,1,4,0,koclip_xgb
573,fashion_0002.png,4,4,0,koclip_xgb
574,fashion_0002.png,4,4,0,koclip_xgb
575,fashion_0002.png,4,4,0,koclip_xgb
576,fashion_0002.png,4,4,0,koclip_xgb
577,fashion_0002.png,4,4,0,koclip_xgb
578,fashion_0002.png,3,4,0,koclip_xgb
579,fashion_0002.png,4,4,0,koclip_xgb
580,fashion_0002.png,4,4,0,koclip_xgb
581,fashion_0002.png,4,1,0,koclip_xgb
582,fashion_0002.png,3,3,0,koclip_xgb
583,fashion_0002.png,3,3,0,koclip_xgb
584,fashion_0002.png,3,3,0,koclip_xgb
585,fashion_0002.png,4,4,0,koclip_xgb
586,fashion_0002.png,4,4,0,koclip_xgb
587,fashion_0002.png,4,4,0,koclip_xgb
588,fashion_0002.png,4,4,0,koclip_xgb
589,fashion_0003.png,4,4,0,koclip_xgb
590,fashion_0003.png,4,4,0,koclip_xgb
591,fashion_0003.png,1,4,0,koclip_xgb
592,fashion_0003.png,3,0,0,koclip_xgb
593,fashion_0003.png,3,3,0,koclip_xgb
594,fashion_0003.png,4,4,0,koclip_xgb
595,fashion_0003.png,1,4,0,koclip_xgb
596,fashion_0003.png,1,4,0,koclip_xgb
597,fashion_0003.png,4,4,0,koclip_xgb
598,fashion_0003.png,4,4,0,koclip_xgb
599,fashion_0003.png,2,3,0,koclip_xgb
600,fashion_0003.png,3,3,0,koclip_xgb
601,fashion_0003.png,3,3,0,koclip_xgb
602,fashion_0003.png,3,4,0,koclip_xgb
603,fashion_0003.png,2,1,0,koclip_xgb
604,fashion_0005.png,3,1,0,koclip_xgb
605,fashion_0005.png,4,4,0,koclip_xgb
606,fashion_0005.png,3,2,0,koclip_xgb
607,fashion_0005.png,2,3,0,koclip_xgb
608,fashion_0005.png,3,4,0,koclip_xgb
918,movie_0022.png,4,4,0,koclip_xgb
919,movie_0022.png,0,3,0,koclip_xgb
920,movie_0022.png,1,3,0,koclip_xgb
921,movie_0022.png,0,3,0,koclip_xgb
922,movie_0022.png,0,4,0,koclip_xgb
923,movie_0022.png,0,4,0,koclip_xgb
924,movie_0022.png,0,0,0,koclip_xgb
925,movie_0022.png,0,4,0,koclip_xgb
926,movie_0022.png,0,4,0,koclip_xgb
927,movie_0022.png,0,4,0,koclip_xgb
928,movie_0022.png,2,1,0,koclip_xgb
929,movie_0022.png,0,4,0,koclip_xgb
930,movie_0022.png,1,2,0,koclip_xgb
931,movie_0022.png,4,4,0,koclip_xgb
932,movie_0022.png,3,4,0,koclip_xgb
933,movie_0022.png,4,3,0,koclip_xgb
934,movie_0022.png,3,4,0,koclip_xgb
997,olive_0011.png,2,2,0,koclip_xgb
998,olive_0011.png,4,4,0,koclip_xgb
999,olive_0011.png,2,2,0,koclip_xgb
1000,olive_0011.png,3,3,0,koclip_xgb
1001,olive_0011.png,2,2,0,koclip_xgb
1002,olive_0011.png,4,4,0,koclip_xgb
1003,olive_0011.png,1,1,0,koclip_xgb
1004,olive_0011.png,1,4,0,koclip_xgb
1005,olive_0011.png,4,1,0,koclip_xgb
1006,olive_0011.png,3,4,0,koclip_xgb
1007,olive_0011.png,2,2,0,koclip_xgb
1008,olive_0011.png,1,1,0,koclip_xgb
1009,olive_0011.png,1,1,0,koclip_xgb
1010,olive_0011.png,1,1,0,koclip_xgb
1011,olive_0011.png,1,3,0,koclip_xgb
1012,olive_0011.png,2,2,0,koclip_xgb
1013,olive_0011.png,0,3,0,koclip_xgb
1014,olive_0011.png,2,3,0,koclip_xgb
1015,olive_0011.png,1,4,0,koclip_xgb
1016,olive_0011.png,1,1,0,koclip_xgb
1017,olive_0011.png,3,4,0,koclip_xgb
1018,olive_0012.png,4,4,0,koclip_xgb
1038,olive_0015.png,4,1,0,koclip_xgb
1039,olive_0015.png,4,4,0,koclip_xgb
1040,olive_0015.png,2,3,0,koclip_xgb
1041,olive_0015.png,3,2,0,koclip_xgb
1042,olive_0015.png,3,2,0,koclip_xgb
1043,olive_0015.png,3,2,0,koclip_xgb
1044,olive_0015.png,1,3,0,koclip_xgb
1045,olive_0015.png,1,3,0,koclip_xgb
1046,olive_0015.png,2,4,0,koclip_xgb
1047,olive_0015.png,1,1,0,koclip_xgb
1048,olive_0015.png,2,4,0,koclip_xgb
1049,olive_0015.png,2,4,0,koclip_xgb
1050,olive_0015.png,1,4,0,koclip_xgb
1051,olive_0015.png,1,2,0,koclip_xgb
1052,olive_0015.png,3,3,0,koclip_xgb
1053,olive_0015.png,1,3,0,koclip_xgb
1054,olive_0015.png,3,3,0,koclip_xgb
1055,olive_0015.png,3,3,0,koclip_xgb
1056,olive_0015.png,3,4,0,koclip_xgb
1057,olive_0015.png,2,2,0,koclip_xgb
1058,olive_0015.png,2,2,0,koclip_xgb
1059,olive_0015.png,2,2,0,koclip_xgb
1060,olive_0015.png,2,2,0,koclip_xgb
1061,olive_0015.png,2,2,0,koclip_xgb
1161,restaurant_0009.png,4,1,0,koclip_xgb
1162,restaurant_0009.png,1,1,0,koclip_xgb
1163,restaurant_0009.png,3,2,0,koclip_xgb
1164,restaurant_0009.png,2,4,0,koclip_xgb
1165,restaurant_0009.png,0,3,0,koclip_xgb
1166,restaurant_0009.png,1,2,0,koclip_xgb
1167,restaurant_0010.png,4,4,0,koclip_xgb
1168,restaurant_0010.png,4,4,0,koclip_xgb
1169,restaurant_0010.png,3,4,0,koclip_xgb
1177,restaurant_0013.png,1,1,0,koclip_xgb
1178,restaurant_0013.png,1,2,0,koclip_xgb
1179,restaurant_0013.png,4,4,0,koclip_xgb
1180,restaurant_0013.png,4,4,0,koclip_xgb
1181,restaurant_0013.png,3,4,0,koclip_xgb
1182,restaurant_0013.png,3,4,0,koclip_xgb
1183,restaurant_0013.png,3,3,0,koclip_xgb
1184,restaurant_0013.png,3,4,0,koclip_xgb
1185,restaurant_0013.png,4,4,0,koclip_xgb
1186,restaurant_0013.png,4,3,0,koclip_xgb
1187,restaurant_0013.png,4,4,0,koclip_xgb
1188,restaurant_0013.png,4,4,0,koclip_xgb
1189,restaurant_0013.png,4,4,0,koclip_xgb
1190,restaurant_0013.png,4,4,0,koclip_xgb
1191,restaurant_0013.png,4,4,0,koclip_xgb
1192,restaurant_0013.png,4,4,0,koclip_xgb
1193,restaurant_0013.png,4,4,0,koclip_xgb
1194,restaurant_0013.png,4,4,0,koclip_xgb
1195,restaurant_0013.png,4,4,0,koclip_xgb
1196,restaurant_0013.png,3,4,0,koclip_xgb
1197,restaurant_0013.png,3,4,0,koclip_xgb
1198,restaurant_0013.png,1,1,0,koclip_xgb
1199,restaurant_0013.png,2,3,0,koclip_xgb
1200,restaurant_0013.png,4,3,0,koclip_xgb
1201,restaurant_0013.png,2,3,0,koclip_xgb
1202,restaurant_0013.png,1,0,0,koclip_xgb
1203,restaurant_0013.png,2,3,0,koclip_xgb
1204,restaurant_0013.png,3,3,0,koclip_xgb
1205,restaurant_0013.png,3,3,0,koclip_xgb
1206,restaurant_0013.png,1,3,0,koclip_xgb
1208,restaurant_0016.png,1,4,0,koclip_xgb
1209,restaurant_0016.png,1,4,0,koclip_xgb
1210,restaurant_0016.png,2,2,0,koclip_xgb
1211,restaurant_0016.png,4,4,0,koclip_xgb
1212,restaurant_0016.png,4,4,0,koclip_xgb
1213,restaurant_0016.png,0,4,0,koclip_xgb
1214,restaurant_0016.png,0,4,0,koclip_xgb
1215,restaurant_0016.png,0,4,0,koclip_xgb
1216,restaurant_0016.png,3,3,0,koclip_xgb
1217,restaurant_0016.png,3,2,0,koclip_xgb
1218,restaurant_0017.png,4,1,0,koclip_xgb
1219,restaurant_0017.png,4,4,0,koclip_xgb
1220,restaurant_0017.png,3,3,0,koclip_xgb
1221,restaurant_0017.png,4,4,0,koclip_xgb
1222,restaurant_0017.png,4,1,0,koclip_xgb
1223,restaurant_0017.png,4,1,0,koclip_xgb
1224,restaurant_0017.png,3,1,0,koclip_xgb
1225,restaurant_0017.png,3,3,0,koclip_xgb
1226,restaurant_0017.png,2,3,0,koclip_xgb
1227,restaurant_0017.png,3,3,0,koclip_xgb
1228,restaurant_0017.png,3,1,0,koclip_xgb
1229,restaurant_0017.png,3,3,0,koclip_xgb
1230,restaurant_0017.png,3,3,0,koclip_xgb
1231,restaurant_0017.png,4,3,0,koclip_xgb
1232,restaurant_0017.png,2,3,0,koclip_xgb
1233,restaurant_0017.png,3,3,0,koclip_xgb
1234,restaurant_0017.png,0,0,0,koclip_xgb
1235,restaurant_0017.png,1,1,0,koclip_xgb
1236,restaurant_0017.png,1,4,0,koclip_xgb
1237,restaurant_0017.png,1,3,0,koclip_xgb
1238,restaurant_0017.png,1,4,0,koclip_xgb
1239,restaurant_0017.png,1,4,0,koclip_xgb
1240,restaurant_0017.png,1,4,0,koclip_xgb
1241,restaurant_0017.png,1,1,0,koclip_xgb
1346,zerokal_0002.png,4,4,0,koclip_xgb
1347,zerokal_0002.png,4,4,0,koclip_xgb
1348,zerokal_0002.png,4,4,0,koclip_xgb
1349,zerokal_0002.png,3,3,0,koclip_xgb
1350,zerokal_0002.png,2,1,0,koclip_xgb
1351,zerokal_0002.png,2,3,0,koclip_xgb
1432,zerokal_0009.png,3,3,0,koclip_xgb
1433,zerokal_0009.png,4,2,0,koclip_xgb
1434,zerokal_0009.png,4,4,0,koclip_xgb
1447,zerokal_0012.png,4,3,0,koclip_xgb
1448,zerokal_0012.png,3,3,0,koclip_xgb
1449,zerokal_0012.png,4,1,0,koclip_xgb
1450,zerokal_0012.png,4,3,0,koclip_xgb
1451,zerokal_0012.png,4,3,0,koclip_xgb
1518,travelgram_0005.png,4,4,0,koclip_xgb
1519,travelgram_0005.png,4,4,0,koclip_xgb
1520,travelgram_0005.png,4,4,0,koclip_xgb
1521,travelgram_0005.png,4,4,0,koclip_xgb
1522,travelgram_0005.png,2,4,0,koclip_xgb
1523,travelgram_0010.png,4,2,0,koclip_xgb
1524,travelgram_0011.png,2,0,0,koclip_xgb
1613,travelgram_0023.png,2,2,0,koclip_xgb
1614,travelgram_0023.png,2,3,0,koclip_xgb
1615,travelgram_0023.png,0,1,0,koclip_xgb
1616,travelgram_0023.png,3,3,0,koclip_xgb
1617,travelgram_0023.png,4,1,0,koclip_xgb
1618,travelgram_0024.png,4,4,0,koclip_xgb
1619,travelgram_0024.png,4,4,0,koclip_xgb
1620,travelgram_0024.png,4,4,0,koclip_xgb
1621,travelgram_0024.png,3,2,0,koclip_xgb
1622,travelgram_0024.png,4,4,0,koclip_xgb
1623,travelgram_0024.png,3,3,0,koclip_xgb
1624,travelgram_0024.png,4,1,0,koclip_xgb
1625,travelgram_0024.png,2,4,0,koclip_xgb
1626,travelgram_0024.png,3,2,0,koclip_xgb
1627,travelgram_0024.png,2,3,0,koclip_xgb
1628,travelgram_0024.png,4,4,0,koclip_xgb
1629,travelgram_0024.png,3,3,0,koclip_xgb
1652,travelgram_0038.png,4,3,0,koclip_xgb
1653,travelgram_0038.png,4,2,0,koclip_xgb
1654,travelgram_0038.png,4,3,0,koclip_xgb
1655,travelgram_0038.png,3,3,0,koclip_xgb
1656,travelgram_0038.png,3,2,0,koclip_xgb
1657,travelgram_0040.png,4,4,0,koclip_xgb
1658,travelgram_0040.png,4,4,0,koclip_xgb
1659,travelgram_0040.png,4,4,0,koclip_xgb
1660,travelgram_0040.png,1,1,0,koclip_xgb
1661,travelgram_0040.png,1,4,0,koclip_xgb
1662,travelgram_0040.png,3,4,0,koclip_xgb
1663,travelgram_0040.png,4,4,0,koclip_xgb
1664,travelgram_0040.png,3,2,0,koclip_xgb
1665,travelgram_0040.png,2,3,0,koclip_xgb
1666,travelgram_0040.png,2,2,0,koclip_xgb
1667,travelgram_0040.png,1,2,0,koclip_xgb
1668,travelgram_0040.png,2,4,0,koclip_xgb
1669,travelgram_0040.png,4,4,0,koclip_xgb
1670,travelgram_0040.png,4,3,0,koclip_xgb
1671,travelgram_0040.png,2,1,0,koclip_xgb
1687,travelgram_0052.png,1,4,0,koclip_xgb
1688,travelgram_0052.png,2,3,0,koclip_xgb
1689,travelgram_0052.png,3,4,0,koclip_xgb
1690,travelgram_0052.png,1,4,0,koclip_xgb
1767,travelgram_0072.png,1,2,0,koclip_xgb
1768,travelgram_0072.png,0,1,0,koclip_xgb
1769,travelgram_0072.png,3,2,0,koclip_xgb
1770,travelgram_0072.png,0,3,0,koclip_xgb
1771,travelgram_0072.png,3,2,0,koclip_xgb
1818,travelgram_0085.png,3,4,0,koclip_xgb
1819,travelgram_0085.png,3,4,0,koclip_xgb
1820,travelgram_0085.png,3,3,0,koclip_xgb
1821,travelgram_0085.png,3,3,0,koclip_xgb
1822,travelgram_0085.png,3,3,0,koclip_xgb
1823,travelgram_0085.png,2,2,0,koclip_xgb
1824,travelgram_0085.png,3,3,0,koclip_xgb
1825,travelgram_0085.png,3,3,0,koclip_xgb
1826,travelgram_0085.png,2,2,0,koclip_xgb
1827,travelgram_0085.png,1,0,0,koclip_xgb
1828,travelgram_0085.png,3,4,0,koclip_xgb
1829,travelgram_0085.png,3,2,0,koclip_xgb
1830,travelgram_0085.png,0,0,0,koclip_xgb
1831,travelgram_0085.png,3,3,0,koclip_xgb
1832,travelgram_0085.png,1,1,0,koclip_xgb
1833,travelgram_0085.png,3,3,0,koclip_xgb
1834,travelgram_0085.png,2,2,0,koclip_xgb
1835,travelgram_0085.png,2,2,0,koclip_xgb
1836,travelgram_0085.png,2,2,0,koclip_xgb
1837,travelgram_0085.png,3,3,0,koclip_xgb
1838,travelgram_0085.png,3,3,0,koclip_xgb
1839,travelgram_0085.png,2,2,0,koclip_xgb
1840,travelgram_0085.png,2,2,0,koclip_xgb
1841,travelgram_0085.png,1,4,0,koclip_xgb
1842,travelgram_0085.png,1,3,0,koclip_xgb
1843,travelgram_0085.png,0,1,0,koclip_xgb
1844,travelgram_0085.png,1,1,0,koclip_xgb
1845,travelgram_0085.png,0,1,0,koclip_xgb
1846,travelgram_0085.png,4,3,0,koclip_xgb
1847,travelgram_0085.png,4,3,0,koclip_xgb
1849,travelgram_0088.png,4,3,0,koclip_xgb
1850,travelgram_0088.png,1,3,0,koclip_xgb
1851,travelgram_0088.png,3,3,0,koclip_xgb
1852,travelgram_0088.png,3,2,0,koclip_xgb
1853,travelgram_0088.png,4,4,0,koclip_xgb
1884,solotravel_0008.png,3,3,0,koclip_xgb
1885,solotravel_0008.png,3,4,0,koclip_xgb
1886,solotravel_0008.png,3,3,0,koclip_xgb
1887,solotravel_0008.png,3,4,0,koclip_xgb
1888,solotravel_0008.png,4,4,0,koclip_xgb
1889,solotravel_0008.png,3,3,0,koclip_xgb
1890,solotravel_0008.png,1,1,0,koclip_xgb
1891,solotravel_0008.png,4,4,0,koclip_xgb
1892,solotravel_0008.png,1,4,0,koclip_xgb
1893,solotravel_0008.png,1,4,0,koclip_xgb
1894,solotravel_0008.png,1,4,0,koclip_xgb
1895,solotravel_0008.png,1,4,0,koclip_xgb
1896,solotravel_0008.png,2,2,0,koclip_xgb
1897,solotravel_0008.png,4,3,0,koclip_xgb
1898,solotravel_0008.png,3,3,0,koclip_xgb
1910,solotravel_0015.png,4,0,0,koclip_xgb
1911,solotravel_0015.png,4,4,0,koclip_xgb
1912,solotravel_0015.png,3,3,0,koclip_xgb
1913,solotravel_0015.png,1,3,0,koclip_xgb
1914,solotravel_0015.png,2,3,0,koclip_xgb
1915,solotravel_0018.png,1,2,0,koclip_xgb
1916,solotravel_0018.png,2,2,0,koclip_xgb
1917,solotravel_0018.png,4,4,0,koclip_xgb
1918,solotravel_0018.png,2,2,0,koclip_xgb
1919,solotravel_0018.png,3,3,0,koclip_xgb
1925,solotravel_0021.png,4,2,0,koclip_xgb
1926,solotravel_0021.png,4,1,0,koclip_xgb
1936,solotravel_0026.png,3,2,0,koclip_xgb
1937,solotravel_0026.png,4,4,0,koclip_xgb
1938,solotravel_0026.png,3,4,0,koclip_xgb
1939,solotravel_0026.png,3,2,0,koclip_xgb
1940,solotravel_0026.png,3,3,0,koclip_xgb
1946,solotravel_0029.png,3,1,0,koclip_xgb
1947,solotravel_0029.png,4,4,0,koclip_xgb
1993,solotravel_0041.png,0,4,0,koclip_xgb
1994,solotravel_0041.png,0,4,0,koclip_xgb
1995,solotravel_0041.png,0,4,0,koclip_xgb
1996,solotravel_0041.png,0,4,0,koclip_xgb
1997,solotravel_0041.png,1,4,0,koclip_xgb
1998,solotravel_0041.png,0,1,0,koclip_xgb
1999,solotravel_0042.png,4,1,0,koclip_xgb
2000,solotravel_0042.png,4,3,0,koclip_xgb
2001,solotravel_0042.png,4,3,0,koclip_xgb
2002,solotravel_0042.png,3,3,0,koclip_xgb
2003,solotravel_0042.png,3,3,0,koclip_xgb
2009,solotravel_0044.png,4,4,0,koclip_xgb
2010,solotravel_0044.png,3,4,0,koclip_xgb
2011,solotravel_0044.png,4,4,0,koclip_xgb
2061,solotravel_0052.png,0,3,0,koclip_xgb
2062,solotravel_0052.png,2,3,0,koclip_xgb
2063,solotravel_0052.png,4,4,0,koclip_xgb
2064,solotravel_0052.png,4,4,0,koclip_xgb
2065,solotravel_0052.png,2,3,0,koclip_xgb
2066,solotravel_0054.png,4,4,0,koclip_xgb
2067,solotravel_0054.png,2,3,0,koclip_xgb
2068,solotravel_0054.png,2,3,0,koclip_xgb
2154,solotravel_0071.png,1,0,0,koclip_xgb
2155,solotravel_0071.png,3,3,0,koclip_xgb
2156,solotravel_0071.png,1,1,0,koclip_xgb
2157,solotravel_0071.png,1,1,0,koclip_xgb
2158,solotravel_0071.png,1,1,0,koclip_xgb
2159,solotravel_0074.png,3,2,0,koclip_xgb
2160,solotravel_0074.png,3,4,0,koclip_xgb
2161,solotravel_0074.png,1,4,0,koclip_xgb
2162,solotravel_0074.png,2,3,0,koclip_xgb
2163,solotravel_0074.png,3,4,0,koclip_xgb
2164,solotravel_0074.png,3,1,0,koclip_xgb
2179,solotravel_0077.png,1,1,0,koclip_xgb
2180,solotravel_0077.png,0,3,0,koclip_xgb
2181,solotravel_0077.png,0,0,0,koclip_xgb
2182,solotravel_0077.png,0,4,0,koclip_xgb
2183,solotravel_0077.png,0,1,0,koclip_xgb
2209,solotravel_0086.png,0,4,0,koclip_xgb
2210,solotravel_0086.png,0,4,0,koclip_xgb
2211,solotravel_0086.png,1,4,0,koclip_xgb
2212,solotravel_0086.png,0,3,0,koclip_xgb
2213,solotravel_0086.png,0,4,0,koclip_xgb
2214,solotravel_0087.png,3,4,0,koclip_xgb
2215,solotravel_0087.png,4,4,0,koclip_xgb
2216,solotravel_0087.png,4,1,0,koclip_xgb
2217,solotravel_0087.png,4,4,0,koclip_xgb
2218,solotravel_0087.png,1,1,0,koclip_xgb
2223,solotravel_0090.png,4,3,0,koclip_xgb
2224,solotravel_0090.png,4,3,0,koclip_xgb
2225,solotravel_0090.png,4,4,0,koclip_xgb
2226,solotravel_0090.png,3,3,0,koclip_xgb
2227,solotravel_0090.png,2,2,0,koclip_xgb
2228,solotravel_0090.png,3,3,0,koclip_xgb
2229,solotravel_0090.png,0,1,0,koclip_xgb
2230,solotravel_0090.png,1,2,0,koclip_xgb
2249,travel_0001.png,3,3,0,koclip_xgb
2250,travel_0001.png,4,0,0,koclip_xgb
2251,travel_0001.png,1,4,0,koclip_xgb
2252,travel_0001.png,4,0,0,koclip_xgb
2263,travel_0004.png,4,4,0,koclip_xgb
2264,travel_0004.png,2,2,0,koclip_xgb
2265,travel_0004.png,4,3,0,koclip_xgb
2266,travel_0004.png,3,2,0,koclip_xgb
2267,travel_0004.png,2,2,0,koclip_xgb
2360,travel_0031.png,3,1,0,koclip_xgb
2361,travel_0031.png,4,1,0,koclip_xgb
2362,travel_0031.png,1,1,0,koclip_xgb
2363,travel_0031.png,0,1,0,koclip_xgb
2364,travel_0031.png,0,1,0,koclip_xgb
2365,travel_0031.png,1,3,0,koclip_xgb
2366,travel_0031.png,1,3,0,koclip_xgb
2367,travel_0031.png,0,1,0,koclip_xgb
2368,travel_0031.png,1,3,0,koclip_xgb
2377,travel_0034.png,1,3,0,koclip_xgb
2378,travel_0034.png,4,4,0,koclip_xgb
2379,travel_0034.png,4,4,0,koclip_xgb
2380,travel_0034.png,3,4,0,koclip_xgb
2517,travel_0063.png,1,3,0,koclip_xgb
2518,travel_0063.png,0,4,0,koclip_xgb
2519,travel_0063.png,1,3,0,koclip_xgb
2520,travel_0063.png,1,1,0,koclip_xgb
2521,travel_0063.png,1,2,0,koclip_xgb
2538,travel_0074.png,1,4,0,koclip_xgb
2539,travel_0074.png,0,4,0,koclip_xgb
2540,travel_0074.png,1,2,0,koclip_xgb
2541,travel_0074.png,1,4,0,koclip_xgb
2542,travel_0074.png,1,1,0,koclip_xgb
2543,travel_0074.png,1,3,0,koclip_xgb
2544,travel_0074.png,0,2,0,koclip_xgb
2545,travel_0074.png,3,3,0,koclip_xgb
2546,travel_0074.png,1,3,0,koclip_xgb
2547,travel_0074.png,1,4,0,koclip_xgb
2548,travel_0074.png,1,4,0,koclip_xgb
2549,travel_0074.png,1,4,0,koclip_xgb
2550,travel_0074.png,0,4,0,koclip_xgb
2551,travel_0074.png,0,1,0,koclip_xgb
2552,travel_0074.png,0,1,0,koclip_xgb
2553,travel_0074.png,0,1,0,koclip_xgb
2554,travel_0074.png,0,3,0,koclip_xgb
2555,travel_0074.png,1,4,0,koclip_xgb
2556,travel_0074.png,1,4,0,koclip_xgb
2557,travel_0074.png,0,0,0,koclip_xgb
2558,travel_0074.png,3,3,0,koclip_xgb
2559,travel_0074.png,0,1,0,koclip_xgb
2560,travel_0074.png,0,1,0,koclip_xgb
2561,travel_0074.png,1,1,0,koclip_xgb
2562,travel_0074.png,0,0,0,koclip_xgb
2579,travel_0078.png,4,1,0,koclip_xgb
2580,travel_0078.png,3,1,0,koclip_xgb
2581,travel_0078.png,3,1,0,koclip_xgb
2582,travel_0078.png,3,3,0,koclip_xgb
2583,travel_0078.png,3,3,0,koclip_xgb
2584,travel_0078.png,1,1,0,koclip_xgb
2585,travel_0078.png,2,3,0,koclip_xgb
2586,travel_0078.png,1,2,0,koclip_xgb
2598,travel_0083.png,4,4,0,koclip_xgb
2599,travel_0083.png,3,4,0,koclip_xgb
2600,travel_0083.png,4,3,0,koclip_xgb
2601,travel_0083.png,4,4,0,koclip_xgb
2602,travel_0083.png,4,1,0,koclip_xgb
2603,travel_0084.png,4,4,0,koclip_xgb
2659,foodstagram_0009.png,3,4,0,koclip_xgb
2660,foodstagram_0009.png,4,4,0,koclip_xgb
2661,foodstagram_0009.png,4,1,0,koclip_xgb
2662,foodstagram_0009.png,3,3,0,koclip_xgb
2663,foodstagram_0009.png,4,4,0,koclip_xgb
2689,foodstagram_0013.png,4,4,0,koclip_xgb
2690,foodstagram_0013.png,1,4,0,koclip_xgb
2691,foodstagram_0013.png,4,4,0,koclip_xgb
2692,foodstagram_0013.png,4,4,0,koclip_xgb
2693,foodstagram_0013.png,4,4,0,koclip_xgb
2694,foodstagram_0013.png,4,4,0,koclip_xgb
2702,foodstagram_0018.png,1,1,0,koclip_xgb
2703,foodstagram_0018.png,4,4,0,koclip_xgb
2704,foodstagram_0018.png,1,1,0,koclip_xgb
2705,foodstagram_0018.png,3,3,0,koclip_xgb
2706,foodstagram_0018.png,2,2,0,koclip_xgb
2707,foodstagram_0018.png,3,4,0,koclip_xgb
2708,foodstagram_0018.png,3,3,0,koclip_xgb
2709,foodstagram_0018.png,3,3,0,koclip_xgb
2710,foodstagram_0018.png,3,3,0,koclip_xgb
2711,foodstagram_0018.png,2,3,0,koclip_xgb
2712,foodstagram_0018.png,3,2,0,koclip_xgb
2713,foodstagram_0018.png,3,3,0,koclip_xgb
2714,foodstagram_0018.png,1,1,0,koclip_xgb
2715,foodstagram_0018.png,1,1,0,koclip_xgb
2716,foodstagram_0018.png,0,1,0,koclip_xgb
2717,foodstagram_0018.png,1,1,0,koclip_xgb
2718,foodstagram_0018.png,1,1,0,koclip_xgb
2719,foodstagram_0018.png,1,1,0,koclip_xgb
2720,foodstagram_0018.png,3,4,0,koclip_xgb
2721,foodstagram_0018.png,1,1,0,koclip_xgb
2722,foodstagram_0018.png,1,1,0,koclip_xgb
2723,foodstagram_0018.png,2,2,0,koclip_xgb
2724,foodstagram_0018.png,2,1,0,koclip_xgb
2725,foodstagram_0018.png,1,1,0,koclip_xgb
2726,foodstagram_0018.png,3,3,0,koclip_xgb
2727,foodstagram_0018.png,2,1,0,koclip_xgb
2728,foodstagram_0018.png,3,1,0,koclip_xgb
2729,foodstagram_0018.png,3,3,0,koclip_xgb
2730,foodstagram_0018.png,4,4,0,koclip_xgb
2731,foodstagram_0018.png,0,4,0,koclip_xgb
2768,foodstagram_0023.png,3,1,0,koclip_xgb
2769,foodstagram_0023.png,3,1,0,koclip_xgb
2770,foodstagram_0023.png,1,1,0,koclip_xgb
2803,foodstagram_0027.png,2,4,0,koclip_xgb
2804,foodstagram_0027.png,4,4,0,koclip_xgb
2805,foodstagram_0027.png,4,3,0,koclip_xgb
2806,foodstagram_0027.png,3,3,0,koclip_xgb
2807,foodstagram_0027.png,4,4,0,koclip_xgb
2808,foodstagram_0027.png,3,4,0,koclip_xgb
2809,foodstagram_0027.png,3,4,0,koclip_xgb
2810,foodstagram_0027.png,2,3,0,koclip_xgb
2811,foodstagram_0027.png,0,1,0,koclip_xgb
2812,foodstagram_0027.png,4,3,0,koclip_xgb
2813,foodstagram_0027.png,2,2,0,koclip_xgb
2814,foodstagram_0027.png,3,4,0,koclip_xgb
2815,foodstagram_0027.png,4,4,0,koclip_xgb
2816,foodstagram_0027.png,2,2,0,koclip_xgb
2817,foodstagram_0030.png,4,4,0,koclip_xgb
2818,foodstagram_0030.png,4,3,0,koclip_xgb
2819,foodstagram_0030.png,4,4,0,koclip_xgb
2820,foodstagram_0030.png,4,4,0,koclip_xgb
2821,foodstagram_0030.png,0,1,0,koclip_xgb
2832,foodstagram_0034.png,4,4,0,koclip_xgb
2833,foodstagram_0034.png,4,4,0,koclip_xgb
2839,foodstagram_0036.png,4,3,0,koclip_xgb
2848,foodstagram_0040.png,4,4,0,koclip_xgb
2849,foodstagram_0040.png,4,3,0,koclip_xgb
2850,foodstagram_0040.png,3,4,0,koclip_xgb
2851,foodstagram_0040.png,1,1,0,koclip_xgb
2857,foodstagram_0042.png,2,1,0,koclip_xgb
2863,foodstagram_0045.png,3,4,0,koclip_xgb
2864,foodstagram_0045.png,3,4,0,koclip_xgb
2865,foodstagram_0045.png,3,4,0,koclip_xgb
2871,foodstagram_0050.png,4,1,0,koclip_xgb
2872,foodstagram_0050.png,3,3,0,koclip_xgb
2873,foodstagram_0050.png,2,0,0,koclip_xgb
2874,foodstagram_0050.png,1,1,0,koclip_xgb
2927,foodstagram_0060.png,4,4,0,koclip_xgb
2928,foodstagram_0060.png,3,3,0,koclip_xgb
2929,foodstagram_0060.png,3,4,0,koclip_xgb
2930,foodstagram_0060.png,3,3,0,koclip_xgb
2939,foodstagram_0063.png,4,4,0,koclip_xgb
2940,foodstagram_0063.png,4,4,0,koclip_xgb
2941,foodstagram_0063.png,4,3,0,koclip_xgb
2942,foodstagram_0063.png,4,4,0,koclip_xgb
2943,foodstagram_0063.png,4,4,0,koclip_xgb
2944,foodstagram_0064.png,4,4,0,koclip_xgb
2945,foodstagram_0064.png,2,4,0,koclip_xgb
2946,foodstagram_0064.png,2,3,0,koclip_xgb
2947,foodstagram_0064.png,2,1,0,koclip_xgb
2948,foodstagram_0064.png,3,3,0,koclip_xgb
2954,foodstagram_0066.png,4,4,0,koclip_xgb
2955,foodstagram_0066.png,3,3,0,koclip_xgb
2956,foodstagram_0066.png,3,4,0,koclip_xgb
2957,foodstagram_0066.png,3,3,0,koclip_xgb
2958,foodstagram_0066.png,3,3,0,koclip_xgb
2959,foodstagram_0066.png,4,4,0,koclip_xgb
2960,foodstagram_0066.png,4,1,0,koclip_xgb
2961,foodstagram_0066.png,1,3,0,koclip_xgb
2962,foodstagram_0066.png,1,1,0,koclip_xgb
2963,foodstagram_0066.png,4,4,0,koclip_xgb
2964,foodstagram_0066.png,3,3,0,koclip_xgb
2965,foodstagram_0066.png,4,4,0,koclip_xgb
2966,foodstagram_0066.png,4,4,0,koclip_xgb
2967,foodstagram_0066.png,3,1,0,koclip_xgb
2968,foodstagram_0066.png,3,3,0,koclip_xgb
2969,foodstagram_0066.png,2,2,0,koclip_xgb
2970,foodstagram_0066.png,3,3,0,koclip_xgb
2971,foodstagram_0066.png,3,3,0,koclip_xgb
2972,foodstagram_0066.png,2,3,0,koclip_xgb
2973,foodstagram_0066.png,2,3,0,koclip_xgb
2974,foodstagram_0066.png,0,1,0,koclip_xgb
2975,foodstagram_0066.png,0,1,0,koclip_xgb
2976,foodstagram_0066.png,1,1,0,koclip_xgb
2977,foodstagram_0066.png,0,3,0,koclip_xgb
2978,foodstagram_0066.png,0,3,0,koclip_xgb
3001,foodstagram_0069.png,4,4,0,koclip_xgb
3002,foodstagram_0069.png,0,1,0,koclip_xgb
3003,foodstagram_0069.png,3,4,0,koclip_xgb
3032,foodstagram_0082.png,0,3,0,koclip_xgb
3043,foodstagram_0086.png,4,4,0,koclip_xgb
3044,foodstagram_0086.png,4,4,0,koclip_xgb
3045,foodstagram_0086.png,4,4,0,koclip_xgb
3229,meokstagram_0019.png,1,4,0,koclip_xgb
3230,meokstagram_0019.png,3,2,0,koclip_xgb
3231,meokstagram_0019.png,4,4,0,koclip_xgb
3232,meokstagram_0019.png,4,4,0,koclip_xgb
3233,meokstagram_0019.png,4,4,0,koclip_xgb
3251,meokstagram_0029.png,4,4,0,koclip_xgb
3252,meokstagram_0029.png,4,3,0,koclip_xgb
3253,meokstagram_0029.png,3,1,0,koclip_xgb
3254,meokstagram_0029.png,4,0,0,koclip_xgb
3255,meokstagram_0029.png,3,3,0,koclip_xgb
3261,meokstagram_0032.png,1,1,0,koclip_xgb
3262,meokstagram_0032.png,4,4,0,koclip_xgb
3263,meokstagram_0032.png,1,1,0,koclip_xgb
3264,meokstagram_0032.png,0,3,0,koclip_xgb
3265,meokstagram_0032.png,1,2,0,koclip_xgb
3285,meokstagram_0034.png,3,3,0,koclip_xgb
3294,meokstagram_0037.png,4,4,0,koclip_xgb
3302,meokstagram_0041.png,4,1,0,koclip_xgb
3303,meokstagram_0041.png,4,4,0,koclip_xgb
3304,meokstagram_0041.png,4,1,0,koclip_xgb
3305,meokstagram_0041.png,3,4,0,koclip_xgb
3306,meokstagram_0041.png,4,1,0,koclip_xgb
3307,meokstagram_0041.png,4,4,0,koclip_xgb
3308,meokstagram_0041.png,3,3,0,koclip_xgb
3309,meokstagram_0041.png,3,3,0,koclip_xgb
3310,meokstagram_0041.png,3,3,0,koclip_xgb
3311,meokstagram_0041.png,3,1,0,koclip_xgb
3312,meokstagram_0041.png,3,3,0,koclip_xgb
3313,meokstagram_0041.png,3,3,0,koclip_xgb
3316,meokstagram_0045.png,3,1,0,koclip_xgb
3317,meokstagram_0045.png,0,4,0,koclip_xgb
3318,meokstagram_0045.png,4,4,0,koclip_xgb
3319,meokstagram_0045.png,1,1,0,koclip_xgb
3320,meokstagram_0045.png,4,3,0,koclip_xgb
3321,meokstagram_0045.png,3,3,0,koclip_xgb
3322,meokstagram_0045.png,3,3,0,koclip_xgb
3323,meokstagram_0045.png,3,3,0,koclip_xgb
3324,meokstagram_0045.png,2,2,0,koclip_xgb
3325,meokstagram_0045.png,1,1,0,koclip_xgb
3326,meokstagram_0045.png,2,2,0,koclip_xgb
3327,meokstagram_0045.png,0,0,0,koclip_xgb
3328,meokstagram_0045.png,0,1,0,koclip_xgb
3329,meokstagram_0045.png,3,3,0,koclip_xgb
3330,meokstagram_0045.png,3,3,0,koclip_xgb
3331,meokstagram_0045.png,4,4,0,koclip_xgb
3332,meokstagram_0045.png,4,4,0,koclip_xgb
3333,meokstagram_0045.png,4,4,0,koclip_xgb
3334,meokstagram_0045.png,4,1,0,koclip_xgb
3335,meokstagram_0045.png,4,3,0,koclip_xgb
3336,meokstagram_0045.png,1,4,0,koclip_xgb
3337,meokstagram_0045.png,1,4,0,koclip_xgb
3338,meokstagram_0045.png,1,4,0,koclip_xgb
3355,meokstagram_0049.png,0,1,0,koclip_xgb
3356,meokstagram_0049.png,0,4,0,koclip_xgb
3357,meokstagram_0049.png,0,4,0,koclip_xgb
3358,meokstagram_0049.png,0,4,0,koclip_xgb
3359,meokstagram_0049.png,0,4,0,koclip_xgb
3360,meokstagram_0049.png,0,4,0,koclip_xgb
3361,meokstagram_0049.png,0,4,0,koclip_xgb
3362,meokstagram_0049.png,1,3,0,koclip_xgb
3363,meokstagram_0049.png,1,3,0,koclip_xgb
3364,meokstagram_0049.png,2,3,0,koclip_xgb
3365,meokstagram_0049.png,1,3,0,koclip_xgb
3366,meokstagram_0049.png,0,3,0,koclip_xgb
3367,meokstagram_0049.png,0,4,0,koclip_xgb
3368,meokstagram_0049.png,0,3,0,koclip_xgb
3369,meokstagram_0049.png,0,0,0,koclip_xgb
3370,meokstagram_0049.png,0,2,0,koclip_xgb
3371,meokstagram_0049.png,0,3,0,koclip_xgb
3372,meokstagram_0049.png,0,3,0,koclip_xgb
3373,meokstagram_0049.png,0,3,0,koclip_xgb
3374,meokstagram_0049.png,0,2,0,koclip_xgb
3375,meokstagram_0049.png,0,2,0,koclip_xgb
3376,meokstagram_0049.png,0,4,0,koclip_xgb
3377,meokstagram_0049.png,0,2,0,koclip_xgb
3378,meokstagram_0049.png,0,4,0,koclip_xgb
3379,meokstagram_0049.png,0,4,0,koclip_xgb
3380,meokstagram_0049.png,0,1,0,koclip_xgb
3381,meokstagram_0049.png,0,4,0,koclip_xgb
3382,meokstagram_0049.png,1,1,0,koclip_xgb
3383,meokstagram_0049.png,0,3,0,koclip_xgb
3384,meokstagram_0050.png,4,1,0,koclip_xgb
3385,meokstagram_0050.png,3,1,0,koclip_xgb
3568,meokstagram_0083.png,3,3,0,koclip_xgb
3569,meokstagram_0083.png,3,3,0,koclip_xgb
3570,meokstagram_0083.png,4,4,0,koclip_xgb
3571,meokstagram_0083.png,4,4,0,koclip_xgb
3572,meokstagram_0083.png,4,4,0,koclip_xgb
3576,meokstagram_0085.png,4,4,0,koclip_xgb
3577,meokstagram_0086.png,4,3,0,koclip_xgb
3578,meokstagram_0086.png,1,1,0,koclip_xgb
3579,meokstagram_0086.png,1,0,0,koclip_xgb
3580,meokstagram_0086.png,1,1,0,koclip_xgb
3581,meokstagram_0086.png,0,1,0,koclip_xgb
3612,meokstagram_0096.png,1,4,0,koclip_xgb
3613,meokstagram_0096.png,4,1,0,koclip_xgb
3614,meokstagram_0096.png,4,4,0,koclip_xgb
3678,jmt_0015.png,4,4,0,koclip_xgb
3679,jmt_0015.png,4,4,0,koclip_xgb
3680,jmt_0015.png,4,4,0,koclip_xgb
3681,jmt_0015.png,2,3,0,koclip_xgb
3682,jmt_0015.png,3,3,0,koclip_xgb
3683,jmt_0016.png,4,4,0,koclip_xgb
3713,jmt_0031.png,0,1,0,koclip_xgb
3714,jmt_0031.png,1,4,0,koclip_xgb
3715,jmt_0031.png,4,4,0,koclip_xgb
3716,jmt_0031.png,2,2,0,koclip_xgb
3717,jmt_0031.png,2,2,0,koclip_xgb
3737,jmt_0038.png,0,1,0,koclip_xgb
3738,jmt_0038.png,4,3,0,koclip_xgb
3739,jmt_0038.png,4,4,0,koclip_xgb
3740,jmt_0038.png,3,4,0,koclip_xgb
3741,jmt_0039.png,4,4,0,koclip_xgb
3742,jmt_0039.png,1,4,0,koclip_xgb
3743,jmt_0039.png,3,1,0,koclip_xgb
3744,jmt_0039.png,3,3,0,koclip_xgb
3745,jmt_0039.png,2,2,0,koclip_xgb
3795,jmt_0057.png,0,1,0,koclip_xgb
3796,jmt_0057.png,2,4,0,koclip_xgb
3797,jmt_0057.png,0,1,0,koclip_xgb
3799,jmt_0060.png,4,1,0,koclip_xgb
3800,jmt_0060.png,4,4,0,koclip_xgb
3801,jmt_0060.png,4,4,0,koclip_xgb
3802,jmt_0060.png,3,4,0,koclip_xgb
3803,jmt_0060.png,3,2,0,koclip_xgb
3814,jmt_0063.png,4,3,0,koclip_xgb
3815,jmt_0063.png,4,4,0,koclip_xgb
3816,jmt_0063.png,2,2,0,koclip_xgb
3817,jmt_0063.png,3,4,0,koclip_xgb
3823,jmt_0068.png,4,4,0,koclip_xgb
3824,jmt_0068.png,4,4,0,koclip_xgb
3866,jmt_0075.png,4,4,0,koclip_xgb
3867,jmt_0075.png,4,4,0,koclip_xgb
3868,jmt_0075.png,1,3,0,koclip_xgb
3869,jmt_0075.png,4,4,0,koclip_xgb
3870,jmt_0075.png,1,4,0,koclip_xgb
3871,jmt_0075.png,4,3,0,koclip_xgb
3872,jmt_0075.png,2,4,0,koclip_xgb
3873,jmt_0075.png,3,3,0,koclip_xgb
3874,jmt_0075.png,2,4,0,koclip_xgb
3875,jmt_0075.png,2,4,0,koclip_xgb
3876,jmt_0077.png,1,1,0,koclip_xgb
3877,jmt_0077.png,1,1,0,koclip_xgb
3878,jmt_0077.png,4,1,0,koclip_xgb
3879,jmt_0077.png,3,1,0,koclip_xgb
3880,jmt_0077.png,2,1,0,koclip_xgb
3901,jmt_0086.png,0,1,0,koclip_xgb
3902,jmt_0086.png,4,3,0,koclip_xgb
3903,jmt_0086.png,3,4,0,koclip_xgb
3904,jmt_0086.png,4,1,0,koclip_xgb
3905,jmt_0086.png,4,2,0,koclip_xgb
3911,jmt_0089.png,4,4,0,koclip_xgb
3912,jmt_0089.png,1,4,0,koclip_xgb
3913,jmt_0089.png,1,4,0,koclip_xgb
3914,jmt_0089.png,4,1,0,koclip_xgb
3915,jmt_0089.png,1,4,0,koclip_xgb
3930,jmt_0094.png,2,2,0,koclip_xgb
3931,jmt_0094.png,4,3,0,koclip_xgb
3961,makeup_0003.png,1,1,0,koclip_xgb
3962,makeup_0003.png,4,3,0,koclip_xgb
3963,makeup_0003.png,4,4,0,koclip_xgb
3964,makeup_0003.png,4,4,0,koclip_xgb
3965,makeup_0003.png,3,3,0,koclip_xgb
3974,makeup_0006.png,4,1,0,koclip_xgb
3975,makeup_0006.png,1,1,0,koclip_xgb
3976,makeup_0006.png,3,0,0,koclip_xgb
3977,makeup_0006.png,0,0,0,koclip_xgb
3978,makeup_0006.png,3,1,0,koclip_xgb
3989,makeup_0012.png,4,2,0,koclip_xgb
3990,makeup_0012.png,4,4,0,koclip_xgb
3991,makeup_0015.png,4,4,0,koclip_xgb
3992,makeup_0015.png,4,4,0,koclip_xgb
3999,makeup_0018.png,4,4,0,koclip_xgb
4011,makeup_0026.png,4,3,0,koclip_xgb
4027,makeup_0028.png,4,2,0,koclip_xgb
4028,makeup_0028.png,3,1,0,koclip_xgb
4029,makeup_0028.png,1,2,0,koclip_xgb
4030,makeup_0028.png,4,4,0,koclip_xgb
4031,makeup_0028.png,2,3,0,koclip_xgb
4080,makeup_0035.png,4,4,0,koclip_xgb
4081,makeup_0035.png,2,3,0,koclip_xgb
4082,makeup_0035.png,3,1,0,koclip_xgb
4083,makeup_0035.png,4,3,0,koclip_xgb
4084,makeup_0035.png,3,2,0,koclip_xgb
4085,makeup_0035.png,2,4,0,koclip_xgb
4086,makeup_0035.png,3,3,0,koclip_xgb
4087,makeup_0035.png,3,2,0,koclip_xgb
4088,makeup_0035.png,3,4,0,koclip_xgb
4089,makeup_0035.png,1,1,0,koclip_xgb
4090,makeup_0035.png,2,4,0,koclip_xgb
4091,makeup_0035.png,1,1,0,koclip_xgb
4092,makeup_0035.png,2,3,0,koclip_xgb
4093,makeup_0035.png,3,2,0,koclip_xgb
4094,makeup_0035.png,1,1,0,koclip_xgb
4095,makeup_0035.png,1,2,0,koclip_xgb
4104,makeup_0038.png,4,3,0,koclip_xgb
4105,makeup_0038.png,4,4,0,koclip_xgb
4106,makeup_0038.png,4,3,0,koclip_xgb
4107,makeup_0038.png,4,4,0,koclip_xgb
4108,makeup_0038.png,4,3,0,koclip_xgb
4109,makeup_0038.png,3,1,0,koclip_xgb
4110,makeup_0038.png,2,2,0,koclip_xgb
4111,makeup_0038.png,3,3,0,koclip_xgb
4112,makeup_0038.png,1,1,0,koclip_xgb
4113,makeup_0038.png,1,0,0,koclip_xgb
4114,makeup_0039.png,4,4,0,koclip_xgb
4115,makeup_0039.png,1,1,0,koclip_xgb
4116,makeup_0039.png,3,3,0,koclip_xgb
4117,makeup_0039.png,3,3,0,koclip_xgb
4118,makeup_0039.png,4,2,0,koclip_xgb
4171,makeup_0055.png,4,2,0,koclip_xgb
4172,makeup_0055.png,4,2,0,koclip_xgb
4173,makeup_0055.png,4,1,0,koclip_xgb
4174,makeup_0055.png,4,3,0,koclip_xgb
4175,makeup_0055.png,4,2,0,koclip_xgb
4195,makeup_0062.png,4,4,0,koclip_xgb
4196,makeup_0062.png,4,4,0,koclip_xgb
4197,makeup_0062.png,1,2,0,koclip_xgb
4198,makeup_0062.png,3,3,0,koclip_xgb
4199,makeup_0062.png,1,3,0,koclip_xgb
4225,makeup_0070.png,4,4,0,koclip_xgb
4238,makeup_0072.png,4,4,0,koclip_xgb
4239,makeup_0072.png,1,4,0,koclip_xgb
4240,makeup_0072.png,4,4,0,koclip_xgb
4241,makeup_0072.png,3,3,0,koclip_xgb
4242,makeup_0072.png,4,3,0,koclip_xgb
4243,makeup_0073.png,4,2,0,koclip_xgb
4244,makeup_0073.png,1,4,0,koclip_xgb
4246,makeup_0076.png,4,4,0,koclip_xgb
4247,makeup_0076.png,4,4,0,koclip_xgb
4248,makeup_0076.png,3,1,0,koclip_xgb
4249,makeup_0076.png,2,4,0,koclip_xgb
4250,makeup_0076.png,4,1,0,koclip_xgb
4311,makeup_0086.png,2,2,0,koclip_xgb
4312,makeup_0086.png,3,4,0,koclip_xgb
4313,makeup_0086.png,3,2,0,koclip_xgb
4314,makeup_0086.png,1,4,0,koclip_xgb
4315,makeup_0086.png,1,4,0,koclip_xgb
4327,makeup_0090.png,4,4,0,koclip_xgb
4328,makeup_0090.png,3,3,0,koclip_xgb
4341,makeup_0100.png,4,4,0,koclip_xgb
4342,makeup_0100.png,3,3,0,koclip_xgb
4343,makeup_0100.png,4,4,0,koclip_xgb
4344,dailymakeup_0001.png,4,3,0,koclip_xgb
4350,dailymakeup_0004.png,1,1,0,koclip_xgb
4351,dailymakeup_0004.png,1,1,0,koclip_xgb
4352,dailymakeup_0004.png,3,3,0,koclip_xgb
4374,dailymakeup_0013.png,3,3,0,koclip_xgb
4375,dailymakeup_0013.png,1,1,0,koclip_xgb
4376,dailymakeup_0013.png,1,1,0,koclip_xgb
4377,dailymakeup_0013.png,1,1,0,koclip_xgb
4378,dailymakeup_0013.png,1,4,0,koclip_xgb
4379,dailymakeup_0013.png,1,1,0,koclip_xgb
4380,dailymakeup_0013.png,1,1,0,koclip_xgb
4381,dailymakeup_0013.png,0,1,0,koclip_xgb
4382,dailymakeup_0013.png,0,1,0,koclip_xgb
4383,dailymakeup_0013.png,1,1,0,koclip_xgb
4384,dailymakeup_0013.png,1,1,0,koclip_xgb
4385,dailymakeup_0013.png,2,2,0,koclip_xgb
4386,dailymakeup_0013.png,1,2,0,koclip_xgb
4387,dailymakeup_0013.png,1,1,0,koclip_xgb
4388,dailymakeup_0013.png,1,1,0,koclip_xgb
4389,dailymakeup_0013.png,4,3,0,koclip_xgb
4390,dailymakeup_0013.png,3,3,0,koclip_xgb
4391,dailymakeup_0013.png,3,1,0,koclip_xgb
4392,dailymakeup_0013.png,4,3,0,koclip_xgb
4393,dailymakeup_0013.png,4,1,0,koclip_xgb
4394,dailymakeup_0013.png,4,2,0,koclip_xgb
4395,dailymakeup_0014.png,3,3,0,koclip_xgb
4396,dailymakeup_0014.png,1,1,0,koclip_xgb
4397,dailymakeup_0014.png,1,1,0,koclip_xgb
4398,dailymakeup_0014.png,1,2,0,koclip_xgb
4399,dailymakeup_0014.png,2,1,0,koclip_xgb
4411,dailymakeup_0018.png,3,1,0,koclip_xgb
4412,dailymakeup_0018.png,3,1,0,koclip_xgb
4413,dailymakeup_0018.png,2,1,0,koclip_xgb
4427,dailymakeup_0022.png,4,2,0,koclip_xgb
4428,dailymakeup_0022.png,2,2,0,koclip_xgb
4439,dailymakeup_0025.png,4,3,0,koclip_xgb
4440,dailymakeup_0025.png,3,4,0,koclip_xgb
4441,dailymakeup_0025.png,3,3,0,koclip_xgb
4442,dailymakeup_0025.png,2,3,0,koclip_xgb
4443,dailymakeup_0025.png,2,1,0,koclip_xgb
4452,dailymakeup_0027.png,4,3,0,koclip_xgb
4453,dailymakeup_0027.png,1,4,0,koclip_xgb
4454,dailymakeup_0027.png,0,1,0,koclip_xgb
4455,dailymakeup_0027.png,0,4,0,koclip_xgb
4456,dailymakeup_0027.png,0,1,0,koclip_xgb
4457,dailymakeup_0028.png,2,1,0,koclip_xgb
4458,dailymakeup_0028.png,2,1,0,koclip_xgb
4459,dailymakeup_0028.png,4,1,0,koclip_xgb
4460,dailymakeup_0028.png,1,2,0,koclip_xgb
4461,dailymakeup_0028.png,4,1,0,koclip_xgb
4462,dailymakeup_0028.png,2,1,0,koclip_xgb
4463,dailymakeup_0028.png,2,1,0,koclip_xgb
4464,dailymakeup_0028.png,0,1,0,koclip_xgb
4465,dailymakeup_0028.png,0,1,0,koclip_xgb
4466,dailymakeup_0028.png,4,1,0,koclip_xgb
4467,dailymakeup_0028.png,3,4,0,koclip_xgb
4468,dailymakeup_0028.png,3,3,0,koclip_xgb
4469,dailymakeup_0028.png,3,1,0,koclip_xgb
4470,dailymakeup_0028.png,0,1,0,koclip_xgb
4471,dailymakeup_0028.png,0,1,0,koclip_xgb
4472,dailymakeup_0028.png,1,1,0,koclip_xgb
4473,dailymakeup_0028.png,0,2,0,koclip_xgb
4474,dailymakeup_0028.png,0,1,0,koclip_xgb
4521,dailymakeup_0037.png,3,1,0,koclip_xgb
4522,dailymakeup_0037.png,4,1,0,koclip_xgb
4523,dailymakeup_0037.png,3,1,0,koclip_xgb
4524,dailymakeup_0037.png,2,1,0,koclip_xgb
4525,dailymakeup_0037.png,0,1,0,koclip_xgb
4526,dailymakeup_0037.png,3,1,0,koclip_xgb
4527,dailymakeup_0037.png,4,1,0,koclip_xgb
4528,dailymakeup_0037.png,2,4,0,koclip_xgb
4529,dailymakeup_0037.png,3,3,0,koclip_xgb
4530,dailymakeup_0037.png,4,4,0,koclip_xgb
4531,dailymakeup_0037.png,3,3,0,koclip_xgb
4532,dailymakeup_0037.png,3,4,0,koclip_xgb
4533,dailymakeup_0037.png,4,3,0,koclip_xgb
4534,dailymakeup_0037.png,2,2,0,koclip_xgb
4535,dailymakeup_0037.png,1,3,0,koclip_xgb
4536,dailymakeup_0037.png,1,4,0,koclip_xgb
4537,dailymakeup_0037.png,3,3,0,koclip_xgb
4538,dailymakeup_0037.png,1,2,0,koclip_xgb
4539,dailymakeup_0037.png,1,3,0,koclip_xgb
4540,dailymakeup_0037.png,2,3,0,koclip_xgb
4541,dailymakeup_0037.png,1,1,0,koclip_xgb
4542,dailymakeup_0037.png,3,3,0,koclip_xgb
4543,dailymakeup_0037.png,2,3,0,koclip_xgb
4552,dailymakeup_0040.png,3,3,0,koclip_xgb
4553,dailymakeup_0041.png,4,4,0,koclip_xgb
4592,dailymakeup_0051.png,4,4,0,koclip_xgb
4593,dailymakeup_0051.png,4,3,0,koclip_xgb
4594,dailymakeup_0051.png,4,2,0,koclip_xgb
4595,dailymakeup_0051.png,3,1,0,koclip_xgb
4596,dailymakeup_0051.png,2,1,0,koclip_xgb
4597,dailymakeup_0051.png,2,3,0,koclip_xgb
4598,dailymakeup_0051.png,1,3,0,koclip_xgb
4599,dailymakeup_0051.png,1,2,0,koclip_xgb
4600,dailymakeup_0051.png,4,4,0,koclip_xgb
4601,dailymakeup_0051.png,2,3,0,koclip_xgb
4602,dailymakeup_0051.png,0,4,0,koclip_xgb
4603,dailymakeup_0051.png,0,3,0,koclip_xgb
4604,dailymakeup_0051.png,1,4,0,koclip_xgb
4605,dailymakeup_0051.png,1,3,0,koclip_xgb
4606,dailymakeup_0051.png,2,4,0,koclip_xgb
4607,dailymakeup_0051.png,0,3,0,koclip_xgb
4608,dailymakeup_0051.png,1,1,0,koclip_xgb
4609,dailymakeup_0051.png,1,3,0,koclip_xgb
4610,dailymakeup_0051.png,1,1,0,koclip_xgb
4611,dailymakeup_0051.png,0,1,0,koclip_xgb
4612,dailymakeup_0051.png,0,1,0,koclip_xgb
4613,dailymakeup_0051.png,3,2,0,koclip_xgb
4614,dailymakeup_0051.png,3,4,0,koclip_xgb
4615,dailymakeup_0051.png,3,1,0,koclip_xgb
4616,dailymakeup_0051.png,2,2,0,koclip_xgb
4617,dailymakeup_0051.png,1,1,0,koclip_xgb
4618,dailymakeup_0051.png,2,3,0,koclip_xgb
4619,dailymakeup_0051.png,1,1,0,koclip_xgb
4620,dailymakeup_0051.png,0,1,0,koclip_xgb
4674,dailymakeup_0067.png,4,3,0,koclip_xgb
4700,dailymakeup_0070.png,2,4,0,koclip_xgb
4701,dailymakeup_0070.png,3,1,0,koclip_xgb
4702,dailymakeup_0070.png,1,4,0,koclip_xgb
4703,dailymakeup_0070.png,3,1,0,koclip_xgb
4704,dailymakeup_0070.png,1,1,0,koclip_xgb
4734,dailymakeup_0079.png,3,2,0,koclip_xgb
4735,dailymakeup_0079.png,4,3,0,koclip_xgb
4736,dailymakeup_0079.png,3,1,0,koclip_xgb
4785,dailymakeup_0092.png,3,3,0,koclip_xgb
4786,dailymakeup_0092.png,3,3,0,koclip_xgb
4787,dailymakeup_0092.png,2,2,0,koclip_xgb
4788,dailymakeup_0092.png,3,2,0,koclip_xgb
4789,dailymakeup_0092.png,1,2,0,koclip_xgb
4803,dailymakeup_0098.png,0,2,0,koclip_xgb
4804,dailymakeup_0098.png,1,4,0,koclip_xgb
4805,dailymakeup_0098.png,1,4,0,koclip_xgb
4806,dailymakeup_0098.png,3,4,0,koclip_xgb
4856,kkuankku_0007.png,3,3,0,koclip_xgb
4857,kkuankku_0007.png,4,3,0,koclip_xgb
4858,kkuankku_0007.png,3,3,0,koclip_xgb
4859,kkuankku_0007.png,2,2,0,koclip_xgb
4860,kkuankku_0007.png,3,3,0,koclip_xgb
4861,kkuankku_0007.png,3,3,0,koclip_xgb
4862,kkuankku_0007.png,4,3,0,koclip_xgb
4863,kkuankku_0007.png,2,3,0,koclip_xgb
4864,kkuankku_0007.png,1,3,0,koclip_xgb
4865,kkuankku_0007.png,4,4,0,koclip_xgb
4866,kkuankku_0007.png,3,3,0,koclip_xgb
4867,kkuankku_0007.png,3,3,0,koclip_xgb
4868,kkuankku_0007.png,1,3,0,koclip_xgb
4869,kkuankku_0007.png,4,4,0,koclip_xgb
4870,kkuankku_0007.png,3,3,0,koclip_xgb
4871,kkuankku_0007.png,1,4,0,koclip_xgb
4872,kkuankku_0007.png,2,2,0,koclip_xgb
4873,kkuankku_0007.png,3,3,0,koclip_xgb
4874,kkuankku_0007.png,3,3,0,koclip_xgb
4875,kkuankku_0007.png,3,3,0,koclip_xgb
4876,kkuankku_0007.png,2,4,0,koclip_xgb
4877,kkuankku_0007.png,1,4,0,koclip_xgb
4878,kkuankku_0008.png,4,4,0,koclip_xgb
4879,kkuankku_0008.png,4,3,0,koclip_xgb
4880,kkuankku_0008.png,3,4,0,koclip_xgb
4881,kkuankku_0008.png,3,3,0,koclip_xgb
4882,kkuankku_0008.png,4,4,0,koclip_xgb
4883,kkuankku_0008.png,0,4,0,koclip_xgb
4884,kkuankku_0008.png,3,3,0,koclip_xgb
4885,kkuankku_0008.png,1,1,0,koclip_xgb
4886,kkuankku_0011.png,2,4,0,koclip_xgb
4892,kkuankku_0014.png,4,3,0,koclip_xgb
4893,kkuankku_0014.png,2,3,0,koclip_xgb
4894,kkuankku_0014.png,3,3,0,koclip_xgb
4895,kkuankku_0017.png,4,3,0,koclip_xgb
4896,kkuankku_0017.png,4,3,0,koclip_xgb
4897,kkuankku_0017.png,3,3,0,koclip_xgb
4898,kkuankku_0017.png,3,3,0,koclip_xgb
4899,kkuankku_0017.png,2,3,0,koclip_xgb
4910,kkuankku_0025.png,4,3,0,koclip_xgb
4911,kkuankku_0025.png,3,1,0,koclip_xgb
4912,kkuankku_0025.png,4,0,0,koclip_xgb
4913,kkuankku_0025.png,3,3,0,koclip_xgb
4914,kkuankku_0025.png,2,2,0,koclip_xgb
4915,kkuankku_0026.png,4,4,0,koclip_xgb
4916,kkuankku_0026.png,4,4,0,koclip_xgb
4917,kkuankku_0026.png,4,4,0,koclip_xgb
4918,kkuankku_0026.png,3,4,0,koclip_xgb
4988,kkuankku_0051.png,2,2,0,koclip_xgb
4989,kkuankku_0051.png,3,3,0,koclip_xgb
4990,kkuankku_0051.png,4,3,0,koclip_xgb
4991,kkuankku_0051.png,1,2,0,koclip_xgb
5069,kkuankku_0071.png,1,3,0,koclip_xgb
5178,kkuankku_0100.png,4,3,0,koclip_xgb
5179,kkuankku_0100.png,3,3,0,koclip_xgb
5180,kkuankku_0100.png,3,3,0,koclip_xgb
5181,kkuankku_0100.png,4,3,0,koclip_xgb
5182,kkuankku_0100.png,3,3,0,koclip_xgb
5183,kkuankku_0100.png,3,3,0,koclip_xgb
5184,kkuankku_0100.png,3,3,0,koclip_xgb
5185,kkuankku_0100.png,3,3,0,koclip_xgb
5186,kkuankku_0100.png,2,3,0,koclip_xgb
5187,kkuankku_0100.png,2,3,0,koclip_xgb
5188,kkuankku_0100.png,2,2,0,koclip_xgb
5189,kkuankku_0100.png,4,3,0,koclip_xgb
5190,kkuankku_0100.png,2,2,0,koclip_xgb
5191,kkuankku_0100.png,3,3,0,koclip_xgb
5192,kkuankku_0100.png,3,2,0,koclip_xgb
5193,kkuankku_0100.png,3,3,0,koclip_xgb
5194,kkuankku_0100.png,3,3,0,koclip_xgb
5195,kkuankku_0100.png,1,4,0,koclip_xgb
5196,kkuankku_0100.png,1,4,0,koclip_xgb
5197,kkuankku_0100.png,4,3,0,koclip_xgb
5198,kkuankku_0100.png,3,2,0,koclip_xgb
5199,kkuankku_0100.png,2,2,0,koclip_xgb
5200,kkuankku_0100.png,2,3,0,koclip_xgb
5201,kkuankku_0100.png,1,2,0,koclip_xgb
5202,kkuankku_0100.png,1,2,0,koclip_xgb
5203,kkuankku_0100.png,1,4,0,koclip_xgb
5302,dailylook_0024.png,4,3,0,koclip_xgb
5303,dailylook_0024.png,3,3,0,koclip_xgb
5304,dailylook_0024.png,4,3,0,koclip_xgb
5305,dailylook_0024.png,3,3,0,koclip_xgb
5317,dailylook_0029.png,3,3,0,koclip_xgb
5318,dailylook_0029.png,4,4,0,koclip_xgb
5319,dailylook_0029.png,1,1,0,koclip_xgb
5320,dailylook_0029.png,1,0,0,koclip_xgb
5321,dailylook_0029.png,3,3,0,koclip_xgb
5322,dailylook_0029.png,1,3,0,koclip_xgb
5339,dailylook_0042.png,1,1,0,koclip_xgb
5340,dailylook_0042.png,2,2,0,koclip_xgb
5341,dailylook_0042.png,4,1,0,koclip_xgb
5342,dailylook_0042.png,2,3,0,koclip_xgb
5343,dailylook_0042.png,0,0,0,koclip_xgb
5344,dailylook_0043.png,4,3,0,koclip_xgb
5345,dailylook_0043.png,3,3,0,koclip_xgb
5346,dailylook_0043.png,4,3,0,koclip_xgb
5347,dailylook_0043.png,2,3,0,koclip_xgb
5348,dailylook_0043.png,4,3,0,koclip_xgb
5349,dailylook_0043.png,3,3,0,koclip_xgb
5350,dailylook_0043.png,1,1,0,koclip_xgb
5351,dailylook_0043.png,3,3,0,koclip_xgb
5375,dailylook_0049.png,4,4,0,koclip_xgb
5376,dailylook_0049.png,3,3,0,koclip_xgb
5377,dailylook_0049.png,4,4,0,koclip_xgb
5378,dailylook_0049.png,4,4,0,koclip_xgb
5379,dailylook_0049.png,4,4,0,koclip_xgb
5380,dailylook_0049.png,3,4,0,koclip_xgb
5381,dailylook_0049.png,4,3,0,koclip_xgb
5382,dailylook_0049.png,3,3,0,koclip_xgb
5383,dailylook_0049.png,4,3,0,koclip_xgb
5384,dailylook_0049.png,4,3,0,koclip_xgb
5385,dailylook_0049.png,3,3,0,koclip_xgb
5386,dailylook_0049.png,2,3,0,koclip_xgb
5387,dailylook_0049.png,2,3,0,koclip_xgb
5388,dailylook_0049.png,3,3,0,koclip_xgb
5389,dailylook_0049.png,3,3,0,koclip_xgb
5390,dailylook_0049.png,3,3,0,koclip_xgb
5391,dailylook_0049.png,2,4,0,koclip_xgb
5392,dailylook_0049.png,2,3,0,koclip_xgb
5393,dailylook_0049.png,4,1,0,koclip_xgb
5394,dailylook_0049.png,4,1,0,koclip_xgb
5426,dailylook_0060.png,4,2,0,koclip_xgb
5427,dailylook_0060.png,3,3,0,koclip_xgb
5428,dailylook_0060.png,3,3,0,koclip_xgb
5429,dailylook_0060.png,0,1,0,koclip_xgb
5430,dailylook_0060.png,3,3,0,koclip_xgb
5484,dailylook_0080.png,3,4,0,koclip_xgb
5485,dailylook_0080.png,4,4,0,koclip_xgb
5486,dailylook_0080.png,4,3,0,koclip_xgb
5487,dailylook_0080.png,1,4,0,koclip_xgb
5488,dailylook_0080.png,1,3,0,koclip_xgb
5500,dailylook_0088.png,2,1,0,koclip_xgb
5501,dailylook_0088.png,3,2,0,koclip_xgb
5502,dailylook_0088.png,2,1,0,koclip_xgb
5503,dailylook_0088.png,3,2,0,koclip_xgb
5504,dailylook_0088.png,1,3,0,koclip_xgb
5505,dailylook_0088.png,0,3,0,koclip_xgb
5506,dailylook_0088.png,0,1,0,koclip_xgb
5507,dailylook_0088.png,0,3,0,koclip_xgb
5508,dailylook_0088.png,3,2,0,koclip_xgb
5509,dailylook_0088.png,4,3,0,koclip_xgb
5510,dailylook_0088.png,4,3,0,koclip_xgb
5511,dailylook_0088.png,3,3,0,koclip_xgb
5512,dailylook_0088.png,3,3,0,koclip_xgb
5513,dailylook_0088.png,3,0,0,koclip_xgb
5514,dailylook_0088.png,3,3,0,koclip_xgb
5515,dailylook_0088.png,3,3,0,koclip_xgb
5516,dailylook_0088.png,4,4,0,koclip_xgb
5517,dailylook_0088.png,4,2,0,koclip_xgb
5518,dailylook_0088.png,4,1,0,koclip_xgb
5519,dailylook_0088.png,0,3,0,koclip_xgb
5520,dailylook_0088.png,1,3,0,koclip_xgb
5521,dailylook_0088.png,3,3,0,koclip_xgb
5522,dailylook_0088.png,2,3,0,koclip_xgb
5523,dailylook_0088.png,3,3,0,koclip_xgb
5526,dailylook_0091.png,3,3,0,koclip_xgb
5527,dailylook_0091.png,1,3,0,koclip_xgb
5528,dailylook_0091.png,1,3,0,koclip_xgb
5529,dailylook_0091.png,3,3,0,koclip_xgb
5530,dailylook_0091.png,4,4,0,koclip_xgb
5531,dailylook_0091.png,2,3,0,koclip_xgb
5532,dailylook_0091.png,4,4,0,koclip_xgb
5533,dailylook_0091.png,3,4,0,koclip_xgb
5534,dailylook_0091.png,2,3,0,koclip_xgb
5535,dailylook_0091.png,4,4,0,koclip_xgb
5536,dailylook_0091.png,2,3,0,koclip_xgb
5537,dailylook_0091.png,4,3,0,koclip_xgb
5538,dailylook_0091.png,4,4,0,koclip_xgb
5539,dailylook_0091.png,4,3,0,koclip_xgb
5540,dailylook_0091.png,3,3,0,koclip_xgb
5541,dailylook_0091.png,3,4,0,koclip_xgb
5542,dailylook_0091.png,3,4,0,koclip_xgb
5543,dailylook_0091.png,3,3,0,koclip_xgb
5544,dailylook_0091.png,2,4,0,koclip_xgb
5545,dailylook_0091.png,1,4,0,koclip_xgb
5546,dailylook_0091.png,3,3,0,koclip_xgb
5547,dailylook_0091.png,3,4,0,koclip_xgb
5548,dailylook_0091.png,3,3,0,koclip_xgb
5549,dailylook_0091.png,3,3,0,koclip_xgb
5550,dailylook_0091.png,3,3,0,koclip_xgb
5551,dailylook_0091.png,2,3,0,koclip_xgb
5552,dailylook_0091.png,3,3,0,koclip_xgb
5568,dailylook_0093.png,3,3,0,koclip_xgb
5569,dailylook_0093.png,3,3,0,koclip_xgb
5570,dailylook_0093.png,3,3,0,koclip_xgb
5571,dailylook_0093.png,3,3,0,koclip_xgb
5601,ootd_0006.png,0,1,0,koclip_xgb
5602,ootd_0006.png,2,3,0,koclip_xgb
5603,ootd_0006.png,2,3,0,koclip_xgb
5661,ootd_0026.png,4,1,0,koclip_xgb
5662,ootd_0026.png,3,1,0,koclip_xgb
5754,ootd_0051.png,3,3,0,koclip_xgb
5755,ootd_0051.png,4,2,0,koclip_xgb
5756,ootd_0051.png,4,2,0,koclip_xgb
5757,ootd_0051.png,4,4,0,koclip_xgb
5758,ootd_0051.png,4,3,0,koclip_xgb
5845,ootd_0086.png,3,3,0,koclip_xgb
5846,ootd_0086.png,2,2,0,koclip_xgb
5847,ootd_0086.png,1,3,0,koclip_xgb
5848,ootd_0086.png,3,3,0,koclip_xgb
5849,ootd_0086.png,3,3,0,koclip_xgb
5850,ootd_0086.png,3,3,0,koclip_xgb
5851,ootd_0086.png,3,3,0,koclip_xgb
5852,ootd_0086.png,0,2,0,koclip_xgb
5853,ootd_0086.png,0,3,0,koclip_xgb
5854,ootd_0086.png,0,3,0,koclip_xgb
5855,ootd_0086.png,3,3,0,koclip_xgb
5856,ootd_0086.png,2,4,0,koclip_xgb
5857,ootd_0086.png,2,2,0,koclip_xgb
5858,ootd_0086.png,0,0,0,koclip_xgb
5859,ootd_0086.png,0,1,0,koclip_xgb
5860,ootd_0086.png,2,3,0,koclip_xgb
5861,ootd_0086.png,2,3,0,koclip_xgb
5862,ootd_0086.png,1,1,0,koclip_xgb
5863,ootd_0086.png,1,1,0,koclip_xgb
5864,ootd_0086.png,1,3,0,koclip_xgb
5865,ootd_0086.png,1,1,0,koclip_xgb
5866,ootd_0086.png,3,3,0,koclip_xgb
5867,ootd_0086.png,3,3,0,koclip_xgb
5868,ootd_0086.png,2,1,0,koclip_xgb
5871,ootd_0089.png,4,1,0,koclip_xgb
5872,ootd_0089.png,4,4,0,koclip_xgb
5873,ootd_0089.png,3,3,0,koclip_xgb
5874,ootd_0089.png,2,2,0,koclip_xgb
5875,ootd_0090.png,4,3,0,koclip_xgb
5876,ootd_0090.png,3,3,0,koclip_xgb
5877,ootd_0090.png,3,3,0,koclip_xgb
5878,ootd_0090.png,2,3,0,koclip_xgb
5879,ootd_0090.png,4,2,0,koclip_xgb
5880,ootd_0090.png,3,3,0,koclip_xgb
5898,ootd_0094.png,0,4,0,koclip_xgb
5899,ootd_0094.png,3,3,0,koclip_xgb
5900,ootd_0094.png,4,3,0,koclip_xgb
5901,ootd_0094.png,3,2,0,koclip_xgb
5902,ootd_0094.png,2,3,0,koclip_xgb
5934,fashionista_0004.png,4,4,0,koclip_xgb
5935,fashionista_0004.png,2,4,0,koclip_xgb
5936,fashionista_0004.png,2,4,0,koclip_xgb
5937,fashionista_0004.png,3,2,0,koclip_xgb
5938,fashionista_0004.png,2,4,0,koclip_xgb
5939,fashionista_0005.png,4,3,0,koclip_xgb
5940,fashionista_0005.png,4,4,0,koclip_xgb
5941,fashionista_0005.png,4,3,0,koclip_xgb
5942,fashionista_0005.png,3,4,0,koclip_xgb
5943,fashionista_0005.png,2,3,0,koclip_xgb
5952,fashionista_0017.png,1,2,0,koclip_xgb
5953,fashionista_0017.png,0,4,0,koclip_xgb
5954,fashionista_0017.png,4,4,0,koclip_xgb
5955,fashionista_0017.png,3,3,0,koclip_xgb
5956,fashionista_0017.png,0,1,0,koclip_xgb
5959,fashionista_0024.png,3,3,0,koclip_xgb
5960,fashionista_0024.png,3,3,0,koclip_xgb
5961,fashionista_0024.png,3,3,0,koclip_xgb
5962,fashionista_0024.png,2,3,0,koclip_xgb
5963,fashionista_0024.png,1,3,0,koclip_xgb
6096,fashionista_0050.png,0,1,0,koclip_xgb
6097,fashionista_0050.png,0,4,0,koclip_xgb
6098,fashionista_0050.png,2,1,0,koclip_xgb
6099,fashionista_0050.png,1,1,0,koclip_xgb
6100,fashionista_0050.png,0,3,0,koclip_xgb
6337,fashionista_0088.png,1,1,0,koclip_xgb
6338,fashionista_0088.png,0,0,0,koclip_xgb
6339,fashionista_0088.png,2,2,0,koclip_xgb
6340,fashionista_0088.png,2,2,0,koclip_xgb
6341,fashionista_0088.png,2,2,0,koclip_xgb
6342,fashionista_0088.png,1,3,0,koclip_xgb
6343,fashionista_0088.png,4,4,0,koclip_xgb
6344,fashionista_0088.png,4,4,0,koclip_xgb
6345,fashionista_0088.png,0,4,0,koclip_xgb
6346,fashionista_0088.png,1,1,0,koclip_xgb
6347,fashionista_0088.png,1,3,0,koclip_xgb
6348,fashionista_0088.png,2,2,0,koclip_xgb
6349,fashionista_0088.png,0,2,0,koclip_xgb
6350,fashionista_0088.png,0,1,0,koclip_xgb
6351,fashionista_0088.png,0,3,0,koclip_xgb
6352,fashionista_0088.png,1,3,0,koclip_xgb
6353,fashionista_0088.png,1,2,0,koclip_xgb
6354,fashionista_0088.png,1,2,0,koclip_xgb
6355,fashionista_0088.png,2,2,0,koclip_xgb
6356,fashionista_0088.png,2,2,0,koclip_xgb
6357,fashionista_0088.png,3,3,0,koclip_xgb
6358,fashionista_0088.png,0,0,0,koclip_xgb
6359,fashionista_0088.png,2,2,0,koclip_xgb
6360,fashionista_0088.png,1,2,0,koclip_xgb
6361,fashionista_0088.png,0,0,0,koclip_xgb
6362,fashionista_0088.png,4,4,0,koclip_xgb
6363,fashionista_0088.png,3,2,0,koclip_xgb
6364,fashionista_0088.png,0,1,0,koclip_xgb
6365,fashionista_0088.png,0,3,0,koclip_xgb
6531,neungsohwa_0020.png,2,3,0,koclip_xgb
6532,neungsohwa_0020.png,2,1,0,koclip_xgb
6533,neungsohwa_0020.png,2,3,0,koclip_xgb
6534,neungsohwa_0020.png,0,1,0,koclip_xgb
6535,neungsohwa_0020.png,3,3,0,koclip_xgb
6536,neungsohwa_0020.png,3,3,0,koclip_xgb
6537,neungsohwa_0020.png,4,4,0,koclip_xgb
6538,neungsohwa_0020.png,2,2,0,koclip_xgb
6539,neungsohwa_0020.png,0,0,0,koclip_xgb
6540,neungsohwa_0020.png,1,0,0,koclip_xgb
6541,neungsohwa_0020.png,1,0,0,koclip_xgb
6542,neungsohwa_0020.png,2,2,0,koclip_xgb
6543,neungsohwa_0020.png,1,0,0,koclip_xgb
6544,neungsohwa_0020.png,2,2,0,koclip_xgb
6545,neungsohwa_0020.png,4,1,0,koclip_xgb
6546,neungsohwa_0020.png,3,1,0,koclip_xgb
6547,neungsohwa_0020.png,1,4,0,koclip_xgb
6548,neungsohwa_0020.png,1,1,0,koclip_xgb
6549,neungsohwa_0020.png,1,1,0,koclip_xgb
6550,neungsohwa_0020.png,0,0,0,koclip_xgb
6551,neungsohwa_0021.png,3,2,0,koclip_xgb
6552,neungsohwa_0021.png,1,1,0,koclip_xgb
6553,neungsohwa_0021.png,2,0,0,koclip_xgb
6554,neungsohwa_0021.png,3,3,0,koclip_xgb
6555,neungsohwa_0021.png,4,4,0,koclip_xgb
6556,neungsohwa_0021.png,4,0,0,koclip_xgb
6557,neungsohwa_0021.png,2,1,0,koclip_xgb
6558,neungsohwa_0021.png,3,4,0,koclip_xgb
6559,neungsohwa_0021.png,3,3,0,koclip_xgb
6590,neungsohwa_0034.png,4,4,0,koclip_xgb
6591,neungsohwa_0034.png,2,1,0,koclip_xgb
6592,neungsohwa_0034.png,3,4,0,koclip_xgb
6593,neungsohwa_0034.png,2,2,0,koclip_xgb
6594,neungsohwa_0034.png,3,1,0,koclip_xgb
6595,neungsohwa_0034.png,1,4,0,koclip_xgb
6596,neungsohwa_0034.png,1,4,0,koclip_xgb
6655,neungsohwa_0050.png,4,4,0,koclip_xgb
6656,neungsohwa_0050.png,3,1,0,koclip_xgb
6657,neungsohwa_0050.png,4,1,0,koclip_xgb
6658,neungsohwa_0050.png,0,1,0,koclip_xgb
6659,neungsohwa_0051.png,1,1,0,koclip_xgb
6660,neungsohwa_0051.png,0,4,0,koclip_xgb
6661,neungsohwa_0051.png,3,4,0,koclip_xgb
6662,neungsohwa_0051.png,3,1,0,koclip_xgb
6680,neungsohwa_0057.png,1,1,0,koclip_xgb
6703,neungsohwa_0066.png,0,4,0,koclip_xgb
6704,neungsohwa_0066.png,3,1,0,koclip_xgb
6705,neungsohwa_0066.png,0,2,0,koclip_xgb
6706,neungsohwa_0066.png,0,1,0,koclip_xgb
6713,neungsohwa_0073.png,4,4,0,koclip_xgb
6736,neungsohwa_0080.png,2,1,0,koclip_xgb
6737,neungsohwa_0080.png,0,1,0,koclip_xgb
6738,neungsohwa_0080.png,4,4,0,koclip_xgb
6749,neungsohwa_0085.png,4,1,0,koclip_xgb
6750,neungsohwa_0085.png,4,4,0,koclip_xgb
6751,neungsohwa_0085.png,2,2,0,koclip_xgb
6752,neungsohwa_0085.png,2,2,0,koclip_xgb
6753,neungsohwa_0085.png,1,4,0,koclip_xgb
6764,neungsohwa_0089.png,4,1,0,koclip_xgb
6765,neungsohwa_0089.png,4,1,0,koclip_xgb
6766,neungsohwa_0089.png,1,1,0,koclip_xgb
6767,neungsohwa_0089.png,4,4,0,koclip_xgb
6768,neungsohwa_0089.png,1,4,0,koclip_xgb
6843,danpung_0007.png,1,1,0,koclip_xgb
6844,danpung_0007.png,0,1,0,koclip_xgb
6847,danpung_0009.png,3,4,0,koclip_xgb
6848,danpung_0009.png,1,0,0,koclip_xgb
6849,danpung_0009.png,4,4,0,koclip_xgb
6850,danpung_0009.png,3,4,0,koclip_xgb
6851,danpung_0009.png,4,4,0,koclip_xgb
6852,danpung_0009.png,3,3,0,koclip_xgb
6853,danpung_0009.png,2,3,0,koclip_xgb
6854,danpung_0009.png,4,3,0,koclip_xgb
6863,danpung_0012.png,3,1,0,koclip_xgb
6864,danpung_0012.png,4,1,0,koclip_xgb
6865,danpung_0012.png,3,1,0,koclip_xgb
6866,danpung_0012.png,2,3,0,koclip_xgb
6867,danpung_0012.png,2,3,0,koclip_xgb
6868,danpung_0012.png,3,3,0,koclip_xgb
6869,danpung_0012.png,1,1,0,koclip_xgb
6910,danpung_0020.png,1,1,0,koclip_xgb
6966,danpung_0031.png,1,1,0,koclip_xgb
6967,danpung_0031.png,4,1,0,koclip_xgb
6968,danpung_0031.png,3,1,0,koclip_xgb
6969,danpung_0031.png,2,0,0,koclip_xgb
6970,danpung_0031.png,2,3,0,koclip_xgb
7021,danpung_0040.png,4,0,0,koclip_xgb
7022,danpung_0040.png,2,0,0,koclip_xgb
7023,danpung_0040.png,2,1,0,koclip_xgb
7024,danpung_0040.png,4,4,0,koclip_xgb
7025,danpung_0040.png,4,4,0,koclip_xgb
7026,danpung_0040.png,4,3,0,koclip_xgb
7027,danpung_0040.png,3,3,0,koclip_xgb
7028,danpung_0040.png,3,3,0,koclip_xgb
7029,danpung_0040.png,3,3,0,koclip_xgb
7030,danpung_0040.png,0,0,0,koclip_xgb
7031,danpung_0040.png,1,1,0,koclip_xgb
7032,danpung_0040.png,2,3,0,koclip_xgb
7033,danpung_0040.png,3,3,0,koclip_xgb
7034,danpung_0040.png,1,1,0,koclip_xgb
7035,danpung_0040.png,1,4,0,koclip_xgb
7036,danpung_0040.png,1,4,0,koclip_xgb
7080,danpung_0058.png,4,1,0,koclip_xgb
7081,danpung_0058.png,4,1,0,koclip_xgb
7082,danpung_0058.png,4,1,0,koclip_xgb
7083,danpung_0058.png,1,1,0,koclip_xgb
7084,danpung_0058.png,0,1,0,koclip_xgb
7085,danpung_0058.png,3,1,0,koclip_xgb
7086,danpung_0058.png,0,4,0,koclip_xgb
7087,danpung_0058.png,4,3,0,koclip_xgb
7088,danpung_0058.png,2,4,0,koclip_xgb
7089,danpung_0058.png,1,2,0,koclip_xgb
7090,danpung_0058.png,0,1,0,koclip_xgb
7091,danpung_0058.png,4,3,0,koclip_xgb
7092,danpung_0058.png,3,2,0,koclip_xgb
7093,danpung_0058.png,4,2,0,koclip_xgb
7094,danpung_0058.png,4,3,0,koclip_xgb
7095,danpung_0058.png,4,4,0,koclip_xgb
7096,danpung_0058.png,3,3,0,koclip_xgb
7120,danpung_0064.png,4,3,0,koclip_xgb
7121,danpung_0064.png,4,1,0,koclip_xgb
7122,danpung_0064.png,4,3,0,koclip_xgb
7123,danpung_0064.png,3,1,0,koclip_xgb
7124,danpung_0064.png,3,3,0,koclip_xgb
7125,danpung_0064.png,3,4,0,koclip_xgb
7126,danpung_0064.png,3,1,0,koclip_xgb
7127,danpung_0064.png,4,2,0,koclip_xgb
7128,danpung_0064.png,2,1,0,koclip_xgb
7129,danpung_0064.png,1,1,0,koclip_xgb
7130,danpung_0064.png,3,4,0,koclip_xgb
7131,danpung_0064.png,4,1,0,koclip_xgb
7132,danpung_0064.png,3,3,0,koclip_xgb
7133,danpung_0066.png,4,4,0,koclip_xgb
7134,danpung_0066.png,1,0,0,koclip_xgb
7135,danpung_0066.png,1,0,0,koclip_xgb
7136,danpung_0066.png,1,1,0,koclip_xgb
7198,danpung_0075.png,2,1,0,koclip_xgb
7199,danpung_0075.png,1,1,0,koclip_xgb
7262,danpung_0089.png,3,1,0,koclip_xgb
7263,danpung_0089.png,3,0,0,koclip_xgb
7264,danpung_0089.png,3,3,0,koclip_xgb
7265,danpung_0089.png,4,1,0,koclip_xgb
7266,danpung_0090.png,3,3,0,koclip_xgb
7267,danpung_0090.png,3,1,0,koclip_xgb
7268,danpung_0090.png,2,4,0,koclip_xgb
7269,danpung_0090.png,3,4,0,koclip_xgb
7300,cherryblossom_0009.png,0,0,0,koclip_xgb
7301,cherryblossom_0009.png,4,4,0,koclip_xgb
7302,cherryblossom_0009.png,4,4,0,koclip_xgb
7319,cherryblossom_0019.png,4,4,0,koclip_xgb
7320,cherryblossom_0019.png,1,1,0,koclip_xgb
7321,cherryblossom_0019.png,2,2,0,koclip_xgb
7322,cherryblossom_0019.png,1,1,0,koclip_xgb
7428,cherryblossom_0045.png,0,0,0,koclip_xgb
7429,cherryblossom_0045.png,0,1,0,koclip_xgb
7430,cherryblossom_0045.png,0,0,0,koclip_xgb
7431,cherryblossom_0045.png,0,0,0,koclip_xgb
7432,cherryblossom_0045.png,0,0,0,koclip_xgb
7438,cherryblossom_0049.png,4,4,0,koclip_xgb
7439,cherryblossom_0049.png,2,2,0,koclip_xgb
7440,cherryblossom_0049.png,1,4,0,koclip_xgb
7441,cherryblossom_0049.png,4,4,0,koclip_xgb
7442,cherryblossom_0049.png,4,4,0,koclip_xgb
7443,cherryblossom_0049.png,3,3,0,koclip_xgb
7444,cherryblossom_0049.png,2,4,0,koclip_xgb
7463,cherryblossom_0053.png,4,4,0,koclip_xgb
7464,cherryblossom_0053.png,4,4,0,koclip_xgb
7465,cherryblossom_0053.png,2,3,0,koclip_xgb
7466,cherryblossom_0053.png,3,4,0,koclip_xgb
7467,cherryblossom_0053.png,1,4,0,koclip_xgb
7493,cherryblossom_0058.png,0,1,0,koclip_xgb
7494,cherryblossom_0058.png,3,4,0,koclip_xgb
7495,cherryblossom_0058.png,4,4,0,koclip_xgb
7514,cherryblossom_0067.png,3,1,0,koclip_xgb
7515,cherryblossom_0067.png,3,1,0,koclip_xgb
7516,cherryblossom_0067.png,4,4,0,koclip_xgb
7517,cherryblossom_0067.png,4,3,0,koclip_xgb
7554,cherryblossom_0083.png,4,4,0,koclip_xgb
7555,cherryblossom_0083.png,3,4,0,koclip_xgb
7556,cherryblossom_0083.png,3,3,0,koclip_xgb
7557,cherryblossom_0083.png,1,4,0,koclip_xgb
7558,cherryblossom_0083.png,4,4,0,koclip_xgb
7564,cherryblossom_0085.png,2,0,0,koclip_xgb
7565,cherryblossom_0085.png,3,1,0,koclip_xgb
7566,cherryblossom_0085.png,4,0,0,koclip_xgb
7567,cherryblossom_0085.png,4,3,0,koclip_xgb
7578,cherryblossom_0091.png,4,1,0,koclip_xgb
7579,cherryblossom_0091.png,3,0,0,koclip_xgb
7580,cherryblossom_0091.png,4,3,0,koclip_xgb
7581,cherryblossom_0091.png,4,4,0,koclip_xgb
7716,kpop_0013.png,1,0,0,koclip_xgb
7717,kpop_0013.png,3,1,0,koclip_xgb
7718,kpop_0013.png,2,2,0,koclip_xgb
7719,kpop_0013.png,3,3,0,koclip_xgb
7720,kpop_0013.png,3,1,0,koclip_xgb
7721,kpop_0014.png,4,4,0,koclip_xgb
7722,kpop_0014.png,4,3,0,koclip_xgb
7723,kpop_0014.png,4,4,0,koclip_xgb
7724,kpop_0014.png,4,4,0,koclip_xgb
7725,kpop_0014.png,4,3,0,koclip_xgb
7726,kpop_0014.png,3,3,0,koclip_xgb
7727,kpop_0014.png,4,2,0,koclip_xgb
7728,kpop_0014.png,4,4,0,koclip_xgb
7729,kpop_0014.png,4,3,0,koclip_xgb
7744,kpop_0018.png,4,4,0,koclip_xgb
7745,kpop_0018.png,4,1,0,koclip_xgb
7746,kpop_0018.png,1,3,0,koclip_xgb
7747,kpop_0018.png,1,4,0,koclip_xgb
7753,kpop_0021.png,4,4,0,koclip_xgb
7754,kpop_0021.png,3,3,0,koclip_xgb
7755,kpop_0021.png,4,3,0,koclip_xgb
7756,kpop_0021.png,1,3,0,koclip_xgb
7757,kpop_0021.png,4,3,0,koclip_xgb
7758,kpop_0021.png,4,4,0,koclip_xgb
7759,kpop_0021.png,1,3,0,koclip_xgb
7760,kpop_0021.png,1,3,0,koclip_xgb
7761,kpop_0021.png,4,4,0,koclip_xgb
7762,kpop_0021.png,1,4,0,koclip_xgb
7763,kpop_0021.png,1,0,0,koclip_xgb
7764,kpop_0021.png,4,4,0,koclip_xgb
7765,kpop_0021.png,4,3,0,koclip_xgb
7766,kpop_0021.png,1,4,0,koclip_xgb
7767,kpop_0021.png,3,3,0,koclip_xgb
7768,kpop_0021.png,4,4,0,koclip_xgb
7769,kpop_0022.png,4,4,0,koclip_xgb
7770,kpop_0022.png,4,4,0,koclip_xgb
7771,kpop_0022.png,4,3,0,koclip_xgb
7772,kpop_0022.png,4,3,0,koclip_xgb
7804,kpop_0027.png,4,3,0,koclip_xgb
7805,kpop_0027.png,3,2,0,koclip_xgb
7806,kpop_0027.png,2,1,0,koclip_xgb
7849,kpop_0034.png,4,0,0,koclip_xgb
7850,kpop_0034.png,4,0,0,koclip_xgb
7851,kpop_0034.png,3,0,0,koclip_xgb
7852,kpop_0034.png,3,0,0,koclip_xgb
7853,kpop_0034.png,4,4,0,koclip_xgb
7896,kpop_0040.png,0,0,0,koclip_xgb
7897,kpop_0040.png,3,3,0,koclip_xgb
7898,kpop_0041.png,1,4,0,koclip_xgb
7899,kpop_0041.png,4,4,0,koclip_xgb
7900,kpop_0041.png,3,3,0,koclip_xgb
7901,kpop_0041.png,4,4,0,koclip_xgb
7902,kpop_0041.png,1,4,0,koclip_xgb
7903,kpop_0041.png,1,4,0,koclip_xgb
7904,kpop_0041.png,3,4,0,koclip_xgb
7905,kpop_0041.png,3,3,0,koclip_xgb
7906,kpop_0041.png,3,3,0,koclip_xgb
7907,kpop_0041.png,1,4,0,koclip_xgb
7908,kpop_0041.png,4,1,0,koclip_xgb
7909,kpop_0041.png,2,3,0,koclip_xgb
7910,kpop_0041.png,3,3,0,koclip_xgb
7911,kpop_0041.png,3,3,0,koclip_xgb
7912,kpop_0041.png,3,3,0,koclip_xgb
7913,kpop_0041.png,3,3,0,koclip_xgb
7914,kpop_0041.png,4,3,0,koclip_xgb
7915,kpop_0041.png,1,4,0,koclip_xgb
7916,kpop_0041.png,4,4,0,koclip_xgb
7917,kpop_0041.png,0,4,0,koclip_xgb
7918,kpop_0041.png,4,4,0,koclip_xgb
7919,kpop_0041.png,3,3,0,koclip_xgb
7920,kpop_0041.png,3,4,0,koclip_xgb
7921,kpop_0041.png,2,4,0,koclip_xgb
7922,kpop_0041.png,4,4,0,koclip_xgb
7923,kpop_0041.png,3,3,0,koclip_xgb
7924,kpop_0041.png,1,4,0,koclip_xgb
7925,kpop_0041.png,1,4,0,koclip_xgb
7926,kpop_0041.png,3,4,0,koclip_xgb
7927,kpop_0041.png,4,4,0,koclip_xgb
7977,kpop_0047.png,1,4,0,koclip_xgb
7978,kpop_0047.png,4,4,0,koclip_xgb
7979,kpop_0047.png,4,4,0,koclip_xgb
7980,kpop_0047.png,4,4,0,koclip_xgb
7981,kpop_0047.png,1,4,0,koclip_xgb
7982,kpop_0047.png,3,4,0,koclip_xgb
7983,kpop_0047.png,3,3,0,koclip_xgb
7984,kpop_0047.png,3,4,0,koclip_xgb
7985,kpop_0047.png,3,4,0,koclip_xgb
7986,kpop_0047.png,4,3,0,koclip_xgb
7987,kpop_0047.png,1,4,0,koclip_xgb
7988,kpop_0047.png,3,3,0,koclip_xgb
7989,kpop_0047.png,3,1,0,koclip_xgb
7990,kpop_0047.png,4,3,0,koclip_xgb
7991,kpop_0047.png,1,1,0,koclip_xgb
7992,kpop_0047.png,1,1,0,koclip_xgb
8088,kpop_0062.png,4,3,0,koclip_xgb
8089,kpop_0062.png,3,4,0,koclip_xgb
8090,kpop_0062.png,3,4,0,koclip_xgb
8091,kpop_0062.png,1,4,0,koclip_xgb
8092,kpop_0062.png,0,4,0,koclip_xgb
8146,kpop_0070.png,4,1,0,koclip_xgb
8147,kpop_0070.png,1,1,0,koclip_xgb
8148,kpop_0070.png,1,4,0,koclip_xgb
8149,kpop_0070.png,1,1,0,koclip_xgb
8150,kpop_0070.png,3,3,0,koclip_xgb
8156,kpop_0072.png,4,4,0,koclip_xgb
8157,kpop_0072.png,4,4,0,koclip_xgb
8158,kpop_0072.png,4,4,0,koclip_xgb
8159,kpop_0072.png,4,4,0,koclip_xgb
8160,kpop_0072.png,4,4,0,koclip_xgb
8161,kpop_0072.png,4,4,0,koclip_xgb
8162,kpop_0072.png,1,4,0,koclip_xgb
8163,kpop_0072.png,0,4,0,koclip_xgb
8164,kpop_0072.png,1,4,0,koclip_xgb
8165,kpop_0072.png,0,4,0,koclip_xgb
8166,kpop_0072.png,0,4,0,koclip_xgb
8167,kpop_0072.png,1,4,0,koclip_xgb
8168,kpop_0072.png,0,4,0,koclip_xgb
8169,kpop_0072.png,1,4,0,koclip_xgb
8170,kpop_0072.png,0,4,0,koclip_xgb
8171,kpop_0072.png,1,4,0,koclip_xgb
8172,kpop_0072.png,1,4,0,koclip_xgb
8173,kpop_0072.png,1,4,0,koclip_xgb
8174,kpop_0072.png,3,4,0,koclip_xgb
8175,kpop_0072.png,3,3,0,koclip_xgb
8176,kpop_0072.png,3,3,0,koclip_xgb
8177,kpop_0072.png,4,4,0,koclip_xgb
8178,kpop_0072.png,2,2,0,koclip_xgb
8251,kpop_0085.png,4,3,0,koclip_xgb
8252,kpop_0085.png,4,3,0,koclip_xgb
8253,kpop_0085.png,3,3,0,koclip_xgb
8306,kpop_0093.png,4,4,0,koclip_xgb
8307,kpop_0093.png,4,4,0,koclip_xgb
8308,kpop_0093.png,4,4,0,koclip_xgb
8309,kpop_0093.png,3,3,0,koclip_xgb
8310,kpop_0093.png,4,4,0,koclip_xgb
8315,kpop_0095.png,4,2,0,koclip_xgb
8316,kpop_0095.png,1,3,0,koclip_xgb
8395,spotify_0006.png,1,3,0,koclip_xgb
8396,spotify_0006.png,1,3,0,koclip_xgb
8397,spotify_0006.png,1,1,0,koclip_xgb
8398,spotify_0006.png,1,1,0,koclip_xgb
8399,spotify_0006.png,1,1,0,koclip_xgb
8410,spotify_0010.png,1,1,0,koclip_xgb
8411,spotify_0010.png,1,1,0,koclip_xgb
8412,spotify_0010.png,4,4,0,koclip_xgb
8413,spotify_0010.png,3,3,0,koclip_xgb
8414,spotify_0010.png,1,2,0,koclip_xgb
8415,spotify_0010.png,1,3,0,koclip_xgb
8416,spotify_0010.png,1,2,0,koclip_xgb
8417,spotify_0010.png,3,2,0,koclip_xgb
8418,spotify_0010.png,4,4,0,koclip_xgb
8419,spotify_0011.png,4,4,0,koclip_xgb
8420,spotify_0011.png,1,3,0,koclip_xgb
8425,spotify_0016.png,4,1,0,koclip_xgb
8426,spotify_0016.png,4,1,0,koclip_xgb
8427,spotify_0016.png,1,4,0,koclip_xgb
8428,spotify_0016.png,1,3,0,koclip_xgb
8429,spotify_0016.png,3,4,0,koclip_xgb
8430,spotify_0017.png,4,3,0,koclip_xgb
8431,spotify_0017.png,4,2,0,koclip_xgb
8432,spotify_0017.png,3,2,0,koclip_xgb
8433,spotify_0017.png,2,3,0,koclip_xgb
8434,spotify_0017.png,4,2,0,koclip_xgb
8435,spotify_0017.png,4,1,0,koclip_xgb
8436,spotify_0017.png,4,2,0,koclip_xgb
8437,spotify_0017.png,4,3,0,koclip_xgb
8438,spotify_0017.png,4,1,0,koclip_xgb
8439,spotify_0017.png,0,4,0,koclip_xgb
8454,spotify_0026.png,1,1,0,koclip_xgb
8455,spotify_0026.png,3,3,0,koclip_xgb
8456,spotify_0026.png,4,4,0,koclip_xgb
8457,spotify_0026.png,4,4,0,koclip_xgb
8458,spotify_0029.png,4,3,0,koclip_xgb
8459,spotify_0029.png,3,4,0,koclip_xgb
8460,spotify_0029.png,3,4,0,koclip_xgb
8461,spotify_0029.png,2,4,0,koclip_xgb
8462,spotify_0029.png,2,2,0,koclip_xgb
8463,spotify_0029.png,3,4,0,koclip_xgb
8464,spotify_0029.png,3,4,0,koclip_xgb
8465,spotify_0029.png,4,3,0,koclip_xgb
8466,spotify_0029.png,3,4,0,koclip_xgb
8467,spotify_0029.png,3,4,0,koclip_xgb
8468,spotify_0029.png,2,3,0,koclip_xgb
8469,spotify_0029.png,3,2,0,koclip_xgb
8470,spotify_0029.png,1,2,0,koclip_xgb
8471,spotify_0029.png,2,4,0,koclip_xgb
8472,spotify_0029.png,0,4,0,koclip_xgb
8495,spotify_0044.png,1,3,0,koclip_xgb
8496,spotify_0044.png,1,1,0,koclip_xgb
8497,spotify_0044.png,1,1,0,koclip_xgb
8498,spotify_0044.png,0,1,0,koclip_xgb
8521,spotify_0050.png,1,3,0,koclip_xgb
8522,spotify_0050.png,4,1,0,koclip_xgb
8523,spotify_0050.png,4,1,0,koclip_xgb
8593,spotify_0067.png,1,4,0,koclip_xgb
8594,spotify_0067.png,0,1,0,koclip_xgb
8595,spotify_0067.png,1,3,0,koclip_xgb
8596,spotify_0067.png,2,2,0,koclip_xgb
8597,spotify_0067.png,2,2,0,koclip_xgb
8618,spotify_0079.png,3,3,0,koclip_xgb
8619,spotify_0079.png,3,2,0,koclip_xgb
8620,spotify_0079.png,2,2,0,koclip_xgb
8621,spotify_0079.png,1,4,0,koclip_xgb
8665,spotify_0098.png,3,3,0,koclip_xgb
8666,spotify_0098.png,0,4,0,koclip_xgb
8667,spotify_0098.png,4,1,0,koclip_xgb
8668,spotify_0098.png,3,2,0,koclip_xgb
8669,spotify_0098.png,1,4,0,koclip_xgb
8700,netflix_0005.png,4,4,0,koclip_xgb
8701,netflix_0005.png,4,4,0,koclip_xgb
8702,netflix_0005.png,4,4,0,koclip_xgb
8703,netflix_0005.png,3,4,0,koclip_xgb
8714,netflix_0008.png,4,1,0,koclip_xgb
8715,netflix_0008.png,4,4,0,koclip_xgb
8716,netflix_0008.png,4,3,0,koclip_xgb
8717,netflix_0008.png,4,4,0,koclip_xgb
8718,netflix_0008.png,4,4,0,koclip_xgb
8724,netflix_0012.png,1,1,0,koclip_xgb
8725,netflix_0012.png,1,1,0,koclip_xgb
8726,netflix_0012.png,0,1,0,koclip_xgb
8728,netflix_0014.png,4,4,0,koclip_xgb
8729,netflix_0014.png,4,4,0,koclip_xgb
8730,netflix_0014.png,2,2,0,koclip_xgb
8731,netflix_0014.png,0,4,0,koclip_xgb
8732,netflix_0014.png,0,4,0,koclip_xgb
8733,netflix_0014.png,0,2,0,koclip_xgb
8734,netflix_0014.png,0,2,0,koclip_xgb
8735,netflix_0014.png,0,4,0,koclip_xgb
8736,netflix_0014.png,4,2,0,koclip_xgb
8737,netflix_0014.png,3,4,0,koclip_xgb
8738,netflix_0014.png,4,2,0,koclip_xgb
8739,netflix_0014.png,2,2,0,koclip_xgb
8740,netflix_0014.png,2,2,0,koclip_xgb
8741,netflix_0014.png,4,4,0,koclip_xgb
8742,netflix_0014.png,3,2,0,koclip_xgb
8781,netflix_0023.png,4,3,0,koclip_xgb
8782,netflix_0025.png,4,4,0,koclip_xgb
8783,netflix_0025.png,4,4,0,koclip_xgb
8784,netflix_0025.png,4,1,0,koclip_xgb
8785,netflix_0025.png,3,1,0,koclip_xgb
8786,netflix_0025.png,4,2,0,koclip_xgb
8787,netflix_0027.png,4,4,0,koclip_xgb
8788,netflix_0027.png,4,4,0,koclip_xgb
8789,netflix_0027.png,4,4,0,koclip_xgb
8790,netflix_0027.png,3,3,0,koclip_xgb
8821,netflix_0037.png,4,4,0,koclip_xgb
8822,netflix_0037.png,4,4,0,koclip_xgb
8823,netflix_0037.png,4,4,0,koclip_xgb
8824,netflix_0037.png,0,1,0,koclip_xgb
8825,netflix_0037.png,0,4,0,koclip_xgb
8877,netflix_0050.png,4,4,0,koclip_xgb
8878,netflix_0050.png,4,4,0,koclip_xgb
8879,netflix_0050.png,3,4,0,koclip_xgb
8880,netflix_0050.png,3,1,0,koclip_xgb
8881,netflix_0050.png,2,4,0,koclip_xgb
8887,netflix_0052.png,2,3,0,koclip_xgb
8888,netflix_0052.png,4,4,0,koclip_xgb
8889,netflix_0052.png,3,2,0,koclip_xgb
8890,netflix_0052.png,2,2,0,koclip_xgb
8914,netflix_0058.png,4,4,0,koclip_xgb
8915,netflix_0058.png,1,1,0,koclip_xgb
8916,netflix_0058.png,1,1,0,koclip_xgb
8917,netflix_0058.png,2,2,0,koclip_xgb
8918,netflix_0058.png,3,2,0,koclip_xgb
8952,netflix_0065.png,4,2,0,koclip_xgb
8953,netflix_0065.png,3,4,0,koclip_xgb
8954,netflix_0065.png,4,4,0,koclip_xgb
8955,netflix_0065.png,1,4,0,koclip_xgb
8956,netflix_0065.png,1,1,0,koclip_xgb
8969,netflix_0071.png,1,4,0,koclip_xgb
8970,netflix_0071.png,3,2,0,koclip_xgb
8971,netflix_0071.png,3,1,0,koclip_xgb
8972,netflix_0071.png,1,4,0,koclip_xgb
8973,netflix_0071.png,1,4,0,koclip_xgb
8974,netflix_0071.png,1,4,0,koclip_xgb
8975,netflix_0071.png,1,4,0,koclip_xgb
8976,netflix_0071.png,4,4,0,koclip_xgb
8977,netflix_0071.png,4,4,0,koclip_xgb
9014,netflix_0090.png,3,4,0,koclip_xgb
9015,netflix_0090.png,1,4,0,koclip_xgb
9016,netflix_0090.png,3,1,0,koclip_xgb
9017,netflix_0090.png,1,1,0,koclip_xgb
9018,netflix_0091.png,4,2,0,koclip_xgb
9019,netflix_0091.png,4,4,0,koclip_xgb
9020,netflix_0091.png,1,4,0,koclip_xgb
9021,netflix_0091.png,0,4,0,koclip_xgb
9077,apple_0005.png,1,1,0,koclip_xgb
9078,apple_0005.png,3,1,0,koclip_xgb
9079,apple_0005.png,3,2,0,koclip_xgb
9080,apple_0005.png,3,1,0,koclip_xgb
9081,apple_0005.png,1,1,0,koclip_xgb
9082,apple_0005.png,4,4,0,koclip_xgb
9083,apple_0005.png,1,4,0,koclip_xgb
9084,apple_0005.png,0,4,0,koclip_xgb
9085,apple_0005.png,0,4,0,koclip_xgb
9086,apple_0005.png,0,4,0,koclip_xgb
9087,apple_0005.png,0,4,0,koclip_xgb
9088,apple_0005.png,0,4,0,koclip_xgb
9089,apple_0005.png,4,4,0,koclip_xgb
9090,apple_0005.png,4,4,0,koclip_xgb
9091,apple_0005.png,3,2,0,koclip_xgb
9092,apple_0005.png,2,2,0,koclip_xgb
9093,apple_0005.png,2,2,0,koclip_xgb
9094,apple_0005.png,4,4,0,koclip_xgb
9095,apple_0005.png,1,1,0,koclip_xgb
9096,apple_0005.png,1,1,0,koclip_xgb
9097,apple_0005.png,2,2,0,koclip_xgb
9098,apple_0005.png,4,4,0,koclip_xgb
9099,apple_0005.png,4,4,0,koclip_xgb
9131,apple_0017.png,4,4,0,koclip_xgb
9132,apple_0017.png,3,4,0,koclip_xgb
9174,apple_0037.png,4,4,0,koclip_xgb
9175,apple_0037.png,3,4,0,koclip_xgb
9176,apple_0037.png,4,4,0,koclip_xgb
9177,apple_0037.png,3,4,0,koclip_xgb
9178,apple_0037.png,1,4,0,koclip_xgb
9198,apple_0044.png,1,1,0,koclip_xgb
9242,apple_0057.png,4,4,0,koclip_xgb
9243,apple_0057.png,4,4,0,koclip_xgb
9244,apple_0057.png,3,4,0,koclip_xgb
9245,apple_0057.png,2,4,0,koclip_xgb
9246,apple_0059.png,4,4,0,koclip_xgb
9247,apple_0059.png,4,4,0,koclip_xgb
9248,apple_0059.png,3,4,0,koclip_xgb
9259,apple_0069.png,3,4,0,koclip_xgb
9260,apple_0069.png,4,4,0,koclip_xgb
9261,apple_0069.png,4,4,0,koclip_xgb
9262,apple_0069.png,4,4,0,koclip_xgb
9263,apple_0069.png,4,4,0,koclip_xgb
9264,apple_0069.png,4,4,0,koclip_xgb
9265,apple_0069.png,2,3,0,koclip_xgb
9266,apple_0069.png,1,4,0,koclip_xgb
9272,apple_0072.png,4,4,0,koclip_xgb
9273,apple_0072.png,4,4,0,koclip_xgb
9274,apple_0072.png,4,4,0,koclip_xgb
9275,apple_0072.png,4,4,0,koclip_xgb
9276,apple_0072.png,3,4,0,koclip_xgb
9277,apple_0072.png,3,3,0,koclip_xgb
9283,apple_0075.png,4,4,0,koclip_xgb
9284,apple_0075.png,4,4,0,koclip_xgb
9285,apple_0075.png,4,4,0,koclip_xgb
9286,apple_0075.png,4,4,0,koclip_xgb
9311,apple_0084.png,4,4,0,koclip_xgb
9312,apple_0084.png,3,4,0,koclip_xgb
9313,apple_0084.png,3,1,0,koclip_xgb
9314,apple_0084.png,2,2,0,koclip_xgb
9315,apple_0084.png,2,3,0,koclip_xgb
9337,apple_0095.png,4,4,0,koclip_xgb
9338,apple_0095.png,4,4,0,koclip_xgb
9339,apple_0095.png,2,2,0,koclip_xgb
9360,galaxy_0003.png,1,1,0,koclip_xgb
9361,galaxy_0003.png,4,0,0,koclip_xgb
9362,galaxy_0003.png,3,3,0,koclip_xgb
9363,galaxy_0003.png,4,4,0,koclip_xgb
9364,galaxy_0003.png,4,4,0,koclip_xgb
9365,galaxy_0003.png,2,0,0,koclip_xgb
9366,galaxy_0003.png,1,1,0,koclip_xgb
9367,galaxy_0003.png,2,1,0,koclip_xgb
9368,galaxy_0003.png,4,0,0,koclip_xgb
9369,galaxy_0003.png,1,0,0,koclip_xgb
9370,galaxy_0003.png,1,4,0,koclip_xgb
9371,galaxy_0003.png,1,0,0,koclip_xgb
9372,galaxy_0003.png,1,4,0,koclip_xgb
9385,galaxy_0008.png,4,4,0,koclip_xgb
9386,galaxy_0008.png,1,0,0,koclip_xgb
9387,galaxy_0008.png,4,4,0,koclip_xgb
9388,galaxy_0008.png,2,0,0,koclip_xgb
9389,galaxy_0008.png,0,1,0,koclip_xgb
9390,galaxy_0010.png,1,4,0,koclip_xgb
9391,galaxy_0010.png,2,4,0,koclip_xgb
9392,galaxy_0010.png,3,2,0,koclip_xgb
9393,galaxy_0010.png,4,1,0,koclip_xgb
9394,galaxy_0010.png,0,4,0,koclip_xgb
9417,galaxy_0017.png,4,3,0,koclip_xgb
9418,galaxy_0017.png,2,2,0,koclip_xgb
9419,galaxy_0017.png,4,4,0,koclip_xgb
9420,galaxy_0017.png,1,3,0,koclip_xgb
9421,galaxy_0017.png,1,3,0,koclip_xgb
9422,galaxy_0017.png,4,2,0,koclip_xgb
9423,galaxy_0017.png,2,2,0,koclip_xgb
9457,galaxy_0026.png,3,4,0,koclip_xgb
9458,galaxy_0026.png,4,1,0,koclip_xgb
9459,galaxy_0026.png,4,1,0,koclip_xgb
9460,galaxy_0026.png,4,4,0,koclip_xgb
9461,galaxy_0026.png,3,1,0,koclip_xgb
9462,galaxy_0026.png,3,4,0,koclip_xgb
9463,galaxy_0026.png,4,4,0,koclip_xgb
9464,galaxy_0026.png,4,4,0,koclip_xgb
9465,galaxy_0026.png,4,4,0,koclip_xgb
9466,galaxy_0026.png,2,2,0,koclip_xgb
9467,galaxy_0026.png,2,3,0,koclip_xgb
9468,galaxy_0026.png,2,4,0,koclip_xgb
9469,galaxy_0026.png,1,4,0,koclip_xgb
9470,galaxy_0026.png,1,4,0,koclip_xgb
9471,galaxy_0026.png,1,4,0,koclip_xgb
9472,galaxy_0026.png,1,4,0,koclip_xgb
9473,galaxy_0026.png,1,4,0,koclip_xgb
9474,galaxy_0026.png,1,4,0,koclip_xgb
9475,galaxy_0026.png,1,4,0,koclip_xgb
9546,galaxy_0041.png,4,4,0,koclip_xgb
9547,galaxy_0041.png,4,4,0,koclip_xgb
9548,galaxy_0041.png,4,4,0,koclip_xgb
9549,galaxy_0041.png,1,4,0,koclip_xgb
9550,galaxy_0043.png,4,4,0,koclip_xgb
9551,galaxy_0043.png,4,4,0,koclip_xgb
9552,galaxy_0043.png,4,4,0,koclip_xgb
9553,galaxy_0043.png,3,4,0,koclip_xgb
9554,galaxy_0043.png,2,2,0,koclip_xgb
9561,galaxy_0048.png,4,4,0,koclip_xgb
9562,galaxy_0048.png,4,4,0,koclip_xgb
9563,galaxy_0048.png,4,3,0,koclip_xgb
9564,galaxy_0048.png,3,2,0,koclip_xgb
9565,galaxy_0048.png,2,2,0,koclip_xgb
9566,galaxy_0050.png,4,4,0,koclip_xgb
9567,galaxy_0050.png,4,4,0,koclip_xgb
9568,galaxy_0050.png,3,4,0,koclip_xgb
9569,galaxy_0050.png,1,4,0,koclip_xgb
9570,galaxy_0050.png,2,4,0,koclip_xgb
9571,galaxy_0050.png,3,4,0,koclip_xgb
9576,galaxy_0053.png,0,1,0,koclip_xgb
9577,galaxy_0054.png,1,4,0,koclip_xgb
9578,galaxy_0054.png,1,4,0,koclip_xgb
9579,galaxy_0054.png,1,4,0,koclip_xgb
9580,galaxy_0054.png,2,4,0,koclip_xgb
9581,galaxy_0054.png,2,4,0,koclip_xgb
9582,galaxy_0057.png,4,3,0,koclip_xgb
9583,galaxy_0057.png,2,2,0,koclip_xgb
9584,galaxy_0057.png,3,4,0,koclip_xgb
9585,galaxy_0057.png,2,2,0,koclip_xgb
9586,galaxy_0057.png,2,2,0,koclip_xgb
9612,galaxy_0064.png,4,4,0,koclip_xgb
9613,galaxy_0064.png,4,4,0,koclip_xgb
9614,galaxy_0064.png,3,4,0,koclip_xgb
9615,galaxy_0064.png,4,4,0,koclip_xgb
9616,galaxy_0064.png,4,4,0,koclip_xgb
9617,galaxy_0065.png,1,4,0,koclip_xgb
9618,galaxy_0065.png,1,4,0,koclip_xgb
9619,galaxy_0065.png,2,4,0,koclip_xgb
9653,galaxy_0074.png,3,1,0,koclip_xgb
9654,galaxy_0074.png,3,4,0,koclip_xgb
9655,galaxy_0074.png,1,0,0,koclip_xgb
9656,galaxy_0074.png,3,1,0,koclip_xgb
9657,galaxy_0074.png,1,0,0,koclip_xgb
9658,galaxy_0074.png,1,0,0,koclip_xgb
9699,galaxy_0084.png,1,4,0,koclip_xgb
9700,galaxy_0084.png,4,4,0,koclip_xgb
9701,galaxy_0084.png,4,4,0,koclip_xgb
9702,galaxy_0084.png,4,4,0,koclip_xgb
9703,galaxy_0084.png,4,4,0,koclip_xgb
9704,galaxy_0084.png,2,4,0,koclip_xgb
9705,galaxy_0084.png,1,4,0,koclip_xgb
9706,galaxy_0084.png,1,2,0,koclip_xgb
9707,galaxy_0084.png,0,4,0,koclip_xgb
9708,galaxy_0084.png,1,4,0,koclip_xgb
9709,galaxy_0084.png,1,2,0,koclip_xgb
9710,galaxy_0084.png,1,2,0,koclip_xgb
9711,galaxy_0084.png,2,2,0,koclip_xgb
9717,galaxy_0087.png,3,1,0,koclip_xgb
9718,galaxy_0087.png,4,4,0,koclip_xgb
9719,galaxy_0087.png,2,4,0,koclip_xgb
9720,galaxy_0087.png,3,4,0,koclip_xgb
9721,galaxy_0087.png,2,2,0,koclip_xgb
9737,galaxy_0090.png,0,1,0,koclip_xgb
9738,galaxy_0090.png,1,1,0,koclip_xgb
9739,galaxy_0090.png,1,1,0,koclip_xgb
9740,galaxy_0090.png,1,1,0,koclip_xgb
9741,galaxy_0090.png,4,4,0,koclip_xgb
9742,galaxy_0090.png,2,2,0,koclip_xgb
9743,galaxy_0090.png,1,1,0,koclip_xgb
9744,galaxy_0090.png,2,2,0,koclip_xgb
9759,galaxy_0092.png,4,4,0,koclip_xgb
9760,galaxy_0092.png,3,4,0,koclip_xgb
9812,iphone16_0003.png,0,1,0,koclip_xgb
9813,iphone16_0003.png,2,1,0,koclip_xgb
9814,iphone16_0003.png,2,1,0,koclip_xgb
9815,iphone16_0003.png,4,1,0,koclip_xgb
9816,iphone16_0003.png,4,4,0,koclip_xgb
9835,iphone16_0006.png,4,0,0,koclip_xgb
9836,iphone16_0006.png,4,1,0,koclip_xgb
9837,iphone16_0006.png,4,4,0,koclip_xgb
9838,iphone16_0006.png,3,1,0,koclip_xgb
9839,iphone16_0007.png,1,1,0,koclip_xgb
9840,iphone16_0007.png,1,1,0,koclip_xgb
9841,iphone16_0007.png,4,4,0,koclip_xgb
9842,iphone16_0007.png,0,0,0,koclip_xgb
9843,iphone16_0007.png,0,0,0,koclip_xgb
9900,iphone16_0026.png,1,4,0,koclip_xgb
9901,iphone16_0026.png,4,4,0,koclip_xgb
9902,iphone16_0026.png,2,1,0,koclip_xgb
9903,iphone16_0026.png,2,3,0,koclip_xgb
9904,iphone16_0026.png,4,4,0,koclip_xgb
9955,iphone16_0043.png,0,4,0,koclip_xgb
9956,iphone16_0043.png,0,0,0,koclip_xgb
9957,iphone16_0043.png,0,4,0,koclip_xgb
9958,iphone16_0043.png,1,1,0,koclip_xgb
9959,iphone16_0043.png,0,4,0,koclip_xgb
9964,iphone16_0047.png,4,4,0,koclip_xgb
9965,iphone16_0047.png,4,3,0,koclip_xgb
9966,iphone16_0047.png,3,4,0,koclip_xgb
9967,iphone16_0047.png,2,3,0,koclip_xgb
9968,iphone16_0047.png,3,1,0,koclip_xgb
9969,iphone16_0047.png,2,2,0,koclip_xgb
9970,iphone16_0047.png,2,3,0,koclip_xgb
9971,iphone16_0047.png,3,1,0,koclip_xgb
9972,iphone16_0047.png,4,3,0,koclip_xgb
10007,iphone16_0057.png,4,1,0,koclip_xgb
10008,iphone16_0057.png,0,4,0,koclip_xgb
10009,iphone16_0057.png,0,4,0,koclip_xgb
10010,iphone16_0057.png,0,4,0,koclip_xgb
10011,iphone16_0057.png,0,4,0,koclip_xgb
10012,iphone16_0057.png,4,4,0,koclip_xgb
10013,iphone16_0057.png,4,0,0,koclip_xgb
10014,iphone16_0057.png,4,0,0,koclip_xgb
10015,iphone16_0057.png,2,2,0,koclip_xgb
10016,iphone16_0057.png,4,2,0,koclip_xgb
10017,iphone16_0057.png,1,4,0,koclip_xgb
10018,iphone16_0057.png,4,1,0,koclip_xgb
10028,iphone16_0059.png,0,4,0,koclip_xgb
10029,iphone16_0059.png,4,4,0,koclip_xgb
10030,iphone16_0059.png,3,4,0,koclip_xgb
10031,iphone16_0059.png,1,3,0,koclip_xgb
10032,iphone16_0059.png,0,1,0,koclip_xgb
10055,iphone16_0066.png,4,4,0,koclip_xgb
10056,iphone16_0066.png,4,4,0,koclip_xgb
10057,iphone16_0066.png,1,4,0,koclip_xgb
10058,iphone16_0066.png,2,2,0,koclip_xgb
10059,iphone16_0066.png,2,4,0,koclip_xgb
10060,iphone16_0067.png,0,4,0,koclip_xgb
10061,iphone16_0067.png,0,1,0,koclip_xgb
10062,iphone16_0067.png,0,0,0,koclip_xgb
10063,iphone16_0067.png,0,0,0,koclip_xgb
10064,iphone16_0067.png,4,1,0,koclip_xgb
10073,iphone16_0072.png,4,4,0,koclip_xgb
10074,iphone16_0072.png,1,4,0,koclip_xgb
10075,iphone16_0072.png,4,4,0,koclip_xgb
10076,iphone16_0072.png,0,0,0,koclip_xgb
10234,iphone16_0094.png,4,3,0,koclip_xgb
10235,iphone16_0094.png,4,4,0,koclip_xgb
10236,iphone16_0094.png,4,4,0,koclip_xgb
10237,iphone16_0094.png,4,4,0,koclip_xgb
10238,iphone16_0094.png,2,1,0,koclip_xgb
10239,iphone16_0094.png,3,4,0,koclip_xgb
10240,iphone16_0094.png,2,3,0,koclip_xgb
10241,iphone16_0094.png,1,4,0,koclip_xgb
10282,healthstagram_0009.png,4,3,0,koclip_xgb
10283,healthstagram_0009.png,4,4,0,koclip_xgb
10284,healthstagram_0009.png,4,4,0,koclip_xgb
10285,healthstagram_0009.png,3,4,0,koclip_xgb
10286,healthstagram_0009.png,4,4,0,koclip_xgb
10287,healthstagram_0009.png,3,2,0,koclip_xgb
10288,healthstagram_0009.png,4,0,0,koclip_xgb
10289,healthstagram_0009.png,1,0,0,koclip_xgb
10290,healthstagram_0009.png,3,4,0,koclip_xgb
10291,healthstagram_0009.png,1,4,0,koclip_xgb
10414,healthstagram_0031.png,2,2,0,koclip_xgb
10415,healthstagram_0031.png,2,2,0,koclip_xgb
10416,healthstagram_0031.png,4,4,0,koclip_xgb
10417,healthstagram_0031.png,4,4,0,koclip_xgb
10418,healthstagram_0031.png,4,4,0,koclip_xgb
10419,healthstagram_0031.png,1,4,0,koclip_xgb
10420,healthstagram_0031.png,3,2,0,koclip_xgb
10421,healthstagram_0035.png,4,2,0,koclip_xgb
10422,healthstagram_0035.png,1,4,0,koclip_xgb
10423,healthstagram_0035.png,0,4,0,koclip_xgb
10424,healthstagram_0035.png,1,4,0,koclip_xgb
10425,healthstagram_0035.png,4,2,0,koclip_xgb
10426,healthstagram_0035.png,0,0,0,koclip_xgb
10427,healthstagram_0035.png,1,1,0,koclip_xgb
10428,healthstagram_0035.png,1,1,0,koclip_xgb
10429,healthstagram_0035.png,4,4,0,koclip_xgb
10430,healthstagram_0035.png,3,4,0,koclip_xgb
10431,healthstagram_0035.png,2,3,0,koclip_xgb
10432,healthstagram_0035.png,4,4,0,koclip_xgb
10433,healthstagram_0035.png,4,4,0,koclip_xgb
10434,healthstagram_0035.png,3,4,0,koclip_xgb
10435,healthstagram_0035.png,4,4,0,koclip_xgb
10471,healthstagram_0040.png,0,1,0,koclip_xgb
10472,healthstagram_0040.png,3,3,0,koclip_xgb
10473,healthstagram_0040.png,3,1,0,koclip_xgb
10474,healthstagram_0040.png,2,2,0,koclip_xgb
10475,healthstagram_0040.png,3,2,0,koclip_xgb
10476,healthstagram_0040.png,2,1,0,koclip_xgb
10477,healthstagram_0040.png,2,2,0,koclip_xgb
10478,healthstagram_0040.png,4,3,0,koclip_xgb
10479,healthstagram_0040.png,4,4,0,koclip_xgb
10480,healthstagram_0040.png,4,4,0,koclip_xgb
10481,healthstagram_0040.png,4,4,0,koclip_xgb
10482,healthstagram_0040.png,3,3,0,koclip_xgb
10483,healthstagram_0040.png,4,4,0,koclip_xgb
10484,healthstagram_0040.png,4,4,0,koclip_xgb
10485,healthstagram_0040.png,2,2,0,koclip_xgb
10486,healthstagram_0040.png,1,0,0,koclip_xgb
10487,healthstagram_0040.png,1,1,0,koclip_xgb
10488,healthstagram_0040.png,1,0,0,koclip_xgb
10489,healthstagram_0040.png,4,4,0,koclip_xgb
10512,healthstagram_0049.png,1,0,0,koclip_xgb
10532,healthstagram_0056.png,4,4,0,koclip_xgb
10533,healthstagram_0056.png,4,4,0,koclip_xgb
10534,healthstagram_0056.png,2,2,0,koclip_xgb
10535,healthstagram_0056.png,4,4,0,koclip_xgb
10536,healthstagram_0056.png,3,3,0,koclip_xgb
10537,healthstagram_0056.png,0,0,0,koclip_xgb
10538,healthstagram_0056.png,0,0,0,koclip_xgb
10539,healthstagram_0056.png,1,1,0,koclip_xgb
10540,healthstagram_0056.png,4,4,0,koclip_xgb
10541,healthstagram_0056.png,4,4,0,koclip_xgb
10542,healthstagram_0056.png,2,2,0,koclip_xgb
10543,healthstagram_0056.png,3,4,0,koclip_xgb
10544,healthstagram_0056.png,4,4,0,koclip_xgb
10545,healthstagram_0056.png,2,2,0,koclip_xgb
10546,healthstagram_0056.png,2,2,0,koclip_xgb
10547,healthstagram_0056.png,3,1,0,koclip_xgb
10548,healthstagram_0056.png,4,4,0,koclip_xgb
10589,healthstagram_0064.png,4,2,0,koclip_xgb
10590,healthstagram_0064.png,1,4,0,koclip_xgb
10591,healthstagram_0064.png,2,4,0,koclip_xgb
10592,healthstagram_0064.png,3,3,0,koclip_xgb
10593,healthstagram_0064.png,3,3,0,koclip_xgb
10620,healthstagram_0069.png,2,2,0,koclip_xgb
10621,healthstagram_0073.png,4,3,0,koclip_xgb
10622,healthstagram_0073.png,4,4,0,koclip_xgb
10623,healthstagram_0073.png,4,4,0,koclip_xgb
10624,healthstagram_0073.png,4,4,0,koclip_xgb
10625,healthstagram_0073.png,4,3,0,koclip_xgb
10626,healthstagram_0073.png,4,4,0,koclip_xgb
10627,healthstagram_0073.png,2,2,0,koclip_xgb
10628,healthstagram_0073.png,2,3,0,koclip_xgb
10629,healthstagram_0073.png,2,2,0,koclip_xgb
10630,healthstagram_0073.png,2,2,0,koclip_xgb
10631,healthstagram_0073.png,1,2,0,koclip_xgb
10632,healthstagram_0073.png,2,2,0,koclip_xgb
10633,healthstagram_0073.png,4,4,0,koclip_xgb
10634,healthstagram_0073.png,4,1,0,koclip_xgb
10635,healthstagram_0073.png,3,4,0,koclip_xgb
10641,healthstagram_0080.png,2,2,0,koclip_xgb
10642,healthstagram_0080.png,4,4,0,koclip_xgb
10643,healthstagram_0080.png,3,4,0,koclip_xgb
10644,healthstagram_0080.png,4,4,0,koclip_xgb
10645,healthstagram_0080.png,2,3,0,koclip_xgb
10647,healthstagram_0083.png,1,1,0,koclip_xgb
10679,healthstagram_0087.png,4,4,0,koclip_xgb
10680,healthstagram_0087.png,3,4,0,koclip_xgb
10681,healthstagram_0087.png,2,4,0,koclip_xgb
10682,healthstagram_0087.png,2,2,0,koclip_xgb
10683,healthstagram_0087.png,1,3,0,koclip_xgb
10684,healthstagram_0087.png,2,4,0,koclip_xgb
10685,healthstagram_0087.png,4,4,0,koclip_xgb
10686,healthstagram_0087.png,1,1,0,koclip_xgb
10687,healthstagram_0087.png,1,2,0,koclip_xgb
10688,healthstagram_0087.png,4,4,0,koclip_xgb
10689,healthstagram_0087.png,2,2,0,koclip_xgb
10690,healthstagram_0087.png,2,2,0,koclip_xgb
10778,healthstagram_0099.png,4,4,0,koclip_xgb
10779,healthstagram_0099.png,1,3,0,koclip_xgb
10780,healthstagram_0099.png,2,4,0,koclip_xgb
10781,healthstagram_0099.png,0,0,0,koclip_xgb
10782,healthstagram_0099.png,1,1,0,koclip_xgb
10799,ounwan_0006.png,4,1,0,koclip_xgb
10800,ounwan_0006.png,1,1,0,koclip_xgb
10801,ounwan_0006.png,1,1,0,koclip_xgb
10802,ounwan_0006.png,0,3,0,koclip_xgb
10803,ounwan_0006.png,1,4,0,koclip_xgb
10804,ounwan_0006.png,0,1,0,koclip_xgb
10805,ounwan_0006.png,2,1,0,koclip_xgb
10806,ounwan_0006.png,0,4,0,koclip_xgb
10807,ounwan_0006.png,0,1,0,koclip_xgb
10808,ounwan_0006.png,0,1,0,koclip_xgb
10809,ounwan_0006.png,2,1,0,koclip_xgb
10810,ounwan_0006.png,2,2,0,koclip_xgb
10811,ounwan_0006.png,4,4,0,koclip_xgb
10812,ounwan_0006.png,0,4,0,koclip_xgb
10813,ounwan_0006.png,0,4,0,koclip_xgb
10814,ounwan_0006.png,2,3,0,koclip_xgb
10815,ounwan_0006.png,2,3,0,koclip_xgb
10816,ounwan_0006.png,3,1,0,koclip_xgb
10817,ounwan_0006.png,0,1,0,koclip_xgb
10963,ounwan_0034.png,4,4,0,koclip_xgb
10964,ounwan_0034.png,4,4,0,koclip_xgb
10965,ounwan_0034.png,3,3,0,koclip_xgb
10966,ounwan_0034.png,3,3,0,koclip_xgb
10967,ounwan_0034.png,2,2,0,koclip_xgb
11120,ounwan_0057.png,1,3,0,koclip_xgb
11121,ounwan_0057.png,1,1,0,koclip_xgb
11122,ounwan_0057.png,1,3,0,koclip_xgb
11123,ounwan_0057.png,2,1,0,koclip_xgb
11124,ounwan_0057.png,2,2,0,koclip_xgb
11125,ounwan_0057.png,2,2,0,koclip_xgb
11126,ounwan_0057.png,2,2,0,koclip_xgb
11127,ounwan_0057.png,2,0,0,koclip_xgb
11128,ounwan_0057.png,1,3,0,koclip_xgb
11129,ounwan_0057.png,0,0,0,koclip_xgb
11130,ounwan_0057.png,2,1,0,koclip_xgb
11131,ounwan_0057.png,1,2,0,koclip_xgb
11132,ounwan_0057.png,0,1,0,koclip_xgb
11135,ounwan_0059.png,3,3,0,koclip_xgb
11140,ounwan_0062.png,4,0,0,koclip_xgb
11141,ounwan_0062.png,4,1,0,koclip_xgb
11154,ounwan_0064.png,3,1,0,koclip_xgb
11155,ounwan_0064.png,3,1,0,koclip_xgb
11156,ounwan_0065.png,1,4,0,koclip_xgb
11157,ounwan_0065.png,0,4,0,koclip_xgb
11158,ounwan_0065.png,0,1,0,koclip_xgb
11159,ounwan_0065.png,0,4,0,koclip_xgb
11160,ounwan_0065.png,0,0,0,koclip_xgb
11161,ounwan_0065.png,3,1,0,koclip_xgb
11162,ounwan_0065.png,0,3,0,koclip_xgb
11163,ounwan_0065.png,1,3,0,koclip_xgb
11164,ounwan_0065.png,2,3,0,koclip_xgb
11165,ounwan_0065.png,3,4,0,koclip_xgb
11166,ounwan_0065.png,1,1,0,koclip_xgb
11167,ounwan_0065.png,0,2,0,koclip_xgb
11168,ounwan_0065.png,0,1,0,koclip_xgb
11169,ounwan_0065.png,0,1,0,koclip_xgb
11170,ounwan_0065.png,0,0,0,koclip_xgb
11171,ounwan_0065.png,2,2,0,koclip_xgb
11172,ounwan_0065.png,1,4,0,koclip_xgb
11173,ounwan_0065.png,0,0,0,koclip_xgb
11174,ounwan_0065.png,3,3,0,koclip_xgb
11175,ounwan_0065.png,0,4,0,koclip_xgb
11176,ounwan_0065.png,1,1,0,koclip_xgb
11177,ounwan_0065.png,3,4,0,koclip_xgb
11178,ounwan_0065.png,1,1,0,koclip_xgb
11179,ounwan_0065.png,0,4,0,koclip_xgb
11180,ounwan_0065.png,1,4,0,koclip_xgb
11181,ounwan_0065.png,0,0,0,koclip_xgb
11182,ounwan_0065.png,0,0,0,koclip_xgb
11183,ounwan_0065.png,1,4,0,koclip_xgb
11184,ounwan_0065.png,0,4,0,koclip_xgb
11218,ounwan_0073.png,2,3,0,koclip_xgb
11219,ounwan_0073.png,2,2,0,koclip_xgb
11220,ounwan_0073.png,4,4,0,koclip_xgb
11221,ounwan_0073.png,4,4,0,koclip_xgb
11222,ounwan_0073.png,1,2,0,koclip_xgb
11223,ounwan_0073.png,4,4,0,koclip_xgb
11224,ounwan_0073.png,2,2,0,koclip_xgb
11225,ounwan_0073.png,3,3,0,koclip_xgb
11226,ounwan_0073.png,4,3,0,koclip_xgb
11227,ounwan_0073.png,2,3,0,koclip_xgb
11228,ounwan_0073.png,3,1,0,koclip_xgb
11229,ounwan_0073.png,4,4,0,koclip_xgb
11230,ounwan_0073.png,2,2,0,koclip_xgb
11231,ounwan_0073.png,4,2,0,koclip_xgb
11232,ounwan_0073.png,3,2,0,koclip_xgb
11233,ounwan_0073.png,4,2,0,koclip_xgb
11234,ounwan_0073.png,2,2,0,koclip_xgb
11235,ounwan_0073.png,2,2,0,koclip_xgb
11236,ounwan_0073.png,4,1,0,koclip_xgb
11237,ounwan_0073.png,4,4,0,koclip_xgb
11238,ounwan_0073.png,2,1,0,koclip_xgb
11239,ounwan_0073.png,4,4,0,koclip_xgb
11240,ounwan_0073.png,1,4,0,koclip_xgb
11241,ounwan_0073.png,0,2,0,koclip_xgb
11242,ounwan_0073.png,2,2,0,koclip_xgb
11243,ounwan_0073.png,4,4,0,koclip_xgb
11244,ounwan_0073.png,4,3,0,koclip_xgb
11245,ounwan_0073.png,2,2,0,koclip_xgb
11246,ounwan_0073.png,3,3,0,koclip_xgb
11247,ounwan_0073.png,0,1,0,koclip_xgb
11248,ounwan_0075.png,0,1,0,koclip_xgb
11249,ounwan_0075.png,1,3,0,koclip_xgb
11250,ounwan_0075.png,4,1,0,koclip_xgb
11251,ounwan_0075.png,1,2,0,koclip_xgb
11252,ounwan_0075.png,1,2,0,koclip_xgb
11253,ounwan_0075.png,2,2,0,koclip_xgb
11254,ounwan_0075.png,1,4,0,koclip_xgb
11255,ounwan_0075.png,1,3,0,koclip_xgb
11256,ounwan_0075.png,0,3,0,koclip_xgb
11257,ounwan_0075.png,0,2,0,koclip_xgb
11258,ounwan_0075.png,1,4,0,koclip_xgb
11259,ounwan_0075.png,0,3,0,koclip_xgb
11260,ounwan_0075.png,1,4,0,koclip_xgb
11261,ounwan_0075.png,1,4,0,koclip_xgb
11262,ounwan_0075.png,0,4,0,koclip_xgb
11263,ounwan_0075.png,0,4,0,koclip_xgb
11264,ounwan_0075.png,0,3,0,koclip_xgb
11265,ounwan_0075.png,0,4,0,koclip_xgb
11266,ounwan_0075.png,0,4,0,koclip_xgb
11267,ounwan_0075.png,0,2,0,koclip_xgb
11275,ounwan_0078.png,4,4,0,koclip_xgb
11276,ounwan_0078.png,4,3,0,koclip_xgb
11298,ounwan_0081.png,3,3,0,koclip_xgb
11299,ounwan_0081.png,4,4,0,koclip_xgb
11300,ounwan_0081.png,2,2,0,koclip_xgb
11301,ounwan_0081.png,2,2,0,koclip_xgb
11302,ounwan_0081.png,3,3,0,koclip_xgb
11355,ounwan_0091.png,3,3,0,koclip_xgb
11356,ounwan_0091.png,2,2,0,koclip_xgb
11357,ounwan_0091.png,2,2,0,koclip_xgb
11358,ounwan_0091.png,4,1,0,koclip_xgb
11359,ounwan_0091.png,4,4,0,koclip_xgb
11369,ounwan_0095.png,3,3,0,koclip_xgb
11370,ounwan_0095.png,4,4,0,koclip_xgb
11371,ounwan_0095.png,3,3,0,koclip_xgb
11372,ounwan_0095.png,3,3,0,koclip_xgb
11373,ounwan_0095.png,3,4,0,koclip_xgb
11374,ounwan_0095.png,4,4,0,koclip_xgb
11375,ounwan_0095.png,3,4,0,koclip_xgb
11376,ounwan_0095.png,4,4,0,koclip_xgb
11377,ounwan_0095.png,2,2,0,koclip_xgb
11378,ounwan_0095.png,0,0,0,koclip_xgb
11379,ounwan_0095.png,0,0,0,koclip_xgb
11399,dietfood_0001.png,4,3,0,koclip_xgb
11400,dietfood_0001.png,3,4,0,koclip_xgb
11401,dietfood_0001.png,4,1,0,koclip_xgb
11402,dietfood_0001.png,3,2,0,koclip_xgb
11403,dietfood_0001.png,4,2,0,koclip_xgb
11404,dietfood_0001.png,2,3,0,koclip_xgb
11405,dietfood_0001.png,1,4,0,koclip_xgb
11450,dietfood_0009.png,4,1,0,koclip_xgb
11451,dietfood_0009.png,4,2,0,koclip_xgb
11452,dietfood_0009.png,2,2,0,koclip_xgb
11456,dietfood_0011.png,0,4,0,koclip_xgb
11457,dietfood_0011.png,0,4,0,koclip_xgb
11458,dietfood_0011.png,0,4,0,koclip_xgb
11483,dietfood_0016.png,4,3,0,koclip_xgb
11484,dietfood_0016.png,1,4,0,koclip_xgb
11485,dietfood_0016.png,4,3,0,koclip_xgb
11486,dietfood_0017.png,4,3,0,koclip_xgb
11487,dietfood_0017.png,3,4,0,koclip_xgb
11488,dietfood_0017.png,4,4,0,koclip_xgb
11489,dietfood_0017.png,3,3,0,koclip_xgb
11490,dietfood_0017.png,2,1,0,koclip_xgb
11491,dietfood_0017.png,2,2,0,koclip_xgb
11502,dietfood_0020.png,4,4,0,koclip_xgb
11503,dietfood_0020.png,3,4,0,koclip_xgb
11504,dietfood_0020.png,4,4,0,koclip_xgb
11505,dietfood_0020.png,4,4,0,koclip_xgb
11506,dietfood_0020.png,3,3,0,koclip_xgb
11513,dietfood_0022.png,4,4,0,koclip_xgb
11626,dietfood_0038.png,4,3,0,koclip_xgb
11627,dietfood_0038.png,4,4,0,koclip_xgb
11628,dietfood_0038.png,3,2,0,koclip_xgb
11629,dietfood_0038.png,3,4,0,koclip_xgb
11630,dietfood_0038.png,2,3,0,koclip_xgb
11631,dietfood_0038.png,3,3,0,koclip_xgb
11632,dietfood_0038.png,3,3,0,koclip_xgb
11633,dietfood_0038.png,3,3,0,koclip_xgb
11634,dietfood_0038.png,4,3,0,koclip_xgb
11635,dietfood_0038.png,3,4,0,koclip_xgb
11636,dietfood_0041.png,2,3,0,koclip_xgb
11637,dietfood_0041.png,2,3,0,koclip_xgb
11638,dietfood_0041.png,3,2,0,koclip_xgb
11639,dietfood_0041.png,3,3,0,koclip_xgb
11645,dietfood_0044.png,4,3,0,koclip_xgb
11646,dietfood_0044.png,4,4,0,koclip_xgb
11647,dietfood_0044.png,3,4,0,koclip_xgb
11648,dietfood_0044.png,3,3,0,koclip_xgb
11649,dietfood_0044.png,3,3,0,koclip_xgb
11755,dietfood_0062.png,4,3,0,koclip_xgb
11756,dietfood_0062.png,4,4,0,koclip_xgb
11757,dietfood_0062.png,4,4,0,koclip_xgb
11758,dietfood_0062.png,3,3,0,koclip_xgb
11759,dietfood_0062.png,4,3,0,koclip_xgb
11806,dietfood_0070.png,3,2,0,koclip_xgb
11807,dietfood_0070.png,2,2,0,koclip_xgb
11808,dietfood_0070.png,2,2,0,koclip_xgb
11809,dietfood_0070.png,3,3,0,koclip_xgb
11810,dietfood_0070.png,3,4,0,koclip_xgb
11811,dietfood_0070.png,1,4,0,koclip_xgb
11812,dietfood_0070.png,3,4,0,koclip_xgb
11813,dietfood_0070.png,1,1,0,koclip_xgb
11814,dietfood_0070.png,4,4,0,koclip_xgb
11815,dietfood_0070.png,4,4,0,koclip_xgb
11816,dietfood_0070.png,4,4,0,koclip_xgb
11817,dietfood_0070.png,4,4,0,koclip_xgb
11864,dietfood_0077.png,3,3,0,koclip_xgb
11865,dietfood_0077.png,3,3,0,koclip_xgb
11866,dietfood_0077.png,4,3,0,koclip_xgb
11867,dietfood_0077.png,2,3,0,koclip_xgb
11868,dietfood_0077.png,3,3,0,koclip_xgb
11886,dietfood_0082.png,4,4,0,koclip_xgb
11887,dietfood_0082.png,4,4,0,koclip_xgb
11888,dietfood_0082.png,4,4,0,koclip_xgb
11889,dietfood_0082.png,4,4,0,koclip_xgb
11890,dietfood_0082.png,0,3,0,koclip_xgb
11891,dietfood_0082.png,4,4,0,koclip_xgb
11892,dietfood_0082.png,4,4,0,koclip_xgb
11893,dietfood_0082.png,2,3,0,koclip_xgb
11894,dietfood_0082.png,4,4,0,koclip_xgb
11895,dietfood_0082.png,3,3,0,koclip_xgb
11896,dietfood_0082.png,3,4,0,koclip_xgb
11897,dietfood_0082.png,4,3,0,koclip_xgb
11898,dietfood_0082.png,4,4,0,koclip_xgb
11899,dietfood_0082.png,2,4,0,koclip_xgb
11900,dietfood_0082.png,2,3,0,koclip_xgb
11942,dietfood_0089.png,2,3,0,koclip_xgb
11943,dietfood_0089.png,2,3,0,koclip_xgb
11944,dietfood_0089.png,4,3,0,koclip_xgb
11945,dietfood_0089.png,1,4,0,koclip_xgb
11946,dietfood_0089.png,1,4,0,koclip_xgb
11947,dietfood_0089.png,2,3,0,koclip_xgb
11950,dietfood_0092.png,3,2,0,koclip_xgb
11951,dietfood_0092.png,3,3,0,koclip_xgb
11952,dietfood_0092.png,4,2,0,koclip_xgb
11953,dietfood_0092.png,2,2,0,koclip_xgb
11954,dietfood_0092.png,2,2,0,koclip_xgb
15,ai_0005.png,4,0,1,koclip_xgb
16,ai_0005.png,1,3,1,koclip_xgb
17,ai_0005.png,0,4,1,koclip_xgb
18,ai_0005.png,0,4,1,koclip_xgb
19,ai_0005.png,0,4,1,koclip_xgb
45,ai_0010.png,2,1,1,koclip_xgb
46,ai_0010.png,4,4,1,koclip_xgb
47,ai_0010.png,4,1,1,koclip_xgb
48,ai_0010.png,3,4,1,koclip_xgb
49,ai_0010.png,4,1,1,koclip_xgb
50,ai_0010.png,4,4,1,koclip_xgb
51,ai_0010.png,3,2,1,koclip_xgb
52,ai_0010.png,2,2,1,koclip_xgb
53,ai_0010.png,1,4,1,koclip_xgb
54,ai_0010.png,3,4,1,koclip_xgb
55,ai_0012.png,3,4,1,koclip_xgb
56,ai_0012.png,3,2,1,koclip_xgb
57,ai_0012.png,4,4,1,koclip_xgb
58,ai_0012.png,1,3,1,koclip_xgb
59,ai_0012.png,1,1,1,koclip_xgb
60,ai_0012.png,0,0,1,koclip_xgb
61,ai_0012.png,0,0,1,koclip_xgb
62,ai_0012.png,1,1,1,koclip_xgb
63,ai_0012.png,1,2,1,koclip_xgb
64,ai_0012.png,1,1,1,koclip_xgb
65,ai_0012.png,1,2,1,koclip_xgb
66,ai_0012.png,0,2,1,koclip_xgb
67,ai_0012.png,1,3,1,koclip_xgb
68,ai_0012.png,1,1,1,koclip_xgb
69,ai_0012.png,4,4,1,koclip_xgb
70,ai_0012.png,4,3,1,koclip_xgb
71,ai_0012.png,2,2,1,koclip_xgb
72,ai_0012.png,2,1,1,koclip_xgb
73,ai_0012.png,2,2,1,koclip_xgb
74,ai_0012.png,4,4,1,koclip_xgb
75,ai_0012.png,3,4,1,koclip_xgb
76,ai_0012.png,2,2,1,koclip_xgb
77,ai_0012.png,3,2,1,koclip_xgb
121,ai_0016.png,4,1,1,koclip_xgb
122,ai_0016.png,4,4,1,koclip_xgb
123,ai_0016.png,4,4,1,koclip_xgb
124,ai_0016.png,4,4,1,koclip_xgb
125,ai_0016.png,4,4,1,koclip_xgb
126,ai_0016.png,4,4,1,koclip_xgb
127,ai_0016.png,4,4,1,koclip_xgb
128,ai_0016.png,4,1,1,koclip_xgb
129,ai_0016.png,4,4,1,koclip_xgb
130,ai_0016.png,1,4,1,koclip_xgb
131,ai_0016.png,2,4,1,koclip_xgb
132,ai_0016.png,2,4,1,koclip_xgb
133,ai_0016.png,4,2,1,koclip_xgb
134,ai_0016.png,1,4,1,koclip_xgb
135,ai_0016.png,0,2,1,koclip_xgb
136,ai_0016.png,1,4,1,koclip_xgb
137,ai_0016.png,2,4,1,koclip_xgb
138,ai_0017.png,4,4,1,koclip_xgb
139,ai_0017.png,3,4,1,koclip_xgb
140,ai_0017.png,4,4,1,koclip_xgb
141,ai_0017.png,4,3,1,koclip_xgb
142,ai_0017.png,4,1,1,koclip_xgb
143,ai_0017.png,3,2,1,koclip_xgb
144,ai_0017.png,3,2,1,koclip_xgb
145,ai_0017.png,2,3,1,koclip_xgb
146,ai_0017.png,1,4,1,koclip_xgb
147,ai_0017.png,1,4,1,koclip_xgb
148,ai_0017.png,1,3,1,koclip_xgb
149,ai_0017.png,1,1,1,koclip_xgb
150,ai_0017.png,1,2,1,koclip_xgb
151,ai_0017.png,1,2,1,koclip_xgb
152,ai_0017.png,1,2,1,koclip_xgb
153,ai_0017.png,1,2,1,koclip_xgb
154,ai_0017.png,1,4,1,koclip_xgb
155,ai_0017.png,1,2,1,koclip_xgb
156,ai_0017.png,1,2,1,koclip_xgb
257,domesticTravel_0005.png,3,1,1,koclip_xgb
302,domesticTravel_0015.png,4,4,1,koclip_xgb
303,domesticTravel_0015.png,1,1,1,koclip_xgb
304,domesticTravel_0015.png,4,4,1,koclip_xgb
305,domesticTravel_0015.png,3,4,1,koclip_xgb
367,fall_0003.png,0,4,1,koclip_xgb
368,fall_0003.png,0,1,1,koclip_xgb
369,fall_0003.png,0,4,1,koclip_xgb
370,fall_0003.png,0,4,1,koclip_xgb
371,fall_0003.png,0,4,1,koclip_xgb
372,fall_0003.png,0,4,1,koclip_xgb
377,fall_0006.png,4,4,1,koclip_xgb
488,fall_0015.png,4,3,1,koclip_xgb
489,fall_0015.png,3,4,1,koclip_xgb
490,fall_0015.png,3,3,1,koclip_xgb
491,fall_0015.png,1,4,1,koclip_xgb
492,fall_0015.png,2,4,1,koclip_xgb
493,fall_0015.png,3,3,1,koclip_xgb
494,fall_0015.png,3,2,1,koclip_xgb
495,fall_0015.png,2,2,1,koclip_xgb
496,fall_0015.png,4,2,1,koclip_xgb
497,fall_0015.png,4,1,1,koclip_xgb
521,fall_0021.png,3,4,1,koclip_xgb
522,fall_0021.png,4,4,1,koclip_xgb
523,fall_0021.png,3,3,1,koclip_xgb
524,fall_0021.png,3,4,1,koclip_xgb
525,fall_0021.png,2,2,1,koclip_xgb
526,fall_0021.png,3,1,1,koclip_xgb
527,fall_0021.png,3,1,1,koclip_xgb
528,fall_0021.png,2,2,1,koclip_xgb
529,fall_0021.png,2,1,1,koclip_xgb
530,fall_0021.png,3,4,1,koclip_xgb
531,fall_0021.png,4,4,1,koclip_xgb
532,fall_0021.png,4,4,1,koclip_xgb
533,fall_0021.png,4,4,1,koclip_xgb
534,fall_0021.png,3,4,1,koclip_xgb
535,fall_0021.png,4,2,1,koclip_xgb
536,fall_0021.png,2,1,1,koclip_xgb
559,fall_0023.png,4,4,1,koclip_xgb
560,fall_0023.png,3,1,1,koclip_xgb
561,fall_0023.png,3,1,1,koclip_xgb
562,fall_0023.png,4,1,1,koclip_xgb
563,fall_0023.png,4,4,1,koclip_xgb
564,fall_0023.png,1,4,1,koclip_xgb
565,fashion_0001.png,4,1,1,koclip_xgb
566,fashion_0001.png,4,4,1,koclip_xgb
726,movie_0004.png,1,1,1,koclip_xgb
727,movie_0004.png,1,1,1,koclip_xgb
728,movie_0004.png,1,1,1,koclip_xgb
729,movie_0004.png,1,2,1,koclip_xgb
730,movie_0004.png,4,1,1,koclip_xgb
731,movie_0004.png,4,1,1,koclip_xgb
732,movie_0004.png,4,1,1,koclip_xgb
733,movie_0004.png,3,2,1,koclip_xgb
734,movie_0004.png,1,1,1,koclip_xgb
735,movie_0004.png,1,1,1,koclip_xgb
736,movie_0004.png,4,4,1,koclip_xgb
737,movie_0004.png,4,4,1,koclip_xgb
738,movie_0004.png,2,3,1,koclip_xgb
739,movie_0004.png,3,1,1,koclip_xgb
740,movie_0004.png,2,3,1,koclip_xgb
741,movie_0004.png,2,1,1,koclip_xgb
742,movie_0004.png,1,1,1,koclip_xgb
743,movie_0004.png,1,1,1,koclip_xgb
744,movie_0004.png,4,4,1,koclip_xgb
745,movie_0004.png,4,4,1,koclip_xgb
746,movie_0004.png,1,2,1,koclip_xgb
747,movie_0004.png,1,1,1,koclip_xgb
748,movie_0004.png,1,1,1,koclip_xgb
749,movie_0004.png,1,1,1,koclip_xgb
750,movie_0004.png,4,1,1,koclip_xgb
751,movie_0004.png,4,2,1,koclip_xgb
752,movie_0004.png,0,0,1,koclip_xgb
874,movie_0018.png,4,2,1,koclip_xgb
875,movie_0018.png,4,1,1,koclip_xgb
876,movie_0018.png,3,2,1,koclip_xgb
962,olive_0007.png,4,2,1,koclip_xgb
963,olive_0007.png,3,1,1,koclip_xgb
964,olive_0007.png,3,3,1,koclip_xgb
965,olive_0007.png,4,4,1,koclip_xgb
966,olive_0007.png,4,4,1,koclip_xgb
967,olive_0007.png,4,4,1,koclip_xgb
968,olive_0007.png,1,4,1,koclip_xgb
969,olive_0007.png,1,4,1,koclip_xgb
970,olive_0007.png,1,1,1,koclip_xgb
971,olive_0007.png,1,1,1,koclip_xgb
972,olive_0007.png,4,1,1,koclip_xgb
973,olive_0007.png,4,4,1,koclip_xgb
974,olive_0007.png,4,4,1,koclip_xgb
975,olive_0007.png,1,4,1,koclip_xgb
976,olive_0007.png,1,1,1,koclip_xgb
977,olive_0007.png,4,1,1,koclip_xgb
978,olive_0007.png,3,4,1,koclip_xgb
979,olive_0007.png,2,3,1,koclip_xgb
980,olive_0007.png,2,4,1,koclip_xgb
981,olive_0007.png,2,4,1,koclip_xgb
982,olive_0007.png,2,3,1,koclip_xgb
983,olive_0007.png,1,4,1,koclip_xgb
984,olive_0007.png,1,3,1,koclip_xgb
985,olive_0007.png,2,4,1,koclip_xgb
986,olive_0007.png,1,4,1,koclip_xgb
987,olive_0007.png,3,4,1,koclip_xgb
988,olive_0010.png,1,2,1,koclip_xgb
989,olive_0010.png,1,3,1,koclip_xgb
990,olive_0010.png,2,2,1,koclip_xgb
991,olive_0010.png,4,4,1,koclip_xgb
992,olive_0010.png,3,4,1,koclip_xgb
993,olive_0010.png,3,2,1,koclip_xgb
994,olive_0010.png,1,4,1,koclip_xgb
995,olive_0010.png,2,4,1,koclip_xgb
996,olive_0010.png,3,3,1,koclip_xgb
1037,olive_0014.png,4,4,1,koclip_xgb
1069,olive_0020.png,4,4,1,koclip_xgb
1070,olive_0020.png,4,4,1,koclip_xgb
1071,olive_0020.png,4,4,1,koclip_xgb
1072,olive_0020.png,4,4,1,koclip_xgb
1073,olive_0020.png,4,4,1,koclip_xgb
1074,olive_0020.png,4,4,1,koclip_xgb
1075,olive_0020.png,3,3,1,koclip_xgb
1076,olive_0020.png,3,3,1,koclip_xgb
1077,olive_0020.png,2,4,1,koclip_xgb
1078,olive_0020.png,2,2,1,koclip_xgb
1079,olive_0020.png,2,1,1,koclip_xgb
1080,olive_0020.png,2,1,1,koclip_xgb
1081,olive_0020.png,1,4,1,koclip_xgb
1082,olive_0020.png,1,4,1,koclip_xgb
1083,olive_0020.png,2,3,1,koclip_xgb
1084,olive_0020.png,3,3,1,koclip_xgb
1085,olive_0020.png,3,4,1,koclip_xgb
1086,olive_0020.png,4,4,1,koclip_xgb
1087,olive_0020.png,4,3,1,koclip_xgb
1088,olive_0020.png,2,3,1,koclip_xgb
1089,olive_0020.png,2,4,1,koclip_xgb
1090,olive_0020.png,1,4,1,koclip_xgb
1091,olive_0020.png,4,4,1,koclip_xgb
1092,olive_0020.png,4,4,1,koclip_xgb
1093,olive_0020.png,2,4,1,koclip_xgb
1094,olive_0020.png,3,4,1,koclip_xgb
1095,olive_0020.png,3,4,1,koclip_xgb
1096,olive_0020.png,3,4,1,koclip_xgb
1112,restaurant_0001.png,4,4,1,koclip_xgb
1113,restaurant_0001.png,3,3,1,koclip_xgb
1114,restaurant_0001.png,3,1,1,koclip_xgb
1115,restaurant_0001.png,3,4,1,koclip_xgb
1116,restaurant_0001.png,2,2,1,koclip_xgb
1117,restaurant_0001.png,2,2,1,koclip_xgb
1118,restaurant_0001.png,2,2,1,koclip_xgb
1119,restaurant_0001.png,1,4,1,koclip_xgb
1120,restaurant_0001.png,1,3,1,koclip_xgb
1121,restaurant_0001.png,2,2,1,koclip_xgb
1122,restaurant_0001.png,4,4,1,koclip_xgb
1123,restaurant_0001.png,4,4,1,koclip_xgb
1124,restaurant_0001.png,4,4,1,koclip_xgb
1125,restaurant_0001.png,4,4,1,koclip_xgb
1126,restaurant_0001.png,2,2,1,koclip_xgb
1127,restaurant_0001.png,2,2,1,koclip_xgb
1128,restaurant_0001.png,1,4,1,koclip_xgb
1129,restaurant_0001.png,1,2,1,koclip_xgb
1130,restaurant_0001.png,4,4,1,koclip_xgb
1131,restaurant_0001.png,2,3,1,koclip_xgb
1132,restaurant_0001.png,4,4,1,koclip_xgb
1133,restaurant_0002.png,3,1,1,koclip_xgb
1134,restaurant_0002.png,4,4,1,koclip_xgb
1135,restaurant_0002.png,4,4,1,koclip_xgb
1136,restaurant_0002.png,4,4,1,koclip_xgb
1137,restaurant_0002.png,3,1,1,koclip_xgb
1138,restaurant_0002.png,4,4,1,koclip_xgb
1139,restaurant_0002.png,4,1,1,koclip_xgb
1140,restaurant_0002.png,3,3,1,koclip_xgb
1141,restaurant_0002.png,4,4,1,koclip_xgb
1142,restaurant_0002.png,4,1,1,koclip_xgb
1143,restaurant_0002.png,4,4,1,koclip_xgb
1207,restaurant_0015.png,4,4,1,koclip_xgb
1242,restaurant_0018.png,3,1,1,koclip_xgb
1243,restaurant_0018.png,3,2,1,koclip_xgb
1244,restaurant_0018.png,1,1,1,koclip_xgb
1245,restaurant_0018.png,3,2,1,koclip_xgb
1246,restaurant_0018.png,1,3,1,koclip_xgb
1247,restaurant_0018.png,1,1,1,koclip_xgb
1248,restaurant_0018.png,1,2,1,koclip_xgb
1249,restaurant_0018.png,1,2,1,koclip_xgb
1250,restaurant_0018.png,0,2,1,koclip_xgb
1251,restaurant_0018.png,0,2,1,koclip_xgb
1252,restaurant_0018.png,0,1,1,koclip_xgb
1253,restaurant_0018.png,0,1,1,koclip_xgb
1254,restaurant_0018.png,0,0,1,koclip_xgb
1255,restaurant_0018.png,1,1,1,koclip_xgb
1256,restaurant_0018.png,0,4,1,koclip_xgb
1257,restaurant_0018.png,0,2,1,koclip_xgb
1258,restaurant_0018.png,1,1,1,koclip_xgb
1259,restaurant_0018.png,0,0,1,koclip_xgb
1260,restaurant_0018.png,0,0,1,koclip_xgb
1261,restaurant_0018.png,2,2,1,koclip_xgb
1262,restaurant_0018.png,1,1,1,koclip_xgb
1263,restaurant_0018.png,2,2,1,koclip_xgb
1264,restaurant_0018.png,4,4,1,koclip_xgb
1265,restaurant_0018.png,4,4,1,koclip_xgb
1266,restaurant_0018.png,3,4,1,koclip_xgb
1267,restaurant_0018.png,4,3,1,koclip_xgb
1293,restaurant_0021.png,1,2,1,koclip_xgb
1294,restaurant_0021.png,1,1,1,koclip_xgb
1295,restaurant_0021.png,2,2,1,koclip_xgb
1296,restaurant_0021.png,2,4,1,koclip_xgb
1297,restaurant_0021.png,0,4,1,koclip_xgb
1298,restaurant_0021.png,3,2,1,koclip_xgb
1299,restaurant_0021.png,2,4,1,koclip_xgb
1300,restaurant_0021.png,4,2,1,koclip_xgb
1301,restaurant_0021.png,0,3,1,koclip_xgb
1302,restaurant_0021.png,2,2,1,koclip_xgb
1303,restaurant_0021.png,0,1,1,koclip_xgb
1304,restaurant_0021.png,0,3,1,koclip_xgb
1305,restaurant_0021.png,1,4,1,koclip_xgb
1306,restaurant_0021.png,4,2,1,koclip_xgb
1307,restaurant_0021.png,2,4,1,koclip_xgb
1308,restaurant_0021.png,2,4,1,koclip_xgb
1309,restaurant_0021.png,1,2,1,koclip_xgb
1310,restaurant_0021.png,3,2,1,koclip_xgb
1311,restaurant_0021.png,0,2,1,koclip_xgb
1312,restaurant_0021.png,1,2,1,koclip_xgb
1313,restaurant_0021.png,0,4,1,koclip_xgb
1314,restaurant_0021.png,0,4,1,koclip_xgb
1315,restaurant_0021.png,3,2,1,koclip_xgb
1316,restaurant_0021.png,0,1,1,koclip_xgb
1317,restaurant_0021.png,1,1,1,koclip_xgb
1318,restaurant_0021.png,4,1,1,koclip_xgb
1319,restaurant_0022.png,4,4,1,koclip_xgb
1320,restaurant_0022.png,1,4,1,koclip_xgb
1321,restaurant_0022.png,1,4,1,koclip_xgb
1322,restaurant_0022.png,4,4,1,koclip_xgb
1323,restaurant_0022.png,3,3,1,koclip_xgb
1324,restaurant_0022.png,3,3,1,koclip_xgb
1325,restaurant_0023.png,4,4,1,koclip_xgb
1326,restaurant_0023.png,3,3,1,koclip_xgb
1327,restaurant_0023.png,4,3,1,koclip_xgb
1328,restaurant_0023.png,3,4,1,koclip_xgb
1329,restaurant_0023.png,2,2,1,koclip_xgb
1330,restaurant_0023.png,3,3,1,koclip_xgb
1331,restaurant_0023.png,1,1,1,koclip_xgb
1332,restaurant_0023.png,2,2,1,koclip_xgb
1333,restaurant_0023.png,1,2,1,koclip_xgb
1334,restaurant_0023.png,4,4,1,koclip_xgb
1335,restaurant_0023.png,3,3,1,koclip_xgb
1336,restaurant_0023.png,1,4,1,koclip_xgb
1337,restaurant_0023.png,1,4,1,koclip_xgb
1338,restaurant_0023.png,1,1,1,koclip_xgb
1339,restaurant_0023.png,1,1,1,koclip_xgb
1340,restaurant_0023.png,1,4,1,koclip_xgb
1341,restaurant_0023.png,0,0,1,koclip_xgb
1342,zerokal_0001.png,4,3,1,koclip_xgb
1343,zerokal_0001.png,3,3,1,koclip_xgb
1344,zerokal_0001.png,3,3,1,koclip_xgb
1345,zerokal_0001.png,2,3,1,koclip_xgb
1356,zerokal_0004.png,3,1,1,koclip_xgb
1357,zerokal_0004.png,2,4,1,koclip_xgb
1358,zerokal_0004.png,4,2,1,koclip_xgb
1359,zerokal_0004.png,3,4,1,koclip_xgb
1360,zerokal_0004.png,2,2,1,koclip_xgb
1361,zerokal_0004.png,3,1,1,koclip_xgb
1362,zerokal_0004.png,4,3,1,koclip_xgb
1363,zerokal_0004.png,2,2,1,koclip_xgb
1364,zerokal_0004.png,2,2,1,koclip_xgb
1365,zerokal_0004.png,3,2,1,koclip_xgb
1366,zerokal_0004.png,2,4,1,koclip_xgb
1367,zerokal_0004.png,2,3,1,koclip_xgb
1368,zerokal_0004.png,2,2,1,koclip_xgb
1369,zerokal_0004.png,3,2,1,koclip_xgb
1370,zerokal_0004.png,4,4,1,koclip_xgb
1371,zerokal_0004.png,1,0,1,koclip_xgb
1372,zerokal_0004.png,2,0,1,koclip_xgb
1373,zerokal_0004.png,4,1,1,koclip_xgb
1374,zerokal_0004.png,3,4,1,koclip_xgb
1375,zerokal_0004.png,1,2,1,koclip_xgb
1376,zerokal_0004.png,3,4,1,koclip_xgb
1377,zerokal_0004.png,4,2,1,koclip_xgb
1378,zerokal_0004.png,4,4,1,koclip_xgb
1379,zerokal_0004.png,2,2,1,koclip_xgb
1452,zerokal_0013.png,0,0,1,koclip_xgb
1453,zerokal_0013.png,4,4,1,koclip_xgb
1454,zerokal_0013.png,4,4,1,koclip_xgb
1455,zerokal_0013.png,1,1,1,koclip_xgb
1456,zerokal_0013.png,1,1,1,koclip_xgb
1457,zerokal_0013.png,1,2,1,koclip_xgb
1458,zerokal_0013.png,0,0,1,koclip_xgb
1459,zerokal_0013.png,0,1,1,koclip_xgb
1460,zerokal_0013.png,4,4,1,koclip_xgb
1461,zerokal_0013.png,4,4,1,koclip_xgb
1462,zerokal_0014.png,4,4,1,koclip_xgb
1463,zerokal_0014.png,4,4,1,koclip_xgb
1464,zerokal_0014.png,4,4,1,koclip_xgb
1465,zerokal_0014.png,3,4,1,koclip_xgb
1466,zerokal_0014.png,4,2,1,koclip_xgb
1467,zerokal_0014.png,3,2,1,koclip_xgb
1468,zerokal_0015.png,3,1,1,koclip_xgb
1469,zerokal_0015.png,3,1,1,koclip_xgb
1470,zerokal_0015.png,4,3,1,koclip_xgb
1471,zerokal_0015.png,4,4,1,koclip_xgb
1472,zerokal_0015.png,4,4,1,koclip_xgb
1473,zerokal_0015.png,2,4,1,koclip_xgb
1474,zerokal_0015.png,1,4,1,koclip_xgb
1475,zerokal_0015.png,2,4,1,koclip_xgb
1476,zerokal_0015.png,1,4,1,koclip_xgb
1477,zerokal_0015.png,3,1,1,koclip_xgb
1478,zerokal_0015.png,3,4,1,koclip_xgb
1479,zerokal_0015.png,3,4,1,koclip_xgb
1480,zerokal_0015.png,1,1,1,koclip_xgb
1481,zerokal_0015.png,1,1,1,koclip_xgb
1482,zerokal_0017.png,0,0,1,koclip_xgb
1483,zerokal_0017.png,4,4,1,koclip_xgb
1484,zerokal_0017.png,4,4,1,koclip_xgb
1485,zerokal_0017.png,1,1,1,koclip_xgb
1486,zerokal_0017.png,1,1,1,koclip_xgb
1487,zerokal_0017.png,1,2,1,koclip_xgb
1488,zerokal_0017.png,0,0,1,koclip_xgb
1489,zerokal_0017.png,1,1,1,koclip_xgb
1490,zerokal_0017.png,3,4,1,koclip_xgb
1491,zerokal_0017.png,4,4,1,koclip_xgb
1513,travelgram_0001.png,1,1,1,koclip_xgb
1514,travelgram_0001.png,2,4,1,koclip_xgb
1515,travelgram_0001.png,3,3,1,koclip_xgb
1516,travelgram_0001.png,4,4,1,koclip_xgb
1517,travelgram_0001.png,2,2,1,koclip_xgb
1525,travelgram_0012.png,2,2,1,koclip_xgb
1526,travelgram_0012.png,1,1,1,koclip_xgb
1527,travelgram_0012.png,3,3,1,koclip_xgb
1528,travelgram_0012.png,4,3,1,koclip_xgb
1529,travelgram_0012.png,2,1,1,koclip_xgb
1530,travelgram_0012.png,2,1,1,koclip_xgb
1531,travelgram_0012.png,1,1,1,koclip_xgb
1532,travelgram_0012.png,4,1,1,koclip_xgb
1533,travelgram_0012.png,0,0,1,koclip_xgb
1534,travelgram_0012.png,2,4,1,koclip_xgb
1535,travelgram_0012.png,4,0,1,koclip_xgb
1536,travelgram_0012.png,1,1,1,koclip_xgb
1537,travelgram_0012.png,1,3,1,koclip_xgb
1538,travelgram_0012.png,1,1,1,koclip_xgb
1539,travelgram_0012.png,1,1,1,koclip_xgb
1540,travelgram_0012.png,1,1,1,koclip_xgb
1541,travelgram_0012.png,1,1,1,koclip_xgb
1542,travelgram_0012.png,1,3,1,koclip_xgb
1543,travelgram_0012.png,1,1,1,koclip_xgb
1544,travelgram_0012.png,0,1,1,koclip_xgb
1545,travelgram_0012.png,2,1,1,koclip_xgb
1546,travelgram_0012.png,2,1,1,koclip_xgb
1547,travelgram_0012.png,3,0,1,koclip_xgb
1548,travelgram_0012.png,3,1,1,koclip_xgb
1549,travelgram_0013.png,4,4,1,koclip_xgb
1550,travelgram_0013.png,4,4,1,koclip_xgb
1551,travelgram_0013.png,3,4,1,koclip_xgb
1552,travelgram_0013.png,1,1,1,koclip_xgb
1553,travelgram_0013.png,2,2,1,koclip_xgb
1554,travelgram_0016.png,4,3,1,koclip_xgb
1555,travelgram_0016.png,2,2,1,koclip_xgb
1556,travelgram_0016.png,1,1,1,koclip_xgb
1557,travelgram_0016.png,4,3,1,koclip_xgb
1558,travelgram_0016.png,3,2,1,koclip_xgb
1559,travelgram_0016.png,2,2,1,koclip_xgb
1560,travelgram_0016.png,0,0,1,koclip_xgb
1561,travelgram_0016.png,4,4,1,koclip_xgb
1562,travelgram_0016.png,3,4,1,koclip_xgb
1563,travelgram_0016.png,4,0,1,koclip_xgb
1564,travelgram_0016.png,4,0,1,koclip_xgb
1565,travelgram_0016.png,4,1,1,koclip_xgb
1566,travelgram_0016.png,4,0,1,koclip_xgb
1567,travelgram_0016.png,1,4,1,koclip_xgb
1568,travelgram_0016.png,4,1,1,koclip_xgb
1569,travelgram_0016.png,4,4,1,koclip_xgb
1570,travelgram_0016.png,4,4,1,koclip_xgb
1571,travelgram_0016.png,3,4,1,koclip_xgb
1572,travelgram_0016.png,4,0,1,koclip_xgb
1573,travelgram_0016.png,4,4,1,koclip_xgb
1574,travelgram_0016.png,4,0,1,koclip_xgb
1575,travelgram_0016.png,3,4,1,koclip_xgb
1576,travelgram_0016.png,1,4,1,koclip_xgb
1577,travelgram_0016.png,1,1,1,koclip_xgb
1583,travelgram_0021.png,4,4,1,koclip_xgb
1584,travelgram_0021.png,4,0,1,koclip_xgb
1585,travelgram_0021.png,4,4,1,koclip_xgb
1586,travelgram_0021.png,4,4,1,koclip_xgb
1587,travelgram_0021.png,2,2,1,koclip_xgb
1588,travelgram_0021.png,3,3,1,koclip_xgb
1589,travelgram_0021.png,1,4,1,koclip_xgb
1590,travelgram_0021.png,3,2,1,koclip_xgb
1591,travelgram_0021.png,1,4,1,koclip_xgb
1592,travelgram_0021.png,2,3,1,koclip_xgb
1593,travelgram_0021.png,1,2,1,koclip_xgb
1594,travelgram_0021.png,3,3,1,koclip_xgb
1595,travelgram_0021.png,4,4,1,koclip_xgb
1596,travelgram_0021.png,4,4,1,koclip_xgb
1597,travelgram_0021.png,4,0,1,koclip_xgb
1598,travelgram_0021.png,4,4,1,koclip_xgb
1599,travelgram_0021.png,3,2,1,koclip_xgb
1600,travelgram_0021.png,3,2,1,koclip_xgb
1601,travelgram_0021.png,1,4,1,koclip_xgb
1602,travelgram_0021.png,0,4,1,koclip_xgb
1603,travelgram_0021.png,2,2,1,koclip_xgb
1604,travelgram_0021.png,1,3,1,koclip_xgb
1605,travelgram_0021.png,1,2,1,koclip_xgb
1606,travelgram_0021.png,1,1,1,koclip_xgb
1607,travelgram_0021.png,1,3,1,koclip_xgb
1608,travelgram_0021.png,0,3,1,koclip_xgb
1609,travelgram_0021.png,1,4,1,koclip_xgb
1610,travelgram_0021.png,4,0,1,koclip_xgb
1611,travelgram_0021.png,3,3,1,koclip_xgb
1612,travelgram_0021.png,4,4,1,koclip_xgb
1682,travelgram_0050.png,3,3,1,koclip_xgb
1683,travelgram_0050.png,3,3,1,koclip_xgb
1684,travelgram_0050.png,2,2,1,koclip_xgb
1685,travelgram_0050.png,4,3,1,koclip_xgb
1686,travelgram_0050.png,1,0,1,koclip_xgb
1700,travelgram_0056.png,3,3,1,koclip_xgb
1701,travelgram_0056.png,3,3,1,koclip_xgb
1702,travelgram_0056.png,4,3,1,koclip_xgb
1703,travelgram_0056.png,4,3,1,koclip_xgb
1704,travelgram_0056.png,3,3,1,koclip_xgb
1705,travelgram_0056.png,4,3,1,koclip_xgb
1706,travelgram_0056.png,3,3,1,koclip_xgb
1707,travelgram_0056.png,4,2,1,koclip_xgb
1708,travelgram_0056.png,4,1,1,koclip_xgb
1709,travelgram_0056.png,4,1,1,koclip_xgb
1710,travelgram_0056.png,4,1,1,koclip_xgb
1711,travelgram_0056.png,4,1,1,koclip_xgb
1712,travelgram_0056.png,4,4,1,koclip_xgb
1713,travelgram_0056.png,4,1,1,koclip_xgb
1714,travelgram_0056.png,4,1,1,koclip_xgb
1715,travelgram_0056.png,3,3,1,koclip_xgb
1716,travelgram_0056.png,4,1,1,koclip_xgb
1717,travelgram_0056.png,2,2,1,koclip_xgb
1718,travelgram_0056.png,4,3,1,koclip_xgb
1719,travelgram_0056.png,3,4,1,koclip_xgb
1720,travelgram_0056.png,3,1,1,koclip_xgb
1721,travelgram_0056.png,3,3,1,koclip_xgb
1722,travelgram_0056.png,3,1,1,koclip_xgb
1723,travelgram_0056.png,2,3,1,koclip_xgb
1724,travelgram_0056.png,4,2,1,koclip_xgb
1725,travelgram_0056.png,4,3,1,koclip_xgb
1726,travelgram_0056.png,4,3,1,koclip_xgb
1727,travelgram_0056.png,4,1,1,koclip_xgb
1728,travelgram_0056.png,4,1,1,koclip_xgb
1729,travelgram_0056.png,4,2,1,koclip_xgb
1730,travelgram_0057.png,0,4,1,koclip_xgb
1731,travelgram_0057.png,1,0,1,koclip_xgb
1741,travelgram_0065.png,0,1,1,koclip_xgb
1742,travelgram_0067.png,3,2,1,koclip_xgb
1743,travelgram_0067.png,4,0,1,koclip_xgb
1746,travelgram_0069.png,4,4,1,koclip_xgb
1747,travelgram_0069.png,4,3,1,koclip_xgb
1748,travelgram_0069.png,1,1,1,koclip_xgb
1749,travelgram_0069.png,0,4,1,koclip_xgb
1750,travelgram_0069.png,1,1,1,koclip_xgb
1772,travelgram_0075.png,4,3,1,koclip_xgb
1773,travelgram_0075.png,4,4,1,koclip_xgb
1774,travelgram_0075.png,4,3,1,koclip_xgb
1775,travelgram_0075.png,3,2,1,koclip_xgb
1776,travelgram_0075.png,4,4,1,koclip_xgb
1777,travelgram_0075.png,4,3,1,koclip_xgb
1817,travelgram_0083.png,3,4,1,koclip_xgb
1857,travelgram_0096.png,3,3,1,koclip_xgb
1858,travelgram_0096.png,3,2,1,koclip_xgb
1859,travelgram_0096.png,4,1,1,koclip_xgb
1860,travelgram_0096.png,3,1,1,koclip_xgb
1861,travelgram_0096.png,4,3,1,koclip_xgb
1862,travelgram_0097.png,1,3,1,koclip_xgb
1863,travelgram_0097.png,2,3,1,koclip_xgb
1864,travelgram_0097.png,1,2,1,koclip_xgb
1865,travelgram_0097.png,0,4,1,koclip_xgb
1866,travelgram_0097.png,2,2,1,koclip_xgb
1874,solotravel_0001.png,1,1,1,koclip_xgb
1875,solotravel_0001.png,4,2,1,koclip_xgb
1876,solotravel_0001.png,4,3,1,koclip_xgb
1877,solotravel_0001.png,2,2,1,koclip_xgb
1878,solotravel_0002.png,4,4,1,koclip_xgb
1879,solotravel_0002.png,2,1,1,koclip_xgb
1880,solotravel_0002.png,4,4,1,koclip_xgb
1904,solotravel_0010.png,1,4,1,koclip_xgb
1941,solotravel_0027.png,4,2,1,koclip_xgb
1942,solotravel_0027.png,4,4,1,koclip_xgb
1943,solotravel_0027.png,2,4,1,koclip_xgb
1944,solotravel_0027.png,1,4,1,koclip_xgb
1945,solotravel_0027.png,3,2,1,koclip_xgb
1948,solotravel_0031.png,4,3,1,koclip_xgb
1949,solotravel_0031.png,3,4,1,koclip_xgb
1950,solotravel_0031.png,2,2,1,koclip_xgb
1951,solotravel_0031.png,4,4,1,koclip_xgb
1952,solotravel_0031.png,3,4,1,koclip_xgb
1953,solotravel_0031.png,2,3,1,koclip_xgb
2052,solotravel_0049.png,4,4,1,koclip_xgb
2053,solotravel_0049.png,0,1,1,koclip_xgb
2054,solotravel_0049.png,1,1,1,koclip_xgb
2055,solotravel_0049.png,3,1,1,koclip_xgb
2056,solotravel_0049.png,4,1,1,koclip_xgb
2057,solotravel_0050.png,1,1,1,koclip_xgb
2083,solotravel_0061.png,1,4,1,koclip_xgb
2084,solotravel_0061.png,0,4,1,koclip_xgb
2085,solotravel_0061.png,0,4,1,koclip_xgb
2086,solotravel_0061.png,0,4,1,koclip_xgb
2087,solotravel_0061.png,3,2,1,koclip_xgb
2088,solotravel_0061.png,3,4,1,koclip_xgb
2089,solotravel_0061.png,2,3,1,koclip_xgb
2090,solotravel_0061.png,1,3,1,koclip_xgb
2091,solotravel_0061.png,2,3,1,koclip_xgb
2092,solotravel_0061.png,2,2,1,koclip_xgb
2093,solotravel_0061.png,2,2,1,koclip_xgb
2094,solotravel_0061.png,0,4,1,koclip_xgb
2095,solotravel_0061.png,0,4,1,koclip_xgb
2116,solotravel_0066.png,3,3,1,koclip_xgb
2117,solotravel_0066.png,3,3,1,koclip_xgb
2118,solotravel_0066.png,4,4,1,koclip_xgb
2119,solotravel_0066.png,2,3,1,koclip_xgb
2120,solotravel_0066.png,2,1,1,koclip_xgb
2165,solotravel_0075.png,4,1,1,koclip_xgb
2166,solotravel_0075.png,4,4,1,koclip_xgb
2167,solotravel_0075.png,4,3,1,koclip_xgb
2168,solotravel_0075.png,3,4,1,koclip_xgb
2169,solotravel_0075.png,4,4,1,koclip_xgb
2170,solotravel_0075.png,3,2,1,koclip_xgb
2171,solotravel_0075.png,3,3,1,koclip_xgb
2172,solotravel_0075.png,1,4,1,koclip_xgb
2173,solotravel_0075.png,3,4,1,koclip_xgb
2174,solotravel_0075.png,2,2,1,koclip_xgb
2175,solotravel_0075.png,2,4,1,koclip_xgb
2189,solotravel_0081.png,4,4,1,koclip_xgb
2190,solotravel_0081.png,4,4,1,koclip_xgb
2191,solotravel_0081.png,2,2,1,koclip_xgb
2192,solotravel_0081.png,3,4,1,koclip_xgb
2193,solotravel_0081.png,2,4,1,koclip_xgb
2231,solotravel_0091.png,3,4,1,koclip_xgb
2232,solotravel_0091.png,4,1,1,koclip_xgb
2233,solotravel_0091.png,4,4,1,koclip_xgb
2234,solotravel_0091.png,2,3,1,koclip_xgb
2235,solotravel_0091.png,2,4,1,koclip_xgb
2244,solotravel_0099.png,4,3,1,koclip_xgb
2245,solotravel_0099.png,3,2,1,koclip_xgb
2246,solotravel_0099.png,4,4,1,koclip_xgb
2247,solotravel_0099.png,4,2,1,koclip_xgb
2248,solotravel_0099.png,1,3,1,koclip_xgb
2258,travel_0003.png,4,4,1,koclip_xgb
2259,travel_0003.png,4,3,1,koclip_xgb
2260,travel_0003.png,2,2,1,koclip_xgb
2261,travel_0003.png,2,3,1,koclip_xgb
2262,travel_0003.png,1,3,1,koclip_xgb
2335,travel_0022.png,4,3,1,koclip_xgb
2336,travel_0022.png,3,3,1,koclip_xgb
2337,travel_0022.png,3,3,1,koclip_xgb
2338,travel_0022.png,3,3,1,koclip_xgb
2339,travel_0022.png,2,3,1,koclip_xgb
2340,travel_0022.png,1,3,1,koclip_xgb
2341,travel_0022.png,1,3,1,koclip_xgb
2342,travel_0022.png,1,3,1,koclip_xgb
2343,travel_0022.png,3,3,1,koclip_xgb
2344,travel_0022.png,1,4,1,koclip_xgb
2345,travel_0022.png,0,3,1,koclip_xgb
2346,travel_0022.png,2,2,1,koclip_xgb
2347,travel_0022.png,2,3,1,koclip_xgb
2348,travel_0022.png,2,2,1,koclip_xgb
2349,travel_0022.png,2,4,1,koclip_xgb
2374,travel_0033.png,0,1,1,koclip_xgb
2375,travel_0033.png,1,1,1,koclip_xgb
2376,travel_0033.png,1,1,1,koclip_xgb
2407,travel_0046.png,3,3,1,koclip_xgb
2408,travel_0046.png,3,3,1,koclip_xgb
2409,travel_0046.png,4,4,1,koclip_xgb
2410,travel_0046.png,4,4,1,koclip_xgb
2411,travel_0046.png,4,3,1,koclip_xgb
2412,travel_0046.png,0,1,1,koclip_xgb
2413,travel_0046.png,2,3,1,koclip_xgb
2414,travel_0046.png,3,3,1,koclip_xgb
2415,travel_0046.png,1,3,1,koclip_xgb
2425,travel_0049.png,2,4,1,koclip_xgb
2426,travel_0049.png,1,1,1,koclip_xgb
2427,travel_0049.png,4,4,1,koclip_xgb
2428,travel_0049.png,4,4,1,koclip_xgb
2429,travel_0049.png,3,3,1,koclip_xgb
2430,travel_0049.png,1,4,1,koclip_xgb
2431,travel_0049.png,4,4,1,koclip_xgb
2432,travel_0049.png,4,4,1,koclip_xgb
2433,travel_0049.png,4,4,1,koclip_xgb
2434,travel_0049.png,3,0,1,koclip_xgb
2435,travel_0049.png,4,4,1,koclip_xgb
2473,travel_0057.png,1,1,1,koclip_xgb
2474,travel_0057.png,4,1,1,koclip_xgb
2475,travel_0057.png,3,4,1,koclip_xgb
2476,travel_0057.png,1,1,1,koclip_xgb
2477,travel_0057.png,1,1,1,koclip_xgb
2483,travel_0059.png,4,2,1,koclip_xgb
2484,travel_0059.png,3,1,1,koclip_xgb
2485,travel_0059.png,3,3,1,koclip_xgb
2512,travel_0062.png,4,0,1,koclip_xgb
2513,travel_0062.png,4,4,1,koclip_xgb
2514,travel_0062.png,4,3,1,koclip_xgb
2515,travel_0062.png,4,4,1,koclip_xgb
2516,travel_0062.png,2,4,1,koclip_xgb
2537,travel_0073.png,4,4,1,koclip_xgb
2577,travel_0077.png,1,1,1,koclip_xgb
2578,travel_0077.png,2,1,1,koclip_xgb
2635,travel_0093.png,3,0,1,koclip_xgb
2636,travel_0093.png,4,0,1,koclip_xgb
2637,travel_0093.png,1,0,1,koclip_xgb
2638,travel_0093.png,1,4,1,koclip_xgb
2639,travel_0093.png,1,4,1,koclip_xgb
2640,travel_0093.png,1,4,1,koclip_xgb
2641,travel_0093.png,1,4,1,koclip_xgb
2642,travel_0093.png,1,1,1,koclip_xgb
2643,travel_0093.png,1,4,1,koclip_xgb
2644,travel_0093.png,4,0,1,koclip_xgb
2645,travel_0093.png,2,1,1,koclip_xgb
2650,foodstagram_0003.png,4,4,1,koclip_xgb
2651,foodstagram_0003.png,4,4,1,koclip_xgb
2652,foodstagram_0003.png,4,4,1,koclip_xgb
2653,foodstagram_0003.png,2,2,1,koclip_xgb
2657,foodstagram_0006.png,4,0,1,koclip_xgb
2658,foodstagram_0006.png,4,4,1,koclip_xgb
2697,foodstagram_0015.png,4,1,1,koclip_xgb
2698,foodstagram_0015.png,4,4,1,koclip_xgb
2699,foodstagram_0015.png,4,0,1,koclip_xgb
2700,foodstagram_0015.png,4,1,1,koclip_xgb
2701,foodstagram_0015.png,4,4,1,koclip_xgb
2733,foodstagram_0020.png,1,1,1,koclip_xgb
2734,foodstagram_0020.png,4,4,1,koclip_xgb
2735,foodstagram_0020.png,1,1,1,koclip_xgb
2736,foodstagram_0020.png,1,1,1,koclip_xgb
2737,foodstagram_0020.png,2,1,1,koclip_xgb
2738,foodstagram_0020.png,0,1,1,koclip_xgb
2739,foodstagram_0020.png,1,0,1,koclip_xgb
2740,foodstagram_0020.png,1,2,1,koclip_xgb
2741,foodstagram_0020.png,1,1,1,koclip_xgb
2742,foodstagram_0020.png,1,1,1,koclip_xgb
2743,foodstagram_0020.png,1,3,1,koclip_xgb
2744,foodstagram_0020.png,1,3,1,koclip_xgb
2745,foodstagram_0020.png,1,2,1,koclip_xgb
2746,foodstagram_0020.png,1,3,1,koclip_xgb
2747,foodstagram_0020.png,1,3,1,koclip_xgb
2748,foodstagram_0020.png,1,3,1,koclip_xgb
2749,foodstagram_0020.png,1,1,1,koclip_xgb
2750,foodstagram_0020.png,2,2,1,koclip_xgb
2751,foodstagram_0020.png,2,2,1,koclip_xgb
2752,foodstagram_0020.png,1,1,1,koclip_xgb
2753,foodstagram_0020.png,0,1,1,koclip_xgb
2754,foodstagram_0020.png,3,3,1,koclip_xgb
2755,foodstagram_0020.png,3,1,1,koclip_xgb
2756,foodstagram_0020.png,3,3,1,koclip_xgb
2757,foodstagram_0020.png,3,4,1,koclip_xgb
2758,foodstagram_0020.png,1,1,1,koclip_xgb
2759,foodstagram_0020.png,1,1,1,koclip_xgb
2760,foodstagram_0020.png,0,4,1,koclip_xgb
2761,foodstagram_0020.png,1,3,1,koclip_xgb
2762,foodstagram_0020.png,3,1,1,koclip_xgb
2767,foodstagram_0022.png,4,3,1,koclip_xgb
2771,foodstagram_0025.png,4,3,1,koclip_xgb
2772,foodstagram_0025.png,1,1,1,koclip_xgb
2773,foodstagram_0025.png,3,1,1,koclip_xgb
2774,foodstagram_0025.png,4,1,1,koclip_xgb
2866,foodstagram_0048.png,3,3,1,koclip_xgb
2867,foodstagram_0048.png,4,3,1,koclip_xgb
2868,foodstagram_0048.png,2,3,1,koclip_xgb
2869,foodstagram_0048.png,2,2,1,koclip_xgb
2870,foodstagram_0048.png,4,4,1,koclip_xgb
2875,foodstagram_0051.png,1,3,1,koclip_xgb
2876,foodstagram_0051.png,4,4,1,koclip_xgb
2877,foodstagram_0051.png,4,4,1,koclip_xgb
2878,foodstagram_0051.png,4,4,1,koclip_xgb
2879,foodstagram_0051.png,3,3,1,koclip_xgb
2880,foodstagram_0052.png,1,4,1,koclip_xgb
2881,foodstagram_0052.png,4,4,1,koclip_xgb
2894,foodstagram_0057.png,1,3,1,koclip_xgb
2895,foodstagram_0057.png,1,4,1,koclip_xgb
2896,foodstagram_0057.png,1,4,1,koclip_xgb
2897,foodstagram_0057.png,0,2,1,koclip_xgb
2898,foodstagram_0057.png,2,4,1,koclip_xgb
2899,foodstagram_0057.png,2,3,1,koclip_xgb
2900,foodstagram_0057.png,3,3,1,koclip_xgb
2901,foodstagram_0057.png,3,3,1,koclip_xgb
2902,foodstagram_0057.png,3,3,1,koclip_xgb
2903,foodstagram_0057.png,3,3,1,koclip_xgb
2904,foodstagram_0057.png,4,3,1,koclip_xgb
2905,foodstagram_0057.png,3,4,1,koclip_xgb
2906,foodstagram_0057.png,3,3,1,koclip_xgb
2907,foodstagram_0057.png,1,1,1,koclip_xgb
2908,foodstagram_0057.png,3,2,1,koclip_xgb
2909,foodstagram_0057.png,3,2,1,koclip_xgb
2910,foodstagram_0057.png,0,0,1,koclip_xgb
2911,foodstagram_0057.png,0,0,1,koclip_xgb
2912,foodstagram_0057.png,0,0,1,koclip_xgb
2913,foodstagram_0057.png,0,1,1,koclip_xgb
2914,foodstagram_0057.png,1,2,1,koclip_xgb
2915,foodstagram_0057.png,1,3,1,koclip_xgb
2916,foodstagram_0057.png,3,3,1,koclip_xgb
2935,foodstagram_0062.png,4,2,1,koclip_xgb
2936,foodstagram_0062.png,4,1,1,koclip_xgb
2937,foodstagram_0062.png,3,4,1,koclip_xgb
2938,foodstagram_0062.png,4,4,1,koclip_xgb
2949,foodstagram_0065.png,4,4,1,koclip_xgb
2950,foodstagram_0065.png,4,4,1,koclip_xgb
2951,foodstagram_0065.png,2,2,1,koclip_xgb
2952,foodstagram_0065.png,4,4,1,koclip_xgb
2953,foodstagram_0065.png,4,4,1,koclip_xgb
3020,foodstagram_0078.png,4,4,1,koclip_xgb
3021,foodstagram_0078.png,3,1,1,koclip_xgb
3022,foodstagram_0078.png,3,1,1,koclip_xgb
3023,foodstagram_0078.png,1,1,1,koclip_xgb
3024,foodstagram_0078.png,3,4,1,koclip_xgb
3046,foodstagram_0088.png,4,4,1,koclip_xgb
3047,foodstagram_0088.png,4,4,1,koclip_xgb
3048,foodstagram_0088.png,4,4,1,koclip_xgb
3049,foodstagram_0088.png,1,4,1,koclip_xgb
3050,foodstagram_0088.png,4,4,1,koclip_xgb
3062,foodstagram_0093.png,0,4,1,koclip_xgb
3063,foodstagram_0093.png,4,4,1,koclip_xgb
3064,foodstagram_0093.png,4,4,1,koclip_xgb
3065,foodstagram_0093.png,1,4,1,koclip_xgb
3066,foodstagram_0093.png,4,4,1,koclip_xgb
3067,foodstagram_0093.png,3,3,1,koclip_xgb
3068,foodstagram_0093.png,4,3,1,koclip_xgb
3069,foodstagram_0093.png,2,3,1,koclip_xgb
3070,foodstagram_0093.png,3,3,1,koclip_xgb
3071,foodstagram_0093.png,4,4,1,koclip_xgb
3072,foodstagram_0093.png,4,4,1,koclip_xgb
3073,foodstagram_0093.png,3,3,1,koclip_xgb
3074,foodstagram_0093.png,2,4,1,koclip_xgb
3075,foodstagram_0093.png,1,2,1,koclip_xgb
3076,foodstagram_0093.png,3,3,1,koclip_xgb
3077,foodstagram_0093.png,4,4,1,koclip_xgb
3078,foodstagram_0093.png,0,4,1,koclip_xgb
3079,foodstagram_0093.png,0,1,1,koclip_xgb
3080,foodstagram_0093.png,3,1,1,koclip_xgb
3081,foodstagram_0093.png,2,2,1,koclip_xgb
3082,foodstagram_0093.png,4,4,1,koclip_xgb
3083,foodstagram_0093.png,3,3,1,koclip_xgb
3084,foodstagram_0093.png,3,4,1,koclip_xgb
3085,foodstagram_0093.png,3,4,1,koclip_xgb
3086,foodstagram_0093.png,4,1,1,koclip_xgb
3087,foodstagram_0093.png,2,2,1,koclip_xgb
3088,foodstagram_0093.png,0,3,1,koclip_xgb
3089,foodstagram_0093.png,0,1,1,koclip_xgb
3090,foodstagram_0095.png,4,3,1,koclip_xgb
3091,foodstagram_0095.png,4,3,1,koclip_xgb
3092,foodstagram_0095.png,3,3,1,koclip_xgb
3093,foodstagram_0095.png,4,4,1,koclip_xgb
3094,foodstagram_0095.png,2,4,1,koclip_xgb
3095,foodstagram_0095.png,3,3,1,koclip_xgb
3096,foodstagram_0095.png,3,3,1,koclip_xgb
3097,foodstagram_0095.png,3,3,1,koclip_xgb
3098,foodstagram_0095.png,3,3,1,koclip_xgb
3099,foodstagram_0095.png,4,4,1,koclip_xgb
3100,foodstagram_0095.png,3,3,1,koclip_xgb
3101,foodstagram_0095.png,2,3,1,koclip_xgb
3102,foodstagram_0096.png,4,4,1,koclip_xgb
3103,foodstagram_0096.png,0,1,1,koclip_xgb
3104,foodstagram_0096.png,4,4,1,koclip_xgb
3105,foodstagram_0096.png,3,4,1,koclip_xgb
3106,foodstagram_0096.png,1,3,1,koclip_xgb
3107,meokstagram_0003.png,4,4,1,koclip_xgb
3108,meokstagram_0003.png,3,4,1,koclip_xgb
3109,meokstagram_0003.png,3,4,1,koclip_xgb
3110,meokstagram_0003.png,1,3,1,koclip_xgb
3111,meokstagram_0003.png,3,3,1,koclip_xgb
3112,meokstagram_0003.png,3,3,1,koclip_xgb
3113,meokstagram_0003.png,4,3,1,koclip_xgb
3114,meokstagram_0003.png,3,2,1,koclip_xgb
3115,meokstagram_0003.png,1,2,1,koclip_xgb
3135,meokstagram_0008.png,3,3,1,koclip_xgb
3136,meokstagram_0008.png,3,3,1,koclip_xgb
3137,meokstagram_0008.png,4,4,1,koclip_xgb
3138,meokstagram_0008.png,4,4,1,koclip_xgb
3139,meokstagram_0008.png,4,4,1,koclip_xgb
3236,meokstagram_0022.png,4,4,1,koclip_xgb
3237,meokstagram_0022.png,4,4,1,koclip_xgb
3238,meokstagram_0022.png,4,1,1,koclip_xgb
3239,meokstagram_0022.png,3,3,1,koclip_xgb
3240,meokstagram_0022.png,2,3,1,koclip_xgb
3241,meokstagram_0022.png,2,4,1,koclip_xgb
3256,meokstagram_0031.png,1,4,1,koclip_xgb
3257,meokstagram_0031.png,4,4,1,koclip_xgb
3258,meokstagram_0031.png,3,3,1,koclip_xgb
3259,meokstagram_0031.png,0,1,1,koclip_xgb
3260,meokstagram_0031.png,2,4,1,koclip_xgb
3394,meokstagram_0054.png,1,4,1,koclip_xgb
3395,meokstagram_0054.png,0,4,1,koclip_xgb
3396,meokstagram_0054.png,0,4,1,koclip_xgb
3397,meokstagram_0054.png,1,4,1,koclip_xgb
3398,meokstagram_0054.png,1,4,1,koclip_xgb
3399,meokstagram_0055.png,2,2,1,koclip_xgb
3400,meokstagram_0055.png,3,3,1,koclip_xgb
3401,meokstagram_0055.png,3,3,1,koclip_xgb
3402,meokstagram_0055.png,0,4,1,koclip_xgb
3403,meokstagram_0055.png,0,4,1,koclip_xgb
3404,meokstagram_0055.png,0,4,1,koclip_xgb
3405,meokstagram_0055.png,0,4,1,koclip_xgb
3406,meokstagram_0055.png,0,4,1,koclip_xgb
3407,meokstagram_0055.png,0,4,1,koclip_xgb
3408,meokstagram_0055.png,0,0,1,koclip_xgb
3409,meokstagram_0055.png,0,4,1,koclip_xgb
3410,meokstagram_0055.png,4,4,1,koclip_xgb
3411,meokstagram_0055.png,3,4,1,koclip_xgb
3412,meokstagram_0055.png,3,3,1,koclip_xgb
3413,meokstagram_0055.png,1,0,1,koclip_xgb
3414,meokstagram_0055.png,3,3,1,koclip_xgb
3415,meokstagram_0055.png,3,3,1,koclip_xgb
3416,meokstagram_0055.png,3,2,1,koclip_xgb
3417,meokstagram_0055.png,2,3,1,koclip_xgb
3418,meokstagram_0055.png,3,3,1,koclip_xgb
3419,meokstagram_0055.png,3,4,1,koclip_xgb
3420,meokstagram_0055.png,3,4,1,koclip_xgb
3448,meokstagram_0060.png,3,1,1,koclip_xgb
3449,meokstagram_0060.png,1,1,1,koclip_xgb
3450,meokstagram_0060.png,3,4,1,koclip_xgb
3451,meokstagram_0060.png,1,4,1,koclip_xgb
3486,meokstagram_0070.png,4,4,1,koclip_xgb
3487,meokstagram_0070.png,4,4,1,koclip_xgb
3488,meokstagram_0070.png,4,1,1,koclip_xgb
3489,meokstagram_0070.png,4,4,1,koclip_xgb
3490,meokstagram_0070.png,3,4,1,koclip_xgb
3491,meokstagram_0070.png,1,1,1,koclip_xgb
3492,meokstagram_0070.png,1,4,1,koclip_xgb
3553,meokstagram_0075.png,4,3,1,koclip_xgb
3582,meokstagram_0089.png,1,4,1,koclip_xgb
3583,meokstagram_0089.png,4,4,1,koclip_xgb
3584,meokstagram_0089.png,3,4,1,koclip_xgb
3597,meokstagram_0093.png,2,4,1,koclip_xgb
3598,meokstagram_0093.png,1,1,1,koclip_xgb
3599,meokstagram_0093.png,1,4,1,koclip_xgb
3600,meokstagram_0093.png,1,1,1,koclip_xgb
3601,meokstagram_0093.png,3,3,1,koclip_xgb
3618,meokstagram_0098.png,0,4,1,koclip_xgb
3619,meokstagram_0098.png,3,3,1,koclip_xgb
3620,meokstagram_0098.png,3,3,1,koclip_xgb
3621,meokstagram_0098.png,2,2,1,koclip_xgb
3622,meokstagram_0098.png,4,3,1,koclip_xgb
3699,jmt_0024.png,3,1,1,koclip_xgb
3700,jmt_0024.png,4,1,1,koclip_xgb
3701,jmt_0025.png,3,4,1,koclip_xgb
3702,jmt_0025.png,4,4,1,koclip_xgb
3708,jmt_0028.png,2,3,1,koclip_xgb
3709,jmt_0028.png,4,4,1,koclip_xgb
3710,jmt_0028.png,4,3,1,koclip_xgb
3711,jmt_0028.png,0,0,1,koclip_xgb
3712,jmt_0028.png,1,1,1,koclip_xgb
3718,jmt_0032.png,4,4,1,koclip_xgb
3719,jmt_0032.png,1,4,1,koclip_xgb
3720,jmt_0032.png,2,2,1,koclip_xgb
3721,jmt_0032.png,2,2,1,koclip_xgb
3722,jmt_0033.png,4,4,1,koclip_xgb
3723,jmt_0033.png,3,3,1,koclip_xgb
3724,jmt_0033.png,2,2,1,koclip_xgb
3725,jmt_0033.png,2,4,1,koclip_xgb
3726,jmt_0033.png,3,4,1,koclip_xgb
3746,jmt_0040.png,3,1,1,koclip_xgb
3747,jmt_0040.png,3,1,1,koclip_xgb
3748,jmt_0040.png,3,1,1,koclip_xgb
3749,jmt_0040.png,1,4,1,koclip_xgb
3750,jmt_0040.png,1,1,1,koclip_xgb
3756,jmt_0042.png,4,1,1,koclip_xgb
3757,jmt_0042.png,2,2,1,koclip_xgb
3758,jmt_0042.png,1,1,1,koclip_xgb
3759,jmt_0042.png,2,0,1,koclip_xgb
3760,jmt_0042.png,4,4,1,koclip_xgb
3766,jmt_0044.png,1,1,1,koclip_xgb
3767,jmt_0044.png,4,3,1,koclip_xgb
3768,jmt_0044.png,4,4,1,koclip_xgb
3769,jmt_0044.png,4,4,1,koclip_xgb
3770,jmt_0044.png,3,3,1,koclip_xgb
3798,jmt_0059.png,4,1,1,koclip_xgb
3809,jmt_0062.png,4,4,1,koclip_xgb
3810,jmt_0062.png,4,1,1,koclip_xgb
3811,jmt_0062.png,1,1,1,koclip_xgb
3812,jmt_0062.png,0,4,1,koclip_xgb
3813,jmt_0062.png,1,2,1,koclip_xgb
3891,jmt_0083.png,4,4,1,koclip_xgb
3892,jmt_0083.png,4,4,1,koclip_xgb
3893,jmt_0083.png,4,4,1,koclip_xgb
3894,jmt_0083.png,1,4,1,koclip_xgb
3895,jmt_0083.png,0,4,1,koclip_xgb
3920,jmt_0091.png,1,1,1,koclip_xgb
3921,jmt_0091.png,4,4,1,koclip_xgb
3922,jmt_0091.png,4,4,1,koclip_xgb
3923,jmt_0091.png,3,2,1,koclip_xgb
3924,jmt_0091.png,1,1,1,koclip_xgb
3925,jmt_0092.png,0,1,1,koclip_xgb
3926,jmt_0092.png,3,3,1,koclip_xgb
3927,jmt_0092.png,1,2,1,koclip_xgb
3928,jmt_0092.png,2,0,1,koclip_xgb
3929,jmt_0092.png,3,1,1,koclip_xgb
3941,jmt_0097.png,3,4,1,koclip_xgb
3942,jmt_0097.png,3,4,1,koclip_xgb
3943,jmt_0097.png,4,4,1,koclip_xgb
3944,jmt_0097.png,3,4,1,koclip_xgb
3945,jmt_0097.png,4,4,1,koclip_xgb
4005,makeup_0020.png,2,3,1,koclip_xgb
4006,makeup_0020.png,4,4,1,koclip_xgb
4007,makeup_0023.png,1,1,1,koclip_xgb
4008,makeup_0023.png,4,4,1,koclip_xgb
4009,makeup_0023.png,4,4,1,koclip_xgb
4010,makeup_0023.png,1,1,1,koclip_xgb
4119,makeup_0040.png,1,1,1,koclip_xgb
4120,makeup_0040.png,1,1,1,koclip_xgb
4121,makeup_0040.png,4,4,1,koclip_xgb
4122,makeup_0040.png,3,4,1,koclip_xgb
4123,makeup_0040.png,4,2,1,koclip_xgb
4124,makeup_0040.png,3,3,1,koclip_xgb
4125,makeup_0040.png,3,4,1,koclip_xgb
4126,makeup_0040.png,2,3,1,koclip_xgb
4127,makeup_0040.png,2,1,1,koclip_xgb
4158,makeup_0051.png,1,1,1,koclip_xgb
4159,makeup_0051.png,4,4,1,koclip_xgb
4160,makeup_0051.png,4,4,1,koclip_xgb
4161,makeup_0051.png,4,4,1,koclip_xgb
4162,makeup_0051.png,2,4,1,koclip_xgb
4167,makeup_0054.png,4,4,1,koclip_xgb
4168,makeup_0054.png,4,4,1,koclip_xgb
4169,makeup_0054.png,4,4,1,koclip_xgb
4170,makeup_0054.png,2,3,1,koclip_xgb
4181,makeup_0058.png,4,4,1,koclip_xgb
4182,makeup_0058.png,3,3,1,koclip_xgb
4183,makeup_0058.png,3,3,1,koclip_xgb
4184,makeup_0058.png,2,1,1,koclip_xgb
4190,makeup_0061.png,3,1,1,koclip_xgb
4191,makeup_0061.png,4,4,1,koclip_xgb
4192,makeup_0061.png,4,4,1,koclip_xgb
4193,makeup_0061.png,4,4,1,koclip_xgb
4194,makeup_0061.png,1,3,1,koclip_xgb
4210,makeup_0066.png,4,4,1,koclip_xgb
4211,makeup_0066.png,2,2,1,koclip_xgb
4212,makeup_0066.png,2,1,1,koclip_xgb
4213,makeup_0066.png,3,3,1,koclip_xgb
4214,makeup_0066.png,1,1,1,koclip_xgb
4215,makeup_0067.png,4,4,1,koclip_xgb
4216,makeup_0067.png,3,3,1,koclip_xgb
4217,makeup_0067.png,4,4,1,koclip_xgb
4218,makeup_0067.png,2,1,1,koclip_xgb
4219,makeup_0067.png,3,3,1,koclip_xgb
4260,makeup_0079.png,2,2,1,koclip_xgb
4261,makeup_0079.png,3,3,1,koclip_xgb
4262,makeup_0079.png,4,1,1,koclip_xgb
4263,makeup_0079.png,4,1,1,koclip_xgb
4264,makeup_0079.png,3,4,1,koclip_xgb
4278,makeup_0082.png,4,1,1,koclip_xgb
4279,makeup_0082.png,1,4,1,koclip_xgb
4280,makeup_0082.png,4,4,1,koclip_xgb
4281,makeup_0082.png,1,1,1,koclip_xgb
4302,makeup_0085.png,0,1,1,koclip_xgb
4303,makeup_0085.png,0,1,1,koclip_xgb
4304,makeup_0085.png,0,3,1,koclip_xgb
4305,makeup_0085.png,0,3,1,koclip_xgb
4306,makeup_0085.png,4,4,1,koclip_xgb
4307,makeup_0085.png,4,3,1,koclip_xgb
4308,makeup_0085.png,3,3,1,koclip_xgb
4309,makeup_0085.png,3,3,1,koclip_xgb
4310,makeup_0085.png,4,3,1,koclip_xgb
4353,dailymakeup_0005.png,3,3,1,koclip_xgb
4354,dailymakeup_0005.png,3,3,1,koclip_xgb
4355,dailymakeup_0005.png,3,3,1,koclip_xgb
4422,dailymakeup_0021.png,3,3,1,koclip_xgb
4423,dailymakeup_0021.png,3,4,1,koclip_xgb
4424,dailymakeup_0021.png,3,3,1,koclip_xgb
4425,dailymakeup_0021.png,1,1,1,koclip_xgb
4426,dailymakeup_0021.png,0,1,1,koclip_xgb
4434,dailymakeup_0024.png,2,1,1,koclip_xgb
4435,dailymakeup_0024.png,4,1,1,koclip_xgb
4436,dailymakeup_0024.png,3,3,1,koclip_xgb
4437,dailymakeup_0024.png,2,3,1,koclip_xgb
4438,dailymakeup_0024.png,3,2,1,koclip_xgb
4444,dailymakeup_0026.png,2,3,1,koclip_xgb
4445,dailymakeup_0026.png,3,3,1,koclip_xgb
4446,dailymakeup_0026.png,4,4,1,koclip_xgb
4447,dailymakeup_0026.png,3,3,1,koclip_xgb
4448,dailymakeup_0026.png,1,1,1,koclip_xgb
4449,dailymakeup_0026.png,2,4,1,koclip_xgb
4450,dailymakeup_0026.png,2,3,1,koclip_xgb
4451,dailymakeup_0026.png,2,1,1,koclip_xgb
4475,dailymakeup_0029.png,4,4,1,koclip_xgb
4515,dailymakeup_0035.png,4,3,1,koclip_xgb
4516,dailymakeup_0035.png,3,4,1,koclip_xgb
4517,dailymakeup_0035.png,3,3,1,koclip_xgb
4518,dailymakeup_0035.png,3,3,1,koclip_xgb
4519,dailymakeup_0035.png,4,4,1,koclip_xgb
4520,dailymakeup_0036.png,4,3,1,koclip_xgb
4637,dailymakeup_0055.png,4,2,1,koclip_xgb
4638,dailymakeup_0055.png,3,3,1,koclip_xgb
4639,dailymakeup_0055.png,1,1,1,koclip_xgb
4640,dailymakeup_0055.png,1,1,1,koclip_xgb
4670,dailymakeup_0064.png,1,1,1,koclip_xgb
4671,dailymakeup_0065.png,3,3,1,koclip_xgb
4672,dailymakeup_0065.png,3,2,1,koclip_xgb
4673,dailymakeup_0065.png,3,3,1,koclip_xgb
4690,dailymakeup_0069.png,2,1,1,koclip_xgb
4691,dailymakeup_0069.png,1,1,1,koclip_xgb
4692,dailymakeup_0069.png,1,4,1,koclip_xgb
4693,dailymakeup_0069.png,1,1,1,koclip_xgb
4694,dailymakeup_0069.png,2,1,1,koclip_xgb
4695,dailymakeup_0069.png,1,1,1,koclip_xgb
4696,dailymakeup_0069.png,1,1,1,koclip_xgb
4697,dailymakeup_0069.png,2,3,1,koclip_xgb
4698,dailymakeup_0069.png,2,2,1,koclip_xgb
4699,dailymakeup_0069.png,1,3,1,koclip_xgb
4738,dailymakeup_0081.png,4,4,1,koclip_xgb
4739,dailymakeup_0081.png,3,3,1,koclip_xgb
4740,dailymakeup_0081.png,3,3,1,koclip_xgb
4741,dailymakeup_0081.png,3,1,1,koclip_xgb
4747,dailymakeup_0083.png,4,1,1,koclip_xgb
4765,dailymakeup_0089.png,1,1,1,koclip_xgb
4766,dailymakeup_0089.png,2,1,1,koclip_xgb
4767,dailymakeup_0089.png,4,4,1,koclip_xgb
4768,dailymakeup_0089.png,0,4,1,koclip_xgb
4769,dailymakeup_0089.png,3,4,1,koclip_xgb
4790,dailymakeup_0093.png,4,4,1,koclip_xgb
4791,dailymakeup_0094.png,2,4,1,koclip_xgb
4792,dailymakeup_0094.png,4,4,1,koclip_xgb
4798,dailymakeup_0097.png,1,2,1,koclip_xgb
4799,dailymakeup_0097.png,1,3,1,koclip_xgb
4800,dailymakeup_0097.png,1,1,1,koclip_xgb
4801,dailymakeup_0097.png,2,3,1,koclip_xgb
4802,dailymakeup_0097.png,1,3,1,koclip_xgb
4844,kkuankku_0005.png,3,4,1,koclip_xgb
4845,kkuankku_0005.png,4,3,1,koclip_xgb
4846,kkuankku_0005.png,4,3,1,koclip_xgb
4900,kkuankku_0018.png,4,4,1,koclip_xgb
4901,kkuankku_0018.png,4,4,1,koclip_xgb
4902,kkuankku_0018.png,3,4,1,koclip_xgb
4903,kkuankku_0018.png,3,3,1,koclip_xgb
4904,kkuankku_0018.png,2,4,1,koclip_xgb
4905,kkuankku_0018.png,4,1,1,koclip_xgb
4980,kkuankku_0043.png,2,4,1,koclip_xgb
4981,kkuankku_0043.png,4,4,1,koclip_xgb
4982,kkuankku_0043.png,3,3,1,koclip_xgb
4983,kkuankku_0043.png,3,2,1,koclip_xgb
4984,kkuankku_0047.png,4,3,1,koclip_xgb
4985,kkuankku_0047.png,4,3,1,koclip_xgb
4986,kkuankku_0047.png,3,3,1,koclip_xgb
4987,kkuankku_0047.png,4,3,1,koclip_xgb
4996,kkuankku_0054.png,4,3,1,koclip_xgb
4997,kkuankku_0054.png,3,3,1,koclip_xgb
4998,kkuankku_0054.png,3,3,1,koclip_xgb
4999,kkuankku_0054.png,3,3,1,koclip_xgb
5000,kkuankku_0054.png,2,4,1,koclip_xgb
5046,kkuankku_0066.png,4,1,1,koclip_xgb
5047,kkuankku_0066.png,4,4,1,koclip_xgb
5048,kkuankku_0066.png,4,3,1,koclip_xgb
5049,kkuankku_0066.png,4,3,1,koclip_xgb
5050,kkuankku_0066.png,3,2,1,koclip_xgb
5051,kkuankku_0066.png,4,4,1,koclip_xgb
5052,kkuankku_0066.png,3,3,1,koclip_xgb
5053,kkuankku_0066.png,4,2,1,koclip_xgb
5054,kkuankku_0066.png,3,3,1,koclip_xgb
5055,kkuankku_0066.png,4,4,1,koclip_xgb
5056,kkuankku_0066.png,4,4,1,koclip_xgb
5057,kkuankku_0066.png,2,4,1,koclip_xgb
5058,kkuankku_0066.png,1,4,1,koclip_xgb
5059,kkuankku_0066.png,4,4,1,koclip_xgb
5060,kkuankku_0066.png,2,2,1,koclip_xgb
5061,kkuankku_0066.png,4,2,1,koclip_xgb
5062,kkuankku_0066.png,3,3,1,koclip_xgb
5063,kkuankku_0066.png,4,1,1,koclip_xgb
5064,kkuankku_0066.png,3,3,1,koclip_xgb
5080,kkuankku_0078.png,4,1,1,koclip_xgb
5081,kkuankku_0078.png,1,4,1,koclip_xgb
5082,kkuankku_0078.png,2,1,1,koclip_xgb
5095,kkuankku_0088.png,4,4,1,koclip_xgb
5096,kkuankku_0088.png,4,4,1,koclip_xgb
5097,kkuankku_0088.png,2,1,1,koclip_xgb
5098,kkuankku_0088.png,3,3,1,koclip_xgb
5099,kkuankku_0088.png,3,3,1,koclip_xgb
5100,kkuankku_0088.png,3,3,1,koclip_xgb
5101,kkuankku_0088.png,3,2,1,koclip_xgb
5102,kkuankku_0088.png,4,2,1,koclip_xgb
5103,kkuankku_0088.png,4,3,1,koclip_xgb
5104,kkuankku_0088.png,4,3,1,koclip_xgb
5136,kkuankku_0098.png,3,3,1,koclip_xgb
5137,kkuankku_0098.png,3,3,1,koclip_xgb
5138,kkuankku_0098.png,1,4,1,koclip_xgb
5139,kkuankku_0098.png,4,4,1,koclip_xgb
5140,kkuankku_0098.png,3,3,1,koclip_xgb
5141,kkuankku_0098.png,1,3,1,koclip_xgb
5142,kkuankku_0098.png,0,4,1,koclip_xgb
5143,kkuankku_0098.png,1,4,1,koclip_xgb
5144,kkuankku_0098.png,0,4,1,koclip_xgb
5145,kkuankku_0098.png,2,2,1,koclip_xgb
5146,kkuankku_0098.png,2,3,1,koclip_xgb
5147,kkuankku_0098.png,0,4,1,koclip_xgb
5148,kkuankku_0098.png,4,3,1,koclip_xgb
5149,kkuankku_0098.png,2,1,1,koclip_xgb
5150,kkuankku_0098.png,3,4,1,koclip_xgb
5151,kkuankku_0098.png,3,3,1,koclip_xgb
5204,dailylook_0004.png,4,4,1,koclip_xgb
5205,dailylook_0004.png,4,0,1,koclip_xgb
5206,dailylook_0004.png,3,3,1,koclip_xgb
5207,dailylook_0004.png,4,3,1,koclip_xgb
5226,dailylook_0009.png,3,3,1,koclip_xgb
5227,dailylook_0009.png,3,3,1,koclip_xgb
5228,dailylook_0009.png,4,3,1,koclip_xgb
5229,dailylook_0009.png,4,4,1,koclip_xgb
5230,dailylook_0009.png,3,3,1,koclip_xgb
5231,dailylook_0009.png,3,3,1,koclip_xgb
5232,dailylook_0009.png,3,2,1,koclip_xgb
5233,dailylook_0009.png,2,3,1,koclip_xgb
5234,dailylook_0009.png,3,3,1,koclip_xgb
5264,dailylook_0014.png,4,1,1,koclip_xgb
5265,dailylook_0014.png,1,1,1,koclip_xgb
5266,dailylook_0014.png,3,2,1,koclip_xgb
5267,dailylook_0014.png,3,4,1,koclip_xgb
5268,dailylook_0014.png,3,3,1,koclip_xgb
5269,dailylook_0015.png,3,3,1,koclip_xgb
5270,dailylook_0015.png,3,3,1,koclip_xgb
5271,dailylook_0015.png,3,3,1,koclip_xgb
5272,dailylook_0015.png,1,4,1,koclip_xgb
5273,dailylook_0015.png,3,3,1,koclip_xgb
5297,dailylook_0021.png,3,3,1,koclip_xgb
5298,dailylook_0021.png,3,3,1,koclip_xgb
5299,dailylook_0021.png,3,3,1,koclip_xgb
5300,dailylook_0021.png,2,4,1,koclip_xgb
5301,dailylook_0021.png,2,4,1,koclip_xgb
5334,dailylook_0041.png,1,1,1,koclip_xgb
5335,dailylook_0041.png,4,4,1,koclip_xgb
5336,dailylook_0041.png,4,3,1,koclip_xgb
5337,dailylook_0041.png,4,3,1,koclip_xgb
5338,dailylook_0041.png,3,3,1,koclip_xgb
5357,dailylook_0045.png,3,3,1,koclip_xgb
5358,dailylook_0045.png,3,3,1,koclip_xgb
5359,dailylook_0045.png,3,3,1,koclip_xgb
5360,dailylook_0045.png,3,3,1,koclip_xgb
5361,dailylook_0045.png,3,3,1,koclip_xgb
5395,dailylook_0050.png,4,3,1,koclip_xgb
5396,dailylook_0050.png,4,3,1,koclip_xgb
5397,dailylook_0050.png,3,3,1,koclip_xgb
5398,dailylook_0050.png,4,3,1,koclip_xgb
5399,dailylook_0050.png,4,3,1,koclip_xgb
5400,dailylook_0050.png,3,3,1,koclip_xgb
5418,dailylook_0057.png,4,3,1,koclip_xgb
5419,dailylook_0057.png,4,3,1,koclip_xgb
5420,dailylook_0057.png,4,4,1,koclip_xgb
5421,dailylook_0057.png,2,4,1,koclip_xgb
5422,dailylook_0057.png,2,4,1,koclip_xgb
5423,dailylook_0057.png,4,3,1,koclip_xgb
5424,dailylook_0057.png,4,4,1,koclip_xgb
5425,dailylook_0057.png,3,3,1,koclip_xgb
5489,dailylook_0081.png,4,3,1,koclip_xgb
5490,dailylook_0081.png,3,3,1,koclip_xgb
5491,dailylook_0081.png,3,1,1,koclip_xgb
5492,dailylook_0081.png,4,1,1,koclip_xgb
5493,dailylook_0081.png,3,3,1,koclip_xgb
5604,ootd_0007.png,4,3,1,koclip_xgb
5605,ootd_0007.png,2,2,1,koclip_xgb
5712,ootd_0043.png,0,1,1,koclip_xgb
5713,ootd_0043.png,3,3,1,koclip_xgb
5714,ootd_0043.png,3,3,1,koclip_xgb
5715,ootd_0043.png,2,2,1,koclip_xgb
5716,ootd_0043.png,4,3,1,koclip_xgb
5717,ootd_0043.png,3,4,1,koclip_xgb
5718,ootd_0043.png,2,3,1,koclip_xgb
5719,ootd_0043.png,2,3,1,koclip_xgb
5720,ootd_0043.png,1,4,1,koclip_xgb
5721,ootd_0043.png,1,4,1,koclip_xgb
5722,ootd_0043.png,3,3,1,koclip_xgb
5723,ootd_0043.png,4,3,1,koclip_xgb
5724,ootd_0043.png,3,3,1,koclip_xgb
5725,ootd_0043.png,0,1,1,koclip_xgb
5726,ootd_0043.png,4,0,1,koclip_xgb
5727,ootd_0043.png,1,1,1,koclip_xgb
5728,ootd_0043.png,4,0,1,koclip_xgb
5729,ootd_0043.png,0,0,1,koclip_xgb
5730,ootd_0043.png,0,1,1,koclip_xgb
5731,ootd_0043.png,3,3,1,koclip_xgb
5732,ootd_0043.png,3,3,1,koclip_xgb
5733,ootd_0043.png,4,2,1,koclip_xgb
5734,ootd_0043.png,0,4,1,koclip_xgb
5735,ootd_0043.png,0,4,1,koclip_xgb
5736,ootd_0043.png,4,3,1,koclip_xgb
5743,ootd_0046.png,0,4,1,koclip_xgb
5744,ootd_0046.png,1,1,1,koclip_xgb
5745,ootd_0046.png,2,4,1,koclip_xgb
5746,ootd_0046.png,2,2,1,koclip_xgb
5747,ootd_0046.png,3,3,1,koclip_xgb
5748,ootd_0046.png,2,2,1,koclip_xgb
5749,ootd_0046.png,3,3,1,koclip_xgb
5750,ootd_0046.png,1,1,1,koclip_xgb
5751,ootd_0046.png,3,1,1,koclip_xgb
5752,ootd_0046.png,3,3,1,koclip_xgb
5753,ootd_0046.png,3,3,1,koclip_xgb
5780,ootd_0053.png,3,3,1,koclip_xgb
5781,ootd_0053.png,3,3,1,koclip_xgb
5782,ootd_0053.png,4,2,1,koclip_xgb
5783,ootd_0053.png,3,3,1,koclip_xgb
5784,ootd_0055.png,1,3,1,koclip_xgb
5785,ootd_0055.png,3,0,1,koclip_xgb
5786,ootd_0055.png,2,4,1,koclip_xgb
5787,ootd_0055.png,3,3,1,koclip_xgb
5788,ootd_0055.png,2,3,1,koclip_xgb
5789,ootd_0055.png,3,0,1,koclip_xgb
5790,ootd_0055.png,3,3,1,koclip_xgb
5791,ootd_0055.png,1,4,1,koclip_xgb
5835,ootd_0081.png,0,0,1,koclip_xgb
5836,ootd_0081.png,3,2,1,koclip_xgb
5837,ootd_0081.png,3,0,1,koclip_xgb
5838,ootd_0081.png,3,0,1,koclip_xgb
5839,ootd_0081.png,2,2,1,koclip_xgb
5869,ootd_0087.png,3,3,1,koclip_xgb
5870,ootd_0087.png,0,4,1,koclip_xgb
5903,ootd_0096.png,4,1,1,koclip_xgb
5904,ootd_0096.png,4,1,1,koclip_xgb
5905,ootd_0096.png,4,1,1,koclip_xgb
5906,ootd_0096.png,1,1,1,koclip_xgb
5907,ootd_0096.png,1,1,1,koclip_xgb
5908,ootd_0096.png,1,2,1,koclip_xgb
5909,ootd_0096.png,2,1,1,koclip_xgb
5910,ootd_0096.png,3,3,1,koclip_xgb
5911,ootd_0096.png,3,3,1,koclip_xgb
5912,ootd_0096.png,3,2,1,koclip_xgb
5913,ootd_0096.png,3,3,1,koclip_xgb
5914,ootd_0096.png,2,1,1,koclip_xgb
5915,ootd_0096.png,3,3,1,koclip_xgb
5964,fashionista_0026.png,0,0,1,koclip_xgb
5965,fashionista_0026.png,0,0,1,koclip_xgb
5966,fashionista_0026.png,0,0,1,koclip_xgb
5967,fashionista_0026.png,0,0,1,koclip_xgb
5968,fashionista_0026.png,3,2,1,koclip_xgb
5983,fashionista_0029.png,4,2,1,koclip_xgb
6172,fashionista_0060.png,2,2,1,koclip_xgb
6173,fashionista_0060.png,2,2,1,koclip_xgb
6174,fashionista_0060.png,4,4,1,koclip_xgb
6175,fashionista_0060.png,4,4,1,koclip_xgb
6176,fashionista_0060.png,2,3,1,koclip_xgb
6177,fashionista_0060.png,4,4,1,koclip_xgb
6178,fashionista_0060.png,4,4,1,koclip_xgb
6179,fashionista_0060.png,2,2,1,koclip_xgb
6180,fashionista_0060.png,2,3,1,koclip_xgb
6181,fashionista_0060.png,0,1,1,koclip_xgb
6182,fashionista_0060.png,0,1,1,koclip_xgb
6183,fashionista_0060.png,1,2,1,koclip_xgb
6184,fashionista_0060.png,2,3,1,koclip_xgb
6185,fashionista_0060.png,0,0,1,koclip_xgb
6186,fashionista_0060.png,3,3,1,koclip_xgb
6187,fashionista_0060.png,0,1,1,koclip_xgb
6188,fashionista_0060.png,0,0,1,koclip_xgb
6189,fashionista_0060.png,0,0,1,koclip_xgb
6190,fashionista_0060.png,0,1,1,koclip_xgb
6191,fashionista_0060.png,0,0,1,koclip_xgb
6192,fashionista_0060.png,0,1,1,koclip_xgb
6193,fashionista_0060.png,0,1,1,koclip_xgb
6194,fashionista_0060.png,0,0,1,koclip_xgb
6195,fashionista_0060.png,0,0,1,koclip_xgb
6196,fashionista_0060.png,0,0,1,koclip_xgb
6197,fashionista_0060.png,0,0,1,koclip_xgb
6198,fashionista_0060.png,0,0,1,koclip_xgb
6199,fashionista_0060.png,0,0,1,koclip_xgb
6290,fashionista_0082.png,1,1,1,koclip_xgb
6291,fashionista_0082.png,0,0,1,koclip_xgb
6292,fashionista_0082.png,0,1,1,koclip_xgb
6293,fashionista_0082.png,0,0,1,koclip_xgb
6294,fashionista_0082.png,0,4,1,koclip_xgb
6295,fashionista_0082.png,0,0,1,koclip_xgb
6296,fashionista_0082.png,1,0,1,koclip_xgb
6297,fashionista_0082.png,0,0,1,koclip_xgb
6298,fashionista_0082.png,1,4,1,koclip_xgb
6299,fashionista_0082.png,0,0,1,koclip_xgb
6300,fashionista_0082.png,1,3,1,koclip_xgb
6301,fashionista_0082.png,2,2,1,koclip_xgb
6302,fashionista_0082.png,2,2,1,koclip_xgb
6303,fashionista_0082.png,3,1,1,koclip_xgb
6304,fashionista_0082.png,0,0,1,koclip_xgb
6305,fashionista_0082.png,2,2,1,koclip_xgb
6306,fashionista_0082.png,0,1,1,koclip_xgb
6307,fashionista_0082.png,4,2,1,koclip_xgb
6308,fashionista_0082.png,0,3,1,koclip_xgb
6309,fashionista_0082.png,0,3,1,koclip_xgb
6310,fashionista_0082.png,4,4,1,koclip_xgb
6311,fashionista_0082.png,0,2,1,koclip_xgb
6312,fashionista_0082.png,4,2,1,koclip_xgb
6438,fashionista_0100.png,0,2,1,koclip_xgb
6439,fashionista_0100.png,3,2,1,koclip_xgb
6440,fashionista_0100.png,0,0,1,koclip_xgb
6441,fashionista_0100.png,1,0,1,koclip_xgb
6442,fashionista_0100.png,2,2,1,koclip_xgb
6443,fashionista_0100.png,1,4,1,koclip_xgb
6444,fashionista_0100.png,1,4,1,koclip_xgb
6445,fashionista_0100.png,3,3,1,koclip_xgb
6446,fashionista_0100.png,3,2,1,koclip_xgb
6447,fashionista_0100.png,3,3,1,koclip_xgb
6448,fashionista_0100.png,0,1,1,koclip_xgb
6449,fashionista_0100.png,3,1,1,koclip_xgb
6450,fashionista_0100.png,1,1,1,koclip_xgb
6451,fashionista_0100.png,0,0,1,koclip_xgb
6452,fashionista_0100.png,3,3,1,koclip_xgb
6453,fashionista_0100.png,0,1,1,koclip_xgb
6454,fashionista_0100.png,0,1,1,koclip_xgb
6455,fashionista_0100.png,0,0,1,koclip_xgb
6456,fashionista_0100.png,0,1,1,koclip_xgb
6457,fashionista_0100.png,0,1,1,koclip_xgb
6458,fashionista_0100.png,0,0,1,koclip_xgb
6459,fashionista_0100.png,0,0,1,koclip_xgb
6460,fashionista_0100.png,0,0,1,koclip_xgb
6461,fashionista_0100.png,0,0,1,koclip_xgb
6462,fashionista_0100.png,0,1,1,koclip_xgb
6466,neungsohwa_0006.png,4,4,1,koclip_xgb
6467,neungsohwa_0006.png,4,4,1,koclip_xgb
6468,neungsohwa_0006.png,1,2,1,koclip_xgb
6469,neungsohwa_0006.png,1,4,1,koclip_xgb
6470,neungsohwa_0007.png,4,1,1,koclip_xgb
6471,neungsohwa_0007.png,1,1,1,koclip_xgb
6472,neungsohwa_0007.png,3,1,1,koclip_xgb
6473,neungsohwa_0007.png,4,4,1,koclip_xgb
6474,neungsohwa_0007.png,4,1,1,koclip_xgb
6475,neungsohwa_0007.png,3,1,1,koclip_xgb
6476,neungsohwa_0007.png,2,1,1,koclip_xgb
6477,neungsohwa_0007.png,4,1,1,koclip_xgb
6478,neungsohwa_0007.png,3,1,1,koclip_xgb
6479,neungsohwa_0007.png,0,1,1,koclip_xgb
6480,neungsohwa_0007.png,2,1,1,koclip_xgb
6481,neungsohwa_0007.png,3,1,1,koclip_xgb
6482,neungsohwa_0007.png,0,1,1,koclip_xgb
6483,neungsohwa_0007.png,1,2,1,koclip_xgb
6484,neungsohwa_0007.png,0,1,1,koclip_xgb
6485,neungsohwa_0007.png,0,2,1,koclip_xgb
6486,neungsohwa_0007.png,2,3,1,koclip_xgb
6487,neungsohwa_0007.png,0,1,1,koclip_xgb
6488,neungsohwa_0007.png,1,0,1,koclip_xgb
6489,neungsohwa_0007.png,2,2,1,koclip_xgb
6490,neungsohwa_0007.png,2,0,1,koclip_xgb
6491,neungsohwa_0007.png,3,4,1,koclip_xgb
6492,neungsohwa_0007.png,3,1,1,koclip_xgb
6493,neungsohwa_0008.png,3,1,1,koclip_xgb
6494,neungsohwa_0008.png,4,4,1,koclip_xgb
6495,neungsohwa_0008.png,3,1,1,koclip_xgb
6496,neungsohwa_0008.png,1,1,1,koclip_xgb
6497,neungsohwa_0008.png,1,4,1,koclip_xgb
6498,neungsohwa_0008.png,4,4,1,koclip_xgb
6499,neungsohwa_0008.png,2,3,1,koclip_xgb
6500,neungsohwa_0008.png,4,1,1,koclip_xgb
6501,neungsohwa_0008.png,3,3,1,koclip_xgb
6502,neungsohwa_0008.png,3,3,1,koclip_xgb
6503,neungsohwa_0008.png,3,1,1,koclip_xgb
6504,neungsohwa_0008.png,2,3,1,koclip_xgb
6505,neungsohwa_0008.png,4,4,1,koclip_xgb
6506,neungsohwa_0008.png,4,4,1,koclip_xgb
6510,neungsohwa_0011.png,4,1,1,koclip_xgb
6511,neungsohwa_0011.png,1,0,1,koclip_xgb
6520,neungsohwa_0015.png,1,1,1,koclip_xgb
6521,neungsohwa_0015.png,4,4,1,koclip_xgb
6597,neungsohwa_0035.png,3,1,1,koclip_xgb
6598,neungsohwa_0035.png,4,4,1,koclip_xgb
6628,neungsohwa_0047.png,0,3,1,koclip_xgb
6629,neungsohwa_0047.png,0,1,1,koclip_xgb
6707,neungsohwa_0068.png,1,0,1,koclip_xgb
6708,neungsohwa_0068.png,1,1,1,koclip_xgb
6709,neungsohwa_0068.png,1,4,1,koclip_xgb
6714,neungsohwa_0074.png,4,4,1,koclip_xgb
6715,neungsohwa_0074.png,4,3,1,koclip_xgb
6716,neungsohwa_0074.png,4,4,1,koclip_xgb
6717,neungsohwa_0074.png,0,0,1,koclip_xgb
6718,neungsohwa_0074.png,0,4,1,koclip_xgb
6731,neungsohwa_0079.png,0,4,1,koclip_xgb
6732,neungsohwa_0079.png,0,4,1,koclip_xgb
6733,neungsohwa_0079.png,1,4,1,koclip_xgb
6734,neungsohwa_0079.png,3,2,1,koclip_xgb
6735,neungsohwa_0079.png,0,4,1,koclip_xgb
6742,neungsohwa_0083.png,1,4,1,koclip_xgb
6743,neungsohwa_0083.png,4,4,1,koclip_xgb
6744,neungsohwa_0083.png,1,0,1,koclip_xgb
6745,neungsohwa_0083.png,1,4,1,koclip_xgb
6746,neungsohwa_0084.png,4,1,1,koclip_xgb
6747,neungsohwa_0084.png,4,4,1,koclip_xgb
6748,neungsohwa_0084.png,1,1,1,koclip_xgb
6754,neungsohwa_0086.png,4,3,1,koclip_xgb
6755,neungsohwa_0086.png,4,4,1,koclip_xgb
6756,neungsohwa_0086.png,4,0,1,koclip_xgb
6757,neungsohwa_0086.png,3,1,1,koclip_xgb
6758,neungsohwa_0086.png,2,1,1,koclip_xgb
6773,neungsohwa_0091.png,3,4,1,koclip_xgb
6774,neungsohwa_0091.png,1,4,1,koclip_xgb
6775,neungsohwa_0091.png,4,4,1,koclip_xgb
6776,neungsohwa_0091.png,2,2,1,koclip_xgb
6777,neungsohwa_0091.png,3,4,1,koclip_xgb
6783,neungsohwa_0095.png,3,0,1,koclip_xgb
6784,neungsohwa_0095.png,4,4,1,koclip_xgb
6785,neungsohwa_0095.png,0,2,1,koclip_xgb
6786,neungsohwa_0095.png,0,2,1,koclip_xgb
6787,neungsohwa_0095.png,0,2,1,koclip_xgb
6788,neungsohwa_0095.png,0,3,1,koclip_xgb
6789,neungsohwa_0095.png,0,4,1,koclip_xgb
6790,neungsohwa_0095.png,0,0,1,koclip_xgb
6791,neungsohwa_0096.png,0,0,1,koclip_xgb
6792,neungsohwa_0096.png,1,1,1,koclip_xgb
6793,neungsohwa_0096.png,3,4,1,koclip_xgb
6798,neungsohwa_0099.png,1,4,1,koclip_xgb
6799,neungsohwa_0099.png,3,4,1,koclip_xgb
6800,neungsohwa_0099.png,4,4,1,koclip_xgb
6801,neungsohwa_0099.png,2,1,1,koclip_xgb
6855,danpung_0010.png,3,3,1,koclip_xgb
6856,danpung_0010.png,4,1,1,koclip_xgb
6857,danpung_0010.png,4,3,1,koclip_xgb
6858,danpung_0010.png,3,3,1,koclip_xgb
6859,danpung_0010.png,3,3,1,koclip_xgb
6860,danpung_0011.png,4,4,1,koclip_xgb
6861,danpung_0011.png,3,3,1,koclip_xgb
6862,danpung_0011.png,3,3,1,koclip_xgb
6916,danpung_0022.png,3,1,1,koclip_xgb
6917,danpung_0022.png,0,4,1,koclip_xgb
6918,danpung_0022.png,4,3,1,koclip_xgb
6919,danpung_0023.png,4,4,1,koclip_xgb
6920,danpung_0023.png,3,3,1,koclip_xgb
6921,danpung_0023.png,4,3,1,koclip_xgb
6922,danpung_0023.png,3,4,1,koclip_xgb
6923,danpung_0023.png,4,3,1,koclip_xgb
6924,danpung_0023.png,2,0,1,koclip_xgb
6925,danpung_0023.png,4,4,1,koclip_xgb
6926,danpung_0023.png,3,4,1,koclip_xgb
6927,danpung_0023.png,4,4,1,koclip_xgb
6928,danpung_0023.png,3,4,1,koclip_xgb
6929,danpung_0023.png,2,3,1,koclip_xgb
6930,danpung_0023.png,4,1,1,koclip_xgb
6931,danpung_0023.png,1,1,1,koclip_xgb
6932,danpung_0023.png,1,3,1,koclip_xgb
6933,danpung_0023.png,2,2,1,koclip_xgb
6934,danpung_0023.png,3,3,1,koclip_xgb
6935,danpung_0023.png,2,2,1,koclip_xgb
6936,danpung_0023.png,2,2,1,koclip_xgb
6937,danpung_0024.png,4,1,1,koclip_xgb
6938,danpung_0024.png,0,1,1,koclip_xgb
6939,danpung_0024.png,3,4,1,koclip_xgb
6940,danpung_0024.png,3,4,1,koclip_xgb
6941,danpung_0024.png,3,3,1,koclip_xgb
6942,danpung_0024.png,4,4,1,koclip_xgb
6943,danpung_0024.png,4,4,1,koclip_xgb
6944,danpung_0024.png,1,0,1,koclip_xgb
6945,danpung_0024.png,4,4,1,koclip_xgb
6981,danpung_0035.png,3,1,1,koclip_xgb
6982,danpung_0035.png,4,4,1,koclip_xgb
6983,danpung_0035.png,3,3,1,koclip_xgb
6984,danpung_0035.png,2,2,1,koclip_xgb
6985,danpung_0035.png,2,2,1,koclip_xgb
6986,danpung_0035.png,3,2,1,koclip_xgb
6987,danpung_0035.png,2,2,1,koclip_xgb
7054,danpung_0046.png,4,4,1,koclip_xgb
7055,danpung_0046.png,4,4,1,koclip_xgb
7056,danpung_0046.png,4,4,1,koclip_xgb
7057,danpung_0046.png,3,4,1,koclip_xgb
7058,danpung_0046.png,1,1,1,koclip_xgb
7059,danpung_0046.png,1,3,1,koclip_xgb
7060,danpung_0046.png,1,1,1,koclip_xgb
7074,danpung_0053.png,2,1,1,koclip_xgb
7196,danpung_0073.png,4,1,1,koclip_xgb
7197,danpung_0073.png,4,3,1,koclip_xgb
7215,danpung_0079.png,4,4,1,koclip_xgb
7216,danpung_0079.png,3,3,1,koclip_xgb
7217,danpung_0079.png,3,4,1,koclip_xgb
7218,danpung_0079.png,3,4,1,koclip_xgb
7219,danpung_0079.png,3,4,1,koclip_xgb
7220,danpung_0079.png,3,0,1,koclip_xgb
7221,danpung_0079.png,4,4,1,koclip_xgb
7222,danpung_0079.png,3,4,1,koclip_xgb
7223,danpung_0079.png,3,4,1,koclip_xgb
7224,danpung_0079.png,3,4,1,koclip_xgb
7232,danpung_0083.png,4,4,1,koclip_xgb
7233,danpung_0083.png,4,3,1,koclip_xgb
7234,danpung_0083.png,4,4,1,koclip_xgb
7235,danpung_0083.png,2,4,1,koclip_xgb
7236,danpung_0083.png,3,4,1,koclip_xgb
7237,danpung_0083.png,3,4,1,koclip_xgb
7238,danpung_0083.png,4,3,1,koclip_xgb
7253,danpung_0087.png,4,4,1,koclip_xgb
7254,danpung_0087.png,4,4,1,koclip_xgb
7255,danpung_0087.png,2,3,1,koclip_xgb
7256,danpung_0087.png,3,2,1,koclip_xgb
7257,danpung_0087.png,2,2,1,koclip_xgb
7258,danpung_0087.png,0,1,1,koclip_xgb
7272,danpung_0095.png,4,4,1,koclip_xgb
7273,danpung_0095.png,0,1,1,koclip_xgb
7274,danpung_0095.png,0,1,1,koclip_xgb
7294,cherryblossom_0002.png,3,1,1,koclip_xgb
7295,cherryblossom_0002.png,4,4,1,koclip_xgb
7303,cherryblossom_0011.png,4,4,1,koclip_xgb
7304,cherryblossom_0011.png,4,3,1,koclip_xgb
7305,cherryblossom_0011.png,4,1,1,koclip_xgb
7323,cherryblossom_0022.png,1,4,1,koclip_xgb
7324,cherryblossom_0022.png,4,1,1,koclip_xgb
7325,cherryblossom_0022.png,4,1,1,koclip_xgb
7394,cherryblossom_0034.png,4,3,1,koclip_xgb
7395,cherryblossom_0034.png,3,1,1,koclip_xgb
7396,cherryblossom_0034.png,4,4,1,koclip_xgb
7397,cherryblossom_0035.png,4,4,1,koclip_xgb
7398,cherryblossom_0035.png,3,3,1,koclip_xgb
7399,cherryblossom_0035.png,1,1,1,koclip_xgb
7400,cherryblossom_0036.png,2,2,1,koclip_xgb
7401,cherryblossom_0036.png,4,4,1,koclip_xgb
7402,cherryblossom_0036.png,3,1,1,koclip_xgb
7403,cherryblossom_0036.png,4,1,1,koclip_xgb
7404,cherryblossom_0036.png,2,0,1,koclip_xgb
7405,cherryblossom_0036.png,1,1,1,koclip_xgb
7456,cherryblossom_0051.png,0,4,1,koclip_xgb
7457,cherryblossom_0051.png,0,1,1,koclip_xgb
7458,cherryblossom_0051.png,0,0,1,koclip_xgb
7459,cherryblossom_0051.png,0,1,1,koclip_xgb
7460,cherryblossom_0051.png,0,1,1,koclip_xgb
7492,cherryblossom_0057.png,4,1,1,koclip_xgb
7496,cherryblossom_0059.png,4,3,1,koclip_xgb
7497,cherryblossom_0059.png,4,4,1,koclip_xgb
7498,cherryblossom_0059.png,2,1,1,koclip_xgb
7509,cherryblossom_0065.png,1,4,1,koclip_xgb
7510,cherryblossom_0065.png,4,4,1,koclip_xgb
7511,cherryblossom_0065.png,4,1,1,koclip_xgb
7512,cherryblossom_0066.png,4,4,1,koclip_xgb
7513,cherryblossom_0066.png,3,3,1,koclip_xgb
7520,cherryblossom_0070.png,4,4,1,koclip_xgb
7521,cherryblossom_0076.png,4,4,1,koclip_xgb
7522,cherryblossom_0076.png,1,4,1,koclip_xgb
7523,cherryblossom_0076.png,1,1,1,koclip_xgb
7524,cherryblossom_0076.png,0,0,1,koclip_xgb
7528,cherryblossom_0078.png,3,3,1,koclip_xgb
7529,cherryblossom_0078.png,4,4,1,koclip_xgb
7530,cherryblossom_0078.png,2,4,1,koclip_xgb
7531,cherryblossom_0078.png,1,1,1,koclip_xgb
7582,cherryblossom_0092.png,4,4,1,koclip_xgb
7583,cherryblossom_0092.png,2,1,1,koclip_xgb
7584,cherryblossom_0093.png,4,4,1,koclip_xgb
7585,cherryblossom_0093.png,4,3,1,koclip_xgb
7586,cherryblossom_0093.png,3,3,1,koclip_xgb
7587,cherryblossom_0093.png,4,3,1,koclip_xgb
7588,cherryblossom_0093.png,2,4,1,koclip_xgb
7589,cherryblossom_0094.png,4,4,1,koclip_xgb
7590,cherryblossom_0094.png,4,4,1,koclip_xgb
7605,cherryblossom_0098.png,4,4,1,koclip_xgb
7606,cherryblossom_0098.png,3,3,1,koclip_xgb
7639,kpop_0003.png,4,4,1,koclip_xgb
7640,kpop_0003.png,4,4,1,koclip_xgb
7641,kpop_0003.png,3,3,1,koclip_xgb
7642,kpop_0003.png,3,3,1,koclip_xgb
7643,kpop_0003.png,4,3,1,koclip_xgb
7644,kpop_0004.png,0,0,1,koclip_xgb
7645,kpop_0004.png,0,1,1,koclip_xgb
7646,kpop_0004.png,1,4,1,koclip_xgb
7647,kpop_0004.png,3,1,1,koclip_xgb
7652,kpop_0006.png,0,1,1,koclip_xgb
7653,kpop_0006.png,0,1,1,koclip_xgb
7654,kpop_0006.png,1,4,1,koclip_xgb
7655,kpop_0006.png,4,3,1,koclip_xgb
7656,kpop_0006.png,4,3,1,koclip_xgb
7657,kpop_0007.png,4,2,1,koclip_xgb
7658,kpop_0007.png,4,4,1,koclip_xgb
7659,kpop_0007.png,4,1,1,koclip_xgb
7660,kpop_0007.png,3,3,1,koclip_xgb
7661,kpop_0007.png,2,4,1,koclip_xgb
7662,kpop_0007.png,3,1,1,koclip_xgb
7663,kpop_0007.png,4,4,1,koclip_xgb
7664,kpop_0007.png,1,4,1,koclip_xgb
7665,kpop_0007.png,2,1,1,koclip_xgb
7666,kpop_0007.png,1,1,1,koclip_xgb
7667,kpop_0007.png,1,1,1,koclip_xgb
7668,kpop_0007.png,1,1,1,koclip_xgb
7669,kpop_0007.png,1,4,1,koclip_xgb
7735,kpop_0016.png,4,4,1,koclip_xgb
7736,kpop_0016.png,3,4,1,koclip_xgb
7737,kpop_0016.png,3,3,1,koclip_xgb
7738,kpop_0016.png,2,3,1,koclip_xgb
7739,kpop_0016.png,4,3,1,koclip_xgb
7740,kpop_0017.png,4,1,1,koclip_xgb
7741,kpop_0017.png,4,4,1,koclip_xgb
7742,kpop_0017.png,2,4,1,koclip_xgb
7743,kpop_0017.png,3,4,1,koclip_xgb
7817,kpop_0030.png,4,4,1,koclip_xgb
7818,kpop_0030.png,4,4,1,koclip_xgb
7819,kpop_0030.png,4,4,1,koclip_xgb
7820,kpop_0030.png,4,4,1,koclip_xgb
7821,kpop_0030.png,3,4,1,koclip_xgb
7822,kpop_0030.png,3,3,1,koclip_xgb
7823,kpop_0030.png,3,3,1,koclip_xgb
7824,kpop_0030.png,2,2,1,koclip_xgb
7825,kpop_0030.png,0,1,1,koclip_xgb
7826,kpop_0030.png,1,1,1,koclip_xgb
7827,kpop_0030.png,2,3,1,koclip_xgb
7828,kpop_0030.png,1,1,1,koclip_xgb
7870,kpop_0036.png,4,4,1,koclip_xgb
7871,kpop_0036.png,4,1,1,koclip_xgb
7872,kpop_0036.png,3,0,1,koclip_xgb
7873,kpop_0036.png,3,0,1,koclip_xgb
7874,kpop_0036.png,3,3,1,koclip_xgb
7966,kpop_0046.png,4,4,1,koclip_xgb
7967,kpop_0046.png,4,4,1,koclip_xgb
7968,kpop_0046.png,4,1,1,koclip_xgb
7969,kpop_0046.png,4,4,1,koclip_xgb
7970,kpop_0046.png,4,1,1,koclip_xgb
7971,kpop_0046.png,3,1,1,koclip_xgb
7972,kpop_0046.png,2,1,1,koclip_xgb
7973,kpop_0046.png,3,4,1,koclip_xgb
7974,kpop_0046.png,2,1,1,koclip_xgb
7975,kpop_0046.png,2,3,1,koclip_xgb
7976,kpop_0046.png,3,4,1,koclip_xgb
8015,kpop_0051.png,4,1,1,koclip_xgb
8016,kpop_0051.png,4,3,1,koclip_xgb
8017,kpop_0051.png,4,4,1,koclip_xgb
8018,kpop_0051.png,3,4,1,koclip_xgb
8019,kpop_0051.png,0,4,1,koclip_xgb
8020,kpop_0051.png,1,4,1,koclip_xgb
8031,kpop_0055.png,4,4,1,koclip_xgb
8032,kpop_0055.png,4,4,1,koclip_xgb
8033,kpop_0055.png,4,4,1,koclip_xgb
8034,kpop_0055.png,4,4,1,koclip_xgb
8035,kpop_0055.png,3,1,1,koclip_xgb
8036,kpop_0055.png,3,4,1,koclip_xgb
8037,kpop_0055.png,2,4,1,koclip_xgb
8038,kpop_0055.png,4,4,1,koclip_xgb
8039,kpop_0055.png,3,3,1,koclip_xgb
8040,kpop_0055.png,0,0,1,koclip_xgb
8041,kpop_0055.png,1,0,1,koclip_xgb
8042,kpop_0055.png,2,1,1,koclip_xgb
8043,kpop_0055.png,1,1,1,koclip_xgb
8044,kpop_0055.png,1,1,1,koclip_xgb
8045,kpop_0055.png,1,2,1,koclip_xgb
8046,kpop_0055.png,4,4,1,koclip_xgb
8047,kpop_0055.png,4,0,1,koclip_xgb
8070,kpop_0058.png,1,1,1,koclip_xgb
8071,kpop_0058.png,1,4,1,koclip_xgb
8072,kpop_0058.png,1,1,1,koclip_xgb
8073,kpop_0058.png,1,4,1,koclip_xgb
8112,kpop_0066.png,3,1,1,koclip_xgb
8113,kpop_0066.png,2,2,1,koclip_xgb
8114,kpop_0066.png,4,4,1,koclip_xgb
8115,kpop_0066.png,4,1,1,koclip_xgb
8116,kpop_0066.png,4,1,1,koclip_xgb
8117,kpop_0066.png,4,0,1,koclip_xgb
8118,kpop_0066.png,4,1,1,koclip_xgb
8119,kpop_0066.png,4,0,1,koclip_xgb
8120,kpop_0066.png,3,3,1,koclip_xgb
8121,kpop_0066.png,3,1,1,koclip_xgb
8122,kpop_0066.png,2,4,1,koclip_xgb
8123,kpop_0066.png,3,3,1,koclip_xgb
8124,kpop_0066.png,4,1,1,koclip_xgb
8125,kpop_0066.png,2,1,1,koclip_xgb
8126,kpop_0066.png,3,1,1,koclip_xgb
8127,kpop_0066.png,3,3,1,koclip_xgb
8128,kpop_0066.png,1,1,1,koclip_xgb
8129,kpop_0066.png,1,0,1,koclip_xgb
8130,kpop_0066.png,1,1,1,koclip_xgb
8135,kpop_0068.png,0,1,1,koclip_xgb
8136,kpop_0068.png,0,3,1,koclip_xgb
8137,kpop_0068.png,0,2,1,koclip_xgb
8138,kpop_0068.png,0,4,1,koclip_xgb
8139,kpop_0068.png,1,4,1,koclip_xgb
8179,kpop_0073.png,4,4,1,koclip_xgb
8180,kpop_0073.png,1,4,1,koclip_xgb
8181,kpop_0073.png,4,3,1,koclip_xgb
8182,kpop_0073.png,3,3,1,koclip_xgb
8183,kpop_0073.png,3,3,1,koclip_xgb
8189,kpop_0075.png,4,4,1,koclip_xgb
8190,kpop_0075.png,3,1,1,koclip_xgb
8191,kpop_0075.png,2,4,1,koclip_xgb
8192,kpop_0075.png,3,3,1,koclip_xgb
8193,kpop_0075.png,1,1,1,koclip_xgb
8276,kpop_0089.png,4,1,1,koclip_xgb
8277,kpop_0089.png,4,4,1,koclip_xgb
8278,kpop_0089.png,4,2,1,koclip_xgb
8279,kpop_0089.png,2,4,1,koclip_xgb
8280,kpop_0089.png,2,4,1,koclip_xgb
8281,kpop_0089.png,3,3,1,koclip_xgb
8282,kpop_0089.png,1,1,1,koclip_xgb
8283,kpop_0090.png,4,1,1,koclip_xgb
8284,kpop_0090.png,4,1,1,koclip_xgb
8285,kpop_0090.png,3,4,1,koclip_xgb
8286,kpop_0090.png,2,1,1,koclip_xgb
8287,kpop_0090.png,4,3,1,koclip_xgb
8288,kpop_0091.png,3,4,1,koclip_xgb
8289,kpop_0091.png,2,1,1,koclip_xgb
8290,kpop_0091.png,1,1,1,koclip_xgb
8291,kpop_0091.png,4,3,1,koclip_xgb
8292,kpop_0091.png,2,2,1,koclip_xgb
8323,kpop_0097.png,4,4,1,koclip_xgb
8324,kpop_0097.png,3,4,1,koclip_xgb
8325,kpop_0097.png,4,1,1,koclip_xgb
8326,kpop_0097.png,4,4,1,koclip_xgb
8327,kpop_0097.png,4,4,1,koclip_xgb
8328,kpop_0097.png,3,4,1,koclip_xgb
8329,kpop_0097.png,4,4,1,koclip_xgb
8330,kpop_0097.png,3,4,1,koclip_xgb
8331,kpop_0097.png,3,4,1,koclip_xgb
8332,kpop_0097.png,3,4,1,koclip_xgb
8333,kpop_0097.png,3,4,1,koclip_xgb
8334,kpop_0097.png,2,4,1,koclip_xgb
8335,kpop_0097.png,3,3,1,koclip_xgb
8336,kpop_0097.png,2,4,1,koclip_xgb
8363,kpop_0099.png,4,3,1,koclip_xgb
8364,kpop_0099.png,3,4,1,koclip_xgb
8365,kpop_0099.png,3,4,1,koclip_xgb
8366,kpop_0099.png,4,4,1,koclip_xgb
8367,kpop_0099.png,4,1,1,koclip_xgb
8368,kpop_0099.png,4,4,1,koclip_xgb
8369,kpop_0099.png,4,4,1,koclip_xgb
8370,kpop_0099.png,4,4,1,koclip_xgb
8371,kpop_0099.png,4,4,1,koclip_xgb
8372,kpop_0099.png,3,1,1,koclip_xgb
8373,kpop_0099.png,2,1,1,koclip_xgb
8374,kpop_0099.png,2,1,1,koclip_xgb
8375,kpop_0099.png,4,1,1,koclip_xgb
8376,kpop_0100.png,4,1,1,koclip_xgb
8377,kpop_0100.png,4,1,1,koclip_xgb
8378,kpop_0100.png,4,1,1,koclip_xgb
8379,kpop_0100.png,4,3,1,koclip_xgb
8380,kpop_0100.png,3,3,1,koclip_xgb
8440,spotify_0020.png,2,2,1,koclip_xgb
8441,spotify_0020.png,1,1,1,koclip_xgb
8442,spotify_0020.png,2,2,1,koclip_xgb
8443,spotify_0020.png,1,3,1,koclip_xgb
8444,spotify_0020.png,3,1,1,koclip_xgb
8445,spotify_0021.png,2,1,1,koclip_xgb
8446,spotify_0021.png,1,3,1,koclip_xgb
8447,spotify_0021.png,1,2,1,koclip_xgb
8448,spotify_0021.png,1,3,1,koclip_xgb
8449,spotify_0021.png,1,2,1,koclip_xgb
8487,spotify_0041.png,1,1,1,koclip_xgb
8488,spotify_0041.png,3,3,1,koclip_xgb
8489,spotify_0041.png,2,3,1,koclip_xgb
8490,spotify_0041.png,2,3,1,koclip_xgb
8491,spotify_0041.png,2,2,1,koclip_xgb
8517,spotify_0047.png,4,4,1,koclip_xgb
8518,spotify_0047.png,3,3,1,koclip_xgb
8519,spotify_0047.png,4,4,1,koclip_xgb
8520,spotify_0047.png,4,4,1,koclip_xgb
8524,spotify_0051.png,2,2,1,koclip_xgb
8525,spotify_0051.png,1,3,1,koclip_xgb
8526,spotify_0051.png,2,2,1,koclip_xgb
8527,spotify_0051.png,1,2,1,koclip_xgb
8528,spotify_0051.png,4,4,1,koclip_xgb
8529,spotify_0052.png,4,4,1,koclip_xgb
8530,spotify_0052.png,3,3,1,koclip_xgb
8531,spotify_0052.png,2,4,1,koclip_xgb
8532,spotify_0052.png,4,3,1,koclip_xgb
8533,spotify_0052.png,1,2,1,koclip_xgb
8563,spotify_0060.png,3,2,1,koclip_xgb
8564,spotify_0060.png,3,3,1,koclip_xgb
8565,spotify_0060.png,4,4,1,koclip_xgb
8566,spotify_0060.png,4,4,1,koclip_xgb
8584,spotify_0065.png,1,0,1,koclip_xgb
8585,spotify_0065.png,1,4,1,koclip_xgb
8586,spotify_0065.png,1,4,1,koclip_xgb
8587,spotify_0065.png,0,1,1,koclip_xgb
8598,spotify_0070.png,3,2,1,koclip_xgb
8604,spotify_0073.png,2,2,1,koclip_xgb
8605,spotify_0073.png,3,3,1,koclip_xgb
8606,spotify_0073.png,1,1,1,koclip_xgb
8607,spotify_0073.png,0,1,1,koclip_xgb
8608,spotify_0074.png,0,4,1,koclip_xgb
8609,spotify_0074.png,0,4,1,koclip_xgb
8610,spotify_0074.png,2,2,1,koclip_xgb
8611,spotify_0074.png,2,2,1,koclip_xgb
8650,spotify_0094.png,4,2,1,koclip_xgb
8651,spotify_0094.png,4,3,1,koclip_xgb
8652,spotify_0094.png,1,4,1,koclip_xgb
8653,spotify_0094.png,1,3,1,koclip_xgb
8654,spotify_0094.png,1,4,1,koclip_xgb
8685,netflix_0003.png,4,4,1,koclip_xgb
8686,netflix_0003.png,4,4,1,koclip_xgb
8687,netflix_0003.png,4,4,1,koclip_xgb
8688,netflix_0003.png,2,2,1,koclip_xgb
8689,netflix_0003.png,2,2,1,koclip_xgb
8753,netflix_0020.png,1,2,1,koclip_xgb
8754,netflix_0020.png,0,2,1,koclip_xgb
8755,netflix_0020.png,1,1,1,koclip_xgb
8756,netflix_0020.png,1,4,1,koclip_xgb
8757,netflix_0020.png,0,4,1,koclip_xgb
8758,netflix_0020.png,0,4,1,koclip_xgb
8759,netflix_0020.png,0,4,1,koclip_xgb
8760,netflix_0020.png,0,4,1,koclip_xgb
8761,netflix_0020.png,0,3,1,koclip_xgb
8762,netflix_0020.png,0,3,1,koclip_xgb
8763,netflix_0020.png,1,3,1,koclip_xgb
8764,netflix_0020.png,1,4,1,koclip_xgb
8765,netflix_0020.png,2,2,1,koclip_xgb
8766,netflix_0020.png,1,1,1,koclip_xgb
8767,netflix_0020.png,1,1,1,koclip_xgb
8768,netflix_0020.png,0,1,1,koclip_xgb
8769,netflix_0020.png,0,1,1,koclip_xgb
8770,netflix_0020.png,1,2,1,koclip_xgb
8771,netflix_0020.png,0,2,1,koclip_xgb
8831,netflix_0041.png,4,4,1,koclip_xgb
8832,netflix_0041.png,4,3,1,koclip_xgb
8833,netflix_0041.png,4,4,1,koclip_xgb
8834,netflix_0041.png,4,4,1,koclip_xgb
8835,netflix_0041.png,2,2,1,koclip_xgb
8836,netflix_0041.png,2,2,1,koclip_xgb
8837,netflix_0041.png,1,4,1,koclip_xgb
8838,netflix_0041.png,1,4,1,koclip_xgb
8839,netflix_0041.png,1,4,1,koclip_xgb
8840,netflix_0041.png,1,4,1,koclip_xgb
8841,netflix_0041.png,1,2,1,koclip_xgb
8842,netflix_0041.png,1,2,1,koclip_xgb
8843,netflix_0041.png,1,4,1,koclip_xgb
8844,netflix_0041.png,0,2,1,koclip_xgb
8845,netflix_0041.png,3,2,1,koclip_xgb
8846,netflix_0041.png,4,2,1,koclip_xgb
8847,netflix_0041.png,3,2,1,koclip_xgb
8891,netflix_0053.png,4,4,1,koclip_xgb
8892,netflix_0053.png,4,4,1,koclip_xgb
8893,netflix_0053.png,3,4,1,koclip_xgb
8894,netflix_0053.png,4,4,1,koclip_xgb
8895,netflix_0053.png,1,4,1,koclip_xgb
8896,netflix_0053.png,1,4,1,koclip_xgb
8897,netflix_0053.png,1,4,1,koclip_xgb
8898,netflix_0053.png,1,2,1,koclip_xgb
8899,netflix_0053.png,1,4,1,koclip_xgb
8900,netflix_0053.png,2,4,1,koclip_xgb
8901,netflix_0053.png,1,4,1,koclip_xgb
8902,netflix_0053.png,1,4,1,koclip_xgb
8903,netflix_0053.png,4,4,1,koclip_xgb
8909,netflix_0055.png,2,2,1,koclip_xgb
8910,netflix_0055.png,1,2,1,koclip_xgb
8911,netflix_0055.png,4,3,1,koclip_xgb
8912,netflix_0055.png,4,4,1,koclip_xgb
8913,netflix_0055.png,1,4,1,koclip_xgb
8982,netflix_0076.png,4,4,1,koclip_xgb
8983,netflix_0076.png,3,4,1,koclip_xgb
8984,netflix_0076.png,4,4,1,koclip_xgb
8985,netflix_0076.png,3,3,1,koclip_xgb
8986,netflix_0076.png,2,4,1,koclip_xgb
8992,netflix_0081.png,4,4,1,koclip_xgb
8993,netflix_0081.png,1,1,1,koclip_xgb
8994,netflix_0081.png,0,1,1,koclip_xgb
8995,netflix_0081.png,2,3,1,koclip_xgb
8996,netflix_0081.png,2,2,1,koclip_xgb
8997,netflix_0083.png,4,1,1,koclip_xgb
8998,netflix_0083.png,3,1,1,koclip_xgb
9009,netflix_0089.png,1,1,1,koclip_xgb
9010,netflix_0089.png,2,1,1,koclip_xgb
9011,netflix_0089.png,1,4,1,koclip_xgb
9012,netflix_0089.png,1,4,1,koclip_xgb
9013,netflix_0089.png,0,1,1,koclip_xgb
9062,apple_0001.png,1,1,1,koclip_xgb
9063,apple_0001.png,3,2,1,koclip_xgb
9064,apple_0001.png,1,4,1,koclip_xgb
9065,apple_0001.png,0,0,1,koclip_xgb
9066,apple_0001.png,1,1,1,koclip_xgb
9118,apple_0012.png,4,4,1,koclip_xgb
9119,apple_0012.png,4,4,1,koclip_xgb
9120,apple_0012.png,4,4,1,koclip_xgb
9164,apple_0033.png,4,4,1,koclip_xgb
9165,apple_0033.png,4,4,1,koclip_xgb
9166,apple_0033.png,4,4,1,koclip_xgb
9167,apple_0033.png,4,4,1,koclip_xgb
9168,apple_0033.png,4,4,1,koclip_xgb
9204,apple_0046.png,4,4,1,koclip_xgb
9205,apple_0046.png,4,4,1,koclip_xgb
9206,apple_0046.png,1,1,1,koclip_xgb
9207,apple_0046.png,3,2,1,koclip_xgb
9256,apple_0065.png,4,4,1,koclip_xgb
9257,apple_0065.png,4,4,1,koclip_xgb
9258,apple_0065.png,3,4,1,koclip_xgb
9278,apple_0074.png,4,4,1,koclip_xgb
9279,apple_0074.png,3,4,1,koclip_xgb
9280,apple_0074.png,4,4,1,koclip_xgb
9281,apple_0074.png,3,4,1,koclip_xgb
9282,apple_0074.png,1,4,1,koclip_xgb
9330,apple_0093.png,1,1,1,koclip_xgb
9331,apple_0093.png,1,1,1,koclip_xgb
9332,apple_0093.png,4,4,1,koclip_xgb
9333,apple_0093.png,4,4,1,koclip_xgb
9334,apple_0093.png,4,4,1,koclip_xgb
9335,apple_0093.png,2,4,1,koclip_xgb
9336,apple_0093.png,1,4,1,koclip_xgb
9374,galaxy_0006.png,4,4,1,koclip_xgb
9375,galaxy_0006.png,4,4,1,koclip_xgb
9376,galaxy_0006.png,4,4,1,koclip_xgb
9377,galaxy_0006.png,0,0,1,koclip_xgb
9378,galaxy_0006.png,1,1,1,koclip_xgb
9413,galaxy_0016.png,4,2,1,koclip_xgb
9414,galaxy_0016.png,4,2,1,koclip_xgb
9415,galaxy_0016.png,2,2,1,koclip_xgb
9416,galaxy_0016.png,1,4,1,koclip_xgb
9476,galaxy_0027.png,1,2,1,koclip_xgb
9477,galaxy_0027.png,4,4,1,koclip_xgb
9478,galaxy_0027.png,3,4,1,koclip_xgb
9479,galaxy_0027.png,4,4,1,koclip_xgb
9480,galaxy_0027.png,2,4,1,koclip_xgb
9481,galaxy_0027.png,1,1,1,koclip_xgb
9482,galaxy_0027.png,1,1,1,koclip_xgb
9483,galaxy_0027.png,1,1,1,koclip_xgb
9484,galaxy_0027.png,3,1,1,koclip_xgb
9485,galaxy_0027.png,2,2,1,koclip_xgb
9486,galaxy_0027.png,4,4,1,koclip_xgb
9503,galaxy_0031.png,0,1,1,koclip_xgb
9504,galaxy_0031.png,1,1,1,koclip_xgb
9505,galaxy_0031.png,1,1,1,koclip_xgb
9506,galaxy_0031.png,4,3,1,koclip_xgb
9507,galaxy_0031.png,2,1,1,koclip_xgb
9508,galaxy_0031.png,2,1,1,koclip_xgb
9509,galaxy_0031.png,4,4,1,koclip_xgb
9510,galaxy_0031.png,4,4,1,koclip_xgb
9511,galaxy_0031.png,4,4,1,koclip_xgb
9512,galaxy_0031.png,4,4,1,koclip_xgb
9513,galaxy_0031.png,3,1,1,koclip_xgb
9514,galaxy_0031.png,4,1,1,koclip_xgb
9515,galaxy_0031.png,2,2,1,koclip_xgb
9516,galaxy_0031.png,2,1,1,koclip_xgb
9517,galaxy_0031.png,2,4,1,koclip_xgb
9518,galaxy_0031.png,0,0,1,koclip_xgb
9519,galaxy_0031.png,0,0,1,koclip_xgb
9520,galaxy_0031.png,3,4,1,koclip_xgb
9521,galaxy_0032.png,3,4,1,koclip_xgb
9522,galaxy_0032.png,1,1,1,koclip_xgb
9523,galaxy_0032.png,4,1,1,koclip_xgb
9524,galaxy_0032.png,4,4,1,koclip_xgb
9525,galaxy_0033.png,4,1,1,koclip_xgb
9526,galaxy_0033.png,4,1,1,koclip_xgb
9527,galaxy_0033.png,3,4,1,koclip_xgb
9528,galaxy_0033.png,4,4,1,koclip_xgb
9529,galaxy_0033.png,4,4,1,koclip_xgb
9530,galaxy_0034.png,4,4,1,koclip_xgb
9531,galaxy_0034.png,4,4,1,koclip_xgb
9534,galaxy_0036.png,0,1,1,koclip_xgb
9535,galaxy_0036.png,1,4,1,koclip_xgb
9536,galaxy_0036.png,1,2,1,koclip_xgb
9537,galaxy_0036.png,0,4,1,koclip_xgb
9538,galaxy_0036.png,0,4,1,koclip_xgb
9539,galaxy_0036.png,1,1,1,koclip_xgb
9625,galaxy_0067.png,3,4,1,koclip_xgb
9626,galaxy_0067.png,1,1,1,koclip_xgb
9627,galaxy_0067.png,4,1,1,koclip_xgb
9628,galaxy_0067.png,4,4,1,koclip_xgb
9675,galaxy_0079.png,3,2,1,koclip_xgb
9676,galaxy_0079.png,4,4,1,koclip_xgb
9677,galaxy_0079.png,1,4,1,koclip_xgb
9678,galaxy_0079.png,4,4,1,koclip_xgb
9694,galaxy_0082.png,4,4,1,koclip_xgb
9883,iphone16_0019.png,1,1,1,koclip_xgb
9894,iphone16_0023.png,3,1,1,koclip_xgb
9905,iphone16_0028.png,4,0,1,koclip_xgb
9906,iphone16_0028.png,4,0,1,koclip_xgb
9907,iphone16_0028.png,4,4,1,koclip_xgb
9908,iphone16_0028.png,4,0,1,koclip_xgb
9932,iphone16_0037.png,4,4,1,koclip_xgb
9939,iphone16_0041.png,0,4,1,koclip_xgb
9940,iphone16_0041.png,0,0,1,koclip_xgb
9941,iphone16_0041.png,1,4,1,koclip_xgb
9942,iphone16_0041.png,1,4,1,koclip_xgb
9943,iphone16_0041.png,1,1,1,koclip_xgb
9944,iphone16_0041.png,1,4,1,koclip_xgb
9945,iphone16_0041.png,1,4,1,koclip_xgb
9946,iphone16_0041.png,1,4,1,koclip_xgb
9947,iphone16_0041.png,0,4,1,koclip_xgb
9948,iphone16_0041.png,1,1,1,koclip_xgb
9949,iphone16_0042.png,4,4,1,koclip_xgb
9950,iphone16_0042.png,4,4,1,koclip_xgb
9951,iphone16_0042.png,1,4,1,koclip_xgb
9952,iphone16_0042.png,1,4,1,koclip_xgb
9953,iphone16_0042.png,3,4,1,koclip_xgb
9954,iphone16_0042.png,4,1,1,koclip_xgb
9993,iphone16_0053.png,4,0,1,koclip_xgb
9994,iphone16_0053.png,2,3,1,koclip_xgb
9995,iphone16_0053.png,3,4,1,koclip_xgb
9996,iphone16_0053.png,4,4,1,koclip_xgb
9997,iphone16_0053.png,2,2,1,koclip_xgb
10033,iphone16_0060.png,1,4,1,koclip_xgb
10034,iphone16_0060.png,0,4,1,koclip_xgb
10035,iphone16_0060.png,3,4,1,koclip_xgb
10036,iphone16_0060.png,0,4,1,koclip_xgb
10037,iphone16_0060.png,2,4,1,koclip_xgb
10065,iphone16_0069.png,4,4,1,koclip_xgb
10066,iphone16_0069.png,4,4,1,koclip_xgb
10067,iphone16_0069.png,4,1,1,koclip_xgb
10068,iphone16_0069.png,4,4,1,koclip_xgb
10069,iphone16_0069.png,4,0,1,koclip_xgb
10111,iphone16_0076.png,4,4,1,koclip_xgb
10112,iphone16_0076.png,4,4,1,koclip_xgb
10113,iphone16_0076.png,4,4,1,koclip_xgb
10114,iphone16_0076.png,1,0,1,koclip_xgb
10115,iphone16_0076.png,1,2,1,koclip_xgb
10242,iphone16_0096.png,4,4,1,koclip_xgb
10243,iphone16_0096.png,4,4,1,koclip_xgb
10244,iphone16_0096.png,3,4,1,koclip_xgb
10245,iphone16_0096.png,1,4,1,koclip_xgb
10246,iphone16_0096.png,1,4,1,koclip_xgb
10274,healthstagram_0008.png,4,4,1,koclip_xgb
10275,healthstagram_0008.png,4,4,1,koclip_xgb
10276,healthstagram_0008.png,3,3,1,koclip_xgb
10277,healthstagram_0008.png,3,4,1,koclip_xgb
10278,healthstagram_0008.png,3,4,1,koclip_xgb
10279,healthstagram_0008.png,2,4,1,koclip_xgb
10280,healthstagram_0008.png,2,4,1,koclip_xgb
10281,healthstagram_0008.png,2,2,1,koclip_xgb
10312,healthstagram_0011.png,4,3,1,koclip_xgb
10313,healthstagram_0011.png,1,1,1,koclip_xgb
10354,healthstagram_0022.png,3,3,1,koclip_xgb
10355,healthstagram_0022.png,3,2,1,koclip_xgb
10356,healthstagram_0022.png,3,4,1,koclip_xgb
10357,healthstagram_0022.png,1,0,1,koclip_xgb
10358,healthstagram_0022.png,1,1,1,koclip_xgb
10359,healthstagram_0022.png,4,3,1,koclip_xgb
10360,healthstagram_0022.png,4,3,1,koclip_xgb
10361,healthstagram_0022.png,4,4,1,koclip_xgb
10362,healthstagram_0022.png,2,2,1,koclip_xgb
10363,healthstagram_0022.png,3,3,1,koclip_xgb
10364,healthstagram_0022.png,2,2,1,koclip_xgb
10365,healthstagram_0022.png,4,4,1,koclip_xgb
10366,healthstagram_0022.png,0,0,1,koclip_xgb
10367,healthstagram_0022.png,0,1,1,koclip_xgb
10368,healthstagram_0022.png,2,4,1,koclip_xgb
10369,healthstagram_0022.png,3,4,1,koclip_xgb
10370,healthstagram_0022.png,3,4,1,koclip_xgb
10371,healthstagram_0022.png,2,2,1,koclip_xgb
10372,healthstagram_0022.png,0,1,1,koclip_xgb
10373,healthstagram_0022.png,3,4,1,koclip_xgb
10374,healthstagram_0022.png,3,2,1,koclip_xgb
10375,healthstagram_0022.png,1,2,1,koclip_xgb
10376,healthstagram_0022.png,0,0,1,koclip_xgb
10377,healthstagram_0022.png,2,2,1,koclip_xgb
10378,healthstagram_0022.png,2,4,1,koclip_xgb
10379,healthstagram_0022.png,0,3,1,koclip_xgb
10409,healthstagram_0029.png,4,1,1,koclip_xgb
10410,healthstagram_0029.png,1,1,1,koclip_xgb
10411,healthstagram_0029.png,1,1,1,koclip_xgb
10412,healthstagram_0029.png,0,0,1,koclip_xgb
10413,healthstagram_0029.png,2,3,1,koclip_xgb
10436,healthstagram_0036.png,4,3,1,koclip_xgb
10437,healthstagram_0036.png,4,1,1,koclip_xgb
10438,healthstagram_0036.png,4,3,1,koclip_xgb
10439,healthstagram_0036.png,4,4,1,koclip_xgb
10440,healthstagram_0036.png,3,3,1,koclip_xgb
10490,healthstagram_0041.png,4,4,1,koclip_xgb
10491,healthstagram_0041.png,3,4,1,koclip_xgb
10492,healthstagram_0041.png,1,4,1,koclip_xgb
10493,healthstagram_0041.png,1,4,1,koclip_xgb
10494,healthstagram_0041.png,0,0,1,koclip_xgb
10495,healthstagram_0041.png,2,2,1,koclip_xgb
10496,healthstagram_0041.png,1,2,1,koclip_xgb
10497,healthstagram_0041.png,1,0,1,koclip_xgb
10498,healthstagram_0041.png,2,2,1,koclip_xgb
10499,healthstagram_0041.png,2,4,1,koclip_xgb
10500,healthstagram_0041.png,0,0,1,koclip_xgb
10501,healthstagram_0041.png,0,2,1,koclip_xgb
10502,healthstagram_0041.png,0,1,1,koclip_xgb
10503,healthstagram_0041.png,2,2,1,koclip_xgb
10504,healthstagram_0041.png,2,2,1,koclip_xgb
10505,healthstagram_0041.png,0,1,1,koclip_xgb
10549,healthstagram_0057.png,4,3,1,koclip_xgb
10550,healthstagram_0057.png,4,4,1,koclip_xgb
10551,healthstagram_0057.png,4,4,1,koclip_xgb
10552,healthstagram_0057.png,3,4,1,koclip_xgb
10553,healthstagram_0057.png,4,2,1,koclip_xgb
10554,healthstagram_0057.png,4,4,1,koclip_xgb
10555,healthstagram_0057.png,3,1,1,koclip_xgb
10556,healthstagram_0057.png,3,2,1,koclip_xgb
10557,healthstagram_0057.png,3,2,1,koclip_xgb
10558,healthstagram_0057.png,4,3,1,koclip_xgb
10559,healthstagram_0057.png,2,2,1,koclip_xgb
10637,healthstagram_0075.png,0,0,1,koclip_xgb
10638,healthstagram_0075.png,3,4,1,koclip_xgb
10639,healthstagram_0075.png,3,4,1,koclip_xgb
10640,healthstagram_0076.png,4,4,1,koclip_xgb
10697,healthstagram_0090.png,0,0,1,koclip_xgb
10822,ounwan_0011.png,4,4,1,koclip_xgb
10823,ounwan_0011.png,4,4,1,koclip_xgb
10824,ounwan_0011.png,3,4,1,koclip_xgb
10825,ounwan_0011.png,4,2,1,koclip_xgb
10826,ounwan_0011.png,3,2,1,koclip_xgb
10827,ounwan_0011.png,2,4,1,koclip_xgb
10828,ounwan_0011.png,2,1,1,koclip_xgb
10829,ounwan_0011.png,4,4,1,koclip_xgb
10830,ounwan_0011.png,3,4,1,koclip_xgb
10831,ounwan_0011.png,1,1,1,koclip_xgb
10832,ounwan_0011.png,3,4,1,koclip_xgb
10833,ounwan_0011.png,2,2,1,koclip_xgb
10834,ounwan_0011.png,4,4,1,koclip_xgb
10835,ounwan_0011.png,2,2,1,koclip_xgb
10836,ounwan_0011.png,2,1,1,koclip_xgb
10837,ounwan_0011.png,3,3,1,koclip_xgb
10838,ounwan_0011.png,4,2,1,koclip_xgb
10839,ounwan_0011.png,4,3,1,koclip_xgb
10840,ounwan_0011.png,4,4,1,koclip_xgb
10841,ounwan_0011.png,3,4,1,koclip_xgb
10842,ounwan_0011.png,2,2,1,koclip_xgb
10843,ounwan_0011.png,1,0,1,koclip_xgb
10844,ounwan_0011.png,2,2,1,koclip_xgb
10845,ounwan_0011.png,1,3,1,koclip_xgb
10846,ounwan_0011.png,1,3,1,koclip_xgb
10882,ounwan_0015.png,4,1,1,koclip_xgb
10883,ounwan_0015.png,1,1,1,koclip_xgb
10884,ounwan_0015.png,1,1,1,koclip_xgb
10885,ounwan_0015.png,4,0,1,koclip_xgb
10886,ounwan_0015.png,1,1,1,koclip_xgb
10887,ounwan_0015.png,4,4,1,koclip_xgb
10888,ounwan_0015.png,3,3,1,koclip_xgb
10889,ounwan_0015.png,2,2,1,koclip_xgb
10890,ounwan_0015.png,2,2,1,koclip_xgb
10891,ounwan_0015.png,4,1,1,koclip_xgb
10892,ounwan_0015.png,2,2,1,koclip_xgb
10893,ounwan_0015.png,4,4,1,koclip_xgb
10894,ounwan_0015.png,4,4,1,koclip_xgb
10895,ounwan_0015.png,2,2,1,koclip_xgb
10896,ounwan_0015.png,2,2,1,koclip_xgb
10897,ounwan_0015.png,3,2,1,koclip_xgb
10903,ounwan_0018.png,4,3,1,koclip_xgb
10904,ounwan_0018.png,3,4,1,koclip_xgb
10905,ounwan_0018.png,2,2,1,koclip_xgb
10906,ounwan_0018.png,2,2,1,koclip_xgb
10907,ounwan_0018.png,4,4,1,koclip_xgb
10908,ounwan_0018.png,4,4,1,koclip_xgb
10909,ounwan_0018.png,2,2,1,koclip_xgb
10910,ounwan_0019.png,0,4,1,koclip_xgb
10911,ounwan_0019.png,0,4,1,koclip_xgb
10912,ounwan_0019.png,0,4,1,koclip_xgb
10913,ounwan_0019.png,0,4,1,koclip_xgb
10947,ounwan_0033.png,4,4,1,koclip_xgb
10948,ounwan_0033.png,0,4,1,koclip_xgb
10949,ounwan_0033.png,2,3,1,koclip_xgb
10950,ounwan_0033.png,3,4,1,koclip_xgb
10951,ounwan_0033.png,1,1,1,koclip_xgb
10952,ounwan_0033.png,2,3,1,koclip_xgb
10953,ounwan_0033.png,4,1,1,koclip_xgb
10954,ounwan_0033.png,3,3,1,koclip_xgb
10955,ounwan_0033.png,3,3,1,koclip_xgb
10956,ounwan_0033.png,4,4,1,koclip_xgb
10957,ounwan_0033.png,2,2,1,koclip_xgb
10958,ounwan_0033.png,1,1,1,koclip_xgb
10959,ounwan_0033.png,1,2,1,koclip_xgb
10960,ounwan_0033.png,3,4,1,koclip_xgb
10961,ounwan_0033.png,3,4,1,koclip_xgb
10962,ounwan_0033.png,2,2,1,koclip_xgb
10971,ounwan_0036.png,4,3,1,koclip_xgb
10972,ounwan_0036.png,4,3,1,koclip_xgb
10973,ounwan_0036.png,4,4,1,koclip_xgb
10974,ounwan_0036.png,2,2,1,koclip_xgb
10975,ounwan_0036.png,4,4,1,koclip_xgb
11005,ounwan_0043.png,4,4,1,koclip_xgb
11006,ounwan_0043.png,3,3,1,koclip_xgb
11007,ounwan_0043.png,2,2,1,koclip_xgb
11008,ounwan_0043.png,4,4,1,koclip_xgb
11009,ounwan_0043.png,2,2,1,koclip_xgb
11010,ounwan_0043.png,3,2,1,koclip_xgb
11011,ounwan_0043.png,3,3,1,koclip_xgb
11012,ounwan_0043.png,3,2,1,koclip_xgb
11013,ounwan_0043.png,3,1,1,koclip_xgb
11014,ounwan_0043.png,3,2,1,koclip_xgb
11015,ounwan_0043.png,4,4,1,koclip_xgb
11016,ounwan_0043.png,2,2,1,koclip_xgb
11017,ounwan_0043.png,1,1,1,koclip_xgb
11018,ounwan_0043.png,1,2,1,koclip_xgb
11019,ounwan_0043.png,0,0,1,koclip_xgb
11020,ounwan_0043.png,0,0,1,koclip_xgb
11021,ounwan_0043.png,0,0,1,koclip_xgb
11022,ounwan_0043.png,1,1,1,koclip_xgb
11023,ounwan_0043.png,4,4,1,koclip_xgb
11024,ounwan_0043.png,4,4,1,koclip_xgb
11025,ounwan_0043.png,2,2,1,koclip_xgb
11026,ounwan_0043.png,1,1,1,koclip_xgb
11027,ounwan_0043.png,0,0,1,koclip_xgb
11028,ounwan_0043.png,2,0,1,koclip_xgb
11065,ounwan_0050.png,3,3,1,koclip_xgb
11095,ounwan_0054.png,4,3,1,koclip_xgb
11136,ounwan_0061.png,2,2,1,koclip_xgb
11137,ounwan_0061.png,3,3,1,koclip_xgb
11138,ounwan_0061.png,2,0,1,koclip_xgb
11139,ounwan_0061.png,3,3,1,koclip_xgb
11197,ounwan_0069.png,3,3,1,koclip_xgb
11198,ounwan_0069.png,4,2,1,koclip_xgb
11199,ounwan_0069.png,2,2,1,koclip_xgb
11200,ounwan_0069.png,4,4,1,koclip_xgb
11201,ounwan_0069.png,4,4,1,koclip_xgb
11202,ounwan_0069.png,3,2,1,koclip_xgb
11203,ounwan_0069.png,1,0,1,koclip_xgb
11204,ounwan_0069.png,2,3,1,koclip_xgb
11205,ounwan_0069.png,1,0,1,koclip_xgb
11206,ounwan_0069.png,0,2,1,koclip_xgb
11207,ounwan_0069.png,0,2,1,koclip_xgb
11208,ounwan_0069.png,1,3,1,koclip_xgb
11209,ounwan_0069.png,2,2,1,koclip_xgb
11210,ounwan_0069.png,0,3,1,koclip_xgb
11211,ounwan_0069.png,4,3,1,koclip_xgb
11212,ounwan_0069.png,3,3,1,koclip_xgb
11213,ounwan_0069.png,0,3,1,koclip_xgb
11214,ounwan_0069.png,3,2,1,koclip_xgb
11215,ounwan_0071.png,1,1,1,koclip_xgb
11268,ounwan_0077.png,2,1,1,koclip_xgb
11269,ounwan_0077.png,1,1,1,koclip_xgb
11270,ounwan_0077.png,1,1,1,koclip_xgb
11271,ounwan_0077.png,1,1,1,koclip_xgb
11272,ounwan_0077.png,1,1,1,koclip_xgb
11273,ounwan_0077.png,2,1,1,koclip_xgb
11274,ounwan_0077.png,1,4,1,koclip_xgb
11313,ounwan_0086.png,4,3,1,koclip_xgb
11314,ounwan_0086.png,4,1,1,koclip_xgb
11315,ounwan_0086.png,3,4,1,koclip_xgb
11316,ounwan_0086.png,3,3,1,koclip_xgb
11317,ounwan_0086.png,4,2,1,koclip_xgb
11327,ounwan_0089.png,4,3,1,koclip_xgb
11328,ounwan_0089.png,3,3,1,koclip_xgb
11329,ounwan_0089.png,2,4,1,koclip_xgb
11330,ounwan_0089.png,1,1,1,koclip_xgb
11331,ounwan_0089.png,1,1,1,koclip_xgb
11332,ounwan_0089.png,2,1,1,koclip_xgb
11333,ounwan_0089.png,2,1,1,koclip_xgb
11334,ounwan_0089.png,1,4,1,koclip_xgb
11335,ounwan_0089.png,1,4,1,koclip_xgb
11336,ounwan_0089.png,1,4,1,koclip_xgb
11337,ounwan_0089.png,1,4,1,koclip_xgb
11338,ounwan_0089.png,0,1,1,koclip_xgb
11339,ounwan_0089.png,1,1,1,koclip_xgb
11340,ounwan_0089.png,1,1,1,koclip_xgb
11341,ounwan_0089.png,1,1,1,koclip_xgb
11342,ounwan_0089.png,1,1,1,koclip_xgb
11343,ounwan_0089.png,3,1,1,koclip_xgb
11344,ounwan_0089.png,2,1,1,koclip_xgb
11345,ounwan_0089.png,3,4,1,koclip_xgb
11346,ounwan_0089.png,4,4,1,koclip_xgb
11347,ounwan_0089.png,1,3,1,koclip_xgb
11348,ounwan_0089.png,1,4,1,koclip_xgb
11349,ounwan_0089.png,3,3,1,koclip_xgb
11350,ounwan_0089.png,1,4,1,koclip_xgb
11351,ounwan_0089.png,4,3,1,koclip_xgb
11352,ounwan_0089.png,2,4,1,koclip_xgb
11353,ounwan_0089.png,1,1,1,koclip_xgb
11362,ounwan_0093.png,0,1,1,koclip_xgb
11363,ounwan_0093.png,1,1,1,koclip_xgb
11364,ounwan_0093.png,2,3,1,koclip_xgb
11365,ounwan_0093.png,4,4,1,koclip_xgb
11366,ounwan_0094.png,3,2,1,koclip_xgb
11367,ounwan_0094.png,3,3,1,koclip_xgb
11368,ounwan_0094.png,2,2,1,koclip_xgb
11453,dietfood_0010.png,3,4,1,koclip_xgb
11454,dietfood_0010.png,4,4,1,koclip_xgb
11455,dietfood_0010.png,2,4,1,koclip_xgb
11464,dietfood_0013.png,3,3,1,koclip_xgb
11465,dietfood_0013.png,2,4,1,koclip_xgb
11466,dietfood_0013.png,1,4,1,koclip_xgb
11467,dietfood_0013.png,2,3,1,koclip_xgb
11468,dietfood_0013.png,3,3,1,koclip_xgb
11492,dietfood_0018.png,1,4,1,koclip_xgb
11493,dietfood_0018.png,3,4,1,koclip_xgb
11494,dietfood_0018.png,3,4,1,koclip_xgb
11495,dietfood_0018.png,4,4,1,koclip_xgb
11496,dietfood_0018.png,3,2,1,koclip_xgb
11567,dietfood_0029.png,0,3,1,koclip_xgb
11568,dietfood_0029.png,0,3,1,koclip_xgb
11569,dietfood_0029.png,0,3,1,koclip_xgb
11570,dietfood_0029.png,0,3,1,koclip_xgb
11571,dietfood_0029.png,0,4,1,koclip_xgb
11572,dietfood_0031.png,4,2,1,koclip_xgb
11573,dietfood_0031.png,2,4,1,koclip_xgb
11574,dietfood_0031.png,3,1,1,koclip_xgb
11575,dietfood_0031.png,1,4,1,koclip_xgb
11576,dietfood_0031.png,0,1,1,koclip_xgb
11640,dietfood_0042.png,4,3,1,koclip_xgb
11641,dietfood_0042.png,4,4,1,koclip_xgb
11642,dietfood_0042.png,3,3,1,koclip_xgb
11643,dietfood_0042.png,4,4,1,koclip_xgb
11644,dietfood_0042.png,2,2,1,koclip_xgb
11675,dietfood_0051.png,3,3,1,koclip_xgb
11676,dietfood_0051.png,3,4,1,koclip_xgb
11677,dietfood_0051.png,4,3,1,koclip_xgb
11678,dietfood_0051.png,3,2,1,koclip_xgb
11679,dietfood_0051.png,2,2,1,koclip_xgb
11711,dietfood_0058.png,4,4,1,koclip_xgb
11712,dietfood_0058.png,4,4,1,koclip_xgb
11713,dietfood_0058.png,3,4,1,koclip_xgb
11714,dietfood_0058.png,4,3,1,koclip_xgb
11715,dietfood_0058.png,4,3,1,koclip_xgb
11716,dietfood_0058.png,4,4,1,koclip_xgb
11717,dietfood_0058.png,4,4,1,koclip_xgb
11718,dietfood_0058.png,4,4,1,koclip_xgb
11719,dietfood_0058.png,4,4,1,koclip_xgb
11720,dietfood_0058.png,3,3,1,koclip_xgb
11721,dietfood_0058.png,3,2,1,koclip_xgb
11722,dietfood_0058.png,3,3,1,koclip_xgb
11723,dietfood_0058.png,2,2,1,koclip_xgb
11724,dietfood_0058.png,4,4,1,koclip_xgb
11725,dietfood_0058.png,4,3,1,koclip_xgb
11726,dietfood_0058.png,3,3,1,koclip_xgb
11727,dietfood_0058.png,2,3,1,koclip_xgb
11728,dietfood_0058.png,3,4,1,koclip_xgb
11729,dietfood_0058.png,2,2,1,koclip_xgb
11730,dietfood_0058.png,4,4,1,koclip_xgb
11788,dietfood_0068.png,4,4,1,koclip_xgb
11789,dietfood_0068.png,3,3,1,koclip_xgb
11790,dietfood_0068.png,4,4,1,koclip_xgb
11791,dietfood_0068.png,4,4,1,koclip_xgb
11792,dietfood_0068.png,4,4,1,koclip_xgb
11793,dietfood_0068.png,2,4,1,koclip_xgb
11794,dietfood_0068.png,1,3,1,koclip_xgb
11795,dietfood_0068.png,2,4,1,koclip_xgb
11796,dietfood_0068.png,4,4,1,koclip_xgb
11797,dietfood_0068.png,3,3,1,koclip_xgb
11798,dietfood_0068.png,3,4,1,koclip_xgb
11799,dietfood_0068.png,1,4,1,koclip_xgb
11800,dietfood_0068.png,1,4,1,koclip_xgb
11823,dietfood_0072.png,4,4,1,koclip_xgb
11824,dietfood_0072.png,3,3,1,koclip_xgb
11825,dietfood_0072.png,3,4,1,koclip_xgb
11826,dietfood_0072.png,3,3,1,koclip_xgb
11827,dietfood_0072.png,3,3,1,koclip_xgb
11852,dietfood_0076.png,0,4,1,koclip_xgb
11853,dietfood_0076.png,0,4,1,koclip_xgb
11854,dietfood_0076.png,4,4,1,koclip_xgb
11855,dietfood_0076.png,3,3,1,koclip_xgb
11856,dietfood_0076.png,3,3,1,koclip_xgb
11857,dietfood_0076.png,1,4,1,koclip_xgb
11858,dietfood_0076.png,2,3,1,koclip_xgb
11859,dietfood_0076.png,1,4,1,koclip_xgb
11860,dietfood_0076.png,1,3,1,koclip_xgb
11861,dietfood_0076.png,2,4,1,koclip_xgb
11862,dietfood_0076.png,4,3,1,koclip_xgb
11863,dietfood_0076.png,1,4,1,koclip_xgb
11883,dietfood_0081.png,0,3,1,koclip_xgb
11884,dietfood_0081.png,0,2,1,koclip_xgb
11885,dietfood_0081.png,0,3,1,koclip_xgb
11901,dietfood_0083.png,4,4,1,koclip_xgb
11902,dietfood_0083.png,4,4,1,koclip_xgb
11903,dietfood_0083.png,4,3,1,koclip_xgb
11904,dietfood_0083.png,3,4,1,koclip_xgb
11905,dietfood_0083.png,1,1,1,koclip_xgb
11906,dietfood_0084.png,4,4,1,koclip_xgb
11907,dietfood_0084.png,4,4,1,koclip_xgb
11908,dietfood_0084.png,4,4,1,koclip_xgb
11909,dietfood_0084.png,4,3,1,koclip_xgb
11910,dietfood_0084.png,4,4,1,koclip_xgb
11924,dietfood_0087.png,4,4,1,koclip_xgb
11925,dietfood_0087.png,4,3,1,koclip_xgb
11926,dietfood_0087.png,4,4,1,koclip_xgb
11927,dietfood_0087.png,2,2,1,koclip_xgb
11928,dietfood_0087.png,2,2,1,koclip_xgb
11929,dietfood_0087.png,2,2,1,koclip_xgb
11930,dietfood_0087.png,4,2,1,koclip_xgb
11931,dietfood_0087.png,1,2,1,koclip_xgb
11932,dietfood_0087.png,4,3,1,koclip_xgb
11933,dietfood_0087.png,3,3,1,koclip_xgb
11934,dietfood_0087.png,2,2,1,koclip_xgb
11935,dietfood_0087.png,4,4,1,koclip_xgb
11936,dietfood_0087.png,3,3,1,koclip_xgb
11937,dietfood_0087.png,3,2,1,koclip_xgb
11938,dietfood_0087.png,3,4,1,koclip_xgb
11939,dietfood_0087.png,3,4,1,koclip_xgb
11940,dietfood_0087.png,2,2,1,koclip_xgb
11941,dietfood_0087.png,2,2,1,koclip_xgb
12005,dietfood_0099.png,4,4,1,koclip_xgb
12006,dietfood_0099.png,4,4,1,koclip_xgb
1,ai_0001.png,4,4,2,koclip_xgb
2,ai_0001.png,3,4,2,koclip_xgb
3,ai_0001.png,4,4,2,koclip_xgb
4,ai_0001.png,3,2,2,koclip_xgb
5,ai_0001.png,3,1,2,koclip_xgb
20,ai_0006.png,3,1,2,koclip_xgb
89,ai_0014.png,4,3,2,koclip_xgb
90,ai_0014.png,1,2,2,koclip_xgb
91,ai_0014.png,4,4,2,koclip_xgb
92,ai_0014.png,1,1,2,koclip_xgb
93,ai_0014.png,1,1,2,koclip_xgb
94,ai_0014.png,0,0,2,koclip_xgb
95,ai_0014.png,0,0,2,koclip_xgb
96,ai_0014.png,1,1,2,koclip_xgb
97,ai_0014.png,0,4,2,koclip_xgb
98,ai_0014.png,3,1,2,koclip_xgb
99,ai_0014.png,3,1,2,koclip_xgb
100,ai_0014.png,2,0,2,koclip_xgb
101,ai_0014.png,1,1,2,koclip_xgb
102,ai_0014.png,1,1,2,koclip_xgb
103,ai_0014.png,4,4,2,koclip_xgb
104,ai_0014.png,3,3,2,koclip_xgb
105,ai_0014.png,2,2,2,koclip_xgb
106,ai_0014.png,3,2,2,koclip_xgb
107,ai_0014.png,2,2,2,koclip_xgb
108,ai_0014.png,4,4,2,koclip_xgb
109,ai_0014.png,2,2,2,koclip_xgb
110,ai_0014.png,0,1,2,koclip_xgb
111,ai_0014.png,1,1,2,koclip_xgb
214,ai_0020.png,4,4,2,koclip_xgb
215,ai_0020.png,3,1,2,koclip_xgb
216,ai_0020.png,2,2,2,koclip_xgb
217,ai_0020.png,3,1,2,koclip_xgb
218,ai_0020.png,1,2,2,koclip_xgb
219,ai_0020.png,1,1,2,koclip_xgb
220,ai_0020.png,1,1,2,koclip_xgb
221,ai_0020.png,4,1,2,koclip_xgb
222,domesticTravel_0003.png,1,1,2,koclip_xgb
223,domesticTravel_0003.png,3,1,2,koclip_xgb
224,domesticTravel_0003.png,3,3,2,koclip_xgb
225,domesticTravel_0003.png,2,2,2,koclip_xgb
226,domesticTravel_0003.png,3,3,2,koclip_xgb
227,domesticTravel_0003.png,4,1,2,koclip_xgb
228,domesticTravel_0003.png,2,3,2,koclip_xgb
229,domesticTravel_0003.png,3,0,2,koclip_xgb
230,domesticTravel_0003.png,1,4,2,koclip_xgb
231,domesticTravel_0003.png,2,1,2,koclip_xgb
232,domesticTravel_0003.png,1,3,2,koclip_xgb
233,domesticTravel_0003.png,2,4,2,koclip_xgb
234,domesticTravel_0003.png,0,4,2,koclip_xgb
235,domesticTravel_0003.png,3,2,2,koclip_xgb
236,domesticTravel_0003.png,1,4,2,koclip_xgb
258,domesticTravel_0006.png,4,1,2,koclip_xgb
259,domesticTravel_0006.png,0,1,2,koclip_xgb
260,domesticTravel_0006.png,4,4,2,koclip_xgb
261,domesticTravel_0006.png,1,1,2,koclip_xgb
262,domesticTravel_0006.png,0,1,2,koclip_xgb
279,domesticTravel_0011.png,1,1,2,koclip_xgb
280,domesticTravel_0011.png,4,4,2,koclip_xgb
281,domesticTravel_0011.png,4,1,2,koclip_xgb
282,domesticTravel_0011.png,3,1,2,koclip_xgb
283,domesticTravel_0011.png,3,3,2,koclip_xgb
284,domesticTravel_0011.png,3,3,2,koclip_xgb
285,domesticTravel_0011.png,2,2,2,koclip_xgb
286,domesticTravel_0011.png,4,3,2,koclip_xgb
287,domesticTravel_0011.png,4,4,2,koclip_xgb
288,domesticTravel_0011.png,3,3,2,koclip_xgb
290,domesticTravel_0014.png,4,4,2,koclip_xgb
291,domesticTravel_0014.png,3,1,2,koclip_xgb
292,domesticTravel_0014.png,4,2,2,koclip_xgb
293,domesticTravel_0014.png,3,3,2,koclip_xgb
294,domesticTravel_0014.png,3,3,2,koclip_xgb
295,domesticTravel_0014.png,2,4,2,koclip_xgb
296,domesticTravel_0014.png,2,2,2,koclip_xgb
297,domesticTravel_0014.png,3,1,2,koclip_xgb
298,domesticTravel_0014.png,3,4,2,koclip_xgb
299,domesticTravel_0014.png,1,4,2,koclip_xgb
300,domesticTravel_0014.png,4,4,2,koclip_xgb
301,domesticTravel_0014.png,4,4,2,koclip_xgb
306,domesticTravel_0016.png,4,2,2,koclip_xgb
307,domesticTravel_0016.png,4,1,2,koclip_xgb
308,domesticTravel_0016.png,4,2,2,koclip_xgb
309,domesticTravel_0016.png,1,0,2,koclip_xgb
310,domesticTravel_0016.png,3,3,2,koclip_xgb
311,domesticTravel_0016.png,3,3,2,koclip_xgb
312,domesticTravel_0016.png,3,3,2,koclip_xgb
313,domesticTravel_0016.png,2,2,2,koclip_xgb
314,domesticTravel_0016.png,0,0,2,koclip_xgb
315,domesticTravel_0016.png,0,0,2,koclip_xgb
316,domesticTravel_0016.png,0,0,2,koclip_xgb
317,domesticTravel_0016.png,2,2,2,koclip_xgb
318,domesticTravel_0016.png,1,0,2,koclip_xgb
319,domesticTravel_0016.png,2,2,2,koclip_xgb
320,domesticTravel_0016.png,4,4,2,koclip_xgb
439,fall_0013.png,4,4,2,koclip_xgb
440,fall_0013.png,4,4,2,koclip_xgb
441,fall_0013.png,3,3,2,koclip_xgb
442,fall_0013.png,3,3,2,koclip_xgb
443,fall_0013.png,4,4,2,koclip_xgb
444,fall_0013.png,4,4,2,koclip_xgb
445,fall_0013.png,4,4,2,koclip_xgb
446,fall_0013.png,4,4,2,koclip_xgb
447,fall_0013.png,4,1,2,koclip_xgb
448,fall_0013.png,4,4,2,koclip_xgb
449,fall_0013.png,4,4,2,koclip_xgb
450,fall_0013.png,4,3,2,koclip_xgb
451,fall_0013.png,3,4,2,koclip_xgb
452,fall_0013.png,0,4,2,koclip_xgb
453,fall_0013.png,0,4,2,koclip_xgb
454,fall_0013.png,1,4,2,koclip_xgb
455,fall_0013.png,1,0,2,koclip_xgb
456,fall_0013.png,1,0,2,koclip_xgb
457,fall_0013.png,1,1,2,koclip_xgb
458,fall_0013.png,1,1,2,koclip_xgb
459,fall_0013.png,1,4,2,koclip_xgb
460,fall_0013.png,1,1,2,koclip_xgb
461,fall_0013.png,0,1,2,koclip_xgb
462,fall_0013.png,1,0,2,koclip_xgb
463,fall_0013.png,0,0,2,koclip_xgb
464,fall_0013.png,1,0,2,koclip_xgb
465,fall_0013.png,0,0,2,koclip_xgb
466,fall_0013.png,1,0,2,koclip_xgb
467,fall_0013.png,1,2,2,koclip_xgb
468,fall_0013.png,1,1,2,koclip_xgb
498,fall_0016.png,3,4,2,koclip_xgb
499,fall_0016.png,4,4,2,koclip_xgb
500,fall_0016.png,4,4,2,koclip_xgb
501,fall_0016.png,4,4,2,koclip_xgb
502,fall_0016.png,4,1,2,koclip_xgb
503,fall_0016.png,2,2,2,koclip_xgb
504,fall_0016.png,0,4,2,koclip_xgb
505,fall_0016.png,4,4,2,koclip_xgb
506,fall_0016.png,3,1,2,koclip_xgb
507,fall_0016.png,4,4,2,koclip_xgb
508,fall_0016.png,4,4,2,koclip_xgb
509,fall_0016.png,1,2,2,koclip_xgb
510,fall_0016.png,4,4,2,koclip_xgb
663,fashion_0016.png,4,1,2,koclip_xgb
664,fashion_0016.png,4,4,2,koclip_xgb
665,fashion_0016.png,3,4,2,koclip_xgb
666,fashion_0016.png,2,4,2,koclip_xgb
667,fashion_0016.png,3,4,2,koclip_xgb
668,fashion_0016.png,4,1,2,koclip_xgb
669,fashion_0016.png,3,3,2,koclip_xgb
670,fashion_0016.png,3,3,2,koclip_xgb
671,fashion_0016.png,1,3,2,koclip_xgb
672,fashion_0016.png,3,4,2,koclip_xgb
673,fashion_0016.png,4,1,2,koclip_xgb
674,fashion_0016.png,4,4,2,koclip_xgb
675,fashion_0016.png,3,3,2,koclip_xgb
676,fashion_0016.png,4,4,2,koclip_xgb
677,fashion_0016.png,4,4,2,koclip_xgb
678,fashion_0016.png,3,4,2,koclip_xgb
679,fashion_0016.png,4,4,2,koclip_xgb
680,fashion_0016.png,4,4,2,koclip_xgb
681,fashion_0016.png,2,4,2,koclip_xgb
682,fashion_0016.png,4,4,2,koclip_xgb
683,fashion_0016.png,3,4,2,koclip_xgb
684,fashion_0018.png,3,3,2,koclip_xgb
685,fashion_0018.png,2,1,2,koclip_xgb
686,fashion_0018.png,1,1,2,koclip_xgb
687,fashion_0018.png,1,1,2,koclip_xgb
688,fashion_0018.png,4,4,2,koclip_xgb
689,fashion_0018.png,4,3,2,koclip_xgb
690,fashion_0018.png,3,3,2,koclip_xgb
691,fashion_0018.png,2,1,2,koclip_xgb
692,fashion_0018.png,4,2,2,koclip_xgb
693,fashion_0018.png,4,2,2,koclip_xgb
694,fashion_0018.png,3,3,2,koclip_xgb
695,fashion_0018.png,3,3,2,koclip_xgb
696,fashion_0018.png,1,1,2,koclip_xgb
697,fashion_0018.png,1,3,2,koclip_xgb
698,fashion_0018.png,3,1,2,koclip_xgb
699,fashion_0018.png,3,1,2,koclip_xgb
700,fashion_0018.png,3,1,2,koclip_xgb
701,fashion_0018.png,4,3,2,koclip_xgb
794,movie_0011.png,4,4,2,koclip_xgb
795,movie_0011.png,4,4,2,koclip_xgb
796,movie_0011.png,3,4,2,koclip_xgb
797,movie_0011.png,1,2,2,koclip_xgb
798,movie_0011.png,4,4,2,koclip_xgb
799,movie_0011.png,4,3,2,koclip_xgb
800,movie_0011.png,4,4,2,koclip_xgb
801,movie_0011.png,2,2,2,koclip_xgb
802,movie_0011.png,1,2,2,koclip_xgb
803,movie_0011.png,3,3,2,koclip_xgb
804,movie_0011.png,3,2,2,koclip_xgb
813,movie_0015.png,4,4,2,koclip_xgb
814,movie_0015.png,4,2,2,koclip_xgb
815,movie_0015.png,4,4,2,koclip_xgb
816,movie_0015.png,2,2,2,koclip_xgb
817,movie_0015.png,1,3,2,koclip_xgb
818,movie_0015.png,1,1,2,koclip_xgb
819,movie_0015.png,1,1,2,koclip_xgb
820,movie_0015.png,2,1,2,koclip_xgb
821,movie_0015.png,1,2,2,koclip_xgb
822,movie_0015.png,2,1,2,koclip_xgb
823,movie_0015.png,2,1,2,koclip_xgb
824,movie_0015.png,1,1,2,koclip_xgb
825,movie_0015.png,2,2,2,koclip_xgb
826,movie_0015.png,1,1,2,koclip_xgb
827,movie_0015.png,1,1,2,koclip_xgb
828,movie_0015.png,1,3,2,koclip_xgb
829,movie_0015.png,1,3,2,koclip_xgb
830,movie_0015.png,2,1,2,koclip_xgb
831,movie_0015.png,2,3,2,koclip_xgb
832,movie_0015.png,1,4,2,koclip_xgb
833,movie_0015.png,1,1,2,koclip_xgb
834,movie_0015.png,1,1,2,koclip_xgb
835,movie_0015.png,1,3,2,koclip_xgb
836,movie_0015.png,0,2,2,koclip_xgb
837,movie_0015.png,1,2,2,koclip_xgb
838,movie_0015.png,3,3,2,koclip_xgb
839,movie_0015.png,1,1,2,koclip_xgb
840,movie_0015.png,1,3,2,koclip_xgb
841,movie_0015.png,3,3,2,koclip_xgb
842,movie_0015.png,0,0,2,koclip_xgb
843,movie_0016.png,3,4,2,koclip_xgb
844,movie_0016.png,2,2,2,koclip_xgb
845,movie_0016.png,4,1,2,koclip_xgb
846,movie_0016.png,1,3,2,koclip_xgb
847,movie_0016.png,2,1,2,koclip_xgb
848,movie_0016.png,1,2,2,koclip_xgb
849,movie_0016.png,2,3,2,koclip_xgb
877,movie_0020.png,4,4,2,koclip_xgb
878,movie_0020.png,3,3,2,koclip_xgb
879,movie_0020.png,2,3,2,koclip_xgb
880,movie_0020.png,1,2,2,koclip_xgb
881,movie_0020.png,0,3,2,koclip_xgb
882,movie_0020.png,0,4,2,koclip_xgb
883,movie_0020.png,2,1,2,koclip_xgb
884,movie_0020.png,1,2,2,koclip_xgb
885,movie_0020.png,1,2,2,koclip_xgb
886,movie_0020.png,0,4,2,koclip_xgb
887,movie_0020.png,1,3,2,koclip_xgb
1019,olive_0013.png,4,1,2,koclip_xgb
1020,olive_0013.png,4,4,2,koclip_xgb
1021,olive_0013.png,4,4,2,koclip_xgb
1022,olive_0013.png,4,4,2,koclip_xgb
1023,olive_0013.png,3,4,2,koclip_xgb
1024,olive_0013.png,4,4,2,koclip_xgb
1025,olive_0013.png,3,4,2,koclip_xgb
1026,olive_0013.png,1,1,2,koclip_xgb
1027,olive_0013.png,1,1,2,koclip_xgb
1028,olive_0013.png,4,4,2,koclip_xgb
1029,olive_0013.png,4,1,2,koclip_xgb
1030,olive_0013.png,4,4,2,koclip_xgb
1031,olive_0013.png,4,4,2,koclip_xgb
1032,olive_0013.png,4,4,2,koclip_xgb
1033,olive_0013.png,3,3,2,koclip_xgb
1034,olive_0013.png,2,2,2,koclip_xgb
1035,olive_0013.png,2,4,2,koclip_xgb
1036,olive_0013.png,3,4,2,koclip_xgb
1097,olive_0021.png,2,3,2,koclip_xgb
1098,olive_0021.png,4,4,2,koclip_xgb
1099,olive_0021.png,4,4,2,koclip_xgb
1100,olive_0021.png,3,4,2,koclip_xgb
1101,olive_0021.png,1,1,2,koclip_xgb
1102,olive_0021.png,3,2,2,koclip_xgb
1103,olive_0021.png,4,4,2,koclip_xgb
1104,olive_0021.png,3,4,2,koclip_xgb
1105,olive_0021.png,3,4,2,koclip_xgb
1106,olive_0021.png,2,4,2,koclip_xgb
1107,olive_0021.png,3,4,2,koclip_xgb
1108,olive_0021.png,1,1,2,koclip_xgb
1109,olive_0021.png,4,4,2,koclip_xgb
1110,olive_0021.png,4,4,2,koclip_xgb
1111,olive_0022.png,3,4,2,koclip_xgb
1268,restaurant_0020.png,4,1,2,koclip_xgb
1269,restaurant_0020.png,3,1,2,koclip_xgb
1270,restaurant_0020.png,4,4,2,koclip_xgb
1271,restaurant_0020.png,2,3,2,koclip_xgb
1272,restaurant_0020.png,3,3,2,koclip_xgb
1273,restaurant_0020.png,3,3,2,koclip_xgb
1274,restaurant_0020.png,2,2,2,koclip_xgb
1275,restaurant_0020.png,3,4,2,koclip_xgb
1276,restaurant_0020.png,3,3,2,koclip_xgb
1277,restaurant_0020.png,2,4,2,koclip_xgb
1278,restaurant_0020.png,4,4,2,koclip_xgb
1279,restaurant_0020.png,2,1,2,koclip_xgb
1280,restaurant_0020.png,2,2,2,koclip_xgb
1281,restaurant_0020.png,2,1,2,koclip_xgb
1282,restaurant_0020.png,3,4,2,koclip_xgb
1283,restaurant_0020.png,3,4,2,koclip_xgb
1284,restaurant_0020.png,3,3,2,koclip_xgb
1285,restaurant_0020.png,3,4,2,koclip_xgb
1286,restaurant_0020.png,3,4,2,koclip_xgb
1287,restaurant_0020.png,1,4,2,koclip_xgb
1288,restaurant_0020.png,1,4,2,koclip_xgb
1289,restaurant_0020.png,1,1,2,koclip_xgb
1290,restaurant_0020.png,1,1,2,koclip_xgb
1291,restaurant_0020.png,3,1,2,koclip_xgb
1292,restaurant_0020.png,0,0,2,koclip_xgb
1415,zerokal_0008.png,4,1,2,koclip_xgb
1416,zerokal_0008.png,4,4,2,koclip_xgb
1417,zerokal_0008.png,4,1,2,koclip_xgb
1418,zerokal_0008.png,3,1,2,koclip_xgb
1419,zerokal_0008.png,3,1,2,koclip_xgb
1420,zerokal_0008.png,4,4,2,koclip_xgb
1421,zerokal_0008.png,3,3,2,koclip_xgb
1422,zerokal_0008.png,3,4,2,koclip_xgb
1423,zerokal_0008.png,2,1,2,koclip_xgb
1424,zerokal_0008.png,1,1,2,koclip_xgb
1425,zerokal_0008.png,1,1,2,koclip_xgb
1426,zerokal_0008.png,0,3,2,koclip_xgb
1427,zerokal_0008.png,2,4,2,koclip_xgb
1428,zerokal_0008.png,1,1,2,koclip_xgb
1429,zerokal_0008.png,1,1,2,koclip_xgb
1430,zerokal_0008.png,1,1,2,koclip_xgb
1431,zerokal_0008.png,4,4,2,koclip_xgb
1492,zerokal_0018.png,4,1,2,koclip_xgb
1493,zerokal_0018.png,4,4,2,koclip_xgb
1494,zerokal_0018.png,4,1,2,koclip_xgb
1495,zerokal_0018.png,1,4,2,koclip_xgb
1496,zerokal_0018.png,1,1,2,koclip_xgb
1497,zerokal_0018.png,3,3,2,koclip_xgb
1498,zerokal_0018.png,2,4,2,koclip_xgb
1499,zerokal_0018.png,1,3,2,koclip_xgb
1648,travelgram_0037.png,4,4,2,koclip_xgb
1649,travelgram_0037.png,3,3,2,koclip_xgb
1650,travelgram_0037.png,2,3,2,koclip_xgb
1651,travelgram_0037.png,3,3,2,koclip_xgb
1751,travelgram_0070.png,0,3,2,koclip_xgb
1752,travelgram_0070.png,0,2,2,koclip_xgb
1753,travelgram_0070.png,0,4,2,koclip_xgb
1754,travelgram_0070.png,0,3,2,koclip_xgb
1755,travelgram_0070.png,0,2,2,koclip_xgb
1756,travelgram_0070.png,0,2,2,koclip_xgb
1757,travelgram_0070.png,0,2,2,koclip_xgb
1758,travelgram_0070.png,0,3,2,koclip_xgb
1759,travelgram_0070.png,0,4,2,koclip_xgb
1760,travelgram_0070.png,0,3,2,koclip_xgb
1761,travelgram_0070.png,0,4,2,koclip_xgb
1899,solotravel_0009.png,2,2,2,koclip_xgb
1900,solotravel_0009.png,4,4,2,koclip_xgb
1901,solotravel_0009.png,2,4,2,koclip_xgb
1902,solotravel_0009.png,3,2,2,koclip_xgb
1903,solotravel_0009.png,4,3,2,koclip_xgb
1935,solotravel_0025.png,4,4,2,koclip_xgb
1954,solotravel_0033.png,4,4,2,koclip_xgb
1955,solotravel_0033.png,1,3,2,koclip_xgb
1956,solotravel_0033.png,2,3,2,koclip_xgb
1957,solotravel_0033.png,3,2,2,koclip_xgb
1958,solotravel_0033.png,2,3,2,koclip_xgb
1964,solotravel_0037.png,4,4,2,koclip_xgb
1965,solotravel_0037.png,3,4,2,koclip_xgb
1966,solotravel_0037.png,1,3,2,koclip_xgb
1967,solotravel_0037.png,4,4,2,koclip_xgb
2004,solotravel_0043.png,4,4,2,koclip_xgb
2005,solotravel_0043.png,4,4,2,koclip_xgb
2006,solotravel_0043.png,4,4,2,koclip_xgb
2007,solotravel_0043.png,1,0,2,koclip_xgb
2008,solotravel_0043.png,4,4,2,koclip_xgb
2069,solotravel_0055.png,3,4,2,koclip_xgb
2070,solotravel_0055.png,3,4,2,koclip_xgb
2071,solotravel_0055.png,3,3,2,koclip_xgb
2072,solotravel_0055.png,2,4,2,koclip_xgb
2073,solotravel_0055.png,1,4,2,koclip_xgb
2074,solotravel_0057.png,1,1,2,koclip_xgb
2075,solotravel_0057.png,4,1,2,koclip_xgb
2111,solotravel_0065.png,3,4,2,koclip_xgb
2112,solotravel_0065.png,4,1,2,koclip_xgb
2113,solotravel_0065.png,3,3,2,koclip_xgb
2114,solotravel_0065.png,3,3,2,koclip_xgb
2115,solotravel_0065.png,4,1,2,koclip_xgb
2121,solotravel_0067.png,4,1,2,koclip_xgb
2122,solotravel_0067.png,4,4,2,koclip_xgb
2123,solotravel_0067.png,3,2,2,koclip_xgb
2124,solotravel_0067.png,3,2,2,koclip_xgb
2125,solotravel_0067.png,2,2,2,koclip_xgb
2184,solotravel_0079.png,4,4,2,koclip_xgb
2185,solotravel_0079.png,3,3,2,koclip_xgb
2186,solotravel_0079.png,3,3,2,koclip_xgb
2187,solotravel_0079.png,2,2,2,koclip_xgb
2188,solotravel_0079.png,2,1,2,koclip_xgb
2194,solotravel_0082.png,4,3,2,koclip_xgb
2195,solotravel_0082.png,3,4,2,koclip_xgb
2196,solotravel_0082.png,4,3,2,koclip_xgb
2197,solotravel_0082.png,0,4,2,koclip_xgb
2198,solotravel_0082.png,0,1,2,koclip_xgb
2285,travel_0012.png,4,1,2,koclip_xgb
2286,travel_0012.png,2,1,2,koclip_xgb
2287,travel_0012.png,3,1,2,koclip_xgb
2288,travel_0012.png,3,3,2,koclip_xgb
2289,travel_0012.png,3,1,2,koclip_xgb
2290,travel_0013.png,2,3,2,koclip_xgb
2291,travel_0013.png,3,3,2,koclip_xgb
2292,travel_0013.png,1,4,2,koclip_xgb
2293,travel_0013.png,4,4,2,koclip_xgb
2294,travel_0013.png,1,3,2,koclip_xgb
2295,travel_0013.png,2,2,2,koclip_xgb
2296,travel_0013.png,2,2,2,koclip_xgb
2297,travel_0013.png,0,4,2,koclip_xgb
2298,travel_0013.png,4,1,2,koclip_xgb
2299,travel_0013.png,0,1,2,koclip_xgb
2300,travel_0013.png,4,2,2,koclip_xgb
2301,travel_0013.png,0,0,2,koclip_xgb
2302,travel_0013.png,1,1,2,koclip_xgb
2303,travel_0013.png,0,0,2,koclip_xgb
2304,travel_0013.png,1,1,2,koclip_xgb
2305,travel_0013.png,3,3,2,koclip_xgb
2306,travel_0013.png,0,1,2,koclip_xgb
2307,travel_0013.png,4,3,2,koclip_xgb
2308,travel_0013.png,0,0,2,koclip_xgb
2309,travel_0013.png,4,4,2,koclip_xgb
2310,travel_0013.png,0,1,2,koclip_xgb
2311,travel_0013.png,3,3,2,koclip_xgb
2312,travel_0013.png,0,0,2,koclip_xgb
2313,travel_0013.png,0,4,2,koclip_xgb
2314,travel_0013.png,1,1,2,koclip_xgb
2315,travel_0013.png,4,4,2,koclip_xgb
2316,travel_0013.png,4,4,2,koclip_xgb
2317,travel_0013.png,3,3,2,koclip_xgb
2318,travel_0013.png,4,4,2,koclip_xgb
2319,travel_0013.png,0,1,2,koclip_xgb
2320,travel_0015.png,4,2,2,koclip_xgb
2321,travel_0018.png,1,1,2,koclip_xgb
2322,travel_0018.png,0,4,2,koclip_xgb
2323,travel_0018.png,0,4,2,koclip_xgb
2324,travel_0018.png,1,3,2,koclip_xgb
2325,travel_0018.png,0,1,2,koclip_xgb
2326,travel_0018.png,0,4,2,koclip_xgb
2331,travel_0020.png,4,3,2,koclip_xgb
2332,travel_0020.png,4,3,2,koclip_xgb
2333,travel_0020.png,3,2,2,koclip_xgb
2334,travel_0020.png,2,2,2,koclip_xgb
2350,travel_0023.png,3,3,2,koclip_xgb
2351,travel_0023.png,4,4,2,koclip_xgb
2352,travel_0023.png,4,3,2,koclip_xgb
2353,travel_0023.png,3,3,2,koclip_xgb
2381,travel_0036.png,0,4,2,koclip_xgb
2382,travel_0036.png,0,4,2,koclip_xgb
2383,travel_0036.png,0,4,2,koclip_xgb
2384,travel_0038.png,3,3,2,koclip_xgb
2385,travel_0038.png,4,1,2,koclip_xgb
2386,travel_0038.png,4,3,2,koclip_xgb
2387,travel_0038.png,2,0,2,koclip_xgb
2388,travel_0038.png,0,4,2,koclip_xgb
2392,travel_0044.png,3,4,2,koclip_xgb
2393,travel_0044.png,3,4,2,koclip_xgb
2394,travel_0044.png,4,3,2,koclip_xgb
2527,travel_0067.png,4,1,2,koclip_xgb
2528,travel_0067.png,4,3,2,koclip_xgb
2529,travel_0067.png,2,3,2,koclip_xgb
2530,travel_0067.png,4,0,2,koclip_xgb
2531,travel_0069.png,3,3,2,koclip_xgb
2532,travel_0069.png,4,4,2,koclip_xgb
2533,travel_0069.png,3,3,2,koclip_xgb
2534,travel_0069.png,4,4,2,koclip_xgb
2535,travel_0071.png,4,4,2,koclip_xgb
2536,travel_0071.png,4,3,2,koclip_xgb
2609,travel_0086.png,1,1,2,koclip_xgb
2610,travel_0086.png,1,2,2,koclip_xgb
2611,travel_0086.png,1,3,2,koclip_xgb
2625,travel_0092.png,0,4,2,koclip_xgb
2626,travel_0092.png,0,4,2,koclip_xgb
2627,travel_0092.png,4,2,2,koclip_xgb
2628,travel_0092.png,1,1,2,koclip_xgb
2629,travel_0092.png,1,4,2,koclip_xgb
2630,travel_0092.png,1,1,2,koclip_xgb
2631,travel_0092.png,0,4,2,koclip_xgb
2632,travel_0092.png,0,4,2,koclip_xgb
2633,travel_0092.png,1,1,2,koclip_xgb
2634,travel_0092.png,0,1,2,koclip_xgb
2647,travel_0097.png,4,3,2,koclip_xgb
2648,travel_0097.png,3,1,2,koclip_xgb
2649,travel_0097.png,2,2,2,koclip_xgb
2654,foodstagram_0005.png,1,1,2,koclip_xgb
2655,foodstagram_0005.png,0,1,2,koclip_xgb
2656,foodstagram_0005.png,3,3,2,koclip_xgb
2664,foodstagram_0011.png,0,4,2,koclip_xgb
2665,foodstagram_0011.png,4,4,2,koclip_xgb
2763,foodstagram_0021.png,4,3,2,koclip_xgb
2764,foodstagram_0021.png,3,3,2,koclip_xgb
2765,foodstagram_0021.png,2,3,2,koclip_xgb
2766,foodstagram_0021.png,4,3,2,koclip_xgb
2840,foodstagram_0037.png,4,4,2,koclip_xgb
2841,foodstagram_0037.png,2,3,2,koclip_xgb
2842,foodstagram_0039.png,4,4,2,koclip_xgb
2843,foodstagram_0039.png,4,4,2,koclip_xgb
2844,foodstagram_0039.png,4,4,2,koclip_xgb
2845,foodstagram_0039.png,4,4,2,koclip_xgb
2846,foodstagram_0039.png,4,4,2,koclip_xgb
2847,foodstagram_0039.png,4,4,2,koclip_xgb
2882,foodstagram_0054.png,3,3,2,koclip_xgb
2883,foodstagram_0055.png,4,4,2,koclip_xgb
2884,foodstagram_0055.png,4,4,2,koclip_xgb
2885,foodstagram_0055.png,3,4,2,koclip_xgb
2886,foodstagram_0055.png,3,2,2,koclip_xgb
2887,foodstagram_0055.png,3,1,2,koclip_xgb
2922,foodstagram_0059.png,3,3,2,koclip_xgb
2923,foodstagram_0059.png,4,3,2,koclip_xgb
2924,foodstagram_0059.png,4,4,2,koclip_xgb
2925,foodstagram_0059.png,3,2,2,koclip_xgb
2926,foodstagram_0059.png,3,2,2,koclip_xgb
2979,foodstagram_0067.png,1,2,2,koclip_xgb
2980,foodstagram_0067.png,1,2,2,koclip_xgb
2981,foodstagram_0067.png,2,2,2,koclip_xgb
2982,foodstagram_0067.png,2,2,2,koclip_xgb
2983,foodstagram_0067.png,2,2,2,koclip_xgb
2984,foodstagram_0067.png,1,0,2,koclip_xgb
2985,foodstagram_0067.png,3,4,2,koclip_xgb
2986,foodstagram_0067.png,3,3,2,koclip_xgb
2987,foodstagram_0067.png,1,1,2,koclip_xgb
2988,foodstagram_0067.png,1,0,2,koclip_xgb
2989,foodstagram_0067.png,0,0,2,koclip_xgb
2990,foodstagram_0067.png,1,0,2,koclip_xgb
2991,foodstagram_0067.png,1,0,2,koclip_xgb
2992,foodstagram_0067.png,0,0,2,koclip_xgb
2993,foodstagram_0067.png,3,1,2,koclip_xgb
2994,foodstagram_0067.png,2,3,2,koclip_xgb
2995,foodstagram_0067.png,3,3,2,koclip_xgb
2996,foodstagram_0067.png,1,1,2,koclip_xgb
2997,foodstagram_0067.png,3,3,2,koclip_xgb
3008,foodstagram_0073.png,4,4,2,koclip_xgb
3009,foodstagram_0073.png,4,4,2,koclip_xgb
3010,foodstagram_0073.png,4,4,2,koclip_xgb
3011,foodstagram_0073.png,4,4,2,koclip_xgb
3012,foodstagram_0073.png,4,4,2,koclip_xgb
3013,foodstagram_0073.png,3,4,2,koclip_xgb
3019,foodstagram_0075.png,4,4,2,koclip_xgb
3025,foodstagram_0079.png,4,4,2,koclip_xgb
3026,foodstagram_0079.png,1,1,2,koclip_xgb
3027,foodstagram_0079.png,3,3,2,koclip_xgb
3028,foodstagram_0079.png,1,0,2,koclip_xgb
3029,foodstagram_0079.png,1,1,2,koclip_xgb
3052,foodstagram_0091.png,4,4,2,koclip_xgb
3053,foodstagram_0091.png,4,4,2,koclip_xgb
3054,foodstagram_0091.png,3,3,2,koclip_xgb
3055,foodstagram_0091.png,3,3,2,koclip_xgb
3056,foodstagram_0091.png,3,3,2,koclip_xgb
3116,meokstagram_0004.png,2,3,2,koclip_xgb
3117,meokstagram_0004.png,0,1,2,koclip_xgb
3118,meokstagram_0004.png,3,3,2,koclip_xgb
3119,meokstagram_0004.png,1,1,2,koclip_xgb
3120,meokstagram_0004.png,1,1,2,koclip_xgb
3121,meokstagram_0004.png,1,0,2,koclip_xgb
3122,meokstagram_0004.png,0,0,2,koclip_xgb
3123,meokstagram_0004.png,0,4,2,koclip_xgb
3140,meokstagram_0009.png,4,1,2,koclip_xgb
3141,meokstagram_0009.png,4,4,2,koclip_xgb
3142,meokstagram_0009.png,3,4,2,koclip_xgb
3143,meokstagram_0009.png,0,4,2,koclip_xgb
3144,meokstagram_0009.png,3,4,2,koclip_xgb
3145,meokstagram_0009.png,4,4,2,koclip_xgb
3146,meokstagram_0009.png,3,4,2,koclip_xgb
3147,meokstagram_0009.png,4,4,2,koclip_xgb
3148,meokstagram_0009.png,1,1,2,koclip_xgb
3149,meokstagram_0009.png,1,4,2,koclip_xgb
3150,meokstagram_0009.png,2,4,2,koclip_xgb
3151,meokstagram_0009.png,4,4,2,koclip_xgb
3152,meokstagram_0009.png,3,4,2,koclip_xgb
3153,meokstagram_0009.png,1,4,2,koclip_xgb
3154,meokstagram_0009.png,1,4,2,koclip_xgb
3155,meokstagram_0009.png,2,4,2,koclip_xgb
3156,meokstagram_0009.png,2,4,2,koclip_xgb
3157,meokstagram_0009.png,3,4,2,koclip_xgb
3158,meokstagram_0009.png,3,4,2,koclip_xgb
3159,meokstagram_0009.png,0,1,2,koclip_xgb
3160,meokstagram_0009.png,1,3,2,koclip_xgb
3161,meokstagram_0009.png,1,3,2,koclip_xgb
3162,meokstagram_0009.png,1,1,2,koclip_xgb
3163,meokstagram_0009.png,2,3,2,koclip_xgb
3164,meokstagram_0009.png,1,3,2,koclip_xgb
3165,meokstagram_0009.png,0,0,2,koclip_xgb
3166,meokstagram_0009.png,0,1,2,koclip_xgb
3167,meokstagram_0009.png,0,0,2,koclip_xgb
3168,meokstagram_0009.png,0,0,2,koclip_xgb
3169,meokstagram_0009.png,0,1,2,koclip_xgb
3189,meokstagram_0014.png,2,2,2,koclip_xgb
3190,meokstagram_0014.png,3,3,2,koclip_xgb
3191,meokstagram_0014.png,3,3,2,koclip_xgb
3192,meokstagram_0014.png,2,3,2,koclip_xgb
3193,meokstagram_0014.png,1,1,2,koclip_xgb
3194,meokstagram_0014.png,1,3,2,koclip_xgb
3242,meokstagram_0025.png,1,2,2,koclip_xgb
3243,meokstagram_0025.png,3,3,2,koclip_xgb
3244,meokstagram_0025.png,2,4,2,koclip_xgb
3245,meokstagram_0025.png,3,3,2,koclip_xgb
3246,meokstagram_0025.png,1,2,2,koclip_xgb
3291,meokstagram_0036.png,4,4,2,koclip_xgb
3292,meokstagram_0036.png,4,4,2,koclip_xgb
3293,meokstagram_0036.png,2,2,2,koclip_xgb
3386,meokstagram_0051.png,0,4,2,koclip_xgb
3387,meokstagram_0051.png,3,4,2,koclip_xgb
3388,meokstagram_0051.png,0,4,2,koclip_xgb
3389,meokstagram_0051.png,0,4,2,koclip_xgb
3390,meokstagram_0051.png,1,4,2,koclip_xgb
3391,meokstagram_0052.png,4,4,2,koclip_xgb
3392,meokstagram_0052.png,4,4,2,koclip_xgb
3393,meokstagram_0052.png,4,4,2,koclip_xgb
3421,meokstagram_0056.png,0,3,2,koclip_xgb
3422,meokstagram_0056.png,0,4,2,koclip_xgb
3423,meokstagram_0056.png,0,3,2,koclip_xgb
3424,meokstagram_0056.png,1,3,2,koclip_xgb
3425,meokstagram_0056.png,0,4,2,koclip_xgb
3426,meokstagram_0057.png,3,4,2,koclip_xgb
3427,meokstagram_0057.png,4,3,2,koclip_xgb
3428,meokstagram_0057.png,2,2,2,koclip_xgb
3429,meokstagram_0057.png,3,3,2,koclip_xgb
3430,meokstagram_0057.png,3,3,2,koclip_xgb
3431,meokstagram_0057.png,2,2,2,koclip_xgb
3432,meokstagram_0057.png,2,2,2,koclip_xgb
3433,meokstagram_0057.png,3,1,2,koclip_xgb
3434,meokstagram_0057.png,4,3,2,koclip_xgb
3435,meokstagram_0057.png,3,4,2,koclip_xgb
3436,meokstagram_0057.png,1,3,2,koclip_xgb
3437,meokstagram_0057.png,2,2,2,koclip_xgb
3438,meokstagram_0057.png,3,2,2,koclip_xgb
3439,meokstagram_0057.png,4,4,2,koclip_xgb
3440,meokstagram_0057.png,2,2,2,koclip_xgb
3441,meokstagram_0057.png,3,2,2,koclip_xgb
3442,meokstagram_0058.png,4,4,2,koclip_xgb
3443,meokstagram_0059.png,3,4,2,koclip_xgb
3444,meokstagram_0059.png,0,0,2,koclip_xgb
3445,meokstagram_0059.png,0,4,2,koclip_xgb
3446,meokstagram_0059.png,3,3,2,koclip_xgb
3447,meokstagram_0059.png,4,3,2,koclip_xgb
3452,meokstagram_0061.png,2,4,2,koclip_xgb
3453,meokstagram_0061.png,1,1,2,koclip_xgb
3454,meokstagram_0061.png,3,4,2,koclip_xgb
3455,meokstagram_0061.png,4,4,2,koclip_xgb
3456,meokstagram_0061.png,4,4,2,koclip_xgb
3457,meokstagram_0061.png,2,4,2,koclip_xgb
3458,meokstagram_0061.png,2,4,2,koclip_xgb
3459,meokstagram_0061.png,1,1,2,koclip_xgb
3460,meokstagram_0061.png,1,4,2,koclip_xgb
3461,meokstagram_0061.png,1,4,2,koclip_xgb
3462,meokstagram_0061.png,1,3,2,koclip_xgb
3463,meokstagram_0061.png,3,4,2,koclip_xgb
3464,meokstagram_0061.png,3,3,2,koclip_xgb
3465,meokstagram_0061.png,4,4,2,koclip_xgb
3466,meokstagram_0061.png,1,1,2,koclip_xgb
3467,meokstagram_0061.png,1,0,2,koclip_xgb
3468,meokstagram_0061.png,1,1,2,koclip_xgb
3469,meokstagram_0061.png,1,1,2,koclip_xgb
3482,meokstagram_0069.png,4,4,2,koclip_xgb
3483,meokstagram_0069.png,4,4,2,koclip_xgb
3484,meokstagram_0069.png,3,3,2,koclip_xgb
3485,meokstagram_0069.png,1,4,2,koclip_xgb
3493,meokstagram_0071.png,4,1,2,koclip_xgb
3494,meokstagram_0071.png,4,4,2,koclip_xgb
3495,meokstagram_0071.png,4,4,2,koclip_xgb
3496,meokstagram_0071.png,4,4,2,koclip_xgb
3497,meokstagram_0071.png,1,4,2,koclip_xgb
3498,meokstagram_0071.png,0,4,2,koclip_xgb
3499,meokstagram_0071.png,4,4,2,koclip_xgb
3500,meokstagram_0071.png,1,4,2,koclip_xgb
3501,meokstagram_0071.png,3,4,2,koclip_xgb
3502,meokstagram_0071.png,2,3,2,koclip_xgb
3503,meokstagram_0071.png,2,1,2,koclip_xgb
3504,meokstagram_0071.png,1,3,2,koclip_xgb
3505,meokstagram_0071.png,0,3,2,koclip_xgb
3529,meokstagram_0073.png,4,4,2,koclip_xgb
3530,meokstagram_0073.png,1,1,2,koclip_xgb
3531,meokstagram_0073.png,1,4,2,koclip_xgb
3532,meokstagram_0073.png,4,4,2,koclip_xgb
3533,meokstagram_0073.png,4,4,2,koclip_xgb
3534,meokstagram_0073.png,4,4,2,koclip_xgb
3535,meokstagram_0073.png,4,3,2,koclip_xgb
3536,meokstagram_0073.png,3,4,2,koclip_xgb
3537,meokstagram_0073.png,4,4,2,koclip_xgb
3538,meokstagram_0073.png,4,4,2,koclip_xgb
3539,meokstagram_0073.png,3,3,2,koclip_xgb
3540,meokstagram_0073.png,3,4,2,koclip_xgb
3541,meokstagram_0073.png,3,3,2,koclip_xgb
3542,meokstagram_0073.png,4,4,2,koclip_xgb
3543,meokstagram_0073.png,3,3,2,koclip_xgb
3544,meokstagram_0073.png,2,4,2,koclip_xgb
3545,meokstagram_0073.png,0,4,2,koclip_xgb
3546,meokstagram_0073.png,2,3,2,koclip_xgb
3547,meokstagram_0073.png,2,2,2,koclip_xgb
3573,meokstagram_0084.png,4,4,2,koclip_xgb
3574,meokstagram_0084.png,4,4,2,koclip_xgb
3575,meokstagram_0084.png,4,4,2,koclip_xgb
3607,meokstagram_0095.png,4,4,2,koclip_xgb
3608,meokstagram_0095.png,1,4,2,koclip_xgb
3609,meokstagram_0095.png,1,1,2,koclip_xgb
3610,meokstagram_0095.png,3,4,2,koclip_xgb
3611,meokstagram_0095.png,3,3,2,koclip_xgb
3628,meokstagram_0100.png,1,1,2,koclip_xgb
3629,meokstagram_0100.png,1,1,2,koclip_xgb
3630,meokstagram_0100.png,1,4,2,koclip_xgb
3631,meokstagram_0100.png,1,1,2,koclip_xgb
3632,meokstagram_0100.png,2,2,2,koclip_xgb
3638,jmt_0003.png,0,1,2,koclip_xgb
3639,jmt_0003.png,3,4,2,koclip_xgb
3640,jmt_0003.png,2,3,2,koclip_xgb
3641,jmt_0003.png,0,4,2,koclip_xgb
3642,jmt_0003.png,4,4,2,koclip_xgb
3648,jmt_0006.png,3,4,2,koclip_xgb
3649,jmt_0006.png,1,1,2,koclip_xgb
3656,jmt_0009.png,4,4,2,koclip_xgb
3657,jmt_0009.png,4,2,2,koclip_xgb
3658,jmt_0011.png,3,4,2,koclip_xgb
3659,jmt_0011.png,4,4,2,koclip_xgb
3660,jmt_0011.png,2,2,2,koclip_xgb
3661,jmt_0011.png,1,3,2,koclip_xgb
3662,jmt_0011.png,1,3,2,koclip_xgb
3668,jmt_0013.png,4,2,2,koclip_xgb
3669,jmt_0013.png,2,2,2,koclip_xgb
3670,jmt_0013.png,4,4,2,koclip_xgb
3671,jmt_0013.png,3,4,2,koclip_xgb
3672,jmt_0013.png,4,4,2,koclip_xgb
3727,jmt_0034.png,1,1,2,koclip_xgb
3728,jmt_0034.png,4,4,2,koclip_xgb
3729,jmt_0034.png,4,4,2,koclip_xgb
3730,jmt_0034.png,4,3,2,koclip_xgb
3731,jmt_0034.png,3,2,2,koclip_xgb
3735,jmt_0037.png,4,4,2,koclip_xgb
3736,jmt_0037.png,4,4,2,koclip_xgb
3776,jmt_0048.png,1,2,2,koclip_xgb
3777,jmt_0048.png,0,4,2,koclip_xgb
3778,jmt_0048.png,1,4,2,koclip_xgb
3780,jmt_0051.png,4,3,2,koclip_xgb
3781,jmt_0051.png,1,4,2,koclip_xgb
3782,jmt_0053.png,4,4,2,koclip_xgb
3825,jmt_0069.png,4,4,2,koclip_xgb
3826,jmt_0069.png,4,4,2,koclip_xgb
3827,jmt_0069.png,3,3,2,koclip_xgb
3828,jmt_0069.png,4,3,2,koclip_xgb
3829,jmt_0069.png,3,3,2,koclip_xgb
3881,jmt_0079.png,4,4,2,koclip_xgb
3882,jmt_0079.png,4,2,2,koclip_xgb
3883,jmt_0079.png,4,4,2,koclip_xgb
3884,jmt_0079.png,3,4,2,koclip_xgb
3886,jmt_0081.png,3,3,2,koclip_xgb
3887,jmt_0081.png,2,4,2,koclip_xgb
3888,jmt_0081.png,4,4,2,koclip_xgb
3889,jmt_0081.png,4,4,2,koclip_xgb
3890,jmt_0081.png,3,3,2,koclip_xgb
3906,jmt_0087.png,4,4,2,koclip_xgb
3907,jmt_0087.png,4,4,2,koclip_xgb
3908,jmt_0087.png,4,1,2,koclip_xgb
3909,jmt_0087.png,4,4,2,koclip_xgb
3910,jmt_0087.png,4,1,2,koclip_xgb
3936,jmt_0096.png,4,4,2,koclip_xgb
3937,jmt_0096.png,3,4,2,koclip_xgb
3938,jmt_0096.png,1,4,2,koclip_xgb
3939,jmt_0096.png,3,2,2,koclip_xgb
3940,jmt_0096.png,2,4,2,koclip_xgb
3946,jmt_0099.png,2,3,2,koclip_xgb
3947,jmt_0099.png,4,4,2,koclip_xgb
3948,jmt_0099.png,3,4,2,koclip_xgb
3949,jmt_0100.png,4,2,2,koclip_xgb
3950,jmt_0100.png,4,4,2,koclip_xgb
3951,jmt_0100.png,4,1,2,koclip_xgb
3952,jmt_0100.png,3,4,2,koclip_xgb
3953,jmt_0100.png,3,1,2,koclip_xgb
3954,jmt_0100.png,2,1,2,koclip_xgb
3955,jmt_0100.png,2,4,2,koclip_xgb
3956,jmt_0100.png,3,0,2,koclip_xgb
3957,jmt_0100.png,3,1,2,koclip_xgb
3958,jmt_0100.png,1,1,2,koclip_xgb
3959,jmt_0100.png,3,4,2,koclip_xgb
3960,makeup_0002.png,4,4,2,koclip_xgb
3979,makeup_0008.png,3,3,2,koclip_xgb
3980,makeup_0008.png,4,3,2,koclip_xgb
3981,makeup_0008.png,4,4,2,koclip_xgb
4000,makeup_0019.png,4,1,2,koclip_xgb
4001,makeup_0019.png,2,1,2,koclip_xgb
4002,makeup_0019.png,3,3,2,koclip_xgb
4003,makeup_0019.png,1,1,2,koclip_xgb
4004,makeup_0019.png,3,3,2,koclip_xgb
4051,makeup_0031.png,2,2,2,koclip_xgb
4052,makeup_0031.png,3,4,2,koclip_xgb
4053,makeup_0031.png,3,3,2,koclip_xgb
4054,makeup_0031.png,4,3,2,koclip_xgb
4055,makeup_0031.png,0,4,2,koclip_xgb
4056,makeup_0031.png,0,1,2,koclip_xgb
4057,makeup_0031.png,3,3,2,koclip_xgb
4058,makeup_0031.png,4,4,2,koclip_xgb
4059,makeup_0031.png,2,4,2,koclip_xgb
4060,makeup_0031.png,4,3,2,koclip_xgb
4061,makeup_0031.png,4,4,2,koclip_xgb
4062,makeup_0031.png,0,4,2,koclip_xgb
4076,makeup_0034.png,2,3,2,koclip_xgb
4077,makeup_0034.png,4,3,2,koclip_xgb
4078,makeup_0034.png,4,3,2,koclip_xgb
4079,makeup_0034.png,3,1,2,koclip_xgb
4096,makeup_0036.png,4,3,2,koclip_xgb
4097,makeup_0036.png,4,2,2,koclip_xgb
4098,makeup_0036.png,4,2,2,koclip_xgb
4099,makeup_0036.png,1,3,2,koclip_xgb
4100,makeup_0036.png,0,2,2,koclip_xgb
4101,makeup_0037.png,3,4,2,koclip_xgb
4102,makeup_0037.png,3,3,2,koclip_xgb
4103,makeup_0037.png,2,4,2,koclip_xgb
4141,makeup_0048.png,4,4,2,koclip_xgb
4142,makeup_0048.png,4,4,2,koclip_xgb
4143,makeup_0048.png,3,3,2,koclip_xgb
4144,makeup_0048.png,1,2,2,koclip_xgb
4145,makeup_0048.png,4,4,2,koclip_xgb
4146,makeup_0049.png,4,2,2,koclip_xgb
4147,makeup_0049.png,4,1,2,koclip_xgb
4148,makeup_0049.png,2,2,2,koclip_xgb
4149,makeup_0049.png,1,1,2,koclip_xgb
4150,makeup_0049.png,4,1,2,koclip_xgb
4151,makeup_0049.png,1,3,2,koclip_xgb
4152,makeup_0049.png,3,3,2,koclip_xgb
4153,makeup_0049.png,1,3,2,koclip_xgb
4154,makeup_0049.png,1,4,2,koclip_xgb
4155,makeup_0049.png,3,3,2,koclip_xgb
4156,makeup_0049.png,1,1,2,koclip_xgb
4157,makeup_0049.png,0,0,2,koclip_xgb
4255,makeup_0078.png,4,4,2,koclip_xgb
4256,makeup_0078.png,4,4,2,koclip_xgb
4257,makeup_0078.png,3,2,2,koclip_xgb
4258,makeup_0078.png,3,3,2,koclip_xgb
4259,makeup_0078.png,2,2,2,koclip_xgb
4321,makeup_0089.png,4,1,2,koclip_xgb
4322,makeup_0089.png,2,4,2,koclip_xgb
4323,makeup_0089.png,4,1,2,koclip_xgb
4324,makeup_0089.png,4,4,2,koclip_xgb
4325,makeup_0089.png,4,4,2,koclip_xgb
4326,makeup_0089.png,4,4,2,koclip_xgb
4339,makeup_0099.png,4,1,2,koclip_xgb
4340,makeup_0099.png,4,2,2,koclip_xgb
4349,dailymakeup_0003.png,4,4,2,koclip_xgb
4364,dailymakeup_0010.png,3,2,2,koclip_xgb
4365,dailymakeup_0010.png,3,3,2,koclip_xgb
4366,dailymakeup_0010.png,4,4,2,koclip_xgb
4367,dailymakeup_0010.png,3,3,2,koclip_xgb
4414,dailymakeup_0019.png,4,4,2,koclip_xgb
4415,dailymakeup_0019.png,3,3,2,koclip_xgb
4416,dailymakeup_0019.png,1,4,2,koclip_xgb
4417,dailymakeup_0019.png,1,4,2,koclip_xgb
4505,dailymakeup_0033.png,3,2,2,koclip_xgb
4506,dailymakeup_0033.png,4,4,2,koclip_xgb
4507,dailymakeup_0033.png,2,2,2,koclip_xgb
4508,dailymakeup_0033.png,2,1,2,koclip_xgb
4509,dailymakeup_0033.png,1,4,2,koclip_xgb
4510,dailymakeup_0033.png,1,4,2,koclip_xgb
4511,dailymakeup_0033.png,1,4,2,koclip_xgb
4512,dailymakeup_0033.png,3,3,2,koclip_xgb
4513,dailymakeup_0033.png,1,2,2,koclip_xgb
4514,dailymakeup_0033.png,1,3,2,koclip_xgb
4554,dailymakeup_0042.png,1,4,2,koclip_xgb
4555,dailymakeup_0042.png,2,3,2,koclip_xgb
4556,dailymakeup_0042.png,2,2,2,koclip_xgb
4557,dailymakeup_0042.png,4,3,2,koclip_xgb
4558,dailymakeup_0042.png,1,2,2,koclip_xgb
4559,dailymakeup_0042.png,1,2,2,koclip_xgb
4560,dailymakeup_0042.png,2,2,2,koclip_xgb
4561,dailymakeup_0042.png,1,1,2,koclip_xgb
4562,dailymakeup_0042.png,3,4,2,koclip_xgb
4563,dailymakeup_0042.png,4,4,2,koclip_xgb
4564,dailymakeup_0042.png,4,3,2,koclip_xgb
4565,dailymakeup_0042.png,2,2,2,koclip_xgb
4566,dailymakeup_0042.png,3,3,2,koclip_xgb
4567,dailymakeup_0042.png,1,3,2,koclip_xgb
4568,dailymakeup_0042.png,3,3,2,koclip_xgb
4569,dailymakeup_0042.png,4,3,2,koclip_xgb
4570,dailymakeup_0042.png,4,3,2,koclip_xgb
4575,dailymakeup_0045.png,4,3,2,koclip_xgb
4576,dailymakeup_0045.png,1,1,2,koclip_xgb
4577,dailymakeup_0045.png,1,1,2,koclip_xgb
4578,dailymakeup_0045.png,1,1,2,koclip_xgb
4579,dailymakeup_0045.png,1,1,2,koclip_xgb
4580,dailymakeup_0045.png,3,4,2,koclip_xgb
4581,dailymakeup_0045.png,2,3,2,koclip_xgb
4582,dailymakeup_0046.png,4,3,2,koclip_xgb
4583,dailymakeup_0046.png,4,3,2,koclip_xgb
4584,dailymakeup_0046.png,2,3,2,koclip_xgb
4655,dailymakeup_0058.png,4,1,2,koclip_xgb
4656,dailymakeup_0058.png,4,1,2,koclip_xgb
4657,dailymakeup_0058.png,4,1,2,koclip_xgb
4658,dailymakeup_0058.png,4,4,2,koclip_xgb
4659,dailymakeup_0058.png,4,3,2,koclip_xgb
4660,dailymakeup_0058.png,3,4,2,koclip_xgb
4664,dailymakeup_0060.png,4,3,2,koclip_xgb
4717,dailymakeup_0073.png,4,4,2,koclip_xgb
4722,dailymakeup_0075.png,1,1,2,koclip_xgb
4723,dailymakeup_0075.png,2,1,2,koclip_xgb
4724,dailymakeup_0075.png,3,1,2,koclip_xgb
4725,dailymakeup_0075.png,1,1,2,koclip_xgb
4726,dailymakeup_0075.png,0,1,2,koclip_xgb
4742,dailymakeup_0082.png,2,1,2,koclip_xgb
4743,dailymakeup_0082.png,3,3,2,koclip_xgb
4744,dailymakeup_0082.png,3,3,2,koclip_xgb
4745,dailymakeup_0082.png,4,4,2,koclip_xgb
4746,dailymakeup_0082.png,3,3,2,koclip_xgb
4748,dailymakeup_0084.png,2,2,2,koclip_xgb
4749,dailymakeup_0084.png,0,0,2,koclip_xgb
4750,dailymakeup_0084.png,2,2,2,koclip_xgb
4751,dailymakeup_0084.png,3,3,2,koclip_xgb
4752,dailymakeup_0084.png,2,4,2,koclip_xgb
4753,dailymakeup_0084.png,1,2,2,koclip_xgb
4754,dailymakeup_0084.png,1,1,2,koclip_xgb
4755,dailymakeup_0084.png,3,1,2,koclip_xgb
4756,dailymakeup_0084.png,3,3,2,koclip_xgb
4757,dailymakeup_0084.png,1,1,2,koclip_xgb
4781,dailymakeup_0091.png,3,1,2,koclip_xgb
4782,dailymakeup_0091.png,1,4,2,koclip_xgb
4783,dailymakeup_0091.png,2,1,2,koclip_xgb
4784,dailymakeup_0091.png,1,1,2,koclip_xgb
4793,dailymakeup_0096.png,3,2,2,koclip_xgb
4794,dailymakeup_0096.png,4,0,2,koclip_xgb
4795,dailymakeup_0096.png,3,4,2,koclip_xgb
4796,dailymakeup_0096.png,2,3,2,koclip_xgb
4797,dailymakeup_0096.png,3,3,2,koclip_xgb
4821,kkuankku_0003.png,3,3,2,koclip_xgb
4822,kkuankku_0003.png,3,4,2,koclip_xgb
4823,kkuankku_0003.png,3,2,2,koclip_xgb
4824,kkuankku_0003.png,4,4,2,koclip_xgb
4825,kkuankku_0003.png,2,3,2,koclip_xgb
4942,kkuankku_0034.png,4,3,2,koclip_xgb
4943,kkuankku_0034.png,2,1,2,koclip_xgb
4944,kkuankku_0034.png,4,1,2,koclip_xgb
4945,kkuankku_0034.png,3,1,2,koclip_xgb
4946,kkuankku_0034.png,3,3,2,koclip_xgb
4992,kkuankku_0052.png,4,1,2,koclip_xgb
4993,kkuankku_0052.png,4,3,2,koclip_xgb
4994,kkuankku_0052.png,3,1,2,koclip_xgb
4995,kkuankku_0052.png,4,3,2,koclip_xgb
5065,kkuankku_0069.png,4,3,2,koclip_xgb
5066,kkuankku_0069.png,3,1,2,koclip_xgb
5067,kkuankku_0069.png,3,3,2,koclip_xgb
5068,kkuankku_0069.png,1,1,2,koclip_xgb
5070,kkuankku_0072.png,2,2,2,koclip_xgb
5071,kkuankku_0072.png,3,3,2,koclip_xgb
5072,kkuankku_0072.png,3,3,2,koclip_xgb
5073,kkuankku_0072.png,2,4,2,koclip_xgb
5074,kkuankku_0072.png,2,3,2,koclip_xgb
5075,kkuankku_0072.png,4,4,2,koclip_xgb
5076,kkuankku_0072.png,4,4,2,koclip_xgb
5077,kkuankku_0072.png,3,1,2,koclip_xgb
5078,kkuankku_0072.png,3,3,2,koclip_xgb
5079,kkuankku_0072.png,3,4,2,koclip_xgb
5083,kkuankku_0079.png,4,3,2,koclip_xgb
5084,kkuankku_0079.png,4,4,2,koclip_xgb
5085,kkuankku_0079.png,4,3,2,koclip_xgb
5086,kkuankku_0079.png,4,4,2,koclip_xgb
5087,kkuankku_0079.png,2,3,2,koclip_xgb
5088,kkuankku_0079.png,3,3,2,koclip_xgb
5089,kkuankku_0079.png,1,4,2,koclip_xgb
5105,kkuankku_0089.png,4,3,2,koclip_xgb
5106,kkuankku_0089.png,4,3,2,koclip_xgb
5107,kkuankku_0089.png,4,3,2,koclip_xgb
5108,kkuankku_0089.png,3,3,2,koclip_xgb
5109,kkuankku_0089.png,3,3,2,koclip_xgb
5115,kkuankku_0097.png,2,4,2,koclip_xgb
5116,kkuankku_0097.png,1,3,2,koclip_xgb
5117,kkuankku_0097.png,4,4,2,koclip_xgb
5118,kkuankku_0097.png,4,4,2,koclip_xgb
5119,kkuankku_0097.png,4,4,2,koclip_xgb
5120,kkuankku_0097.png,4,4,2,koclip_xgb
5121,kkuankku_0097.png,3,3,2,koclip_xgb
5122,kkuankku_0097.png,3,1,2,koclip_xgb
5123,kkuankku_0097.png,1,3,2,koclip_xgb
5124,kkuankku_0097.png,1,4,2,koclip_xgb
5125,kkuankku_0097.png,1,4,2,koclip_xgb
5126,kkuankku_0097.png,3,3,2,koclip_xgb
5127,kkuankku_0097.png,4,3,2,koclip_xgb
5128,kkuankku_0097.png,2,2,2,koclip_xgb
5129,kkuankku_0097.png,2,3,2,koclip_xgb
5130,kkuankku_0097.png,3,3,2,koclip_xgb
5131,kkuankku_0097.png,1,3,2,koclip_xgb
5132,kkuankku_0097.png,4,4,2,koclip_xgb
5133,kkuankku_0097.png,4,4,2,koclip_xgb
5134,kkuankku_0097.png,3,3,2,koclip_xgb
5135,kkuankku_0097.png,3,3,2,koclip_xgb
5152,kkuankku_0099.png,4,4,2,koclip_xgb
5153,kkuankku_0099.png,3,3,2,koclip_xgb
5154,kkuankku_0099.png,3,3,2,koclip_xgb
5155,kkuankku_0099.png,3,3,2,koclip_xgb
5156,kkuankku_0099.png,4,3,2,koclip_xgb
5157,kkuankku_0099.png,3,3,2,koclip_xgb
5158,kkuankku_0099.png,3,3,2,koclip_xgb
5159,kkuankku_0099.png,4,3,2,koclip_xgb
5160,kkuankku_0099.png,3,3,2,koclip_xgb
5161,kkuankku_0099.png,4,3,2,koclip_xgb
5162,kkuankku_0099.png,4,3,2,koclip_xgb
5163,kkuankku_0099.png,2,1,2,koclip_xgb
5164,kkuankku_0099.png,1,1,2,koclip_xgb
5165,kkuankku_0099.png,2,1,2,koclip_xgb
5166,kkuankku_0099.png,1,1,2,koclip_xgb
5167,kkuankku_0099.png,0,1,2,koclip_xgb
5168,kkuankku_0099.png,4,3,2,koclip_xgb
5169,kkuankku_0099.png,4,3,2,koclip_xgb
5170,kkuankku_0099.png,4,4,2,koclip_xgb
5171,kkuankku_0099.png,4,4,2,koclip_xgb
5172,kkuankku_0099.png,4,4,2,koclip_xgb
5173,kkuankku_0099.png,4,3,2,koclip_xgb
5174,kkuankku_0099.png,3,3,2,koclip_xgb
5175,kkuankku_0099.png,3,1,2,koclip_xgb
5176,kkuankku_0099.png,2,2,2,koclip_xgb
5177,kkuankku_0099.png,3,3,2,koclip_xgb
5208,dailylook_0005.png,2,3,2,koclip_xgb
5209,dailylook_0005.png,1,1,2,koclip_xgb
5210,dailylook_0005.png,4,3,2,koclip_xgb
5211,dailylook_0005.png,1,3,2,koclip_xgb
5212,dailylook_0005.png,4,3,2,koclip_xgb
5213,dailylook_0005.png,3,3,2,koclip_xgb
5214,dailylook_0005.png,1,4,2,koclip_xgb
5215,dailylook_0005.png,2,4,2,koclip_xgb
5216,dailylook_0005.png,0,1,2,koclip_xgb
5217,dailylook_0005.png,1,1,2,koclip_xgb
5218,dailylook_0005.png,1,3,2,koclip_xgb
5219,dailylook_0005.png,2,1,2,koclip_xgb
5220,dailylook_0005.png,2,4,2,koclip_xgb
5221,dailylook_0005.png,1,1,2,koclip_xgb
5222,dailylook_0008.png,3,3,2,koclip_xgb
5223,dailylook_0008.png,4,4,2,koclip_xgb
5224,dailylook_0008.png,4,4,2,koclip_xgb
5225,dailylook_0008.png,3,3,2,koclip_xgb
5254,dailylook_0011.png,1,1,2,koclip_xgb
5255,dailylook_0011.png,2,1,2,koclip_xgb
5256,dailylook_0011.png,3,2,2,koclip_xgb
5257,dailylook_0011.png,3,2,2,koclip_xgb
5258,dailylook_0011.png,1,4,2,koclip_xgb
5259,dailylook_0012.png,4,1,2,koclip_xgb
5260,dailylook_0012.png,3,3,2,koclip_xgb
5261,dailylook_0012.png,3,3,2,koclip_xgb
5262,dailylook_0012.png,3,2,2,koclip_xgb
5263,dailylook_0012.png,3,3,2,koclip_xgb
5274,dailylook_0017.png,3,3,2,koclip_xgb
5275,dailylook_0017.png,3,3,2,koclip_xgb
5276,dailylook_0017.png,3,3,2,koclip_xgb
5277,dailylook_0017.png,1,3,2,koclip_xgb
5289,dailylook_0020.png,4,4,2,koclip_xgb
5290,dailylook_0020.png,4,2,2,koclip_xgb
5291,dailylook_0020.png,1,4,2,koclip_xgb
5292,dailylook_0020.png,1,1,2,koclip_xgb
5293,dailylook_0020.png,0,4,2,koclip_xgb
5294,dailylook_0020.png,0,4,2,koclip_xgb
5295,dailylook_0020.png,0,4,2,koclip_xgb
5296,dailylook_0020.png,1,3,2,koclip_xgb
5311,dailylook_0026.png,3,3,2,koclip_xgb
5312,dailylook_0026.png,3,3,2,koclip_xgb
5313,dailylook_0026.png,2,3,2,koclip_xgb
5314,dailylook_0026.png,3,3,2,koclip_xgb
5315,dailylook_0026.png,4,3,2,koclip_xgb
5316,dailylook_0026.png,3,3,2,koclip_xgb
5328,dailylook_0038.png,4,3,2,koclip_xgb
5329,dailylook_0038.png,2,3,2,koclip_xgb
5330,dailylook_0038.png,3,3,2,koclip_xgb
5331,dailylook_0038.png,4,3,2,koclip_xgb
5332,dailylook_0038.png,4,3,2,koclip_xgb
5333,dailylook_0038.png,3,3,2,koclip_xgb
5362,dailylook_0046.png,3,3,2,koclip_xgb
5363,dailylook_0046.png,3,3,2,koclip_xgb
5364,dailylook_0046.png,4,3,2,koclip_xgb
5365,dailylook_0046.png,3,1,2,koclip_xgb
5366,dailylook_0046.png,2,2,2,koclip_xgb
5367,dailylook_0048.png,4,4,2,koclip_xgb
5368,dailylook_0048.png,3,3,2,koclip_xgb
5369,dailylook_0048.png,4,3,2,koclip_xgb
5370,dailylook_0048.png,2,4,2,koclip_xgb
5371,dailylook_0048.png,4,3,2,koclip_xgb
5372,dailylook_0048.png,1,4,2,koclip_xgb
5373,dailylook_0048.png,1,4,2,koclip_xgb
5374,dailylook_0048.png,1,4,2,koclip_xgb
5401,dailylook_0054.png,1,4,2,koclip_xgb
5402,dailylook_0054.png,2,3,2,koclip_xgb
5403,dailylook_0054.png,3,4,2,koclip_xgb
5404,dailylook_0054.png,4,4,2,koclip_xgb
5405,dailylook_0054.png,2,4,2,koclip_xgb
5431,dailylook_0061.png,1,0,2,koclip_xgb
5432,dailylook_0062.png,4,1,2,koclip_xgb
5433,dailylook_0062.png,3,2,2,koclip_xgb
5434,dailylook_0062.png,4,3,2,koclip_xgb
5435,dailylook_0062.png,3,3,2,koclip_xgb
5436,dailylook_0062.png,3,3,2,koclip_xgb
5459,dailylook_0071.png,1,1,2,koclip_xgb
5460,dailylook_0071.png,3,3,2,koclip_xgb
5461,dailylook_0071.png,2,3,2,koclip_xgb
5462,dailylook_0071.png,1,1,2,koclip_xgb
5463,dailylook_0071.png,0,1,2,koclip_xgb
5464,dailylook_0073.png,4,1,2,koclip_xgb
5465,dailylook_0073.png,2,3,2,koclip_xgb
5466,dailylook_0073.png,4,3,2,koclip_xgb
5467,dailylook_0073.png,4,3,2,koclip_xgb
5468,dailylook_0074.png,4,3,2,koclip_xgb
5469,dailylook_0074.png,4,4,2,koclip_xgb
5470,dailylook_0074.png,4,3,2,koclip_xgb
5471,dailylook_0074.png,3,3,2,koclip_xgb
5472,dailylook_0074.png,3,3,2,koclip_xgb
5473,dailylook_0074.png,2,2,2,koclip_xgb
5474,dailylook_0077.png,4,2,2,koclip_xgb
5475,dailylook_0077.png,4,3,2,koclip_xgb
5476,dailylook_0077.png,4,3,2,koclip_xgb
5477,dailylook_0077.png,4,3,2,koclip_xgb
5478,dailylook_0077.png,3,3,2,koclip_xgb
5494,dailylook_0083.png,3,2,2,koclip_xgb
5495,dailylook_0083.png,4,3,2,koclip_xgb
5496,dailylook_0083.png,4,2,2,koclip_xgb
5497,dailylook_0083.png,4,3,2,koclip_xgb
5498,dailylook_0083.png,0,4,2,koclip_xgb
5499,dailylook_0087.png,3,3,2,koclip_xgb
5524,dailylook_0089.png,4,3,2,koclip_xgb
5525,dailylook_0089.png,0,3,2,koclip_xgb
5595,ootd_0005.png,4,2,2,koclip_xgb
5596,ootd_0005.png,4,3,2,koclip_xgb
5597,ootd_0005.png,3,3,2,koclip_xgb
5598,ootd_0005.png,3,3,2,koclip_xgb
5599,ootd_0005.png,3,3,2,koclip_xgb
5600,ootd_0005.png,4,4,2,koclip_xgb
5606,ootd_0008.png,3,3,2,koclip_xgb
5607,ootd_0008.png,3,3,2,koclip_xgb
5608,ootd_0008.png,3,3,2,koclip_xgb
5609,ootd_0008.png,2,2,2,koclip_xgb
5610,ootd_0008.png,3,4,2,koclip_xgb
5616,ootd_0014.png,4,1,2,koclip_xgb
5638,ootd_0017.png,1,1,2,koclip_xgb
5639,ootd_0017.png,0,1,2,koclip_xgb
5640,ootd_0017.png,1,1,2,koclip_xgb
5641,ootd_0017.png,2,2,2,koclip_xgb
5642,ootd_0017.png,2,2,2,koclip_xgb
5643,ootd_0017.png,3,4,2,koclip_xgb
5644,ootd_0017.png,3,3,2,koclip_xgb
5645,ootd_0017.png,2,2,2,koclip_xgb
5646,ootd_0017.png,1,0,2,koclip_xgb
5647,ootd_0017.png,3,2,2,koclip_xgb
5648,ootd_0017.png,3,2,2,koclip_xgb
5649,ootd_0017.png,0,0,2,koclip_xgb
5650,ootd_0017.png,0,0,2,koclip_xgb
5651,ootd_0017.png,3,3,2,koclip_xgb
5652,ootd_0017.png,0,1,2,koclip_xgb
5653,ootd_0017.png,0,0,2,koclip_xgb
5654,ootd_0017.png,3,3,2,koclip_xgb
5840,ootd_0083.png,4,3,2,koclip_xgb
5841,ootd_0083.png,3,3,2,koclip_xgb
5842,ootd_0083.png,4,3,2,koclip_xgb
5843,ootd_0083.png,4,3,2,koclip_xgb
5844,ootd_0083.png,3,3,2,koclip_xgb
5944,fashionista_0007.png,2,2,2,koclip_xgb
5945,fashionista_0007.png,3,4,2,koclip_xgb
5946,fashionista_0007.png,4,1,2,koclip_xgb
5947,fashionista_0008.png,1,3,2,koclip_xgb
5948,fashionista_0008.png,3,3,2,koclip_xgb
5949,fashionista_0008.png,3,2,2,koclip_xgb
5950,fashionista_0008.png,4,4,2,koclip_xgb
5951,fashionista_0008.png,2,3,2,koclip_xgb
5957,fashionista_0021.png,0,1,2,koclip_xgb
5958,fashionista_0021.png,1,1,2,koclip_xgb
5969,fashionista_0027.png,4,1,2,koclip_xgb
5970,fashionista_0027.png,4,1,2,koclip_xgb
5971,fashionista_0027.png,3,4,2,koclip_xgb
5972,fashionista_0027.png,4,3,2,koclip_xgb
5973,fashionista_0027.png,4,2,2,koclip_xgb
5974,fashionista_0027.png,3,3,2,koclip_xgb
5975,fashionista_0027.png,2,2,2,koclip_xgb
5976,fashionista_0027.png,3,3,2,koclip_xgb
5977,fashionista_0027.png,4,2,2,koclip_xgb
5978,fashionista_0027.png,4,3,2,koclip_xgb
5979,fashionista_0027.png,3,3,2,koclip_xgb
5980,fashionista_0027.png,3,2,2,koclip_xgb
5981,fashionista_0027.png,3,3,2,koclip_xgb
5982,fashionista_0027.png,4,3,2,koclip_xgb
5989,fashionista_0034.png,4,4,2,koclip_xgb
5990,fashionista_0034.png,4,1,2,koclip_xgb
5991,fashionista_0034.png,2,2,2,koclip_xgb
5992,fashionista_0034.png,1,3,2,koclip_xgb
6001,fashionista_0040.png,1,3,2,koclip_xgb
6002,fashionista_0040.png,2,2,2,koclip_xgb
6003,fashionista_0040.png,1,3,2,koclip_xgb
6004,fashionista_0040.png,2,3,2,koclip_xgb
6005,fashionista_0040.png,4,2,2,koclip_xgb
6006,fashionista_0041.png,3,4,2,koclip_xgb
6007,fashionista_0041.png,4,4,2,koclip_xgb
6008,fashionista_0042.png,1,1,2,koclip_xgb
6009,fashionista_0042.png,1,1,2,koclip_xgb
6010,fashionista_0042.png,3,3,2,koclip_xgb
6011,fashionista_0042.png,0,1,2,koclip_xgb
6012,fashionista_0042.png,2,1,2,koclip_xgb
6013,fashionista_0042.png,2,1,2,koclip_xgb
6014,fashionista_0042.png,1,1,2,koclip_xgb
6015,fashionista_0042.png,2,1,2,koclip_xgb
6016,fashionista_0042.png,2,2,2,koclip_xgb
6017,fashionista_0042.png,1,3,2,koclip_xgb
6018,fashionista_0042.png,0,1,2,koclip_xgb
6019,fashionista_0042.png,0,3,2,koclip_xgb
6020,fashionista_0042.png,3,3,2,koclip_xgb
6021,fashionista_0042.png,3,2,2,koclip_xgb
6022,fashionista_0042.png,2,2,2,koclip_xgb
6023,fashionista_0042.png,3,4,2,koclip_xgb
6024,fashionista_0042.png,2,2,2,koclip_xgb
6025,fashionista_0042.png,3,2,2,koclip_xgb
6026,fashionista_0042.png,3,3,2,koclip_xgb
6027,fashionista_0042.png,3,3,2,koclip_xgb
6028,fashionista_0042.png,2,3,2,koclip_xgb
6029,fashionista_0042.png,4,4,2,koclip_xgb
6030,fashionista_0042.png,3,3,2,koclip_xgb
6031,fashionista_0042.png,1,1,2,koclip_xgb
6032,fashionista_0042.png,0,1,2,koclip_xgb
6033,fashionista_0042.png,3,1,2,koclip_xgb
6034,fashionista_0042.png,3,3,2,koclip_xgb
6035,fashionista_0042.png,3,3,2,koclip_xgb
6036,fashionista_0042.png,2,3,2,koclip_xgb
6037,fashionista_0042.png,0,4,2,koclip_xgb
6038,fashionista_0044.png,1,1,2,koclip_xgb
6039,fashionista_0044.png,0,0,2,koclip_xgb
6040,fashionista_0044.png,3,2,2,koclip_xgb
6041,fashionista_0044.png,2,2,2,koclip_xgb
6042,fashionista_0044.png,2,2,2,koclip_xgb
6043,fashionista_0044.png,3,3,2,koclip_xgb
6044,fashionista_0044.png,4,1,2,koclip_xgb
6045,fashionista_0044.png,4,4,2,koclip_xgb
6046,fashionista_0044.png,4,4,2,koclip_xgb
6047,fashionista_0044.png,1,1,2,koclip_xgb
6048,fashionista_0044.png,3,3,2,koclip_xgb
6049,fashionista_0044.png,3,2,2,koclip_xgb
6050,fashionista_0044.png,2,2,2,koclip_xgb
6051,fashionista_0044.png,1,2,2,koclip_xgb
6052,fashionista_0044.png,0,0,2,koclip_xgb
6053,fashionista_0044.png,3,3,2,koclip_xgb
6054,fashionista_0044.png,2,2,2,koclip_xgb
6055,fashionista_0044.png,2,1,2,koclip_xgb
6056,fashionista_0044.png,3,2,2,koclip_xgb
6057,fashionista_0044.png,2,2,2,koclip_xgb
6058,fashionista_0044.png,3,3,2,koclip_xgb
6059,fashionista_0044.png,0,0,2,koclip_xgb
6060,fashionista_0044.png,2,2,2,koclip_xgb
6061,fashionista_0044.png,3,2,2,koclip_xgb
6062,fashionista_0044.png,1,1,2,koclip_xgb
6063,fashionista_0044.png,0,0,2,koclip_xgb
6064,fashionista_0044.png,1,2,2,koclip_xgb
6065,fashionista_0044.png,2,1,2,koclip_xgb
6066,fashionista_0044.png,2,2,2,koclip_xgb
6283,fashionista_0078.png,0,4,2,koclip_xgb
6284,fashionista_0078.png,3,4,2,koclip_xgb
6285,fashionista_0078.png,3,2,2,koclip_xgb
6286,fashionista_0078.png,3,2,2,koclip_xgb
6287,fashionista_0078.png,3,3,2,koclip_xgb
6288,fashionista_0078.png,3,3,2,koclip_xgb
6289,fashionista_0078.png,4,4,2,koclip_xgb
6463,neungsohwa_0005.png,4,4,2,koclip_xgb
6464,neungsohwa_0005.png,3,4,2,koclip_xgb
6465,neungsohwa_0005.png,1,4,2,koclip_xgb
6522,neungsohwa_0016.png,4,4,2,koclip_xgb
6523,neungsohwa_0016.png,1,1,2,koclip_xgb
6524,neungsohwa_0016.png,4,1,2,koclip_xgb
6525,neungsohwa_0016.png,4,4,2,koclip_xgb
6577,neungsohwa_0027.png,4,4,2,koclip_xgb
6578,neungsohwa_0027.png,0,0,2,koclip_xgb
6579,neungsohwa_0027.png,1,3,2,koclip_xgb
6581,neungsohwa_0029.png,4,4,2,koclip_xgb
6582,neungsohwa_0029.png,3,2,2,koclip_xgb
6583,neungsohwa_0029.png,4,4,2,koclip_xgb
6584,neungsohwa_0029.png,2,1,2,koclip_xgb
6585,neungsohwa_0029.png,0,3,2,koclip_xgb
6586,neungsohwa_0030.png,3,0,2,koclip_xgb
6587,neungsohwa_0030.png,4,4,2,koclip_xgb
6607,neungsohwa_0040.png,4,4,2,koclip_xgb
6608,neungsohwa_0040.png,2,2,2,koclip_xgb
6609,neungsohwa_0040.png,4,4,2,koclip_xgb
6610,neungsohwa_0040.png,1,4,2,koclip_xgb
6611,neungsohwa_0041.png,4,4,2,koclip_xgb
6612,neungsohwa_0041.png,4,4,2,koclip_xgb
6613,neungsohwa_0041.png,1,4,2,koclip_xgb
6614,neungsohwa_0041.png,4,4,2,koclip_xgb
6615,neungsohwa_0041.png,2,3,2,koclip_xgb
6620,neungsohwa_0044.png,1,4,2,koclip_xgb
6621,neungsohwa_0044.png,4,4,2,koclip_xgb
6622,neungsohwa_0044.png,1,4,2,koclip_xgb
6623,neungsohwa_0045.png,1,1,2,koclip_xgb
6624,neungsohwa_0045.png,3,1,2,koclip_xgb
6625,neungsohwa_0045.png,0,4,2,koclip_xgb
6626,neungsohwa_0045.png,4,4,2,koclip_xgb
6627,neungsohwa_0045.png,2,1,2,koclip_xgb
6638,neungsohwa_0049.png,3,4,2,koclip_xgb
6639,neungsohwa_0049.png,4,4,2,koclip_xgb
6640,neungsohwa_0049.png,4,4,2,koclip_xgb
6641,neungsohwa_0049.png,4,4,2,koclip_xgb
6642,neungsohwa_0049.png,3,4,2,koclip_xgb
6643,neungsohwa_0049.png,2,2,2,koclip_xgb
6644,neungsohwa_0049.png,3,2,2,koclip_xgb
6645,neungsohwa_0049.png,3,4,2,koclip_xgb
6646,neungsohwa_0049.png,3,3,2,koclip_xgb
6647,neungsohwa_0049.png,4,4,2,koclip_xgb
6648,neungsohwa_0049.png,1,0,2,koclip_xgb
6649,neungsohwa_0049.png,2,4,2,koclip_xgb
6650,neungsohwa_0049.png,2,4,2,koclip_xgb
6651,neungsohwa_0049.png,2,2,2,koclip_xgb
6652,neungsohwa_0049.png,2,0,2,koclip_xgb
6653,neungsohwa_0049.png,1,2,2,koclip_xgb
6654,neungsohwa_0049.png,0,4,2,koclip_xgb
6663,neungsohwa_0053.png,1,1,2,koclip_xgb
6664,neungsohwa_0053.png,2,3,2,koclip_xgb
6665,neungsohwa_0053.png,0,4,2,koclip_xgb
6666,neungsohwa_0053.png,0,4,2,koclip_xgb
6667,neungsohwa_0053.png,1,4,2,koclip_xgb
6668,neungsohwa_0053.png,0,4,2,koclip_xgb
6669,neungsohwa_0053.png,0,3,2,koclip_xgb
6670,neungsohwa_0053.png,0,4,2,koclip_xgb
6671,neungsohwa_0053.png,0,4,2,koclip_xgb
6672,neungsohwa_0053.png,3,4,2,koclip_xgb
6673,neungsohwa_0053.png,0,3,2,koclip_xgb
6674,neungsohwa_0053.png,0,4,2,koclip_xgb
6681,neungsohwa_0058.png,4,1,2,koclip_xgb
6682,neungsohwa_0058.png,4,1,2,koclip_xgb
6683,neungsohwa_0058.png,4,1,2,koclip_xgb
6684,neungsohwa_0058.png,4,4,2,koclip_xgb
6685,neungsohwa_0059.png,1,1,2,koclip_xgb
6686,neungsohwa_0059.png,4,4,2,koclip_xgb
6687,neungsohwa_0059.png,2,2,2,koclip_xgb
6688,neungsohwa_0059.png,3,4,2,koclip_xgb
6689,neungsohwa_0059.png,1,1,2,koclip_xgb
6690,neungsohwa_0059.png,1,0,2,koclip_xgb
6691,neungsohwa_0060.png,4,4,2,koclip_xgb
6698,neungsohwa_0065.png,4,4,2,koclip_xgb
6699,neungsohwa_0065.png,4,4,2,koclip_xgb
6700,neungsohwa_0065.png,4,2,2,koclip_xgb
6701,neungsohwa_0065.png,1,2,2,koclip_xgb
6702,neungsohwa_0065.png,1,1,2,koclip_xgb
6721,neungsohwa_0076.png,3,0,2,koclip_xgb
6722,neungsohwa_0076.png,3,4,2,koclip_xgb
6723,neungsohwa_0076.png,4,4,2,koclip_xgb
6724,neungsohwa_0076.png,2,2,2,koclip_xgb
6725,neungsohwa_0076.png,1,4,2,koclip_xgb
6739,neungsohwa_0082.png,2,3,2,koclip_xgb
6740,neungsohwa_0082.png,4,4,2,koclip_xgb
6741,neungsohwa_0082.png,3,1,2,koclip_xgb
6759,neungsohwa_0087.png,1,4,2,koclip_xgb
6760,neungsohwa_0087.png,4,4,2,koclip_xgb
6761,neungsohwa_0087.png,3,4,2,koclip_xgb
6762,neungsohwa_0087.png,2,2,2,koclip_xgb
6763,neungsohwa_0087.png,1,1,2,koclip_xgb
6794,neungsohwa_0098.png,2,4,2,koclip_xgb
6795,neungsohwa_0098.png,1,4,2,koclip_xgb
6796,neungsohwa_0098.png,0,1,2,koclip_xgb
6797,neungsohwa_0098.png,1,4,2,koclip_xgb
6817,danpung_0001.png,4,4,2,koclip_xgb
6818,danpung_0001.png,3,3,2,koclip_xgb
6819,danpung_0001.png,3,3,2,koclip_xgb
6820,danpung_0001.png,3,3,2,koclip_xgb
6821,danpung_0001.png,1,3,2,koclip_xgb
6822,danpung_0001.png,3,0,2,koclip_xgb
6823,danpung_0001.png,4,3,2,koclip_xgb
6824,danpung_0001.png,2,0,2,koclip_xgb
6825,danpung_0001.png,1,0,2,koclip_xgb
6826,danpung_0001.png,3,1,2,koclip_xgb
6827,danpung_0001.png,1,0,2,koclip_xgb
6828,danpung_0001.png,0,0,2,koclip_xgb
6829,danpung_0001.png,2,0,2,koclip_xgb
6830,danpung_0001.png,2,4,2,koclip_xgb
6831,danpung_0001.png,1,1,2,koclip_xgb
6832,danpung_0001.png,1,2,2,koclip_xgb
6833,danpung_0001.png,0,1,2,koclip_xgb
6834,danpung_0003.png,4,4,2,koclip_xgb
6835,danpung_0003.png,3,0,2,koclip_xgb
6836,danpung_0003.png,1,0,2,koclip_xgb
6837,danpung_0003.png,3,3,2,koclip_xgb
6838,danpung_0003.png,4,4,2,koclip_xgb
6880,danpung_0015.png,4,4,2,koclip_xgb
6881,danpung_0015.png,4,4,2,koclip_xgb
6882,danpung_0015.png,4,3,2,koclip_xgb
6883,danpung_0015.png,3,3,2,koclip_xgb
6893,danpung_0017.png,1,1,2,koclip_xgb
6894,danpung_0017.png,2,1,2,koclip_xgb
6895,danpung_0017.png,4,4,2,koclip_xgb
6896,danpung_0018.png,3,4,2,koclip_xgb
6897,danpung_0018.png,1,0,2,koclip_xgb
6898,danpung_0018.png,1,0,2,koclip_xgb
6899,danpung_0018.png,4,4,2,koclip_xgb
6900,danpung_0018.png,3,3,2,koclip_xgb
6901,danpung_0018.png,4,3,2,koclip_xgb
6902,danpung_0018.png,2,3,2,koclip_xgb
6903,danpung_0018.png,4,1,2,koclip_xgb
6904,danpung_0018.png,2,2,2,koclip_xgb
6905,danpung_0018.png,2,2,2,koclip_xgb
6906,danpung_0018.png,4,3,2,koclip_xgb
6907,danpung_0018.png,4,4,2,koclip_xgb
6908,danpung_0018.png,3,4,2,koclip_xgb
6909,danpung_0018.png,2,4,2,koclip_xgb
6946,danpung_0030.png,4,1,2,koclip_xgb
6947,danpung_0030.png,4,3,2,koclip_xgb
6948,danpung_0030.png,4,4,2,koclip_xgb
6949,danpung_0030.png,3,1,2,koclip_xgb
6950,danpung_0030.png,3,4,2,koclip_xgb
6951,danpung_0030.png,4,4,2,koclip_xgb
6952,danpung_0030.png,4,4,2,koclip_xgb
6953,danpung_0030.png,2,4,2,koclip_xgb
6954,danpung_0030.png,3,2,2,koclip_xgb
6955,danpung_0030.png,2,1,2,koclip_xgb
6956,danpung_0030.png,1,4,2,koclip_xgb
6957,danpung_0030.png,3,4,2,koclip_xgb
6958,danpung_0030.png,4,4,2,koclip_xgb
6959,danpung_0030.png,3,3,2,koclip_xgb
6960,danpung_0030.png,3,4,2,koclip_xgb
6961,danpung_0030.png,4,4,2,koclip_xgb
6962,danpung_0030.png,3,1,2,koclip_xgb
6963,danpung_0030.png,2,2,2,koclip_xgb
6964,danpung_0030.png,2,3,2,koclip_xgb
6965,danpung_0030.png,0,0,2,koclip_xgb
6992,danpung_0037.png,4,4,2,koclip_xgb
6993,danpung_0037.png,3,1,2,koclip_xgb
6994,danpung_0037.png,1,1,2,koclip_xgb
6995,danpung_0037.png,1,1,2,koclip_xgb
6996,danpung_0037.png,1,4,2,koclip_xgb
6997,danpung_0037.png,0,1,2,koclip_xgb
6998,danpung_0037.png,1,4,2,koclip_xgb
6999,danpung_0037.png,3,4,2,koclip_xgb
7000,danpung_0037.png,0,1,2,koclip_xgb
7001,danpung_0037.png,3,2,2,koclip_xgb
7002,danpung_0037.png,4,4,2,koclip_xgb
7003,danpung_0037.png,2,2,2,koclip_xgb
7004,danpung_0037.png,3,2,2,koclip_xgb
7005,danpung_0037.png,4,2,2,koclip_xgb
7006,danpung_0037.png,4,2,2,koclip_xgb
7007,danpung_0037.png,4,3,2,koclip_xgb
7008,danpung_0037.png,4,3,2,koclip_xgb
7009,danpung_0037.png,4,3,2,koclip_xgb
7010,danpung_0037.png,4,3,2,koclip_xgb
7011,danpung_0037.png,4,3,2,koclip_xgb
7012,danpung_0037.png,4,3,2,koclip_xgb
7013,danpung_0037.png,4,3,2,koclip_xgb
7014,danpung_0037.png,1,4,2,koclip_xgb
7015,danpung_0037.png,3,3,2,koclip_xgb
7016,danpung_0037.png,3,3,2,koclip_xgb
7017,danpung_0039.png,4,3,2,koclip_xgb
7018,danpung_0039.png,4,4,2,koclip_xgb
7019,danpung_0039.png,3,1,2,koclip_xgb
7020,danpung_0039.png,3,3,2,koclip_xgb
7051,danpung_0044.png,1,3,2,koclip_xgb
7052,danpung_0044.png,0,4,2,koclip_xgb
7053,danpung_0044.png,1,3,2,koclip_xgb
7061,danpung_0047.png,0,3,2,koclip_xgb
7145,danpung_0068.png,2,2,2,koclip_xgb
7146,danpung_0068.png,4,4,2,koclip_xgb
7147,danpung_0068.png,2,4,2,koclip_xgb
7148,danpung_0068.png,2,4,2,koclip_xgb
7149,danpung_0068.png,3,4,2,koclip_xgb
7150,danpung_0068.png,3,4,2,koclip_xgb
7151,danpung_0068.png,2,4,2,koclip_xgb
7152,danpung_0068.png,4,1,2,koclip_xgb
7153,danpung_0068.png,3,3,2,koclip_xgb
7154,danpung_0068.png,4,4,2,koclip_xgb
7155,danpung_0068.png,2,3,2,koclip_xgb
7156,danpung_0068.png,3,3,2,koclip_xgb
7157,danpung_0068.png,2,4,2,koclip_xgb
7158,danpung_0068.png,3,2,2,koclip_xgb
7159,danpung_0068.png,4,2,2,koclip_xgb
7160,danpung_0068.png,1,1,2,koclip_xgb
7161,danpung_0068.png,1,4,2,koclip_xgb
7162,danpung_0068.png,4,4,2,koclip_xgb
7163,danpung_0068.png,2,2,2,koclip_xgb
7164,danpung_0068.png,2,4,2,koclip_xgb
7165,danpung_0068.png,3,2,2,koclip_xgb
7166,danpung_0068.png,3,4,2,koclip_xgb
7167,danpung_0068.png,3,4,2,koclip_xgb
7168,danpung_0068.png,2,4,2,koclip_xgb
7169,danpung_0068.png,3,3,2,koclip_xgb
7170,danpung_0068.png,0,3,2,koclip_xgb
7171,danpung_0068.png,1,1,2,koclip_xgb
7172,danpung_0069.png,0,1,2,koclip_xgb
7173,danpung_0069.png,3,4,2,koclip_xgb
7174,danpung_0069.png,0,4,2,koclip_xgb
7175,danpung_0069.png,4,4,2,koclip_xgb
7176,danpung_0069.png,2,3,2,koclip_xgb
7177,danpung_0069.png,4,4,2,koclip_xgb
7178,danpung_0069.png,2,3,2,koclip_xgb
7179,danpung_0069.png,3,3,2,koclip_xgb
7180,danpung_0069.png,0,4,2,koclip_xgb
7181,danpung_0069.png,4,4,2,koclip_xgb
7182,danpung_0069.png,0,4,2,koclip_xgb
7183,danpung_0069.png,0,4,2,koclip_xgb
7184,danpung_0069.png,0,4,2,koclip_xgb
7185,danpung_0069.png,4,4,2,koclip_xgb
7186,danpung_0069.png,4,4,2,koclip_xgb
7187,danpung_0069.png,1,3,2,koclip_xgb
7188,danpung_0069.png,3,3,2,koclip_xgb
7189,danpung_0069.png,2,3,2,koclip_xgb
7190,danpung_0069.png,3,4,2,koclip_xgb
7191,danpung_0069.png,2,4,2,koclip_xgb
7192,danpung_0069.png,4,4,2,koclip_xgb
7248,danpung_0086.png,1,2,2,koclip_xgb
7249,danpung_0086.png,1,3,2,koclip_xgb
7250,danpung_0086.png,1,3,2,koclip_xgb
7251,danpung_0086.png,1,4,2,koclip_xgb
7252,danpung_0086.png,1,3,2,koclip_xgb
7275,danpung_0098.png,4,4,2,koclip_xgb
7276,danpung_0098.png,2,1,2,koclip_xgb
7277,danpung_0098.png,4,0,2,koclip_xgb
7278,danpung_0098.png,4,4,2,koclip_xgb
7279,danpung_0098.png,4,2,2,koclip_xgb
7280,danpung_0098.png,4,0,2,koclip_xgb
7281,danpung_0098.png,4,4,2,koclip_xgb
7282,danpung_0098.png,4,4,2,koclip_xgb
7283,danpung_0098.png,2,3,2,koclip_xgb
7284,danpung_0098.png,1,1,2,koclip_xgb
7285,danpung_0098.png,4,1,2,koclip_xgb
7286,danpung_0098.png,1,0,2,koclip_xgb
7287,danpung_0098.png,2,4,2,koclip_xgb
7288,danpung_0098.png,4,4,2,koclip_xgb
7289,danpung_0098.png,1,1,2,koclip_xgb
7290,danpung_0098.png,3,4,2,koclip_xgb
7291,danpung_0098.png,3,4,2,koclip_xgb
7292,danpung_0098.png,4,4,2,koclip_xgb
7293,danpung_0098.png,2,1,2,koclip_xgb
7297,cherryblossom_0006.png,4,4,2,koclip_xgb
7298,cherryblossom_0006.png,3,3,2,koclip_xgb
7299,cherryblossom_0006.png,4,4,2,koclip_xgb
7307,cherryblossom_0014.png,3,4,2,koclip_xgb
7308,cherryblossom_0014.png,4,4,2,koclip_xgb
7309,cherryblossom_0015.png,3,0,2,koclip_xgb
7310,cherryblossom_0015.png,3,1,2,koclip_xgb
7311,cherryblossom_0015.png,4,4,2,koclip_xgb
7312,cherryblossom_0015.png,2,4,2,koclip_xgb
7313,cherryblossom_0015.png,3,3,2,koclip_xgb
7326,cherryblossom_0024.png,4,3,2,koclip_xgb
7327,cherryblossom_0024.png,4,4,2,koclip_xgb
7328,cherryblossom_0024.png,1,0,2,koclip_xgb
7329,cherryblossom_0024.png,0,0,2,koclip_xgb
7330,cherryblossom_0024.png,2,3,2,koclip_xgb
7351,cherryblossom_0026.png,0,4,2,koclip_xgb
7352,cherryblossom_0026.png,1,4,2,koclip_xgb
7353,cherryblossom_0026.png,0,4,2,koclip_xgb
7374,cherryblossom_0033.png,4,4,2,koclip_xgb
7375,cherryblossom_0033.png,4,4,2,koclip_xgb
7376,cherryblossom_0033.png,1,1,2,koclip_xgb
7377,cherryblossom_0033.png,0,1,2,koclip_xgb
7378,cherryblossom_0033.png,0,4,2,koclip_xgb
7379,cherryblossom_0033.png,0,4,2,koclip_xgb
7380,cherryblossom_0033.png,0,1,2,koclip_xgb
7381,cherryblossom_0033.png,3,3,2,koclip_xgb
7382,cherryblossom_0033.png,3,3,2,koclip_xgb
7383,cherryblossom_0033.png,4,4,2,koclip_xgb
7384,cherryblossom_0033.png,3,3,2,koclip_xgb
7385,cherryblossom_0033.png,2,3,2,koclip_xgb
7386,cherryblossom_0033.png,3,2,2,koclip_xgb
7387,cherryblossom_0033.png,2,2,2,koclip_xgb
7388,cherryblossom_0033.png,3,4,2,koclip_xgb
7389,cherryblossom_0033.png,3,3,2,koclip_xgb
7390,cherryblossom_0033.png,2,2,2,koclip_xgb
7391,cherryblossom_0033.png,4,3,2,koclip_xgb
7392,cherryblossom_0033.png,1,1,2,koclip_xgb
7393,cherryblossom_0033.png,4,4,2,koclip_xgb
7415,cherryblossom_0041.png,4,4,2,koclip_xgb
7416,cherryblossom_0041.png,3,3,2,koclip_xgb
7417,cherryblossom_0041.png,2,3,2,koclip_xgb
7418,cherryblossom_0041.png,4,1,2,koclip_xgb
7461,cherryblossom_0052.png,1,1,2,koclip_xgb
7462,cherryblossom_0052.png,4,3,2,koclip_xgb
7468,cherryblossom_0054.png,4,4,2,koclip_xgb
7473,cherryblossom_0056.png,3,4,2,koclip_xgb
7474,cherryblossom_0056.png,3,1,2,koclip_xgb
7475,cherryblossom_0056.png,3,4,2,koclip_xgb
7476,cherryblossom_0056.png,3,1,2,koclip_xgb
7477,cherryblossom_0056.png,3,1,2,koclip_xgb
7478,cherryblossom_0056.png,0,1,2,koclip_xgb
7479,cherryblossom_0056.png,0,1,2,koclip_xgb
7480,cherryblossom_0056.png,0,1,2,koclip_xgb
7481,cherryblossom_0056.png,0,1,2,koclip_xgb
7482,cherryblossom_0056.png,1,0,2,koclip_xgb
7483,cherryblossom_0056.png,0,1,2,koclip_xgb
7484,cherryblossom_0056.png,0,1,2,koclip_xgb
7485,cherryblossom_0056.png,1,4,2,koclip_xgb
7486,cherryblossom_0056.png,4,4,2,koclip_xgb
7487,cherryblossom_0056.png,2,3,2,koclip_xgb
7488,cherryblossom_0056.png,0,1,2,koclip_xgb
7489,cherryblossom_0056.png,1,4,2,koclip_xgb
7490,cherryblossom_0056.png,4,4,2,koclip_xgb
7491,cherryblossom_0056.png,4,3,2,koclip_xgb
7499,cherryblossom_0061.png,4,4,2,koclip_xgb
7500,cherryblossom_0061.png,4,4,2,koclip_xgb
7501,cherryblossom_0061.png,0,0,2,koclip_xgb
7502,cherryblossom_0061.png,0,2,2,koclip_xgb
7503,cherryblossom_0061.png,0,1,2,koclip_xgb
7504,cherryblossom_0062.png,4,4,2,koclip_xgb
7505,cherryblossom_0062.png,4,1,2,koclip_xgb
7506,cherryblossom_0062.png,4,4,2,koclip_xgb
7507,cherryblossom_0062.png,1,1,2,koclip_xgb
7508,cherryblossom_0062.png,3,1,2,koclip_xgb
7559,cherryblossom_0084.png,2,0,2,koclip_xgb
7560,cherryblossom_0084.png,4,4,2,koclip_xgb
7561,cherryblossom_0084.png,1,1,2,koclip_xgb
7562,cherryblossom_0084.png,3,3,2,koclip_xgb
7563,cherryblossom_0084.png,2,4,2,koclip_xgb
7572,cherryblossom_0088.png,4,4,2,koclip_xgb
7573,cherryblossom_0088.png,4,4,2,koclip_xgb
7574,cherryblossom_0088.png,4,4,2,koclip_xgb
7607,cherryblossom_0099.png,4,4,2,koclip_xgb
7608,cherryblossom_0099.png,4,4,2,koclip_xgb
7609,cherryblossom_0099.png,3,4,2,koclip_xgb
7610,cherryblossom_0099.png,4,4,2,koclip_xgb
7611,cherryblossom_0099.png,1,4,2,koclip_xgb
7612,cherryblossom_0099.png,3,4,2,koclip_xgb
7613,cherryblossom_0099.png,4,4,2,koclip_xgb
7614,cherryblossom_0099.png,4,4,2,koclip_xgb
7615,cherryblossom_0099.png,4,4,2,koclip_xgb
7616,cherryblossom_0099.png,3,3,2,koclip_xgb
7617,cherryblossom_0099.png,2,4,2,koclip_xgb
7618,cherryblossom_0099.png,1,0,2,koclip_xgb
7619,cherryblossom_0099.png,1,4,2,koclip_xgb
7620,cherryblossom_0099.png,3,1,2,koclip_xgb
7621,cherryblossom_0099.png,3,4,2,koclip_xgb
7622,cherryblossom_0099.png,1,1,2,koclip_xgb
7623,cherryblossom_0099.png,1,1,2,koclip_xgb
7624,cherryblossom_0099.png,2,2,2,koclip_xgb
7625,cherryblossom_0099.png,2,2,2,koclip_xgb
7626,cherryblossom_0099.png,1,1,2,koclip_xgb
7627,cherryblossom_0099.png,2,2,2,koclip_xgb
7628,cherryblossom_0100.png,0,0,2,koclip_xgb
7629,cherryblossom_0100.png,4,4,2,koclip_xgb
7630,cherryblossom_0100.png,1,1,2,koclip_xgb
7705,kpop_0010.png,0,1,2,koclip_xgb
7706,kpop_0010.png,4,2,2,koclip_xgb
7707,kpop_0010.png,4,2,2,koclip_xgb
7708,kpop_0010.png,3,1,2,koclip_xgb
7748,kpop_0020.png,1,4,2,koclip_xgb
7749,kpop_0020.png,2,4,2,koclip_xgb
7750,kpop_0020.png,3,3,2,koclip_xgb
7751,kpop_0020.png,3,1,2,koclip_xgb
7752,kpop_0020.png,3,3,2,koclip_xgb
7773,kpop_0023.png,4,4,2,koclip_xgb
7774,kpop_0023.png,4,4,2,koclip_xgb
7775,kpop_0023.png,4,4,2,koclip_xgb
7776,kpop_0023.png,4,4,2,koclip_xgb
7777,kpop_0023.png,3,3,2,koclip_xgb
7807,kpop_0028.png,0,4,2,koclip_xgb
7808,kpop_0028.png,0,3,2,koclip_xgb
7809,kpop_0028.png,0,3,2,koclip_xgb
7810,kpop_0028.png,1,3,2,koclip_xgb
7811,kpop_0028.png,0,4,2,koclip_xgb
7829,kpop_0031.png,1,3,2,koclip_xgb
7830,kpop_0031.png,3,4,2,koclip_xgb
7831,kpop_0031.png,3,4,2,koclip_xgb
7832,kpop_0031.png,3,4,2,koclip_xgb
7875,kpop_0038.png,0,4,2,koclip_xgb
7876,kpop_0038.png,0,4,2,koclip_xgb
7877,kpop_0038.png,0,4,2,koclip_xgb
7878,kpop_0038.png,0,4,2,koclip_xgb
7879,kpop_0038.png,0,4,2,koclip_xgb
7880,kpop_0038.png,0,3,2,koclip_xgb
7881,kpop_0038.png,0,4,2,koclip_xgb
7882,kpop_0038.png,0,1,2,koclip_xgb
7883,kpop_0038.png,0,2,2,koclip_xgb
7884,kpop_0038.png,0,2,2,koclip_xgb
7885,kpop_0038.png,0,4,2,koclip_xgb
7886,kpop_0038.png,0,4,2,koclip_xgb
7887,kpop_0038.png,0,3,2,koclip_xgb
7888,kpop_0038.png,0,3,2,koclip_xgb
8074,kpop_0059.png,4,4,2,koclip_xgb
8075,kpop_0059.png,4,4,2,koclip_xgb
8076,kpop_0059.png,4,4,2,koclip_xgb
8077,kpop_0059.png,4,4,2,koclip_xgb
8078,kpop_0059.png,3,3,2,koclip_xgb
8083,kpop_0061.png,3,3,2,koclip_xgb
8084,kpop_0061.png,3,4,2,koclip_xgb
8085,kpop_0061.png,4,4,2,koclip_xgb
8086,kpop_0061.png,1,4,2,koclip_xgb
8087,kpop_0061.png,3,4,2,koclip_xgb
8107,kpop_0065.png,4,4,2,koclip_xgb
8108,kpop_0065.png,2,1,2,koclip_xgb
8109,kpop_0065.png,1,4,2,koclip_xgb
8110,kpop_0065.png,0,1,2,koclip_xgb
8111,kpop_0065.png,3,3,2,koclip_xgb
8140,kpop_0069.png,3,3,2,koclip_xgb
8141,kpop_0069.png,3,3,2,koclip_xgb
8142,kpop_0069.png,2,3,2,koclip_xgb
8143,kpop_0069.png,4,3,2,koclip_xgb
8144,kpop_0069.png,0,4,2,koclip_xgb
8145,kpop_0069.png,0,4,2,koclip_xgb
8184,kpop_0074.png,4,4,2,koclip_xgb
8185,kpop_0074.png,4,4,2,koclip_xgb
8186,kpop_0074.png,4,4,2,koclip_xgb
8187,kpop_0074.png,4,4,2,koclip_xgb
8188,kpop_0074.png,4,4,2,koclip_xgb
8194,kpop_0076.png,4,4,2,koclip_xgb
8195,kpop_0076.png,4,4,2,koclip_xgb
8196,kpop_0076.png,3,3,2,koclip_xgb
8197,kpop_0076.png,3,1,2,koclip_xgb
8198,kpop_0076.png,3,3,2,koclip_xgb
8214,kpop_0078.png,4,4,2,koclip_xgb
8215,kpop_0078.png,4,4,2,koclip_xgb
8216,kpop_0078.png,4,4,2,koclip_xgb
8217,kpop_0078.png,4,0,2,koclip_xgb
8233,kpop_0081.png,3,4,2,koclip_xgb
8234,kpop_0081.png,4,3,2,koclip_xgb
8235,kpop_0081.png,3,3,2,koclip_xgb
8247,kpop_0083.png,4,4,2,koclip_xgb
8248,kpop_0083.png,4,4,2,koclip_xgb
8249,kpop_0083.png,1,1,2,koclip_xgb
8250,kpop_0083.png,3,3,2,koclip_xgb
8271,kpop_0088.png,4,1,2,koclip_xgb
8272,kpop_0088.png,4,4,2,koclip_xgb
8273,kpop_0088.png,4,4,2,koclip_xgb
8274,kpop_0088.png,4,4,2,koclip_xgb
8275,kpop_0088.png,3,3,2,koclip_xgb
8293,kpop_0092.png,4,4,2,koclip_xgb
8294,kpop_0092.png,4,4,2,koclip_xgb
8295,kpop_0092.png,4,4,2,koclip_xgb
8296,kpop_0092.png,3,4,2,koclip_xgb
8297,kpop_0092.png,3,3,2,koclip_xgb
8298,kpop_0092.png,3,4,2,koclip_xgb
8299,kpop_0092.png,3,4,2,koclip_xgb
8300,kpop_0092.png,3,4,2,koclip_xgb
8301,kpop_0092.png,3,3,2,koclip_xgb
8302,kpop_0092.png,3,4,2,koclip_xgb
8303,kpop_0092.png,3,3,2,koclip_xgb
8304,kpop_0092.png,2,2,2,koclip_xgb
8305,kpop_0092.png,2,2,2,koclip_xgb
8311,kpop_0094.png,3,3,2,koclip_xgb
8312,kpop_0094.png,3,3,2,koclip_xgb
8313,kpop_0094.png,3,4,2,koclip_xgb
8314,kpop_0094.png,3,4,2,koclip_xgb
8337,kpop_0098.png,3,4,2,koclip_xgb
8338,kpop_0098.png,4,4,2,koclip_xgb
8339,kpop_0098.png,4,1,2,koclip_xgb
8340,kpop_0098.png,4,4,2,koclip_xgb
8341,kpop_0098.png,1,4,2,koclip_xgb
8342,kpop_0098.png,1,1,2,koclip_xgb
8343,kpop_0098.png,3,3,2,koclip_xgb
8344,kpop_0098.png,4,1,2,koclip_xgb
8345,kpop_0098.png,4,1,2,koclip_xgb
8346,kpop_0098.png,3,3,2,koclip_xgb
8347,kpop_0098.png,3,2,2,koclip_xgb
8348,kpop_0098.png,4,3,2,koclip_xgb
8349,kpop_0098.png,1,4,2,koclip_xgb
8350,kpop_0098.png,1,1,2,koclip_xgb
8351,kpop_0098.png,1,3,2,koclip_xgb
8352,kpop_0098.png,3,3,2,koclip_xgb
8353,kpop_0098.png,1,1,2,koclip_xgb
8354,kpop_0098.png,1,1,2,koclip_xgb
8355,kpop_0098.png,3,1,2,koclip_xgb
8356,kpop_0098.png,4,1,2,koclip_xgb
8357,kpop_0098.png,2,1,2,koclip_xgb
8358,kpop_0098.png,2,1,2,koclip_xgb
8359,kpop_0098.png,3,3,2,koclip_xgb
8360,kpop_0098.png,0,4,2,koclip_xgb
8361,kpop_0098.png,3,3,2,koclip_xgb
8362,kpop_0098.png,4,3,2,koclip_xgb
8381,spotify_0001.png,4,4,2,koclip_xgb
8382,spotify_0001.png,4,2,2,koclip_xgb
8383,spotify_0001.png,3,2,2,koclip_xgb
8384,spotify_0001.png,0,1,2,koclip_xgb
8389,spotify_0004.png,4,4,2,koclip_xgb
8390,spotify_0004.png,4,4,2,koclip_xgb
8391,spotify_0004.png,4,4,2,koclip_xgb
8392,spotify_0004.png,4,4,2,koclip_xgb
8492,spotify_0043.png,4,3,2,koclip_xgb
8493,spotify_0043.png,2,2,2,koclip_xgb
8494,spotify_0043.png,1,1,2,koclip_xgb
8499,spotify_0045.png,4,1,2,koclip_xgb
8500,spotify_0045.png,4,4,2,koclip_xgb
8501,spotify_0045.png,2,2,2,koclip_xgb
8502,spotify_0045.png,3,2,2,koclip_xgb
8503,spotify_0046.png,4,4,2,koclip_xgb
8504,spotify_0046.png,4,2,2,koclip_xgb
8505,spotify_0046.png,2,3,2,koclip_xgb
8506,spotify_0046.png,3,2,2,koclip_xgb
8507,spotify_0046.png,3,2,2,koclip_xgb
8508,spotify_0046.png,4,4,2,koclip_xgb
8509,spotify_0046.png,2,1,2,koclip_xgb
8510,spotify_0046.png,3,3,2,koclip_xgb
8511,spotify_0046.png,4,4,2,koclip_xgb
8512,spotify_0046.png,4,4,2,koclip_xgb
8513,spotify_0046.png,4,4,2,koclip_xgb
8514,spotify_0046.png,1,1,2,koclip_xgb
8515,spotify_0046.png,1,4,2,koclip_xgb
8516,spotify_0046.png,1,2,2,koclip_xgb
8544,spotify_0056.png,4,3,2,koclip_xgb
8545,spotify_0056.png,4,3,2,koclip_xgb
8546,spotify_0056.png,4,4,2,koclip_xgb
8547,spotify_0056.png,4,4,2,koclip_xgb
8548,spotify_0056.png,4,4,2,koclip_xgb
8549,spotify_0056.png,3,4,2,koclip_xgb
8550,spotify_0056.png,3,3,2,koclip_xgb
8551,spotify_0056.png,2,3,2,koclip_xgb
8552,spotify_0056.png,1,1,2,koclip_xgb
8553,spotify_0056.png,2,1,2,koclip_xgb
8554,spotify_0056.png,2,4,2,koclip_xgb
8555,spotify_0056.png,2,4,2,koclip_xgb
8556,spotify_0056.png,1,4,2,koclip_xgb
8557,spotify_0056.png,0,1,2,koclip_xgb
8612,spotify_0076.png,4,4,2,koclip_xgb
8613,spotify_0076.png,4,4,2,koclip_xgb
8614,spotify_0076.png,2,1,2,koclip_xgb
8615,spotify_0076.png,1,1,2,koclip_xgb
8616,spotify_0076.png,2,1,2,koclip_xgb
8626,spotify_0084.png,1,1,2,koclip_xgb
8632,spotify_0087.png,0,1,2,koclip_xgb
8709,netflix_0007.png,4,4,2,koclip_xgb
8710,netflix_0007.png,4,3,2,koclip_xgb
8711,netflix_0007.png,1,4,2,koclip_xgb
8712,netflix_0007.png,3,3,2,koclip_xgb
8713,netflix_0007.png,4,4,2,koclip_xgb
8719,netflix_0009.png,1,4,2,koclip_xgb
8720,netflix_0009.png,3,4,2,koclip_xgb
8721,netflix_0009.png,1,4,2,koclip_xgb
8722,netflix_0009.png,4,4,2,koclip_xgb
8723,netflix_0009.png,1,4,2,koclip_xgb
8796,netflix_0030.png,2,2,2,koclip_xgb
8797,netflix_0030.png,1,4,2,koclip_xgb
8798,netflix_0030.png,1,4,2,koclip_xgb
8799,netflix_0030.png,4,4,2,koclip_xgb
8807,netflix_0032.png,4,4,2,koclip_xgb
8808,netflix_0032.png,3,1,2,koclip_xgb
8851,netflix_0043.png,3,1,2,koclip_xgb
8852,netflix_0043.png,1,1,2,koclip_xgb
8862,netflix_0047.png,4,4,2,koclip_xgb
8863,netflix_0047.png,4,4,2,koclip_xgb
8864,netflix_0047.png,3,1,2,koclip_xgb
8865,netflix_0047.png,4,4,2,koclip_xgb
8866,netflix_0047.png,3,2,2,koclip_xgb
8872,netflix_0049.png,4,4,2,koclip_xgb
8873,netflix_0049.png,4,4,2,koclip_xgb
8874,netflix_0049.png,3,4,2,koclip_xgb
8875,netflix_0049.png,3,1,2,koclip_xgb
8876,netflix_0049.png,2,2,2,koclip_xgb
8934,netflix_0062.png,4,4,2,koclip_xgb
8935,netflix_0062.png,4,4,2,koclip_xgb
8936,netflix_0062.png,4,3,2,koclip_xgb
8937,netflix_0062.png,4,2,2,koclip_xgb
8938,netflix_0062.png,4,1,2,koclip_xgb
8939,netflix_0062.png,4,4,2,koclip_xgb
8940,netflix_0062.png,4,4,2,koclip_xgb
8941,netflix_0062.png,4,1,2,koclip_xgb
8942,netflix_0062.png,4,4,2,koclip_xgb
8943,netflix_0062.png,4,4,2,koclip_xgb
8944,netflix_0062.png,2,3,2,koclip_xgb
8945,netflix_0062.png,2,2,2,koclip_xgb
8946,netflix_0062.png,3,2,2,koclip_xgb
8947,netflix_0062.png,3,4,2,koclip_xgb
8948,netflix_0062.png,2,2,2,koclip_xgb
8949,netflix_0063.png,4,4,2,koclip_xgb
8950,netflix_0063.png,3,2,2,koclip_xgb
8951,netflix_0063.png,4,1,2,koclip_xgb
9072,apple_0003.png,0,4,2,koclip_xgb
9073,apple_0003.png,0,4,2,koclip_xgb
9074,apple_0003.png,0,4,2,koclip_xgb
9075,apple_0003.png,1,2,2,koclip_xgb
9076,apple_0003.png,0,4,2,koclip_xgb
9138,apple_0023.png,4,4,2,koclip_xgb
9139,apple_0023.png,0,4,2,koclip_xgb
9140,apple_0023.png,0,4,2,koclip_xgb
9141,apple_0023.png,4,4,2,koclip_xgb
9154,apple_0027.png,4,4,2,koclip_xgb
9155,apple_0027.png,4,4,2,koclip_xgb
9156,apple_0027.png,0,4,2,koclip_xgb
9157,apple_0027.png,4,4,2,koclip_xgb
9158,apple_0027.png,4,4,2,koclip_xgb
9159,apple_0028.png,4,4,2,koclip_xgb
9160,apple_0028.png,4,4,2,koclip_xgb
9161,apple_0028.png,3,4,2,koclip_xgb
9162,apple_0028.png,4,4,2,koclip_xgb
9163,apple_0028.png,1,4,2,koclip_xgb
9169,apple_0035.png,3,3,2,koclip_xgb
9170,apple_0035.png,4,3,2,koclip_xgb
9171,apple_0035.png,3,4,2,koclip_xgb
9172,apple_0035.png,4,3,2,koclip_xgb
9173,apple_0035.png,4,3,2,koclip_xgb
9179,apple_0038.png,4,4,2,koclip_xgb
9180,apple_0038.png,4,4,2,koclip_xgb
9181,apple_0038.png,3,2,2,koclip_xgb
9182,apple_0038.png,1,1,2,koclip_xgb
9183,apple_0038.png,1,4,2,koclip_xgb
9214,apple_0048.png,4,4,2,koclip_xgb
9215,apple_0048.png,3,1,2,koclip_xgb
9216,apple_0048.png,1,4,2,koclip_xgb
9217,apple_0048.png,1,4,2,koclip_xgb
9218,apple_0048.png,1,4,2,koclip_xgb
9219,apple_0048.png,2,1,2,koclip_xgb
9220,apple_0048.png,2,2,2,koclip_xgb
9221,apple_0048.png,3,2,2,koclip_xgb
9222,apple_0048.png,1,2,2,koclip_xgb
9306,apple_0080.png,4,4,2,koclip_xgb
9307,apple_0080.png,3,2,2,koclip_xgb
9308,apple_0080.png,2,2,2,koclip_xgb
9309,apple_0080.png,2,2,2,koclip_xgb
9310,apple_0080.png,1,4,2,koclip_xgb
9329,apple_0092.png,4,4,2,koclip_xgb
9340,apple_0096.png,4,4,2,koclip_xgb
9341,apple_0096.png,4,4,2,koclip_xgb
9342,apple_0096.png,4,4,2,koclip_xgb
9343,apple_0096.png,4,4,2,koclip_xgb
9373,galaxy_0004.png,4,4,2,koclip_xgb
9395,galaxy_0012.png,4,4,2,koclip_xgb
9396,galaxy_0012.png,4,4,2,koclip_xgb
9397,galaxy_0012.png,3,1,2,koclip_xgb
9398,galaxy_0012.png,1,4,2,koclip_xgb
9399,galaxy_0012.png,1,4,2,koclip_xgb
9405,galaxy_0014.png,4,4,2,koclip_xgb
9406,galaxy_0014.png,3,4,2,koclip_xgb
9407,galaxy_0014.png,0,4,2,koclip_xgb
9408,galaxy_0014.png,0,4,2,koclip_xgb
9409,galaxy_0014.png,1,4,2,koclip_xgb
9410,galaxy_0015.png,4,1,2,koclip_xgb
9411,galaxy_0015.png,4,4,2,koclip_xgb
9412,galaxy_0015.png,3,4,2,koclip_xgb
9427,galaxy_0020.png,1,0,2,koclip_xgb
9428,galaxy_0020.png,1,4,2,koclip_xgb
9429,galaxy_0020.png,4,4,2,koclip_xgb
9430,galaxy_0020.png,1,1,2,koclip_xgb
9431,galaxy_0022.png,4,4,2,koclip_xgb
9432,galaxy_0022.png,0,4,2,koclip_xgb
9433,galaxy_0022.png,4,4,2,koclip_xgb
9434,galaxy_0022.png,0,4,2,koclip_xgb
9435,galaxy_0022.png,3,4,2,koclip_xgb
9436,galaxy_0022.png,4,4,2,koclip_xgb
9437,galaxy_0022.png,4,4,2,koclip_xgb
9438,galaxy_0022.png,1,1,2,koclip_xgb
9439,galaxy_0022.png,0,1,2,koclip_xgb
9440,galaxy_0022.png,0,3,2,koclip_xgb
9441,galaxy_0022.png,0,3,2,koclip_xgb
9442,galaxy_0022.png,2,2,2,koclip_xgb
9443,galaxy_0022.png,1,3,2,koclip_xgb
9444,galaxy_0022.png,1,3,2,koclip_xgb
9445,galaxy_0022.png,0,3,2,koclip_xgb
9446,galaxy_0022.png,0,3,2,koclip_xgb
9492,galaxy_0029.png,4,4,2,koclip_xgb
9493,galaxy_0029.png,4,4,2,koclip_xgb
9494,galaxy_0029.png,3,4,2,koclip_xgb
9495,galaxy_0029.png,0,4,2,koclip_xgb
9496,galaxy_0029.png,1,4,2,koclip_xgb
9545,galaxy_0040.png,0,1,2,koclip_xgb
9555,galaxy_0044.png,0,1,2,koclip_xgb
9556,galaxy_0044.png,4,1,2,koclip_xgb
9557,galaxy_0044.png,3,4,2,koclip_xgb
9558,galaxy_0044.png,3,1,2,koclip_xgb
9559,galaxy_0044.png,2,4,2,koclip_xgb
9560,galaxy_0044.png,4,4,2,koclip_xgb
9592,galaxy_0060.png,2,1,2,koclip_xgb
9593,galaxy_0060.png,1,1,2,koclip_xgb
9594,galaxy_0060.png,4,4,2,koclip_xgb
9595,galaxy_0060.png,3,3,2,koclip_xgb
9641,galaxy_0071.png,4,4,2,koclip_xgb
9642,galaxy_0071.png,1,4,2,koclip_xgb
9643,galaxy_0071.png,2,4,2,koclip_xgb
9659,galaxy_0075.png,4,4,2,koclip_xgb
9660,galaxy_0075.png,4,4,2,koclip_xgb
9661,galaxy_0075.png,2,4,2,koclip_xgb
9766,galaxy_0096.png,2,4,2,koclip_xgb
9767,galaxy_0096.png,1,4,2,koclip_xgb
9768,galaxy_0096.png,0,4,2,koclip_xgb
9769,galaxy_0096.png,2,1,2,koclip_xgb
9770,galaxy_0096.png,1,2,2,koclip_xgb
9844,iphone16_0008.png,4,4,2,koclip_xgb
9845,iphone16_0008.png,4,2,2,koclip_xgb
9846,iphone16_0008.png,3,2,2,koclip_xgb
9847,iphone16_0008.png,3,1,2,koclip_xgb
9848,iphone16_0008.png,2,4,2,koclip_xgb
9852,iphone16_0011.png,3,4,2,koclip_xgb
9853,iphone16_0011.png,4,4,2,koclip_xgb
9854,iphone16_0011.png,4,4,2,koclip_xgb
9855,iphone16_0011.png,4,4,2,koclip_xgb
9856,iphone16_0011.png,2,1,2,koclip_xgb
9857,iphone16_0011.png,1,4,2,koclip_xgb
9858,iphone16_0011.png,1,4,2,koclip_xgb
9859,iphone16_0011.png,1,2,2,koclip_xgb
9860,iphone16_0011.png,0,4,2,koclip_xgb
9861,iphone16_0011.png,2,4,2,koclip_xgb
9919,iphone16_0033.png,4,4,2,koclip_xgb
9920,iphone16_0033.png,3,4,2,koclip_xgb
9921,iphone16_0034.png,1,4,2,koclip_xgb
9922,iphone16_0034.png,0,0,2,koclip_xgb
9923,iphone16_0034.png,4,4,2,koclip_xgb
9924,iphone16_0034.png,0,1,2,koclip_xgb
9933,iphone16_0038.png,3,4,2,koclip_xgb
9934,iphone16_0038.png,4,4,2,koclip_xgb
9935,iphone16_0038.png,1,4,2,koclip_xgb
9936,iphone16_0038.png,0,4,2,koclip_xgb
9937,iphone16_0038.png,2,2,2,koclip_xgb
9960,iphone16_0046.png,3,3,2,koclip_xgb
9961,iphone16_0046.png,4,4,2,koclip_xgb
9962,iphone16_0046.png,2,1,2,koclip_xgb
9963,iphone16_0046.png,1,1,2,koclip_xgb
10019,iphone16_0058.png,4,3,2,koclip_xgb
10020,iphone16_0058.png,4,3,2,koclip_xgb
10021,iphone16_0058.png,3,3,2,koclip_xgb
10022,iphone16_0058.png,4,0,2,koclip_xgb
10023,iphone16_0058.png,4,4,2,koclip_xgb
10024,iphone16_0058.png,4,1,2,koclip_xgb
10025,iphone16_0058.png,4,1,2,koclip_xgb
10026,iphone16_0058.png,4,1,2,koclip_xgb
10027,iphone16_0058.png,3,1,2,koclip_xgb
10038,iphone16_0062.png,4,4,2,koclip_xgb
10039,iphone16_0062.png,4,4,2,koclip_xgb
10040,iphone16_0062.png,1,1,2,koclip_xgb
10041,iphone16_0062.png,0,0,2,koclip_xgb
10042,iphone16_0062.png,3,1,2,koclip_xgb
10070,iphone16_0071.png,4,4,2,koclip_xgb
10071,iphone16_0071.png,4,4,2,koclip_xgb
10072,iphone16_0071.png,1,1,2,koclip_xgb
10106,iphone16_0075.png,1,1,2,koclip_xgb
10107,iphone16_0075.png,4,4,2,koclip_xgb
10108,iphone16_0075.png,4,1,2,koclip_xgb
10109,iphone16_0075.png,3,2,2,koclip_xgb
10110,iphone16_0075.png,1,1,2,koclip_xgb
10117,iphone16_0078.png,4,4,2,koclip_xgb
10118,iphone16_0078.png,4,4,2,koclip_xgb
10119,iphone16_0078.png,1,4,2,koclip_xgb
10120,iphone16_0078.png,3,2,2,koclip_xgb
10121,iphone16_0078.png,4,1,2,koclip_xgb
10122,iphone16_0078.png,1,1,2,koclip_xgb
10123,iphone16_0078.png,1,1,2,koclip_xgb
10124,iphone16_0078.png,3,2,2,koclip_xgb
10125,iphone16_0078.png,2,2,2,koclip_xgb
10172,iphone16_0085.png,0,4,2,koclip_xgb
10173,iphone16_0085.png,4,3,2,koclip_xgb
10174,iphone16_0085.png,0,3,2,koclip_xgb
10175,iphone16_0085.png,2,4,2,koclip_xgb
10176,iphone16_0085.png,0,4,2,koclip_xgb
10177,iphone16_0085.png,1,3,2,koclip_xgb
10178,iphone16_0085.png,2,4,2,koclip_xgb
10179,iphone16_0085.png,0,3,2,koclip_xgb
10180,iphone16_0085.png,0,4,2,koclip_xgb
10181,iphone16_0085.png,4,1,2,koclip_xgb
10201,iphone16_0092.png,4,3,2,koclip_xgb
10202,iphone16_0092.png,3,3,2,koclip_xgb
10203,iphone16_0092.png,3,3,2,koclip_xgb
10204,iphone16_0092.png,4,4,2,koclip_xgb
10205,iphone16_0092.png,2,2,2,koclip_xgb
10206,iphone16_0092.png,3,3,2,koclip_xgb
10207,iphone16_0092.png,1,1,2,koclip_xgb
10208,iphone16_0092.png,1,4,2,koclip_xgb
10209,iphone16_0092.png,0,3,2,koclip_xgb
10210,iphone16_0092.png,1,0,2,koclip_xgb
10211,iphone16_0092.png,3,1,2,koclip_xgb
10212,iphone16_0092.png,2,3,2,koclip_xgb
10213,iphone16_0092.png,1,1,2,koclip_xgb
10214,iphone16_0092.png,0,0,2,koclip_xgb
10215,iphone16_0092.png,0,0,2,koclip_xgb
10216,iphone16_0092.png,0,0,2,koclip_xgb
10217,iphone16_0092.png,0,0,2,koclip_xgb
10218,iphone16_0092.png,0,0,2,koclip_xgb
10219,iphone16_0092.png,0,0,2,koclip_xgb
10220,iphone16_0092.png,0,0,2,koclip_xgb
10221,iphone16_0092.png,0,0,2,koclip_xgb
10222,iphone16_0092.png,1,4,2,koclip_xgb
10223,iphone16_0092.png,1,1,2,koclip_xgb
10224,iphone16_0092.png,3,2,2,koclip_xgb
10225,iphone16_0092.png,3,2,2,koclip_xgb
10226,iphone16_0092.png,2,2,2,koclip_xgb
10227,iphone16_0092.png,0,2,2,koclip_xgb
10228,iphone16_0092.png,3,1,2,koclip_xgb
10261,iphone16_0100.png,4,4,2,koclip_xgb
10262,iphone16_0100.png,4,4,2,koclip_xgb
10263,iphone16_0100.png,4,4,2,koclip_xgb
10264,iphone16_0100.png,3,4,2,koclip_xgb
10265,iphone16_0100.png,3,2,2,koclip_xgb
10266,iphone16_0100.png,3,4,2,koclip_xgb
10267,iphone16_0100.png,2,2,2,koclip_xgb
10268,iphone16_0100.png,4,4,2,koclip_xgb
10269,iphone16_0100.png,2,1,2,koclip_xgb
10270,iphone16_0100.png,1,4,2,koclip_xgb
10271,iphone16_0100.png,2,4,2,koclip_xgb
10272,healthstagram_0001.png,1,3,2,koclip_xgb
10325,healthstagram_0018.png,2,3,2,koclip_xgb
10326,healthstagram_0018.png,3,0,2,koclip_xgb
10327,healthstagram_0018.png,2,3,2,koclip_xgb
10328,healthstagram_0018.png,4,3,2,koclip_xgb
10329,healthstagram_0018.png,3,2,2,koclip_xgb
10330,healthstagram_0018.png,2,2,2,koclip_xgb
10331,healthstagram_0018.png,4,2,2,koclip_xgb
10332,healthstagram_0018.png,4,2,2,koclip_xgb
10333,healthstagram_0018.png,4,4,2,koclip_xgb
10334,healthstagram_0018.png,4,4,2,koclip_xgb
10335,healthstagram_0018.png,3,4,2,koclip_xgb
10336,healthstagram_0018.png,2,2,2,koclip_xgb
10337,healthstagram_0018.png,4,4,2,koclip_xgb
10338,healthstagram_0018.png,2,2,2,koclip_xgb
10339,healthstagram_0018.png,1,1,2,koclip_xgb
10340,healthstagram_0018.png,4,4,2,koclip_xgb
10341,healthstagram_0018.png,4,3,2,koclip_xgb
10342,healthstagram_0018.png,3,2,2,koclip_xgb
10343,healthstagram_0018.png,2,1,2,koclip_xgb
10344,healthstagram_0018.png,1,0,2,koclip_xgb
10345,healthstagram_0018.png,0,0,2,koclip_xgb
10346,healthstagram_0018.png,1,0,2,koclip_xgb
10347,healthstagram_0018.png,1,0,2,koclip_xgb
10348,healthstagram_0018.png,0,0,2,koclip_xgb
10349,healthstagram_0018.png,4,4,2,koclip_xgb
10350,healthstagram_0018.png,4,4,2,koclip_xgb
10351,healthstagram_0018.png,2,2,2,koclip_xgb
10352,healthstagram_0018.png,2,2,2,koclip_xgb
10353,healthstagram_0018.png,4,4,2,koclip_xgb
10513,healthstagram_0052.png,0,1,2,koclip_xgb
10514,healthstagram_0052.png,0,4,2,koclip_xgb
10515,healthstagram_0052.png,2,2,2,koclip_xgb
10516,healthstagram_0052.png,3,4,2,koclip_xgb
10517,healthstagram_0052.png,3,1,2,koclip_xgb
10518,healthstagram_0052.png,3,3,2,koclip_xgb
10519,healthstagram_0052.png,0,4,2,koclip_xgb
10520,healthstagram_0052.png,0,4,2,koclip_xgb
10521,healthstagram_0052.png,0,4,2,koclip_xgb
10522,healthstagram_0052.png,0,1,2,koclip_xgb
10523,healthstagram_0052.png,0,1,2,koclip_xgb
10524,healthstagram_0052.png,0,2,2,koclip_xgb
10525,healthstagram_0052.png,0,1,2,koclip_xgb
10526,healthstagram_0052.png,0,0,2,koclip_xgb
10527,healthstagram_0052.png,0,0,2,koclip_xgb
10528,healthstagram_0052.png,0,0,2,koclip_xgb
10529,healthstagram_0052.png,1,0,2,koclip_xgb
10530,healthstagram_0052.png,0,2,2,koclip_xgb
10531,healthstagram_0052.png,3,3,2,koclip_xgb
10594,healthstagram_0067.png,2,2,2,koclip_xgb
10595,healthstagram_0067.png,1,1,2,koclip_xgb
10596,healthstagram_0067.png,1,1,2,koclip_xgb
10597,healthstagram_0067.png,4,4,2,koclip_xgb
10598,healthstagram_0067.png,4,4,2,koclip_xgb
10599,healthstagram_0067.png,4,4,2,koclip_xgb
10600,healthstagram_0067.png,0,4,2,koclip_xgb
10601,healthstagram_0067.png,4,4,2,koclip_xgb
10602,healthstagram_0067.png,3,3,2,koclip_xgb
10603,healthstagram_0067.png,4,4,2,koclip_xgb
10604,healthstagram_0067.png,3,4,2,koclip_xgb
10605,healthstagram_0067.png,4,4,2,koclip_xgb
10606,healthstagram_0067.png,4,4,2,koclip_xgb
10607,healthstagram_0067.png,4,3,2,koclip_xgb
10608,healthstagram_0067.png,3,3,2,koclip_xgb
10609,healthstagram_0067.png,2,2,2,koclip_xgb
10610,healthstagram_0067.png,2,2,2,koclip_xgb
10611,healthstagram_0067.png,4,4,2,koclip_xgb
10612,healthstagram_0067.png,4,4,2,koclip_xgb
10613,healthstagram_0067.png,4,3,2,koclip_xgb
10614,healthstagram_0067.png,4,4,2,koclip_xgb
10615,healthstagram_0067.png,3,3,2,koclip_xgb
10616,healthstagram_0067.png,4,4,2,koclip_xgb
10617,healthstagram_0067.png,3,2,2,koclip_xgb
10618,healthstagram_0067.png,4,4,2,koclip_xgb
10619,healthstagram_0067.png,2,2,2,koclip_xgb
10646,healthstagram_0082.png,3,3,2,koclip_xgb
10650,healthstagram_0085.png,2,2,2,koclip_xgb
10651,healthstagram_0085.png,1,1,2,koclip_xgb
10652,healthstagram_0085.png,4,3,2,koclip_xgb
10653,healthstagram_0085.png,4,4,2,koclip_xgb
10654,healthstagram_0085.png,0,0,2,koclip_xgb
10655,healthstagram_0085.png,0,1,2,koclip_xgb
10656,healthstagram_0085.png,0,0,2,koclip_xgb
10657,healthstagram_0085.png,1,1,2,koclip_xgb
10658,healthstagram_0085.png,1,1,2,koclip_xgb
10659,healthstagram_0085.png,2,3,2,koclip_xgb
10660,healthstagram_0085.png,1,1,2,koclip_xgb
10661,healthstagram_0085.png,1,1,2,koclip_xgb
10662,healthstagram_0085.png,1,1,2,koclip_xgb
10663,healthstagram_0085.png,1,1,2,koclip_xgb
10664,healthstagram_0085.png,1,1,2,koclip_xgb
10665,healthstagram_0085.png,3,3,2,koclip_xgb
10666,healthstagram_0085.png,1,0,2,koclip_xgb
10667,healthstagram_0085.png,1,2,2,koclip_xgb
10668,healthstagram_0085.png,1,4,2,koclip_xgb
10669,healthstagram_0085.png,1,1,2,koclip_xgb
10670,healthstagram_0085.png,1,3,2,koclip_xgb
10671,healthstagram_0085.png,1,1,2,koclip_xgb
10672,healthstagram_0085.png,1,2,2,koclip_xgb
10673,healthstagram_0085.png,1,4,2,koclip_xgb
10674,healthstagram_0085.png,1,1,2,koclip_xgb
10675,healthstagram_0085.png,1,4,2,koclip_xgb
10676,healthstagram_0085.png,3,3,2,koclip_xgb
10677,healthstagram_0085.png,1,1,2,koclip_xgb
10678,healthstagram_0085.png,3,3,2,koclip_xgb
10691,healthstagram_0088.png,0,0,2,koclip_xgb
10692,healthstagram_0088.png,4,0,2,koclip_xgb
10693,healthstagram_0088.png,0,0,2,koclip_xgb
10694,healthstagram_0088.png,3,0,2,koclip_xgb
10695,healthstagram_0088.png,2,0,2,koclip_xgb
10696,healthstagram_0088.png,1,1,2,koclip_xgb
10758,healthstagram_0094.png,3,3,2,koclip_xgb
10759,healthstagram_0094.png,4,4,2,koclip_xgb
10760,healthstagram_0094.png,3,3,2,koclip_xgb
10761,healthstagram_0094.png,0,0,2,koclip_xgb
10762,healthstagram_0094.png,4,4,2,koclip_xgb
10783,ounwan_0002.png,4,2,2,koclip_xgb
10784,ounwan_0002.png,4,2,2,koclip_xgb
10785,ounwan_0002.png,3,3,2,koclip_xgb
10786,ounwan_0002.png,1,1,2,koclip_xgb
10787,ounwan_0002.png,1,2,2,koclip_xgb
10788,ounwan_0002.png,0,4,2,koclip_xgb
10789,ounwan_0002.png,4,0,2,koclip_xgb
10818,ounwan_0009.png,4,2,2,koclip_xgb
10819,ounwan_0009.png,1,1,2,koclip_xgb
10820,ounwan_0009.png,1,1,2,koclip_xgb
10821,ounwan_0009.png,3,3,2,koclip_xgb
10847,ounwan_0012.png,1,4,2,koclip_xgb
10848,ounwan_0012.png,4,2,2,koclip_xgb
10849,ounwan_0012.png,3,3,2,koclip_xgb
10850,ounwan_0012.png,2,2,2,koclip_xgb
10851,ounwan_0013.png,3,3,2,koclip_xgb
10898,ounwan_0017.png,3,3,2,koclip_xgb
10899,ounwan_0017.png,1,1,2,koclip_xgb
10900,ounwan_0017.png,2,1,2,koclip_xgb
10901,ounwan_0017.png,4,2,2,koclip_xgb
10902,ounwan_0017.png,3,2,2,koclip_xgb
10914,ounwan_0020.png,4,4,2,koclip_xgb
10915,ounwan_0020.png,4,4,2,koclip_xgb
10916,ounwan_0020.png,1,2,2,koclip_xgb
10917,ounwan_0020.png,1,4,2,koclip_xgb
10918,ounwan_0020.png,4,4,2,koclip_xgb
10919,ounwan_0020.png,4,3,2,koclip_xgb
10920,ounwan_0020.png,0,4,2,koclip_xgb
10921,ounwan_0020.png,1,3,2,koclip_xgb
10922,ounwan_0020.png,1,4,2,koclip_xgb
10923,ounwan_0020.png,1,4,2,koclip_xgb
10924,ounwan_0020.png,2,3,2,koclip_xgb
10925,ounwan_0020.png,0,4,2,koclip_xgb
10926,ounwan_0020.png,2,2,2,koclip_xgb
10927,ounwan_0020.png,2,2,2,koclip_xgb
10928,ounwan_0020.png,2,2,2,koclip_xgb
10929,ounwan_0020.png,4,4,2,koclip_xgb
10930,ounwan_0020.png,2,2,2,koclip_xgb
10931,ounwan_0020.png,1,3,2,koclip_xgb
10932,ounwan_0020.png,0,4,2,koclip_xgb
10933,ounwan_0020.png,0,1,2,koclip_xgb
10934,ounwan_0020.png,1,1,2,koclip_xgb
10935,ounwan_0020.png,1,1,2,koclip_xgb
10937,ounwan_0024.png,3,3,2,koclip_xgb
10968,ounwan_0035.png,4,1,2,koclip_xgb
10969,ounwan_0035.png,2,2,2,koclip_xgb
10970,ounwan_0035.png,4,1,2,koclip_xgb
11003,ounwan_0039.png,4,4,2,koclip_xgb
11186,ounwan_0067.png,4,4,2,koclip_xgb
11187,ounwan_0067.png,3,2,2,koclip_xgb
11188,ounwan_0067.png,2,2,2,koclip_xgb
11189,ounwan_0067.png,2,2,2,koclip_xgb
11190,ounwan_0067.png,4,4,2,koclip_xgb
11191,ounwan_0067.png,1,1,2,koclip_xgb
11192,ounwan_0067.png,3,3,2,koclip_xgb
11193,ounwan_0067.png,2,2,2,koclip_xgb
11194,ounwan_0067.png,2,2,2,koclip_xgb
11195,ounwan_0067.png,3,2,2,koclip_xgb
11196,ounwan_0068.png,3,3,2,koclip_xgb
11280,ounwan_0080.png,4,1,2,koclip_xgb
11281,ounwan_0080.png,4,4,2,koclip_xgb
11282,ounwan_0080.png,1,1,2,koclip_xgb
11283,ounwan_0080.png,2,4,2,koclip_xgb
11284,ounwan_0080.png,2,4,2,koclip_xgb
11285,ounwan_0080.png,1,4,2,koclip_xgb
11286,ounwan_0080.png,1,4,2,koclip_xgb
11287,ounwan_0080.png,1,4,2,koclip_xgb
11288,ounwan_0080.png,3,2,2,koclip_xgb
11289,ounwan_0080.png,1,3,2,koclip_xgb
11290,ounwan_0080.png,2,2,2,koclip_xgb
11291,ounwan_0080.png,1,3,2,koclip_xgb
11292,ounwan_0080.png,2,4,2,koclip_xgb
11293,ounwan_0080.png,1,4,2,koclip_xgb
11294,ounwan_0080.png,1,1,2,koclip_xgb
11295,ounwan_0080.png,1,1,2,koclip_xgb
11296,ounwan_0080.png,1,2,2,koclip_xgb
11297,ounwan_0080.png,1,1,2,koclip_xgb
11307,ounwan_0085.png,3,1,2,koclip_xgb
11308,ounwan_0085.png,4,1,2,koclip_xgb
11309,ounwan_0085.png,4,4,2,koclip_xgb
11310,ounwan_0085.png,3,2,2,koclip_xgb
11311,ounwan_0085.png,4,4,2,koclip_xgb
11312,ounwan_0085.png,4,4,2,koclip_xgb
11354,ounwan_0090.png,3,1,2,koclip_xgb
11380,ounwan_0096.png,4,3,2,koclip_xgb
11381,ounwan_0096.png,3,3,2,koclip_xgb
11382,ounwan_0096.png,4,3,2,koclip_xgb
11383,ounwan_0096.png,4,3,2,koclip_xgb
11384,ounwan_0096.png,1,0,2,koclip_xgb
11385,ounwan_0096.png,4,4,2,koclip_xgb
11386,ounwan_0099.png,1,2,2,koclip_xgb
11387,ounwan_0099.png,3,3,2,koclip_xgb
11388,ounwan_0099.png,3,2,2,koclip_xgb
11389,ounwan_0099.png,1,3,2,koclip_xgb
11390,ounwan_0099.png,2,4,2,koclip_xgb
11391,ounwan_0099.png,2,4,2,koclip_xgb
11392,ounwan_0099.png,2,2,2,koclip_xgb
11393,ounwan_0099.png,1,0,2,koclip_xgb
11394,ounwan_0099.png,2,4,2,koclip_xgb
11395,ounwan_0099.png,2,4,2,koclip_xgb
11396,ounwan_0099.png,2,4,2,koclip_xgb
11397,ounwan_0099.png,2,4,2,koclip_xgb
11398,ounwan_0099.png,3,3,2,koclip_xgb
11406,dietfood_0002.png,4,3,2,koclip_xgb
11407,dietfood_0002.png,4,2,2,koclip_xgb
11408,dietfood_0002.png,4,4,2,koclip_xgb
11409,dietfood_0002.png,4,4,2,koclip_xgb
11410,dietfood_0002.png,4,4,2,koclip_xgb
11411,dietfood_0004.png,4,4,2,koclip_xgb
11412,dietfood_0004.png,4,3,2,koclip_xgb
11413,dietfood_0004.png,4,3,2,koclip_xgb
11414,dietfood_0004.png,3,4,2,koclip_xgb
11415,dietfood_0004.png,3,4,2,koclip_xgb
11416,dietfood_0004.png,3,2,2,koclip_xgb
11417,dietfood_0004.png,4,4,2,koclip_xgb
11418,dietfood_0004.png,3,2,2,koclip_xgb
11419,dietfood_0004.png,3,2,2,koclip_xgb
11420,dietfood_0004.png,4,4,2,koclip_xgb
11421,dietfood_0004.png,3,3,2,koclip_xgb
11422,dietfood_0004.png,2,3,2,koclip_xgb
11423,dietfood_0004.png,1,4,2,koclip_xgb
11424,dietfood_0004.png,2,2,2,koclip_xgb
11425,dietfood_0004.png,4,3,2,koclip_xgb
11426,dietfood_0004.png,3,4,2,koclip_xgb
11427,dietfood_0004.png,4,2,2,koclip_xgb
11428,dietfood_0005.png,4,3,2,koclip_xgb
11429,dietfood_0005.png,4,2,2,koclip_xgb
11430,dietfood_0005.png,3,4,2,koclip_xgb
11431,dietfood_0005.png,4,4,2,koclip_xgb
11432,dietfood_0005.png,2,2,2,koclip_xgb
11433,dietfood_0005.png,2,1,2,koclip_xgb
11434,dietfood_0005.png,3,3,2,koclip_xgb
11440,dietfood_0007.png,1,4,2,koclip_xgb
11441,dietfood_0007.png,3,4,2,koclip_xgb
11442,dietfood_0007.png,1,4,2,koclip_xgb
11443,dietfood_0007.png,2,3,2,koclip_xgb
11444,dietfood_0007.png,1,4,2,koclip_xgb
11477,dietfood_0015.png,0,3,2,koclip_xgb
11478,dietfood_0015.png,0,4,2,koclip_xgb
11479,dietfood_0015.png,0,3,2,koclip_xgb
11480,dietfood_0015.png,0,4,2,koclip_xgb
11481,dietfood_0015.png,0,4,2,koclip_xgb
11482,dietfood_0015.png,0,4,2,koclip_xgb
11497,dietfood_0019.png,4,4,2,koclip_xgb
11498,dietfood_0019.png,3,3,2,koclip_xgb
11499,dietfood_0019.png,4,4,2,koclip_xgb
11500,dietfood_0019.png,4,4,2,koclip_xgb
11501,dietfood_0019.png,2,2,2,koclip_xgb
11549,dietfood_0027.png,0,4,2,koclip_xgb
11550,dietfood_0027.png,0,4,2,koclip_xgb
11551,dietfood_0027.png,0,3,2,koclip_xgb
11552,dietfood_0027.png,0,3,2,koclip_xgb
11553,dietfood_0027.png,0,4,2,koclip_xgb
11554,dietfood_0027.png,0,3,2,koclip_xgb
11555,dietfood_0027.png,0,0,2,koclip_xgb
11556,dietfood_0027.png,0,4,2,koclip_xgb
11557,dietfood_0027.png,0,4,2,koclip_xgb
11558,dietfood_0027.png,0,3,2,koclip_xgb
11559,dietfood_0027.png,0,4,2,koclip_xgb
11560,dietfood_0027.png,0,4,2,koclip_xgb
11561,dietfood_0027.png,0,3,2,koclip_xgb
11562,dietfood_0027.png,0,2,2,koclip_xgb
11563,dietfood_0027.png,1,0,2,koclip_xgb
11564,dietfood_0028.png,3,3,2,koclip_xgb
11565,dietfood_0028.png,3,4,2,koclip_xgb
11566,dietfood_0028.png,1,4,2,koclip_xgb
11577,dietfood_0032.png,4,4,2,koclip_xgb
11578,dietfood_0032.png,3,4,2,koclip_xgb
11579,dietfood_0032.png,4,3,2,koclip_xgb
11580,dietfood_0032.png,3,3,2,koclip_xgb
11581,dietfood_0032.png,2,3,2,koclip_xgb
11592,dietfood_0034.png,2,4,2,koclip_xgb
11593,dietfood_0034.png,4,4,2,koclip_xgb
11594,dietfood_0034.png,4,2,2,koclip_xgb
11595,dietfood_0034.png,2,4,2,koclip_xgb
11596,dietfood_0034.png,4,4,2,koclip_xgb
11597,dietfood_0035.png,4,4,2,koclip_xgb
11598,dietfood_0035.png,3,4,2,koclip_xgb
11599,dietfood_0035.png,2,4,2,koclip_xgb
11600,dietfood_0035.png,4,4,2,koclip_xgb
11601,dietfood_0035.png,4,4,2,koclip_xgb
11602,dietfood_0035.png,3,4,2,koclip_xgb
11603,dietfood_0035.png,3,3,2,koclip_xgb
11604,dietfood_0035.png,4,4,2,koclip_xgb
11605,dietfood_0035.png,3,3,2,koclip_xgb
11606,dietfood_0035.png,3,3,2,koclip_xgb
11607,dietfood_0035.png,4,3,2,koclip_xgb
11608,dietfood_0035.png,4,4,2,koclip_xgb
11609,dietfood_0035.png,3,4,2,koclip_xgb
11610,dietfood_0035.png,1,4,2,koclip_xgb
11611,dietfood_0035.png,3,3,2,koclip_xgb
11612,dietfood_0035.png,1,4,2,koclip_xgb
11613,dietfood_0035.png,3,4,2,koclip_xgb
11614,dietfood_0035.png,2,4,2,koclip_xgb
11655,dietfood_0047.png,0,1,2,koclip_xgb
11656,dietfood_0047.png,0,4,2,koclip_xgb
11657,dietfood_0047.png,0,4,2,koclip_xgb
11658,dietfood_0047.png,0,4,2,koclip_xgb
11659,dietfood_0047.png,0,1,2,koclip_xgb
11660,dietfood_0049.png,3,3,2,koclip_xgb
11661,dietfood_0049.png,4,4,2,koclip_xgb
11662,dietfood_0049.png,4,3,2,koclip_xgb
11663,dietfood_0050.png,2,3,2,koclip_xgb
11664,dietfood_0050.png,2,3,2,koclip_xgb
11665,dietfood_0050.png,1,3,2,koclip_xgb
11666,dietfood_0050.png,4,4,2,koclip_xgb
11667,dietfood_0050.png,4,2,2,koclip_xgb
11668,dietfood_0050.png,3,2,2,koclip_xgb
11669,dietfood_0050.png,3,2,2,koclip_xgb
11670,dietfood_0050.png,4,4,2,koclip_xgb
11671,dietfood_0050.png,3,4,2,koclip_xgb
11672,dietfood_0050.png,4,4,2,koclip_xgb
11673,dietfood_0050.png,3,4,2,koclip_xgb
11674,dietfood_0050.png,3,4,2,koclip_xgb
11696,dietfood_0054.png,4,4,2,koclip_xgb
11697,dietfood_0054.png,2,3,2,koclip_xgb
11698,dietfood_0054.png,1,4,2,koclip_xgb
11699,dietfood_0054.png,4,4,2,koclip_xgb
11700,dietfood_0054.png,2,2,2,koclip_xgb
11706,dietfood_0056.png,4,4,2,koclip_xgb
11707,dietfood_0056.png,4,2,2,koclip_xgb
11708,dietfood_0056.png,3,4,2,koclip_xgb
11709,dietfood_0056.png,2,4,2,koclip_xgb
11710,dietfood_0056.png,4,4,2,koclip_xgb
11731,dietfood_0060.png,4,4,2,koclip_xgb
11732,dietfood_0060.png,4,4,2,koclip_xgb
11733,dietfood_0060.png,2,2,2,koclip_xgb
11734,dietfood_0060.png,4,3,2,koclip_xgb
11735,dietfood_0060.png,4,4,2,koclip_xgb
11736,dietfood_0060.png,3,2,2,koclip_xgb
11737,dietfood_0060.png,2,3,2,koclip_xgb
11916,dietfood_0086.png,3,4,2,koclip_xgb
11917,dietfood_0086.png,1,4,2,koclip_xgb
11918,dietfood_0086.png,4,4,2,koclip_xgb
11919,dietfood_0086.png,1,4,2,koclip_xgb
11920,dietfood_0086.png,3,4,2,koclip_xgb
11921,dietfood_0086.png,2,3,2,koclip_xgb
11922,dietfood_0086.png,1,4,2,koclip_xgb
11923,dietfood_0086.png,3,3,2,koclip_xgb
11984,dietfood_0096.png,4,3,2,koclip_xgb
11985,dietfood_0096.png,3,3,2,koclip_xgb
11986,dietfood_0096.png,3,2,2,koclip_xgb
11987,dietfood_0096.png,3,3,2,koclip_xgb
11988,dietfood_0096.png,3,3,2,koclip_xgb
12000,dietfood_0098.png,3,3,2,koclip_xgb
12001,dietfood_0098.png,3,3,2,koclip_xgb
12002,dietfood_0098.png,3,4,2,koclip_xgb
12003,dietfood_0098.png,2,1,2,koclip_xgb
12004,dietfood_0098.png,3,3,2,koclip_xgb
6,ai_0003.png,4,4,3,koclip_xgb
7,ai_0003.png,3,4,3,koclip_xgb
8,ai_0004.png,3,4,3,koclip_xgb
9,ai_0004.png,3,4,3,koclip_xgb
10,ai_0004.png,2,4,3,koclip_xgb
11,ai_0004.png,3,1,3,koclip_xgb
12,ai_0004.png,2,4,3,koclip_xgb
13,ai_0004.png,4,4,3,koclip_xgb
14,ai_0004.png,4,4,3,koclip_xgb
21,ai_0008.png,4,2,3,koclip_xgb
22,ai_0008.png,1,1,3,koclip_xgb
23,ai_0008.png,1,1,3,koclip_xgb
24,ai_0008.png,1,1,3,koclip_xgb
25,ai_0008.png,2,1,3,koclip_xgb
26,ai_0008.png,2,2,3,koclip_xgb
27,ai_0008.png,1,3,3,koclip_xgb
28,ai_0008.png,3,1,3,koclip_xgb
29,ai_0008.png,4,1,3,koclip_xgb
30,ai_0008.png,4,4,3,koclip_xgb
31,ai_0008.png,2,1,3,koclip_xgb
32,ai_0008.png,1,1,3,koclip_xgb
33,ai_0008.png,1,1,3,koclip_xgb
187,ai_0019.png,4,4,3,koclip_xgb
188,ai_0019.png,4,3,3,koclip_xgb
189,ai_0019.png,2,3,3,koclip_xgb
190,ai_0019.png,1,4,3,koclip_xgb
191,ai_0019.png,1,2,3,koclip_xgb
192,ai_0019.png,1,3,3,koclip_xgb
193,ai_0019.png,2,2,3,koclip_xgb
194,ai_0019.png,3,2,3,koclip_xgb
195,ai_0019.png,3,3,3,koclip_xgb
196,ai_0019.png,1,4,3,koclip_xgb
197,ai_0019.png,2,2,3,koclip_xgb
198,ai_0019.png,1,1,3,koclip_xgb
199,ai_0019.png,2,3,3,koclip_xgb
200,ai_0019.png,3,0,3,koclip_xgb
201,ai_0019.png,3,1,3,koclip_xgb
202,ai_0019.png,3,1,3,koclip_xgb
203,ai_0019.png,3,1,3,koclip_xgb
204,ai_0019.png,3,1,3,koclip_xgb
205,ai_0019.png,2,4,3,koclip_xgb
206,ai_0019.png,2,4,3,koclip_xgb
207,ai_0019.png,0,4,3,koclip_xgb
208,ai_0019.png,1,2,3,koclip_xgb
209,ai_0019.png,0,0,3,koclip_xgb
210,ai_0019.png,1,1,3,koclip_xgb
211,ai_0019.png,4,4,3,koclip_xgb
212,ai_0019.png,1,4,3,koclip_xgb
213,ai_0019.png,3,4,3,koclip_xgb
237,domesticTravel_0004.png,4,4,3,koclip_xgb
238,domesticTravel_0004.png,3,4,3,koclip_xgb
239,domesticTravel_0004.png,4,2,3,koclip_xgb
240,domesticTravel_0004.png,4,4,3,koclip_xgb
241,domesticTravel_0004.png,3,1,3,koclip_xgb
242,domesticTravel_0004.png,3,3,3,koclip_xgb
243,domesticTravel_0004.png,3,3,3,koclip_xgb
244,domesticTravel_0004.png,2,2,3,koclip_xgb
245,domesticTravel_0004.png,2,4,3,koclip_xgb
246,domesticTravel_0004.png,2,2,3,koclip_xgb
247,domesticTravel_0004.png,0,1,3,koclip_xgb
248,domesticTravel_0004.png,1,1,3,koclip_xgb
249,domesticTravel_0004.png,4,4,3,koclip_xgb
250,domesticTravel_0004.png,1,1,3,koclip_xgb
251,domesticTravel_0004.png,2,2,3,koclip_xgb
252,domesticTravel_0004.png,2,2,3,koclip_xgb
253,domesticTravel_0004.png,3,2,3,koclip_xgb
254,domesticTravel_0004.png,3,3,3,koclip_xgb
255,domesticTravel_0004.png,2,2,3,koclip_xgb
256,domesticTravel_0004.png,3,3,3,koclip_xgb
266,domesticTravel_0010.png,3,4,3,koclip_xgb
267,domesticTravel_0010.png,4,1,3,koclip_xgb
268,domesticTravel_0010.png,4,4,3,koclip_xgb
269,domesticTravel_0010.png,4,1,3,koclip_xgb
270,domesticTravel_0010.png,3,3,3,koclip_xgb
271,domesticTravel_0010.png,2,1,3,koclip_xgb
272,domesticTravel_0010.png,3,4,3,koclip_xgb
273,domesticTravel_0010.png,4,4,3,koclip_xgb
274,domesticTravel_0010.png,4,1,3,koclip_xgb
275,domesticTravel_0010.png,4,4,3,koclip_xgb
276,domesticTravel_0010.png,1,1,3,koclip_xgb
277,domesticTravel_0010.png,2,2,3,koclip_xgb
278,domesticTravel_0010.png,0,2,3,koclip_xgb
289,domesticTravel_0013.png,4,4,3,koclip_xgb
378,fall_0007.png,4,4,3,koclip_xgb
379,fall_0007.png,4,4,3,koclip_xgb
380,fall_0007.png,3,1,3,koclip_xgb
381,fall_0007.png,3,1,3,koclip_xgb
382,fall_0007.png,4,4,3,koclip_xgb
383,fall_0007.png,4,4,3,koclip_xgb
384,fall_0007.png,4,4,3,koclip_xgb
385,fall_0007.png,4,4,3,koclip_xgb
386,fall_0007.png,4,4,3,koclip_xgb
387,fall_0007.png,4,1,3,koclip_xgb
388,fall_0007.png,4,4,3,koclip_xgb
389,fall_0007.png,4,1,3,koclip_xgb
390,fall_0007.png,4,1,3,koclip_xgb
391,fall_0007.png,1,0,3,koclip_xgb
392,fall_0007.png,1,0,3,koclip_xgb
393,fall_0007.png,1,4,3,koclip_xgb
394,fall_0007.png,0,1,3,koclip_xgb
395,fall_0007.png,0,1,3,koclip_xgb
396,fall_0007.png,1,1,3,koclip_xgb
397,fall_0007.png,1,1,3,koclip_xgb
398,fall_0007.png,1,1,3,koclip_xgb
399,fall_0007.png,1,1,3,koclip_xgb
400,fall_0007.png,1,1,3,koclip_xgb
401,fall_0007.png,0,1,3,koclip_xgb
402,fall_0007.png,0,1,3,koclip_xgb
403,fall_0007.png,0,1,3,koclip_xgb
404,fall_0007.png,1,1,3,koclip_xgb
405,fall_0007.png,1,1,3,koclip_xgb
406,fall_0007.png,2,1,3,koclip_xgb
407,fall_0007.png,3,1,3,koclip_xgb
408,fall_0008.png,4,1,3,koclip_xgb
409,fall_0008.png,4,2,3,koclip_xgb
410,fall_0008.png,4,0,3,koclip_xgb
411,fall_0008.png,1,1,3,koclip_xgb
609,fashion_0006.png,4,1,3,koclip_xgb
610,fashion_0006.png,1,0,3,koclip_xgb
611,fashion_0006.png,1,3,3,koclip_xgb
612,fashion_0006.png,1,1,3,koclip_xgb
613,fashion_0006.png,0,0,3,koclip_xgb
614,fashion_0006.png,4,1,3,koclip_xgb
615,fashion_0006.png,4,1,3,koclip_xgb
616,fashion_0006.png,3,0,3,koclip_xgb
617,fashion_0006.png,2,1,3,koclip_xgb
618,fashion_0006.png,2,3,3,koclip_xgb
619,fashion_0006.png,2,0,3,koclip_xgb
620,fashion_0006.png,2,4,3,koclip_xgb
621,fashion_0006.png,3,3,3,koclip_xgb
622,fashion_0006.png,2,2,3,koclip_xgb
623,fashion_0006.png,0,0,3,koclip_xgb
624,fashion_0006.png,3,3,3,koclip_xgb
625,fashion_0006.png,1,1,3,koclip_xgb
626,fashion_0006.png,2,2,3,koclip_xgb
627,fashion_0006.png,4,0,3,koclip_xgb
628,fashion_0006.png,4,4,3,koclip_xgb
629,fashion_0006.png,1,1,3,koclip_xgb
630,fashion_0006.png,0,0,3,koclip_xgb
631,fashion_0006.png,0,0,3,koclip_xgb
632,fashion_0006.png,0,1,3,koclip_xgb
633,fashion_0015.png,4,1,3,koclip_xgb
634,fashion_0015.png,4,1,3,koclip_xgb
635,fashion_0015.png,3,1,3,koclip_xgb
636,fashion_0015.png,4,4,3,koclip_xgb
637,fashion_0015.png,4,4,3,koclip_xgb
638,fashion_0015.png,4,1,3,koclip_xgb
639,fashion_0015.png,3,3,3,koclip_xgb
640,fashion_0015.png,3,3,3,koclip_xgb
641,fashion_0015.png,3,0,3,koclip_xgb
642,fashion_0015.png,3,1,3,koclip_xgb
643,fashion_0015.png,2,4,3,koclip_xgb
644,fashion_0015.png,4,4,3,koclip_xgb
645,fashion_0015.png,4,4,3,koclip_xgb
646,fashion_0015.png,3,1,3,koclip_xgb
647,fashion_0015.png,3,4,3,koclip_xgb
648,fashion_0015.png,1,1,3,koclip_xgb
649,fashion_0015.png,4,4,3,koclip_xgb
650,fashion_0015.png,4,4,3,koclip_xgb
651,fashion_0015.png,3,1,3,koclip_xgb
652,fashion_0015.png,1,1,3,koclip_xgb
653,fashion_0015.png,4,4,3,koclip_xgb
654,fashion_0015.png,4,4,3,koclip_xgb
655,fashion_0015.png,1,1,3,koclip_xgb
656,fashion_0015.png,4,2,3,koclip_xgb
657,fashion_0015.png,3,4,3,koclip_xgb
658,fashion_0015.png,4,2,3,koclip_xgb
659,fashion_0015.png,3,1,3,koclip_xgb
660,fashion_0015.png,3,1,3,koclip_xgb
661,fashion_0015.png,4,1,3,koclip_xgb
662,fashion_0015.png,3,1,3,koclip_xgb
763,movie_0008.png,1,1,3,koclip_xgb
764,movie_0008.png,3,1,3,koclip_xgb
765,movie_0008.png,3,1,3,koclip_xgb
766,movie_0008.png,3,3,3,koclip_xgb
767,movie_0008.png,3,1,3,koclip_xgb
768,movie_0008.png,1,1,3,koclip_xgb
769,movie_0008.png,3,4,3,koclip_xgb
770,movie_0008.png,3,2,3,koclip_xgb
771,movie_0008.png,3,1,3,koclip_xgb
772,movie_0008.png,3,1,3,koclip_xgb
773,movie_0008.png,2,2,3,koclip_xgb
774,movie_0008.png,2,1,3,koclip_xgb
775,movie_0008.png,3,1,3,koclip_xgb
776,movie_0008.png,3,1,3,koclip_xgb
777,movie_0008.png,1,3,3,koclip_xgb
778,movie_0008.png,0,1,3,koclip_xgb
779,movie_0008.png,1,2,3,koclip_xgb
780,movie_0008.png,0,3,3,koclip_xgb
781,movie_0008.png,1,4,3,koclip_xgb
850,movie_0017.png,1,2,3,koclip_xgb
851,movie_0017.png,1,1,3,koclip_xgb
852,movie_0017.png,0,4,3,koclip_xgb
853,movie_0017.png,1,4,3,koclip_xgb
854,movie_0017.png,0,4,3,koclip_xgb
855,movie_0017.png,2,2,3,koclip_xgb
856,movie_0017.png,2,1,3,koclip_xgb
857,movie_0017.png,1,1,3,koclip_xgb
858,movie_0017.png,2,2,3,koclip_xgb
859,movie_0017.png,0,1,3,koclip_xgb
860,movie_0017.png,1,2,3,koclip_xgb
861,movie_0017.png,0,2,3,koclip_xgb
862,movie_0017.png,2,2,3,koclip_xgb
863,movie_0017.png,1,2,3,koclip_xgb
864,movie_0017.png,2,2,3,koclip_xgb
865,movie_0017.png,3,1,3,koclip_xgb
866,movie_0017.png,2,2,3,koclip_xgb
867,movie_0017.png,3,2,3,koclip_xgb
868,movie_0017.png,4,1,3,koclip_xgb
869,movie_0017.png,2,2,3,koclip_xgb
870,movie_0017.png,4,1,3,koclip_xgb
871,movie_0017.png,2,1,3,koclip_xgb
872,movie_0017.png,1,2,3,koclip_xgb
873,movie_0017.png,4,2,3,koclip_xgb
948,olive_0006.png,4,2,3,koclip_xgb
949,olive_0006.png,4,3,3,koclip_xgb
950,olive_0006.png,4,4,3,koclip_xgb
951,olive_0006.png,4,2,3,koclip_xgb
952,olive_0006.png,4,2,3,koclip_xgb
953,olive_0006.png,4,2,3,koclip_xgb
954,olive_0006.png,3,4,3,koclip_xgb
955,olive_0006.png,1,4,3,koclip_xgb
956,olive_0006.png,1,4,3,koclip_xgb
957,olive_0006.png,1,2,3,koclip_xgb
958,olive_0006.png,1,1,3,koclip_xgb
959,olive_0006.png,1,2,3,koclip_xgb
960,olive_0006.png,2,1,3,koclip_xgb
961,olive_0006.png,1,1,3,koclip_xgb
1062,olive_0018.png,4,1,3,koclip_xgb
1063,olive_0018.png,4,2,3,koclip_xgb
1064,olive_0018.png,3,1,3,koclip_xgb
1065,olive_0018.png,3,1,3,koclip_xgb
1066,olive_0018.png,4,2,3,koclip_xgb
1067,olive_0018.png,4,2,3,koclip_xgb
1144,restaurant_0003.png,4,1,3,koclip_xgb
1145,restaurant_0003.png,2,2,3,koclip_xgb
1146,restaurant_0003.png,3,3,3,koclip_xgb
1147,restaurant_0003.png,4,1,3,koclip_xgb
1148,restaurant_0003.png,4,2,3,koclip_xgb
1149,restaurant_0003.png,4,4,3,koclip_xgb
1150,restaurant_0003.png,4,0,3,koclip_xgb
1151,restaurant_0003.png,2,2,3,koclip_xgb
1152,restaurant_0003.png,3,3,3,koclip_xgb
1153,restaurant_0003.png,4,0,3,koclip_xgb
1154,restaurant_0003.png,4,0,3,koclip_xgb
1155,restaurant_0003.png,4,0,3,koclip_xgb
1156,restaurant_0003.png,4,0,3,koclip_xgb
1157,restaurant_0003.png,3,2,3,koclip_xgb
1158,restaurant_0003.png,4,3,3,koclip_xgb
1159,restaurant_0003.png,2,1,3,koclip_xgb
1160,restaurant_0003.png,0,2,3,koclip_xgb
1352,zerokal_0003.png,4,4,3,koclip_xgb
1353,zerokal_0003.png,3,4,3,koclip_xgb
1354,zerokal_0003.png,3,3,3,koclip_xgb
1355,zerokal_0003.png,2,3,3,koclip_xgb
1408,zerokal_0007.png,2,1,3,koclip_xgb
1409,zerokal_0007.png,3,1,3,koclip_xgb
1410,zerokal_0007.png,1,4,3,koclip_xgb
1411,zerokal_0007.png,4,1,3,koclip_xgb
1412,zerokal_0007.png,3,1,3,koclip_xgb
1413,zerokal_0007.png,3,1,3,koclip_xgb
1414,zerokal_0007.png,3,2,3,koclip_xgb
1437,zerokal_0011.png,0,1,3,koclip_xgb
1438,zerokal_0011.png,4,1,3,koclip_xgb
1439,zerokal_0011.png,3,1,3,koclip_xgb
1440,zerokal_0011.png,2,2,3,koclip_xgb
1441,zerokal_0011.png,4,3,3,koclip_xgb
1442,zerokal_0011.png,1,4,3,koclip_xgb
1443,zerokal_0011.png,1,1,3,koclip_xgb
1444,zerokal_0011.png,2,3,3,koclip_xgb
1445,zerokal_0011.png,2,3,3,koclip_xgb
1446,zerokal_0011.png,3,1,3,koclip_xgb
1500,zerokal_0019.png,4,1,3,koclip_xgb
1501,zerokal_0019.png,4,4,3,koclip_xgb
1502,zerokal_0019.png,4,4,3,koclip_xgb
1503,zerokal_0019.png,1,1,3,koclip_xgb
1504,zerokal_0019.png,4,4,3,koclip_xgb
1505,zerokal_0019.png,1,3,3,koclip_xgb
1506,zerokal_0019.png,1,1,3,koclip_xgb
1507,zerokal_0019.png,1,1,3,koclip_xgb
1508,zerokal_0019.png,0,1,3,koclip_xgb
1509,zerokal_0019.png,4,3,3,koclip_xgb
1510,zerokal_0019.png,3,3,3,koclip_xgb
1511,zerokal_0019.png,1,1,3,koclip_xgb
1512,zerokal_0019.png,0,4,3,koclip_xgb
1634,travelgram_0031.png,4,4,3,koclip_xgb
1635,travelgram_0031.png,4,4,3,koclip_xgb
1636,travelgram_0031.png,3,4,3,koclip_xgb
1637,travelgram_0031.png,3,3,3,koclip_xgb
1638,travelgram_0031.png,4,3,3,koclip_xgb
1643,travelgram_0036.png,4,3,3,koclip_xgb
1644,travelgram_0036.png,4,1,3,koclip_xgb
1645,travelgram_0036.png,4,3,3,koclip_xgb
1646,travelgram_0036.png,3,3,3,koclip_xgb
1647,travelgram_0036.png,3,3,3,koclip_xgb
1672,travelgram_0047.png,2,2,3,koclip_xgb
1673,travelgram_0047.png,4,3,3,koclip_xgb
1674,travelgram_0047.png,1,2,3,koclip_xgb
1675,travelgram_0047.png,3,3,3,koclip_xgb
1676,travelgram_0047.png,3,2,3,koclip_xgb
1677,travelgram_0049.png,1,1,3,koclip_xgb
1678,travelgram_0049.png,2,1,3,koclip_xgb
1679,travelgram_0049.png,0,1,3,koclip_xgb
1680,travelgram_0049.png,0,1,3,koclip_xgb
1681,travelgram_0049.png,2,1,3,koclip_xgb
1691,travelgram_0053.png,2,3,3,koclip_xgb
1695,travelgram_0055.png,4,3,3,koclip_xgb
1696,travelgram_0055.png,4,3,3,koclip_xgb
1697,travelgram_0055.png,3,3,3,koclip_xgb
1698,travelgram_0055.png,3,0,3,koclip_xgb
1699,travelgram_0055.png,3,3,3,koclip_xgb
1732,travelgram_0058.png,4,3,3,koclip_xgb
1733,travelgram_0058.png,4,4,3,koclip_xgb
1734,travelgram_0058.png,1,1,3,koclip_xgb
1735,travelgram_0058.png,1,2,3,koclip_xgb
1736,travelgram_0058.png,3,4,3,koclip_xgb
1848,travelgram_0087.png,2,2,3,koclip_xgb
1881,solotravel_0006.png,4,4,3,koclip_xgb
1882,solotravel_0006.png,3,3,3,koclip_xgb
1883,solotravel_0006.png,4,3,3,koclip_xgb
1927,solotravel_0022.png,1,4,3,koclip_xgb
1928,solotravel_0022.png,1,3,3,koclip_xgb
1929,solotravel_0022.png,2,3,3,koclip_xgb
1930,solotravel_0023.png,4,4,3,koclip_xgb
1931,solotravel_0023.png,4,4,3,koclip_xgb
1932,solotravel_0023.png,4,4,3,koclip_xgb
1933,solotravel_0023.png,2,4,3,koclip_xgb
1934,solotravel_0023.png,2,2,3,koclip_xgb
1959,solotravel_0035.png,0,4,3,koclip_xgb
1960,solotravel_0035.png,0,4,3,koclip_xgb
1961,solotravel_0035.png,1,4,3,koclip_xgb
1962,solotravel_0035.png,1,4,3,koclip_xgb
1963,solotravel_0035.png,1,3,3,koclip_xgb
1968,solotravel_0038.png,2,4,3,koclip_xgb
1969,solotravel_0038.png,1,4,3,koclip_xgb
1970,solotravel_0038.png,1,1,3,koclip_xgb
1971,solotravel_0038.png,4,4,3,koclip_xgb
1972,solotravel_0038.png,4,3,3,koclip_xgb
1973,solotravel_0039.png,4,1,3,koclip_xgb
1974,solotravel_0039.png,1,4,3,koclip_xgb
1975,solotravel_0039.png,1,1,3,koclip_xgb
1976,solotravel_0039.png,1,4,3,koclip_xgb
1977,solotravel_0039.png,1,1,3,koclip_xgb
1978,solotravel_0039.png,4,2,3,koclip_xgb
1979,solotravel_0039.png,3,3,3,koclip_xgb
1980,solotravel_0039.png,3,3,3,koclip_xgb
1981,solotravel_0039.png,4,4,3,koclip_xgb
1982,solotravel_0039.png,1,3,3,koclip_xgb
1983,solotravel_0039.png,1,4,3,koclip_xgb
1984,solotravel_0039.png,2,3,3,koclip_xgb
2012,solotravel_0046.png,1,3,3,koclip_xgb
2013,solotravel_0046.png,1,2,3,koclip_xgb
2014,solotravel_0046.png,1,3,3,koclip_xgb
2015,solotravel_0046.png,3,3,3,koclip_xgb
2016,solotravel_0046.png,3,3,3,koclip_xgb
2017,solotravel_0046.png,2,2,3,koclip_xgb
2018,solotravel_0046.png,1,3,3,koclip_xgb
2019,solotravel_0046.png,3,2,3,koclip_xgb
2020,solotravel_0046.png,3,3,3,koclip_xgb
2021,solotravel_0046.png,4,3,3,koclip_xgb
2022,solotravel_0046.png,4,4,3,koclip_xgb
2023,solotravel_0046.png,4,2,3,koclip_xgb
2024,solotravel_0046.png,2,3,3,koclip_xgb
2025,solotravel_0046.png,0,4,3,koclip_xgb
2026,solotravel_0046.png,2,3,3,koclip_xgb
2058,solotravel_0051.png,4,4,3,koclip_xgb
2059,solotravel_0051.png,2,4,3,koclip_xgb
2060,solotravel_0051.png,3,4,3,koclip_xgb
2076,solotravel_0059.png,4,4,3,koclip_xgb
2077,solotravel_0059.png,3,1,3,koclip_xgb
2078,solotravel_0059.png,4,3,3,koclip_xgb
2079,solotravel_0059.png,4,4,3,koclip_xgb
2080,solotravel_0059.png,2,1,3,koclip_xgb
2081,solotravel_0059.png,1,3,3,koclip_xgb
2082,solotravel_0059.png,4,4,3,koclip_xgb
2096,solotravel_0062.png,4,1,3,koclip_xgb
2097,solotravel_0063.png,4,4,3,koclip_xgb
2098,solotravel_0063.png,4,4,3,koclip_xgb
2099,solotravel_0063.png,3,4,3,koclip_xgb
2100,solotravel_0063.png,3,3,3,koclip_xgb
2101,solotravel_0063.png,4,3,3,koclip_xgb
2102,solotravel_0063.png,3,3,3,koclip_xgb
2103,solotravel_0063.png,1,1,3,koclip_xgb
2104,solotravel_0063.png,1,1,3,koclip_xgb
2105,solotravel_0063.png,1,3,3,koclip_xgb
2106,solotravel_0063.png,3,3,3,koclip_xgb
2107,solotravel_0064.png,1,3,3,koclip_xgb
2108,solotravel_0064.png,1,2,3,koclip_xgb
2109,solotravel_0064.png,2,4,3,koclip_xgb
2110,solotravel_0064.png,3,4,3,koclip_xgb
2126,solotravel_0068.png,4,4,3,koclip_xgb
2127,solotravel_0068.png,4,4,3,koclip_xgb
2128,solotravel_0068.png,4,4,3,koclip_xgb
2129,solotravel_0068.png,3,3,3,koclip_xgb
2130,solotravel_0068.png,1,4,3,koclip_xgb
2131,solotravel_0068.png,1,4,3,koclip_xgb
2132,solotravel_0068.png,0,4,3,koclip_xgb
2133,solotravel_0068.png,1,4,3,koclip_xgb
2134,solotravel_0068.png,1,4,3,koclip_xgb
2135,solotravel_0068.png,1,4,3,koclip_xgb
2136,solotravel_0068.png,1,4,3,koclip_xgb
2137,solotravel_0068.png,1,4,3,koclip_xgb
2138,solotravel_0068.png,1,4,3,koclip_xgb
2139,solotravel_0068.png,0,4,3,koclip_xgb
2199,solotravel_0083.png,2,1,3,koclip_xgb
2200,solotravel_0083.png,3,3,3,koclip_xgb
2201,solotravel_0083.png,3,3,3,koclip_xgb
2202,solotravel_0083.png,4,1,3,koclip_xgb
2203,solotravel_0083.png,1,3,3,koclip_xgb
2219,solotravel_0089.png,4,3,3,koclip_xgb
2220,solotravel_0089.png,3,4,3,koclip_xgb
2221,solotravel_0089.png,3,1,3,koclip_xgb
2222,solotravel_0089.png,4,3,3,koclip_xgb
2241,solotravel_0097.png,3,4,3,koclip_xgb
2242,solotravel_0097.png,4,4,3,koclip_xgb
2243,solotravel_0097.png,3,3,3,koclip_xgb
2279,travel_0007.png,2,2,3,koclip_xgb
2280,travel_0007.png,3,3,3,koclip_xgb
2327,travel_0019.png,3,3,3,koclip_xgb
2328,travel_0019.png,4,4,3,koclip_xgb
2329,travel_0019.png,4,4,3,koclip_xgb
2330,travel_0019.png,3,4,3,koclip_xgb
2354,travel_0026.png,4,3,3,koclip_xgb
2355,travel_0029.png,4,4,3,koclip_xgb
2356,travel_0029.png,3,2,3,koclip_xgb
2357,travel_0029.png,1,4,3,koclip_xgb
2358,travel_0029.png,2,2,3,koclip_xgb
2359,travel_0029.png,0,2,3,koclip_xgb
2369,travel_0032.png,4,3,3,koclip_xgb
2370,travel_0032.png,4,2,3,koclip_xgb
2371,travel_0032.png,3,3,3,koclip_xgb
2372,travel_0032.png,4,3,3,koclip_xgb
2373,travel_0032.png,3,4,3,koclip_xgb
2389,travel_0043.png,4,4,3,koclip_xgb
2390,travel_0043.png,3,3,3,koclip_xgb
2391,travel_0043.png,2,3,3,koclip_xgb
2395,travel_0045.png,2,2,3,koclip_xgb
2396,travel_0045.png,4,3,3,koclip_xgb
2397,travel_0045.png,0,2,3,koclip_xgb
2398,travel_0045.png,2,1,3,koclip_xgb
2399,travel_0045.png,2,3,3,koclip_xgb
2400,travel_0045.png,2,1,3,koclip_xgb
2401,travel_0045.png,0,4,3,koclip_xgb
2402,travel_0045.png,0,4,3,koclip_xgb
2403,travel_0045.png,0,4,3,koclip_xgb
2404,travel_0045.png,0,4,3,koclip_xgb
2405,travel_0045.png,0,1,3,koclip_xgb
2406,travel_0045.png,0,4,3,koclip_xgb
2421,travel_0048.png,4,4,3,koclip_xgb
2422,travel_0048.png,3,3,3,koclip_xgb
2423,travel_0048.png,3,3,3,koclip_xgb
2424,travel_0048.png,4,4,3,koclip_xgb
2478,travel_0058.png,4,4,3,koclip_xgb
2479,travel_0058.png,4,4,3,koclip_xgb
2480,travel_0058.png,1,1,3,koclip_xgb
2481,travel_0058.png,4,4,3,koclip_xgb
2482,travel_0058.png,2,3,3,koclip_xgb
2522,travel_0066.png,0,1,3,koclip_xgb
2523,travel_0066.png,0,0,3,koclip_xgb
2524,travel_0066.png,0,1,3,koclip_xgb
2525,travel_0066.png,0,0,3,koclip_xgb
2526,travel_0066.png,0,1,3,koclip_xgb
2591,travel_0082.png,1,3,3,koclip_xgb
2592,travel_0082.png,4,3,3,koclip_xgb
2593,travel_0082.png,3,2,3,koclip_xgb
2594,travel_0082.png,1,1,3,koclip_xgb
2595,travel_0082.png,3,3,3,koclip_xgb
2596,travel_0082.png,3,3,3,koclip_xgb
2597,travel_0082.png,0,4,3,koclip_xgb
2646,travel_0095.png,4,3,3,koclip_xgb
2666,foodstagram_0012.png,4,3,3,koclip_xgb
2667,foodstagram_0012.png,2,1,3,koclip_xgb
2668,foodstagram_0012.png,4,3,3,koclip_xgb
2669,foodstagram_0012.png,3,3,3,koclip_xgb
2670,foodstagram_0012.png,4,3,3,koclip_xgb
2671,foodstagram_0012.png,3,3,3,koclip_xgb
2672,foodstagram_0012.png,3,3,3,koclip_xgb
2673,foodstagram_0012.png,3,3,3,koclip_xgb
2674,foodstagram_0012.png,3,3,3,koclip_xgb
2675,foodstagram_0012.png,4,3,3,koclip_xgb
2676,foodstagram_0012.png,4,3,3,koclip_xgb
2677,foodstagram_0012.png,1,0,3,koclip_xgb
2678,foodstagram_0012.png,1,2,3,koclip_xgb
2679,foodstagram_0012.png,2,2,3,koclip_xgb
2680,foodstagram_0012.png,2,4,3,koclip_xgb
2681,foodstagram_0012.png,3,4,3,koclip_xgb
2682,foodstagram_0012.png,4,4,3,koclip_xgb
2683,foodstagram_0012.png,3,3,3,koclip_xgb
2684,foodstagram_0012.png,4,4,3,koclip_xgb
2685,foodstagram_0012.png,4,4,3,koclip_xgb
2686,foodstagram_0012.png,3,4,3,koclip_xgb
2687,foodstagram_0012.png,3,3,3,koclip_xgb
2688,foodstagram_0012.png,3,3,3,koclip_xgb
2695,foodstagram_0014.png,4,4,3,koclip_xgb
2696,foodstagram_0014.png,3,4,3,koclip_xgb
2775,foodstagram_0026.png,1,4,3,koclip_xgb
2776,foodstagram_0026.png,1,4,3,koclip_xgb
2777,foodstagram_0026.png,4,3,3,koclip_xgb
2778,foodstagram_0026.png,3,3,3,koclip_xgb
2779,foodstagram_0026.png,4,3,3,koclip_xgb
2780,foodstagram_0026.png,3,3,3,koclip_xgb
2781,foodstagram_0026.png,1,1,3,koclip_xgb
2782,foodstagram_0026.png,1,3,3,koclip_xgb
2783,foodstagram_0026.png,2,2,3,koclip_xgb
2784,foodstagram_0026.png,2,3,3,koclip_xgb
2785,foodstagram_0026.png,2,2,3,koclip_xgb
2786,foodstagram_0026.png,2,2,3,koclip_xgb
2787,foodstagram_0026.png,2,2,3,koclip_xgb
2788,foodstagram_0026.png,2,2,3,koclip_xgb
2789,foodstagram_0026.png,2,4,3,koclip_xgb
2790,foodstagram_0026.png,2,2,3,koclip_xgb
2791,foodstagram_0026.png,1,3,3,koclip_xgb
2792,foodstagram_0026.png,4,4,3,koclip_xgb
2793,foodstagram_0026.png,4,4,3,koclip_xgb
2794,foodstagram_0026.png,4,3,3,koclip_xgb
2795,foodstagram_0026.png,4,3,3,koclip_xgb
2796,foodstagram_0026.png,1,3,3,koclip_xgb
2797,foodstagram_0026.png,1,3,3,koclip_xgb
2798,foodstagram_0026.png,1,2,3,koclip_xgb
2799,foodstagram_0026.png,1,2,3,koclip_xgb
2800,foodstagram_0026.png,1,3,3,koclip_xgb
2801,foodstagram_0026.png,1,3,3,koclip_xgb
2802,foodstagram_0026.png,1,1,3,koclip_xgb
2822,foodstagram_0031.png,0,1,3,koclip_xgb
2823,foodstagram_0031.png,0,4,3,koclip_xgb
2824,foodstagram_0031.png,0,4,3,koclip_xgb
2825,foodstagram_0031.png,0,4,3,koclip_xgb
2826,foodstagram_0031.png,0,4,3,koclip_xgb
2827,foodstagram_0031.png,0,4,3,koclip_xgb
2828,foodstagram_0032.png,4,4,3,koclip_xgb
2829,foodstagram_0032.png,4,4,3,koclip_xgb
2830,foodstagram_0032.png,4,4,3,koclip_xgb
2831,foodstagram_0032.png,2,4,3,koclip_xgb
2917,foodstagram_0058.png,4,3,3,koclip_xgb
2918,foodstagram_0058.png,4,4,3,koclip_xgb
2919,foodstagram_0058.png,1,1,3,koclip_xgb
2920,foodstagram_0058.png,3,2,3,koclip_xgb
2921,foodstagram_0058.png,3,3,3,koclip_xgb
2998,foodstagram_0068.png,4,3,3,koclip_xgb
2999,foodstagram_0068.png,4,4,3,koclip_xgb
3000,foodstagram_0068.png,4,4,3,koclip_xgb
3033,foodstagram_0083.png,4,4,3,koclip_xgb
3034,foodstagram_0083.png,4,4,3,koclip_xgb
3035,foodstagram_0083.png,4,4,3,koclip_xgb
3036,foodstagram_0083.png,4,4,3,koclip_xgb
3037,foodstagram_0083.png,4,4,3,koclip_xgb
3038,foodstagram_0084.png,1,1,3,koclip_xgb
3039,foodstagram_0084.png,0,1,3,koclip_xgb
3040,foodstagram_0084.png,0,4,3,koclip_xgb
3041,foodstagram_0084.png,0,4,3,koclip_xgb
3042,foodstagram_0084.png,0,4,3,koclip_xgb
3124,meokstagram_0005.png,3,0,3,koclip_xgb
3125,meokstagram_0005.png,3,3,3,koclip_xgb
3126,meokstagram_0005.png,3,3,3,koclip_xgb
3127,meokstagram_0005.png,1,0,3,koclip_xgb
3128,meokstagram_0005.png,1,0,3,koclip_xgb
3129,meokstagram_0005.png,2,0,3,koclip_xgb
3130,meokstagram_0005.png,1,0,3,koclip_xgb
3131,meokstagram_0005.png,2,0,3,koclip_xgb
3132,meokstagram_0005.png,4,3,3,koclip_xgb
3133,meokstagram_0005.png,3,3,3,koclip_xgb
3134,meokstagram_0005.png,3,3,3,koclip_xgb
3179,meokstagram_0012.png,4,4,3,koclip_xgb
3180,meokstagram_0012.png,4,4,3,koclip_xgb
3181,meokstagram_0012.png,2,4,3,koclip_xgb
3182,meokstagram_0012.png,4,3,3,koclip_xgb
3183,meokstagram_0012.png,1,3,3,koclip_xgb
3184,meokstagram_0012.png,1,1,3,koclip_xgb
3185,meokstagram_0012.png,0,0,3,koclip_xgb
3186,meokstagram_0012.png,3,4,3,koclip_xgb
3187,meokstagram_0013.png,3,4,3,koclip_xgb
3188,meokstagram_0013.png,3,4,3,koclip_xgb
3195,meokstagram_0015.png,4,3,3,koclip_xgb
3196,meokstagram_0015.png,3,3,3,koclip_xgb
3197,meokstagram_0015.png,1,4,3,koclip_xgb
3198,meokstagram_0015.png,1,1,3,koclip_xgb
3199,meokstagram_0015.png,4,4,3,koclip_xgb
3234,meokstagram_0021.png,4,4,3,koclip_xgb
3235,meokstagram_0021.png,4,4,3,koclip_xgb
3248,meokstagram_0028.png,4,4,3,koclip_xgb
3249,meokstagram_0028.png,0,4,3,koclip_xgb
3250,meokstagram_0028.png,1,3,3,koclip_xgb
3266,meokstagram_0033.png,3,2,3,koclip_xgb
3267,meokstagram_0033.png,3,1,3,koclip_xgb
3268,meokstagram_0033.png,4,3,3,koclip_xgb
3269,meokstagram_0033.png,4,3,3,koclip_xgb
3270,meokstagram_0033.png,2,3,3,koclip_xgb
3271,meokstagram_0033.png,1,0,3,koclip_xgb
3272,meokstagram_0033.png,0,0,3,koclip_xgb
3273,meokstagram_0033.png,3,2,3,koclip_xgb
3274,meokstagram_0033.png,2,2,3,koclip_xgb
3275,meokstagram_0033.png,2,1,3,koclip_xgb
3276,meokstagram_0033.png,1,0,3,koclip_xgb
3277,meokstagram_0033.png,1,0,3,koclip_xgb
3278,meokstagram_0033.png,0,3,3,koclip_xgb
3279,meokstagram_0033.png,0,3,3,koclip_xgb
3280,meokstagram_0033.png,0,0,3,koclip_xgb
3281,meokstagram_0033.png,1,0,3,koclip_xgb
3282,meokstagram_0033.png,2,3,3,koclip_xgb
3283,meokstagram_0033.png,4,4,3,koclip_xgb
3284,meokstagram_0033.png,3,3,3,koclip_xgb
3344,meokstagram_0048.png,0,4,3,koclip_xgb
3345,meokstagram_0048.png,4,4,3,koclip_xgb
3346,meokstagram_0048.png,4,3,3,koclip_xgb
3347,meokstagram_0048.png,4,3,3,koclip_xgb
3348,meokstagram_0048.png,3,3,3,koclip_xgb
3349,meokstagram_0048.png,2,2,3,koclip_xgb
3350,meokstagram_0048.png,2,2,3,koclip_xgb
3351,meokstagram_0048.png,0,4,3,koclip_xgb
3352,meokstagram_0048.png,0,4,3,koclip_xgb
3353,meokstagram_0048.png,0,4,3,koclip_xgb
3354,meokstagram_0048.png,0,4,3,koclip_xgb
3470,meokstagram_0062.png,4,1,3,koclip_xgb
3471,meokstagram_0062.png,4,3,3,koclip_xgb
3472,meokstagram_0062.png,4,4,3,koclip_xgb
3585,meokstagram_0090.png,4,4,3,koclip_xgb
3586,meokstagram_0090.png,3,4,3,koclip_xgb
3587,meokstagram_0090.png,4,4,3,koclip_xgb
3588,meokstagram_0090.png,2,3,3,koclip_xgb
3589,meokstagram_0090.png,0,0,3,koclip_xgb
3602,meokstagram_0094.png,0,4,3,koclip_xgb
3603,meokstagram_0094.png,0,1,3,koclip_xgb
3604,meokstagram_0094.png,0,4,3,koclip_xgb
3605,meokstagram_0094.png,0,4,3,koclip_xgb
3606,meokstagram_0094.png,0,4,3,koclip_xgb
3650,jmt_0007.png,1,0,3,koclip_xgb
3651,jmt_0007.png,1,1,3,koclip_xgb
3652,jmt_0007.png,1,1,3,koclip_xgb
3653,jmt_0007.png,1,1,3,koclip_xgb
3654,jmt_0007.png,0,4,3,koclip_xgb
3655,jmt_0007.png,0,4,3,koclip_xgb
3685,jmt_0019.png,1,4,3,koclip_xgb
3686,jmt_0019.png,3,3,3,koclip_xgb
3687,jmt_0019.png,2,4,3,koclip_xgb
3703,jmt_0026.png,4,1,3,koclip_xgb
3704,jmt_0026.png,4,0,3,koclip_xgb
3705,jmt_0026.png,4,3,3,koclip_xgb
3706,jmt_0026.png,3,1,3,koclip_xgb
3707,jmt_0026.png,3,3,3,koclip_xgb
3751,jmt_0041.png,4,1,3,koclip_xgb
3752,jmt_0041.png,4,2,3,koclip_xgb
3753,jmt_0041.png,1,1,3,koclip_xgb
3754,jmt_0041.png,3,3,3,koclip_xgb
3755,jmt_0041.png,2,3,3,koclip_xgb
3761,jmt_0043.png,4,4,3,koclip_xgb
3762,jmt_0043.png,1,4,3,koclip_xgb
3763,jmt_0043.png,3,3,3,koclip_xgb
3764,jmt_0043.png,2,3,3,koclip_xgb
3765,jmt_0043.png,1,2,3,koclip_xgb
3771,jmt_0045.png,1,1,3,koclip_xgb
3772,jmt_0045.png,3,1,3,koclip_xgb
3773,jmt_0045.png,4,1,3,koclip_xgb
3774,jmt_0045.png,3,4,3,koclip_xgb
3775,jmt_0045.png,2,4,3,koclip_xgb
3779,jmt_0049.png,0,4,3,koclip_xgb
3792,jmt_0056.png,4,3,3,koclip_xgb
3793,jmt_0056.png,4,3,3,koclip_xgb
3794,jmt_0056.png,3,1,3,koclip_xgb
3804,jmt_0061.png,4,2,3,koclip_xgb
3805,jmt_0061.png,4,4,3,koclip_xgb
3806,jmt_0061.png,4,4,3,koclip_xgb
3807,jmt_0061.png,3,4,3,koclip_xgb
3808,jmt_0061.png,4,4,3,koclip_xgb
3818,jmt_0066.png,4,1,3,koclip_xgb
3819,jmt_0066.png,4,4,3,koclip_xgb
3820,jmt_0066.png,3,4,3,koclip_xgb
3821,jmt_0066.png,1,3,3,koclip_xgb
3822,jmt_0066.png,1,1,3,koclip_xgb
3835,jmt_0072.png,0,3,3,koclip_xgb
3836,jmt_0072.png,4,4,3,koclip_xgb
3837,jmt_0072.png,4,3,3,koclip_xgb
3838,jmt_0072.png,0,3,3,koclip_xgb
3839,jmt_0072.png,1,3,3,koclip_xgb
3840,jmt_0072.png,4,4,3,koclip_xgb
3841,jmt_0072.png,4,4,3,koclip_xgb
3842,jmt_0072.png,3,3,3,koclip_xgb
3843,jmt_0072.png,3,4,3,koclip_xgb
3844,jmt_0072.png,3,3,3,koclip_xgb
3845,jmt_0072.png,3,4,3,koclip_xgb
3846,jmt_0072.png,3,3,3,koclip_xgb
3847,jmt_0072.png,3,3,3,koclip_xgb
3848,jmt_0072.png,2,2,3,koclip_xgb
3849,jmt_0072.png,3,3,3,koclip_xgb
3850,jmt_0072.png,3,3,3,koclip_xgb
3851,jmt_0072.png,4,1,3,koclip_xgb
3852,jmt_0072.png,3,3,3,koclip_xgb
3853,jmt_0072.png,3,2,3,koclip_xgb
3854,jmt_0072.png,1,3,3,koclip_xgb
3855,jmt_0072.png,1,3,3,koclip_xgb
3856,jmt_0072.png,2,3,3,koclip_xgb
3857,jmt_0072.png,2,2,3,koclip_xgb
3858,jmt_0072.png,2,2,3,koclip_xgb
3859,jmt_0072.png,3,2,3,koclip_xgb
3916,jmt_0090.png,1,4,3,koclip_xgb
3917,jmt_0090.png,4,4,3,koclip_xgb
3918,jmt_0090.png,3,2,3,koclip_xgb
3919,jmt_0090.png,1,4,3,koclip_xgb
3993,makeup_0016.png,3,4,3,koclip_xgb
3994,makeup_0016.png,4,4,3,koclip_xgb
3995,makeup_0016.png,3,3,3,koclip_xgb
3996,makeup_0016.png,2,3,3,koclip_xgb
3997,makeup_0016.png,4,3,3,koclip_xgb
3998,makeup_0016.png,3,3,3,koclip_xgb
4012,makeup_0027.png,3,4,3,koclip_xgb
4013,makeup_0027.png,3,4,3,koclip_xgb
4014,makeup_0027.png,3,4,3,koclip_xgb
4015,makeup_0027.png,3,1,3,koclip_xgb
4016,makeup_0027.png,4,3,3,koclip_xgb
4017,makeup_0027.png,3,3,3,koclip_xgb
4018,makeup_0027.png,4,4,3,koclip_xgb
4019,makeup_0027.png,3,4,3,koclip_xgb
4020,makeup_0027.png,2,3,3,koclip_xgb
4021,makeup_0027.png,3,4,3,koclip_xgb
4022,makeup_0027.png,2,2,3,koclip_xgb
4023,makeup_0027.png,3,2,3,koclip_xgb
4024,makeup_0027.png,3,3,3,koclip_xgb
4025,makeup_0027.png,4,4,3,koclip_xgb
4026,makeup_0027.png,2,1,3,koclip_xgb
4063,makeup_0033.png,4,3,3,koclip_xgb
4064,makeup_0033.png,2,1,3,koclip_xgb
4065,makeup_0033.png,4,4,3,koclip_xgb
4066,makeup_0033.png,3,3,3,koclip_xgb
4067,makeup_0033.png,1,3,3,koclip_xgb
4068,makeup_0033.png,3,2,3,koclip_xgb
4069,makeup_0033.png,4,3,3,koclip_xgb
4070,makeup_0033.png,1,4,3,koclip_xgb
4071,makeup_0033.png,4,3,3,koclip_xgb
4072,makeup_0033.png,4,3,3,koclip_xgb
4073,makeup_0033.png,3,2,3,koclip_xgb
4074,makeup_0033.png,1,1,3,koclip_xgb
4075,makeup_0033.png,0,0,3,koclip_xgb
4128,makeup_0043.png,1,1,3,koclip_xgb
4129,makeup_0043.png,4,4,3,koclip_xgb
4130,makeup_0043.png,4,3,3,koclip_xgb
4131,makeup_0043.png,3,3,3,koclip_xgb
4132,makeup_0043.png,2,1,3,koclip_xgb
4133,makeup_0045.png,0,1,3,koclip_xgb
4134,makeup_0045.png,1,4,3,koclip_xgb
4135,makeup_0046.png,4,4,3,koclip_xgb
4136,makeup_0046.png,4,4,3,koclip_xgb
4137,makeup_0046.png,1,1,3,koclip_xgb
4138,makeup_0046.png,4,4,3,koclip_xgb
4139,makeup_0046.png,4,4,3,koclip_xgb
4140,makeup_0046.png,3,3,3,koclip_xgb
4176,makeup_0057.png,4,4,3,koclip_xgb
4177,makeup_0057.png,4,3,3,koclip_xgb
4178,makeup_0057.png,3,2,3,koclip_xgb
4179,makeup_0057.png,4,3,3,koclip_xgb
4180,makeup_0057.png,1,1,3,koclip_xgb
4200,makeup_0063.png,4,3,3,koclip_xgb
4201,makeup_0063.png,4,4,3,koclip_xgb
4202,makeup_0063.png,4,4,3,koclip_xgb
4203,makeup_0063.png,2,2,3,koclip_xgb
4204,makeup_0063.png,4,3,3,koclip_xgb
4226,makeup_0071.png,4,1,3,koclip_xgb
4227,makeup_0071.png,3,4,3,koclip_xgb
4228,makeup_0071.png,4,1,3,koclip_xgb
4229,makeup_0071.png,2,1,3,koclip_xgb
4230,makeup_0071.png,2,4,3,koclip_xgb
4231,makeup_0071.png,1,3,3,koclip_xgb
4232,makeup_0071.png,4,4,3,koclip_xgb
4233,makeup_0071.png,3,4,3,koclip_xgb
4234,makeup_0071.png,4,1,3,koclip_xgb
4235,makeup_0071.png,4,4,3,koclip_xgb
4236,makeup_0071.png,1,1,3,koclip_xgb
4237,makeup_0071.png,1,1,3,koclip_xgb
4251,makeup_0077.png,4,4,3,koclip_xgb
4252,makeup_0077.png,0,0,3,koclip_xgb
4253,makeup_0077.png,4,4,3,koclip_xgb
4254,makeup_0077.png,1,3,3,koclip_xgb
4265,makeup_0081.png,4,2,3,koclip_xgb
4266,makeup_0081.png,3,2,3,koclip_xgb
4267,makeup_0081.png,3,3,3,koclip_xgb
4268,makeup_0081.png,2,4,3,koclip_xgb
4269,makeup_0081.png,1,2,3,koclip_xgb
4270,makeup_0081.png,3,3,3,koclip_xgb
4271,makeup_0081.png,3,2,3,koclip_xgb
4272,makeup_0081.png,2,3,3,koclip_xgb
4273,makeup_0081.png,4,3,3,koclip_xgb
4274,makeup_0081.png,3,1,3,koclip_xgb
4275,makeup_0081.png,1,1,3,koclip_xgb
4276,makeup_0081.png,1,1,3,koclip_xgb
4277,makeup_0081.png,1,1,3,koclip_xgb
4282,makeup_0083.png,4,4,3,koclip_xgb
4283,makeup_0083.png,3,3,3,koclip_xgb
4284,makeup_0083.png,1,1,3,koclip_xgb
4285,makeup_0083.png,2,3,3,koclip_xgb
4286,makeup_0084.png,4,3,3,koclip_xgb
4287,makeup_0084.png,4,3,3,koclip_xgb
4288,makeup_0084.png,4,3,3,koclip_xgb
4289,makeup_0084.png,2,3,3,koclip_xgb
4290,makeup_0084.png,3,3,3,koclip_xgb
4291,makeup_0084.png,4,4,3,koclip_xgb
4292,makeup_0084.png,1,3,3,koclip_xgb
4293,makeup_0084.png,3,3,3,koclip_xgb
4294,makeup_0084.png,1,3,3,koclip_xgb
4295,makeup_0084.png,2,3,3,koclip_xgb
4296,makeup_0084.png,2,3,3,koclip_xgb
4297,makeup_0084.png,3,1,3,koclip_xgb
4298,makeup_0084.png,4,4,3,koclip_xgb
4299,makeup_0084.png,4,4,3,koclip_xgb
4300,makeup_0084.png,1,3,3,koclip_xgb
4301,makeup_0084.png,1,1,3,koclip_xgb
4316,makeup_0087.png,2,1,3,koclip_xgb
4317,makeup_0087.png,4,4,3,koclip_xgb
4318,makeup_0087.png,3,1,3,koclip_xgb
4319,makeup_0087.png,3,4,3,koclip_xgb
4320,makeup_0087.png,3,4,3,koclip_xgb
4329,makeup_0091.png,4,4,3,koclip_xgb
4330,makeup_0091.png,4,4,3,koclip_xgb
4331,makeup_0091.png,3,1,3,koclip_xgb
4332,makeup_0091.png,4,4,3,koclip_xgb
4333,makeup_0091.png,3,3,3,koclip_xgb
4361,dailymakeup_0007.png,4,2,3,koclip_xgb
4400,dailymakeup_0015.png,4,3,3,koclip_xgb
4401,dailymakeup_0015.png,3,1,3,koclip_xgb
4402,dailymakeup_0015.png,2,1,3,koclip_xgb
4403,dailymakeup_0015.png,1,1,3,koclip_xgb
4404,dailymakeup_0015.png,1,1,3,koclip_xgb
4405,dailymakeup_0015.png,2,1,3,koclip_xgb
4406,dailymakeup_0015.png,1,1,3,koclip_xgb
4407,dailymakeup_0016.png,4,4,3,koclip_xgb
4408,dailymakeup_0016.png,1,1,3,koclip_xgb
4409,dailymakeup_0016.png,3,3,3,koclip_xgb
4410,dailymakeup_0016.png,2,1,3,koclip_xgb
4418,dailymakeup_0020.png,1,1,3,koclip_xgb
4419,dailymakeup_0020.png,2,1,3,koclip_xgb
4420,dailymakeup_0020.png,3,1,3,koclip_xgb
4421,dailymakeup_0020.png,1,1,3,koclip_xgb
4488,dailymakeup_0032.png,4,4,3,koclip_xgb
4489,dailymakeup_0032.png,3,3,3,koclip_xgb
4490,dailymakeup_0032.png,1,1,3,koclip_xgb
4491,dailymakeup_0032.png,1,1,3,koclip_xgb
4492,dailymakeup_0032.png,3,4,3,koclip_xgb
4493,dailymakeup_0032.png,1,1,3,koclip_xgb
4494,dailymakeup_0032.png,3,1,3,koclip_xgb
4495,dailymakeup_0032.png,1,3,3,koclip_xgb
4496,dailymakeup_0032.png,2,3,3,koclip_xgb
4497,dailymakeup_0032.png,1,1,3,koclip_xgb
4498,dailymakeup_0032.png,4,3,3,koclip_xgb
4499,dailymakeup_0032.png,3,3,3,koclip_xgb
4500,dailymakeup_0032.png,3,3,3,koclip_xgb
4501,dailymakeup_0032.png,3,3,3,koclip_xgb
4502,dailymakeup_0032.png,2,4,3,koclip_xgb
4503,dailymakeup_0032.png,3,4,3,koclip_xgb
4504,dailymakeup_0032.png,1,3,3,koclip_xgb
4585,dailymakeup_0048.png,4,4,3,koclip_xgb
4621,dailymakeup_0052.png,3,3,3,koclip_xgb
4622,dailymakeup_0052.png,4,4,3,koclip_xgb
4623,dailymakeup_0052.png,3,3,3,koclip_xgb
4624,dailymakeup_0052.png,3,2,3,koclip_xgb
4625,dailymakeup_0052.png,2,4,3,koclip_xgb
4641,dailymakeup_0056.png,4,3,3,koclip_xgb
4642,dailymakeup_0056.png,4,4,3,koclip_xgb
4643,dailymakeup_0056.png,3,4,3,koclip_xgb
4644,dailymakeup_0056.png,1,1,3,koclip_xgb
4645,dailymakeup_0056.png,3,3,3,koclip_xgb
4646,dailymakeup_0056.png,3,3,3,koclip_xgb
4647,dailymakeup_0056.png,4,4,3,koclip_xgb
4648,dailymakeup_0056.png,3,3,3,koclip_xgb
4649,dailymakeup_0056.png,4,4,3,koclip_xgb
4650,dailymakeup_0057.png,4,1,3,koclip_xgb
4651,dailymakeup_0057.png,4,4,3,koclip_xgb
4652,dailymakeup_0057.png,3,3,3,koclip_xgb
4653,dailymakeup_0057.png,3,3,3,koclip_xgb
4654,dailymakeup_0057.png,4,1,3,koclip_xgb
4661,dailymakeup_0059.png,3,3,3,koclip_xgb
4662,dailymakeup_0059.png,1,1,3,koclip_xgb
4663,dailymakeup_0059.png,1,1,3,koclip_xgb
4665,dailymakeup_0063.png,4,1,3,koclip_xgb
4666,dailymakeup_0063.png,2,3,3,koclip_xgb
4667,dailymakeup_0063.png,4,4,3,koclip_xgb
4668,dailymakeup_0063.png,3,3,3,koclip_xgb
4669,dailymakeup_0063.png,3,3,3,koclip_xgb
4730,dailymakeup_0077.png,3,3,3,koclip_xgb
4731,dailymakeup_0077.png,3,3,3,koclip_xgb
4732,dailymakeup_0077.png,0,4,3,koclip_xgb
4733,dailymakeup_0077.png,1,1,3,koclip_xgb
4737,dailymakeup_0080.png,3,3,3,koclip_xgb
4758,dailymakeup_0087.png,4,4,3,koclip_xgb
4759,dailymakeup_0087.png,3,3,3,koclip_xgb
4760,dailymakeup_0087.png,3,3,3,koclip_xgb
4761,dailymakeup_0087.png,4,1,3,koclip_xgb
4826,kkuankku_0004.png,4,3,3,koclip_xgb
4827,kkuankku_0004.png,3,3,3,koclip_xgb
4828,kkuankku_0004.png,3,3,3,koclip_xgb
4829,kkuankku_0004.png,4,4,3,koclip_xgb
4830,kkuankku_0004.png,2,2,3,koclip_xgb
4831,kkuankku_0004.png,3,1,3,koclip_xgb
4832,kkuankku_0004.png,4,3,3,koclip_xgb
4833,kkuankku_0004.png,2,3,3,koclip_xgb
4834,kkuankku_0004.png,4,3,3,koclip_xgb
4835,kkuankku_0004.png,2,3,3,koclip_xgb
4836,kkuankku_0004.png,1,2,3,koclip_xgb
4837,kkuankku_0004.png,4,2,3,koclip_xgb
4838,kkuankku_0004.png,3,3,3,koclip_xgb
4839,kkuankku_0004.png,3,4,3,koclip_xgb
4840,kkuankku_0004.png,1,2,3,koclip_xgb
4841,kkuankku_0004.png,3,3,3,koclip_xgb
4842,kkuankku_0004.png,4,3,3,koclip_xgb
4843,kkuankku_0004.png,1,1,3,koclip_xgb
4919,kkuankku_0027.png,2,1,3,koclip_xgb
4920,kkuankku_0027.png,4,4,3,koclip_xgb
4921,kkuankku_0027.png,4,3,3,koclip_xgb
4922,kkuankku_0027.png,3,4,3,koclip_xgb
4923,kkuankku_0028.png,4,3,3,koclip_xgb
4924,kkuankku_0028.png,3,3,3,koclip_xgb
4925,kkuankku_0028.png,3,3,3,koclip_xgb
4926,kkuankku_0028.png,4,4,3,koclip_xgb
4927,kkuankku_0028.png,2,2,3,koclip_xgb
4928,kkuankku_0028.png,1,1,3,koclip_xgb
4929,kkuankku_0028.png,1,3,3,koclip_xgb
4930,kkuankku_0028.png,4,4,3,koclip_xgb
4931,kkuankku_0028.png,3,3,3,koclip_xgb
4932,kkuankku_0028.png,4,3,3,koclip_xgb
4933,kkuankku_0028.png,3,3,3,koclip_xgb
4934,kkuankku_0028.png,3,3,3,koclip_xgb
4935,kkuankku_0028.png,3,3,3,koclip_xgb
4936,kkuankku_0028.png,3,3,3,koclip_xgb
4937,kkuankku_0028.png,4,3,3,koclip_xgb
4938,kkuankku_0028.png,2,3,3,koclip_xgb
4939,kkuankku_0028.png,3,3,3,koclip_xgb
4940,kkuankku_0028.png,2,3,3,koclip_xgb
4941,kkuankku_0028.png,2,3,3,koclip_xgb
4947,kkuankku_0038.png,4,4,3,koclip_xgb
4948,kkuankku_0038.png,4,4,3,koclip_xgb
4949,kkuankku_0038.png,4,4,3,koclip_xgb
4950,kkuankku_0038.png,2,2,3,koclip_xgb
4951,kkuankku_0038.png,3,4,3,koclip_xgb
4952,kkuankku_0038.png,3,4,3,koclip_xgb
4953,kkuankku_0038.png,3,3,3,koclip_xgb
4973,kkuankku_0041.png,3,3,3,koclip_xgb
4974,kkuankku_0041.png,4,4,3,koclip_xgb
4975,kkuankku_0041.png,4,3,3,koclip_xgb
4976,kkuankku_0041.png,3,3,3,koclip_xgb
4977,kkuankku_0041.png,4,4,3,koclip_xgb
4978,kkuankku_0041.png,4,4,3,koclip_xgb
4979,kkuankku_0041.png,3,3,3,koclip_xgb
5028,kkuankku_0065.png,4,3,3,koclip_xgb
5029,kkuankku_0065.png,4,1,3,koclip_xgb
5030,kkuankku_0065.png,3,3,3,koclip_xgb
5031,kkuankku_0065.png,4,1,3,koclip_xgb
5032,kkuankku_0065.png,3,1,3,koclip_xgb
5033,kkuankku_0065.png,4,1,3,koclip_xgb
5034,kkuankku_0065.png,4,3,3,koclip_xgb
5035,kkuankku_0065.png,3,3,3,koclip_xgb
5036,kkuankku_0065.png,3,3,3,koclip_xgb
5037,kkuankku_0065.png,3,3,3,koclip_xgb
5038,kkuankku_0065.png,3,3,3,koclip_xgb
5039,kkuankku_0065.png,4,3,3,koclip_xgb
5040,kkuankku_0065.png,3,3,3,koclip_xgb
5041,kkuankku_0065.png,4,1,3,koclip_xgb
5042,kkuankku_0065.png,4,3,3,koclip_xgb
5043,kkuankku_0065.png,3,3,3,koclip_xgb
5044,kkuankku_0065.png,1,1,3,koclip_xgb
5045,kkuankku_0065.png,3,3,3,koclip_xgb
5090,kkuankku_0086.png,4,4,3,koclip_xgb
5091,kkuankku_0086.png,3,3,3,koclip_xgb
5092,kkuankku_0086.png,3,3,3,koclip_xgb
5093,kkuankku_0086.png,4,3,3,koclip_xgb
5094,kkuankku_0086.png,4,3,3,koclip_xgb
5284,dailylook_0019.png,4,3,3,koclip_xgb
5285,dailylook_0019.png,1,1,3,koclip_xgb
5286,dailylook_0019.png,2,4,3,koclip_xgb
5287,dailylook_0019.png,2,3,3,koclip_xgb
5288,dailylook_0019.png,3,3,3,koclip_xgb
5306,dailylook_0025.png,3,3,3,koclip_xgb
5307,dailylook_0025.png,4,0,3,koclip_xgb
5308,dailylook_0025.png,4,3,3,koclip_xgb
5309,dailylook_0025.png,4,3,3,koclip_xgb
5310,dailylook_0025.png,2,4,3,koclip_xgb
5323,dailylook_0032.png,1,3,3,koclip_xgb
5324,dailylook_0032.png,1,3,3,koclip_xgb
5325,dailylook_0032.png,2,2,3,koclip_xgb
5326,dailylook_0032.png,1,3,3,koclip_xgb
5327,dailylook_0032.png,3,3,3,koclip_xgb
5352,dailylook_0044.png,4,1,3,koclip_xgb
5353,dailylook_0044.png,3,3,3,koclip_xgb
5354,dailylook_0044.png,3,3,3,koclip_xgb
5355,dailylook_0044.png,2,2,3,koclip_xgb
5356,dailylook_0044.png,3,3,3,koclip_xgb
5452,dailylook_0068.png,4,1,3,koclip_xgb
5453,dailylook_0068.png,3,1,3,koclip_xgb
5454,dailylook_0068.png,2,3,3,koclip_xgb
5553,dailylook_0092.png,4,1,3,koclip_xgb
5554,dailylook_0092.png,3,3,3,koclip_xgb
5555,dailylook_0092.png,3,3,3,koclip_xgb
5556,dailylook_0092.png,4,4,3,koclip_xgb
5557,dailylook_0092.png,4,4,3,koclip_xgb
5558,dailylook_0092.png,2,4,3,koclip_xgb
5559,dailylook_0092.png,1,4,3,koclip_xgb
5560,dailylook_0092.png,4,3,3,koclip_xgb
5561,dailylook_0092.png,3,3,3,koclip_xgb
5562,dailylook_0092.png,3,3,3,koclip_xgb
5563,dailylook_0092.png,3,3,3,koclip_xgb
5564,dailylook_0092.png,1,2,3,koclip_xgb
5565,dailylook_0092.png,2,4,3,koclip_xgb
5566,dailylook_0092.png,3,3,3,koclip_xgb
5567,dailylook_0092.png,4,3,3,koclip_xgb
5572,dailylook_0096.png,3,3,3,koclip_xgb
5573,dailylook_0096.png,3,3,3,koclip_xgb
5574,dailylook_0096.png,3,3,3,koclip_xgb
5575,dailylook_0096.png,4,3,3,koclip_xgb
5576,dailylook_0096.png,3,3,3,koclip_xgb
5577,dailylook_0096.png,2,2,3,koclip_xgb
5578,dailylook_0096.png,3,3,3,koclip_xgb
5579,dailylook_0096.png,4,3,3,koclip_xgb
5580,dailylook_0099.png,2,2,3,koclip_xgb
5581,dailylook_0099.png,2,2,3,koclip_xgb
5582,dailylook_0099.png,4,4,3,koclip_xgb
5583,dailylook_0099.png,4,4,3,koclip_xgb
5584,dailylook_0099.png,3,2,3,koclip_xgb
5585,dailylook_0099.png,3,4,3,koclip_xgb
5586,dailylook_0099.png,4,4,3,koclip_xgb
5587,dailylook_0099.png,4,3,3,koclip_xgb
5588,dailylook_0099.png,3,3,3,koclip_xgb
5589,dailylook_0099.png,2,3,3,koclip_xgb
5590,dailylook_0099.png,3,3,3,koclip_xgb
5591,dailylook_0099.png,4,0,3,koclip_xgb
5592,dailylook_0099.png,0,1,3,koclip_xgb
5593,dailylook_0099.png,3,1,3,koclip_xgb
5594,dailylook_0100.png,0,1,3,koclip_xgb
5611,ootd_0010.png,3,2,3,koclip_xgb
5612,ootd_0010.png,4,4,3,koclip_xgb
5613,ootd_0010.png,4,4,3,koclip_xgb
5614,ootd_0010.png,3,3,3,koclip_xgb
5615,ootd_0010.png,2,2,3,koclip_xgb
5617,ootd_0015.png,2,2,3,koclip_xgb
5618,ootd_0015.png,4,4,3,koclip_xgb
5619,ootd_0015.png,3,3,3,koclip_xgb
5620,ootd_0015.png,2,2,3,koclip_xgb
5621,ootd_0015.png,4,4,3,koclip_xgb
5622,ootd_0015.png,2,2,3,koclip_xgb
5623,ootd_0015.png,0,1,3,koclip_xgb
5655,ootd_0021.png,4,3,3,koclip_xgb
5656,ootd_0021.png,2,2,3,koclip_xgb
5657,ootd_0021.png,2,3,3,koclip_xgb
5658,ootd_0022.png,4,3,3,koclip_xgb
5659,ootd_0022.png,4,4,3,koclip_xgb
5660,ootd_0022.png,2,2,3,koclip_xgb
5689,ootd_0037.png,3,3,3,koclip_xgb
5690,ootd_0037.png,2,3,3,koclip_xgb
5691,ootd_0037.png,3,3,3,koclip_xgb
5692,ootd_0037.png,3,3,3,koclip_xgb
5693,ootd_0037.png,4,2,3,koclip_xgb
5694,ootd_0037.png,4,1,3,koclip_xgb
5695,ootd_0037.png,1,1,3,koclip_xgb
5696,ootd_0037.png,1,3,3,koclip_xgb
5697,ootd_0037.png,3,3,3,koclip_xgb
5698,ootd_0037.png,0,0,3,koclip_xgb
5699,ootd_0037.png,1,1,3,koclip_xgb
5700,ootd_0037.png,1,1,3,koclip_xgb
5707,ootd_0041.png,3,3,3,koclip_xgb
5708,ootd_0041.png,4,2,3,koclip_xgb
5709,ootd_0041.png,2,2,3,koclip_xgb
5710,ootd_0041.png,1,1,3,koclip_xgb
5711,ootd_0041.png,4,1,3,koclip_xgb
5759,ootd_0052.png,1,0,3,koclip_xgb
5760,ootd_0052.png,0,1,3,koclip_xgb
5761,ootd_0052.png,3,1,3,koclip_xgb
5762,ootd_0052.png,4,1,3,koclip_xgb
5763,ootd_0052.png,4,4,3,koclip_xgb
5764,ootd_0052.png,2,2,3,koclip_xgb
5765,ootd_0052.png,2,2,3,koclip_xgb
5766,ootd_0052.png,3,2,3,koclip_xgb
5767,ootd_0052.png,2,3,3,koclip_xgb
5768,ootd_0052.png,2,2,3,koclip_xgb
5769,ootd_0052.png,2,3,3,koclip_xgb
5770,ootd_0052.png,0,1,3,koclip_xgb
5771,ootd_0052.png,2,2,3,koclip_xgb
5772,ootd_0052.png,3,2,3,koclip_xgb
5773,ootd_0052.png,0,0,3,koclip_xgb
5774,ootd_0052.png,0,0,3,koclip_xgb
5775,ootd_0052.png,0,1,3,koclip_xgb
5776,ootd_0052.png,2,1,3,koclip_xgb
5777,ootd_0052.png,1,3,3,koclip_xgb
5778,ootd_0052.png,0,0,3,koclip_xgb
5779,ootd_0052.png,2,3,3,koclip_xgb
5792,ootd_0057.png,4,4,3,koclip_xgb
5793,ootd_0057.png,3,4,3,koclip_xgb
5794,ootd_0057.png,4,3,3,koclip_xgb
5795,ootd_0057.png,3,3,3,koclip_xgb
5796,ootd_0057.png,2,2,3,koclip_xgb
5807,ootd_0077.png,4,3,3,koclip_xgb
5808,ootd_0077.png,3,3,3,koclip_xgb
5809,ootd_0077.png,2,2,3,koclip_xgb
5810,ootd_0078.png,3,3,3,koclip_xgb
5811,ootd_0078.png,3,3,3,koclip_xgb
5812,ootd_0078.png,3,3,3,koclip_xgb
5813,ootd_0078.png,3,3,3,koclip_xgb
5814,ootd_0078.png,1,3,3,koclip_xgb
5881,ootd_0091.png,3,4,3,koclip_xgb
5882,ootd_0091.png,4,1,3,koclip_xgb
5883,ootd_0091.png,4,4,3,koclip_xgb
5884,ootd_0091.png,3,4,3,koclip_xgb
5885,ootd_0091.png,4,4,3,koclip_xgb
5886,ootd_0091.png,3,3,3,koclip_xgb
5887,ootd_0091.png,3,3,3,koclip_xgb
5888,ootd_0091.png,2,2,3,koclip_xgb
5889,ootd_0091.png,1,2,3,koclip_xgb
5890,ootd_0091.png,2,2,3,koclip_xgb
5891,ootd_0091.png,3,3,3,koclip_xgb
5892,ootd_0091.png,3,3,3,koclip_xgb
5893,ootd_0091.png,1,1,3,koclip_xgb
5894,ootd_0091.png,1,1,3,koclip_xgb
5895,ootd_0091.png,1,3,3,koclip_xgb
5896,ootd_0091.png,3,3,3,koclip_xgb
5897,ootd_0091.png,3,3,3,koclip_xgb
5916,ootd_0098.png,3,3,3,koclip_xgb
5917,ootd_0098.png,3,3,3,koclip_xgb
5918,ootd_0098.png,3,3,3,koclip_xgb
5919,ootd_0098.png,3,2,3,koclip_xgb
5920,ootd_0098.png,3,3,3,koclip_xgb
5921,ootd_0098.png,4,3,3,koclip_xgb
5922,ootd_0098.png,3,3,3,koclip_xgb
5923,ootd_0098.png,1,3,3,koclip_xgb
5929,fashionista_0003.png,0,0,3,koclip_xgb
5930,fashionista_0003.png,0,4,3,koclip_xgb
5931,fashionista_0003.png,0,4,3,koclip_xgb
5932,fashionista_0003.png,0,0,3,koclip_xgb
5933,fashionista_0003.png,2,3,3,koclip_xgb
6067,fashionista_0045.png,1,1,3,koclip_xgb
6068,fashionista_0045.png,0,0,3,koclip_xgb
6069,fashionista_0045.png,3,2,3,koclip_xgb
6070,fashionista_0045.png,3,2,3,koclip_xgb
6071,fashionista_0045.png,2,2,3,koclip_xgb
6072,fashionista_0045.png,3,3,3,koclip_xgb
6073,fashionista_0045.png,4,4,3,koclip_xgb
6074,fashionista_0045.png,4,4,3,koclip_xgb
6075,fashionista_0045.png,4,4,3,koclip_xgb
6076,fashionista_0045.png,1,1,3,koclip_xgb
6077,fashionista_0045.png,3,3,3,koclip_xgb
6078,fashionista_0045.png,3,2,3,koclip_xgb
6079,fashionista_0045.png,1,2,3,koclip_xgb
6080,fashionista_0045.png,2,1,3,koclip_xgb
6081,fashionista_0045.png,0,3,3,koclip_xgb
6082,fashionista_0045.png,3,3,3,koclip_xgb
6083,fashionista_0045.png,2,2,3,koclip_xgb
6084,fashionista_0045.png,1,2,3,koclip_xgb
6085,fashionista_0045.png,2,2,3,koclip_xgb
6086,fashionista_0045.png,2,2,3,koclip_xgb
6087,fashionista_0045.png,3,3,3,koclip_xgb
6088,fashionista_0045.png,0,0,3,koclip_xgb
6089,fashionista_0045.png,2,2,3,koclip_xgb
6090,fashionista_0045.png,2,2,3,koclip_xgb
6091,fashionista_0045.png,1,1,3,koclip_xgb
6092,fashionista_0045.png,0,4,3,koclip_xgb
6093,fashionista_0045.png,0,0,3,koclip_xgb
6094,fashionista_0045.png,0,3,3,koclip_xgb
6095,fashionista_0045.png,0,1,3,koclip_xgb
6101,fashionista_0051.png,4,2,3,koclip_xgb
6102,fashionista_0051.png,4,4,3,koclip_xgb
6103,fashionista_0051.png,1,1,3,koclip_xgb
6104,fashionista_0051.png,2,4,3,koclip_xgb
6105,fashionista_0051.png,1,0,3,koclip_xgb
6106,fashionista_0051.png,3,3,3,koclip_xgb
6107,fashionista_0051.png,2,2,3,koclip_xgb
6108,fashionista_0051.png,3,3,3,koclip_xgb
6139,fashionista_0054.png,4,1,3,koclip_xgb
6140,fashionista_0054.png,1,3,3,koclip_xgb
6141,fashionista_0054.png,2,3,3,koclip_xgb
6142,fashionista_0054.png,4,4,3,koclip_xgb
6143,fashionista_0056.png,4,2,3,koclip_xgb
6144,fashionista_0058.png,1,3,3,koclip_xgb
6145,fashionista_0058.png,2,2,3,koclip_xgb
6146,fashionista_0058.png,2,2,3,koclip_xgb
6147,fashionista_0058.png,0,0,3,koclip_xgb
6148,fashionista_0058.png,0,1,3,koclip_xgb
6149,fashionista_0058.png,3,2,3,koclip_xgb
6150,fashionista_0058.png,4,4,3,koclip_xgb
6151,fashionista_0058.png,4,4,3,koclip_xgb
6152,fashionista_0058.png,3,3,3,koclip_xgb
6153,fashionista_0058.png,4,4,3,koclip_xgb
6154,fashionista_0058.png,4,4,3,koclip_xgb
6155,fashionista_0058.png,2,3,3,koclip_xgb
6156,fashionista_0058.png,2,0,3,koclip_xgb
6157,fashionista_0058.png,1,0,3,koclip_xgb
6158,fashionista_0058.png,1,3,3,koclip_xgb
6159,fashionista_0058.png,1,1,3,koclip_xgb
6160,fashionista_0058.png,1,0,3,koclip_xgb
6161,fashionista_0058.png,2,3,3,koclip_xgb
6162,fashionista_0058.png,1,0,3,koclip_xgb
6163,fashionista_0058.png,1,1,3,koclip_xgb
6164,fashionista_0058.png,1,0,3,koclip_xgb
6165,fashionista_0058.png,1,0,3,koclip_xgb
6166,fashionista_0058.png,1,0,3,koclip_xgb
6167,fashionista_0058.png,0,0,3,koclip_xgb
6168,fashionista_0058.png,0,0,3,koclip_xgb
6169,fashionista_0058.png,0,0,3,koclip_xgb
6170,fashionista_0058.png,1,0,3,koclip_xgb
6171,fashionista_0058.png,1,3,3,koclip_xgb
6254,fashionista_0070.png,1,1,3,koclip_xgb
6255,fashionista_0070.png,0,0,3,koclip_xgb
6256,fashionista_0070.png,2,2,3,koclip_xgb
6257,fashionista_0070.png,2,2,3,koclip_xgb
6258,fashionista_0070.png,3,2,3,koclip_xgb
6259,fashionista_0070.png,3,3,3,koclip_xgb
6260,fashionista_0070.png,4,4,3,koclip_xgb
6261,fashionista_0070.png,4,4,3,koclip_xgb
6262,fashionista_0070.png,4,4,3,koclip_xgb
6263,fashionista_0070.png,1,1,3,koclip_xgb
6264,fashionista_0070.png,3,3,3,koclip_xgb
6265,fashionista_0070.png,2,2,3,koclip_xgb
6266,fashionista_0070.png,2,2,3,koclip_xgb
6267,fashionista_0070.png,2,1,3,koclip_xgb
6268,fashionista_0070.png,0,3,3,koclip_xgb
6269,fashionista_0070.png,3,3,3,koclip_xgb
6270,fashionista_0070.png,2,2,3,koclip_xgb
6271,fashionista_0070.png,2,2,3,koclip_xgb
6272,fashionista_0070.png,2,2,3,koclip_xgb
6273,fashionista_0070.png,2,2,3,koclip_xgb
6274,fashionista_0070.png,2,3,3,koclip_xgb
6275,fashionista_0070.png,1,0,3,koclip_xgb
6276,fashionista_0070.png,2,2,3,koclip_xgb
6277,fashionista_0070.png,2,2,3,koclip_xgb
6278,fashionista_0070.png,1,1,3,koclip_xgb
6279,fashionista_0070.png,1,1,3,koclip_xgb
6280,fashionista_0070.png,0,0,3,koclip_xgb
6281,fashionista_0070.png,0,3,3,koclip_xgb
6282,fashionista_0070.png,2,2,3,koclip_xgb
6396,fashionista_0098.png,1,0,3,koclip_xgb
6397,fashionista_0098.png,0,0,3,koclip_xgb
6398,fashionista_0098.png,2,2,3,koclip_xgb
6399,fashionista_0098.png,2,2,3,koclip_xgb
6400,fashionista_0098.png,2,2,3,koclip_xgb
6401,fashionista_0098.png,1,3,3,koclip_xgb
6402,fashionista_0098.png,0,4,3,koclip_xgb
6403,fashionista_0098.png,0,4,3,koclip_xgb
6404,fashionista_0098.png,0,4,3,koclip_xgb
6405,fashionista_0098.png,1,1,3,koclip_xgb
6406,fashionista_0098.png,0,3,3,koclip_xgb
6407,fashionista_0098.png,0,2,3,koclip_xgb
6408,fashionista_0098.png,0,2,3,koclip_xgb
6409,fashionista_0098.png,0,1,3,koclip_xgb
6410,fashionista_0098.png,0,0,3,koclip_xgb
6411,fashionista_0098.png,0,3,3,koclip_xgb
6412,fashionista_0098.png,1,2,3,koclip_xgb
6413,fashionista_0098.png,0,2,3,koclip_xgb
6414,fashionista_0098.png,0,2,3,koclip_xgb
6415,fashionista_0098.png,2,2,3,koclip_xgb
6416,fashionista_0098.png,0,3,3,koclip_xgb
6417,fashionista_0098.png,0,0,3,koclip_xgb
6418,fashionista_0098.png,2,2,3,koclip_xgb
6419,fashionista_0098.png,0,2,3,koclip_xgb
6420,fashionista_0098.png,1,1,3,koclip_xgb
6421,fashionista_0098.png,0,0,3,koclip_xgb
6422,fashionista_0098.png,0,0,3,koclip_xgb
6423,fashionista_0098.png,0,1,3,koclip_xgb
6424,fashionista_0098.png,1,1,3,koclip_xgb
6425,fashionista_0098.png,0,2,3,koclip_xgb
6517,neungsohwa_0014.png,1,1,3,koclip_xgb
6518,neungsohwa_0014.png,0,0,3,koclip_xgb
6519,neungsohwa_0014.png,3,4,3,koclip_xgb
6526,neungsohwa_0017.png,4,1,3,koclip_xgb
6527,neungsohwa_0017.png,2,4,3,koclip_xgb
6528,neungsohwa_0017.png,4,4,3,koclip_xgb
6529,neungsohwa_0017.png,3,4,3,koclip_xgb
6530,neungsohwa_0017.png,4,4,3,koclip_xgb
6571,neungsohwa_0026.png,4,1,3,koclip_xgb
6572,neungsohwa_0026.png,1,4,3,koclip_xgb
6573,neungsohwa_0026.png,1,4,3,koclip_xgb
6574,neungsohwa_0026.png,4,4,3,koclip_xgb
6575,neungsohwa_0026.png,4,4,3,koclip_xgb
6576,neungsohwa_0026.png,3,2,3,koclip_xgb
6588,neungsohwa_0033.png,0,1,3,koclip_xgb
6589,neungsohwa_0033.png,4,4,3,koclip_xgb
6599,neungsohwa_0036.png,3,1,3,koclip_xgb
6600,neungsohwa_0036.png,4,4,3,koclip_xgb
6601,neungsohwa_0038.png,4,3,3,koclip_xgb
6602,neungsohwa_0039.png,0,1,3,koclip_xgb
6603,neungsohwa_0039.png,4,4,3,koclip_xgb
6604,neungsohwa_0039.png,1,4,3,koclip_xgb
6605,neungsohwa_0039.png,0,2,3,koclip_xgb
6606,neungsohwa_0039.png,0,4,3,koclip_xgb
6630,neungsohwa_0048.png,4,4,3,koclip_xgb
6631,neungsohwa_0048.png,4,1,3,koclip_xgb
6632,neungsohwa_0048.png,0,4,3,koclip_xgb
6633,neungsohwa_0048.png,4,3,3,koclip_xgb
6634,neungsohwa_0048.png,1,2,3,koclip_xgb
6635,neungsohwa_0048.png,1,1,3,koclip_xgb
6636,neungsohwa_0048.png,0,1,3,koclip_xgb
6637,neungsohwa_0048.png,3,1,3,koclip_xgb
6675,neungsohwa_0054.png,4,3,3,koclip_xgb
6676,neungsohwa_0054.png,0,1,3,koclip_xgb
6677,neungsohwa_0056.png,4,4,3,koclip_xgb
6678,neungsohwa_0056.png,0,1,3,koclip_xgb
6679,neungsohwa_0056.png,0,1,3,koclip_xgb
6692,neungsohwa_0061.png,0,4,3,koclip_xgb
6693,neungsohwa_0063.png,1,4,3,koclip_xgb
6694,neungsohwa_0063.png,2,1,3,koclip_xgb
6695,neungsohwa_0063.png,4,4,3,koclip_xgb
6696,neungsohwa_0063.png,4,4,3,koclip_xgb
6697,neungsohwa_0063.png,1,1,3,koclip_xgb
6726,neungsohwa_0078.png,1,1,3,koclip_xgb
6727,neungsohwa_0078.png,4,4,3,koclip_xgb
6728,neungsohwa_0078.png,3,4,3,koclip_xgb
6729,neungsohwa_0078.png,3,4,3,koclip_xgb
6730,neungsohwa_0078.png,3,3,3,koclip_xgb
6802,neungsohwa_0100.png,3,2,3,koclip_xgb
6803,neungsohwa_0100.png,0,1,3,koclip_xgb
6804,neungsohwa_0100.png,3,3,3,koclip_xgb
6805,neungsohwa_0100.png,4,3,3,koclip_xgb
6806,neungsohwa_0100.png,4,3,3,koclip_xgb
6807,neungsohwa_0100.png,2,2,3,koclip_xgb
6808,neungsohwa_0100.png,0,0,3,koclip_xgb
6809,neungsohwa_0100.png,0,1,3,koclip_xgb
6810,neungsohwa_0100.png,0,1,3,koclip_xgb
6811,neungsohwa_0100.png,2,2,3,koclip_xgb
6812,neungsohwa_0100.png,0,1,3,koclip_xgb
6813,neungsohwa_0100.png,2,2,3,koclip_xgb
6814,neungsohwa_0100.png,1,1,3,koclip_xgb
6815,neungsohwa_0100.png,1,1,3,koclip_xgb
6816,neungsohwa_0100.png,3,4,3,koclip_xgb
6845,danpung_0008.png,1,0,3,koclip_xgb
6846,danpung_0008.png,3,3,3,koclip_xgb
6870,danpung_0013.png,4,4,3,koclip_xgb
6871,danpung_0013.png,4,4,3,koclip_xgb
6872,danpung_0013.png,4,4,3,koclip_xgb
6873,danpung_0013.png,4,4,3,koclip_xgb
6874,danpung_0013.png,3,4,3,koclip_xgb
6875,danpung_0013.png,3,4,3,koclip_xgb
6876,danpung_0013.png,2,4,3,koclip_xgb
6877,danpung_0014.png,3,1,3,koclip_xgb
6878,danpung_0014.png,4,1,3,koclip_xgb
6879,danpung_0014.png,4,4,3,koclip_xgb
6884,danpung_0016.png,4,3,3,koclip_xgb
6885,danpung_0016.png,0,0,3,koclip_xgb
6886,danpung_0016.png,1,1,3,koclip_xgb
6887,danpung_0016.png,1,1,3,koclip_xgb
6888,danpung_0016.png,0,1,3,koclip_xgb
6889,danpung_0016.png,2,2,3,koclip_xgb
6890,danpung_0016.png,3,3,3,koclip_xgb
6891,danpung_0016.png,3,3,3,koclip_xgb
6892,danpung_0016.png,4,4,3,koclip_xgb
7037,danpung_0042.png,4,4,3,koclip_xgb
7038,danpung_0042.png,4,4,3,koclip_xgb
7039,danpung_0042.png,3,3,3,koclip_xgb
7040,danpung_0042.png,3,3,3,koclip_xgb
7041,danpung_0042.png,2,3,3,koclip_xgb
7042,danpung_0042.png,1,4,3,koclip_xgb
7043,danpung_0042.png,4,4,3,koclip_xgb
7062,danpung_0051.png,1,4,3,koclip_xgb
7063,danpung_0051.png,4,3,3,koclip_xgb
7064,danpung_0051.png,3,2,3,koclip_xgb
7065,danpung_0051.png,4,4,3,koclip_xgb
7066,danpung_0051.png,4,4,3,koclip_xgb
7067,danpung_0051.png,3,3,3,koclip_xgb
7068,danpung_0051.png,3,3,3,koclip_xgb
7069,danpung_0051.png,2,2,3,koclip_xgb
7070,danpung_0052.png,4,0,3,koclip_xgb
7071,danpung_0052.png,4,4,3,koclip_xgb
7072,danpung_0052.png,4,4,3,koclip_xgb
7073,danpung_0052.png,4,0,3,koclip_xgb
7076,danpung_0056.png,4,3,3,koclip_xgb
7077,danpung_0056.png,4,4,3,koclip_xgb
7078,danpung_0056.png,3,3,3,koclip_xgb
7079,danpung_0057.png,4,4,3,koclip_xgb
7097,danpung_0059.png,4,4,3,koclip_xgb
7098,danpung_0063.png,1,1,3,koclip_xgb
7099,danpung_0063.png,1,4,3,koclip_xgb
7100,danpung_0063.png,1,4,3,koclip_xgb
7101,danpung_0063.png,4,4,3,koclip_xgb
7102,danpung_0063.png,1,1,3,koclip_xgb
7103,danpung_0063.png,1,1,3,koclip_xgb
7104,danpung_0063.png,0,4,3,koclip_xgb
7105,danpung_0063.png,0,1,3,koclip_xgb
7106,danpung_0063.png,4,4,3,koclip_xgb
7107,danpung_0063.png,0,1,3,koclip_xgb
7108,danpung_0063.png,3,1,3,koclip_xgb
7109,danpung_0063.png,3,3,3,koclip_xgb
7110,danpung_0063.png,4,4,3,koclip_xgb
7111,danpung_0063.png,3,3,3,koclip_xgb
7112,danpung_0063.png,4,4,3,koclip_xgb
7113,danpung_0063.png,2,3,3,koclip_xgb
7114,danpung_0063.png,1,2,3,koclip_xgb
7115,danpung_0063.png,2,4,3,koclip_xgb
7116,danpung_0063.png,0,4,3,koclip_xgb
7117,danpung_0063.png,1,0,3,koclip_xgb
7118,danpung_0063.png,1,4,3,koclip_xgb
7119,danpung_0063.png,0,4,3,koclip_xgb
7137,danpung_0067.png,4,4,3,koclip_xgb
7138,danpung_0067.png,3,3,3,koclip_xgb
7139,danpung_0067.png,1,1,3,koclip_xgb
7140,danpung_0067.png,1,1,3,koclip_xgb
7141,danpung_0067.png,4,4,3,koclip_xgb
7142,danpung_0067.png,1,4,3,koclip_xgb
7143,danpung_0067.png,1,4,3,koclip_xgb
7144,danpung_0067.png,3,4,3,koclip_xgb
7201,danpung_0077.png,2,2,3,koclip_xgb
7202,danpung_0077.png,3,3,3,koclip_xgb
7203,danpung_0077.png,3,3,3,koclip_xgb
7204,danpung_0077.png,3,4,3,koclip_xgb
7205,danpung_0077.png,3,4,3,koclip_xgb
7206,danpung_0078.png,1,4,3,koclip_xgb
7207,danpung_0078.png,1,1,3,koclip_xgb
7208,danpung_0078.png,0,4,3,koclip_xgb
7209,danpung_0078.png,0,1,3,koclip_xgb
7210,danpung_0078.png,1,1,3,koclip_xgb
7211,danpung_0078.png,1,4,3,koclip_xgb
7212,danpung_0078.png,3,4,3,koclip_xgb
7213,danpung_0078.png,0,1,3,koclip_xgb
7214,danpung_0078.png,0,4,3,koclip_xgb
7225,danpung_0081.png,2,4,3,koclip_xgb
7226,danpung_0081.png,1,4,3,koclip_xgb
7227,danpung_0081.png,1,3,3,koclip_xgb
7228,danpung_0081.png,4,4,3,koclip_xgb
7229,danpung_0081.png,2,3,3,koclip_xgb
7230,danpung_0081.png,2,2,3,koclip_xgb
7231,danpung_0081.png,2,4,3,koclip_xgb
7239,danpung_0084.png,1,1,3,koclip_xgb
7240,danpung_0084.png,4,1,3,koclip_xgb
7241,danpung_0084.png,0,1,3,koclip_xgb
7242,danpung_0084.png,4,4,3,koclip_xgb
7243,danpung_0084.png,4,4,3,koclip_xgb
7244,danpung_0084.png,0,1,3,koclip_xgb
7245,danpung_0084.png,4,4,3,koclip_xgb
7246,danpung_0084.png,4,1,3,koclip_xgb
7247,danpung_0084.png,3,1,3,koclip_xgb
7314,cherryblossom_0016.png,4,4,3,koclip_xgb
7315,cherryblossom_0016.png,4,4,3,koclip_xgb
7316,cherryblossom_0016.png,3,3,3,koclip_xgb
7354,cherryblossom_0027.png,4,4,3,koclip_xgb
7355,cherryblossom_0027.png,4,4,3,koclip_xgb
7356,cherryblossom_0027.png,2,4,3,koclip_xgb
7357,cherryblossom_0027.png,3,4,3,koclip_xgb
7358,cherryblossom_0027.png,3,2,3,koclip_xgb
7362,cherryblossom_0030.png,4,3,3,koclip_xgb
7363,cherryblossom_0030.png,4,4,3,koclip_xgb
7364,cherryblossom_0030.png,0,1,3,koclip_xgb
7365,cherryblossom_0030.png,0,3,3,koclip_xgb
7366,cherryblossom_0030.png,0,0,3,koclip_xgb
7367,cherryblossom_0031.png,1,1,3,koclip_xgb
7368,cherryblossom_0031.png,4,1,3,koclip_xgb
7369,cherryblossom_0032.png,2,2,3,koclip_xgb
7370,cherryblossom_0032.png,1,2,3,koclip_xgb
7371,cherryblossom_0032.png,4,4,3,koclip_xgb
7372,cherryblossom_0032.png,3,4,3,koclip_xgb
7373,cherryblossom_0032.png,1,1,3,koclip_xgb
7406,cherryblossom_0037.png,1,1,3,koclip_xgb
7407,cherryblossom_0037.png,4,4,3,koclip_xgb
7408,cherryblossom_0037.png,3,3,3,koclip_xgb
7409,cherryblossom_0037.png,1,1,3,koclip_xgb
7433,cherryblossom_0046.png,0,3,3,koclip_xgb
7434,cherryblossom_0046.png,0,1,3,koclip_xgb
7435,cherryblossom_0046.png,1,1,3,koclip_xgb
7436,cherryblossom_0047.png,4,4,3,koclip_xgb
7437,cherryblossom_0047.png,4,2,3,koclip_xgb
7445,cherryblossom_0050.png,0,0,3,koclip_xgb
7446,cherryblossom_0050.png,1,3,3,koclip_xgb
7447,cherryblossom_0050.png,3,4,3,koclip_xgb
7448,cherryblossom_0050.png,3,3,3,koclip_xgb
7449,cherryblossom_0050.png,4,4,3,koclip_xgb
7450,cherryblossom_0050.png,2,3,3,koclip_xgb
7451,cherryblossom_0050.png,4,4,3,koclip_xgb
7452,cherryblossom_0050.png,1,3,3,koclip_xgb
7453,cherryblossom_0050.png,3,3,3,koclip_xgb
7454,cherryblossom_0050.png,1,4,3,koclip_xgb
7455,cherryblossom_0050.png,2,2,3,koclip_xgb
7525,cherryblossom_0077.png,4,3,3,koclip_xgb
7526,cherryblossom_0077.png,4,4,3,koclip_xgb
7527,cherryblossom_0077.png,1,1,3,koclip_xgb
7545,cherryblossom_0080.png,3,4,3,koclip_xgb
7546,cherryblossom_0080.png,3,4,3,koclip_xgb
7547,cherryblossom_0080.png,4,4,3,koclip_xgb
7548,cherryblossom_0080.png,1,1,3,koclip_xgb
7549,cherryblossom_0080.png,4,4,3,koclip_xgb
7568,cherryblossom_0087.png,4,1,3,koclip_xgb
7569,cherryblossom_0087.png,3,3,3,koclip_xgb
7570,cherryblossom_0087.png,4,4,3,koclip_xgb
7571,cherryblossom_0087.png,2,2,3,koclip_xgb
7575,cherryblossom_0090.png,4,4,3,koclip_xgb
7576,cherryblossom_0090.png,1,1,3,koclip_xgb
7577,cherryblossom_0090.png,4,0,3,koclip_xgb
7599,cherryblossom_0097.png,4,4,3,koclip_xgb
7600,cherryblossom_0097.png,4,4,3,koclip_xgb
7601,cherryblossom_0097.png,4,1,3,koclip_xgb
7602,cherryblossom_0097.png,4,1,3,koclip_xgb
7603,cherryblossom_0097.png,4,0,3,koclip_xgb
7604,cherryblossom_0097.png,4,4,3,koclip_xgb
7631,kpop_0001.png,4,3,3,koclip_xgb
7632,kpop_0001.png,4,4,3,koclip_xgb
7633,kpop_0001.png,1,4,3,koclip_xgb
7648,kpop_0005.png,4,2,3,koclip_xgb
7649,kpop_0005.png,3,1,3,koclip_xgb
7650,kpop_0005.png,2,4,3,koclip_xgb
7651,kpop_0005.png,2,1,3,koclip_xgb
7670,kpop_0008.png,4,4,3,koclip_xgb
7671,kpop_0008.png,4,0,3,koclip_xgb
7672,kpop_0008.png,4,4,3,koclip_xgb
7673,kpop_0008.png,1,3,3,koclip_xgb
7674,kpop_0008.png,1,3,3,koclip_xgb
7675,kpop_0008.png,1,1,3,koclip_xgb
7676,kpop_0008.png,1,4,3,koclip_xgb
7677,kpop_0008.png,0,4,3,koclip_xgb
7678,kpop_0008.png,1,4,3,koclip_xgb
7679,kpop_0008.png,1,1,3,koclip_xgb
7680,kpop_0008.png,2,1,3,koclip_xgb
7681,kpop_0008.png,1,4,3,koclip_xgb
7682,kpop_0008.png,1,4,3,koclip_xgb
7683,kpop_0008.png,4,4,3,koclip_xgb
7684,kpop_0008.png,1,4,3,koclip_xgb
7685,kpop_0008.png,1,3,3,koclip_xgb
7686,kpop_0008.png,1,1,3,koclip_xgb
7687,kpop_0008.png,4,4,3,koclip_xgb
7688,kpop_0008.png,4,4,3,koclip_xgb
7689,kpop_0008.png,3,0,3,koclip_xgb
7690,kpop_0008.png,3,3,3,koclip_xgb
7691,kpop_0008.png,3,3,3,koclip_xgb
7692,kpop_0008.png,3,0,3,koclip_xgb
7693,kpop_0008.png,3,1,3,koclip_xgb
7694,kpop_0008.png,2,4,3,koclip_xgb
7695,kpop_0008.png,1,1,3,koclip_xgb
7696,kpop_0008.png,1,4,3,koclip_xgb
7697,kpop_0008.png,3,4,3,koclip_xgb
7698,kpop_0008.png,1,2,3,koclip_xgb
7699,kpop_0008.png,2,2,3,koclip_xgb
7700,kpop_0009.png,4,4,3,koclip_xgb
7701,kpop_0009.png,3,1,3,koclip_xgb
7702,kpop_0009.png,3,3,3,koclip_xgb
7703,kpop_0009.png,2,4,3,koclip_xgb
7704,kpop_0009.png,1,1,3,koclip_xgb
7730,kpop_0015.png,0,4,3,koclip_xgb
7731,kpop_0015.png,0,4,3,koclip_xgb
7732,kpop_0015.png,0,4,3,koclip_xgb
7733,kpop_0015.png,3,3,3,koclip_xgb
7734,kpop_0015.png,4,4,3,koclip_xgb
7800,kpop_0026.png,4,1,3,koclip_xgb
7801,kpop_0026.png,4,1,3,koclip_xgb
7802,kpop_0026.png,4,1,3,koclip_xgb
7803,kpop_0026.png,4,1,3,koclip_xgb
7812,kpop_0029.png,4,2,3,koclip_xgb
7813,kpop_0029.png,4,3,3,koclip_xgb
7814,kpop_0029.png,4,4,3,koclip_xgb
7815,kpop_0029.png,3,3,3,koclip_xgb
7816,kpop_0029.png,1,3,3,koclip_xgb
7854,kpop_0035.png,4,4,3,koclip_xgb
7855,kpop_0035.png,4,3,3,koclip_xgb
7856,kpop_0035.png,3,3,3,koclip_xgb
7857,kpop_0035.png,3,4,3,koclip_xgb
7858,kpop_0035.png,3,3,3,koclip_xgb
7859,kpop_0035.png,4,4,3,koclip_xgb
7860,kpop_0035.png,0,3,3,koclip_xgb
7861,kpop_0035.png,0,3,3,koclip_xgb
7862,kpop_0035.png,4,4,3,koclip_xgb
7863,kpop_0035.png,0,0,3,koclip_xgb
7864,kpop_0035.png,0,4,3,koclip_xgb
7865,kpop_0035.png,4,3,3,koclip_xgb
7866,kpop_0035.png,4,3,3,koclip_xgb
7867,kpop_0035.png,0,3,3,koclip_xgb
7868,kpop_0035.png,4,3,3,koclip_xgb
7869,kpop_0035.png,4,4,3,koclip_xgb
7928,kpop_0042.png,4,4,3,koclip_xgb
7929,kpop_0042.png,4,4,3,koclip_xgb
7930,kpop_0042.png,4,1,3,koclip_xgb
7931,kpop_0042.png,4,1,3,koclip_xgb
7932,kpop_0042.png,3,3,3,koclip_xgb
7933,kpop_0042.png,1,1,3,koclip_xgb
7934,kpop_0042.png,1,1,3,koclip_xgb
7935,kpop_0042.png,4,1,3,koclip_xgb
7936,kpop_0042.png,4,1,3,koclip_xgb
7937,kpop_0042.png,4,1,3,koclip_xgb
7938,kpop_0042.png,0,1,3,koclip_xgb
7939,kpop_0042.png,3,0,3,koclip_xgb
7940,kpop_0042.png,3,1,3,koclip_xgb
7941,kpop_0042.png,3,1,3,koclip_xgb
7942,kpop_0042.png,3,1,3,koclip_xgb
7943,kpop_0042.png,3,1,3,koclip_xgb
7944,kpop_0042.png,2,4,3,koclip_xgb
7945,kpop_0044.png,4,4,3,koclip_xgb
7946,kpop_0044.png,4,4,3,koclip_xgb
7947,kpop_0044.png,4,4,3,koclip_xgb
7948,kpop_0044.png,4,4,3,koclip_xgb
7949,kpop_0044.png,2,1,3,koclip_xgb
8011,kpop_0050.png,4,3,3,koclip_xgb
8012,kpop_0050.png,4,4,3,koclip_xgb
8013,kpop_0050.png,3,3,3,koclip_xgb
8014,kpop_0050.png,3,3,3,koclip_xgb
8093,kpop_0063.png,4,3,3,koclip_xgb
8094,kpop_0063.png,4,4,3,koclip_xgb
8095,kpop_0063.png,3,1,3,koclip_xgb
8096,kpop_0063.png,1,1,3,koclip_xgb
8097,kpop_0063.png,2,3,3,koclip_xgb
8098,kpop_0064.png,4,4,3,koclip_xgb
8099,kpop_0064.png,1,3,3,koclip_xgb
8100,kpop_0064.png,4,4,3,koclip_xgb
8101,kpop_0064.png,3,4,3,koclip_xgb
8102,kpop_0064.png,1,1,3,koclip_xgb
8103,kpop_0064.png,3,3,3,koclip_xgb
8104,kpop_0064.png,3,1,3,koclip_xgb
8105,kpop_0064.png,3,3,3,koclip_xgb
8106,kpop_0064.png,2,4,3,koclip_xgb
8131,kpop_0067.png,0,4,3,koclip_xgb
8132,kpop_0067.png,0,4,3,koclip_xgb
8133,kpop_0067.png,1,3,3,koclip_xgb
8134,kpop_0067.png,1,0,3,koclip_xgb
8223,kpop_0080.png,4,1,3,koclip_xgb
8224,kpop_0080.png,4,4,3,koclip_xgb
8225,kpop_0080.png,4,4,3,koclip_xgb
8226,kpop_0080.png,2,3,3,koclip_xgb
8227,kpop_0080.png,2,3,3,koclip_xgb
8228,kpop_0080.png,1,1,3,koclip_xgb
8229,kpop_0080.png,1,4,3,koclip_xgb
8230,kpop_0080.png,1,1,3,koclip_xgb
8231,kpop_0080.png,0,4,3,koclip_xgb
8232,kpop_0080.png,0,1,3,koclip_xgb
8254,kpop_0086.png,3,3,3,koclip_xgb
8255,kpop_0086.png,4,4,3,koclip_xgb
8256,kpop_0086.png,3,3,3,koclip_xgb
8257,kpop_0086.png,3,4,3,koclip_xgb
8258,kpop_0086.png,1,3,3,koclip_xgb
8259,kpop_0086.png,4,2,3,koclip_xgb
8260,kpop_0086.png,2,3,3,koclip_xgb
8261,kpop_0086.png,1,4,3,koclip_xgb
8262,kpop_0086.png,0,1,3,koclip_xgb
8317,kpop_0096.png,4,4,3,koclip_xgb
8318,kpop_0096.png,3,4,3,koclip_xgb
8319,kpop_0096.png,4,4,3,koclip_xgb
8320,kpop_0096.png,3,3,3,koclip_xgb
8321,kpop_0096.png,2,3,3,koclip_xgb
8322,kpop_0096.png,1,4,3,koclip_xgb
8393,spotify_0005.png,1,1,3,koclip_xgb
8394,spotify_0005.png,3,3,3,koclip_xgb
8405,spotify_0009.png,4,4,3,koclip_xgb
8406,spotify_0009.png,3,4,3,koclip_xgb
8407,spotify_0009.png,2,3,3,koclip_xgb
8408,spotify_0009.png,2,4,3,koclip_xgb
8409,spotify_0009.png,4,1,3,koclip_xgb
8473,spotify_0034.png,2,1,3,koclip_xgb
8474,spotify_0034.png,3,4,3,koclip_xgb
8475,spotify_0034.png,3,3,3,koclip_xgb
8476,spotify_0034.png,4,4,3,koclip_xgb
8477,spotify_0034.png,4,4,3,koclip_xgb
8478,spotify_0035.png,4,4,3,koclip_xgb
8479,spotify_0035.png,4,4,3,koclip_xgb
8480,spotify_0035.png,3,2,3,koclip_xgb
8481,spotify_0035.png,3,3,3,koclip_xgb
8482,spotify_0035.png,1,3,3,koclip_xgb
8534,spotify_0053.png,4,0,3,koclip_xgb
8535,spotify_0053.png,4,4,3,koclip_xgb
8536,spotify_0053.png,4,4,3,koclip_xgb
8537,spotify_0053.png,4,4,3,koclip_xgb
8538,spotify_0055.png,4,4,3,koclip_xgb
8539,spotify_0055.png,4,4,3,koclip_xgb
8540,spotify_0055.png,4,2,3,koclip_xgb
8541,spotify_0055.png,3,1,3,koclip_xgb
8542,spotify_0055.png,2,3,3,koclip_xgb
8543,spotify_0055.png,2,2,3,koclip_xgb
8567,spotify_0063.png,3,1,3,koclip_xgb
8568,spotify_0063.png,2,1,3,koclip_xgb
8569,spotify_0063.png,4,4,3,koclip_xgb
8570,spotify_0064.png,2,2,3,koclip_xgb
8571,spotify_0064.png,2,2,3,koclip_xgb
8572,spotify_0064.png,3,3,3,koclip_xgb
8573,spotify_0064.png,4,2,3,koclip_xgb
8574,spotify_0064.png,4,2,3,koclip_xgb
8575,spotify_0064.png,4,3,3,koclip_xgb
8576,spotify_0064.png,4,2,3,koclip_xgb
8577,spotify_0064.png,4,3,3,koclip_xgb
8578,spotify_0064.png,2,2,3,koclip_xgb
8579,spotify_0064.png,4,2,3,koclip_xgb
8580,spotify_0064.png,4,2,3,koclip_xgb
8581,spotify_0064.png,2,4,3,koclip_xgb
8582,spotify_0064.png,2,0,3,koclip_xgb
8583,spotify_0064.png,2,0,3,koclip_xgb
8617,spotify_0077.png,4,1,3,koclip_xgb
8622,spotify_0081.png,4,2,3,koclip_xgb
8623,spotify_0081.png,3,1,3,koclip_xgb
8624,spotify_0081.png,4,2,3,koclip_xgb
8625,spotify_0081.png,2,2,3,koclip_xgb
8627,spotify_0085.png,2,1,3,koclip_xgb
8628,spotify_0085.png,3,1,3,koclip_xgb
8629,spotify_0085.png,4,2,3,koclip_xgb
8630,spotify_0085.png,3,2,3,koclip_xgb
8631,spotify_0085.png,3,2,3,koclip_xgb
8660,spotify_0097.png,3,3,3,koclip_xgb
8661,spotify_0097.png,3,3,3,koclip_xgb
8662,spotify_0097.png,4,2,3,koclip_xgb
8663,spotify_0097.png,2,4,3,koclip_xgb
8664,spotify_0097.png,3,4,3,koclip_xgb
8670,netflix_0001.png,4,4,3,koclip_xgb
8671,netflix_0001.png,1,4,3,koclip_xgb
8672,netflix_0001.png,3,2,3,koclip_xgb
8673,netflix_0001.png,4,4,3,koclip_xgb
8674,netflix_0001.png,2,2,3,koclip_xgb
8675,netflix_0001.png,1,2,3,koclip_xgb
8676,netflix_0001.png,1,2,3,koclip_xgb
8677,netflix_0001.png,1,2,3,koclip_xgb
8678,netflix_0001.png,2,4,3,koclip_xgb
8679,netflix_0001.png,2,4,3,koclip_xgb
8743,netflix_0019.png,4,4,3,koclip_xgb
8744,netflix_0019.png,4,4,3,koclip_xgb
8745,netflix_0019.png,1,1,3,koclip_xgb
8746,netflix_0019.png,3,4,3,koclip_xgb
8747,netflix_0019.png,1,3,3,koclip_xgb
8748,netflix_0019.png,1,2,3,koclip_xgb
8749,netflix_0019.png,1,2,3,koclip_xgb
8750,netflix_0019.png,3,2,3,koclip_xgb
8751,netflix_0019.png,0,4,3,koclip_xgb
8752,netflix_0019.png,0,4,3,koclip_xgb
8775,netflix_0022.png,4,4,3,koclip_xgb
8776,netflix_0022.png,4,4,3,koclip_xgb
8777,netflix_0022.png,4,1,3,koclip_xgb
8778,netflix_0022.png,4,4,3,koclip_xgb
8779,netflix_0022.png,4,4,3,koclip_xgb
8780,netflix_0022.png,2,3,3,koclip_xgb
8791,netflix_0029.png,4,4,3,koclip_xgb
8792,netflix_0029.png,4,1,3,koclip_xgb
8793,netflix_0029.png,2,4,3,koclip_xgb
8794,netflix_0029.png,3,3,3,koclip_xgb
8795,netflix_0029.png,3,4,3,koclip_xgb
8814,netflix_0036.png,4,4,3,koclip_xgb
8815,netflix_0036.png,4,2,3,koclip_xgb
8816,netflix_0036.png,2,2,3,koclip_xgb
8817,netflix_0036.png,1,4,3,koclip_xgb
8818,netflix_0036.png,3,1,3,koclip_xgb
8819,netflix_0036.png,0,3,3,koclip_xgb
8820,netflix_0036.png,0,0,3,koclip_xgb
8853,netflix_0044.png,4,4,3,koclip_xgb
8854,netflix_0044.png,4,4,3,koclip_xgb
8855,netflix_0044.png,4,4,3,koclip_xgb
8856,netflix_0044.png,1,4,3,koclip_xgb
8857,netflix_0044.png,4,4,3,koclip_xgb
8858,netflix_0046.png,1,4,3,koclip_xgb
8859,netflix_0046.png,4,4,3,koclip_xgb
8860,netflix_0046.png,3,1,3,koclip_xgb
8861,netflix_0046.png,4,4,3,koclip_xgb
8882,netflix_0051.png,4,4,3,koclip_xgb
8883,netflix_0051.png,4,4,3,koclip_xgb
8884,netflix_0051.png,4,4,3,koclip_xgb
8885,netflix_0051.png,3,4,3,koclip_xgb
8886,netflix_0051.png,3,1,3,koclip_xgb
8904,netflix_0054.png,4,4,3,koclip_xgb
8905,netflix_0054.png,4,4,3,koclip_xgb
8906,netflix_0054.png,2,2,3,koclip_xgb
8907,netflix_0054.png,2,2,3,koclip_xgb
8908,netflix_0054.png,2,4,3,koclip_xgb
8919,netflix_0059.png,4,4,3,koclip_xgb
8920,netflix_0059.png,3,4,3,koclip_xgb
8921,netflix_0059.png,3,3,3,koclip_xgb
8922,netflix_0059.png,4,2,3,koclip_xgb
8923,netflix_0059.png,3,4,3,koclip_xgb
8924,netflix_0059.png,3,2,3,koclip_xgb
8925,netflix_0059.png,2,2,3,koclip_xgb
8926,netflix_0059.png,1,2,3,koclip_xgb
8927,netflix_0059.png,3,2,3,koclip_xgb
8928,netflix_0059.png,2,2,3,koclip_xgb
8929,netflix_0059.png,4,1,3,koclip_xgb
8930,netflix_0059.png,4,1,3,koclip_xgb
8931,netflix_0059.png,1,4,3,koclip_xgb
8932,netflix_0059.png,1,2,3,koclip_xgb
8933,netflix_0059.png,2,2,3,koclip_xgb
8961,netflix_0069.png,1,4,3,koclip_xgb
8962,netflix_0069.png,1,2,3,koclip_xgb
8963,netflix_0069.png,1,4,3,koclip_xgb
8964,netflix_0069.png,2,2,3,koclip_xgb
8965,netflix_0069.png,2,2,3,koclip_xgb
8978,netflix_0073.png,0,4,3,koclip_xgb
8979,netflix_0073.png,0,4,3,koclip_xgb
8980,netflix_0073.png,1,4,3,koclip_xgb
8981,netflix_0073.png,1,4,3,koclip_xgb
8987,netflix_0079.png,4,1,3,koclip_xgb
8988,netflix_0079.png,4,4,3,koclip_xgb
8989,netflix_0079.png,4,1,3,koclip_xgb
8990,netflix_0079.png,4,4,3,koclip_xgb
8991,netflix_0079.png,4,4,3,koclip_xgb
8999,netflix_0086.png,4,4,3,koclip_xgb
9000,netflix_0086.png,4,4,3,koclip_xgb
9001,netflix_0086.png,4,4,3,koclip_xgb
9002,netflix_0086.png,1,4,3,koclip_xgb
9003,netflix_0086.png,4,4,3,koclip_xgb
9004,netflix_0088.png,4,1,3,koclip_xgb
9005,netflix_0088.png,3,1,3,koclip_xgb
9006,netflix_0088.png,1,1,3,koclip_xgb
9007,netflix_0088.png,1,3,3,koclip_xgb
9008,netflix_0088.png,1,1,3,koclip_xgb
9039,netflix_0097.png,4,4,3,koclip_xgb
9040,netflix_0097.png,4,4,3,koclip_xgb
9041,netflix_0097.png,3,4,3,koclip_xgb
9042,netflix_0097.png,3,4,3,koclip_xgb
9043,netflix_0097.png,2,1,3,koclip_xgb
9044,netflix_0098.png,4,4,3,koclip_xgb
9045,netflix_0098.png,4,4,3,koclip_xgb
9046,netflix_0098.png,4,4,3,koclip_xgb
9047,netflix_0098.png,1,4,3,koclip_xgb
9048,netflix_0098.png,4,4,3,koclip_xgb
9049,netflix_0098.png,4,4,3,koclip_xgb
9050,netflix_0098.png,0,2,3,koclip_xgb
9051,netflix_0098.png,0,1,3,koclip_xgb
9052,netflix_0098.png,0,3,3,koclip_xgb
9053,netflix_0098.png,0,1,3,koclip_xgb
9054,netflix_0098.png,0,3,3,koclip_xgb
9055,netflix_0098.png,2,3,3,koclip_xgb
9056,netflix_0098.png,1,4,3,koclip_xgb
9057,netflix_0098.png,0,1,3,koclip_xgb
9058,netflix_0098.png,0,4,3,koclip_xgb
9059,netflix_0098.png,0,4,3,koclip_xgb
9060,netflix_0099.png,4,4,3,koclip_xgb
9061,netflix_0099.png,4,4,3,koclip_xgb
9067,apple_0002.png,1,4,3,koclip_xgb
9068,apple_0002.png,1,4,3,koclip_xgb
9069,apple_0002.png,1,4,3,koclip_xgb
9070,apple_0002.png,2,2,3,koclip_xgb
9071,apple_0002.png,1,1,3,koclip_xgb
9100,apple_0010.png,4,4,3,koclip_xgb
9101,apple_0010.png,3,3,3,koclip_xgb
9102,apple_0010.png,2,4,3,koclip_xgb
9103,apple_0010.png,1,1,3,koclip_xgb
9104,apple_0010.png,1,2,3,koclip_xgb
9105,apple_0010.png,1,3,3,koclip_xgb
9106,apple_0010.png,0,3,3,koclip_xgb
9107,apple_0010.png,1,3,3,koclip_xgb
9108,apple_0010.png,1,2,3,koclip_xgb
9109,apple_0010.png,1,3,3,koclip_xgb
9110,apple_0010.png,1,1,3,koclip_xgb
9111,apple_0010.png,1,1,3,koclip_xgb
9112,apple_0010.png,0,1,3,koclip_xgb
9113,apple_0010.png,2,2,3,koclip_xgb
9114,apple_0010.png,2,4,3,koclip_xgb
9115,apple_0010.png,2,4,3,koclip_xgb
9116,apple_0010.png,2,0,3,koclip_xgb
9117,apple_0010.png,2,0,3,koclip_xgb
9121,apple_0013.png,4,1,3,koclip_xgb
9122,apple_0013.png,4,4,3,koclip_xgb
9123,apple_0013.png,4,4,3,koclip_xgb
9124,apple_0013.png,4,1,3,koclip_xgb
9125,apple_0013.png,4,4,3,koclip_xgb
9126,apple_0013.png,4,4,3,koclip_xgb
9127,apple_0013.png,4,4,3,koclip_xgb
9128,apple_0013.png,4,1,3,koclip_xgb
9129,apple_0013.png,4,4,3,koclip_xgb
9130,apple_0013.png,4,4,3,koclip_xgb
9133,apple_0021.png,4,4,3,koclip_xgb
9134,apple_0021.png,4,4,3,koclip_xgb
9135,apple_0021.png,4,4,3,koclip_xgb
9136,apple_0021.png,2,2,3,koclip_xgb
9137,apple_0021.png,3,4,3,koclip_xgb
9142,apple_0024.png,4,4,3,koclip_xgb
9143,apple_0024.png,4,4,3,koclip_xgb
9144,apple_0024.png,4,3,3,koclip_xgb
9145,apple_0024.png,1,1,3,koclip_xgb
9146,apple_0024.png,2,2,3,koclip_xgb
9199,apple_0045.png,4,4,3,koclip_xgb
9200,apple_0045.png,3,0,3,koclip_xgb
9201,apple_0045.png,4,4,3,koclip_xgb
9202,apple_0045.png,4,4,3,koclip_xgb
9203,apple_0045.png,3,4,3,koclip_xgb
9228,apple_0051.png,4,4,3,koclip_xgb
9229,apple_0051.png,4,3,3,koclip_xgb
9230,apple_0051.png,4,4,3,koclip_xgb
9231,apple_0051.png,4,4,3,koclip_xgb
9249,apple_0061.png,4,4,3,koclip_xgb
9250,apple_0061.png,4,4,3,koclip_xgb
9251,apple_0061.png,3,4,3,koclip_xgb
9252,apple_0061.png,4,4,3,koclip_xgb
9253,apple_0061.png,3,4,3,koclip_xgb
9254,apple_0064.png,4,4,3,koclip_xgb
9255,apple_0064.png,4,4,3,koclip_xgb
9267,apple_0070.png,4,4,3,koclip_xgb
9268,apple_0070.png,4,4,3,koclip_xgb
9269,apple_0070.png,3,2,3,koclip_xgb
9270,apple_0070.png,1,4,3,koclip_xgb
9271,apple_0070.png,0,4,3,koclip_xgb
9287,apple_0076.png,4,2,3,koclip_xgb
9288,apple_0076.png,4,1,3,koclip_xgb
9289,apple_0076.png,0,4,3,koclip_xgb
9290,apple_0076.png,3,1,3,koclip_xgb
9291,apple_0076.png,2,2,3,koclip_xgb
9292,apple_0076.png,1,2,3,koclip_xgb
9293,apple_0076.png,2,1,3,koclip_xgb
9294,apple_0076.png,2,1,3,koclip_xgb
9295,apple_0076.png,0,4,3,koclip_xgb
9296,apple_0076.png,4,2,3,koclip_xgb
9297,apple_0076.png,1,2,3,koclip_xgb
9298,apple_0076.png,3,3,3,koclip_xgb
9299,apple_0076.png,0,4,3,koclip_xgb
9300,apple_0076.png,0,4,3,koclip_xgb
9301,apple_0076.png,1,3,3,koclip_xgb
9302,apple_0076.png,0,4,3,koclip_xgb
9303,apple_0076.png,3,4,3,koclip_xgb
9304,apple_0076.png,0,4,3,koclip_xgb
9305,apple_0076.png,0,4,3,koclip_xgb
9316,apple_0088.png,4,4,3,koclip_xgb
9317,apple_0088.png,4,4,3,koclip_xgb
9318,apple_0088.png,0,1,3,koclip_xgb
9319,apple_0088.png,2,4,3,koclip_xgb
9320,apple_0088.png,3,3,3,koclip_xgb
9321,apple_0090.png,4,4,3,koclip_xgb
9322,apple_0090.png,4,4,3,koclip_xgb
9323,apple_0090.png,1,4,3,koclip_xgb
9324,apple_0091.png,4,4,3,koclip_xgb
9325,apple_0091.png,4,4,3,koclip_xgb
9326,apple_0091.png,1,4,3,koclip_xgb
9327,apple_0091.png,3,4,3,koclip_xgb
9328,apple_0091.png,1,4,3,koclip_xgb
9351,apple_0099.png,4,4,3,koclip_xgb
9352,apple_0099.png,4,4,3,koclip_xgb
9353,apple_0099.png,2,1,3,koclip_xgb
9354,apple_0099.png,3,1,3,koclip_xgb
9355,galaxy_0002.png,4,4,3,koclip_xgb
9356,galaxy_0002.png,4,4,3,koclip_xgb
9357,galaxy_0002.png,4,4,3,koclip_xgb
9358,galaxy_0002.png,0,0,3,koclip_xgb
9359,galaxy_0002.png,1,1,3,koclip_xgb
9400,galaxy_0013.png,4,3,3,koclip_xgb
9401,galaxy_0013.png,4,4,3,koclip_xgb
9402,galaxy_0013.png,1,3,3,koclip_xgb
9403,galaxy_0013.png,3,4,3,koclip_xgb
9404,galaxy_0013.png,2,1,3,koclip_xgb
9497,galaxy_0030.png,4,1,3,koclip_xgb
9498,galaxy_0030.png,3,4,3,koclip_xgb
9499,galaxy_0030.png,4,4,3,koclip_xgb
9500,galaxy_0030.png,4,4,3,koclip_xgb
9501,galaxy_0030.png,4,4,3,koclip_xgb
9502,galaxy_0030.png,0,4,3,koclip_xgb
9572,galaxy_0051.png,1,3,3,koclip_xgb
9573,galaxy_0051.png,3,1,3,koclip_xgb
9574,galaxy_0051.png,1,4,3,koclip_xgb
9575,galaxy_0051.png,1,4,3,koclip_xgb
9587,galaxy_0059.png,1,0,3,koclip_xgb
9588,galaxy_0059.png,4,4,3,koclip_xgb
9589,galaxy_0059.png,3,1,3,koclip_xgb
9590,galaxy_0059.png,4,4,3,koclip_xgb
9591,galaxy_0059.png,2,4,3,koclip_xgb
9620,galaxy_0066.png,1,1,3,koclip_xgb
9621,galaxy_0066.png,4,4,3,koclip_xgb
9622,galaxy_0066.png,1,4,3,koclip_xgb
9623,galaxy_0066.png,3,3,3,koclip_xgb
9624,galaxy_0066.png,4,4,3,koclip_xgb
9629,galaxy_0068.png,2,1,3,koclip_xgb
9630,galaxy_0068.png,4,4,3,koclip_xgb
9631,galaxy_0068.png,4,1,3,koclip_xgb
9632,galaxy_0068.png,2,1,3,koclip_xgb
9633,galaxy_0069.png,1,4,3,koclip_xgb
9634,galaxy_0069.png,4,3,3,koclip_xgb
9635,galaxy_0069.png,2,2,3,koclip_xgb
9636,galaxy_0069.png,3,3,3,koclip_xgb
9679,galaxy_0080.png,4,3,3,koclip_xgb
9680,galaxy_0080.png,1,1,3,koclip_xgb
9681,galaxy_0080.png,3,4,3,koclip_xgb
9682,galaxy_0080.png,4,4,3,koclip_xgb
9712,galaxy_0086.png,4,4,3,koclip_xgb
9713,galaxy_0086.png,4,4,3,koclip_xgb
9714,galaxy_0086.png,4,4,3,koclip_xgb
9715,galaxy_0086.png,4,4,3,koclip_xgb
9716,galaxy_0086.png,1,4,3,koclip_xgb
9722,galaxy_0088.png,4,2,3,koclip_xgb
9723,galaxy_0088.png,3,3,3,koclip_xgb
9724,galaxy_0088.png,1,2,3,koclip_xgb
9725,galaxy_0088.png,2,2,3,koclip_xgb
9726,galaxy_0088.png,4,3,3,koclip_xgb
9727,galaxy_0089.png,3,1,3,koclip_xgb
9728,galaxy_0089.png,4,4,3,koclip_xgb
9729,galaxy_0089.png,4,4,3,koclip_xgb
9730,galaxy_0089.png,1,4,3,koclip_xgb
9731,galaxy_0089.png,4,4,3,koclip_xgb
9732,galaxy_0089.png,2,2,3,koclip_xgb
9733,galaxy_0089.png,4,4,3,koclip_xgb
9734,galaxy_0089.png,4,4,3,koclip_xgb
9735,galaxy_0089.png,4,4,3,koclip_xgb
9736,galaxy_0089.png,1,4,3,koclip_xgb
9745,galaxy_0091.png,4,4,3,koclip_xgb
9746,galaxy_0091.png,4,4,3,koclip_xgb
9747,galaxy_0091.png,4,4,3,koclip_xgb
9748,galaxy_0091.png,4,4,3,koclip_xgb
9749,galaxy_0091.png,3,4,3,koclip_xgb
9750,galaxy_0091.png,4,4,3,koclip_xgb
9751,galaxy_0091.png,4,4,3,koclip_xgb
9752,galaxy_0091.png,4,4,3,koclip_xgb
9753,galaxy_0091.png,3,4,3,koclip_xgb
9754,galaxy_0091.png,3,4,3,koclip_xgb
9755,galaxy_0091.png,3,3,3,koclip_xgb
9756,galaxy_0091.png,3,3,3,koclip_xgb
9757,galaxy_0091.png,3,4,3,koclip_xgb
9758,galaxy_0091.png,1,2,3,koclip_xgb
9761,galaxy_0093.png,3,3,3,koclip_xgb
9762,galaxy_0093.png,2,2,3,koclip_xgb
9763,galaxy_0093.png,4,3,3,koclip_xgb
9764,galaxy_0093.png,3,4,3,koclip_xgb
9765,galaxy_0093.png,2,4,3,koclip_xgb
9771,galaxy_0097.png,4,4,3,koclip_xgb
9772,galaxy_0097.png,4,4,3,koclip_xgb
9773,galaxy_0097.png,3,1,3,koclip_xgb
9774,galaxy_0097.png,1,1,3,koclip_xgb
9775,galaxy_0098.png,4,3,3,koclip_xgb
9776,galaxy_0098.png,4,4,3,koclip_xgb
9777,galaxy_0098.png,2,4,3,koclip_xgb
9778,galaxy_0098.png,2,1,3,koclip_xgb
9817,iphone16_0005.png,4,3,3,koclip_xgb
9818,iphone16_0005.png,4,3,3,koclip_xgb
9819,iphone16_0005.png,3,3,3,koclip_xgb
9820,iphone16_0005.png,4,3,3,koclip_xgb
9821,iphone16_0005.png,4,3,3,koclip_xgb
9822,iphone16_0005.png,3,3,3,koclip_xgb
9823,iphone16_0005.png,3,3,3,koclip_xgb
9824,iphone16_0005.png,4,3,3,koclip_xgb
9825,iphone16_0005.png,3,3,3,koclip_xgb
9826,iphone16_0005.png,3,3,3,koclip_xgb
9827,iphone16_0005.png,3,3,3,koclip_xgb
9828,iphone16_0005.png,4,4,3,koclip_xgb
9829,iphone16_0005.png,0,4,3,koclip_xgb
9830,iphone16_0005.png,4,4,3,koclip_xgb
9831,iphone16_0005.png,0,4,3,koclip_xgb
9832,iphone16_0005.png,0,4,3,koclip_xgb
9833,iphone16_0005.png,0,4,3,koclip_xgb
9834,iphone16_0005.png,0,4,3,koclip_xgb
9862,iphone16_0013.png,4,4,3,koclip_xgb
9863,iphone16_0013.png,1,4,3,koclip_xgb
9864,iphone16_0013.png,4,4,3,koclip_xgb
9865,iphone16_0013.png,2,4,3,koclip_xgb
9866,iphone16_0013.png,0,4,3,koclip_xgb
9867,iphone16_0013.png,2,1,3,koclip_xgb
9872,iphone16_0015.png,4,1,3,koclip_xgb
9873,iphone16_0015.png,3,3,3,koclip_xgb
9874,iphone16_0015.png,0,4,3,koclip_xgb
9875,iphone16_0015.png,4,3,3,koclip_xgb
9895,iphone16_0024.png,1,0,3,koclip_xgb
9896,iphone16_0024.png,1,4,3,koclip_xgb
9897,iphone16_0024.png,1,0,3,koclip_xgb
9898,iphone16_0024.png,3,4,3,koclip_xgb
9899,iphone16_0024.png,4,4,3,koclip_xgb
9909,iphone16_0030.png,4,4,3,koclip_xgb
9910,iphone16_0030.png,1,4,3,koclip_xgb
9925,iphone16_0035.png,4,0,3,koclip_xgb
9926,iphone16_0035.png,4,4,3,koclip_xgb
9927,iphone16_0035.png,4,4,3,koclip_xgb
9928,iphone16_0036.png,4,4,3,koclip_xgb
9929,iphone16_0036.png,4,4,3,koclip_xgb
9930,iphone16_0036.png,3,1,3,koclip_xgb
9931,iphone16_0036.png,4,4,3,koclip_xgb
9978,iphone16_0049.png,4,4,3,koclip_xgb
9979,iphone16_0049.png,4,4,3,koclip_xgb
9980,iphone16_0049.png,4,4,3,koclip_xgb
9981,iphone16_0049.png,3,3,3,koclip_xgb
9982,iphone16_0049.png,3,4,3,koclip_xgb
10002,iphone16_0056.png,4,4,3,koclip_xgb
10003,iphone16_0056.png,4,4,3,koclip_xgb
10004,iphone16_0056.png,1,2,3,koclip_xgb
10005,iphone16_0056.png,2,4,3,koclip_xgb
10006,iphone16_0056.png,3,1,3,koclip_xgb
10048,iphone16_0064.png,4,4,3,koclip_xgb
10049,iphone16_0064.png,4,4,3,koclip_xgb
10050,iphone16_0064.png,3,0,3,koclip_xgb
10051,iphone16_0064.png,3,2,3,koclip_xgb
10052,iphone16_0064.png,1,1,3,koclip_xgb
10077,iphone16_0073.png,4,4,3,koclip_xgb
10078,iphone16_0073.png,3,4,3,koclip_xgb
10079,iphone16_0073.png,1,3,3,koclip_xgb
10080,iphone16_0073.png,0,3,3,koclip_xgb
10081,iphone16_0073.png,0,3,3,koclip_xgb
10082,iphone16_0073.png,3,4,3,koclip_xgb
10083,iphone16_0073.png,4,4,3,koclip_xgb
10084,iphone16_0073.png,2,3,3,koclip_xgb
10085,iphone16_0073.png,4,3,3,koclip_xgb
10086,iphone16_0073.png,0,3,3,koclip_xgb
10087,iphone16_0073.png,0,3,3,koclip_xgb
10088,iphone16_0073.png,4,4,3,koclip_xgb
10089,iphone16_0073.png,0,3,3,koclip_xgb
10090,iphone16_0073.png,4,4,3,koclip_xgb
10091,iphone16_0073.png,0,4,3,koclip_xgb
10092,iphone16_0073.png,0,3,3,koclip_xgb
10093,iphone16_0073.png,1,4,3,koclip_xgb
10094,iphone16_0073.png,0,3,3,koclip_xgb
10095,iphone16_0073.png,4,3,3,koclip_xgb
10096,iphone16_0073.png,0,4,3,koclip_xgb
10097,iphone16_0073.png,3,3,3,koclip_xgb
10098,iphone16_0073.png,0,4,3,koclip_xgb
10099,iphone16_0073.png,0,4,3,koclip_xgb
10100,iphone16_0073.png,4,4,3,koclip_xgb
10101,iphone16_0073.png,0,4,3,koclip_xgb
10102,iphone16_0073.png,0,3,3,koclip_xgb
10103,iphone16_0073.png,0,4,3,koclip_xgb
10104,iphone16_0073.png,0,4,3,koclip_xgb
10105,iphone16_0073.png,0,4,3,koclip_xgb
10116,iphone16_0077.png,4,4,3,koclip_xgb
10152,iphone16_0080.png,3,4,3,koclip_xgb
10153,iphone16_0080.png,4,4,3,koclip_xgb
10154,iphone16_0080.png,3,4,3,koclip_xgb
10155,iphone16_0080.png,4,4,3,koclip_xgb
10156,iphone16_0080.png,2,1,3,koclip_xgb
10162,iphone16_0083.png,4,4,3,koclip_xgb
10163,iphone16_0083.png,4,4,3,koclip_xgb
10164,iphone16_0083.png,2,3,3,koclip_xgb
10165,iphone16_0083.png,1,1,3,koclip_xgb
10166,iphone16_0083.png,0,3,3,koclip_xgb
10167,iphone16_0084.png,4,4,3,koclip_xgb
10168,iphone16_0084.png,3,4,3,koclip_xgb
10169,iphone16_0084.png,1,3,3,koclip_xgb
10170,iphone16_0084.png,1,3,3,koclip_xgb
10171,iphone16_0084.png,4,4,3,koclip_xgb
10194,iphone16_0089.png,4,4,3,koclip_xgb
10195,iphone16_0089.png,4,4,3,koclip_xgb
10196,iphone16_0089.png,4,4,3,koclip_xgb
10197,iphone16_0089.png,3,4,3,koclip_xgb
10198,iphone16_0089.png,4,1,3,koclip_xgb
10229,iphone16_0093.png,0,1,3,koclip_xgb
10230,iphone16_0093.png,1,1,3,koclip_xgb
10231,iphone16_0093.png,0,4,3,koclip_xgb
10232,iphone16_0093.png,4,1,3,koclip_xgb
10233,iphone16_0093.png,3,2,3,koclip_xgb
10257,iphone16_0099.png,1,4,3,koclip_xgb
10258,iphone16_0099.png,0,4,3,koclip_xgb
10259,iphone16_0099.png,4,3,3,koclip_xgb
10260,iphone16_0099.png,3,2,3,koclip_xgb
10292,healthstagram_0010.png,3,2,3,koclip_xgb
10293,healthstagram_0010.png,4,3,3,koclip_xgb
10294,healthstagram_0010.png,4,4,3,koclip_xgb
10295,healthstagram_0010.png,4,1,3,koclip_xgb
10296,healthstagram_0010.png,3,3,3,koclip_xgb
10297,healthstagram_0010.png,3,3,3,koclip_xgb
10298,healthstagram_0010.png,1,1,3,koclip_xgb
10299,healthstagram_0010.png,2,2,3,koclip_xgb
10300,healthstagram_0010.png,4,3,3,koclip_xgb
10301,healthstagram_0010.png,2,4,3,koclip_xgb
10302,healthstagram_0010.png,2,4,3,koclip_xgb
10303,healthstagram_0010.png,2,2,3,koclip_xgb
10304,healthstagram_0010.png,3,4,3,koclip_xgb
10305,healthstagram_0010.png,0,4,3,koclip_xgb
10306,healthstagram_0010.png,2,3,3,koclip_xgb
10307,healthstagram_0010.png,2,4,3,koclip_xgb
10308,healthstagram_0010.png,3,4,3,koclip_xgb
10309,healthstagram_0010.png,3,4,3,koclip_xgb
10310,healthstagram_0010.png,4,3,3,koclip_xgb
10311,healthstagram_0010.png,1,4,3,koclip_xgb
10314,healthstagram_0012.png,4,4,3,koclip_xgb
10315,healthstagram_0012.png,4,4,3,koclip_xgb
10316,healthstagram_0012.png,3,3,3,koclip_xgb
10317,healthstagram_0012.png,4,4,3,koclip_xgb
10318,healthstagram_0012.png,2,2,3,koclip_xgb
10319,healthstagram_0012.png,3,2,3,koclip_xgb
10320,healthstagram_0012.png,2,2,3,koclip_xgb
10321,healthstagram_0012.png,2,2,3,koclip_xgb
10322,healthstagram_0012.png,1,4,3,koclip_xgb
10323,healthstagram_0012.png,1,4,3,koclip_xgb
10324,healthstagram_0012.png,1,4,3,koclip_xgb
10380,healthstagram_0024.png,3,2,3,koclip_xgb
10381,healthstagram_0024.png,4,4,3,koclip_xgb
10382,healthstagram_0024.png,3,2,3,koclip_xgb
10383,healthstagram_0024.png,2,4,3,koclip_xgb
10384,healthstagram_0024.png,4,4,3,koclip_xgb
10385,healthstagram_0024.png,4,4,3,koclip_xgb
10386,healthstagram_0024.png,3,1,3,koclip_xgb
10387,healthstagram_0024.png,3,4,3,koclip_xgb
10388,healthstagram_0024.png,0,4,3,koclip_xgb
10389,healthstagram_0024.png,4,4,3,koclip_xgb
10390,healthstagram_0024.png,1,1,3,koclip_xgb
10391,healthstagram_0024.png,3,3,3,koclip_xgb
10392,healthstagram_0024.png,4,4,3,koclip_xgb
10393,healthstagram_0024.png,1,0,3,koclip_xgb
10394,healthstagram_0024.png,2,2,3,koclip_xgb
10395,healthstagram_0024.png,1,2,3,koclip_xgb
10396,healthstagram_0024.png,0,3,3,koclip_xgb
10397,healthstagram_0024.png,2,3,3,koclip_xgb
10398,healthstagram_0024.png,3,4,3,koclip_xgb
10399,healthstagram_0024.png,2,0,3,koclip_xgb
10400,healthstagram_0024.png,3,4,3,koclip_xgb
10401,healthstagram_0024.png,1,1,3,koclip_xgb
10402,healthstagram_0024.png,3,4,3,koclip_xgb
10403,healthstagram_0024.png,2,0,3,koclip_xgb
10404,healthstagram_0024.png,2,0,3,koclip_xgb
10405,healthstagram_0024.png,4,4,3,koclip_xgb
10406,healthstagram_0024.png,3,4,3,koclip_xgb
10407,healthstagram_0025.png,1,4,3,koclip_xgb
10441,healthstagram_0038.png,4,4,3,koclip_xgb
10442,healthstagram_0038.png,4,4,3,koclip_xgb
10443,healthstagram_0038.png,1,2,3,koclip_xgb
10444,healthstagram_0038.png,2,2,3,koclip_xgb
10445,healthstagram_0038.png,4,4,3,koclip_xgb
10446,healthstagram_0038.png,0,4,3,koclip_xgb
10447,healthstagram_0038.png,3,3,3,koclip_xgb
10448,healthstagram_0038.png,3,1,3,koclip_xgb
10449,healthstagram_0038.png,1,2,3,koclip_xgb
10450,healthstagram_0038.png,1,3,3,koclip_xgb
10451,healthstagram_0038.png,2,2,3,koclip_xgb
10452,healthstagram_0038.png,1,1,3,koclip_xgb
10453,healthstagram_0038.png,0,1,3,koclip_xgb
10454,healthstagram_0038.png,0,1,3,koclip_xgb
10455,healthstagram_0038.png,3,3,3,koclip_xgb
10456,healthstagram_0038.png,2,3,3,koclip_xgb
10457,healthstagram_0038.png,2,2,3,koclip_xgb
10458,healthstagram_0038.png,1,3,3,koclip_xgb
10459,healthstagram_0038.png,1,2,3,koclip_xgb
10460,healthstagram_0038.png,0,1,3,koclip_xgb
10461,healthstagram_0038.png,0,4,3,koclip_xgb
10462,healthstagram_0038.png,1,1,3,koclip_xgb
10463,healthstagram_0038.png,2,2,3,koclip_xgb
10464,healthstagram_0038.png,1,1,3,koclip_xgb
10465,healthstagram_0038.png,4,4,3,koclip_xgb
10466,healthstagram_0038.png,4,4,3,koclip_xgb
10467,healthstagram_0038.png,4,2,3,koclip_xgb
10468,healthstagram_0038.png,0,0,3,koclip_xgb
10469,healthstagram_0038.png,0,1,3,koclip_xgb
10470,healthstagram_0038.png,0,1,3,koclip_xgb
10506,healthstagram_0042.png,1,1,3,koclip_xgb
10507,healthstagram_0042.png,2,2,3,koclip_xgb
10508,healthstagram_0042.png,1,0,3,koclip_xgb
10509,healthstagram_0042.png,0,4,3,koclip_xgb
10510,healthstagram_0042.png,0,4,3,koclip_xgb
10511,healthstagram_0046.png,4,1,3,koclip_xgb
10560,healthstagram_0061.png,0,4,3,koclip_xgb
10561,healthstagram_0061.png,0,4,3,koclip_xgb
10562,healthstagram_0061.png,0,4,3,koclip_xgb
10563,healthstagram_0061.png,0,4,3,koclip_xgb
10564,healthstagram_0061.png,0,3,3,koclip_xgb
10565,healthstagram_0061.png,0,4,3,koclip_xgb
10566,healthstagram_0061.png,0,4,3,koclip_xgb
10567,healthstagram_0061.png,0,2,3,koclip_xgb
10568,healthstagram_0061.png,4,4,3,koclip_xgb
10569,healthstagram_0061.png,2,3,3,koclip_xgb
10570,healthstagram_0061.png,2,2,3,koclip_xgb
10571,healthstagram_0061.png,2,2,3,koclip_xgb
10572,healthstagram_0061.png,1,3,3,koclip_xgb
10573,healthstagram_0061.png,0,0,3,koclip_xgb
10574,healthstagram_0061.png,0,1,3,koclip_xgb
10575,healthstagram_0061.png,1,4,3,koclip_xgb
10576,healthstagram_0061.png,0,4,3,koclip_xgb
10577,healthstagram_0061.png,0,0,3,koclip_xgb
10578,healthstagram_0061.png,1,1,3,koclip_xgb
10579,healthstagram_0061.png,4,4,3,koclip_xgb
10580,healthstagram_0061.png,4,4,3,koclip_xgb
10581,healthstagram_0061.png,0,1,3,koclip_xgb
10582,healthstagram_0061.png,1,1,3,koclip_xgb
10583,healthstagram_0061.png,2,2,3,koclip_xgb
10584,healthstagram_0061.png,4,1,3,koclip_xgb
10585,healthstagram_0061.png,3,1,3,koclip_xgb
10586,healthstagram_0061.png,0,0,3,koclip_xgb
10587,healthstagram_0061.png,1,1,3,koclip_xgb
10588,healthstagram_0061.png,3,4,3,koclip_xgb
10636,healthstagram_0074.png,4,2,3,koclip_xgb
10648,healthstagram_0084.png,3,1,3,koclip_xgb
10649,healthstagram_0084.png,3,1,3,koclip_xgb
10728,healthstagram_0092.png,4,2,3,koclip_xgb
10729,healthstagram_0092.png,1,4,3,koclip_xgb
10730,healthstagram_0092.png,2,3,3,koclip_xgb
10731,healthstagram_0092.png,3,2,3,koclip_xgb
10732,healthstagram_0092.png,3,1,3,koclip_xgb
10733,healthstagram_0092.png,2,4,3,koclip_xgb
10734,healthstagram_0092.png,2,2,3,koclip_xgb
10735,healthstagram_0092.png,1,2,3,koclip_xgb
10736,healthstagram_0092.png,2,2,3,koclip_xgb
10737,healthstagram_0092.png,4,0,3,koclip_xgb
10738,healthstagram_0092.png,0,4,3,koclip_xgb
10739,healthstagram_0092.png,1,4,3,koclip_xgb
10740,healthstagram_0092.png,2,2,3,koclip_xgb
10741,healthstagram_0092.png,1,1,3,koclip_xgb
10742,healthstagram_0092.png,1,2,3,koclip_xgb
10743,healthstagram_0092.png,1,3,3,koclip_xgb
10744,healthstagram_0092.png,2,2,3,koclip_xgb
10745,healthstagram_0092.png,2,1,3,koclip_xgb
10746,healthstagram_0092.png,4,4,3,koclip_xgb
10747,healthstagram_0092.png,4,4,3,koclip_xgb
10748,healthstagram_0092.png,2,2,3,koclip_xgb
10749,healthstagram_0092.png,4,4,3,koclip_xgb
10750,healthstagram_0092.png,4,4,3,koclip_xgb
10751,healthstagram_0092.png,4,3,3,koclip_xgb
10752,healthstagram_0092.png,1,2,3,koclip_xgb
10753,healthstagram_0092.png,1,0,3,koclip_xgb
10754,healthstagram_0092.png,4,4,3,koclip_xgb
10755,healthstagram_0092.png,3,3,3,koclip_xgb
10756,healthstagram_0092.png,3,3,3,koclip_xgb
10757,healthstagram_0092.png,1,0,3,koclip_xgb
10790,ounwan_0004.png,0,2,3,koclip_xgb
10791,ounwan_0004.png,0,4,3,koclip_xgb
10792,ounwan_0004.png,3,3,3,koclip_xgb
10793,ounwan_0004.png,3,2,3,koclip_xgb
10794,ounwan_0004.png,4,4,3,koclip_xgb
10795,ounwan_0004.png,4,4,3,koclip_xgb
10796,ounwan_0004.png,4,4,3,koclip_xgb
10797,ounwan_0004.png,4,4,3,koclip_xgb
10798,ounwan_0004.png,3,0,3,koclip_xgb
10938,ounwan_0025.png,1,0,3,koclip_xgb
10939,ounwan_0029.png,1,1,3,koclip_xgb
10940,ounwan_0029.png,1,1,3,koclip_xgb
10941,ounwan_0029.png,1,1,3,koclip_xgb
10942,ounwan_0029.png,3,2,3,koclip_xgb
10943,ounwan_0029.png,1,1,3,koclip_xgb
10944,ounwan_0029.png,1,1,3,koclip_xgb
10945,ounwan_0029.png,1,1,3,koclip_xgb
10946,ounwan_0029.png,1,1,3,koclip_xgb
11142,ounwan_0063.png,0,1,3,koclip_xgb
11143,ounwan_0063.png,0,1,3,koclip_xgb
11144,ounwan_0063.png,0,1,3,koclip_xgb
11145,ounwan_0063.png,0,2,3,koclip_xgb
11146,ounwan_0063.png,0,4,3,koclip_xgb
11147,ounwan_0063.png,1,2,3,koclip_xgb
11148,ounwan_0063.png,1,1,3,koclip_xgb
11149,ounwan_0063.png,1,1,3,koclip_xgb
11150,ounwan_0063.png,1,2,3,koclip_xgb
11151,ounwan_0063.png,2,2,3,koclip_xgb
11152,ounwan_0063.png,0,1,3,koclip_xgb
11153,ounwan_0063.png,1,3,3,koclip_xgb
11277,ounwan_0079.png,2,3,3,koclip_xgb
11278,ounwan_0079.png,4,4,3,koclip_xgb
11279,ounwan_0079.png,2,2,3,koclip_xgb
11303,ounwan_0082.png,1,2,3,koclip_xgb
11304,ounwan_0082.png,4,2,3,koclip_xgb
11305,ounwan_0082.png,2,2,3,koclip_xgb
11306,ounwan_0082.png,3,3,3,koclip_xgb
11318,ounwan_0088.png,4,0,3,koclip_xgb
11319,ounwan_0088.png,3,4,3,koclip_xgb
11320,ounwan_0088.png,2,4,3,koclip_xgb
11321,ounwan_0088.png,0,1,3,koclip_xgb
11322,ounwan_0088.png,3,4,3,koclip_xgb
11323,ounwan_0088.png,4,3,3,koclip_xgb
11324,ounwan_0088.png,0,0,3,koclip_xgb
11325,ounwan_0088.png,0,0,3,koclip_xgb
11326,ounwan_0088.png,1,1,3,koclip_xgb
11507,dietfood_0021.png,0,4,3,koclip_xgb
11508,dietfood_0021.png,0,1,3,koclip_xgb
11509,dietfood_0021.png,0,4,3,koclip_xgb
11510,dietfood_0021.png,2,3,3,koclip_xgb
11511,dietfood_0021.png,2,3,3,koclip_xgb
11512,dietfood_0021.png,0,4,3,koclip_xgb
11519,dietfood_0025.png,4,3,3,koclip_xgb
11520,dietfood_0025.png,4,3,3,koclip_xgb
11521,dietfood_0025.png,4,4,3,koclip_xgb
11522,dietfood_0025.png,4,3,3,koclip_xgb
11523,dietfood_0025.png,3,3,3,koclip_xgb
11524,dietfood_0025.png,4,4,3,koclip_xgb
11525,dietfood_0025.png,4,3,3,koclip_xgb
11526,dietfood_0025.png,2,3,3,koclip_xgb
11527,dietfood_0025.png,3,2,3,koclip_xgb
11528,dietfood_0025.png,4,2,3,koclip_xgb
11582,dietfood_0033.png,4,4,3,koclip_xgb
11583,dietfood_0033.png,3,3,3,koclip_xgb
11584,dietfood_0033.png,3,3,3,koclip_xgb
11585,dietfood_0033.png,2,2,3,koclip_xgb
11586,dietfood_0033.png,4,2,3,koclip_xgb
11587,dietfood_0033.png,2,3,3,koclip_xgb
11588,dietfood_0033.png,4,3,3,koclip_xgb
11589,dietfood_0033.png,3,3,3,koclip_xgb
11590,dietfood_0033.png,3,3,3,koclip_xgb
11591,dietfood_0033.png,2,3,3,koclip_xgb
11615,dietfood_0036.png,4,4,3,koclip_xgb
11616,dietfood_0036.png,2,3,3,koclip_xgb
11617,dietfood_0036.png,3,3,3,koclip_xgb
11618,dietfood_0036.png,2,2,3,koclip_xgb
11619,dietfood_0036.png,2,3,3,koclip_xgb
11620,dietfood_0036.png,2,3,3,koclip_xgb
11621,dietfood_0036.png,1,4,3,koclip_xgb
11622,dietfood_0036.png,1,2,3,koclip_xgb
11623,dietfood_0036.png,1,2,3,koclip_xgb
11624,dietfood_0036.png,2,2,3,koclip_xgb
11625,dietfood_0036.png,1,2,3,koclip_xgb
11680,dietfood_0052.png,3,1,3,koclip_xgb
11681,dietfood_0052.png,4,4,3,koclip_xgb
11682,dietfood_0052.png,4,3,3,koclip_xgb
11683,dietfood_0052.png,3,4,3,koclip_xgb
11684,dietfood_0052.png,2,4,3,koclip_xgb
11685,dietfood_0052.png,3,4,3,koclip_xgb
11686,dietfood_0052.png,2,2,3,koclip_xgb
11687,dietfood_0052.png,0,4,3,koclip_xgb
11801,dietfood_0069.png,2,3,3,koclip_xgb
11802,dietfood_0069.png,4,4,3,koclip_xgb
11803,dietfood_0069.png,4,4,3,koclip_xgb
11804,dietfood_0069.png,1,3,3,koclip_xgb
11805,dietfood_0069.png,2,3,3,koclip_xgb
11869,dietfood_0078.png,4,4,3,koclip_xgb
11870,dietfood_0078.png,4,3,3,koclip_xgb
11871,dietfood_0078.png,4,4,3,koclip_xgb
11872,dietfood_0078.png,3,4,3,koclip_xgb
11911,dietfood_0085.png,4,4,3,koclip_xgb
11912,dietfood_0085.png,4,0,3,koclip_xgb
11913,dietfood_0085.png,3,4,3,koclip_xgb
11914,dietfood_0085.png,3,4,3,koclip_xgb
11915,dietfood_0085.png,3,3,3,koclip_xgb
11955,dietfood_0093.png,4,4,3,koclip_xgb
11956,dietfood_0093.png,4,2,3,koclip_xgb
11957,dietfood_0093.png,3,4,3,koclip_xgb
11958,dietfood_0093.png,2,3,3,koclip_xgb
11959,dietfood_0093.png,3,3,3,koclip_xgb
11960,dietfood_0093.png,2,4,3,koclip_xgb
11961,dietfood_0093.png,4,4,3,koclip_xgb
11962,dietfood_0093.png,3,3,3,koclip_xgb
11963,dietfood_0093.png,3,4,3,koclip_xgb
11964,dietfood_0093.png,3,4,3,koclip_xgb
11965,dietfood_0093.png,3,4,3,koclip_xgb
11966,dietfood_0093.png,2,2,3,koclip_xgb
11967,dietfood_0093.png,1,2,3,koclip_xgb
11968,dietfood_0093.png,1,4,3,koclip_xgb
11969,dietfood_0093.png,3,4,3,koclip_xgb
11970,dietfood_0093.png,3,2,3,koclip_xgb
11971,dietfood_0093.png,3,1,3,koclip_xgb
11972,dietfood_0093.png,2,4,3,koclip_xgb
11973,dietfood_0093.png,2,4,3,koclip_xgb
11974,dietfood_0093.png,4,4,3,koclip_xgb
11975,dietfood_0093.png,2,4,3,koclip_xgb
11980,dietfood_0095.png,0,1,3,koclip_xgb
11981,dietfood_0095.png,3,2,3,koclip_xgb
11982,dietfood_0095.png,4,3,3,koclip_xgb
11983,dietfood_0095.png,4,1,3,koclip_xgb
11989,dietfood_0097.png,4,4,3,koclip_xgb
11990,dietfood_0097.png,3,3,3,koclip_xgb
11991,dietfood_0097.png,4,3,3,koclip_xgb
11992,dietfood_0097.png,4,4,3,koclip_xgb
11993,dietfood_0097.png,4,4,3,koclip_xgb
11994,dietfood_0097.png,4,4,3,koclip_xgb
11995,dietfood_0097.png,4,4,3,koclip_xgb
11996,dietfood_0097.png,3,1,3,koclip_xgb
11997,dietfood_0097.png,4,2,3,koclip_xgb
11998,dietfood_0097.png,4,4,3,koclip_xgb
11999,dietfood_0097.png,3,3,3,koclip_xgb
34,ai_0009.png,2,2,4,koclip_xgb
35,ai_0009.png,3,1,4,koclip_xgb
36,ai_0009.png,3,1,4,koclip_xgb
37,ai_0009.png,2,4,4,koclip_xgb
38,ai_0009.png,1,2,4,koclip_xgb
39,ai_0009.png,2,3,4,koclip_xgb
40,ai_0009.png,1,1,4,koclip_xgb
41,ai_0009.png,4,1,4,koclip_xgb
42,ai_0009.png,4,4,4,koclip_xgb
43,ai_0009.png,3,1,4,koclip_xgb
44,ai_0009.png,3,4,4,koclip_xgb
157,ai_0018.png,4,4,4,koclip_xgb
158,ai_0018.png,4,1,4,koclip_xgb
159,ai_0018.png,4,1,4,koclip_xgb
160,ai_0018.png,4,4,4,koclip_xgb
161,ai_0018.png,3,4,4,koclip_xgb
162,ai_0018.png,4,4,4,koclip_xgb
163,ai_0018.png,4,4,4,koclip_xgb
164,ai_0018.png,4,4,4,koclip_xgb
165,ai_0018.png,1,1,4,koclip_xgb
166,ai_0018.png,1,1,4,koclip_xgb
167,ai_0018.png,2,2,4,koclip_xgb
168,ai_0018.png,2,3,4,koclip_xgb
169,ai_0018.png,2,1,4,koclip_xgb
170,ai_0018.png,3,1,4,koclip_xgb
171,ai_0018.png,4,1,4,koclip_xgb
172,ai_0018.png,3,4,4,koclip_xgb
173,ai_0018.png,2,1,4,koclip_xgb
174,ai_0018.png,2,3,4,koclip_xgb
175,ai_0018.png,3,2,4,koclip_xgb
176,ai_0018.png,2,3,4,koclip_xgb
177,ai_0018.png,4,1,4,koclip_xgb
178,ai_0018.png,4,1,4,koclip_xgb
179,ai_0018.png,4,1,4,koclip_xgb
180,ai_0018.png,4,1,4,koclip_xgb
181,ai_0018.png,3,2,4,koclip_xgb
182,ai_0018.png,3,2,4,koclip_xgb
183,ai_0018.png,3,1,4,koclip_xgb
184,ai_0018.png,1,2,4,koclip_xgb
185,ai_0018.png,3,1,4,koclip_xgb
186,ai_0018.png,3,1,4,koclip_xgb
263,domesticTravel_0007.png,3,1,4,koclip_xgb
321,domesticTravel_0017.png,4,1,4,koclip_xgb
322,domesticTravel_0017.png,4,4,4,koclip_xgb
323,domesticTravel_0017.png,4,4,4,koclip_xgb
324,domesticTravel_0020.png,2,3,4,koclip_xgb
353,fall_0002.png,4,4,4,koclip_xgb
354,fall_0002.png,1,4,4,koclip_xgb
355,fall_0002.png,0,1,4,koclip_xgb
356,fall_0002.png,1,1,4,koclip_xgb
357,fall_0002.png,4,4,4,koclip_xgb
358,fall_0002.png,4,1,4,koclip_xgb
359,fall_0002.png,3,4,4,koclip_xgb
360,fall_0002.png,2,1,4,koclip_xgb
361,fall_0002.png,2,1,4,koclip_xgb
362,fall_0002.png,1,3,4,koclip_xgb
363,fall_0002.png,1,4,4,koclip_xgb
364,fall_0002.png,3,4,4,koclip_xgb
365,fall_0002.png,3,4,4,koclip_xgb
366,fall_0002.png,1,1,4,koclip_xgb
417,fall_0010.png,4,0,4,koclip_xgb
418,fall_0010.png,1,1,4,koclip_xgb
419,fall_0010.png,4,0,4,koclip_xgb
420,fall_0010.png,4,1,4,koclip_xgb
421,fall_0010.png,1,4,4,koclip_xgb
422,fall_0010.png,1,4,4,koclip_xgb
423,fall_0012.png,4,4,4,koclip_xgb
424,fall_0012.png,2,2,4,koclip_xgb
425,fall_0012.png,4,3,4,koclip_xgb
426,fall_0012.png,1,4,4,koclip_xgb
427,fall_0012.png,1,0,4,koclip_xgb
428,fall_0012.png,1,3,4,koclip_xgb
429,fall_0012.png,2,3,4,koclip_xgb
430,fall_0012.png,1,2,4,koclip_xgb
431,fall_0012.png,1,3,4,koclip_xgb
432,fall_0012.png,3,4,4,koclip_xgb
433,fall_0012.png,4,4,4,koclip_xgb
434,fall_0012.png,2,3,4,koclip_xgb
435,fall_0012.png,3,2,4,koclip_xgb
436,fall_0012.png,1,3,4,koclip_xgb
437,fall_0012.png,1,4,4,koclip_xgb
438,fall_0012.png,2,2,4,koclip_xgb
537,fall_0022.png,4,1,4,koclip_xgb
538,fall_0022.png,3,0,4,koclip_xgb
539,fall_0022.png,4,1,4,koclip_xgb
540,fall_0022.png,4,4,4,koclip_xgb
541,fall_0022.png,4,4,4,koclip_xgb
542,fall_0022.png,3,4,4,koclip_xgb
543,fall_0022.png,0,1,4,koclip_xgb
544,fall_0022.png,3,3,4,koclip_xgb
545,fall_0022.png,2,0,4,koclip_xgb
546,fall_0022.png,3,2,4,koclip_xgb
547,fall_0022.png,3,4,4,koclip_xgb
548,fall_0022.png,3,4,4,koclip_xgb
549,fall_0022.png,3,4,4,koclip_xgb
550,fall_0022.png,3,2,4,koclip_xgb
551,fall_0022.png,2,2,4,koclip_xgb
552,fall_0022.png,2,0,4,koclip_xgb
553,fall_0022.png,1,2,4,koclip_xgb
554,fall_0022.png,1,2,4,koclip_xgb
555,fall_0022.png,2,2,4,koclip_xgb
556,fall_0022.png,3,4,4,koclip_xgb
557,fall_0022.png,4,4,4,koclip_xgb
558,fall_0022.png,2,4,4,koclip_xgb
702,fashion_0021.png,1,4,4,koclip_xgb
703,fashion_0021.png,1,4,4,koclip_xgb
704,fashion_0021.png,3,4,4,koclip_xgb
705,fashion_0021.png,2,4,4,koclip_xgb
706,fashion_0021.png,2,4,4,koclip_xgb
707,fashion_0021.png,0,4,4,koclip_xgb
708,fashion_0021.png,0,4,4,koclip_xgb
709,fashion_0021.png,3,4,4,koclip_xgb
710,fashion_0021.png,2,4,4,koclip_xgb
711,fashion_0021.png,2,3,4,koclip_xgb
712,fashion_0021.png,4,4,4,koclip_xgb
713,fashion_0021.png,3,3,4,koclip_xgb
714,fashion_0021.png,2,4,4,koclip_xgb
715,movie_0001.png,4,2,4,koclip_xgb
716,movie_0001.png,4,4,4,koclip_xgb
717,movie_0001.png,4,4,4,koclip_xgb
718,movie_0001.png,4,4,4,koclip_xgb
719,movie_0001.png,3,4,4,koclip_xgb
720,movie_0001.png,2,4,4,koclip_xgb
721,movie_0001.png,2,4,4,koclip_xgb
722,movie_0001.png,1,4,4,koclip_xgb
723,movie_0001.png,1,2,4,koclip_xgb
724,movie_0001.png,4,4,4,koclip_xgb
725,movie_0001.png,3,3,4,koclip_xgb
753,movie_0005.png,4,1,4,koclip_xgb
754,movie_0005.png,4,2,4,koclip_xgb
755,movie_0005.png,4,1,4,koclip_xgb
756,movie_0005.png,1,1,4,koclip_xgb
757,movie_0005.png,2,2,4,koclip_xgb
758,movie_0005.png,1,1,4,koclip_xgb
759,movie_0005.png,1,3,4,koclip_xgb
760,movie_0005.png,1,4,4,koclip_xgb
761,movie_0005.png,1,1,4,koclip_xgb
762,movie_0005.png,3,2,4,koclip_xgb
782,movie_0010.png,4,1,4,koclip_xgb
783,movie_0010.png,4,2,4,koclip_xgb
784,movie_0010.png,4,2,4,koclip_xgb
785,movie_0010.png,4,1,4,koclip_xgb
786,movie_0010.png,3,2,4,koclip_xgb
787,movie_0010.png,1,4,4,koclip_xgb
788,movie_0010.png,3,2,4,koclip_xgb
789,movie_0010.png,3,1,4,koclip_xgb
790,movie_0010.png,3,3,4,koclip_xgb
791,movie_0010.png,3,1,4,koclip_xgb
792,movie_0010.png,4,1,4,koclip_xgb
793,movie_0010.png,3,4,4,koclip_xgb
805,movie_0014.png,4,1,4,koclip_xgb
806,movie_0014.png,4,1,4,koclip_xgb
807,movie_0014.png,1,1,4,koclip_xgb
808,movie_0014.png,1,1,4,koclip_xgb
809,movie_0014.png,2,2,4,koclip_xgb
810,movie_0014.png,2,1,4,koclip_xgb
811,movie_0014.png,4,3,4,koclip_xgb
812,movie_0014.png,2,1,4,koclip_xgb
888,movie_0021.png,1,1,4,koclip_xgb
889,movie_0021.png,1,1,4,koclip_xgb
890,movie_0021.png,1,1,4,koclip_xgb
891,movie_0021.png,2,1,4,koclip_xgb
892,movie_0021.png,4,4,4,koclip_xgb
893,movie_0021.png,4,1,4,koclip_xgb
894,movie_0021.png,3,4,4,koclip_xgb
895,movie_0021.png,2,3,4,koclip_xgb
896,movie_0021.png,1,1,4,koclip_xgb
897,movie_0021.png,1,1,4,koclip_xgb
898,movie_0021.png,4,4,4,koclip_xgb
899,movie_0021.png,4,4,4,koclip_xgb
900,movie_0021.png,3,2,4,koclip_xgb
901,movie_0021.png,3,3,4,koclip_xgb
902,movie_0021.png,3,2,4,koclip_xgb
903,movie_0021.png,1,2,4,koclip_xgb
904,movie_0021.png,1,4,4,koclip_xgb
905,movie_0021.png,1,1,4,koclip_xgb
906,movie_0021.png,4,4,4,koclip_xgb
907,movie_0021.png,4,4,4,koclip_xgb
908,movie_0021.png,2,1,4,koclip_xgb
909,movie_0021.png,1,1,4,koclip_xgb
910,movie_0021.png,1,3,4,koclip_xgb
911,movie_0021.png,2,4,4,koclip_xgb
912,movie_0021.png,1,1,4,koclip_xgb
913,movie_0021.png,1,1,4,koclip_xgb
914,movie_0021.png,1,1,4,koclip_xgb
915,movie_0021.png,1,4,4,koclip_xgb
916,movie_0021.png,4,2,4,koclip_xgb
917,movie_0021.png,0,0,4,koclip_xgb
935,olive_0002.png,1,1,4,koclip_xgb
936,olive_0002.png,1,2,4,koclip_xgb
937,olive_0002.png,2,2,4,koclip_xgb
938,olive_0002.png,1,2,4,koclip_xgb
939,olive_0002.png,1,1,4,koclip_xgb
940,olive_0002.png,0,4,4,koclip_xgb
941,olive_0002.png,0,4,4,koclip_xgb
942,olive_0002.png,0,2,4,koclip_xgb
943,olive_0002.png,2,2,4,koclip_xgb
944,olive_0002.png,2,2,4,koclip_xgb
945,olive_0002.png,0,1,4,koclip_xgb
946,olive_0002.png,2,2,4,koclip_xgb
947,olive_0002.png,3,4,4,koclip_xgb
1068,olive_0019.png,4,4,4,koclip_xgb
1170,restaurant_0011.png,1,1,4,koclip_xgb
1171,restaurant_0011.png,2,4,4,koclip_xgb
1172,restaurant_0011.png,3,2,4,koclip_xgb
1173,restaurant_0011.png,4,4,4,koclip_xgb
1174,restaurant_0011.png,4,4,4,koclip_xgb
1175,restaurant_0011.png,2,3,4,koclip_xgb
1176,restaurant_0011.png,3,3,4,koclip_xgb
1380,zerokal_0005.png,0,0,4,koclip_xgb
1381,zerokal_0005.png,4,4,4,koclip_xgb
1382,zerokal_0005.png,4,4,4,koclip_xgb
1383,zerokal_0005.png,1,1,4,koclip_xgb
1384,zerokal_0005.png,1,1,4,koclip_xgb
1385,zerokal_0005.png,2,1,4,koclip_xgb
1386,zerokal_0005.png,0,0,4,koclip_xgb
1387,zerokal_0005.png,1,1,4,koclip_xgb
1388,zerokal_0005.png,4,3,4,koclip_xgb
1389,zerokal_0005.png,4,4,4,koclip_xgb
1390,zerokal_0006.png,1,3,4,koclip_xgb
1391,zerokal_0006.png,4,4,4,koclip_xgb
1392,zerokal_0006.png,4,4,4,koclip_xgb
1393,zerokal_0006.png,1,1,4,koclip_xgb
1394,zerokal_0006.png,4,4,4,koclip_xgb
1395,zerokal_0006.png,1,1,4,koclip_xgb
1396,zerokal_0006.png,1,1,4,koclip_xgb
1397,zerokal_0006.png,1,1,4,koclip_xgb
1398,zerokal_0006.png,1,4,4,koclip_xgb
1399,zerokal_0006.png,1,1,4,koclip_xgb
1400,zerokal_0006.png,1,1,4,koclip_xgb
1401,zerokal_0006.png,1,4,4,koclip_xgb
1402,zerokal_0006.png,3,4,4,koclip_xgb
1403,zerokal_0006.png,3,3,4,koclip_xgb
1404,zerokal_0006.png,1,1,4,koclip_xgb
1405,zerokal_0006.png,1,4,4,koclip_xgb
1406,zerokal_0006.png,2,4,4,koclip_xgb
1407,zerokal_0006.png,4,4,4,koclip_xgb
1435,zerokal_0010.png,2,1,4,koclip_xgb
1436,zerokal_0010.png,4,1,4,koclip_xgb
1578,travelgram_0017.png,4,3,4,koclip_xgb
1579,travelgram_0017.png,4,3,4,koclip_xgb
1580,travelgram_0017.png,4,4,4,koclip_xgb
1581,travelgram_0017.png,4,4,4,koclip_xgb
1582,travelgram_0017.png,4,4,4,koclip_xgb
1630,travelgram_0025.png,2,2,4,koclip_xgb
1631,travelgram_0025.png,4,1,4,koclip_xgb
1632,travelgram_0025.png,0,4,4,koclip_xgb
1633,travelgram_0025.png,0,4,4,koclip_xgb
1639,travelgram_0033.png,2,2,4,koclip_xgb
1640,travelgram_0033.png,4,1,4,koclip_xgb
1641,travelgram_0033.png,3,1,4,koclip_xgb
1642,travelgram_0033.png,4,4,4,koclip_xgb
1692,travelgram_0054.png,1,4,4,koclip_xgb
1693,travelgram_0054.png,2,4,4,koclip_xgb
1694,travelgram_0054.png,2,4,4,koclip_xgb
1737,travelgram_0064.png,4,0,4,koclip_xgb
1738,travelgram_0064.png,3,3,4,koclip_xgb
1739,travelgram_0064.png,3,3,4,koclip_xgb
1740,travelgram_0064.png,4,0,4,koclip_xgb
1744,travelgram_0068.png,4,4,4,koclip_xgb
1745,travelgram_0068.png,4,4,4,koclip_xgb
1762,travelgram_0071.png,0,4,4,koclip_xgb
1763,travelgram_0071.png,0,4,4,koclip_xgb
1764,travelgram_0071.png,0,1,4,koclip_xgb
1765,travelgram_0071.png,0,4,4,koclip_xgb
1766,travelgram_0071.png,1,4,4,koclip_xgb
1778,travelgram_0081.png,1,1,4,koclip_xgb
1779,travelgram_0081.png,1,1,4,koclip_xgb
1780,travelgram_0081.png,0,4,4,koclip_xgb
1781,travelgram_0081.png,2,3,4,koclip_xgb
1782,travelgram_0081.png,2,2,4,koclip_xgb
1783,travelgram_0081.png,1,1,4,koclip_xgb
1784,travelgram_0081.png,1,2,4,koclip_xgb
1785,travelgram_0081.png,1,3,4,koclip_xgb
1786,travelgram_0081.png,2,2,4,koclip_xgb
1787,travelgram_0081.png,2,3,4,koclip_xgb
1788,travelgram_0082.png,4,1,4,koclip_xgb
1789,travelgram_0082.png,4,3,4,koclip_xgb
1790,travelgram_0082.png,3,1,4,koclip_xgb
1791,travelgram_0082.png,3,3,4,koclip_xgb
1792,travelgram_0082.png,3,3,4,koclip_xgb
1793,travelgram_0082.png,3,3,4,koclip_xgb
1794,travelgram_0082.png,3,3,4,koclip_xgb
1795,travelgram_0082.png,2,2,4,koclip_xgb
1796,travelgram_0082.png,3,3,4,koclip_xgb
1797,travelgram_0082.png,2,2,4,koclip_xgb
1798,travelgram_0082.png,2,2,4,koclip_xgb
1799,travelgram_0082.png,3,1,4,koclip_xgb
1800,travelgram_0082.png,2,3,4,koclip_xgb
1801,travelgram_0082.png,1,4,4,koclip_xgb
1802,travelgram_0082.png,1,3,4,koclip_xgb
1803,travelgram_0082.png,1,3,4,koclip_xgb
1804,travelgram_0082.png,1,3,4,koclip_xgb
1805,travelgram_0082.png,1,1,4,koclip_xgb
1806,travelgram_0082.png,2,4,4,koclip_xgb
1807,travelgram_0082.png,2,4,4,koclip_xgb
1808,travelgram_0082.png,2,4,4,koclip_xgb
1809,travelgram_0082.png,2,2,4,koclip_xgb
1810,travelgram_0082.png,2,1,4,koclip_xgb
1811,travelgram_0082.png,1,2,4,koclip_xgb
1812,travelgram_0082.png,1,0,4,koclip_xgb
1813,travelgram_0082.png,1,0,4,koclip_xgb
1814,travelgram_0082.png,1,1,4,koclip_xgb
1815,travelgram_0082.png,0,4,4,koclip_xgb
1816,travelgram_0082.png,2,2,4,koclip_xgb
1854,travelgram_0092.png,3,4,4,koclip_xgb
1855,travelgram_0092.png,3,3,4,koclip_xgb
1856,travelgram_0092.png,4,3,4,koclip_xgb
1867,travelgram_0098.png,3,1,4,koclip_xgb
1868,travelgram_0098.png,3,1,4,koclip_xgb
1869,travelgram_0100.png,3,3,4,koclip_xgb
1870,travelgram_0100.png,3,3,4,koclip_xgb
1871,travelgram_0100.png,4,4,4,koclip_xgb
1872,travelgram_0100.png,3,3,4,koclip_xgb
1873,travelgram_0100.png,2,3,4,koclip_xgb
1905,solotravel_0012.png,3,0,4,koclip_xgb
1906,solotravel_0012.png,3,1,4,koclip_xgb
1907,solotravel_0012.png,2,3,4,koclip_xgb
1908,solotravel_0012.png,2,4,4,koclip_xgb
1909,solotravel_0012.png,1,1,4,koclip_xgb
1920,solotravel_0020.png,4,2,4,koclip_xgb
1921,solotravel_0020.png,4,4,4,koclip_xgb
1922,solotravel_0020.png,4,3,4,koclip_xgb
1923,solotravel_0020.png,4,2,4,koclip_xgb
1924,solotravel_0020.png,2,1,4,koclip_xgb
1985,solotravel_0040.png,1,3,4,koclip_xgb
1986,solotravel_0040.png,2,1,4,koclip_xgb
1987,solotravel_0040.png,3,3,4,koclip_xgb
1988,solotravel_0040.png,2,2,4,koclip_xgb
1989,solotravel_0040.png,1,1,4,koclip_xgb
1990,solotravel_0040.png,3,2,4,koclip_xgb
1991,solotravel_0040.png,4,4,4,koclip_xgb
1992,solotravel_0040.png,1,4,4,koclip_xgb
2027,solotravel_0047.png,3,4,4,koclip_xgb
2028,solotravel_0047.png,4,4,4,koclip_xgb
2029,solotravel_0047.png,1,0,4,koclip_xgb
2030,solotravel_0047.png,2,0,4,koclip_xgb
2031,solotravel_0047.png,1,4,4,koclip_xgb
2032,solotravel_0047.png,1,4,4,koclip_xgb
2033,solotravel_0047.png,2,1,4,koclip_xgb
2034,solotravel_0047.png,2,1,4,koclip_xgb
2035,solotravel_0047.png,0,1,4,koclip_xgb
2036,solotravel_0047.png,0,2,4,koclip_xgb
2037,solotravel_0047.png,0,1,4,koclip_xgb
2038,solotravel_0048.png,4,4,4,koclip_xgb
2039,solotravel_0048.png,4,4,4,koclip_xgb
2040,solotravel_0048.png,4,4,4,koclip_xgb
2041,solotravel_0048.png,3,3,4,koclip_xgb
2042,solotravel_0048.png,3,4,4,koclip_xgb
2043,solotravel_0048.png,4,4,4,koclip_xgb
2044,solotravel_0048.png,2,4,4,koclip_xgb
2045,solotravel_0048.png,4,4,4,koclip_xgb
2046,solotravel_0048.png,4,4,4,koclip_xgb
2047,solotravel_0048.png,3,3,4,koclip_xgb
2048,solotravel_0048.png,3,3,4,koclip_xgb
2049,solotravel_0048.png,3,3,4,koclip_xgb
2050,solotravel_0048.png,4,4,4,koclip_xgb
2051,solotravel_0048.png,1,2,4,koclip_xgb
2140,solotravel_0069.png,4,4,4,koclip_xgb
2141,solotravel_0069.png,3,4,4,koclip_xgb
2142,solotravel_0069.png,4,4,4,koclip_xgb
2143,solotravel_0069.png,0,1,4,koclip_xgb
2144,solotravel_0069.png,0,1,4,koclip_xgb
2145,solotravel_0069.png,0,4,4,koclip_xgb
2146,solotravel_0069.png,1,1,4,koclip_xgb
2147,solotravel_0069.png,0,1,4,koclip_xgb
2148,solotravel_0069.png,1,1,4,koclip_xgb
2149,solotravel_0069.png,0,4,4,koclip_xgb
2150,solotravel_0069.png,0,4,4,koclip_xgb
2151,solotravel_0070.png,1,4,4,koclip_xgb
2152,solotravel_0070.png,4,4,4,koclip_xgb
2153,solotravel_0070.png,4,4,4,koclip_xgb
2176,solotravel_0076.png,4,4,4,koclip_xgb
2177,solotravel_0076.png,4,4,4,koclip_xgb
2178,solotravel_0076.png,4,3,4,koclip_xgb
2204,solotravel_0084.png,3,4,4,koclip_xgb
2205,solotravel_0084.png,4,4,4,koclip_xgb
2206,solotravel_0084.png,3,3,4,koclip_xgb
2207,solotravel_0084.png,3,3,4,koclip_xgb
2208,solotravel_0084.png,4,4,4,koclip_xgb
2236,solotravel_0096.png,4,3,4,koclip_xgb
2237,solotravel_0096.png,4,4,4,koclip_xgb
2238,solotravel_0096.png,3,2,4,koclip_xgb
2239,solotravel_0096.png,1,4,4,koclip_xgb
2240,solotravel_0096.png,2,2,4,koclip_xgb
2253,travel_0002.png,4,4,4,koclip_xgb
2254,travel_0002.png,4,4,4,koclip_xgb
2255,travel_0002.png,3,4,4,koclip_xgb
2256,travel_0002.png,1,4,4,koclip_xgb
2257,travel_0002.png,3,4,4,koclip_xgb
2268,travel_0005.png,4,4,4,koclip_xgb
2269,travel_0005.png,0,4,4,koclip_xgb
2270,travel_0005.png,0,1,4,koclip_xgb
2271,travel_0005.png,1,1,4,koclip_xgb
2272,travel_0005.png,3,4,4,koclip_xgb
2273,travel_0005.png,3,3,4,koclip_xgb
2274,travel_0005.png,1,1,4,koclip_xgb
2275,travel_0005.png,0,4,4,koclip_xgb
2276,travel_0005.png,1,2,4,koclip_xgb
2277,travel_0005.png,1,3,4,koclip_xgb
2278,travel_0005.png,0,1,4,koclip_xgb
2281,travel_0009.png,4,3,4,koclip_xgb
2282,travel_0009.png,3,3,4,koclip_xgb
2283,travel_0009.png,3,2,4,koclip_xgb
2284,travel_0009.png,3,2,4,koclip_xgb
2416,travel_0047.png,0,4,4,koclip_xgb
2417,travel_0047.png,4,3,4,koclip_xgb
2418,travel_0047.png,3,2,4,koclip_xgb
2419,travel_0047.png,1,4,4,koclip_xgb
2420,travel_0047.png,2,3,4,koclip_xgb
2436,travel_0050.png,4,4,4,koclip_xgb
2437,travel_0050.png,3,3,4,koclip_xgb
2438,travel_0050.png,2,3,4,koclip_xgb
2439,travel_0050.png,2,2,4,koclip_xgb
2440,travel_0050.png,3,3,4,koclip_xgb
2441,travel_0051.png,4,4,4,koclip_xgb
2442,travel_0051.png,4,1,4,koclip_xgb
2443,travel_0051.png,4,1,4,koclip_xgb
2444,travel_0051.png,3,2,4,koclip_xgb
2445,travel_0051.png,2,2,4,koclip_xgb
2446,travel_0051.png,4,2,4,koclip_xgb
2447,travel_0051.png,3,3,4,koclip_xgb
2448,travel_0051.png,3,3,4,koclip_xgb
2449,travel_0051.png,4,1,4,koclip_xgb
2450,travel_0051.png,4,3,4,koclip_xgb
2451,travel_0051.png,1,2,4,koclip_xgb
2452,travel_0051.png,2,2,4,koclip_xgb
2453,travel_0051.png,3,3,4,koclip_xgb
2454,travel_0051.png,1,2,4,koclip_xgb
2455,travel_0051.png,4,4,4,koclip_xgb
2456,travel_0051.png,3,4,4,koclip_xgb
2457,travel_0051.png,4,1,4,koclip_xgb
2458,travel_0051.png,4,4,4,koclip_xgb
2459,travel_0051.png,4,4,4,koclip_xgb
2460,travel_0051.png,3,2,4,koclip_xgb
2461,travel_0053.png,1,4,4,koclip_xgb
2462,travel_0053.png,3,3,4,koclip_xgb
2463,travel_0053.png,1,4,4,koclip_xgb
2464,travel_0053.png,1,0,4,koclip_xgb
2465,travel_0053.png,2,0,4,koclip_xgb
2466,travel_0053.png,1,1,4,koclip_xgb
2467,travel_0053.png,1,3,4,koclip_xgb
2468,travel_0056.png,1,1,4,koclip_xgb
2469,travel_0056.png,3,4,4,koclip_xgb
2470,travel_0056.png,2,4,4,koclip_xgb
2471,travel_0056.png,0,4,4,koclip_xgb
2472,travel_0056.png,0,1,4,koclip_xgb
2486,travel_0061.png,0,3,4,koclip_xgb
2487,travel_0061.png,0,4,4,koclip_xgb
2488,travel_0061.png,1,4,4,koclip_xgb
2489,travel_0061.png,0,4,4,koclip_xgb
2490,travel_0061.png,0,4,4,koclip_xgb
2491,travel_0061.png,1,1,4,koclip_xgb
2492,travel_0061.png,0,4,4,koclip_xgb
2493,travel_0061.png,1,1,4,koclip_xgb
2494,travel_0061.png,0,4,4,koclip_xgb
2495,travel_0061.png,3,4,4,koclip_xgb
2496,travel_0061.png,1,1,4,koclip_xgb
2497,travel_0061.png,0,4,4,koclip_xgb
2498,travel_0061.png,0,3,4,koclip_xgb
2499,travel_0061.png,0,4,4,koclip_xgb
2500,travel_0061.png,0,4,4,koclip_xgb
2501,travel_0061.png,0,4,4,koclip_xgb
2502,travel_0061.png,0,4,4,koclip_xgb
2503,travel_0061.png,0,4,4,koclip_xgb
2504,travel_0061.png,0,4,4,koclip_xgb
2505,travel_0061.png,0,4,4,koclip_xgb
2506,travel_0061.png,1,4,4,koclip_xgb
2507,travel_0061.png,0,4,4,koclip_xgb
2508,travel_0061.png,2,3,4,koclip_xgb
2509,travel_0061.png,2,3,4,koclip_xgb
2510,travel_0061.png,1,1,4,koclip_xgb
2511,travel_0061.png,1,3,4,koclip_xgb
2563,travel_0076.png,3,2,4,koclip_xgb
2564,travel_0076.png,2,3,4,koclip_xgb
2565,travel_0076.png,4,4,4,koclip_xgb
2566,travel_0076.png,3,1,4,koclip_xgb
2567,travel_0076.png,4,3,4,koclip_xgb
2568,travel_0076.png,2,3,4,koclip_xgb
2569,travel_0076.png,4,1,4,koclip_xgb
2570,travel_0076.png,1,1,4,koclip_xgb
2571,travel_0076.png,4,3,4,koclip_xgb
2572,travel_0076.png,2,2,4,koclip_xgb
2573,travel_0076.png,2,2,4,koclip_xgb
2574,travel_0076.png,1,2,4,koclip_xgb
2575,travel_0076.png,2,2,4,koclip_xgb
2576,travel_0076.png,4,3,4,koclip_xgb
2587,travel_0079.png,4,4,4,koclip_xgb
2588,travel_0079.png,3,3,4,koclip_xgb
2589,travel_0079.png,4,4,4,koclip_xgb
2590,travel_0079.png,0,1,4,koclip_xgb
2604,travel_0085.png,4,3,4,koclip_xgb
2605,travel_0085.png,4,4,4,koclip_xgb
2606,travel_0085.png,2,1,4,koclip_xgb
2607,travel_0085.png,0,1,4,koclip_xgb
2608,travel_0085.png,1,3,4,koclip_xgb
2612,travel_0087.png,3,3,4,koclip_xgb
2613,travel_0087.png,2,2,4,koclip_xgb
2614,travel_0087.png,3,2,4,koclip_xgb
2615,travel_0087.png,1,4,4,koclip_xgb
2616,travel_0087.png,2,3,4,koclip_xgb
2617,travel_0090.png,0,0,4,koclip_xgb
2618,travel_0090.png,4,3,4,koclip_xgb
2619,travel_0090.png,3,3,4,koclip_xgb
2620,travel_0090.png,3,3,4,koclip_xgb
2621,travel_0090.png,2,2,4,koclip_xgb
2622,travel_0090.png,4,1,4,koclip_xgb
2623,travel_0090.png,4,2,4,koclip_xgb
2624,travel_0090.png,0,1,4,koclip_xgb
2732,foodstagram_0019.png,1,4,4,koclip_xgb
2834,foodstagram_0035.png,4,4,4,koclip_xgb
2835,foodstagram_0035.png,4,4,4,koclip_xgb
2836,foodstagram_0035.png,4,4,4,koclip_xgb
2837,foodstagram_0035.png,3,4,4,koclip_xgb
2838,foodstagram_0035.png,3,3,4,koclip_xgb
2852,foodstagram_0041.png,3,4,4,koclip_xgb
2853,foodstagram_0041.png,2,4,4,koclip_xgb
2854,foodstagram_0041.png,4,1,4,koclip_xgb
2855,foodstagram_0041.png,4,4,4,koclip_xgb
2856,foodstagram_0041.png,3,1,4,koclip_xgb
2858,foodstagram_0044.png,4,4,4,koclip_xgb
2859,foodstagram_0044.png,3,3,4,koclip_xgb
2860,foodstagram_0044.png,4,4,4,koclip_xgb
2861,foodstagram_0044.png,4,4,4,koclip_xgb
2862,foodstagram_0044.png,1,4,4,koclip_xgb
2888,foodstagram_0056.png,4,4,4,koclip_xgb
2889,foodstagram_0056.png,4,1,4,koclip_xgb
2890,foodstagram_0056.png,4,3,4,koclip_xgb
2891,foodstagram_0056.png,1,4,4,koclip_xgb
2892,foodstagram_0056.png,4,3,4,koclip_xgb
2893,foodstagram_0056.png,1,4,4,koclip_xgb
2931,foodstagram_0061.png,4,4,4,koclip_xgb
2932,foodstagram_0061.png,4,4,4,koclip_xgb
2933,foodstagram_0061.png,1,1,4,koclip_xgb
2934,foodstagram_0061.png,1,1,4,koclip_xgb
3004,foodstagram_0072.png,4,1,4,koclip_xgb
3005,foodstagram_0072.png,4,1,4,koclip_xgb
3006,foodstagram_0072.png,4,4,4,koclip_xgb
3007,foodstagram_0072.png,3,3,4,koclip_xgb
3014,foodstagram_0074.png,4,4,4,koclip_xgb
3015,foodstagram_0074.png,3,4,4,koclip_xgb
3016,foodstagram_0074.png,4,4,4,koclip_xgb
3017,foodstagram_0074.png,4,3,4,koclip_xgb
3018,foodstagram_0074.png,4,4,4,koclip_xgb
3030,foodstagram_0081.png,3,3,4,koclip_xgb
3031,foodstagram_0081.png,4,4,4,koclip_xgb
3051,foodstagram_0089.png,4,1,4,koclip_xgb
3057,foodstagram_0092.png,4,1,4,koclip_xgb
3058,foodstagram_0092.png,4,4,4,koclip_xgb
3059,foodstagram_0092.png,4,0,4,koclip_xgb
3060,foodstagram_0092.png,4,4,4,koclip_xgb
3061,foodstagram_0092.png,2,1,4,koclip_xgb
3170,meokstagram_0010.png,4,4,4,koclip_xgb
3171,meokstagram_0010.png,3,4,4,koclip_xgb
3172,meokstagram_0011.png,4,3,4,koclip_xgb
3173,meokstagram_0011.png,4,4,4,koclip_xgb
3174,meokstagram_0011.png,3,3,4,koclip_xgb
3175,meokstagram_0011.png,3,3,4,koclip_xgb
3176,meokstagram_0011.png,4,4,4,koclip_xgb
3177,meokstagram_0011.png,4,4,4,koclip_xgb
3178,meokstagram_0011.png,2,4,4,koclip_xgb
3200,meokstagram_0017.png,4,4,4,koclip_xgb
3201,meokstagram_0017.png,4,4,4,koclip_xgb
3202,meokstagram_0018.png,4,2,4,koclip_xgb
3203,meokstagram_0018.png,4,1,4,koclip_xgb
3204,meokstagram_0018.png,4,2,4,koclip_xgb
3205,meokstagram_0018.png,4,2,4,koclip_xgb
3206,meokstagram_0018.png,3,3,4,koclip_xgb
3207,meokstagram_0018.png,4,2,4,koclip_xgb
3208,meokstagram_0018.png,4,3,4,koclip_xgb
3209,meokstagram_0018.png,4,2,4,koclip_xgb
3210,meokstagram_0018.png,4,3,4,koclip_xgb
3211,meokstagram_0018.png,4,2,4,koclip_xgb
3212,meokstagram_0018.png,4,4,4,koclip_xgb
3213,meokstagram_0018.png,4,1,4,koclip_xgb
3214,meokstagram_0018.png,4,4,4,koclip_xgb
3215,meokstagram_0018.png,4,4,4,koclip_xgb
3216,meokstagram_0018.png,1,4,4,koclip_xgb
3217,meokstagram_0018.png,1,4,4,koclip_xgb
3218,meokstagram_0018.png,3,4,4,koclip_xgb
3219,meokstagram_0018.png,3,4,4,koclip_xgb
3220,meokstagram_0018.png,4,3,4,koclip_xgb
3221,meokstagram_0018.png,4,3,4,koclip_xgb
3222,meokstagram_0018.png,4,1,4,koclip_xgb
3223,meokstagram_0018.png,4,1,4,koclip_xgb
3224,meokstagram_0018.png,1,4,4,koclip_xgb
3225,meokstagram_0018.png,4,2,4,koclip_xgb
3226,meokstagram_0018.png,4,2,4,koclip_xgb
3227,meokstagram_0018.png,1,4,4,koclip_xgb
3228,meokstagram_0018.png,1,4,4,koclip_xgb
3247,meokstagram_0026.png,4,3,4,koclip_xgb
3286,meokstagram_0035.png,4,3,4,koclip_xgb
3287,meokstagram_0035.png,3,1,4,koclip_xgb
3288,meokstagram_0035.png,4,4,4,koclip_xgb
3289,meokstagram_0035.png,3,4,4,koclip_xgb
3290,meokstagram_0035.png,4,1,4,koclip_xgb
3295,meokstagram_0040.png,4,4,4,koclip_xgb
3296,meokstagram_0040.png,4,1,4,koclip_xgb
3297,meokstagram_0040.png,3,1,4,koclip_xgb
3298,meokstagram_0040.png,3,1,4,koclip_xgb
3299,meokstagram_0040.png,3,3,4,koclip_xgb
3300,meokstagram_0040.png,4,3,4,koclip_xgb
3301,meokstagram_0040.png,4,4,4,koclip_xgb
3314,meokstagram_0043.png,4,1,4,koclip_xgb
3315,meokstagram_0043.png,4,4,4,koclip_xgb
3339,meokstagram_0046.png,1,1,4,koclip_xgb
3340,meokstagram_0046.png,4,4,4,koclip_xgb
3341,meokstagram_0046.png,3,3,4,koclip_xgb
3342,meokstagram_0046.png,3,3,4,koclip_xgb
3343,meokstagram_0046.png,0,4,4,koclip_xgb
3473,meokstagram_0066.png,4,4,4,koclip_xgb
3474,meokstagram_0066.png,2,3,4,koclip_xgb
3475,meokstagram_0066.png,3,1,4,koclip_xgb
3476,meokstagram_0066.png,3,4,4,koclip_xgb
3477,meokstagram_0067.png,4,4,4,koclip_xgb
3478,meokstagram_0067.png,3,4,4,koclip_xgb
3479,meokstagram_0067.png,4,2,4,koclip_xgb
3480,meokstagram_0067.png,2,3,4,koclip_xgb
3481,meokstagram_0067.png,2,3,4,koclip_xgb
3506,meokstagram_0072.png,1,4,4,koclip_xgb
3507,meokstagram_0072.png,4,1,4,koclip_xgb
3508,meokstagram_0072.png,3,4,4,koclip_xgb
3509,meokstagram_0072.png,3,1,4,koclip_xgb
3510,meokstagram_0072.png,1,0,4,koclip_xgb
3511,meokstagram_0072.png,1,1,4,koclip_xgb
3512,meokstagram_0072.png,2,3,4,koclip_xgb
3513,meokstagram_0072.png,1,1,4,koclip_xgb
3514,meokstagram_0072.png,1,1,4,koclip_xgb
3515,meokstagram_0072.png,4,1,4,koclip_xgb
3516,meokstagram_0072.png,3,3,4,koclip_xgb
3517,meokstagram_0072.png,3,1,4,koclip_xgb
3518,meokstagram_0072.png,1,1,4,koclip_xgb
3519,meokstagram_0072.png,1,1,4,koclip_xgb
3520,meokstagram_0072.png,0,0,4,koclip_xgb
3521,meokstagram_0072.png,1,1,4,koclip_xgb
3522,meokstagram_0072.png,1,1,4,koclip_xgb
3523,meokstagram_0072.png,1,1,4,koclip_xgb
3524,meokstagram_0072.png,3,4,4,koclip_xgb
3525,meokstagram_0072.png,4,3,4,koclip_xgb
3526,meokstagram_0072.png,3,3,4,koclip_xgb
3527,meokstagram_0072.png,3,3,4,koclip_xgb
3528,meokstagram_0072.png,4,4,4,koclip_xgb
3548,meokstagram_0074.png,3,4,4,koclip_xgb
3549,meokstagram_0074.png,1,4,4,koclip_xgb
3550,meokstagram_0074.png,3,4,4,koclip_xgb
3551,meokstagram_0074.png,4,4,4,koclip_xgb
3552,meokstagram_0074.png,4,4,4,koclip_xgb
3554,meokstagram_0077.png,4,4,4,koclip_xgb
3555,meokstagram_0077.png,3,3,4,koclip_xgb
3556,meokstagram_0077.png,2,3,4,koclip_xgb
3557,meokstagram_0077.png,2,3,4,koclip_xgb
3558,meokstagram_0077.png,3,3,4,koclip_xgb
3559,meokstagram_0077.png,3,3,4,koclip_xgb
3560,meokstagram_0079.png,1,3,4,koclip_xgb
3561,meokstagram_0079.png,0,4,4,koclip_xgb
3562,meokstagram_0079.png,0,4,4,koclip_xgb
3563,meokstagram_0080.png,4,4,4,koclip_xgb
3564,meokstagram_0080.png,4,4,4,koclip_xgb
3565,meokstagram_0080.png,3,4,4,koclip_xgb
3566,meokstagram_0080.png,3,2,4,koclip_xgb
3567,meokstagram_0080.png,2,3,4,koclip_xgb
3590,meokstagram_0091.png,1,4,4,koclip_xgb
3591,meokstagram_0091.png,3,4,4,koclip_xgb
3592,meokstagram_0091.png,0,3,4,koclip_xgb
3593,meokstagram_0091.png,1,4,4,koclip_xgb
3594,meokstagram_0091.png,4,4,4,koclip_xgb
3595,meokstagram_0091.png,2,3,4,koclip_xgb
3596,meokstagram_0091.png,3,4,4,koclip_xgb
3615,meokstagram_0097.png,3,4,4,koclip_xgb
3616,meokstagram_0097.png,1,4,4,koclip_xgb
3617,meokstagram_0097.png,4,1,4,koclip_xgb
3623,meokstagram_0099.png,4,4,4,koclip_xgb
3624,meokstagram_0099.png,1,4,4,koclip_xgb
3625,meokstagram_0099.png,2,2,4,koclip_xgb
3626,meokstagram_0099.png,3,3,4,koclip_xgb
3627,meokstagram_0099.png,2,4,4,koclip_xgb
3633,jmt_0002.png,4,4,4,koclip_xgb
3634,jmt_0002.png,3,0,4,koclip_xgb
3635,jmt_0002.png,1,3,4,koclip_xgb
3636,jmt_0002.png,2,2,4,koclip_xgb
3637,jmt_0002.png,1,1,4,koclip_xgb
3643,jmt_0004.png,4,4,4,koclip_xgb
3644,jmt_0004.png,4,4,4,koclip_xgb
3645,jmt_0004.png,1,3,4,koclip_xgb
3646,jmt_0004.png,4,4,4,koclip_xgb
3647,jmt_0004.png,2,2,4,koclip_xgb
3663,jmt_0012.png,4,1,4,koclip_xgb
3664,jmt_0012.png,3,3,4,koclip_xgb
3665,jmt_0012.png,2,1,4,koclip_xgb
3666,jmt_0012.png,1,1,4,koclip_xgb
3667,jmt_0012.png,1,3,4,koclip_xgb
3673,jmt_0014.png,1,1,4,koclip_xgb
3674,jmt_0014.png,4,4,4,koclip_xgb
3675,jmt_0014.png,4,4,4,koclip_xgb
3676,jmt_0014.png,1,3,4,koclip_xgb
3677,jmt_0014.png,1,4,4,koclip_xgb
3684,jmt_0017.png,4,4,4,koclip_xgb
3688,jmt_0020.png,1,0,4,koclip_xgb
3689,jmt_0020.png,2,1,4,koclip_xgb
3690,jmt_0020.png,0,2,4,koclip_xgb
3691,jmt_0020.png,4,4,4,koclip_xgb
3692,jmt_0020.png,4,4,4,koclip_xgb
3693,jmt_0020.png,1,4,4,koclip_xgb
3694,jmt_0020.png,2,4,4,koclip_xgb
3695,jmt_0020.png,2,4,4,koclip_xgb
3696,jmt_0022.png,4,4,4,koclip_xgb
3697,jmt_0022.png,4,1,4,koclip_xgb
3698,jmt_0022.png,3,3,4,koclip_xgb
3732,jmt_0035.png,3,1,4,koclip_xgb
3733,jmt_0035.png,4,4,4,koclip_xgb
3734,jmt_0036.png,4,1,4,koclip_xgb
3783,jmt_0054.png,4,4,4,koclip_xgb
3784,jmt_0054.png,2,4,4,koclip_xgb
3785,jmt_0054.png,0,4,4,koclip_xgb
3786,jmt_0054.png,1,1,4,koclip_xgb
3787,jmt_0054.png,1,1,4,koclip_xgb
3788,jmt_0054.png,1,1,4,koclip_xgb
3789,jmt_0054.png,2,1,4,koclip_xgb
3790,jmt_0054.png,4,4,4,koclip_xgb
3791,jmt_0054.png,4,1,4,koclip_xgb
3830,jmt_0071.png,1,4,4,koclip_xgb
3831,jmt_0071.png,4,3,4,koclip_xgb
3832,jmt_0071.png,4,4,4,koclip_xgb
3833,jmt_0071.png,4,4,4,koclip_xgb
3834,jmt_0071.png,3,4,4,koclip_xgb
3860,jmt_0073.png,4,4,4,koclip_xgb
3861,jmt_0074.png,4,0,4,koclip_xgb
3862,jmt_0074.png,3,2,4,koclip_xgb
3863,jmt_0074.png,2,2,4,koclip_xgb
3864,jmt_0074.png,1,3,4,koclip_xgb
3865,jmt_0074.png,3,3,4,koclip_xgb
3885,jmt_0080.png,4,4,4,koclip_xgb
3896,jmt_0085.png,0,1,4,koclip_xgb
3897,jmt_0085.png,4,1,4,koclip_xgb
3898,jmt_0085.png,3,3,4,koclip_xgb
3899,jmt_0085.png,1,1,4,koclip_xgb
3900,jmt_0085.png,0,4,4,koclip_xgb
3932,jmt_0095.png,1,4,4,koclip_xgb
3933,jmt_0095.png,2,3,4,koclip_xgb
3934,jmt_0095.png,3,3,4,koclip_xgb
3935,jmt_0095.png,4,4,4,koclip_xgb
3966,makeup_0004.png,0,0,4,koclip_xgb
3967,makeup_0004.png,4,4,4,koclip_xgb
3968,makeup_0004.png,4,4,4,koclip_xgb
3969,makeup_0005.png,1,1,4,koclip_xgb
3970,makeup_0005.png,4,4,4,koclip_xgb
3971,makeup_0005.png,3,3,4,koclip_xgb
3972,makeup_0005.png,4,3,4,koclip_xgb
3973,makeup_0005.png,1,1,4,koclip_xgb
3982,makeup_0009.png,3,1,4,koclip_xgb
3983,makeup_0009.png,2,1,4,koclip_xgb
3984,makeup_0009.png,4,4,4,koclip_xgb
3985,makeup_0009.png,4,4,4,koclip_xgb
3986,makeup_0009.png,1,4,4,koclip_xgb
3987,makeup_0011.png,3,3,4,koclip_xgb
3988,makeup_0011.png,4,4,4,koclip_xgb
4032,makeup_0030.png,4,4,4,koclip_xgb
4033,makeup_0030.png,3,3,4,koclip_xgb
4034,makeup_0030.png,4,4,4,koclip_xgb
4035,makeup_0030.png,3,3,4,koclip_xgb
4036,makeup_0030.png,4,2,4,koclip_xgb
4037,makeup_0030.png,3,3,4,koclip_xgb
4038,makeup_0030.png,1,4,4,koclip_xgb
4039,makeup_0030.png,1,4,4,koclip_xgb
4040,makeup_0030.png,2,4,4,koclip_xgb
4041,makeup_0030.png,2,3,4,koclip_xgb
4042,makeup_0030.png,2,1,4,koclip_xgb
4043,makeup_0030.png,2,4,4,koclip_xgb
4044,makeup_0030.png,2,3,4,koclip_xgb
4045,makeup_0030.png,3,3,4,koclip_xgb
4046,makeup_0030.png,3,3,4,koclip_xgb
4047,makeup_0030.png,3,3,4,koclip_xgb
4048,makeup_0030.png,2,2,4,koclip_xgb
4049,makeup_0030.png,2,2,4,koclip_xgb
4050,makeup_0030.png,2,2,4,koclip_xgb
4163,makeup_0053.png,0,1,4,koclip_xgb
4164,makeup_0053.png,4,3,4,koclip_xgb
4165,makeup_0053.png,4,1,4,koclip_xgb
4166,makeup_0053.png,4,2,4,koclip_xgb
4185,makeup_0059.png,3,3,4,koclip_xgb
4186,makeup_0059.png,3,3,4,koclip_xgb
4187,makeup_0059.png,3,3,4,koclip_xgb
4188,makeup_0059.png,3,2,4,koclip_xgb
4189,makeup_0059.png,2,3,4,koclip_xgb
4205,makeup_0065.png,4,4,4,koclip_xgb
4206,makeup_0065.png,4,4,4,koclip_xgb
4207,makeup_0065.png,3,3,4,koclip_xgb
4208,makeup_0065.png,4,2,4,koclip_xgb
4209,makeup_0065.png,3,1,4,koclip_xgb
4220,makeup_0068.png,3,3,4,koclip_xgb
4221,makeup_0068.png,2,2,4,koclip_xgb
4222,makeup_0068.png,1,3,4,koclip_xgb
4223,makeup_0068.png,3,4,4,koclip_xgb
4224,makeup_0068.png,4,3,4,koclip_xgb
4245,makeup_0074.png,4,4,4,koclip_xgb
4334,makeup_0094.png,4,4,4,koclip_xgb
4335,makeup_0094.png,4,4,4,koclip_xgb
4336,makeup_0094.png,3,4,4,koclip_xgb
4337,makeup_0094.png,4,4,4,koclip_xgb
4338,makeup_0094.png,1,1,4,koclip_xgb
4345,dailymakeup_0002.png,4,4,4,koclip_xgb
4346,dailymakeup_0002.png,2,3,4,koclip_xgb
4347,dailymakeup_0002.png,1,3,4,koclip_xgb
4348,dailymakeup_0002.png,0,1,4,koclip_xgb
4356,dailymakeup_0006.png,4,4,4,koclip_xgb
4357,dailymakeup_0006.png,1,1,4,koclip_xgb
4358,dailymakeup_0006.png,0,1,4,koclip_xgb
4359,dailymakeup_0006.png,0,1,4,koclip_xgb
4360,dailymakeup_0006.png,0,1,4,koclip_xgb
4362,dailymakeup_0008.png,3,2,4,koclip_xgb
4363,dailymakeup_0008.png,4,4,4,koclip_xgb
4368,dailymakeup_0011.png,2,1,4,koclip_xgb
4369,dailymakeup_0011.png,4,3,4,koclip_xgb
4370,dailymakeup_0011.png,2,1,4,koclip_xgb
4371,dailymakeup_0011.png,3,3,4,koclip_xgb
4372,dailymakeup_0011.png,3,3,4,koclip_xgb
4373,dailymakeup_0012.png,3,2,4,koclip_xgb
4429,dailymakeup_0023.png,4,4,4,koclip_xgb
4430,dailymakeup_0023.png,2,3,4,koclip_xgb
4431,dailymakeup_0023.png,3,3,4,koclip_xgb
4432,dailymakeup_0023.png,1,3,4,koclip_xgb
4433,dailymakeup_0023.png,1,1,4,koclip_xgb
4476,dailymakeup_0031.png,2,3,4,koclip_xgb
4477,dailymakeup_0031.png,1,4,4,koclip_xgb
4478,dailymakeup_0031.png,1,1,4,koclip_xgb
4479,dailymakeup_0031.png,3,1,4,koclip_xgb
4480,dailymakeup_0031.png,3,3,4,koclip_xgb
4481,dailymakeup_0031.png,4,4,4,koclip_xgb
4482,dailymakeup_0031.png,1,2,4,koclip_xgb
4483,dailymakeup_0031.png,2,4,4,koclip_xgb
4484,dailymakeup_0031.png,3,3,4,koclip_xgb
4485,dailymakeup_0031.png,1,1,4,koclip_xgb
4486,dailymakeup_0031.png,3,3,4,koclip_xgb
4487,dailymakeup_0031.png,1,1,4,koclip_xgb
4544,dailymakeup_0039.png,3,3,4,koclip_xgb
4545,dailymakeup_0039.png,4,4,4,koclip_xgb
4546,dailymakeup_0039.png,4,4,4,koclip_xgb
4547,dailymakeup_0039.png,3,3,4,koclip_xgb
4548,dailymakeup_0039.png,1,2,4,koclip_xgb
4549,dailymakeup_0039.png,1,4,4,koclip_xgb
4550,dailymakeup_0039.png,1,2,4,koclip_xgb
4551,dailymakeup_0039.png,2,2,4,koclip_xgb
4571,dailymakeup_0043.png,4,4,4,koclip_xgb
4572,dailymakeup_0043.png,1,1,4,koclip_xgb
4573,dailymakeup_0043.png,3,3,4,koclip_xgb
4574,dailymakeup_0043.png,1,2,4,koclip_xgb
4586,dailymakeup_0049.png,2,4,4,koclip_xgb
4587,dailymakeup_0049.png,3,4,4,koclip_xgb
4588,dailymakeup_0049.png,1,4,4,koclip_xgb
4589,dailymakeup_0049.png,4,4,4,koclip_xgb
4590,dailymakeup_0049.png,3,3,4,koclip_xgb
4591,dailymakeup_0049.png,1,1,4,koclip_xgb
4626,dailymakeup_0054.png,3,4,4,koclip_xgb
4627,dailymakeup_0054.png,4,4,4,koclip_xgb
4628,dailymakeup_0054.png,2,3,4,koclip_xgb
4629,dailymakeup_0054.png,1,1,4,koclip_xgb
4630,dailymakeup_0054.png,3,4,4,koclip_xgb
4631,dailymakeup_0054.png,2,3,4,koclip_xgb
4632,dailymakeup_0054.png,3,3,4,koclip_xgb
4633,dailymakeup_0054.png,3,2,4,koclip_xgb
4634,dailymakeup_0054.png,4,4,4,koclip_xgb
4635,dailymakeup_0054.png,3,3,4,koclip_xgb
4636,dailymakeup_0054.png,3,4,4,koclip_xgb
4675,dailymakeup_0068.png,1,1,4,koclip_xgb
4676,dailymakeup_0068.png,3,3,4,koclip_xgb
4677,dailymakeup_0068.png,3,3,4,koclip_xgb
4678,dailymakeup_0068.png,4,4,4,koclip_xgb
4679,dailymakeup_0068.png,3,3,4,koclip_xgb
4680,dailymakeup_0068.png,4,3,4,koclip_xgb
4681,dailymakeup_0068.png,4,4,4,koclip_xgb
4682,dailymakeup_0068.png,2,3,4,koclip_xgb
4683,dailymakeup_0068.png,3,4,4,koclip_xgb
4684,dailymakeup_0068.png,4,3,4,koclip_xgb
4685,dailymakeup_0068.png,4,3,4,koclip_xgb
4686,dailymakeup_0068.png,1,2,4,koclip_xgb
4687,dailymakeup_0068.png,3,3,4,koclip_xgb
4688,dailymakeup_0068.png,1,1,4,koclip_xgb
4689,dailymakeup_0068.png,2,4,4,koclip_xgb
4705,dailymakeup_0072.png,1,1,4,koclip_xgb
4706,dailymakeup_0072.png,1,1,4,koclip_xgb
4707,dailymakeup_0072.png,1,1,4,koclip_xgb
4708,dailymakeup_0072.png,4,1,4,koclip_xgb
4709,dailymakeup_0072.png,4,0,4,koclip_xgb
4710,dailymakeup_0072.png,3,1,4,koclip_xgb
4711,dailymakeup_0072.png,3,4,4,koclip_xgb
4712,dailymakeup_0072.png,3,3,4,koclip_xgb
4713,dailymakeup_0072.png,3,3,4,koclip_xgb
4714,dailymakeup_0072.png,3,3,4,koclip_xgb
4715,dailymakeup_0072.png,3,2,4,koclip_xgb
4716,dailymakeup_0072.png,3,4,4,koclip_xgb
4718,dailymakeup_0074.png,4,4,4,koclip_xgb
4719,dailymakeup_0074.png,3,4,4,koclip_xgb
4720,dailymakeup_0074.png,3,3,4,koclip_xgb
4721,dailymakeup_0074.png,3,2,4,koclip_xgb
4727,dailymakeup_0076.png,4,4,4,koclip_xgb
4728,dailymakeup_0076.png,4,4,4,koclip_xgb
4729,dailymakeup_0076.png,4,4,4,koclip_xgb
4762,dailymakeup_0088.png,4,4,4,koclip_xgb
4763,dailymakeup_0088.png,3,3,4,koclip_xgb
4764,dailymakeup_0088.png,3,3,4,koclip_xgb
4770,dailymakeup_0090.png,4,2,4,koclip_xgb
4771,dailymakeup_0090.png,4,2,4,koclip_xgb
4772,dailymakeup_0090.png,2,4,4,koclip_xgb
4773,dailymakeup_0090.png,3,2,4,koclip_xgb
4774,dailymakeup_0090.png,2,4,4,koclip_xgb
4775,dailymakeup_0090.png,1,1,4,koclip_xgb
4776,dailymakeup_0090.png,3,3,4,koclip_xgb
4777,dailymakeup_0090.png,4,4,4,koclip_xgb
4778,dailymakeup_0090.png,0,1,4,koclip_xgb
4779,dailymakeup_0090.png,0,4,4,koclip_xgb
4780,dailymakeup_0090.png,0,4,4,koclip_xgb
4807,kkuankku_0001.png,0,2,4,koclip_xgb
4808,kkuankku_0001.png,2,2,4,koclip_xgb
4809,kkuankku_0001.png,4,3,4,koclip_xgb
4810,kkuankku_0001.png,3,3,4,koclip_xgb
4811,kkuankku_0002.png,0,4,4,koclip_xgb
4812,kkuankku_0002.png,3,3,4,koclip_xgb
4813,kkuankku_0002.png,1,1,4,koclip_xgb
4814,kkuankku_0002.png,3,3,4,koclip_xgb
4815,kkuankku_0002.png,3,3,4,koclip_xgb
4816,kkuankku_0002.png,4,3,4,koclip_xgb
4817,kkuankku_0002.png,2,3,4,koclip_xgb
4818,kkuankku_0002.png,3,3,4,koclip_xgb
4819,kkuankku_0002.png,3,3,4,koclip_xgb
4820,kkuankku_0002.png,3,3,4,koclip_xgb
4847,kkuankku_0006.png,1,3,4,koclip_xgb
4848,kkuankku_0006.png,0,1,4,koclip_xgb
4849,kkuankku_0006.png,1,1,4,koclip_xgb
4850,kkuankku_0006.png,4,4,4,koclip_xgb
4851,kkuankku_0006.png,4,4,4,koclip_xgb
4852,kkuankku_0006.png,2,4,4,koclip_xgb
4853,kkuankku_0006.png,2,1,4,koclip_xgb
4854,kkuankku_0006.png,4,1,4,koclip_xgb
4855,kkuankku_0006.png,3,4,4,koclip_xgb
4887,kkuankku_0013.png,4,4,4,koclip_xgb
4888,kkuankku_0013.png,4,3,4,koclip_xgb
4889,kkuankku_0013.png,3,3,4,koclip_xgb
4890,kkuankku_0013.png,3,3,4,koclip_xgb
4891,kkuankku_0013.png,3,3,4,koclip_xgb
4906,kkuankku_0020.png,4,4,4,koclip_xgb
4907,kkuankku_0020.png,4,4,4,koclip_xgb
4908,kkuankku_0020.png,3,3,4,koclip_xgb
4909,kkuankku_0020.png,3,4,4,koclip_xgb
4954,kkuankku_0039.png,3,3,4,koclip_xgb
4955,kkuankku_0039.png,4,4,4,koclip_xgb
4956,kkuankku_0039.png,3,3,4,koclip_xgb
4957,kkuankku_0039.png,4,4,4,koclip_xgb
4958,kkuankku_0039.png,3,2,4,koclip_xgb
4959,kkuankku_0039.png,3,3,4,koclip_xgb
4960,kkuankku_0039.png,3,3,4,koclip_xgb
4961,kkuankku_0039.png,3,3,4,koclip_xgb
4962,kkuankku_0040.png,4,4,4,koclip_xgb
4963,kkuankku_0040.png,4,4,4,koclip_xgb
4964,kkuankku_0040.png,2,4,4,koclip_xgb
4965,kkuankku_0040.png,3,3,4,koclip_xgb
4966,kkuankku_0040.png,2,4,4,koclip_xgb
4967,kkuankku_0040.png,3,3,4,koclip_xgb
4968,kkuankku_0040.png,3,4,4,koclip_xgb
4969,kkuankku_0040.png,3,3,4,koclip_xgb
4970,kkuankku_0040.png,1,2,4,koclip_xgb
4971,kkuankku_0040.png,0,1,4,koclip_xgb
4972,kkuankku_0040.png,0,1,4,koclip_xgb
5001,kkuankku_0057.png,3,3,4,koclip_xgb
5002,kkuankku_0057.png,4,2,4,koclip_xgb
5003,kkuankku_0057.png,4,3,4,koclip_xgb
5004,kkuankku_0057.png,3,4,4,koclip_xgb
5005,kkuankku_0057.png,3,2,4,koclip_xgb
5006,kkuankku_0057.png,4,3,4,koclip_xgb
5007,kkuankku_0057.png,4,3,4,koclip_xgb
5008,kkuankku_0057.png,4,3,4,koclip_xgb
5009,kkuankku_0057.png,3,3,4,koclip_xgb
5010,kkuankku_0057.png,4,4,4,koclip_xgb
5011,kkuankku_0060.png,4,3,4,koclip_xgb
5012,kkuankku_0060.png,4,4,4,koclip_xgb
5013,kkuankku_0060.png,3,3,4,koclip_xgb
5014,kkuankku_0060.png,3,3,4,koclip_xgb
5015,kkuankku_0060.png,3,3,4,koclip_xgb
5016,kkuankku_0060.png,2,2,4,koclip_xgb
5017,kkuankku_0060.png,4,4,4,koclip_xgb
5018,kkuankku_0060.png,4,4,4,koclip_xgb
5019,kkuankku_0060.png,4,3,4,koclip_xgb
5020,kkuankku_0060.png,1,4,4,koclip_xgb
5021,kkuankku_0060.png,1,4,4,koclip_xgb
5022,kkuankku_0060.png,0,4,4,koclip_xgb
5023,kkuankku_0060.png,0,4,4,koclip_xgb
5024,kkuankku_0060.png,0,4,4,koclip_xgb
5025,kkuankku_0060.png,0,4,4,koclip_xgb
5026,kkuankku_0060.png,0,4,4,koclip_xgb
5027,kkuankku_0060.png,1,4,4,koclip_xgb
5110,kkuankku_0094.png,3,3,4,koclip_xgb
5111,kkuankku_0094.png,3,3,4,koclip_xgb
5112,kkuankku_0094.png,4,3,4,koclip_xgb
5113,kkuankku_0094.png,3,3,4,koclip_xgb
5114,kkuankku_0094.png,2,3,4,koclip_xgb
5235,dailylook_0010.png,4,4,4,koclip_xgb
5236,dailylook_0010.png,3,1,4,koclip_xgb
5237,dailylook_0010.png,3,3,4,koclip_xgb
5238,dailylook_0010.png,3,3,4,koclip_xgb
5239,dailylook_0010.png,4,3,4,koclip_xgb
5240,dailylook_0010.png,3,3,4,koclip_xgb
5241,dailylook_0010.png,4,3,4,koclip_xgb
5242,dailylook_0010.png,4,3,4,koclip_xgb
5243,dailylook_0010.png,0,4,4,koclip_xgb
5244,dailylook_0010.png,1,4,4,koclip_xgb
5245,dailylook_0010.png,1,4,4,koclip_xgb
5246,dailylook_0010.png,1,4,4,koclip_xgb
5247,dailylook_0010.png,1,4,4,koclip_xgb
5248,dailylook_0010.png,0,4,4,koclip_xgb
5249,dailylook_0010.png,1,4,4,koclip_xgb
5250,dailylook_0010.png,1,4,4,koclip_xgb
5251,dailylook_0010.png,1,4,4,koclip_xgb
5252,dailylook_0010.png,1,4,4,koclip_xgb
5253,dailylook_0010.png,2,2,4,koclip_xgb
5278,dailylook_0018.png,4,4,4,koclip_xgb
5279,dailylook_0018.png,4,4,4,koclip_xgb
5280,dailylook_0018.png,3,4,4,koclip_xgb
5281,dailylook_0018.png,3,3,4,koclip_xgb
5282,dailylook_0018.png,3,3,4,koclip_xgb
5283,dailylook_0018.png,1,4,4,koclip_xgb
5406,dailylook_0055.png,1,0,4,koclip_xgb
5407,dailylook_0055.png,2,3,4,koclip_xgb
5408,dailylook_0055.png,2,3,4,koclip_xgb
5409,dailylook_0055.png,0,3,4,koclip_xgb
5410,dailylook_0055.png,0,3,4,koclip_xgb
5411,dailylook_0055.png,0,4,4,koclip_xgb
5412,dailylook_0055.png,1,2,4,koclip_xgb
5413,dailylook_0055.png,1,3,4,koclip_xgb
5414,dailylook_0055.png,1,3,4,koclip_xgb
5415,dailylook_0055.png,1,3,4,koclip_xgb
5416,dailylook_0055.png,3,3,4,koclip_xgb
5417,dailylook_0055.png,1,3,4,koclip_xgb
5437,dailylook_0063.png,4,4,4,koclip_xgb
5438,dailylook_0063.png,1,4,4,koclip_xgb
5439,dailylook_0063.png,3,4,4,koclip_xgb
5440,dailylook_0063.png,0,1,4,koclip_xgb
5441,dailylook_0063.png,3,4,4,koclip_xgb
5442,dailylook_0063.png,4,4,4,koclip_xgb
5443,dailylook_0063.png,3,3,4,koclip_xgb
5444,dailylook_0063.png,2,2,4,koclip_xgb
5445,dailylook_0063.png,3,3,4,koclip_xgb
5446,dailylook_0063.png,3,3,4,koclip_xgb
5447,dailylook_0063.png,3,3,4,koclip_xgb
5448,dailylook_0063.png,3,3,4,koclip_xgb
5449,dailylook_0063.png,3,3,4,koclip_xgb
5450,dailylook_0063.png,3,3,4,koclip_xgb
5451,dailylook_0066.png,1,2,4,koclip_xgb
5455,dailylook_0070.png,1,3,4,koclip_xgb
5456,dailylook_0070.png,1,3,4,koclip_xgb
5457,dailylook_0070.png,1,3,4,koclip_xgb
5458,dailylook_0070.png,1,3,4,koclip_xgb
5479,dailylook_0078.png,4,4,4,koclip_xgb
5480,dailylook_0078.png,2,3,4,koclip_xgb
5481,dailylook_0078.png,3,3,4,koclip_xgb
5482,dailylook_0078.png,3,3,4,koclip_xgb
5483,dailylook_0078.png,0,4,4,koclip_xgb
5624,ootd_0016.png,1,1,4,koclip_xgb
5625,ootd_0016.png,1,1,4,koclip_xgb
5626,ootd_0016.png,1,2,4,koclip_xgb
5627,ootd_0016.png,3,1,4,koclip_xgb
5628,ootd_0016.png,2,2,4,koclip_xgb
5629,ootd_0016.png,3,1,4,koclip_xgb
5630,ootd_0016.png,2,2,4,koclip_xgb
5631,ootd_0016.png,1,1,4,koclip_xgb
5632,ootd_0016.png,3,2,4,koclip_xgb
5633,ootd_0016.png,2,3,4,koclip_xgb
5634,ootd_0016.png,3,3,4,koclip_xgb
5635,ootd_0016.png,3,3,4,koclip_xgb
5636,ootd_0016.png,4,4,4,koclip_xgb
5637,ootd_0016.png,3,3,4,koclip_xgb
5663,ootd_0034.png,4,1,4,koclip_xgb
5664,ootd_0034.png,0,0,4,koclip_xgb
5665,ootd_0034.png,2,2,4,koclip_xgb
5666,ootd_0034.png,1,3,4,koclip_xgb
5667,ootd_0034.png,2,2,4,koclip_xgb
5668,ootd_0034.png,3,3,4,koclip_xgb
5669,ootd_0034.png,3,1,4,koclip_xgb
5670,ootd_0034.png,1,3,4,koclip_xgb
5671,ootd_0034.png,3,3,4,koclip_xgb
5672,ootd_0034.png,0,2,4,koclip_xgb
5673,ootd_0034.png,2,2,4,koclip_xgb
5674,ootd_0034.png,2,1,4,koclip_xgb
5675,ootd_0034.png,0,3,4,koclip_xgb
5676,ootd_0034.png,1,1,4,koclip_xgb
5677,ootd_0034.png,1,1,4,koclip_xgb
5678,ootd_0034.png,0,0,4,koclip_xgb
5679,ootd_0034.png,1,0,4,koclip_xgb
5680,ootd_0034.png,1,0,4,koclip_xgb
5681,ootd_0034.png,1,1,4,koclip_xgb
5682,ootd_0034.png,1,0,4,koclip_xgb
5683,ootd_0034.png,1,1,4,koclip_xgb
5684,ootd_0034.png,1,1,4,koclip_xgb
5685,ootd_0034.png,0,2,4,koclip_xgb
5686,ootd_0035.png,4,4,4,koclip_xgb
5687,ootd_0035.png,2,1,4,koclip_xgb
5688,ootd_0035.png,2,4,4,koclip_xgb
5701,ootd_0040.png,3,4,4,koclip_xgb
5702,ootd_0040.png,3,3,4,koclip_xgb
5703,ootd_0040.png,4,3,4,koclip_xgb
5704,ootd_0040.png,3,4,4,koclip_xgb
5705,ootd_0040.png,2,2,4,koclip_xgb
5706,ootd_0040.png,4,3,4,koclip_xgb
5737,ootd_0044.png,3,3,4,koclip_xgb
5738,ootd_0044.png,4,3,4,koclip_xgb
5739,ootd_0044.png,4,3,4,koclip_xgb
5740,ootd_0044.png,3,3,4,koclip_xgb
5741,ootd_0044.png,3,2,4,koclip_xgb
5742,ootd_0044.png,1,1,4,koclip_xgb
5797,ootd_0061.png,0,1,4,koclip_xgb
5798,ootd_0061.png,0,1,4,koclip_xgb
5799,ootd_0061.png,0,1,4,koclip_xgb
5800,ootd_0061.png,2,2,4,koclip_xgb
5801,ootd_0061.png,2,3,4,koclip_xgb
5802,ootd_0071.png,1,1,4,koclip_xgb
5803,ootd_0071.png,4,1,4,koclip_xgb
5804,ootd_0071.png,4,4,4,koclip_xgb
5805,ootd_0071.png,3,3,4,koclip_xgb
5806,ootd_0074.png,1,3,4,koclip_xgb
5815,ootd_0079.png,3,1,4,koclip_xgb
5816,ootd_0079.png,2,4,4,koclip_xgb
5817,ootd_0079.png,2,4,4,koclip_xgb
5818,ootd_0079.png,2,4,4,koclip_xgb
5819,ootd_0079.png,4,2,4,koclip_xgb
5820,ootd_0080.png,3,2,4,koclip_xgb
5821,ootd_0080.png,3,2,4,koclip_xgb
5822,ootd_0080.png,3,2,4,koclip_xgb
5823,ootd_0080.png,3,3,4,koclip_xgb
5824,ootd_0080.png,3,3,4,koclip_xgb
5825,ootd_0080.png,3,3,4,koclip_xgb
5826,ootd_0080.png,3,3,4,koclip_xgb
5827,ootd_0080.png,3,3,4,koclip_xgb
5828,ootd_0080.png,4,3,4,koclip_xgb
5829,ootd_0080.png,2,2,4,koclip_xgb
5830,ootd_0080.png,4,4,4,koclip_xgb
5831,ootd_0080.png,4,4,4,koclip_xgb
5832,ootd_0080.png,4,4,4,koclip_xgb
5833,ootd_0080.png,4,2,4,koclip_xgb
5834,ootd_0080.png,2,3,4,koclip_xgb
5924,fashionista_0001.png,4,1,4,koclip_xgb
5925,fashionista_0001.png,2,3,4,koclip_xgb
5926,fashionista_0001.png,1,2,4,koclip_xgb
5927,fashionista_0001.png,4,4,4,koclip_xgb
5928,fashionista_0001.png,3,3,4,koclip_xgb
5984,fashionista_0032.png,4,4,4,koclip_xgb
5985,fashionista_0032.png,3,2,4,koclip_xgb
5986,fashionista_0032.png,3,3,4,koclip_xgb
5987,fashionista_0032.png,3,3,4,koclip_xgb
5988,fashionista_0032.png,3,3,4,koclip_xgb
5993,fashionista_0035.png,4,4,4,koclip_xgb
5994,fashionista_0035.png,3,3,4,koclip_xgb
5995,fashionista_0035.png,4,4,4,koclip_xgb
5996,fashionista_0035.png,3,2,4,koclip_xgb
5997,fashionista_0035.png,2,2,4,koclip_xgb
5998,fashionista_0037.png,4,2,4,koclip_xgb
5999,fashionista_0037.png,3,1,4,koclip_xgb
6000,fashionista_0037.png,2,1,4,koclip_xgb
6109,fashionista_0052.png,1,1,4,koclip_xgb
6110,fashionista_0052.png,1,1,4,koclip_xgb
6111,fashionista_0052.png,0,4,4,koclip_xgb
6112,fashionista_0052.png,2,3,4,koclip_xgb
6113,fashionista_0052.png,3,3,4,koclip_xgb
6114,fashionista_0052.png,1,1,4,koclip_xgb
6115,fashionista_0052.png,0,1,4,koclip_xgb
6116,fashionista_0052.png,0,1,4,koclip_xgb
6117,fashionista_0052.png,0,0,4,koclip_xgb
6118,fashionista_0052.png,2,4,4,koclip_xgb
6119,fashionista_0052.png,0,1,4,koclip_xgb
6120,fashionista_0052.png,3,1,4,koclip_xgb
6121,fashionista_0052.png,3,3,4,koclip_xgb
6122,fashionista_0052.png,2,4,4,koclip_xgb
6123,fashionista_0052.png,2,3,4,koclip_xgb
6124,fashionista_0052.png,0,0,4,koclip_xgb
6125,fashionista_0052.png,3,3,4,koclip_xgb
6126,fashionista_0052.png,4,4,4,koclip_xgb
6127,fashionista_0052.png,2,4,4,koclip_xgb
6128,fashionista_0052.png,2,4,4,koclip_xgb
6129,fashionista_0052.png,3,3,4,koclip_xgb
6130,fashionista_0052.png,0,4,4,koclip_xgb
6131,fashionista_0052.png,0,4,4,koclip_xgb
6132,fashionista_0052.png,1,3,4,koclip_xgb
6133,fashionista_0052.png,2,2,4,koclip_xgb
6134,fashionista_0052.png,2,3,4,koclip_xgb
6135,fashionista_0052.png,3,3,4,koclip_xgb
6136,fashionista_0052.png,1,2,4,koclip_xgb
6137,fashionista_0052.png,0,0,4,koclip_xgb
6138,fashionista_0052.png,2,4,4,koclip_xgb
6200,fashionista_0063.png,2,2,4,koclip_xgb
6201,fashionista_0063.png,2,2,4,koclip_xgb
6202,fashionista_0063.png,2,2,4,koclip_xgb
6203,fashionista_0063.png,2,4,4,koclip_xgb
6204,fashionista_0063.png,1,2,4,koclip_xgb
6205,fashionista_0063.png,2,2,4,koclip_xgb
6206,fashionista_0063.png,2,2,4,koclip_xgb
6207,fashionista_0063.png,4,2,4,koclip_xgb
6208,fashionista_0063.png,3,4,4,koclip_xgb
6209,fashionista_0063.png,4,4,4,koclip_xgb
6210,fashionista_0063.png,4,4,4,koclip_xgb
6211,fashionista_0063.png,2,3,4,koclip_xgb
6212,fashionista_0063.png,2,3,4,koclip_xgb
6213,fashionista_0063.png,2,2,4,koclip_xgb
6214,fashionista_0063.png,2,3,4,koclip_xgb
6215,fashionista_0063.png,1,3,4,koclip_xgb
6216,fashionista_0063.png,2,2,4,koclip_xgb
6217,fashionista_0063.png,0,0,4,koclip_xgb
6218,fashionista_0063.png,2,2,4,koclip_xgb
6219,fashionista_0063.png,1,2,4,koclip_xgb
6220,fashionista_0063.png,1,1,4,koclip_xgb
6221,fashionista_0063.png,1,1,4,koclip_xgb
6222,fashionista_0063.png,3,1,4,koclip_xgb
6223,fashionista_0063.png,2,2,4,koclip_xgb
6224,fashionista_0065.png,0,1,4,koclip_xgb
6225,fashionista_0065.png,0,0,4,koclip_xgb
6226,fashionista_0065.png,3,2,4,koclip_xgb
6227,fashionista_0065.png,3,2,4,koclip_xgb
6228,fashionista_0065.png,2,2,4,koclip_xgb
6229,fashionista_0065.png,3,3,4,koclip_xgb
6230,fashionista_0065.png,4,4,4,koclip_xgb
6231,fashionista_0065.png,4,4,4,koclip_xgb
6232,fashionista_0065.png,4,4,4,koclip_xgb
6233,fashionista_0065.png,1,1,4,koclip_xgb
6234,fashionista_0065.png,3,3,4,koclip_xgb
6235,fashionista_0065.png,2,2,4,koclip_xgb
6236,fashionista_0065.png,2,3,4,koclip_xgb
6237,fashionista_0065.png,1,1,4,koclip_xgb
6238,fashionista_0065.png,0,0,4,koclip_xgb
6239,fashionista_0065.png,3,3,4,koclip_xgb
6240,fashionista_0065.png,2,2,4,koclip_xgb
6241,fashionista_0065.png,2,2,4,koclip_xgb
6242,fashionista_0065.png,2,2,4,koclip_xgb
6243,fashionista_0065.png,2,2,4,koclip_xgb
6244,fashionista_0065.png,3,3,4,koclip_xgb
6245,fashionista_0065.png,0,1,4,koclip_xgb
6246,fashionista_0065.png,2,2,4,koclip_xgb
6247,fashionista_0065.png,2,2,4,koclip_xgb
6248,fashionista_0065.png,1,1,4,koclip_xgb
6249,fashionista_0065.png,0,4,4,koclip_xgb
6250,fashionista_0065.png,0,0,4,koclip_xgb
6251,fashionista_0065.png,0,1,4,koclip_xgb
6252,fashionista_0065.png,0,1,4,koclip_xgb
6253,fashionista_0066.png,3,1,4,koclip_xgb
6313,fashionista_0084.png,2,2,4,koclip_xgb
6314,fashionista_0084.png,2,2,4,koclip_xgb
6315,fashionista_0084.png,4,4,4,koclip_xgb
6316,fashionista_0084.png,4,4,4,koclip_xgb
6317,fashionista_0084.png,3,3,4,koclip_xgb
6318,fashionista_0084.png,4,4,4,koclip_xgb
6319,fashionista_0084.png,4,4,4,koclip_xgb
6320,fashionista_0084.png,3,3,4,koclip_xgb
6321,fashionista_0084.png,1,1,4,koclip_xgb
6322,fashionista_0084.png,2,2,4,koclip_xgb
6323,fashionista_0084.png,3,3,4,koclip_xgb
6324,fashionista_0084.png,1,1,4,koclip_xgb
6325,fashionista_0084.png,0,0,4,koclip_xgb
6326,fashionista_0084.png,1,1,4,koclip_xgb
6327,fashionista_0084.png,1,0,4,koclip_xgb
6328,fashionista_0084.png,1,1,4,koclip_xgb
6329,fashionista_0084.png,1,1,4,koclip_xgb
6330,fashionista_0084.png,1,1,4,koclip_xgb
6331,fashionista_0084.png,0,0,4,koclip_xgb
6332,fashionista_0084.png,0,4,4,koclip_xgb
6333,fashionista_0084.png,0,1,4,koclip_xgb
6334,fashionista_0084.png,1,1,4,koclip_xgb
6335,fashionista_0084.png,1,1,4,koclip_xgb
6336,fashionista_0085.png,4,4,4,koclip_xgb
6366,fashionista_0091.png,3,3,4,koclip_xgb
6367,fashionista_0091.png,3,3,4,koclip_xgb
6368,fashionista_0091.png,3,3,4,koclip_xgb
6369,fashionista_0091.png,4,3,4,koclip_xgb
6370,fashionista_0091.png,3,3,4,koclip_xgb
6371,fashionista_0091.png,3,3,4,koclip_xgb
6372,fashionista_0091.png,3,3,4,koclip_xgb
6373,fashionista_0091.png,3,3,4,koclip_xgb
6374,fashionista_0091.png,4,3,4,koclip_xgb
6375,fashionista_0091.png,3,4,4,koclip_xgb
6376,fashionista_0091.png,2,2,4,koclip_xgb
6377,fashionista_0091.png,3,3,4,koclip_xgb
6378,fashionista_0091.png,4,4,4,koclip_xgb
6379,fashionista_0091.png,3,4,4,koclip_xgb
6380,fashionista_0091.png,1,4,4,koclip_xgb
6381,fashionista_0091.png,3,2,4,koclip_xgb
6382,fashionista_0091.png,3,3,4,koclip_xgb
6383,fashionista_0091.png,3,3,4,koclip_xgb
6384,fashionista_0091.png,1,4,4,koclip_xgb
6385,fashionista_0091.png,0,0,4,koclip_xgb
6386,fashionista_0091.png,2,1,4,koclip_xgb
6387,fashionista_0091.png,4,1,4,koclip_xgb
6388,fashionista_0091.png,3,3,4,koclip_xgb
6389,fashionista_0091.png,0,0,4,koclip_xgb
6390,fashionista_0091.png,0,0,4,koclip_xgb
6391,fashionista_0091.png,0,1,4,koclip_xgb
6392,fashionista_0091.png,4,4,4,koclip_xgb
6393,fashionista_0091.png,4,1,4,koclip_xgb
6394,fashionista_0091.png,4,4,4,koclip_xgb
6395,fashionista_0091.png,1,4,4,koclip_xgb
6426,fashionista_0099.png,0,1,4,koclip_xgb
6427,fashionista_0099.png,3,2,4,koclip_xgb
6428,fashionista_0099.png,4,3,4,koclip_xgb
6429,fashionista_0099.png,3,3,4,koclip_xgb
6430,fashionista_0099.png,3,3,4,koclip_xgb
6431,fashionista_0099.png,3,3,4,koclip_xgb
6432,fashionista_0099.png,3,2,4,koclip_xgb
6433,fashionista_0099.png,1,4,4,koclip_xgb
6434,fashionista_0099.png,1,4,4,koclip_xgb
6435,fashionista_0099.png,3,3,4,koclip_xgb
6436,fashionista_0099.png,3,3,4,koclip_xgb
6437,fashionista_0099.png,1,4,4,koclip_xgb
6507,neungsohwa_0009.png,4,4,4,koclip_xgb
6508,neungsohwa_0009.png,4,4,4,koclip_xgb
6509,neungsohwa_0009.png,2,3,4,koclip_xgb
6512,neungsohwa_0013.png,4,4,4,koclip_xgb
6513,neungsohwa_0013.png,4,3,4,koclip_xgb
6514,neungsohwa_0013.png,0,0,4,koclip_xgb
6515,neungsohwa_0013.png,3,2,4,koclip_xgb
6516,neungsohwa_0013.png,4,4,4,koclip_xgb
6560,neungsohwa_0022.png,4,4,4,koclip_xgb
6561,neungsohwa_0022.png,4,4,4,koclip_xgb
6562,neungsohwa_0022.png,0,2,4,koclip_xgb
6563,neungsohwa_0024.png,4,4,4,koclip_xgb
6564,neungsohwa_0024.png,4,1,4,koclip_xgb
6565,neungsohwa_0024.png,4,1,4,koclip_xgb
6566,neungsohwa_0024.png,4,4,4,koclip_xgb
6567,neungsohwa_0024.png,2,3,4,koclip_xgb
6568,neungsohwa_0024.png,3,4,4,koclip_xgb
6569,neungsohwa_0024.png,1,4,4,koclip_xgb
6570,neungsohwa_0024.png,1,1,4,koclip_xgb
6580,neungsohwa_0028.png,4,4,4,koclip_xgb
6616,neungsohwa_0043.png,1,1,4,koclip_xgb
6617,neungsohwa_0043.png,4,4,4,koclip_xgb
6618,neungsohwa_0043.png,4,4,4,koclip_xgb
6619,neungsohwa_0043.png,3,2,4,koclip_xgb
6710,neungsohwa_0069.png,4,4,4,koclip_xgb
6711,neungsohwa_0069.png,1,1,4,koclip_xgb
6712,neungsohwa_0069.png,1,4,4,koclip_xgb
6719,neungsohwa_0075.png,1,4,4,koclip_xgb
6720,neungsohwa_0075.png,4,4,4,koclip_xgb
6769,neungsohwa_0090.png,4,4,4,koclip_xgb
6770,neungsohwa_0090.png,4,4,4,koclip_xgb
6771,neungsohwa_0090.png,3,3,4,koclip_xgb
6772,neungsohwa_0090.png,0,4,4,koclip_xgb
6778,neungsohwa_0093.png,4,4,4,koclip_xgb
6779,neungsohwa_0093.png,4,4,4,koclip_xgb
6780,neungsohwa_0093.png,4,2,4,koclip_xgb
6781,neungsohwa_0093.png,4,4,4,koclip_xgb
6782,neungsohwa_0093.png,4,4,4,koclip_xgb
6839,danpung_0005.png,4,4,4,koclip_xgb
6840,danpung_0005.png,4,3,4,koclip_xgb
6841,danpung_0006.png,2,3,4,koclip_xgb
6842,danpung_0006.png,3,3,4,koclip_xgb
6911,danpung_0021.png,4,1,4,koclip_xgb
6912,danpung_0021.png,0,4,4,koclip_xgb
6913,danpung_0021.png,3,1,4,koclip_xgb
6914,danpung_0021.png,4,4,4,koclip_xgb
6915,danpung_0021.png,3,3,4,koclip_xgb
6971,danpung_0033.png,3,3,4,koclip_xgb
6972,danpung_0033.png,2,3,4,koclip_xgb
6973,danpung_0033.png,4,2,4,koclip_xgb
6974,danpung_0033.png,3,2,4,koclip_xgb
6975,danpung_0033.png,4,4,4,koclip_xgb
6976,danpung_0033.png,3,2,4,koclip_xgb
6977,danpung_0033.png,3,3,4,koclip_xgb
6978,danpung_0033.png,2,2,4,koclip_xgb
6979,danpung_0033.png,4,4,4,koclip_xgb
6980,danpung_0033.png,4,1,4,koclip_xgb
6988,danpung_0036.png,4,4,4,koclip_xgb
6989,danpung_0036.png,4,4,4,koclip_xgb
6990,danpung_0036.png,4,4,4,koclip_xgb
6991,danpung_0036.png,1,3,4,koclip_xgb
7044,danpung_0043.png,4,4,4,koclip_xgb
7045,danpung_0043.png,2,3,4,koclip_xgb
7046,danpung_0043.png,1,4,4,koclip_xgb
7047,danpung_0043.png,1,1,4,koclip_xgb
7048,danpung_0043.png,1,0,4,koclip_xgb
7049,danpung_0043.png,4,4,4,koclip_xgb
7050,danpung_0043.png,2,3,4,koclip_xgb
7075,danpung_0054.png,0,0,4,koclip_xgb
7193,danpung_0072.png,1,4,4,koclip_xgb
7194,danpung_0072.png,1,4,4,koclip_xgb
7195,danpung_0072.png,4,4,4,koclip_xgb
7200,danpung_0076.png,4,1,4,koclip_xgb
7259,danpung_0088.png,3,3,4,koclip_xgb
7260,danpung_0088.png,2,2,4,koclip_xgb
7261,danpung_0088.png,4,3,4,koclip_xgb
7270,danpung_0093.png,4,4,4,koclip_xgb
7271,danpung_0093.png,3,1,4,koclip_xgb
7296,cherryblossom_0005.png,4,2,4,koclip_xgb
7306,cherryblossom_0012.png,3,3,4,koclip_xgb
7317,cherryblossom_0018.png,4,4,4,koclip_xgb
7318,cherryblossom_0018.png,0,3,4,koclip_xgb
7331,cherryblossom_0025.png,0,4,4,koclip_xgb
7332,cherryblossom_0025.png,0,4,4,koclip_xgb
7333,cherryblossom_0025.png,1,3,4,koclip_xgb
7334,cherryblossom_0025.png,1,3,4,koclip_xgb
7335,cherryblossom_0025.png,1,1,4,koclip_xgb
7336,cherryblossom_0025.png,0,4,4,koclip_xgb
7337,cherryblossom_0025.png,0,4,4,koclip_xgb
7338,cherryblossom_0025.png,0,3,4,koclip_xgb
7339,cherryblossom_0025.png,2,1,4,koclip_xgb
7340,cherryblossom_0025.png,1,3,4,koclip_xgb
7341,cherryblossom_0025.png,0,4,4,koclip_xgb
7342,cherryblossom_0025.png,0,4,4,koclip_xgb
7343,cherryblossom_0025.png,1,4,4,koclip_xgb
7344,cherryblossom_0025.png,1,3,4,koclip_xgb
7345,cherryblossom_0025.png,0,4,4,koclip_xgb
7346,cherryblossom_0025.png,1,3,4,koclip_xgb
7347,cherryblossom_0025.png,1,1,4,koclip_xgb
7348,cherryblossom_0025.png,1,2,4,koclip_xgb
7349,cherryblossom_0025.png,1,3,4,koclip_xgb
7350,cherryblossom_0025.png,1,3,4,koclip_xgb
7359,cherryblossom_0028.png,1,1,4,koclip_xgb
7360,cherryblossom_0028.png,4,4,4,koclip_xgb
7361,cherryblossom_0028.png,2,4,4,koclip_xgb
7410,cherryblossom_0040.png,0,0,4,koclip_xgb
7411,cherryblossom_0040.png,0,0,4,koclip_xgb
7412,cherryblossom_0040.png,0,0,4,koclip_xgb
7413,cherryblossom_0040.png,0,4,4,koclip_xgb
7414,cherryblossom_0040.png,1,0,4,koclip_xgb
7419,cherryblossom_0043.png,4,3,4,koclip_xgb
7420,cherryblossom_0043.png,1,1,4,koclip_xgb
7421,cherryblossom_0043.png,1,1,4,koclip_xgb
7422,cherryblossom_0043.png,4,4,4,koclip_xgb
7423,cherryblossom_0043.png,4,4,4,koclip_xgb
7424,cherryblossom_0044.png,4,4,4,koclip_xgb
7425,cherryblossom_0044.png,4,4,4,koclip_xgb
7426,cherryblossom_0044.png,3,4,4,koclip_xgb
7427,cherryblossom_0044.png,1,2,4,koclip_xgb
7469,cherryblossom_0055.png,3,0,4,koclip_xgb
7470,cherryblossom_0055.png,2,0,4,koclip_xgb
7471,cherryblossom_0055.png,2,4,4,koclip_xgb
7472,cherryblossom_0055.png,1,1,4,koclip_xgb
7518,cherryblossom_0069.png,4,4,4,koclip_xgb
7519,cherryblossom_0069.png,3,3,4,koclip_xgb
7532,cherryblossom_0079.png,4,1,4,koclip_xgb
7533,cherryblossom_0079.png,4,2,4,koclip_xgb
7534,cherryblossom_0079.png,3,2,4,koclip_xgb
7535,cherryblossom_0079.png,3,3,4,koclip_xgb
7536,cherryblossom_0079.png,3,4,4,koclip_xgb
7537,cherryblossom_0079.png,4,4,4,koclip_xgb
7538,cherryblossom_0079.png,3,2,4,koclip_xgb
7539,cherryblossom_0079.png,4,4,4,koclip_xgb
7540,cherryblossom_0079.png,4,4,4,koclip_xgb
7541,cherryblossom_0079.png,4,1,4,koclip_xgb
7542,cherryblossom_0079.png,4,4,4,koclip_xgb
7543,cherryblossom_0079.png,3,4,4,koclip_xgb
7544,cherryblossom_0079.png,3,3,4,koclip_xgb
7550,cherryblossom_0082.png,1,1,4,koclip_xgb
7551,cherryblossom_0082.png,1,1,4,koclip_xgb
7552,cherryblossom_0082.png,4,4,4,koclip_xgb
7553,cherryblossom_0082.png,4,4,4,koclip_xgb
7591,cherryblossom_0095.png,3,2,4,koclip_xgb
7592,cherryblossom_0095.png,4,4,4,koclip_xgb
7593,cherryblossom_0095.png,4,4,4,koclip_xgb
7594,cherryblossom_0096.png,4,1,4,koclip_xgb
7595,cherryblossom_0096.png,3,1,4,koclip_xgb
7596,cherryblossom_0096.png,4,4,4,koclip_xgb
7597,cherryblossom_0096.png,4,1,4,koclip_xgb
7598,cherryblossom_0096.png,2,1,4,koclip_xgb
7634,kpop_0002.png,3,3,4,koclip_xgb
7635,kpop_0002.png,4,3,4,koclip_xgb
7636,kpop_0002.png,4,4,4,koclip_xgb
7637,kpop_0002.png,1,4,4,koclip_xgb
7638,kpop_0002.png,1,4,4,koclip_xgb
7709,kpop_0012.png,4,4,4,koclip_xgb
7710,kpop_0012.png,4,4,4,koclip_xgb
7711,kpop_0012.png,4,3,4,koclip_xgb
7712,kpop_0012.png,4,1,4,koclip_xgb
7713,kpop_0012.png,4,3,4,koclip_xgb
7714,kpop_0012.png,4,3,4,koclip_xgb
7715,kpop_0012.png,1,2,4,koclip_xgb
7778,kpop_0025.png,4,1,4,koclip_xgb
7779,kpop_0025.png,4,4,4,koclip_xgb
7780,kpop_0025.png,4,3,4,koclip_xgb
7781,kpop_0025.png,3,1,4,koclip_xgb
7782,kpop_0025.png,3,1,4,koclip_xgb
7783,kpop_0025.png,4,4,4,koclip_xgb
7784,kpop_0025.png,1,4,4,koclip_xgb
7785,kpop_0025.png,1,4,4,koclip_xgb
7786,kpop_0025.png,1,4,4,koclip_xgb
7787,kpop_0025.png,1,4,4,koclip_xgb
7788,kpop_0025.png,1,4,4,koclip_xgb
7789,kpop_0025.png,1,1,4,koclip_xgb
7790,kpop_0025.png,1,4,4,koclip_xgb
7791,kpop_0025.png,1,4,4,koclip_xgb
7792,kpop_0025.png,2,4,4,koclip_xgb
7793,kpop_0025.png,2,1,4,koclip_xgb
7794,kpop_0025.png,2,1,4,koclip_xgb
7795,kpop_0025.png,1,4,4,koclip_xgb
7796,kpop_0025.png,1,3,4,koclip_xgb
7797,kpop_0025.png,3,3,4,koclip_xgb
7798,kpop_0025.png,3,4,4,koclip_xgb
7799,kpop_0025.png,2,2,4,koclip_xgb
7833,kpop_0032.png,4,4,4,koclip_xgb
7834,kpop_0032.png,4,4,4,koclip_xgb
7835,kpop_0032.png,4,4,4,koclip_xgb
7836,kpop_0032.png,4,4,4,koclip_xgb
7837,kpop_0032.png,4,4,4,koclip_xgb
7838,kpop_0032.png,4,3,4,koclip_xgb
7839,kpop_0032.png,3,3,4,koclip_xgb
7840,kpop_0032.png,3,1,4,koclip_xgb
7841,kpop_0032.png,2,1,4,koclip_xgb
7842,kpop_0032.png,2,4,4,koclip_xgb
7843,kpop_0032.png,3,3,4,koclip_xgb
7844,kpop_0032.png,3,4,4,koclip_xgb
7845,kpop_0032.png,2,4,4,koclip_xgb
7846,kpop_0033.png,4,4,4,koclip_xgb
7847,kpop_0033.png,3,1,4,koclip_xgb
7848,kpop_0033.png,2,4,4,koclip_xgb
7889,kpop_0039.png,4,4,4,koclip_xgb
7890,kpop_0039.png,4,4,4,koclip_xgb
7891,kpop_0039.png,4,4,4,koclip_xgb
7892,kpop_0039.png,4,4,4,koclip_xgb
7893,kpop_0039.png,3,3,4,koclip_xgb
7894,kpop_0039.png,2,3,4,koclip_xgb
7895,kpop_0039.png,4,1,4,koclip_xgb
7950,kpop_0045.png,4,4,4,koclip_xgb
7951,kpop_0045.png,4,4,4,koclip_xgb
7952,kpop_0045.png,4,4,4,koclip_xgb
7953,kpop_0045.png,4,4,4,koclip_xgb
7954,kpop_0045.png,4,4,4,koclip_xgb
7955,kpop_0045.png,1,1,4,koclip_xgb
7956,kpop_0045.png,1,3,4,koclip_xgb
7957,kpop_0045.png,2,2,4,koclip_xgb
7958,kpop_0045.png,1,1,4,koclip_xgb
7959,kpop_0045.png,1,1,4,koclip_xgb
7960,kpop_0045.png,2,1,4,koclip_xgb
7961,kpop_0045.png,2,4,4,koclip_xgb
7962,kpop_0045.png,4,4,4,koclip_xgb
7963,kpop_0045.png,4,4,4,koclip_xgb
7964,kpop_0045.png,4,3,4,koclip_xgb
7965,kpop_0045.png,3,3,4,koclip_xgb
7993,kpop_0048.png,4,4,4,koclip_xgb
7994,kpop_0048.png,4,4,4,koclip_xgb
7995,kpop_0048.png,3,1,4,koclip_xgb
7996,kpop_0048.png,3,4,4,koclip_xgb
7997,kpop_0048.png,3,3,4,koclip_xgb
7998,kpop_0049.png,4,4,4,koclip_xgb
7999,kpop_0049.png,4,1,4,koclip_xgb
8000,kpop_0049.png,4,4,4,koclip_xgb
8001,kpop_0049.png,4,4,4,koclip_xgb
8002,kpop_0049.png,3,3,4,koclip_xgb
8003,kpop_0049.png,4,3,4,koclip_xgb
8004,kpop_0049.png,4,1,4,koclip_xgb
8005,kpop_0049.png,4,3,4,koclip_xgb
8006,kpop_0049.png,4,3,4,koclip_xgb
8007,kpop_0049.png,4,3,4,koclip_xgb
8008,kpop_0049.png,4,4,4,koclip_xgb
8009,kpop_0049.png,2,2,4,koclip_xgb
8010,kpop_0049.png,2,3,4,koclip_xgb
8021,kpop_0053.png,0,1,4,koclip_xgb
8022,kpop_0053.png,0,1,4,koclip_xgb
8023,kpop_0053.png,0,4,4,koclip_xgb
8024,kpop_0053.png,1,3,4,koclip_xgb
8025,kpop_0053.png,3,3,4,koclip_xgb
8026,kpop_0054.png,1,4,4,koclip_xgb
8027,kpop_0054.png,1,4,4,koclip_xgb
8028,kpop_0054.png,1,1,4,koclip_xgb
8029,kpop_0054.png,2,3,4,koclip_xgb
8030,kpop_0054.png,0,1,4,koclip_xgb
8048,kpop_0056.png,4,4,4,koclip_xgb
8049,kpop_0056.png,2,1,4,koclip_xgb
8050,kpop_0056.png,3,4,4,koclip_xgb
8051,kpop_0056.png,4,1,4,koclip_xgb
8052,kpop_0056.png,3,4,4,koclip_xgb
8053,kpop_0056.png,4,1,4,koclip_xgb
8054,kpop_0056.png,4,3,4,koclip_xgb
8055,kpop_0056.png,4,4,4,koclip_xgb
8056,kpop_0056.png,4,4,4,koclip_xgb
8057,kpop_0056.png,3,3,4,koclip_xgb
8058,kpop_0056.png,3,4,4,koclip_xgb
8059,kpop_0056.png,4,3,4,koclip_xgb
8060,kpop_0056.png,4,3,4,koclip_xgb
8061,kpop_0056.png,3,3,4,koclip_xgb
8062,kpop_0056.png,3,4,4,koclip_xgb
8063,kpop_0056.png,2,2,4,koclip_xgb
8064,kpop_0056.png,2,2,4,koclip_xgb
8065,kpop_0057.png,0,4,4,koclip_xgb
8066,kpop_0057.png,0,4,4,koclip_xgb
8067,kpop_0057.png,0,4,4,koclip_xgb
8068,kpop_0057.png,3,3,4,koclip_xgb
8069,kpop_0057.png,0,4,4,koclip_xgb
8079,kpop_0060.png,4,3,4,koclip_xgb
8080,kpop_0060.png,4,4,4,koclip_xgb
8081,kpop_0060.png,4,4,4,koclip_xgb
8082,kpop_0060.png,3,3,4,koclip_xgb
8151,kpop_0071.png,0,4,4,koclip_xgb
8152,kpop_0071.png,0,1,4,koclip_xgb
8153,kpop_0071.png,0,3,4,koclip_xgb
8154,kpop_0071.png,0,4,4,koclip_xgb
8155,kpop_0071.png,1,3,4,koclip_xgb
8199,kpop_0077.png,1,3,4,koclip_xgb
8200,kpop_0077.png,3,3,4,koclip_xgb
8201,kpop_0077.png,3,1,4,koclip_xgb
8202,kpop_0077.png,3,3,4,koclip_xgb
8203,kpop_0077.png,4,4,4,koclip_xgb
8204,kpop_0077.png,4,1,4,koclip_xgb
8205,kpop_0077.png,4,4,4,koclip_xgb
8206,kpop_0077.png,3,1,4,koclip_xgb
8207,kpop_0077.png,4,1,4,koclip_xgb
8208,kpop_0077.png,4,3,4,koclip_xgb
8209,kpop_0077.png,3,3,4,koclip_xgb
8210,kpop_0077.png,2,1,4,koclip_xgb
8211,kpop_0077.png,1,3,4,koclip_xgb
8212,kpop_0077.png,3,4,4,koclip_xgb
8213,kpop_0077.png,4,4,4,koclip_xgb
8218,kpop_0079.png,4,4,4,koclip_xgb
8219,kpop_0079.png,4,4,4,koclip_xgb
8220,kpop_0079.png,3,3,4,koclip_xgb
8221,kpop_0079.png,4,4,4,koclip_xgb
8222,kpop_0079.png,4,4,4,koclip_xgb
8236,kpop_0082.png,4,4,4,koclip_xgb
8237,kpop_0082.png,4,4,4,koclip_xgb
8238,kpop_0082.png,3,4,4,koclip_xgb
8239,kpop_0082.png,4,3,4,koclip_xgb
8240,kpop_0082.png,3,3,4,koclip_xgb
8241,kpop_0082.png,3,3,4,koclip_xgb
8242,kpop_0082.png,3,3,4,koclip_xgb
8243,kpop_0082.png,3,1,4,koclip_xgb
8244,kpop_0082.png,4,1,4,koclip_xgb
8245,kpop_0082.png,2,4,4,koclip_xgb
8246,kpop_0082.png,1,1,4,koclip_xgb
8263,kpop_0087.png,4,4,4,koclip_xgb
8264,kpop_0087.png,4,3,4,koclip_xgb
8265,kpop_0087.png,3,1,4,koclip_xgb
8266,kpop_0087.png,3,3,4,koclip_xgb
8267,kpop_0087.png,3,3,4,koclip_xgb
8268,kpop_0087.png,1,0,4,koclip_xgb
8269,kpop_0087.png,2,1,4,koclip_xgb
8270,kpop_0087.png,1,4,4,koclip_xgb
8385,spotify_0002.png,1,4,4,koclip_xgb
8386,spotify_0002.png,0,4,4,koclip_xgb
8387,spotify_0002.png,0,4,4,koclip_xgb
8388,spotify_0002.png,0,4,4,koclip_xgb
8400,spotify_0008.png,3,2,4,koclip_xgb
8401,spotify_0008.png,4,4,4,koclip_xgb
8402,spotify_0008.png,4,3,4,koclip_xgb
8403,spotify_0008.png,3,2,4,koclip_xgb
8404,spotify_0008.png,2,2,4,koclip_xgb
8421,spotify_0015.png,3,3,4,koclip_xgb
8422,spotify_0015.png,3,3,4,koclip_xgb
8423,spotify_0015.png,4,1,4,koclip_xgb
8424,spotify_0015.png,4,4,4,koclip_xgb
8450,spotify_0024.png,4,4,4,koclip_xgb
8451,spotify_0024.png,4,4,4,koclip_xgb
8452,spotify_0024.png,3,3,4,koclip_xgb
8453,spotify_0024.png,2,2,4,koclip_xgb
8483,spotify_0040.png,4,4,4,koclip_xgb
8484,spotify_0040.png,4,4,4,koclip_xgb
8485,spotify_0040.png,2,4,4,koclip_xgb
8486,spotify_0040.png,2,2,4,koclip_xgb
8558,spotify_0059.png,3,3,4,koclip_xgb
8559,spotify_0059.png,3,2,4,koclip_xgb
8560,spotify_0059.png,2,3,4,koclip_xgb
8561,spotify_0059.png,2,1,4,koclip_xgb
8562,spotify_0059.png,2,2,4,koclip_xgb
8588,spotify_0066.png,3,3,4,koclip_xgb
8589,spotify_0066.png,2,3,4,koclip_xgb
8590,spotify_0066.png,2,2,4,koclip_xgb
8591,spotify_0066.png,4,1,4,koclip_xgb
8592,spotify_0066.png,4,4,4,koclip_xgb
8599,spotify_0072.png,4,3,4,koclip_xgb
8600,spotify_0072.png,3,4,4,koclip_xgb
8601,spotify_0072.png,1,1,4,koclip_xgb
8602,spotify_0072.png,3,4,4,koclip_xgb
8603,spotify_0072.png,4,4,4,koclip_xgb
8633,spotify_0089.png,1,1,4,koclip_xgb
8634,spotify_0089.png,3,3,4,koclip_xgb
8635,spotify_0089.png,2,4,4,koclip_xgb
8636,spotify_0089.png,2,3,4,koclip_xgb
8637,spotify_0089.png,2,3,4,koclip_xgb
8638,spotify_0093.png,4,4,4,koclip_xgb
8639,spotify_0093.png,4,4,4,koclip_xgb
8640,spotify_0093.png,4,4,4,koclip_xgb
8641,spotify_0093.png,1,3,4,koclip_xgb
8642,spotify_0093.png,1,4,4,koclip_xgb
8643,spotify_0093.png,1,4,4,koclip_xgb
8644,spotify_0093.png,0,4,4,koclip_xgb
8645,spotify_0093.png,0,3,4,koclip_xgb
8646,spotify_0093.png,3,4,4,koclip_xgb
8647,spotify_0093.png,0,4,4,koclip_xgb
8648,spotify_0093.png,3,4,4,koclip_xgb
8649,spotify_0093.png,3,3,4,koclip_xgb
8655,spotify_0095.png,2,2,4,koclip_xgb
8656,spotify_0095.png,3,1,4,koclip_xgb
8657,spotify_0095.png,3,2,4,koclip_xgb
8658,spotify_0095.png,2,2,4,koclip_xgb
8659,spotify_0095.png,4,4,4,koclip_xgb
8680,netflix_0002.png,4,1,4,koclip_xgb
8681,netflix_0002.png,1,4,4,koclip_xgb
8682,netflix_0002.png,1,4,4,koclip_xgb
8683,netflix_0002.png,0,1,4,koclip_xgb
8684,netflix_0002.png,1,4,4,koclip_xgb
8690,netflix_0004.png,4,4,4,koclip_xgb
8691,netflix_0004.png,4,4,4,koclip_xgb
8692,netflix_0004.png,4,4,4,koclip_xgb
8693,netflix_0004.png,3,2,4,koclip_xgb
8694,netflix_0004.png,3,2,4,koclip_xgb
8695,netflix_0004.png,1,2,4,koclip_xgb
8696,netflix_0004.png,2,2,4,koclip_xgb
8697,netflix_0004.png,1,4,4,koclip_xgb
8698,netflix_0004.png,1,2,4,koclip_xgb
8699,netflix_0004.png,1,2,4,koclip_xgb
8704,netflix_0006.png,3,3,4,koclip_xgb
8705,netflix_0006.png,0,4,4,koclip_xgb
8706,netflix_0006.png,0,4,4,koclip_xgb
8707,netflix_0006.png,1,1,4,koclip_xgb
8708,netflix_0006.png,1,1,4,koclip_xgb
8727,netflix_0013.png,4,4,4,koclip_xgb
8772,netflix_0021.png,1,4,4,koclip_xgb
8773,netflix_0021.png,1,4,4,koclip_xgb
8774,netflix_0021.png,1,2,4,koclip_xgb
8800,netflix_0031.png,4,4,4,koclip_xgb
8801,netflix_0031.png,3,4,4,koclip_xgb
8802,netflix_0031.png,3,4,4,koclip_xgb
8803,netflix_0031.png,4,4,4,koclip_xgb
8804,netflix_0031.png,3,4,4,koclip_xgb
8805,netflix_0031.png,3,4,4,koclip_xgb
8806,netflix_0031.png,2,1,4,koclip_xgb
8809,netflix_0034.png,2,1,4,koclip_xgb
8810,netflix_0034.png,4,4,4,koclip_xgb
8811,netflix_0034.png,1,1,4,koclip_xgb
8812,netflix_0034.png,3,3,4,koclip_xgb
8813,netflix_0034.png,3,3,4,koclip_xgb
8826,netflix_0038.png,4,4,4,koclip_xgb
8827,netflix_0038.png,1,1,4,koclip_xgb
8828,netflix_0038.png,1,4,4,koclip_xgb
8829,netflix_0038.png,4,3,4,koclip_xgb
8830,netflix_0038.png,0,4,4,koclip_xgb
8848,netflix_0042.png,4,4,4,koclip_xgb
8849,netflix_0042.png,2,2,4,koclip_xgb
8850,netflix_0042.png,1,1,4,koclip_xgb
8867,netflix_0048.png,4,4,4,koclip_xgb
8868,netflix_0048.png,3,4,4,koclip_xgb
8869,netflix_0048.png,3,4,4,koclip_xgb
8870,netflix_0048.png,2,1,4,koclip_xgb
8871,netflix_0048.png,2,4,4,koclip_xgb
8957,netflix_0068.png,4,2,4,koclip_xgb
8958,netflix_0068.png,2,1,4,koclip_xgb
8959,netflix_0068.png,4,4,4,koclip_xgb
8960,netflix_0068.png,4,4,4,koclip_xgb
8966,netflix_0070.png,4,4,4,koclip_xgb
8967,netflix_0070.png,4,4,4,koclip_xgb
8968,netflix_0070.png,4,4,4,koclip_xgb
9022,netflix_0092.png,1,1,4,koclip_xgb
9023,netflix_0092.png,4,4,4,koclip_xgb
9024,netflix_0092.png,1,4,4,koclip_xgb
9025,netflix_0093.png,1,4,4,koclip_xgb
9026,netflix_0093.png,3,3,4,koclip_xgb
9027,netflix_0093.png,1,4,4,koclip_xgb
9028,netflix_0093.png,4,4,4,koclip_xgb
9029,netflix_0093.png,2,1,4,koclip_xgb
9030,netflix_0095.png,4,4,4,koclip_xgb
9031,netflix_0095.png,3,4,4,koclip_xgb
9032,netflix_0095.png,4,4,4,koclip_xgb
9033,netflix_0095.png,4,1,4,koclip_xgb
9034,netflix_0095.png,4,4,4,koclip_xgb
9035,netflix_0095.png,1,2,4,koclip_xgb
9036,netflix_0096.png,2,4,4,koclip_xgb
9037,netflix_0096.png,0,4,4,koclip_xgb
9038,netflix_0096.png,1,4,4,koclip_xgb
9147,apple_0026.png,4,4,4,koclip_xgb
9148,apple_0026.png,4,4,4,koclip_xgb
9149,apple_0026.png,3,4,4,koclip_xgb
9150,apple_0026.png,4,4,4,koclip_xgb
9151,apple_0026.png,4,4,4,koclip_xgb
9152,apple_0026.png,4,4,4,koclip_xgb
9153,apple_0026.png,1,2,4,koclip_xgb
9184,apple_0040.png,4,4,4,koclip_xgb
9185,apple_0040.png,4,4,4,koclip_xgb
9186,apple_0040.png,4,4,4,koclip_xgb
9187,apple_0040.png,4,4,4,koclip_xgb
9188,apple_0041.png,4,4,4,koclip_xgb
9189,apple_0041.png,4,4,4,koclip_xgb
9190,apple_0041.png,4,4,4,koclip_xgb
9191,apple_0041.png,3,3,4,koclip_xgb
9192,apple_0041.png,4,4,4,koclip_xgb
9193,apple_0042.png,4,4,4,koclip_xgb
9194,apple_0042.png,3,4,4,koclip_xgb
9195,apple_0042.png,2,4,4,koclip_xgb
9196,apple_0042.png,0,4,4,koclip_xgb
9197,apple_0042.png,2,4,4,koclip_xgb
9208,apple_0047.png,4,4,4,koclip_xgb
9209,apple_0047.png,4,4,4,koclip_xgb
9210,apple_0047.png,3,4,4,koclip_xgb
9211,apple_0047.png,2,4,4,koclip_xgb
9212,apple_0047.png,3,4,4,koclip_xgb
9213,apple_0047.png,4,4,4,koclip_xgb
9223,apple_0050.png,4,4,4,koclip_xgb
9224,apple_0050.png,4,4,4,koclip_xgb
9225,apple_0050.png,4,4,4,koclip_xgb
9226,apple_0050.png,2,3,4,koclip_xgb
9227,apple_0050.png,4,4,4,koclip_xgb
9232,apple_0052.png,4,4,4,koclip_xgb
9233,apple_0052.png,4,4,4,koclip_xgb
9234,apple_0052.png,4,4,4,koclip_xgb
9235,apple_0052.png,4,4,4,koclip_xgb
9236,apple_0052.png,4,4,4,koclip_xgb
9237,apple_0055.png,4,1,4,koclip_xgb
9238,apple_0055.png,3,1,4,koclip_xgb
9239,apple_0055.png,4,0,4,koclip_xgb
9240,apple_0055.png,4,4,4,koclip_xgb
9241,apple_0055.png,3,4,4,koclip_xgb
9344,apple_0097.png,4,4,4,koclip_xgb
9345,apple_0097.png,4,4,4,koclip_xgb
9346,apple_0098.png,4,4,4,koclip_xgb
9347,apple_0098.png,4,4,4,koclip_xgb
9348,apple_0098.png,1,1,4,koclip_xgb
9349,apple_0098.png,2,4,4,koclip_xgb
9350,apple_0098.png,3,3,4,koclip_xgb
9379,galaxy_0007.png,4,4,4,koclip_xgb
9380,galaxy_0007.png,1,4,4,koclip_xgb
9381,galaxy_0007.png,0,4,4,koclip_xgb
9382,galaxy_0007.png,1,1,4,koclip_xgb
9383,galaxy_0007.png,1,1,4,koclip_xgb
9384,galaxy_0007.png,4,4,4,koclip_xgb
9424,galaxy_0018.png,1,1,4,koclip_xgb
9425,galaxy_0018.png,1,1,4,koclip_xgb
9426,galaxy_0018.png,1,1,4,koclip_xgb
9447,galaxy_0023.png,4,4,4,koclip_xgb
9448,galaxy_0023.png,1,4,4,koclip_xgb
9449,galaxy_0023.png,1,3,4,koclip_xgb
9450,galaxy_0023.png,2,3,4,koclip_xgb
9451,galaxy_0023.png,2,4,4,koclip_xgb
9452,galaxy_0025.png,1,4,4,koclip_xgb
9453,galaxy_0025.png,1,3,4,koclip_xgb
9454,galaxy_0025.png,4,4,4,koclip_xgb
9455,galaxy_0025.png,4,4,4,koclip_xgb
9456,galaxy_0025.png,2,2,4,koclip_xgb
9487,galaxy_0028.png,0,0,4,koclip_xgb
9488,galaxy_0028.png,2,1,4,koclip_xgb
9489,galaxy_0028.png,4,4,4,koclip_xgb
9490,galaxy_0028.png,3,4,4,koclip_xgb
9491,galaxy_0028.png,1,1,4,koclip_xgb
9532,galaxy_0035.png,4,4,4,koclip_xgb
9533,galaxy_0035.png,3,3,4,koclip_xgb
9540,galaxy_0039.png,4,4,4,koclip_xgb
9541,galaxy_0039.png,4,4,4,koclip_xgb
9542,galaxy_0039.png,4,2,4,koclip_xgb
9543,galaxy_0039.png,3,4,4,koclip_xgb
9544,galaxy_0039.png,4,4,4,koclip_xgb
9596,galaxy_0061.png,2,3,4,koclip_xgb
9597,galaxy_0061.png,3,4,4,koclip_xgb
9598,galaxy_0061.png,4,1,4,koclip_xgb
9599,galaxy_0061.png,1,1,4,koclip_xgb
9600,galaxy_0061.png,3,4,4,koclip_xgb
9601,galaxy_0063.png,4,4,4,koclip_xgb
9602,galaxy_0063.png,4,4,4,koclip_xgb
9603,galaxy_0063.png,4,4,4,koclip_xgb
9604,galaxy_0063.png,4,4,4,koclip_xgb
9605,galaxy_0063.png,3,4,4,koclip_xgb
9606,galaxy_0063.png,1,4,4,koclip_xgb
9607,galaxy_0063.png,1,4,4,koclip_xgb
9608,galaxy_0063.png,0,4,4,koclip_xgb
9609,galaxy_0063.png,4,4,4,koclip_xgb
9610,galaxy_0063.png,3,2,4,koclip_xgb
9611,galaxy_0063.png,3,4,4,koclip_xgb
9637,galaxy_0070.png,4,4,4,koclip_xgb
9638,galaxy_0070.png,4,4,4,koclip_xgb
9639,galaxy_0070.png,3,3,4,koclip_xgb
9640,galaxy_0070.png,3,1,4,koclip_xgb
9644,galaxy_0073.png,4,4,4,koclip_xgb
9645,galaxy_0073.png,4,4,4,koclip_xgb
9646,galaxy_0073.png,4,4,4,koclip_xgb
9647,galaxy_0073.png,4,4,4,koclip_xgb
9648,galaxy_0073.png,4,4,4,koclip_xgb
9649,galaxy_0073.png,4,4,4,koclip_xgb
9650,galaxy_0073.png,1,2,4,koclip_xgb
9651,galaxy_0073.png,1,1,4,koclip_xgb
9652,galaxy_0073.png,0,1,4,koclip_xgb
9662,galaxy_0077.png,0,0,4,koclip_xgb
9663,galaxy_0077.png,3,1,4,koclip_xgb
9664,galaxy_0077.png,4,4,4,koclip_xgb
9665,galaxy_0077.png,4,4,4,koclip_xgb
9666,galaxy_0077.png,1,1,4,koclip_xgb
9667,galaxy_0078.png,2,4,4,koclip_xgb
9668,galaxy_0078.png,3,1,4,koclip_xgb
9669,galaxy_0078.png,1,0,4,koclip_xgb
9670,galaxy_0078.png,0,1,4,koclip_xgb
9671,galaxy_0078.png,4,3,4,koclip_xgb
9672,galaxy_0078.png,2,1,4,koclip_xgb
9673,galaxy_0078.png,2,4,4,koclip_xgb
9674,galaxy_0078.png,0,4,4,koclip_xgb
9683,galaxy_0081.png,4,4,4,koclip_xgb
9684,galaxy_0081.png,4,4,4,koclip_xgb
9685,galaxy_0081.png,4,4,4,koclip_xgb
9686,galaxy_0081.png,4,4,4,koclip_xgb
9687,galaxy_0081.png,4,4,4,koclip_xgb
9688,galaxy_0081.png,1,4,4,koclip_xgb
9689,galaxy_0081.png,1,4,4,koclip_xgb
9690,galaxy_0081.png,1,4,4,koclip_xgb
9691,galaxy_0081.png,4,4,4,koclip_xgb
9692,galaxy_0081.png,2,2,4,koclip_xgb
9693,galaxy_0081.png,3,3,4,koclip_xgb
9695,galaxy_0083.png,3,3,4,koclip_xgb
9696,galaxy_0083.png,1,1,4,koclip_xgb
9697,galaxy_0083.png,4,4,4,koclip_xgb
9698,galaxy_0083.png,4,4,4,koclip_xgb
9779,iphone16_0001.png,4,2,4,koclip_xgb
9780,iphone16_0001.png,3,3,4,koclip_xgb
9781,iphone16_0001.png,3,3,4,koclip_xgb
9782,iphone16_0001.png,1,4,4,koclip_xgb
9783,iphone16_0001.png,2,2,4,koclip_xgb
9784,iphone16_0001.png,3,3,4,koclip_xgb
9785,iphone16_0001.png,0,1,4,koclip_xgb
9786,iphone16_0001.png,0,1,4,koclip_xgb
9787,iphone16_0001.png,0,0,4,koclip_xgb
9788,iphone16_0001.png,0,1,4,koclip_xgb
9789,iphone16_0001.png,1,3,4,koclip_xgb
9790,iphone16_0001.png,0,2,4,koclip_xgb
9791,iphone16_0001.png,0,1,4,koclip_xgb
9792,iphone16_0001.png,0,0,4,koclip_xgb
9793,iphone16_0001.png,0,0,4,koclip_xgb
9794,iphone16_0001.png,0,0,4,koclip_xgb
9795,iphone16_0001.png,0,0,4,koclip_xgb
9796,iphone16_0001.png,0,0,4,koclip_xgb
9797,iphone16_0001.png,0,0,4,koclip_xgb
9798,iphone16_0001.png,0,0,4,koclip_xgb
9799,iphone16_0001.png,0,0,4,koclip_xgb
9800,iphone16_0001.png,1,4,4,koclip_xgb
9801,iphone16_0001.png,1,1,4,koclip_xgb
9802,iphone16_0001.png,2,3,4,koclip_xgb
9803,iphone16_0001.png,2,3,4,koclip_xgb
9804,iphone16_0001.png,2,2,4,koclip_xgb
9805,iphone16_0001.png,2,0,4,koclip_xgb
9806,iphone16_0001.png,1,3,4,koclip_xgb
9807,iphone16_0002.png,1,4,4,koclip_xgb
9808,iphone16_0002.png,4,4,4,koclip_xgb
9809,iphone16_0002.png,3,4,4,koclip_xgb
9810,iphone16_0002.png,2,4,4,koclip_xgb
9811,iphone16_0002.png,2,4,4,koclip_xgb
9849,iphone16_0010.png,4,4,4,koclip_xgb
9850,iphone16_0010.png,0,0,4,koclip_xgb
9851,iphone16_0010.png,0,4,4,koclip_xgb
9868,iphone16_0014.png,0,4,4,koclip_xgb
9869,iphone16_0014.png,4,4,4,koclip_xgb
9870,iphone16_0014.png,2,1,4,koclip_xgb
9871,iphone16_0014.png,4,4,4,koclip_xgb
9876,iphone16_0016.png,4,4,4,koclip_xgb
9877,iphone16_0016.png,4,4,4,koclip_xgb
9878,iphone16_0016.png,1,4,4,koclip_xgb
9879,iphone16_0016.png,1,4,4,koclip_xgb
9880,iphone16_0016.png,3,4,4,koclip_xgb
9881,iphone16_0017.png,4,4,4,koclip_xgb
9882,iphone16_0017.png,4,4,4,koclip_xgb
9884,iphone16_0020.png,1,4,4,koclip_xgb
9885,iphone16_0020.png,0,4,4,koclip_xgb
9886,iphone16_0020.png,1,1,4,koclip_xgb
9887,iphone16_0020.png,2,4,4,koclip_xgb
9888,iphone16_0020.png,2,1,4,koclip_xgb
9889,iphone16_0022.png,4,4,4,koclip_xgb
9890,iphone16_0022.png,1,4,4,koclip_xgb
9891,iphone16_0022.png,1,1,4,koclip_xgb
9892,iphone16_0022.png,0,1,4,koclip_xgb
9893,iphone16_0022.png,3,3,4,koclip_xgb
9911,iphone16_0032.png,3,1,4,koclip_xgb
9912,iphone16_0032.png,4,0,4,koclip_xgb
9913,iphone16_0032.png,3,4,4,koclip_xgb
9914,iphone16_0032.png,4,4,4,koclip_xgb
9915,iphone16_0032.png,4,4,4,koclip_xgb
9916,iphone16_0032.png,4,4,4,koclip_xgb
9917,iphone16_0032.png,4,4,4,koclip_xgb
9918,iphone16_0032.png,3,4,4,koclip_xgb
9938,iphone16_0039.png,0,4,4,koclip_xgb
9973,iphone16_0048.png,4,4,4,koclip_xgb
9974,iphone16_0048.png,4,4,4,koclip_xgb
9975,iphone16_0048.png,0,4,4,koclip_xgb
9976,iphone16_0048.png,1,1,4,koclip_xgb
9977,iphone16_0048.png,2,4,4,koclip_xgb
9983,iphone16_0051.png,1,4,4,koclip_xgb
9984,iphone16_0051.png,4,4,4,koclip_xgb
9985,iphone16_0051.png,2,1,4,koclip_xgb
9986,iphone16_0051.png,2,1,4,koclip_xgb
9987,iphone16_0051.png,0,1,4,koclip_xgb
9988,iphone16_0052.png,4,4,4,koclip_xgb
9989,iphone16_0052.png,1,4,4,koclip_xgb
9990,iphone16_0052.png,1,4,4,koclip_xgb
9991,iphone16_0052.png,0,4,4,koclip_xgb
9992,iphone16_0052.png,3,4,4,koclip_xgb
9998,iphone16_0054.png,1,1,4,koclip_xgb
9999,iphone16_0054.png,4,4,4,koclip_xgb
10000,iphone16_0054.png,4,1,4,koclip_xgb
10001,iphone16_0054.png,2,4,4,koclip_xgb
10043,iphone16_0063.png,4,4,4,koclip_xgb
10044,iphone16_0063.png,4,1,4,koclip_xgb
10045,iphone16_0063.png,3,3,4,koclip_xgb
10046,iphone16_0063.png,1,4,4,koclip_xgb
10047,iphone16_0063.png,1,3,4,koclip_xgb
10053,iphone16_0065.png,4,4,4,koclip_xgb
10054,iphone16_0065.png,4,4,4,koclip_xgb
10126,iphone16_0079.png,1,4,4,koclip_xgb
10127,iphone16_0079.png,1,4,4,koclip_xgb
10128,iphone16_0079.png,4,4,4,koclip_xgb
10129,iphone16_0079.png,0,4,4,koclip_xgb
10130,iphone16_0079.png,0,4,4,koclip_xgb
10131,iphone16_0079.png,0,4,4,koclip_xgb
10132,iphone16_0079.png,0,4,4,koclip_xgb
10133,iphone16_0079.png,3,4,4,koclip_xgb
10134,iphone16_0079.png,1,4,4,koclip_xgb
10135,iphone16_0079.png,4,4,4,koclip_xgb
10136,iphone16_0079.png,4,4,4,koclip_xgb
10137,iphone16_0079.png,4,4,4,koclip_xgb
10138,iphone16_0079.png,3,4,4,koclip_xgb
10139,iphone16_0079.png,4,4,4,koclip_xgb
10140,iphone16_0079.png,4,3,4,koclip_xgb
10141,iphone16_0079.png,4,3,4,koclip_xgb
10142,iphone16_0079.png,4,4,4,koclip_xgb
10143,iphone16_0079.png,3,4,4,koclip_xgb
10144,iphone16_0079.png,4,4,4,koclip_xgb
10145,iphone16_0079.png,0,4,4,koclip_xgb
10146,iphone16_0079.png,0,4,4,koclip_xgb
10147,iphone16_0079.png,0,4,4,koclip_xgb
10148,iphone16_0079.png,2,3,4,koclip_xgb
10149,iphone16_0079.png,3,4,4,koclip_xgb
10150,iphone16_0079.png,0,4,4,koclip_xgb
10151,iphone16_0079.png,3,4,4,koclip_xgb
10157,iphone16_0081.png,0,4,4,koclip_xgb
10158,iphone16_0081.png,2,4,4,koclip_xgb
10159,iphone16_0081.png,3,4,4,koclip_xgb
10160,iphone16_0081.png,4,4,4,koclip_xgb
10161,iphone16_0081.png,4,4,4,koclip_xgb
10182,iphone16_0086.png,3,1,4,koclip_xgb
10183,iphone16_0086.png,4,4,4,koclip_xgb
10184,iphone16_0086.png,3,4,4,koclip_xgb
10185,iphone16_0086.png,2,3,4,koclip_xgb
10186,iphone16_0086.png,2,4,4,koclip_xgb
10187,iphone16_0086.png,2,4,4,koclip_xgb
10188,iphone16_0086.png,1,4,4,koclip_xgb
10189,iphone16_0088.png,4,4,4,koclip_xgb
10190,iphone16_0088.png,4,4,4,koclip_xgb
10191,iphone16_0088.png,4,4,4,koclip_xgb
10192,iphone16_0088.png,3,3,4,koclip_xgb
10193,iphone16_0088.png,4,4,4,koclip_xgb
10199,iphone16_0090.png,1,2,4,koclip_xgb
10200,iphone16_0090.png,4,4,4,koclip_xgb
10247,iphone16_0097.png,4,4,4,koclip_xgb
10248,iphone16_0097.png,4,4,4,koclip_xgb
10249,iphone16_0097.png,3,4,4,koclip_xgb
10250,iphone16_0097.png,4,4,4,koclip_xgb
10251,iphone16_0097.png,2,4,4,koclip_xgb
10252,iphone16_0098.png,4,4,4,koclip_xgb
10253,iphone16_0098.png,0,4,4,koclip_xgb
10254,iphone16_0098.png,3,4,4,koclip_xgb
10255,iphone16_0098.png,0,4,4,koclip_xgb
10256,iphone16_0098.png,4,4,4,koclip_xgb
10273,healthstagram_0006.png,3,3,4,koclip_xgb
10408,healthstagram_0027.png,0,1,4,koclip_xgb
10698,healthstagram_0091.png,1,3,4,koclip_xgb
10699,healthstagram_0091.png,4,4,4,koclip_xgb
10700,healthstagram_0091.png,0,1,4,koclip_xgb
10701,healthstagram_0091.png,0,1,4,koclip_xgb
10702,healthstagram_0091.png,1,1,4,koclip_xgb
10703,healthstagram_0091.png,2,2,4,koclip_xgb
10704,healthstagram_0091.png,0,1,4,koclip_xgb
10705,healthstagram_0091.png,0,1,4,koclip_xgb
10706,healthstagram_0091.png,0,0,4,koclip_xgb
10707,healthstagram_0091.png,0,0,4,koclip_xgb
10708,healthstagram_0091.png,0,1,4,koclip_xgb
10709,healthstagram_0091.png,0,1,4,koclip_xgb
10710,healthstagram_0091.png,0,1,4,koclip_xgb
10711,healthstagram_0091.png,0,1,4,koclip_xgb
10712,healthstagram_0091.png,2,2,4,koclip_xgb
10713,healthstagram_0091.png,0,3,4,koclip_xgb
10714,healthstagram_0091.png,4,2,4,koclip_xgb
10715,healthstagram_0091.png,4,4,4,koclip_xgb
10716,healthstagram_0091.png,4,4,4,koclip_xgb
10717,healthstagram_0091.png,3,4,4,koclip_xgb
10718,healthstagram_0091.png,3,2,4,koclip_xgb
10719,healthstagram_0091.png,0,0,4,koclip_xgb
10720,healthstagram_0091.png,1,1,4,koclip_xgb
10721,healthstagram_0091.png,0,1,4,koclip_xgb
10722,healthstagram_0091.png,1,2,4,koclip_xgb
10723,healthstagram_0091.png,0,1,4,koclip_xgb
10724,healthstagram_0091.png,0,0,4,koclip_xgb
10725,healthstagram_0091.png,3,3,4,koclip_xgb
10726,healthstagram_0091.png,0,1,4,koclip_xgb
10727,healthstagram_0091.png,0,1,4,koclip_xgb
10763,healthstagram_0095.png,4,3,4,koclip_xgb
10764,healthstagram_0095.png,4,4,4,koclip_xgb
10765,healthstagram_0095.png,4,4,4,koclip_xgb
10766,healthstagram_0095.png,3,1,4,koclip_xgb
10767,healthstagram_0095.png,4,4,4,koclip_xgb
10768,healthstagram_0095.png,4,4,4,koclip_xgb
10769,healthstagram_0095.png,4,4,4,koclip_xgb
10770,healthstagram_0095.png,0,1,4,koclip_xgb
10771,healthstagram_0095.png,0,1,4,koclip_xgb
10772,healthstagram_0095.png,4,4,4,koclip_xgb
10773,healthstagram_0095.png,4,4,4,koclip_xgb
10774,healthstagram_0095.png,1,1,4,koclip_xgb
10775,healthstagram_0095.png,0,1,4,koclip_xgb
10776,healthstagram_0095.png,4,4,4,koclip_xgb
10777,healthstagram_0095.png,4,4,4,koclip_xgb
10852,ounwan_0014.png,1,1,4,koclip_xgb
10853,ounwan_0014.png,3,3,4,koclip_xgb
10854,ounwan_0014.png,0,4,4,koclip_xgb
10855,ounwan_0014.png,4,4,4,koclip_xgb
10856,ounwan_0014.png,4,4,4,koclip_xgb
10857,ounwan_0014.png,4,4,4,koclip_xgb
10858,ounwan_0014.png,4,4,4,koclip_xgb
10859,ounwan_0014.png,4,3,4,koclip_xgb
10860,ounwan_0014.png,2,2,4,koclip_xgb
10861,ounwan_0014.png,3,3,4,koclip_xgb
10862,ounwan_0014.png,2,2,4,koclip_xgb
10863,ounwan_0014.png,1,0,4,koclip_xgb
10864,ounwan_0014.png,0,3,4,koclip_xgb
10865,ounwan_0014.png,2,2,4,koclip_xgb
10866,ounwan_0014.png,2,2,4,koclip_xgb
10867,ounwan_0014.png,2,2,4,koclip_xgb
10868,ounwan_0014.png,3,2,4,koclip_xgb
10869,ounwan_0014.png,3,3,4,koclip_xgb
10870,ounwan_0014.png,2,3,4,koclip_xgb
10871,ounwan_0014.png,2,4,4,koclip_xgb
10872,ounwan_0014.png,2,2,4,koclip_xgb
10873,ounwan_0014.png,2,4,4,koclip_xgb
10874,ounwan_0014.png,4,4,4,koclip_xgb
10875,ounwan_0014.png,0,1,4,koclip_xgb
10876,ounwan_0014.png,1,2,4,koclip_xgb
10877,ounwan_0014.png,1,1,4,koclip_xgb
10878,ounwan_0014.png,3,2,4,koclip_xgb
10879,ounwan_0014.png,1,1,4,koclip_xgb
10880,ounwan_0014.png,2,2,4,koclip_xgb
10881,ounwan_0014.png,2,2,4,koclip_xgb
10936,ounwan_0021.png,4,3,4,koclip_xgb
10976,ounwan_0038.png,4,4,4,koclip_xgb
10977,ounwan_0038.png,3,3,4,koclip_xgb
10978,ounwan_0038.png,4,4,4,koclip_xgb
10979,ounwan_0038.png,2,2,4,koclip_xgb
10980,ounwan_0038.png,0,4,4,koclip_xgb
10981,ounwan_0038.png,4,4,4,koclip_xgb
10982,ounwan_0038.png,1,2,4,koclip_xgb
10983,ounwan_0038.png,3,3,4,koclip_xgb
10984,ounwan_0038.png,3,3,4,koclip_xgb
10985,ounwan_0038.png,1,3,4,koclip_xgb
10986,ounwan_0038.png,2,2,4,koclip_xgb
10987,ounwan_0038.png,4,2,4,koclip_xgb
10988,ounwan_0038.png,2,2,4,koclip_xgb
10989,ounwan_0038.png,2,2,4,koclip_xgb
10990,ounwan_0038.png,0,4,4,koclip_xgb
10991,ounwan_0038.png,2,2,4,koclip_xgb
10992,ounwan_0038.png,0,1,4,koclip_xgb
10993,ounwan_0038.png,0,1,4,koclip_xgb
10994,ounwan_0038.png,4,1,4,koclip_xgb
10995,ounwan_0038.png,4,1,4,koclip_xgb
10996,ounwan_0038.png,0,1,4,koclip_xgb
10997,ounwan_0038.png,0,1,4,koclip_xgb
10998,ounwan_0038.png,4,4,4,koclip_xgb
10999,ounwan_0038.png,4,4,4,koclip_xgb
11000,ounwan_0038.png,3,4,4,koclip_xgb
11001,ounwan_0038.png,0,0,4,koclip_xgb
11002,ounwan_0038.png,0,2,4,koclip_xgb
11004,ounwan_0042.png,4,3,4,koclip_xgb
11029,ounwan_0044.png,3,3,4,koclip_xgb
11030,ounwan_0044.png,4,4,4,koclip_xgb
11031,ounwan_0044.png,3,2,4,koclip_xgb
11032,ounwan_0044.png,2,2,4,koclip_xgb
11033,ounwan_0044.png,2,3,4,koclip_xgb
11034,ounwan_0044.png,3,4,4,koclip_xgb
11035,ounwan_0044.png,3,3,4,koclip_xgb
11036,ounwan_0044.png,3,1,4,koclip_xgb
11037,ounwan_0044.png,1,3,4,koclip_xgb
11038,ounwan_0044.png,2,2,4,koclip_xgb
11039,ounwan_0044.png,4,4,4,koclip_xgb
11040,ounwan_0044.png,2,2,4,koclip_xgb
11041,ounwan_0044.png,0,0,4,koclip_xgb
11042,ounwan_0044.png,1,0,4,koclip_xgb
11043,ounwan_0044.png,3,4,4,koclip_xgb
11044,ounwan_0044.png,1,1,4,koclip_xgb
11045,ounwan_0047.png,3,3,4,koclip_xgb
11046,ounwan_0047.png,3,4,4,koclip_xgb
11047,ounwan_0047.png,4,4,4,koclip_xgb
11048,ounwan_0047.png,1,4,4,koclip_xgb
11049,ounwan_0049.png,4,3,4,koclip_xgb
11050,ounwan_0049.png,1,4,4,koclip_xgb
11051,ounwan_0049.png,4,4,4,koclip_xgb
11052,ounwan_0049.png,0,0,4,koclip_xgb
11053,ounwan_0049.png,3,2,4,koclip_xgb
11054,ounwan_0049.png,4,2,4,koclip_xgb
11055,ounwan_0049.png,3,4,4,koclip_xgb
11056,ounwan_0049.png,4,4,4,koclip_xgb
11057,ounwan_0049.png,3,3,4,koclip_xgb
11058,ounwan_0049.png,4,4,4,koclip_xgb
11059,ounwan_0049.png,2,3,4,koclip_xgb
11060,ounwan_0049.png,2,3,4,koclip_xgb
11061,ounwan_0049.png,0,1,4,koclip_xgb
11062,ounwan_0049.png,2,2,4,koclip_xgb
11063,ounwan_0049.png,4,4,4,koclip_xgb
11064,ounwan_0049.png,0,1,4,koclip_xgb
11066,ounwan_0053.png,3,3,4,koclip_xgb
11067,ounwan_0053.png,2,2,4,koclip_xgb
11068,ounwan_0053.png,4,4,4,koclip_xgb
11069,ounwan_0053.png,4,3,4,koclip_xgb
11070,ounwan_0053.png,4,4,4,koclip_xgb
11071,ounwan_0053.png,3,1,4,koclip_xgb
11072,ounwan_0053.png,2,1,4,koclip_xgb
11073,ounwan_0053.png,4,4,4,koclip_xgb
11074,ounwan_0053.png,4,2,4,koclip_xgb
11075,ounwan_0053.png,4,4,4,koclip_xgb
11076,ounwan_0053.png,2,2,4,koclip_xgb
11077,ounwan_0053.png,3,2,4,koclip_xgb
11078,ounwan_0053.png,1,0,4,koclip_xgb
11079,ounwan_0053.png,1,4,4,koclip_xgb
11080,ounwan_0053.png,1,4,4,koclip_xgb
11081,ounwan_0053.png,1,1,4,koclip_xgb
11082,ounwan_0053.png,0,0,4,koclip_xgb
11083,ounwan_0053.png,0,0,4,koclip_xgb
11084,ounwan_0053.png,1,1,4,koclip_xgb
11085,ounwan_0053.png,0,1,4,koclip_xgb
11086,ounwan_0053.png,4,1,4,koclip_xgb
11087,ounwan_0053.png,4,4,4,koclip_xgb
11088,ounwan_0053.png,2,2,4,koclip_xgb
11089,ounwan_0053.png,1,0,4,koclip_xgb
11090,ounwan_0053.png,0,0,4,koclip_xgb
11091,ounwan_0053.png,0,0,4,koclip_xgb
11092,ounwan_0053.png,1,1,4,koclip_xgb
11093,ounwan_0053.png,0,1,4,koclip_xgb
11094,ounwan_0053.png,1,1,4,koclip_xgb
11096,ounwan_0056.png,3,1,4,koclip_xgb
11097,ounwan_0056.png,1,1,4,koclip_xgb
11098,ounwan_0056.png,1,1,4,koclip_xgb
11099,ounwan_0056.png,1,1,4,koclip_xgb
11100,ounwan_0056.png,4,1,4,koclip_xgb
11101,ounwan_0056.png,1,1,4,koclip_xgb
11102,ounwan_0056.png,1,1,4,koclip_xgb
11103,ounwan_0056.png,1,1,4,koclip_xgb
11104,ounwan_0056.png,4,4,4,koclip_xgb
11105,ounwan_0056.png,4,4,4,koclip_xgb
11106,ounwan_0056.png,0,0,4,koclip_xgb
11107,ounwan_0056.png,0,0,4,koclip_xgb
11108,ounwan_0056.png,0,2,4,koclip_xgb
11109,ounwan_0056.png,0,0,4,koclip_xgb
11110,ounwan_0056.png,1,1,4,koclip_xgb
11111,ounwan_0056.png,1,1,4,koclip_xgb
11112,ounwan_0056.png,2,2,4,koclip_xgb
11113,ounwan_0056.png,1,1,4,koclip_xgb
11114,ounwan_0056.png,2,2,4,koclip_xgb
11115,ounwan_0056.png,0,1,4,koclip_xgb
11116,ounwan_0056.png,2,2,4,koclip_xgb
11117,ounwan_0056.png,3,4,4,koclip_xgb
11118,ounwan_0056.png,2,2,4,koclip_xgb
11119,ounwan_0056.png,3,3,4,koclip_xgb
11133,ounwan_0058.png,1,3,4,koclip_xgb
11134,ounwan_0058.png,0,1,4,koclip_xgb
11185,ounwan_0066.png,3,3,4,koclip_xgb
11216,ounwan_0072.png,4,4,4,koclip_xgb
11217,ounwan_0072.png,3,3,4,koclip_xgb
11360,ounwan_0092.png,3,2,4,koclip_xgb
11361,ounwan_0092.png,4,3,4,koclip_xgb
11435,dietfood_0006.png,4,4,4,koclip_xgb
11436,dietfood_0006.png,3,4,4,koclip_xgb
11437,dietfood_0006.png,3,2,4,koclip_xgb
11438,dietfood_0006.png,4,2,4,koclip_xgb
11439,dietfood_0006.png,4,4,4,koclip_xgb
11445,dietfood_0008.png,4,4,4,koclip_xgb
11446,dietfood_0008.png,4,3,4,koclip_xgb
11447,dietfood_0008.png,3,2,4,koclip_xgb
11448,dietfood_0008.png,4,4,4,koclip_xgb
11449,dietfood_0008.png,4,4,4,koclip_xgb
11459,dietfood_0012.png,4,4,4,koclip_xgb
11460,dietfood_0012.png,3,4,4,koclip_xgb
11461,dietfood_0012.png,4,2,4,koclip_xgb
11462,dietfood_0012.png,4,2,4,koclip_xgb
11463,dietfood_0012.png,3,3,4,koclip_xgb
11469,dietfood_0014.png,4,4,4,koclip_xgb
11470,dietfood_0014.png,2,4,4,koclip_xgb
11471,dietfood_0014.png,3,4,4,koclip_xgb
11472,dietfood_0014.png,3,3,4,koclip_xgb
11473,dietfood_0014.png,1,4,4,koclip_xgb
11474,dietfood_0014.png,4,4,4,koclip_xgb
11475,dietfood_0014.png,1,4,4,koclip_xgb
11476,dietfood_0014.png,2,2,4,koclip_xgb
11514,dietfood_0024.png,1,3,4,koclip_xgb
11515,dietfood_0024.png,1,4,4,koclip_xgb
11516,dietfood_0024.png,0,0,4,koclip_xgb
11517,dietfood_0024.png,0,0,4,koclip_xgb
11518,dietfood_0024.png,0,0,4,koclip_xgb
11529,dietfood_0026.png,4,3,4,koclip_xgb
11530,dietfood_0026.png,4,3,4,koclip_xgb
11531,dietfood_0026.png,3,3,4,koclip_xgb
11532,dietfood_0026.png,2,3,4,koclip_xgb
11533,dietfood_0026.png,3,4,4,koclip_xgb
11534,dietfood_0026.png,2,2,4,koclip_xgb
11535,dietfood_0026.png,1,2,4,koclip_xgb
11536,dietfood_0026.png,4,4,4,koclip_xgb
11537,dietfood_0026.png,1,3,4,koclip_xgb
11538,dietfood_0026.png,2,3,4,koclip_xgb
11539,dietfood_0026.png,3,4,4,koclip_xgb
11540,dietfood_0026.png,2,4,4,koclip_xgb
11541,dietfood_0026.png,3,3,4,koclip_xgb
11542,dietfood_0026.png,4,3,4,koclip_xgb
11543,dietfood_0026.png,3,3,4,koclip_xgb
11544,dietfood_0026.png,4,3,4,koclip_xgb
11545,dietfood_0026.png,4,3,4,koclip_xgb
11546,dietfood_0026.png,1,3,4,koclip_xgb
11547,dietfood_0026.png,1,3,4,koclip_xgb
11548,dietfood_0026.png,0,3,4,koclip_xgb
11650,dietfood_0045.png,4,4,4,koclip_xgb
11651,dietfood_0045.png,4,2,4,koclip_xgb
11652,dietfood_0045.png,3,4,4,koclip_xgb
11653,dietfood_0045.png,4,4,4,koclip_xgb
11654,dietfood_0045.png,3,2,4,koclip_xgb
11688,dietfood_0053.png,3,4,4,koclip_xgb
11689,dietfood_0053.png,3,3,4,koclip_xgb
11690,dietfood_0053.png,4,3,4,koclip_xgb
11691,dietfood_0053.png,2,2,4,koclip_xgb
11692,dietfood_0053.png,2,3,4,koclip_xgb
11693,dietfood_0053.png,1,2,4,koclip_xgb
11694,dietfood_0053.png,3,3,4,koclip_xgb
11695,dietfood_0053.png,3,4,4,koclip_xgb
11701,dietfood_0055.png,4,4,4,koclip_xgb
11702,dietfood_0055.png,4,4,4,koclip_xgb
11703,dietfood_0055.png,4,4,4,koclip_xgb
11704,dietfood_0055.png,2,4,4,koclip_xgb
11705,dietfood_0055.png,4,3,4,koclip_xgb
11738,dietfood_0061.png,3,3,4,koclip_xgb
11739,dietfood_0061.png,3,4,4,koclip_xgb
11740,dietfood_0061.png,3,2,4,koclip_xgb
11741,dietfood_0061.png,3,4,4,koclip_xgb
11742,dietfood_0061.png,3,2,4,koclip_xgb
11743,dietfood_0061.png,1,4,4,koclip_xgb
11744,dietfood_0061.png,2,2,4,koclip_xgb
11745,dietfood_0061.png,3,3,4,koclip_xgb
11746,dietfood_0061.png,4,4,4,koclip_xgb
11747,dietfood_0061.png,3,4,4,koclip_xgb
11748,dietfood_0061.png,3,2,4,koclip_xgb
11749,dietfood_0061.png,2,2,4,koclip_xgb
11750,dietfood_0061.png,4,4,4,koclip_xgb
11751,dietfood_0061.png,2,3,4,koclip_xgb
11752,dietfood_0061.png,2,2,4,koclip_xgb
11753,dietfood_0061.png,3,2,4,koclip_xgb
11754,dietfood_0061.png,4,4,4,koclip_xgb
11760,dietfood_0063.png,4,2,4,koclip_xgb
11761,dietfood_0063.png,3,4,4,koclip_xgb
11762,dietfood_0063.png,4,4,4,koclip_xgb
11763,dietfood_0063.png,3,4,4,koclip_xgb
11764,dietfood_0063.png,2,4,4,koclip_xgb
11765,dietfood_0064.png,4,4,4,koclip_xgb
11766,dietfood_0064.png,4,4,4,koclip_xgb
11767,dietfood_0064.png,3,4,4,koclip_xgb
11768,dietfood_0064.png,4,4,4,koclip_xgb
11769,dietfood_0064.png,1,4,4,koclip_xgb
11770,dietfood_0064.png,2,4,4,koclip_xgb
11771,dietfood_0064.png,4,4,4,koclip_xgb
11772,dietfood_0064.png,1,3,4,koclip_xgb
11773,dietfood_0064.png,1,2,4,koclip_xgb
11774,dietfood_0065.png,4,4,4,koclip_xgb
11775,dietfood_0065.png,3,4,4,koclip_xgb
11776,dietfood_0065.png,3,4,4,koclip_xgb
11777,dietfood_0065.png,2,3,4,koclip_xgb
11778,dietfood_0065.png,3,2,4,koclip_xgb
11779,dietfood_0065.png,3,3,4,koclip_xgb
11780,dietfood_0065.png,4,4,4,koclip_xgb
11781,dietfood_0065.png,2,2,4,koclip_xgb
11782,dietfood_0065.png,3,4,4,koclip_xgb
11783,dietfood_0067.png,0,4,4,koclip_xgb
11784,dietfood_0067.png,0,4,4,koclip_xgb
11785,dietfood_0067.png,0,4,4,koclip_xgb
11786,dietfood_0067.png,0,3,4,koclip_xgb
11787,dietfood_0067.png,0,4,4,koclip_xgb
11818,dietfood_0071.png,4,4,4,koclip_xgb
11819,dietfood_0071.png,4,4,4,koclip_xgb
11820,dietfood_0071.png,4,4,4,koclip_xgb
11821,dietfood_0071.png,2,4,4,koclip_xgb
11822,dietfood_0071.png,3,2,4,koclip_xgb
11828,dietfood_0073.png,0,4,4,koclip_xgb
11829,dietfood_0073.png,3,3,4,koclip_xgb
11830,dietfood_0073.png,4,4,4,koclip_xgb
11831,dietfood_0073.png,1,4,4,koclip_xgb
11832,dietfood_0073.png,4,4,4,koclip_xgb
11833,dietfood_0074.png,1,0,4,koclip_xgb
11834,dietfood_0074.png,3,4,4,koclip_xgb
11835,dietfood_0074.png,3,4,4,koclip_xgb
11836,dietfood_0074.png,4,3,4,koclip_xgb
11837,dietfood_0074.png,2,3,4,koclip_xgb
11838,dietfood_0075.png,4,3,4,koclip_xgb
11839,dietfood_0075.png,4,4,4,koclip_xgb
11840,dietfood_0075.png,4,2,4,koclip_xgb
11841,dietfood_0075.png,3,2,4,koclip_xgb
11842,dietfood_0075.png,3,3,4,koclip_xgb
11843,dietfood_0075.png,4,4,4,koclip_xgb
11844,dietfood_0075.png,4,4,4,koclip_xgb
11845,dietfood_0075.png,3,3,4,koclip_xgb
11846,dietfood_0075.png,4,4,4,koclip_xgb
11847,dietfood_0075.png,4,4,4,koclip_xgb
11848,dietfood_0075.png,4,4,4,koclip_xgb
11849,dietfood_0075.png,4,4,4,koclip_xgb
11850,dietfood_0075.png,0,4,4,koclip_xgb
11851,dietfood_0075.png,2,2,4,koclip_xgb
11873,dietfood_0079.png,4,2,4,koclip_xgb
11874,dietfood_0079.png,4,4,4,koclip_xgb
11875,dietfood_0079.png,2,4,4,koclip_xgb
11876,dietfood_0079.png,4,4,4,koclip_xgb
11877,dietfood_0079.png,4,2,4,koclip_xgb
11878,dietfood_0080.png,4,4,4,koclip_xgb
11879,dietfood_0080.png,2,4,4,koclip_xgb
11880,dietfood_0080.png,4,4,4,koclip_xgb
11881,dietfood_0080.png,3,3,4,koclip_xgb
11882,dietfood_0080.png,2,2,4,koclip_xgb
11948,dietfood_0091.png,3,3,4,koclip_xgb
11949,dietfood_0091.png,4,1,4,koclip_xgb
11976,dietfood_0094.png,3,4,4,koclip_xgb
11977,dietfood_0094.png,1,4,4,koclip_xgb
11978,dietfood_0094.png,3,3,4,koclip_xgb
11979,dietfood_0094.png,2,4,4,koclip_xgb
12007,dietfood_0100.png,0,4,4,koclip_xgb
12008,dietfood_0100.png,1,4,4,koclip_xgb
12009,dietfood_0100.png,1,3,4,koclip_xgb
12010,dietfood_0100.png,2,3,4,koclip_xgb
12011,dietfood_0100.png,3,4,4,koclip_xgb
