sample_id,post_id,true_label,pred_label,fold,model
78,ai_0013.png,4,4,0,koclip_ft
79,ai_0013.png,4,2,0,koclip_ft
80,ai_0013.png,4,4,0,koclip_ft
81,ai_0013.png,4,4,0,koclip_ft
82,ai_0013.png,1,4,0,koclip_ft
83,ai_0013.png,1,4,0,koclip_ft
84,ai_0013.png,1,4,0,koclip_ft
85,ai_0013.png,2,2,0,koclip_ft
86,ai_0013.png,2,2,0,koclip_ft
87,ai_0013.png,1,3,0,koclip_ft
88,ai_0013.png,1,3,0,koclip_ft
112,ai_0015.png,3,4,0,koclip_ft
113,ai_0015.png,2,3,0,koclip_ft
114,ai_0015.png,2,4,0,koclip_ft
115,ai_0015.png,2,0,0,koclip_ft
116,ai_0015.png,3,2,0,koclip_ft
117,ai_0015.png,4,4,0,koclip_ft
118,ai_0015.png,4,4,0,koclip_ft
119,ai_0015.png,3,0,0,koclip_ft
120,ai_0015.png,0,0,0,koclip_ft
264,domesticTravel_0008.png,4,2,0,koclip_ft
265,domesticTravel_0008.png,4,3,0,koclip_ft
325,domesticTravel_0021.png,1,1,0,koclip_ft
326,domesticTravel_0021.png,1,3,0,koclip_ft
327,domesticTravel_0021.png,0,1,0,koclip_ft
328,domesticTravel_0021.png,4,3,0,koclip_ft
329,domesticTravel_0021.png,1,3,0,koclip_ft
330,domesticTravel_0021.png,3,3,0,koclip_ft
331,domesticTravel_0021.png,4,3,0,koclip_ft
332,domesticTravel_0021.png,4,4,0,koclip_ft
333,domesticTravel_0021.png,4,3,0,koclip_ft
334,domesticTravel_0021.png,4,1,0,koclip_ft
335,domesticTravel_0021.png,4,3,0,koclip_ft
336,domesticTravel_0021.png,1,3,0,koclip_ft
337,domesticTravel_0021.png,1,3,0,koclip_ft
338,domesticTravel_0021.png,0,3,0,koclip_ft
339,domesticTravel_0021.png,1,1,0,koclip_ft
340,domesticTravel_0021.png,3,1,0,koclip_ft
341,domesticTravel_0021.png,4,1,0,koclip_ft
342,domesticTravel_0021.png,1,1,0,koclip_ft
343,domesticTravel_0021.png,2,0,0,koclip_ft
344,domesticTravel_0021.png,3,2,0,koclip_ft
345,domesticTravel_0021.png,2,2,0,koclip_ft
346,fall_0001.png,4,4,0,koclip_ft
347,fall_0001.png,3,2,0,koclip_ft
348,fall_0001.png,3,3,0,koclip_ft
349,fall_0001.png,2,2,0,koclip_ft
350,fall_0001.png,0,1,0,koclip_ft
351,fall_0001.png,1,4,0,koclip_ft
352,fall_0001.png,4,1,0,koclip_ft
373,fall_0005.png,2,2,0,koclip_ft
374,fall_0005.png,2,2,0,koclip_ft
375,fall_0005.png,4,4,0,koclip_ft
376,fall_0005.png,1,4,0,koclip_ft
412,fall_0009.png,4,4,0,koclip_ft
413,fall_0009.png,4,2,0,koclip_ft
414,fall_0009.png,3,4,0,koclip_ft
415,fall_0009.png,3,4,0,koclip_ft
416,fall_0009.png,4,1,0,koclip_ft
469,fall_0014.png,4,4,0,koclip_ft
470,fall_0014.png,4,1,0,koclip_ft
471,fall_0014.png,4,1,0,koclip_ft
472,fall_0014.png,4,4,0,koclip_ft
473,fall_0014.png,4,0,0,koclip_ft
474,fall_0014.png,4,0,0,koclip_ft
475,fall_0014.png,3,3,0,koclip_ft
476,fall_0014.png,3,3,0,koclip_ft
477,fall_0014.png,2,4,0,koclip_ft
478,fall_0014.png,1,4,0,koclip_ft
479,fall_0014.png,2,1,0,koclip_ft
480,fall_0014.png,2,1,0,koclip_ft
481,fall_0014.png,2,0,0,koclip_ft
482,fall_0014.png,1,4,0,koclip_ft
483,fall_0014.png,2,4,0,koclip_ft
484,fall_0014.png,2,0,0,koclip_ft
485,fall_0014.png,1,4,0,koclip_ft
486,fall_0014.png,1,1,0,koclip_ft
487,fall_0014.png,1,3,0,koclip_ft
511,fall_0017.png,4,1,0,koclip_ft
512,fall_0017.png,4,4,0,koclip_ft
513,fall_0017.png,4,4,0,koclip_ft
514,fall_0017.png,4,4,0,koclip_ft
515,fall_0017.png,4,4,0,koclip_ft
516,fall_0017.png,4,0,0,koclip_ft
517,fall_0017.png,4,1,0,koclip_ft
518,fall_0017.png,2,2,0,koclip_ft
519,fall_0017.png,4,0,0,koclip_ft
520,fall_0017.png,4,4,0,koclip_ft
567,fashion_0002.png,4,4,0,koclip_ft
568,fashion_0002.png,4,4,0,koclip_ft
569,fashion_0002.png,4,4,0,koclip_ft
570,fashion_0002.png,4,4,0,koclip_ft
571,fashion_0002.png,3,4,0,koclip_ft
572,fashion_0002.png,1,4,0,koclip_ft
573,fashion_0002.png,4,4,0,koclip_ft
574,fashion_0002.png,4,0,0,koclip_ft
575,fashion_0002.png,4,0,0,koclip_ft
576,fashion_0002.png,4,4,0,koclip_ft
577,fashion_0002.png,4,3,0,koclip_ft
578,fashion_0002.png,3,3,0,koclip_ft
579,fashion_0002.png,4,3,0,koclip_ft
580,fashion_0002.png,4,4,0,koclip_ft
581,fashion_0002.png,4,3,0,koclip_ft
582,fashion_0002.png,3,3,0,koclip_ft
583,fashion_0002.png,3,3,0,koclip_ft
584,fashion_0002.png,3,3,0,koclip_ft
585,fashion_0002.png,4,4,0,koclip_ft
586,fashion_0002.png,4,1,0,koclip_ft
587,fashion_0002.png,4,0,0,koclip_ft
588,fashion_0002.png,4,0,0,koclip_ft
589,fashion_0003.png,4,0,0,koclip_ft
590,fashion_0003.png,4,4,0,koclip_ft
591,fashion_0003.png,1,4,0,koclip_ft
592,fashion_0003.png,3,4,0,koclip_ft
593,fashion_0003.png,3,4,0,koclip_ft
594,fashion_0003.png,4,4,0,koclip_ft
595,fashion_0003.png,1,4,0,koclip_ft
596,fashion_0003.png,1,4,0,koclip_ft
597,fashion_0003.png,4,3,0,koclip_ft
598,fashion_0003.png,4,3,0,koclip_ft
599,fashion_0003.png,2,2,0,koclip_ft
600,fashion_0003.png,3,3,0,koclip_ft
601,fashion_0003.png,3,3,0,koclip_ft
602,fashion_0003.png,3,1,0,koclip_ft
603,fashion_0003.png,2,2,0,koclip_ft
604,fashion_0005.png,3,1,0,koclip_ft
605,fashion_0005.png,4,0,0,koclip_ft
606,fashion_0005.png,3,0,0,koclip_ft
607,fashion_0005.png,2,2,0,koclip_ft
608,fashion_0005.png,3,0,0,koclip_ft
918,movie_0022.png,4,4,0,koclip_ft
919,movie_0022.png,0,3,0,koclip_ft
920,movie_0022.png,1,3,0,koclip_ft
921,movie_0022.png,0,3,0,koclip_ft
922,movie_0022.png,0,0,0,koclip_ft
923,movie_0022.png,0,0,0,koclip_ft
924,movie_0022.png,0,0,0,koclip_ft
925,movie_0022.png,0,4,0,koclip_ft
926,movie_0022.png,0,4,0,koclip_ft
927,movie_0022.png,0,4,0,koclip_ft
928,movie_0022.png,2,1,0,koclip_ft
929,movie_0022.png,0,4,0,koclip_ft
930,movie_0022.png,1,2,0,koclip_ft
931,movie_0022.png,4,3,0,koclip_ft
932,movie_0022.png,3,1,0,koclip_ft
933,movie_0022.png,4,3,0,koclip_ft
934,movie_0022.png,3,4,0,koclip_ft
997,olive_0011.png,2,2,0,koclip_ft
998,olive_0011.png,4,3,0,koclip_ft
999,olive_0011.png,2,2,0,koclip_ft
1000,olive_0011.png,3,3,0,koclip_ft
1001,olive_0011.png,2,3,0,koclip_ft
1002,olive_0011.png,4,4,0,koclip_ft
1003,olive_0011.png,1,1,0,koclip_ft
1004,olive_0011.png,1,1,0,koclip_ft
1005,olive_0011.png,4,1,0,koclip_ft
1006,olive_0011.png,3,3,0,koclip_ft
1007,olive_0011.png,2,2,0,koclip_ft
1008,olive_0011.png,1,1,0,koclip_ft
1009,olive_0011.png,1,1,0,koclip_ft
1010,olive_0011.png,1,1,0,koclip_ft
1011,olive_0011.png,1,1,0,koclip_ft
1012,olive_0011.png,2,2,0,koclip_ft
1013,olive_0011.png,0,1,0,koclip_ft
1014,olive_0011.png,2,2,0,koclip_ft
1015,olive_0011.png,1,3,0,koclip_ft
1016,olive_0011.png,1,1,0,koclip_ft
1017,olive_0011.png,3,4,0,koclip_ft
1018,olive_0012.png,4,4,0,koclip_ft
1038,olive_0015.png,4,1,0,koclip_ft
1039,olive_0015.png,4,4,0,koclip_ft
1040,olive_0015.png,2,3,0,koclip_ft
1041,olive_0015.png,3,1,0,koclip_ft
1042,olive_0015.png,3,3,0,koclip_ft
1043,olive_0015.png,3,1,0,koclip_ft
1044,olive_0015.png,1,1,0,koclip_ft
1045,olive_0015.png,1,1,0,koclip_ft
1046,olive_0015.png,2,1,0,koclip_ft
1047,olive_0015.png,1,1,0,koclip_ft
1048,olive_0015.png,2,1,0,koclip_ft
1049,olive_0015.png,2,1,0,koclip_ft
1050,olive_0015.png,1,1,0,koclip_ft
1051,olive_0015.png,1,1,0,koclip_ft
1052,olive_0015.png,3,2,0,koclip_ft
1053,olive_0015.png,1,4,0,koclip_ft
1054,olive_0015.png,3,3,0,koclip_ft
1055,olive_0015.png,3,3,0,koclip_ft
1056,olive_0015.png,3,2,0,koclip_ft
1057,olive_0015.png,2,2,0,koclip_ft
1058,olive_0015.png,2,2,0,koclip_ft
1059,olive_0015.png,2,2,0,koclip_ft
1060,olive_0015.png,2,2,0,koclip_ft
1061,olive_0015.png,2,2,0,koclip_ft
1161,restaurant_0009.png,4,1,0,koclip_ft
1162,restaurant_0009.png,1,4,0,koclip_ft
1163,restaurant_0009.png,3,2,0,koclip_ft
1164,restaurant_0009.png,2,2,0,koclip_ft
1165,restaurant_0009.png,0,3,0,koclip_ft
1166,restaurant_0009.png,1,4,0,koclip_ft
1167,restaurant_0010.png,4,4,0,koclip_ft
1168,restaurant_0010.png,4,4,0,koclip_ft
1169,restaurant_0010.png,3,0,0,koclip_ft
1177,restaurant_0013.png,1,0,0,koclip_ft
1178,restaurant_0013.png,1,1,0,koclip_ft
1179,restaurant_0013.png,4,4,0,koclip_ft
1180,restaurant_0013.png,4,1,0,koclip_ft
1181,restaurant_0013.png,3,3,0,koclip_ft
1182,restaurant_0013.png,3,1,0,koclip_ft
1183,restaurant_0013.png,3,3,0,koclip_ft
1184,restaurant_0013.png,3,1,0,koclip_ft
1185,restaurant_0013.png,4,1,0,koclip_ft
1186,restaurant_0013.png,4,1,0,koclip_ft
1187,restaurant_0013.png,4,4,0,koclip_ft
1188,restaurant_0013.png,4,4,0,koclip_ft
1189,restaurant_0013.png,4,0,0,koclip_ft
1190,restaurant_0013.png,4,4,0,koclip_ft
1191,restaurant_0013.png,4,0,0,koclip_ft
1192,restaurant_0013.png,4,1,0,koclip_ft
1193,restaurant_0013.png,4,0,0,koclip_ft
1194,restaurant_0013.png,4,1,0,koclip_ft
1195,restaurant_0013.png,4,1,0,koclip_ft
1196,restaurant_0013.png,3,4,0,koclip_ft
1197,restaurant_0013.png,3,0,0,koclip_ft
1198,restaurant_0013.png,1,1,0,koclip_ft
1199,restaurant_0013.png,2,3,0,koclip_ft
1200,restaurant_0013.png,4,3,0,koclip_ft
1201,restaurant_0013.png,2,3,0,koclip_ft
1202,restaurant_0013.png,1,0,0,koclip_ft
1203,restaurant_0013.png,2,3,0,koclip_ft
1204,restaurant_0013.png,3,3,0,koclip_ft
1205,restaurant_0013.png,3,3,0,koclip_ft
1206,restaurant_0013.png,1,1,0,koclip_ft
1208,restaurant_0016.png,1,1,0,koclip_ft
1209,restaurant_0016.png,1,4,0,koclip_ft
1210,restaurant_0016.png,2,2,0,koclip_ft
1211,restaurant_0016.png,4,4,0,koclip_ft
1212,restaurant_0016.png,4,4,0,koclip_ft
1213,restaurant_0016.png,0,0,0,koclip_ft
1214,restaurant_0016.png,0,4,0,koclip_ft
1215,restaurant_0016.png,0,4,0,koclip_ft
1216,restaurant_0016.png,3,3,0,koclip_ft
1217,restaurant_0016.png,3,3,0,koclip_ft
1218,restaurant_0017.png,4,4,0,koclip_ft
1219,restaurant_0017.png,4,4,0,koclip_ft
1220,restaurant_0017.png,3,3,0,koclip_ft
1221,restaurant_0017.png,4,4,0,koclip_ft
1222,restaurant_0017.png,4,1,0,koclip_ft
1223,restaurant_0017.png,4,1,0,koclip_ft
1224,restaurant_0017.png,3,1,0,koclip_ft
1225,restaurant_0017.png,3,3,0,koclip_ft
1226,restaurant_0017.png,2,3,0,koclip_ft
1227,restaurant_0017.png,3,3,0,koclip_ft
1228,restaurant_0017.png,3,1,0,koclip_ft
1229,restaurant_0017.png,3,3,0,koclip_ft
1230,restaurant_0017.png,3,3,0,koclip_ft
1231,restaurant_0017.png,4,3,0,koclip_ft
1232,restaurant_0017.png,2,3,0,koclip_ft
1233,restaurant_0017.png,3,3,0,koclip_ft
1234,restaurant_0017.png,0,0,0,koclip_ft
1235,restaurant_0017.png,1,1,0,koclip_ft
1236,restaurant_0017.png,1,4,0,koclip_ft
1237,restaurant_0017.png,1,4,0,koclip_ft
1238,restaurant_0017.png,1,0,0,koclip_ft
1239,restaurant_0017.png,1,1,0,koclip_ft
1240,restaurant_0017.png,1,1,0,koclip_ft
1241,restaurant_0017.png,1,1,0,koclip_ft
1346,zerokal_0002.png,4,4,0,koclip_ft
1347,zerokal_0002.png,4,4,0,koclip_ft
1348,zerokal_0002.png,4,4,0,koclip_ft
1349,zerokal_0002.png,3,3,0,koclip_ft
1350,zerokal_0002.png,2,3,0,koclip_ft
1351,zerokal_0002.png,2,3,0,koclip_ft
1432,zerokal_0009.png,3,3,0,koclip_ft
1433,zerokal_0009.png,4,1,0,koclip_ft
1434,zerokal_0009.png,4,4,0,koclip_ft
1447,zerokal_0012.png,4,3,0,koclip_ft
1448,zerokal_0012.png,3,3,0,koclip_ft
1449,zerokal_0012.png,4,3,0,koclip_ft
1450,zerokal_0012.png,4,3,0,koclip_ft
1451,zerokal_0012.png,4,3,0,koclip_ft
1518,travelgram_0005.png,4,4,0,koclip_ft
1519,travelgram_0005.png,4,0,0,koclip_ft
1520,travelgram_0005.png,4,0,0,koclip_ft
1521,travelgram_0005.png,4,4,0,koclip_ft
1522,travelgram_0005.png,2,0,0,koclip_ft
1523,travelgram_0010.png,4,2,0,koclip_ft
1524,travelgram_0011.png,2,0,0,koclip_ft
1613,travelgram_0023.png,2,2,0,koclip_ft
1614,travelgram_0023.png,2,3,0,koclip_ft
1615,travelgram_0023.png,0,0,0,koclip_ft
1616,travelgram_0023.png,3,4,0,koclip_ft
1617,travelgram_0023.png,4,2,0,koclip_ft
1618,travelgram_0024.png,4,3,0,koclip_ft
1619,travelgram_0024.png,4,0,0,koclip_ft
1620,travelgram_0024.png,4,0,0,koclip_ft
1621,travelgram_0024.png,3,2,0,koclip_ft
1622,travelgram_0024.png,4,3,0,koclip_ft
1623,travelgram_0024.png,3,3,0,koclip_ft
1624,travelgram_0024.png,4,1,0,koclip_ft
1625,travelgram_0024.png,2,0,0,koclip_ft
1626,travelgram_0024.png,3,3,0,koclip_ft
1627,travelgram_0024.png,2,2,0,koclip_ft
1628,travelgram_0024.png,4,4,0,koclip_ft
1629,travelgram_0024.png,3,3,0,koclip_ft
1652,travelgram_0038.png,4,3,0,koclip_ft
1653,travelgram_0038.png,4,2,0,koclip_ft
1654,travelgram_0038.png,4,3,0,koclip_ft
1655,travelgram_0038.png,3,3,0,koclip_ft
1656,travelgram_0038.png,3,3,0,koclip_ft
1657,travelgram_0040.png,4,0,0,koclip_ft
1658,travelgram_0040.png,4,3,0,koclip_ft
1659,travelgram_0040.png,4,0,0,koclip_ft
1660,travelgram_0040.png,1,3,0,koclip_ft
1661,travelgram_0040.png,1,0,0,koclip_ft
1662,travelgram_0040.png,3,0,0,koclip_ft
1663,travelgram_0040.png,4,4,0,koclip_ft
1664,travelgram_0040.png,3,2,0,koclip_ft
1665,travelgram_0040.png,2,3,0,koclip_ft
1666,travelgram_0040.png,2,2,0,koclip_ft
1667,travelgram_0040.png,1,2,0,koclip_ft
1668,travelgram_0040.png,2,4,0,koclip_ft
1669,travelgram_0040.png,4,2,0,koclip_ft
1670,travelgram_0040.png,4,3,0,koclip_ft
1671,travelgram_0040.png,2,0,0,koclip_ft
1687,travelgram_0052.png,1,2,0,koclip_ft
1688,travelgram_0052.png,2,3,0,koclip_ft
1689,travelgram_0052.png,3,3,0,koclip_ft
1690,travelgram_0052.png,1,4,0,koclip_ft
1767,travelgram_0072.png,1,2,0,koclip_ft
1768,travelgram_0072.png,0,0,0,koclip_ft
1769,travelgram_0072.png,3,1,0,koclip_ft
1770,travelgram_0072.png,0,4,0,koclip_ft
1771,travelgram_0072.png,3,2,0,koclip_ft
1818,travelgram_0085.png,3,0,0,koclip_ft
1819,travelgram_0085.png,3,0,0,koclip_ft
1820,travelgram_0085.png,3,3,0,koclip_ft
1821,travelgram_0085.png,3,4,0,koclip_ft
1822,travelgram_0085.png,3,3,0,koclip_ft
1823,travelgram_0085.png,2,2,0,koclip_ft
1824,travelgram_0085.png,3,0,0,koclip_ft
1825,travelgram_0085.png,3,3,0,koclip_ft
1826,travelgram_0085.png,2,2,0,koclip_ft
1827,travelgram_0085.png,1,0,0,koclip_ft
1828,travelgram_0085.png,3,4,0,koclip_ft
1829,travelgram_0085.png,3,3,0,koclip_ft
1830,travelgram_0085.png,0,0,0,koclip_ft
1831,travelgram_0085.png,3,3,0,koclip_ft
1832,travelgram_0085.png,1,1,0,koclip_ft
1833,travelgram_0085.png,3,3,0,koclip_ft
1834,travelgram_0085.png,2,2,0,koclip_ft
1835,travelgram_0085.png,2,2,0,koclip_ft
1836,travelgram_0085.png,2,2,0,koclip_ft
1837,travelgram_0085.png,3,3,0,koclip_ft
1838,travelgram_0085.png,3,3,0,koclip_ft
1839,travelgram_0085.png,2,2,0,koclip_ft
1840,travelgram_0085.png,2,2,0,koclip_ft
1841,travelgram_0085.png,1,4,0,koclip_ft
1842,travelgram_0085.png,1,3,0,koclip_ft
1843,travelgram_0085.png,0,3,0,koclip_ft
1844,travelgram_0085.png,1,4,0,koclip_ft
1845,travelgram_0085.png,0,4,0,koclip_ft
1846,travelgram_0085.png,4,3,0,koclip_ft
1847,travelgram_0085.png,4,3,0,koclip_ft
1849,travelgram_0088.png,4,4,0,koclip_ft
1850,travelgram_0088.png,1,3,0,koclip_ft
1851,travelgram_0088.png,3,3,0,koclip_ft
1852,travelgram_0088.png,3,2,0,koclip_ft
1853,travelgram_0088.png,4,0,0,koclip_ft
1884,solotravel_0008.png,3,3,0,koclip_ft
1885,solotravel_0008.png,3,1,0,koclip_ft
1886,solotravel_0008.png,3,3,0,koclip_ft
1887,solotravel_0008.png,3,4,0,koclip_ft
1888,solotravel_0008.png,4,4,0,koclip_ft
1889,solotravel_0008.png,3,3,0,koclip_ft
1890,solotravel_0008.png,1,1,0,koclip_ft
1891,solotravel_0008.png,4,0,0,koclip_ft
1892,solotravel_0008.png,1,0,0,koclip_ft
1893,solotravel_0008.png,1,4,0,koclip_ft
1894,solotravel_0008.png,1,3,0,koclip_ft
1895,solotravel_0008.png,1,4,0,koclip_ft
1896,solotravel_0008.png,2,2,0,koclip_ft
1897,solotravel_0008.png,4,4,0,koclip_ft
1898,solotravel_0008.png,3,3,0,koclip_ft
1910,solotravel_0015.png,4,0,0,koclip_ft
1911,solotravel_0015.png,4,4,0,koclip_ft
1912,solotravel_0015.png,3,3,0,koclip_ft
1913,solotravel_0015.png,1,3,0,koclip_ft
1914,solotravel_0015.png,2,3,0,koclip_ft
1915,solotravel_0018.png,1,4,0,koclip_ft
1916,solotravel_0018.png,2,3,0,koclip_ft
1917,solotravel_0018.png,4,4,0,koclip_ft
1918,solotravel_0018.png,2,2,0,koclip_ft
1919,solotravel_0018.png,3,4,0,koclip_ft
1925,solotravel_0021.png,4,4,0,koclip_ft
1926,solotravel_0021.png,4,4,0,koclip_ft
1936,solotravel_0026.png,3,2,0,koclip_ft
1937,solotravel_0026.png,4,0,0,koclip_ft
1938,solotravel_0026.png,3,4,0,koclip_ft
1939,solotravel_0026.png,3,2,0,koclip_ft
1940,solotravel_0026.png,3,3,0,koclip_ft
1946,solotravel_0029.png,3,3,0,koclip_ft
1947,solotravel_0029.png,4,4,0,koclip_ft
1993,solotravel_0041.png,0,4,0,koclip_ft
1994,solotravel_0041.png,0,4,0,koclip_ft
1995,solotravel_0041.png,0,0,0,koclip_ft
1996,solotravel_0041.png,0,4,0,koclip_ft
1997,solotravel_0041.png,1,4,0,koclip_ft
1998,solotravel_0041.png,0,1,0,koclip_ft
1999,solotravel_0042.png,4,1,0,koclip_ft
2000,solotravel_0042.png,4,3,0,koclip_ft
2001,solotravel_0042.png,4,4,0,koclip_ft
2002,solotravel_0042.png,3,1,0,koclip_ft
2003,solotravel_0042.png,3,3,0,koclip_ft
2009,solotravel_0044.png,4,4,0,koclip_ft
2010,solotravel_0044.png,3,4,0,koclip_ft
2011,solotravel_0044.png,4,4,0,koclip_ft
2061,solotravel_0052.png,0,1,0,koclip_ft
2062,solotravel_0052.png,2,3,0,koclip_ft
2063,solotravel_0052.png,4,1,0,koclip_ft
2064,solotravel_0052.png,4,0,0,koclip_ft
2065,solotravel_0052.png,2,3,0,koclip_ft
2066,solotravel_0054.png,4,4,0,koclip_ft
2067,solotravel_0054.png,2,3,0,koclip_ft
2068,solotravel_0054.png,2,3,0,koclip_ft
2154,solotravel_0071.png,1,0,0,koclip_ft
2155,solotravel_0071.png,3,4,0,koclip_ft
2156,solotravel_0071.png,1,3,0,koclip_ft
2157,solotravel_0071.png,1,1,0,koclip_ft
2158,solotravel_0071.png,1,1,0,koclip_ft
2159,solotravel_0074.png,3,1,0,koclip_ft
2160,solotravel_0074.png,3,0,0,koclip_ft
2161,solotravel_0074.png,1,1,0,koclip_ft
2162,solotravel_0074.png,2,3,0,koclip_ft
2163,solotravel_0074.png,3,4,0,koclip_ft
2164,solotravel_0074.png,3,1,0,koclip_ft
2179,solotravel_0077.png,1,2,0,koclip_ft
2180,solotravel_0077.png,0,3,0,koclip_ft
2181,solotravel_0077.png,0,0,0,koclip_ft
2182,solotravel_0077.png,0,4,0,koclip_ft
2183,solotravel_0077.png,0,1,0,koclip_ft
2209,solotravel_0086.png,0,4,0,koclip_ft
2210,solotravel_0086.png,0,0,0,koclip_ft
2211,solotravel_0086.png,1,1,0,koclip_ft
2212,solotravel_0086.png,0,3,0,koclip_ft
2213,solotravel_0086.png,0,1,0,koclip_ft
2214,solotravel_0087.png,3,4,0,koclip_ft
2215,solotravel_0087.png,4,4,0,koclip_ft
2216,solotravel_0087.png,4,3,0,koclip_ft
2217,solotravel_0087.png,4,0,0,koclip_ft
2218,solotravel_0087.png,1,0,0,koclip_ft
2223,solotravel_0090.png,4,4,0,koclip_ft
2224,solotravel_0090.png,4,2,0,koclip_ft
2225,solotravel_0090.png,4,4,0,koclip_ft
2226,solotravel_0090.png,3,4,0,koclip_ft
2227,solotravel_0090.png,2,2,0,koclip_ft
2228,solotravel_0090.png,3,2,0,koclip_ft
2229,solotravel_0090.png,0,1,0,koclip_ft
2230,solotravel_0090.png,1,4,0,koclip_ft
2249,travel_0001.png,3,0,0,koclip_ft
2250,travel_0001.png,4,0,0,koclip_ft
2251,travel_0001.png,1,4,0,koclip_ft
2252,travel_0001.png,4,0,0,koclip_ft
2263,travel_0004.png,4,3,0,koclip_ft
2264,travel_0004.png,2,3,0,koclip_ft
2265,travel_0004.png,4,2,0,koclip_ft
2266,travel_0004.png,3,2,0,koclip_ft
2267,travel_0004.png,2,2,0,koclip_ft
2360,travel_0031.png,3,0,0,koclip_ft
2361,travel_0031.png,4,0,0,koclip_ft
2362,travel_0031.png,1,3,0,koclip_ft
2363,travel_0031.png,0,4,0,koclip_ft
2364,travel_0031.png,0,3,0,koclip_ft
2365,travel_0031.png,1,4,0,koclip_ft
2366,travel_0031.png,1,2,0,koclip_ft
2367,travel_0031.png,0,0,0,koclip_ft
2368,travel_0031.png,1,2,0,koclip_ft
2377,travel_0034.png,1,2,0,koclip_ft
2378,travel_0034.png,4,4,0,koclip_ft
2379,travel_0034.png,4,4,0,koclip_ft
2380,travel_0034.png,3,4,0,koclip_ft
2517,travel_0063.png,1,0,0,koclip_ft
2518,travel_0063.png,0,0,0,koclip_ft
2519,travel_0063.png,1,0,0,koclip_ft
2520,travel_0063.png,1,1,0,koclip_ft
2521,travel_0063.png,1,1,0,koclip_ft
2538,travel_0074.png,1,3,0,koclip_ft
2539,travel_0074.png,0,0,0,koclip_ft
2540,travel_0074.png,1,3,0,koclip_ft
2541,travel_0074.png,1,4,0,koclip_ft
2542,travel_0074.png,1,4,0,koclip_ft
2543,travel_0074.png,1,4,0,koclip_ft
2544,travel_0074.png,0,1,0,koclip_ft
2545,travel_0074.png,3,3,0,koclip_ft
2546,travel_0074.png,1,3,0,koclip_ft
2547,travel_0074.png,1,4,0,koclip_ft
2548,travel_0074.png,1,4,0,koclip_ft
2549,travel_0074.png,1,1,0,koclip_ft
2550,travel_0074.png,0,0,0,koclip_ft
2551,travel_0074.png,0,1,0,koclip_ft
2552,travel_0074.png,0,2,0,koclip_ft
2553,travel_0074.png,0,1,0,koclip_ft
2554,travel_0074.png,0,3,0,koclip_ft
2555,travel_0074.png,1,4,0,koclip_ft
2556,travel_0074.png,1,4,0,koclip_ft
2557,travel_0074.png,0,0,0,koclip_ft
2558,travel_0074.png,3,3,0,koclip_ft
2559,travel_0074.png,0,1,0,koclip_ft
2560,travel_0074.png,0,1,0,koclip_ft
2561,travel_0074.png,1,1,0,koclip_ft
2562,travel_0074.png,0,4,0,koclip_ft
2579,travel_0078.png,4,1,0,koclip_ft
2580,travel_0078.png,3,1,0,koclip_ft
2581,travel_0078.png,3,4,0,koclip_ft
2582,travel_0078.png,3,3,0,koclip_ft
2583,travel_0078.png,3,4,0,koclip_ft
2584,travel_0078.png,1,1,0,koclip_ft
2585,travel_0078.png,2,2,0,koclip_ft
2586,travel_0078.png,1,2,0,koclip_ft
2598,travel_0083.png,4,2,0,koclip_ft
2599,travel_0083.png,3,2,0,koclip_ft
2600,travel_0083.png,4,3,0,koclip_ft
2601,travel_0083.png,4,3,0,koclip_ft
2602,travel_0083.png,4,1,0,koclip_ft
2603,travel_0084.png,4,3,0,koclip_ft
2659,foodstagram_0009.png,3,0,0,koclip_ft
2660,foodstagram_0009.png,4,0,0,koclip_ft
2661,foodstagram_0009.png,4,4,0,koclip_ft
2662,foodstagram_0009.png,3,3,0,koclip_ft
2663,foodstagram_0009.png,4,0,0,koclip_ft
2689,foodstagram_0013.png,4,4,0,koclip_ft
2690,foodstagram_0013.png,1,4,0,koclip_ft
2691,foodstagram_0013.png,4,4,0,koclip_ft
2692,foodstagram_0013.png,4,4,0,koclip_ft
2693,foodstagram_0013.png,4,4,0,koclip_ft
2694,foodstagram_0013.png,4,4,0,koclip_ft
2702,foodstagram_0018.png,1,1,0,koclip_ft
2703,foodstagram_0018.png,4,4,0,koclip_ft
2704,foodstagram_0018.png,1,0,0,koclip_ft
2705,foodstagram_0018.png,3,3,0,koclip_ft
2706,foodstagram_0018.png,2,1,0,koclip_ft
2707,foodstagram_0018.png,3,3,0,koclip_ft
2708,foodstagram_0018.png,3,3,0,koclip_ft
2709,foodstagram_0018.png,3,3,0,koclip_ft
2710,foodstagram_0018.png,3,3,0,koclip_ft
2711,foodstagram_0018.png,2,3,0,koclip_ft
2712,foodstagram_0018.png,3,3,0,koclip_ft
2713,foodstagram_0018.png,3,3,0,koclip_ft
2714,foodstagram_0018.png,1,1,0,koclip_ft
2715,foodstagram_0018.png,1,1,0,koclip_ft
2716,foodstagram_0018.png,0,0,0,koclip_ft
2717,foodstagram_0018.png,1,0,0,koclip_ft
2718,foodstagram_0018.png,1,1,0,koclip_ft
2719,foodstagram_0018.png,1,1,0,koclip_ft
2720,foodstagram_0018.png,3,3,0,koclip_ft
2721,foodstagram_0018.png,1,1,0,koclip_ft
2722,foodstagram_0018.png,1,1,0,koclip_ft
2723,foodstagram_0018.png,2,2,0,koclip_ft
2724,foodstagram_0018.png,2,1,0,koclip_ft
2725,foodstagram_0018.png,1,1,0,koclip_ft
2726,foodstagram_0018.png,3,3,0,koclip_ft
2727,foodstagram_0018.png,2,2,0,koclip_ft
2728,foodstagram_0018.png,3,1,0,koclip_ft
2729,foodstagram_0018.png,3,4,0,koclip_ft
2730,foodstagram_0018.png,4,4,0,koclip_ft
2731,foodstagram_0018.png,0,0,0,koclip_ft
2768,foodstagram_0023.png,3,1,0,koclip_ft
2769,foodstagram_0023.png,3,1,0,koclip_ft
2770,foodstagram_0023.png,1,1,0,koclip_ft
2803,foodstagram_0027.png,2,3,0,koclip_ft
2804,foodstagram_0027.png,4,3,0,koclip_ft
2805,foodstagram_0027.png,4,3,0,koclip_ft
2806,foodstagram_0027.png,3,3,0,koclip_ft
2807,foodstagram_0027.png,4,3,0,koclip_ft
2808,foodstagram_0027.png,3,3,0,koclip_ft
2809,foodstagram_0027.png,3,3,0,koclip_ft
2810,foodstagram_0027.png,2,3,0,koclip_ft
2811,foodstagram_0027.png,0,1,0,koclip_ft
2812,foodstagram_0027.png,4,3,0,koclip_ft
2813,foodstagram_0027.png,2,2,0,koclip_ft
2814,foodstagram_0027.png,3,3,0,koclip_ft
2815,foodstagram_0027.png,4,4,0,koclip_ft
2816,foodstagram_0027.png,2,2,0,koclip_ft
2817,foodstagram_0030.png,4,3,0,koclip_ft
2818,foodstagram_0030.png,4,3,0,koclip_ft
2819,foodstagram_0030.png,4,3,0,koclip_ft
2820,foodstagram_0030.png,4,3,0,koclip_ft
2821,foodstagram_0030.png,0,1,0,koclip_ft
2832,foodstagram_0034.png,4,4,0,koclip_ft
2833,foodstagram_0034.png,4,4,0,koclip_ft
2839,foodstagram_0036.png,4,3,0,koclip_ft
2848,foodstagram_0040.png,4,1,0,koclip_ft
2849,foodstagram_0040.png,4,1,0,koclip_ft
2850,foodstagram_0040.png,3,1,0,koclip_ft
2851,foodstagram_0040.png,1,1,0,koclip_ft
2857,foodstagram_0042.png,2,2,0,koclip_ft
2863,foodstagram_0045.png,3,1,0,koclip_ft
2864,foodstagram_0045.png,3,0,0,koclip_ft
2865,foodstagram_0045.png,3,0,0,koclip_ft
2871,foodstagram_0050.png,4,1,0,koclip_ft
2872,foodstagram_0050.png,3,3,0,koclip_ft
2873,foodstagram_0050.png,2,0,0,koclip_ft
2874,foodstagram_0050.png,1,1,0,koclip_ft
2927,foodstagram_0060.png,4,3,0,koclip_ft
2928,foodstagram_0060.png,3,3,0,koclip_ft
2929,foodstagram_0060.png,3,3,0,koclip_ft
2930,foodstagram_0060.png,3,3,0,koclip_ft
2939,foodstagram_0063.png,4,4,0,koclip_ft
2940,foodstagram_0063.png,4,0,0,koclip_ft
2941,foodstagram_0063.png,4,3,0,koclip_ft
2942,foodstagram_0063.png,4,4,0,koclip_ft
2943,foodstagram_0063.png,4,4,0,koclip_ft
2944,foodstagram_0064.png,4,4,0,koclip_ft
2945,foodstagram_0064.png,2,4,0,koclip_ft
2946,foodstagram_0064.png,2,4,0,koclip_ft
2947,foodstagram_0064.png,2,2,0,koclip_ft
2948,foodstagram_0064.png,3,3,0,koclip_ft
2954,foodstagram_0066.png,4,0,0,koclip_ft
2955,foodstagram_0066.png,3,3,0,koclip_ft
2956,foodstagram_0066.png,3,1,0,koclip_ft
2957,foodstagram_0066.png,3,3,0,koclip_ft
2958,foodstagram_0066.png,3,1,0,koclip_ft
2959,foodstagram_0066.png,4,1,0,koclip_ft
2960,foodstagram_0066.png,4,0,0,koclip_ft
2961,foodstagram_0066.png,1,1,0,koclip_ft
2962,foodstagram_0066.png,1,1,0,koclip_ft
2963,foodstagram_0066.png,4,4,0,koclip_ft
2964,foodstagram_0066.png,3,3,0,koclip_ft
2965,foodstagram_0066.png,4,1,0,koclip_ft
2966,foodstagram_0066.png,4,1,0,koclip_ft
2967,foodstagram_0066.png,3,2,0,koclip_ft
2968,foodstagram_0066.png,3,3,0,koclip_ft
2969,foodstagram_0066.png,2,2,0,koclip_ft
2970,foodstagram_0066.png,3,3,0,koclip_ft
2971,foodstagram_0066.png,3,3,0,koclip_ft
2972,foodstagram_0066.png,2,3,0,koclip_ft
2973,foodstagram_0066.png,2,3,0,koclip_ft
2974,foodstagram_0066.png,0,0,0,koclip_ft
2975,foodstagram_0066.png,0,1,0,koclip_ft
2976,foodstagram_0066.png,1,1,0,koclip_ft
2977,foodstagram_0066.png,0,1,0,koclip_ft
2978,foodstagram_0066.png,0,3,0,koclip_ft
3001,foodstagram_0069.png,4,4,0,koclip_ft
3002,foodstagram_0069.png,0,0,0,koclip_ft
3003,foodstagram_0069.png,3,1,0,koclip_ft
3032,foodstagram_0082.png,0,4,0,koclip_ft
3043,foodstagram_0086.png,4,1,0,koclip_ft
3044,foodstagram_0086.png,4,4,0,koclip_ft
3045,foodstagram_0086.png,4,4,0,koclip_ft
3229,meokstagram_0019.png,1,1,0,koclip_ft
3230,meokstagram_0019.png,3,3,0,koclip_ft
3231,meokstagram_0019.png,4,4,0,koclip_ft
3232,meokstagram_0019.png,4,4,0,koclip_ft
3233,meokstagram_0019.png,4,4,0,koclip_ft
3251,meokstagram_0029.png,4,4,0,koclip_ft
3252,meokstagram_0029.png,4,3,0,koclip_ft
3253,meokstagram_0029.png,3,1,0,koclip_ft
3254,meokstagram_0029.png,4,0,0,koclip_ft
3255,meokstagram_0029.png,3,3,0,koclip_ft
3261,meokstagram_0032.png,1,1,0,koclip_ft
3262,meokstagram_0032.png,4,4,0,koclip_ft
3263,meokstagram_0032.png,1,3,0,koclip_ft
3264,meokstagram_0032.png,0,3,0,koclip_ft
3265,meokstagram_0032.png,1,4,0,koclip_ft
3285,meokstagram_0034.png,3,3,0,koclip_ft
3294,meokstagram_0037.png,4,4,0,koclip_ft
3302,meokstagram_0041.png,4,1,0,koclip_ft
3303,meokstagram_0041.png,4,4,0,koclip_ft
3304,meokstagram_0041.png,4,1,0,koclip_ft
3305,meokstagram_0041.png,3,3,0,koclip_ft
3306,meokstagram_0041.png,4,1,0,koclip_ft
3307,meokstagram_0041.png,4,0,0,koclip_ft
3308,meokstagram_0041.png,3,3,0,koclip_ft
3309,meokstagram_0041.png,3,3,0,koclip_ft
3310,meokstagram_0041.png,3,3,0,koclip_ft
3311,meokstagram_0041.png,3,1,0,koclip_ft
3312,meokstagram_0041.png,3,3,0,koclip_ft
3313,meokstagram_0041.png,3,3,0,koclip_ft
3316,meokstagram_0045.png,3,1,0,koclip_ft
3317,meokstagram_0045.png,0,1,0,koclip_ft
3318,meokstagram_0045.png,4,4,0,koclip_ft
3319,meokstagram_0045.png,1,0,0,koclip_ft
3320,meokstagram_0045.png,4,3,0,koclip_ft
3321,meokstagram_0045.png,3,3,0,koclip_ft
3322,meokstagram_0045.png,3,3,0,koclip_ft
3323,meokstagram_0045.png,3,3,0,koclip_ft
3324,meokstagram_0045.png,2,2,0,koclip_ft
3325,meokstagram_0045.png,1,1,0,koclip_ft
3326,meokstagram_0045.png,2,2,0,koclip_ft
3327,meokstagram_0045.png,0,0,0,koclip_ft
3328,meokstagram_0045.png,0,1,0,koclip_ft
3329,meokstagram_0045.png,3,3,0,koclip_ft
3330,meokstagram_0045.png,3,3,0,koclip_ft
3331,meokstagram_0045.png,4,0,0,koclip_ft
3332,meokstagram_0045.png,4,4,0,koclip_ft
3333,meokstagram_0045.png,4,4,0,koclip_ft
3334,meokstagram_0045.png,4,4,0,koclip_ft
3335,meokstagram_0045.png,4,3,0,koclip_ft
3336,meokstagram_0045.png,1,1,0,koclip_ft
3337,meokstagram_0045.png,1,4,0,koclip_ft
3338,meokstagram_0045.png,1,4,0,koclip_ft
3355,meokstagram_0049.png,0,0,0,koclip_ft
3356,meokstagram_0049.png,0,4,0,koclip_ft
3357,meokstagram_0049.png,0,4,0,koclip_ft
3358,meokstagram_0049.png,0,4,0,koclip_ft
3359,meokstagram_0049.png,0,0,0,koclip_ft
3360,meokstagram_0049.png,0,1,0,koclip_ft
3361,meokstagram_0049.png,0,4,0,koclip_ft
3362,meokstagram_0049.png,1,3,0,koclip_ft
3363,meokstagram_0049.png,1,3,0,koclip_ft
3364,meokstagram_0049.png,2,4,0,koclip_ft
3365,meokstagram_0049.png,1,3,0,koclip_ft
3366,meokstagram_0049.png,0,3,0,koclip_ft
3367,meokstagram_0049.png,0,3,0,koclip_ft
3368,meokstagram_0049.png,0,3,0,koclip_ft
3369,meokstagram_0049.png,0,0,0,koclip_ft
3370,meokstagram_0049.png,0,3,0,koclip_ft
3371,meokstagram_0049.png,0,3,0,koclip_ft
3372,meokstagram_0049.png,0,4,0,koclip_ft
3373,meokstagram_0049.png,0,3,0,koclip_ft
3374,meokstagram_0049.png,0,2,0,koclip_ft
3375,meokstagram_0049.png,0,2,0,koclip_ft
3376,meokstagram_0049.png,0,3,0,koclip_ft
3377,meokstagram_0049.png,0,2,0,koclip_ft
3378,meokstagram_0049.png,0,3,0,koclip_ft
3379,meokstagram_0049.png,0,4,0,koclip_ft
3380,meokstagram_0049.png,0,2,0,koclip_ft
3381,meokstagram_0049.png,0,3,0,koclip_ft
3382,meokstagram_0049.png,1,1,0,koclip_ft
3383,meokstagram_0049.png,0,3,0,koclip_ft
3384,meokstagram_0050.png,4,4,0,koclip_ft
3385,meokstagram_0050.png,3,4,0,koclip_ft
3568,meokstagram_0083.png,3,3,0,koclip_ft
3569,meokstagram_0083.png,3,3,0,koclip_ft
3570,meokstagram_0083.png,4,4,0,koclip_ft
3571,meokstagram_0083.png,4,4,0,koclip_ft
3572,meokstagram_0083.png,4,4,0,koclip_ft
3576,meokstagram_0085.png,4,2,0,koclip_ft
3577,meokstagram_0086.png,4,3,0,koclip_ft
3578,meokstagram_0086.png,1,1,0,koclip_ft
3579,meokstagram_0086.png,1,0,0,koclip_ft
3580,meokstagram_0086.png,1,1,0,koclip_ft
3581,meokstagram_0086.png,0,0,0,koclip_ft
3612,meokstagram_0096.png,1,4,0,koclip_ft
3613,meokstagram_0096.png,4,2,0,koclip_ft
3614,meokstagram_0096.png,4,4,0,koclip_ft
3678,jmt_0015.png,4,0,0,koclip_ft
3679,jmt_0015.png,4,0,0,koclip_ft
3680,jmt_0015.png,4,4,0,koclip_ft
3681,jmt_0015.png,2,4,0,koclip_ft
3682,jmt_0015.png,3,3,0,koclip_ft
3683,jmt_0016.png,4,0,0,koclip_ft
3713,jmt_0031.png,0,1,0,koclip_ft
3714,jmt_0031.png,1,4,0,koclip_ft
3715,jmt_0031.png,4,4,0,koclip_ft
3716,jmt_0031.png,2,3,0,koclip_ft
3717,jmt_0031.png,2,2,0,koclip_ft
3737,jmt_0038.png,0,0,0,koclip_ft
3738,jmt_0038.png,4,1,0,koclip_ft
3739,jmt_0038.png,4,4,0,koclip_ft
3740,jmt_0038.png,3,1,0,koclip_ft
3741,jmt_0039.png,4,4,0,koclip_ft
3742,jmt_0039.png,1,4,0,koclip_ft
3743,jmt_0039.png,3,3,0,koclip_ft
3744,jmt_0039.png,3,3,0,koclip_ft
3745,jmt_0039.png,2,2,0,koclip_ft
3795,jmt_0057.png,0,0,0,koclip_ft
3796,jmt_0057.png,2,0,0,koclip_ft
3797,jmt_0057.png,0,4,0,koclip_ft
3799,jmt_0060.png,4,3,0,koclip_ft
3800,jmt_0060.png,4,4,0,koclip_ft
3801,jmt_0060.png,4,1,0,koclip_ft
3802,jmt_0060.png,3,4,0,koclip_ft
3803,jmt_0060.png,3,2,0,koclip_ft
3814,jmt_0063.png,4,3,0,koclip_ft
3815,jmt_0063.png,4,4,0,koclip_ft
3816,jmt_0063.png,2,2,0,koclip_ft
3817,jmt_0063.png,3,3,0,koclip_ft
3823,jmt_0068.png,4,1,0,koclip_ft
3824,jmt_0068.png,4,4,0,koclip_ft
3866,jmt_0075.png,4,4,0,koclip_ft
3867,jmt_0075.png,4,4,0,koclip_ft
3868,jmt_0075.png,1,1,0,koclip_ft
3869,jmt_0075.png,4,4,0,koclip_ft
3870,jmt_0075.png,1,4,0,koclip_ft
3871,jmt_0075.png,4,4,0,koclip_ft
3872,jmt_0075.png,2,4,0,koclip_ft
3873,jmt_0075.png,3,3,0,koclip_ft
3874,jmt_0075.png,2,4,0,koclip_ft
3875,jmt_0075.png,2,3,0,koclip_ft
3876,jmt_0077.png,1,0,0,koclip_ft
3877,jmt_0077.png,1,1,0,koclip_ft
3878,jmt_0077.png,4,1,0,koclip_ft
3879,jmt_0077.png,3,1,0,koclip_ft
3880,jmt_0077.png,2,1,0,koclip_ft
3901,jmt_0086.png,0,4,0,koclip_ft
3902,jmt_0086.png,4,3,0,koclip_ft
3903,jmt_0086.png,3,4,0,koclip_ft
3904,jmt_0086.png,4,2,0,koclip_ft
3905,jmt_0086.png,4,2,0,koclip_ft
3911,jmt_0089.png,4,4,0,koclip_ft
3912,jmt_0089.png,1,1,0,koclip_ft
3913,jmt_0089.png,1,4,0,koclip_ft
3914,jmt_0089.png,4,2,0,koclip_ft
3915,jmt_0089.png,1,3,0,koclip_ft
3930,jmt_0094.png,2,2,0,koclip_ft
3931,jmt_0094.png,4,3,0,koclip_ft
3961,makeup_0003.png,1,1,0,koclip_ft
3962,makeup_0003.png,4,4,0,koclip_ft
3963,makeup_0003.png,4,4,0,koclip_ft
3964,makeup_0003.png,4,4,0,koclip_ft
3965,makeup_0003.png,3,2,0,koclip_ft
3974,makeup_0006.png,4,3,0,koclip_ft
3975,makeup_0006.png,1,4,0,koclip_ft
3976,makeup_0006.png,3,4,0,koclip_ft
3977,makeup_0006.png,0,1,0,koclip_ft
3978,makeup_0006.png,3,1,0,koclip_ft
3989,makeup_0012.png,4,3,0,koclip_ft
3990,makeup_0012.png,4,4,0,koclip_ft
3991,makeup_0015.png,4,3,0,koclip_ft
3992,makeup_0015.png,4,4,0,koclip_ft
3999,makeup_0018.png,4,4,0,koclip_ft
4011,makeup_0026.png,4,2,0,koclip_ft
4027,makeup_0028.png,4,2,0,koclip_ft
4028,makeup_0028.png,3,3,0,koclip_ft
4029,makeup_0028.png,1,1,0,koclip_ft
4030,makeup_0028.png,4,4,0,koclip_ft
4031,makeup_0028.png,2,3,0,koclip_ft
4080,makeup_0035.png,4,4,0,koclip_ft
4081,makeup_0035.png,2,3,0,koclip_ft
4082,makeup_0035.png,3,1,0,koclip_ft
4083,makeup_0035.png,4,3,0,koclip_ft
4084,makeup_0035.png,3,2,0,koclip_ft
4085,makeup_0035.png,2,1,0,koclip_ft
4086,makeup_0035.png,3,3,0,koclip_ft
4087,makeup_0035.png,3,2,0,koclip_ft
4088,makeup_0035.png,3,4,0,koclip_ft
4089,makeup_0035.png,1,1,0,koclip_ft
4090,makeup_0035.png,2,3,0,koclip_ft
4091,makeup_0035.png,1,1,0,koclip_ft
4092,makeup_0035.png,2,3,0,koclip_ft
4093,makeup_0035.png,3,1,0,koclip_ft
4094,makeup_0035.png,1,1,0,koclip_ft
4095,makeup_0035.png,1,1,0,koclip_ft
4104,makeup_0038.png,4,3,0,koclip_ft
4105,makeup_0038.png,4,4,0,koclip_ft
4106,makeup_0038.png,4,3,0,koclip_ft
4107,makeup_0038.png,4,4,0,koclip_ft
4108,makeup_0038.png,4,3,0,koclip_ft
4109,makeup_0038.png,3,4,0,koclip_ft
4110,makeup_0038.png,2,2,0,koclip_ft
4111,makeup_0038.png,3,3,0,koclip_ft
4112,makeup_0038.png,1,1,0,koclip_ft
4113,makeup_0038.png,1,0,0,koclip_ft
4114,makeup_0039.png,4,4,0,koclip_ft
4115,makeup_0039.png,1,1,0,koclip_ft
4116,makeup_0039.png,3,3,0,koclip_ft
4117,makeup_0039.png,3,3,0,koclip_ft
4118,makeup_0039.png,4,4,0,koclip_ft
4171,makeup_0055.png,4,1,0,koclip_ft
4172,makeup_0055.png,4,4,0,koclip_ft
4173,makeup_0055.png,4,1,0,koclip_ft
4174,makeup_0055.png,4,3,0,koclip_ft
4175,makeup_0055.png,4,1,0,koclip_ft
4195,makeup_0062.png,4,4,0,koclip_ft
4196,makeup_0062.png,4,4,0,koclip_ft
4197,makeup_0062.png,1,1,0,koclip_ft
4198,makeup_0062.png,3,3,0,koclip_ft
4199,makeup_0062.png,1,4,0,koclip_ft
4225,makeup_0070.png,4,4,0,koclip_ft
4238,makeup_0072.png,4,4,0,koclip_ft
4239,makeup_0072.png,1,4,0,koclip_ft
4240,makeup_0072.png,4,4,0,koclip_ft
4241,makeup_0072.png,3,3,0,koclip_ft
4242,makeup_0072.png,4,3,0,koclip_ft
4243,makeup_0073.png,4,2,0,koclip_ft
4244,makeup_0073.png,1,4,0,koclip_ft
4246,makeup_0076.png,4,4,0,koclip_ft
4247,makeup_0076.png,4,4,0,koclip_ft
4248,makeup_0076.png,3,4,0,koclip_ft
4249,makeup_0076.png,2,4,0,koclip_ft
4250,makeup_0076.png,4,4,0,koclip_ft
4311,makeup_0086.png,2,1,0,koclip_ft
4312,makeup_0086.png,3,4,0,koclip_ft
4313,makeup_0086.png,3,2,0,koclip_ft
4314,makeup_0086.png,1,1,0,koclip_ft
4315,makeup_0086.png,1,4,0,koclip_ft
4327,makeup_0090.png,4,4,0,koclip_ft
4328,makeup_0090.png,3,3,0,koclip_ft
4341,makeup_0100.png,4,4,0,koclip_ft
4342,makeup_0100.png,3,3,0,koclip_ft
4343,makeup_0100.png,4,4,0,koclip_ft
4344,dailymakeup_0001.png,4,3,0,koclip_ft
4350,dailymakeup_0004.png,1,3,0,koclip_ft
4351,dailymakeup_0004.png,1,1,0,koclip_ft
4352,dailymakeup_0004.png,3,3,0,koclip_ft
4374,dailymakeup_0013.png,3,3,0,koclip_ft
4375,dailymakeup_0013.png,1,0,0,koclip_ft
4376,dailymakeup_0013.png,1,4,0,koclip_ft
4377,dailymakeup_0013.png,1,4,0,koclip_ft
4378,dailymakeup_0013.png,1,4,0,koclip_ft
4379,dailymakeup_0013.png,1,4,0,koclip_ft
4380,dailymakeup_0013.png,1,1,0,koclip_ft
4381,dailymakeup_0013.png,0,4,0,koclip_ft
4382,dailymakeup_0013.png,0,4,0,koclip_ft
4383,dailymakeup_0013.png,1,0,0,koclip_ft
4384,dailymakeup_0013.png,1,3,0,koclip_ft
4385,dailymakeup_0013.png,2,2,0,koclip_ft
4386,dailymakeup_0013.png,1,3,0,koclip_ft
4387,dailymakeup_0013.png,1,3,0,koclip_ft
4388,dailymakeup_0013.png,1,2,0,koclip_ft
4389,dailymakeup_0013.png,4,3,0,koclip_ft
4390,dailymakeup_0013.png,3,3,0,koclip_ft
4391,dailymakeup_0013.png,3,3,0,koclip_ft
4392,dailymakeup_0013.png,4,4,0,koclip_ft
4393,dailymakeup_0013.png,4,1,0,koclip_ft
4394,dailymakeup_0013.png,4,3,0,koclip_ft
4395,dailymakeup_0014.png,3,3,0,koclip_ft
4396,dailymakeup_0014.png,1,1,0,koclip_ft
4397,dailymakeup_0014.png,1,4,0,koclip_ft
4398,dailymakeup_0014.png,1,3,0,koclip_ft
4399,dailymakeup_0014.png,2,3,0,koclip_ft
4411,dailymakeup_0018.png,3,1,0,koclip_ft
4412,dailymakeup_0018.png,3,1,0,koclip_ft
4413,dailymakeup_0018.png,2,1,0,koclip_ft
4427,dailymakeup_0022.png,4,3,0,koclip_ft
4428,dailymakeup_0022.png,2,1,0,koclip_ft
4439,dailymakeup_0025.png,4,3,0,koclip_ft
4440,dailymakeup_0025.png,3,1,0,koclip_ft
4441,dailymakeup_0025.png,3,3,0,koclip_ft
4442,dailymakeup_0025.png,2,3,0,koclip_ft
4443,dailymakeup_0025.png,2,2,0,koclip_ft
4452,dailymakeup_0027.png,4,3,0,koclip_ft
4453,dailymakeup_0027.png,1,4,0,koclip_ft
4454,dailymakeup_0027.png,0,0,0,koclip_ft
4455,dailymakeup_0027.png,0,0,0,koclip_ft
4456,dailymakeup_0027.png,0,0,0,koclip_ft
4457,dailymakeup_0028.png,2,4,0,koclip_ft
4458,dailymakeup_0028.png,2,1,0,koclip_ft
4459,dailymakeup_0028.png,4,1,0,koclip_ft
4460,dailymakeup_0028.png,1,1,0,koclip_ft
4461,dailymakeup_0028.png,4,1,0,koclip_ft
4462,dailymakeup_0028.png,2,1,0,koclip_ft
4463,dailymakeup_0028.png,2,1,0,koclip_ft
4464,dailymakeup_0028.png,0,0,0,koclip_ft
4465,dailymakeup_0028.png,0,1,0,koclip_ft
4466,dailymakeup_0028.png,4,1,0,koclip_ft
4467,dailymakeup_0028.png,3,4,0,koclip_ft
4468,dailymakeup_0028.png,3,3,0,koclip_ft
4469,dailymakeup_0028.png,3,3,0,koclip_ft
4470,dailymakeup_0028.png,0,0,0,koclip_ft
4471,dailymakeup_0028.png,0,4,0,koclip_ft
4472,dailymakeup_0028.png,1,1,0,koclip_ft
4473,dailymakeup_0028.png,0,2,0,koclip_ft
4474,dailymakeup_0028.png,0,4,0,koclip_ft
4521,dailymakeup_0037.png,3,1,0,koclip_ft
4522,dailymakeup_0037.png,4,1,0,koclip_ft
4523,dailymakeup_0037.png,3,1,0,koclip_ft
4524,dailymakeup_0037.png,2,1,0,koclip_ft
4525,dailymakeup_0037.png,0,0,0,koclip_ft
4526,dailymakeup_0037.png,3,1,0,koclip_ft
4527,dailymakeup_0037.png,4,1,0,koclip_ft
4528,dailymakeup_0037.png,2,4,0,koclip_ft
4529,dailymakeup_0037.png,3,3,0,koclip_ft
4530,dailymakeup_0037.png,4,4,0,koclip_ft
4531,dailymakeup_0037.png,3,3,0,koclip_ft
4532,dailymakeup_0037.png,3,3,0,koclip_ft
4533,dailymakeup_0037.png,4,3,0,koclip_ft
4534,dailymakeup_0037.png,2,3,0,koclip_ft
4535,dailymakeup_0037.png,1,3,0,koclip_ft
4536,dailymakeup_0037.png,1,3,0,koclip_ft
4537,dailymakeup_0037.png,3,4,0,koclip_ft
4538,dailymakeup_0037.png,1,1,0,koclip_ft
4539,dailymakeup_0037.png,1,3,0,koclip_ft
4540,dailymakeup_0037.png,2,3,0,koclip_ft
4541,dailymakeup_0037.png,1,1,0,koclip_ft
4542,dailymakeup_0037.png,3,3,0,koclip_ft
4543,dailymakeup_0037.png,2,3,0,koclip_ft
4552,dailymakeup_0040.png,3,3,0,koclip_ft
4553,dailymakeup_0041.png,4,4,0,koclip_ft
4592,dailymakeup_0051.png,4,4,0,koclip_ft
4593,dailymakeup_0051.png,4,3,0,koclip_ft
4594,dailymakeup_0051.png,4,1,0,koclip_ft
4595,dailymakeup_0051.png,3,1,0,koclip_ft
4596,dailymakeup_0051.png,2,1,0,koclip_ft
4597,dailymakeup_0051.png,2,3,0,koclip_ft
4598,dailymakeup_0051.png,1,3,0,koclip_ft
4599,dailymakeup_0051.png,1,2,0,koclip_ft
4600,dailymakeup_0051.png,4,4,0,koclip_ft
4601,dailymakeup_0051.png,2,3,0,koclip_ft
4602,dailymakeup_0051.png,0,3,0,koclip_ft
4603,dailymakeup_0051.png,0,3,0,koclip_ft
4604,dailymakeup_0051.png,1,4,0,koclip_ft
4605,dailymakeup_0051.png,1,3,0,koclip_ft
4606,dailymakeup_0051.png,2,3,0,koclip_ft
4607,dailymakeup_0051.png,0,3,0,koclip_ft
4608,dailymakeup_0051.png,1,4,0,koclip_ft
4609,dailymakeup_0051.png,1,1,0,koclip_ft
4610,dailymakeup_0051.png,1,1,0,koclip_ft
4611,dailymakeup_0051.png,0,0,0,koclip_ft
4612,dailymakeup_0051.png,0,0,0,koclip_ft
4613,dailymakeup_0051.png,3,2,0,koclip_ft
4614,dailymakeup_0051.png,3,1,0,koclip_ft
4615,dailymakeup_0051.png,3,3,0,koclip_ft
4616,dailymakeup_0051.png,2,2,0,koclip_ft
4617,dailymakeup_0051.png,1,1,0,koclip_ft
4618,dailymakeup_0051.png,2,2,0,koclip_ft
4619,dailymakeup_0051.png,1,1,0,koclip_ft
4620,dailymakeup_0051.png,0,1,0,koclip_ft
4674,dailymakeup_0067.png,4,3,0,koclip_ft
4700,dailymakeup_0070.png,2,4,0,koclip_ft
4701,dailymakeup_0070.png,3,3,0,koclip_ft
4702,dailymakeup_0070.png,1,4,0,koclip_ft
4703,dailymakeup_0070.png,3,3,0,koclip_ft
4704,dailymakeup_0070.png,1,1,0,koclip_ft
4734,dailymakeup_0079.png,3,2,0,koclip_ft
4735,dailymakeup_0079.png,4,3,0,koclip_ft
4736,dailymakeup_0079.png,3,1,0,koclip_ft
4785,dailymakeup_0092.png,3,3,0,koclip_ft
4786,dailymakeup_0092.png,3,3,0,koclip_ft
4787,dailymakeup_0092.png,2,2,0,koclip_ft
4788,dailymakeup_0092.png,3,4,0,koclip_ft
4789,dailymakeup_0092.png,1,2,0,koclip_ft
4803,dailymakeup_0098.png,0,4,0,koclip_ft
4804,dailymakeup_0098.png,1,4,0,koclip_ft
4805,dailymakeup_0098.png,1,4,0,koclip_ft
4806,dailymakeup_0098.png,3,4,0,koclip_ft
4856,kkuankku_0007.png,3,3,0,koclip_ft
4857,kkuankku_0007.png,4,3,0,koclip_ft
4858,kkuankku_0007.png,3,3,0,koclip_ft
4859,kkuankku_0007.png,2,2,0,koclip_ft
4860,kkuankku_0007.png,3,3,0,koclip_ft
4861,kkuankku_0007.png,3,3,0,koclip_ft
4862,kkuankku_0007.png,4,3,0,koclip_ft
4863,kkuankku_0007.png,2,3,0,koclip_ft
4864,kkuankku_0007.png,1,4,0,koclip_ft
4865,kkuankku_0007.png,4,4,0,koclip_ft
4866,kkuankku_0007.png,3,3,0,koclip_ft
4867,kkuankku_0007.png,3,3,0,koclip_ft
4868,kkuankku_0007.png,1,3,0,koclip_ft
4869,kkuankku_0007.png,4,4,0,koclip_ft
4870,kkuankku_0007.png,3,3,0,koclip_ft
4871,kkuankku_0007.png,1,4,0,koclip_ft
4872,kkuankku_0007.png,2,2,0,koclip_ft
4873,kkuankku_0007.png,3,3,0,koclip_ft
4874,kkuankku_0007.png,3,3,0,koclip_ft
4875,kkuankku_0007.png,3,3,0,koclip_ft
4876,kkuankku_0007.png,2,4,0,koclip_ft
4877,kkuankku_0007.png,1,4,0,koclip_ft
4878,kkuankku_0008.png,4,3,0,koclip_ft
4879,kkuankku_0008.png,4,3,0,koclip_ft
4880,kkuankku_0008.png,3,0,0,koclip_ft
4881,kkuankku_0008.png,3,3,0,koclip_ft
4882,kkuankku_0008.png,4,4,0,koclip_ft
4883,kkuankku_0008.png,0,4,0,koclip_ft
4884,kkuankku_0008.png,3,3,0,koclip_ft
4885,kkuankku_0008.png,1,1,0,koclip_ft
4886,kkuankku_0011.png,2,1,0,koclip_ft
4892,kkuankku_0014.png,4,3,0,koclip_ft
4893,kkuankku_0014.png,2,1,0,koclip_ft
4894,kkuankku_0014.png,3,3,0,koclip_ft
4895,kkuankku_0017.png,4,2,0,koclip_ft
4896,kkuankku_0017.png,4,3,0,koclip_ft
4897,kkuankku_0017.png,3,3,0,koclip_ft
4898,kkuankku_0017.png,3,3,0,koclip_ft
4899,kkuankku_0017.png,2,3,0,koclip_ft
4910,kkuankku_0025.png,4,2,0,koclip_ft
4911,kkuankku_0025.png,3,1,0,koclip_ft
4912,kkuankku_0025.png,4,3,0,koclip_ft
4913,kkuankku_0025.png,3,3,0,koclip_ft
4914,kkuankku_0025.png,2,2,0,koclip_ft
4915,kkuankku_0026.png,4,0,0,koclip_ft
4916,kkuankku_0026.png,4,0,0,koclip_ft
4917,kkuankku_0026.png,4,4,0,koclip_ft
4918,kkuankku_0026.png,3,4,0,koclip_ft
4988,kkuankku_0051.png,2,2,0,koclip_ft
4989,kkuankku_0051.png,3,3,0,koclip_ft
4990,kkuankku_0051.png,4,3,0,koclip_ft
4991,kkuankku_0051.png,1,2,0,koclip_ft
5069,kkuankku_0071.png,1,3,0,koclip_ft
5178,kkuankku_0100.png,4,3,0,koclip_ft
5179,kkuankku_0100.png,3,3,0,koclip_ft
5180,kkuankku_0100.png,3,3,0,koclip_ft
5181,kkuankku_0100.png,4,3,0,koclip_ft
5182,kkuankku_0100.png,3,3,0,koclip_ft
5183,kkuankku_0100.png,3,3,0,koclip_ft
5184,kkuankku_0100.png,3,3,0,koclip_ft
5185,kkuankku_0100.png,3,4,0,koclip_ft
5186,kkuankku_0100.png,2,3,0,koclip_ft
5187,kkuankku_0100.png,2,3,0,koclip_ft
5188,kkuankku_0100.png,2,2,0,koclip_ft
5189,kkuankku_0100.png,4,3,0,koclip_ft
5190,kkuankku_0100.png,2,2,0,koclip_ft
5191,kkuankku_0100.png,3,3,0,koclip_ft
5192,kkuankku_0100.png,3,2,0,koclip_ft
5193,kkuankku_0100.png,3,3,0,koclip_ft
5194,kkuankku_0100.png,3,3,0,koclip_ft
5195,kkuankku_0100.png,1,4,0,koclip_ft
5196,kkuankku_0100.png,1,4,0,koclip_ft
5197,kkuankku_0100.png,4,3,0,koclip_ft
5198,kkuankku_0100.png,3,1,0,koclip_ft
5199,kkuankku_0100.png,2,2,0,koclip_ft
5200,kkuankku_0100.png,2,3,0,koclip_ft
5201,kkuankku_0100.png,1,2,0,koclip_ft
5202,kkuankku_0100.png,1,2,0,koclip_ft
5203,kkuankku_0100.png,1,3,0,koclip_ft
5302,dailylook_0024.png,4,3,0,koclip_ft
5303,dailylook_0024.png,3,3,0,koclip_ft
5304,dailylook_0024.png,4,3,0,koclip_ft
5305,dailylook_0024.png,3,3,0,koclip_ft
5317,dailylook_0029.png,3,3,0,koclip_ft
5318,dailylook_0029.png,4,4,0,koclip_ft
5319,dailylook_0029.png,1,4,0,koclip_ft
5320,dailylook_0029.png,1,0,0,koclip_ft
5321,dailylook_0029.png,3,3,0,koclip_ft
5322,dailylook_0029.png,1,4,0,koclip_ft
5339,dailylook_0042.png,1,4,0,koclip_ft
5340,dailylook_0042.png,2,2,0,koclip_ft
5341,dailylook_0042.png,4,1,0,koclip_ft
5342,dailylook_0042.png,2,2,0,koclip_ft
5343,dailylook_0042.png,0,0,0,koclip_ft
5344,dailylook_0043.png,4,3,0,koclip_ft
5345,dailylook_0043.png,3,3,0,koclip_ft
5346,dailylook_0043.png,4,3,0,koclip_ft
5347,dailylook_0043.png,2,3,0,koclip_ft
5348,dailylook_0043.png,4,3,0,koclip_ft
5349,dailylook_0043.png,3,3,0,koclip_ft
5350,dailylook_0043.png,1,1,0,koclip_ft
5351,dailylook_0043.png,3,3,0,koclip_ft
5375,dailylook_0049.png,4,4,0,koclip_ft
5376,dailylook_0049.png,3,3,0,koclip_ft
5377,dailylook_0049.png,4,2,0,koclip_ft
5378,dailylook_0049.png,4,4,0,koclip_ft
5379,dailylook_0049.png,4,4,0,koclip_ft
5380,dailylook_0049.png,3,3,0,koclip_ft
5381,dailylook_0049.png,4,3,0,koclip_ft
5382,dailylook_0049.png,3,3,0,koclip_ft
5383,dailylook_0049.png,4,3,0,koclip_ft
5384,dailylook_0049.png,4,3,0,koclip_ft
5385,dailylook_0049.png,3,3,0,koclip_ft
5386,dailylook_0049.png,2,3,0,koclip_ft
5387,dailylook_0049.png,2,3,0,koclip_ft
5388,dailylook_0049.png,3,3,0,koclip_ft
5389,dailylook_0049.png,3,3,0,koclip_ft
5390,dailylook_0049.png,3,3,0,koclip_ft
5391,dailylook_0049.png,2,3,0,koclip_ft
5392,dailylook_0049.png,2,3,0,koclip_ft
5393,dailylook_0049.png,4,2,0,koclip_ft
5394,dailylook_0049.png,4,2,0,koclip_ft
5426,dailylook_0060.png,4,2,0,koclip_ft
5427,dailylook_0060.png,3,3,0,koclip_ft
5428,dailylook_0060.png,3,3,0,koclip_ft
5429,dailylook_0060.png,0,1,0,koclip_ft
5430,dailylook_0060.png,3,3,0,koclip_ft
5484,dailylook_0080.png,3,2,0,koclip_ft
5485,dailylook_0080.png,4,4,0,koclip_ft
5486,dailylook_0080.png,4,3,0,koclip_ft
5487,dailylook_0080.png,1,4,0,koclip_ft
5488,dailylook_0080.png,1,1,0,koclip_ft
5500,dailylook_0088.png,2,1,0,koclip_ft
5501,dailylook_0088.png,3,2,0,koclip_ft
5502,dailylook_0088.png,2,1,0,koclip_ft
5503,dailylook_0088.png,3,1,0,koclip_ft
5504,dailylook_0088.png,1,2,0,koclip_ft
5505,dailylook_0088.png,0,4,0,koclip_ft
5506,dailylook_0088.png,0,4,0,koclip_ft
5507,dailylook_0088.png,0,2,0,koclip_ft
5508,dailylook_0088.png,3,2,0,koclip_ft
5509,dailylook_0088.png,4,1,0,koclip_ft
5510,dailylook_0088.png,4,2,0,koclip_ft
5511,dailylook_0088.png,3,3,0,koclip_ft
5512,dailylook_0088.png,3,3,0,koclip_ft
5513,dailylook_0088.png,3,0,0,koclip_ft
5514,dailylook_0088.png,3,3,0,koclip_ft
5515,dailylook_0088.png,3,4,0,koclip_ft
5516,dailylook_0088.png,4,3,0,koclip_ft
5517,dailylook_0088.png,4,3,0,koclip_ft
5518,dailylook_0088.png,4,3,0,koclip_ft
5519,dailylook_0088.png,0,0,0,koclip_ft
5520,dailylook_0088.png,1,3,0,koclip_ft
5521,dailylook_0088.png,3,3,0,koclip_ft
5522,dailylook_0088.png,2,3,0,koclip_ft
5523,dailylook_0088.png,3,3,0,koclip_ft
5526,dailylook_0091.png,3,3,0,koclip_ft
5527,dailylook_0091.png,1,0,0,koclip_ft
5528,dailylook_0091.png,1,3,0,koclip_ft
5529,dailylook_0091.png,3,4,0,koclip_ft
5530,dailylook_0091.png,4,4,0,koclip_ft
5531,dailylook_0091.png,2,3,0,koclip_ft
5532,dailylook_0091.png,4,3,0,koclip_ft
5533,dailylook_0091.png,3,4,0,koclip_ft
5534,dailylook_0091.png,2,3,0,koclip_ft
5535,dailylook_0091.png,4,4,0,koclip_ft
5536,dailylook_0091.png,2,3,0,koclip_ft
5537,dailylook_0091.png,4,3,0,koclip_ft
5538,dailylook_0091.png,4,3,0,koclip_ft
5539,dailylook_0091.png,4,3,0,koclip_ft
5540,dailylook_0091.png,3,3,0,koclip_ft
5541,dailylook_0091.png,3,3,0,koclip_ft
5542,dailylook_0091.png,3,4,0,koclip_ft
5543,dailylook_0091.png,3,3,0,koclip_ft
5544,dailylook_0091.png,2,3,0,koclip_ft
5545,dailylook_0091.png,1,4,0,koclip_ft
5546,dailylook_0091.png,3,3,0,koclip_ft
5547,dailylook_0091.png,3,3,0,koclip_ft
5548,dailylook_0091.png,3,3,0,koclip_ft
5549,dailylook_0091.png,3,3,0,koclip_ft
5550,dailylook_0091.png,3,3,0,koclip_ft
5551,dailylook_0091.png,2,3,0,koclip_ft
5552,dailylook_0091.png,3,3,0,koclip_ft
5568,dailylook_0093.png,3,3,0,koclip_ft
5569,dailylook_0093.png,3,3,0,koclip_ft
5570,dailylook_0093.png,3,3,0,koclip_ft
5571,dailylook_0093.png,3,3,0,koclip_ft
5601,ootd_0006.png,0,0,0,koclip_ft
5602,ootd_0006.png,2,1,0,koclip_ft
5603,ootd_0006.png,2,3,0,koclip_ft
5661,ootd_0026.png,4,3,0,koclip_ft
5662,ootd_0026.png,3,1,0,koclip_ft
5754,ootd_0051.png,3,3,0,koclip_ft
5755,ootd_0051.png,4,3,0,koclip_ft
5756,ootd_0051.png,4,2,0,koclip_ft
5757,ootd_0051.png,4,4,0,koclip_ft
5758,ootd_0051.png,4,3,0,koclip_ft
5845,ootd_0086.png,3,3,0,koclip_ft
5846,ootd_0086.png,2,2,0,koclip_ft
5847,ootd_0086.png,1,1,0,koclip_ft
5848,ootd_0086.png,3,3,0,koclip_ft
5849,ootd_0086.png,3,3,0,koclip_ft
5850,ootd_0086.png,3,3,0,koclip_ft
5851,ootd_0086.png,3,3,0,koclip_ft
5852,ootd_0086.png,0,4,0,koclip_ft
5853,ootd_0086.png,0,3,0,koclip_ft
5854,ootd_0086.png,0,3,0,koclip_ft
5855,ootd_0086.png,3,3,0,koclip_ft
5856,ootd_0086.png,2,4,0,koclip_ft
5857,ootd_0086.png,2,2,0,koclip_ft
5858,ootd_0086.png,0,0,0,koclip_ft
5859,ootd_0086.png,0,0,0,koclip_ft
5860,ootd_0086.png,2,3,0,koclip_ft
5861,ootd_0086.png,2,3,0,koclip_ft
5862,ootd_0086.png,1,1,0,koclip_ft
5863,ootd_0086.png,1,1,0,koclip_ft
5864,ootd_0086.png,1,3,0,koclip_ft
5865,ootd_0086.png,1,1,0,koclip_ft
5866,ootd_0086.png,3,3,0,koclip_ft
5867,ootd_0086.png,3,3,0,koclip_ft
5868,ootd_0086.png,2,3,0,koclip_ft
5871,ootd_0089.png,4,3,0,koclip_ft
5872,ootd_0089.png,4,4,0,koclip_ft
5873,ootd_0089.png,3,3,0,koclip_ft
5874,ootd_0089.png,2,2,0,koclip_ft
5875,ootd_0090.png,4,3,0,koclip_ft
5876,ootd_0090.png,3,3,0,koclip_ft
5877,ootd_0090.png,3,3,0,koclip_ft
5878,ootd_0090.png,2,3,0,koclip_ft
5879,ootd_0090.png,4,2,0,koclip_ft
5880,ootd_0090.png,3,3,0,koclip_ft
5898,ootd_0094.png,0,4,0,koclip_ft
5899,ootd_0094.png,3,3,0,koclip_ft
5900,ootd_0094.png,4,3,0,koclip_ft
5901,ootd_0094.png,3,2,0,koclip_ft
5902,ootd_0094.png,2,3,0,koclip_ft
5934,fashionista_0004.png,4,4,0,koclip_ft
5935,fashionista_0004.png,2,4,0,koclip_ft
5936,fashionista_0004.png,2,4,0,koclip_ft
5937,fashionista_0004.png,3,2,0,koclip_ft
5938,fashionista_0004.png,2,4,0,koclip_ft
5939,fashionista_0005.png,4,3,0,koclip_ft
5940,fashionista_0005.png,4,4,0,koclip_ft
5941,fashionista_0005.png,4,3,0,koclip_ft
5942,fashionista_0005.png,3,3,0,koclip_ft
5943,fashionista_0005.png,2,3,0,koclip_ft
5952,fashionista_0017.png,1,1,0,koclip_ft
5953,fashionista_0017.png,0,0,0,koclip_ft
5954,fashionista_0017.png,4,0,0,koclip_ft
5955,fashionista_0017.png,3,1,0,koclip_ft
5956,fashionista_0017.png,0,0,0,koclip_ft
5959,fashionista_0024.png,3,3,0,koclip_ft
5960,fashionista_0024.png,3,3,0,koclip_ft
5961,fashionista_0024.png,3,3,0,koclip_ft
5962,fashionista_0024.png,2,3,0,koclip_ft
5963,fashionista_0024.png,1,4,0,koclip_ft
6096,fashionista_0050.png,0,0,0,koclip_ft
6097,fashionista_0050.png,0,0,0,koclip_ft
6098,fashionista_0050.png,2,2,0,koclip_ft
6099,fashionista_0050.png,1,2,0,koclip_ft
6100,fashionista_0050.png,0,2,0,koclip_ft
6337,fashionista_0088.png,1,1,0,koclip_ft
6338,fashionista_0088.png,0,0,0,koclip_ft
6339,fashionista_0088.png,2,2,0,koclip_ft
6340,fashionista_0088.png,2,2,0,koclip_ft
6341,fashionista_0088.png,2,2,0,koclip_ft
6342,fashionista_0088.png,1,3,0,koclip_ft
6343,fashionista_0088.png,4,4,0,koclip_ft
6344,fashionista_0088.png,4,4,0,koclip_ft
6345,fashionista_0088.png,0,4,0,koclip_ft
6346,fashionista_0088.png,1,1,0,koclip_ft
6347,fashionista_0088.png,1,3,0,koclip_ft
6348,fashionista_0088.png,2,2,0,koclip_ft
6349,fashionista_0088.png,0,2,0,koclip_ft
6350,fashionista_0088.png,0,1,0,koclip_ft
6351,fashionista_0088.png,0,0,0,koclip_ft
6352,fashionista_0088.png,1,3,0,koclip_ft
6353,fashionista_0088.png,1,2,0,koclip_ft
6354,fashionista_0088.png,1,1,0,koclip_ft
6355,fashionista_0088.png,2,2,0,koclip_ft
6356,fashionista_0088.png,2,2,0,koclip_ft
6357,fashionista_0088.png,3,3,0,koclip_ft
6358,fashionista_0088.png,0,0,0,koclip_ft
6359,fashionista_0088.png,2,2,0,koclip_ft
6360,fashionista_0088.png,1,2,0,koclip_ft
6361,fashionista_0088.png,0,0,0,koclip_ft
6362,fashionista_0088.png,4,4,0,koclip_ft
6363,fashionista_0088.png,3,2,0,koclip_ft
6364,fashionista_0088.png,0,1,0,koclip_ft
6365,fashionista_0088.png,0,2,0,koclip_ft
6531,neungsohwa_0020.png,2,3,0,koclip_ft
6532,neungsohwa_0020.png,2,2,0,koclip_ft
6533,neungsohwa_0020.png,2,3,0,koclip_ft
6534,neungsohwa_0020.png,0,0,0,koclip_ft
6535,neungsohwa_0020.png,3,3,0,koclip_ft
6536,neungsohwa_0020.png,3,3,0,koclip_ft
6537,neungsohwa_0020.png,4,3,0,koclip_ft
6538,neungsohwa_0020.png,2,2,0,koclip_ft
6539,neungsohwa_0020.png,0,0,0,koclip_ft
6540,neungsohwa_0020.png,1,0,0,koclip_ft
6541,neungsohwa_0020.png,1,0,0,koclip_ft
6542,neungsohwa_0020.png,2,2,0,koclip_ft
6543,neungsohwa_0020.png,1,0,0,koclip_ft
6544,neungsohwa_0020.png,2,2,0,koclip_ft
6545,neungsohwa_0020.png,4,4,0,koclip_ft
6546,neungsohwa_0020.png,3,1,0,koclip_ft
6547,neungsohwa_0020.png,1,3,0,koclip_ft
6548,neungsohwa_0020.png,1,3,0,koclip_ft
6549,neungsohwa_0020.png,1,4,0,koclip_ft
6550,neungsohwa_0020.png,0,4,0,koclip_ft
6551,neungsohwa_0021.png,3,3,0,koclip_ft
6552,neungsohwa_0021.png,1,1,0,koclip_ft
6553,neungsohwa_0021.png,2,2,0,koclip_ft
6554,neungsohwa_0021.png,3,3,0,koclip_ft
6555,neungsohwa_0021.png,4,4,0,koclip_ft
6556,neungsohwa_0021.png,4,0,0,koclip_ft
6557,neungsohwa_0021.png,2,1,0,koclip_ft
6558,neungsohwa_0021.png,3,4,0,koclip_ft
6559,neungsohwa_0021.png,3,3,0,koclip_ft
6590,neungsohwa_0034.png,4,4,0,koclip_ft
6591,neungsohwa_0034.png,2,3,0,koclip_ft
6592,neungsohwa_0034.png,3,4,0,koclip_ft
6593,neungsohwa_0034.png,2,2,0,koclip_ft
6594,neungsohwa_0034.png,3,1,0,koclip_ft
6595,neungsohwa_0034.png,1,1,0,koclip_ft
6596,neungsohwa_0034.png,1,4,0,koclip_ft
6655,neungsohwa_0050.png,4,4,0,koclip_ft
6656,neungsohwa_0050.png,3,1,0,koclip_ft
6657,neungsohwa_0050.png,4,0,0,koclip_ft
6658,neungsohwa_0050.png,0,1,0,koclip_ft
6659,neungsohwa_0051.png,1,3,0,koclip_ft
6660,neungsohwa_0051.png,0,1,0,koclip_ft
6661,neungsohwa_0051.png,3,4,0,koclip_ft
6662,neungsohwa_0051.png,3,3,0,koclip_ft
6680,neungsohwa_0057.png,1,1,0,koclip_ft
6703,neungsohwa_0066.png,0,4,0,koclip_ft
6704,neungsohwa_0066.png,3,0,0,koclip_ft
6705,neungsohwa_0066.png,0,4,0,koclip_ft
6706,neungsohwa_0066.png,0,4,0,koclip_ft
6713,neungsohwa_0073.png,4,4,0,koclip_ft
6736,neungsohwa_0080.png,2,1,0,koclip_ft
6737,neungsohwa_0080.png,0,0,0,koclip_ft
6738,neungsohwa_0080.png,4,4,0,koclip_ft
6749,neungsohwa_0085.png,4,0,0,koclip_ft
6750,neungsohwa_0085.png,4,4,0,koclip_ft
6751,neungsohwa_0085.png,2,2,0,koclip_ft
6752,neungsohwa_0085.png,2,2,0,koclip_ft
6753,neungsohwa_0085.png,1,1,0,koclip_ft
6764,neungsohwa_0089.png,4,4,0,koclip_ft
6765,neungsohwa_0089.png,4,1,0,koclip_ft
6766,neungsohwa_0089.png,1,1,0,koclip_ft
6767,neungsohwa_0089.png,4,4,0,koclip_ft
6768,neungsohwa_0089.png,1,0,0,koclip_ft
6843,danpung_0007.png,1,1,0,koclip_ft
6844,danpung_0007.png,0,2,0,koclip_ft
6847,danpung_0009.png,3,3,0,koclip_ft
6848,danpung_0009.png,1,0,0,koclip_ft
6849,danpung_0009.png,4,4,0,koclip_ft
6850,danpung_0009.png,3,0,0,koclip_ft
6851,danpung_0009.png,4,4,0,koclip_ft
6852,danpung_0009.png,3,3,0,koclip_ft
6853,danpung_0009.png,2,3,0,koclip_ft
6854,danpung_0009.png,4,3,0,koclip_ft
6863,danpung_0012.png,3,1,0,koclip_ft
6864,danpung_0012.png,4,1,0,koclip_ft
6865,danpung_0012.png,3,1,0,koclip_ft
6866,danpung_0012.png,2,3,0,koclip_ft
6867,danpung_0012.png,2,3,0,koclip_ft
6868,danpung_0012.png,3,3,0,koclip_ft
6869,danpung_0012.png,1,3,0,koclip_ft
6910,danpung_0020.png,1,4,0,koclip_ft
6966,danpung_0031.png,1,1,0,koclip_ft
6967,danpung_0031.png,4,4,0,koclip_ft
6968,danpung_0031.png,3,4,0,koclip_ft
6969,danpung_0031.png,2,2,0,koclip_ft
6970,danpung_0031.png,2,3,0,koclip_ft
7021,danpung_0040.png,4,0,0,koclip_ft
7022,danpung_0040.png,2,0,0,koclip_ft
7023,danpung_0040.png,2,4,0,koclip_ft
7024,danpung_0040.png,4,0,0,koclip_ft
7025,danpung_0040.png,4,4,0,koclip_ft
7026,danpung_0040.png,4,3,0,koclip_ft
7027,danpung_0040.png,3,3,0,koclip_ft
7028,danpung_0040.png,3,3,0,koclip_ft
7029,danpung_0040.png,3,3,0,koclip_ft
7030,danpung_0040.png,0,0,0,koclip_ft
7031,danpung_0040.png,1,3,0,koclip_ft
7032,danpung_0040.png,2,3,0,koclip_ft
7033,danpung_0040.png,3,3,0,koclip_ft
7034,danpung_0040.png,1,2,0,koclip_ft
7035,danpung_0040.png,1,4,0,koclip_ft
7036,danpung_0040.png,1,4,0,koclip_ft
7080,danpung_0058.png,4,1,0,koclip_ft
7081,danpung_0058.png,4,1,0,koclip_ft
7082,danpung_0058.png,4,1,0,koclip_ft
7083,danpung_0058.png,1,1,0,koclip_ft
7084,danpung_0058.png,0,1,0,koclip_ft
7085,danpung_0058.png,3,1,0,koclip_ft
7086,danpung_0058.png,0,0,0,koclip_ft
7087,danpung_0058.png,4,3,0,koclip_ft
7088,danpung_0058.png,2,2,0,koclip_ft
7089,danpung_0058.png,1,2,0,koclip_ft
7090,danpung_0058.png,0,0,0,koclip_ft
7091,danpung_0058.png,4,2,0,koclip_ft
7092,danpung_0058.png,3,2,0,koclip_ft
7093,danpung_0058.png,4,2,0,koclip_ft
7094,danpung_0058.png,4,3,0,koclip_ft
7095,danpung_0058.png,4,4,0,koclip_ft
7096,danpung_0058.png,3,3,0,koclip_ft
7120,danpung_0064.png,4,3,0,koclip_ft
7121,danpung_0064.png,4,1,0,koclip_ft
7122,danpung_0064.png,4,3,0,koclip_ft
7123,danpung_0064.png,3,3,0,koclip_ft
7124,danpung_0064.png,3,3,0,koclip_ft
7125,danpung_0064.png,3,2,0,koclip_ft
7126,danpung_0064.png,3,2,0,koclip_ft
7127,danpung_0064.png,4,1,0,koclip_ft
7128,danpung_0064.png,2,0,0,koclip_ft
7129,danpung_0064.png,1,4,0,koclip_ft
7130,danpung_0064.png,3,3,0,koclip_ft
7131,danpung_0064.png,4,1,0,koclip_ft
7132,danpung_0064.png,3,4,0,koclip_ft
7133,danpung_0066.png,4,0,0,koclip_ft
7134,danpung_0066.png,1,0,0,koclip_ft
7135,danpung_0066.png,1,0,0,koclip_ft
7136,danpung_0066.png,1,1,0,koclip_ft
7198,danpung_0075.png,2,2,0,koclip_ft
7199,danpung_0075.png,1,2,0,koclip_ft
7262,danpung_0089.png,3,2,0,koclip_ft
7263,danpung_0089.png,3,4,0,koclip_ft
7264,danpung_0089.png,3,4,0,koclip_ft
7265,danpung_0089.png,4,4,0,koclip_ft
7266,danpung_0090.png,3,3,0,koclip_ft
7267,danpung_0090.png,3,4,0,koclip_ft
7268,danpung_0090.png,2,1,0,koclip_ft
7269,danpung_0090.png,3,1,0,koclip_ft
7300,cherryblossom_0009.png,0,0,0,koclip_ft
7301,cherryblossom_0009.png,4,4,0,koclip_ft
7302,cherryblossom_0009.png,4,4,0,koclip_ft
7319,cherryblossom_0019.png,4,4,0,koclip_ft
7320,cherryblossom_0019.png,1,1,0,koclip_ft
7321,cherryblossom_0019.png,2,2,0,koclip_ft
7322,cherryblossom_0019.png,1,2,0,koclip_ft
7428,cherryblossom_0045.png,0,0,0,koclip_ft
7429,cherryblossom_0045.png,0,4,0,koclip_ft
7430,cherryblossom_0045.png,0,4,0,koclip_ft
7431,cherryblossom_0045.png,0,4,0,koclip_ft
7432,cherryblossom_0045.png,0,0,0,koclip_ft
7438,cherryblossom_0049.png,4,4,0,koclip_ft
7439,cherryblossom_0049.png,2,3,0,koclip_ft
7440,cherryblossom_0049.png,1,4,0,koclip_ft
7441,cherryblossom_0049.png,4,4,0,koclip_ft
7442,cherryblossom_0049.png,4,3,0,koclip_ft
7443,cherryblossom_0049.png,3,3,0,koclip_ft
7444,cherryblossom_0049.png,2,4,0,koclip_ft
7463,cherryblossom_0053.png,4,4,0,koclip_ft
7464,cherryblossom_0053.png,4,4,0,koclip_ft
7465,cherryblossom_0053.png,2,3,0,koclip_ft
7466,cherryblossom_0053.png,3,4,0,koclip_ft
7467,cherryblossom_0053.png,1,2,0,koclip_ft
7493,cherryblossom_0058.png,0,0,0,koclip_ft
7494,cherryblossom_0058.png,3,4,0,koclip_ft
7495,cherryblossom_0058.png,4,4,0,koclip_ft
7514,cherryblossom_0067.png,3,1,0,koclip_ft
7515,cherryblossom_0067.png,3,4,0,koclip_ft
7516,cherryblossom_0067.png,4,4,0,koclip_ft
7517,cherryblossom_0067.png,4,0,0,koclip_ft
7554,cherryblossom_0083.png,4,4,0,koclip_ft
7555,cherryblossom_0083.png,3,4,0,koclip_ft
7556,cherryblossom_0083.png,3,3,0,koclip_ft
7557,cherryblossom_0083.png,1,1,0,koclip_ft
7558,cherryblossom_0083.png,4,4,0,koclip_ft
7564,cherryblossom_0085.png,2,1,0,koclip_ft
7565,cherryblossom_0085.png,3,4,0,koclip_ft
7566,cherryblossom_0085.png,4,4,0,koclip_ft
7567,cherryblossom_0085.png,4,0,0,koclip_ft
7578,cherryblossom_0091.png,4,0,0,koclip_ft
7579,cherryblossom_0091.png,3,0,0,koclip_ft
7580,cherryblossom_0091.png,4,4,0,koclip_ft
7581,cherryblossom_0091.png,4,4,0,koclip_ft
7716,kpop_0013.png,1,0,0,koclip_ft
7717,kpop_0013.png,3,3,0,koclip_ft
7718,kpop_0013.png,2,2,0,koclip_ft
7719,kpop_0013.png,3,2,0,koclip_ft
7720,kpop_0013.png,3,3,0,koclip_ft
7721,kpop_0014.png,4,1,0,koclip_ft
7722,kpop_0014.png,4,0,0,koclip_ft
7723,kpop_0014.png,4,3,0,koclip_ft
7724,kpop_0014.png,4,1,0,koclip_ft
7725,kpop_0014.png,4,3,0,koclip_ft
7726,kpop_0014.png,3,3,0,koclip_ft
7727,kpop_0014.png,4,2,0,koclip_ft
7728,kpop_0014.png,4,4,0,koclip_ft
7729,kpop_0014.png,4,4,0,koclip_ft
7744,kpop_0018.png,4,4,0,koclip_ft
7745,kpop_0018.png,4,4,0,koclip_ft
7746,kpop_0018.png,1,3,0,koclip_ft
7747,kpop_0018.png,1,3,0,koclip_ft
7753,kpop_0021.png,4,4,0,koclip_ft
7754,kpop_0021.png,3,3,0,koclip_ft
7755,kpop_0021.png,4,3,0,koclip_ft
7756,kpop_0021.png,1,4,0,koclip_ft
7757,kpop_0021.png,4,3,0,koclip_ft
7758,kpop_0021.png,4,4,0,koclip_ft
7759,kpop_0021.png,1,0,0,koclip_ft
7760,kpop_0021.png,1,0,0,koclip_ft
7761,kpop_0021.png,4,4,0,koclip_ft
7762,kpop_0021.png,1,0,0,koclip_ft
7763,kpop_0021.png,1,0,0,koclip_ft
7764,kpop_0021.png,4,4,0,koclip_ft
7765,kpop_0021.png,4,3,0,koclip_ft
7766,kpop_0021.png,1,0,0,koclip_ft
7767,kpop_0021.png,3,3,0,koclip_ft
7768,kpop_0021.png,4,4,0,koclip_ft
7769,kpop_0022.png,4,4,0,koclip_ft
7770,kpop_0022.png,4,4,0,koclip_ft
7771,kpop_0022.png,4,0,0,koclip_ft
7772,kpop_0022.png,4,0,0,koclip_ft
7804,kpop_0027.png,4,3,0,koclip_ft
7805,kpop_0027.png,3,2,0,koclip_ft
7806,kpop_0027.png,2,1,0,koclip_ft
7849,kpop_0034.png,4,0,0,koclip_ft
7850,kpop_0034.png,4,4,0,koclip_ft
7851,kpop_0034.png,3,0,0,koclip_ft
7852,kpop_0034.png,3,4,0,koclip_ft
7853,kpop_0034.png,4,4,0,koclip_ft
7896,kpop_0040.png,0,0,0,koclip_ft
7897,kpop_0040.png,3,3,0,koclip_ft
7898,kpop_0041.png,1,4,0,koclip_ft
7899,kpop_0041.png,4,4,0,koclip_ft
7900,kpop_0041.png,3,3,0,koclip_ft
7901,kpop_0041.png,4,4,0,koclip_ft
7902,kpop_0041.png,1,4,0,koclip_ft
7903,kpop_0041.png,1,4,0,koclip_ft
7904,kpop_0041.png,3,3,0,koclip_ft
7905,kpop_0041.png,3,3,0,koclip_ft
7906,kpop_0041.png,3,3,0,koclip_ft
7907,kpop_0041.png,1,1,0,koclip_ft
7908,kpop_0041.png,4,3,0,koclip_ft
7909,kpop_0041.png,2,3,0,koclip_ft
7910,kpop_0041.png,3,3,0,koclip_ft
7911,kpop_0041.png,3,3,0,koclip_ft
7912,kpop_0041.png,3,3,0,koclip_ft
7913,kpop_0041.png,3,4,0,koclip_ft
7914,kpop_0041.png,4,3,0,koclip_ft
7915,kpop_0041.png,1,1,0,koclip_ft
7916,kpop_0041.png,4,4,0,koclip_ft
7917,kpop_0041.png,0,4,0,koclip_ft
7918,kpop_0041.png,4,4,0,koclip_ft
7919,kpop_0041.png,3,3,0,koclip_ft
7920,kpop_0041.png,3,0,0,koclip_ft
7921,kpop_0041.png,2,3,0,koclip_ft
7922,kpop_0041.png,4,4,0,koclip_ft
7923,kpop_0041.png,3,3,0,koclip_ft
7924,kpop_0041.png,1,4,0,koclip_ft
7925,kpop_0041.png,1,3,0,koclip_ft
7926,kpop_0041.png,3,4,0,koclip_ft
7927,kpop_0041.png,4,4,0,koclip_ft
7977,kpop_0047.png,1,0,0,koclip_ft
7978,kpop_0047.png,4,4,0,koclip_ft
7979,kpop_0047.png,4,4,0,koclip_ft
7980,kpop_0047.png,4,4,0,koclip_ft
7981,kpop_0047.png,1,2,0,koclip_ft
7982,kpop_0047.png,3,4,0,koclip_ft
7983,kpop_0047.png,3,0,0,koclip_ft
7984,kpop_0047.png,3,4,0,koclip_ft
7985,kpop_0047.png,3,0,0,koclip_ft
7986,kpop_0047.png,4,3,0,koclip_ft
7987,kpop_0047.png,1,3,0,koclip_ft
7988,kpop_0047.png,3,3,0,koclip_ft
7989,kpop_0047.png,3,1,0,koclip_ft
7990,kpop_0047.png,4,3,0,koclip_ft
7991,kpop_0047.png,1,1,0,koclip_ft
7992,kpop_0047.png,1,1,0,koclip_ft
8088,kpop_0062.png,4,3,0,koclip_ft
8089,kpop_0062.png,3,4,0,koclip_ft
8090,kpop_0062.png,3,3,0,koclip_ft
8091,kpop_0062.png,1,3,0,koclip_ft
8092,kpop_0062.png,0,2,0,koclip_ft
8146,kpop_0070.png,4,4,0,koclip_ft
8147,kpop_0070.png,1,1,0,koclip_ft
8148,kpop_0070.png,1,3,0,koclip_ft
8149,kpop_0070.png,1,1,0,koclip_ft
8150,kpop_0070.png,3,3,0,koclip_ft
8156,kpop_0072.png,4,2,0,koclip_ft
8157,kpop_0072.png,4,2,0,koclip_ft
8158,kpop_0072.png,4,3,0,koclip_ft
8159,kpop_0072.png,4,2,0,koclip_ft
8160,kpop_0072.png,4,4,0,koclip_ft
8161,kpop_0072.png,4,3,0,koclip_ft
8162,kpop_0072.png,1,0,0,koclip_ft
8163,kpop_0072.png,0,0,0,koclip_ft
8164,kpop_0072.png,1,0,0,koclip_ft
8165,kpop_0072.png,0,0,0,koclip_ft
8166,kpop_0072.png,0,4,0,koclip_ft
8167,kpop_0072.png,1,4,0,koclip_ft
8168,kpop_0072.png,0,4,0,koclip_ft
8169,kpop_0072.png,1,4,0,koclip_ft
8170,kpop_0072.png,0,1,0,koclip_ft
8171,kpop_0072.png,1,1,0,koclip_ft
8172,kpop_0072.png,1,4,0,koclip_ft
8173,kpop_0072.png,1,4,0,koclip_ft
8174,kpop_0072.png,3,4,0,koclip_ft
8175,kpop_0072.png,3,3,0,koclip_ft
8176,kpop_0072.png,3,3,0,koclip_ft
8177,kpop_0072.png,4,4,0,koclip_ft
8178,kpop_0072.png,2,2,0,koclip_ft
8251,kpop_0085.png,4,3,0,koclip_ft
8252,kpop_0085.png,4,3,0,koclip_ft
8253,kpop_0085.png,3,3,0,koclip_ft
8306,kpop_0093.png,4,4,0,koclip_ft
8307,kpop_0093.png,4,0,0,koclip_ft
8308,kpop_0093.png,4,4,0,koclip_ft
8309,kpop_0093.png,3,3,0,koclip_ft
8310,kpop_0093.png,4,4,0,koclip_ft
8315,kpop_0095.png,4,2,0,koclip_ft
8316,kpop_0095.png,1,2,0,koclip_ft
8395,spotify_0006.png,1,2,0,koclip_ft
8396,spotify_0006.png,1,3,0,koclip_ft
8397,spotify_0006.png,1,1,0,koclip_ft
8398,spotify_0006.png,1,1,0,koclip_ft
8399,spotify_0006.png,1,1,0,koclip_ft
8410,spotify_0010.png,1,1,0,koclip_ft
8411,spotify_0010.png,1,1,0,koclip_ft
8412,spotify_0010.png,4,4,0,koclip_ft
8413,spotify_0010.png,3,3,0,koclip_ft
8414,spotify_0010.png,1,1,0,koclip_ft
8415,spotify_0010.png,1,1,0,koclip_ft
8416,spotify_0010.png,1,1,0,koclip_ft
8417,spotify_0010.png,3,4,0,koclip_ft
8418,spotify_0010.png,4,4,0,koclip_ft
8419,spotify_0011.png,4,0,0,koclip_ft
8420,spotify_0011.png,1,3,0,koclip_ft
8425,spotify_0016.png,4,0,0,koclip_ft
8426,spotify_0016.png,4,0,0,koclip_ft
8427,spotify_0016.png,1,4,0,koclip_ft
8428,spotify_0016.png,1,3,0,koclip_ft
8429,spotify_0016.png,3,3,0,koclip_ft
8430,spotify_0017.png,4,1,0,koclip_ft
8431,spotify_0017.png,4,1,0,koclip_ft
8432,spotify_0017.png,3,2,0,koclip_ft
8433,spotify_0017.png,2,2,0,koclip_ft
8434,spotify_0017.png,4,2,0,koclip_ft
8435,spotify_0017.png,4,4,0,koclip_ft
8436,spotify_0017.png,4,1,0,koclip_ft
8437,spotify_0017.png,4,3,0,koclip_ft
8438,spotify_0017.png,4,1,0,koclip_ft
8439,spotify_0017.png,0,0,0,koclip_ft
8454,spotify_0026.png,1,1,0,koclip_ft
8455,spotify_0026.png,3,3,0,koclip_ft
8456,spotify_0026.png,4,4,0,koclip_ft
8457,spotify_0026.png,4,4,0,koclip_ft
8458,spotify_0029.png,4,3,0,koclip_ft
8459,spotify_0029.png,3,4,0,koclip_ft
8460,spotify_0029.png,3,4,0,koclip_ft
8461,spotify_0029.png,2,3,0,koclip_ft
8462,spotify_0029.png,2,2,0,koclip_ft
8463,spotify_0029.png,3,2,0,koclip_ft
8464,spotify_0029.png,3,3,0,koclip_ft
8465,spotify_0029.png,4,2,0,koclip_ft
8466,spotify_0029.png,3,3,0,koclip_ft
8467,spotify_0029.png,3,2,0,koclip_ft
8468,spotify_0029.png,2,1,0,koclip_ft
8469,spotify_0029.png,3,2,0,koclip_ft
8470,spotify_0029.png,1,2,0,koclip_ft
8471,spotify_0029.png,2,3,0,koclip_ft
8472,spotify_0029.png,0,3,0,koclip_ft
8495,spotify_0044.png,1,3,0,koclip_ft
8496,spotify_0044.png,1,1,0,koclip_ft
8497,spotify_0044.png,1,1,0,koclip_ft
8498,spotify_0044.png,0,2,0,koclip_ft
8521,spotify_0050.png,1,2,0,koclip_ft
8522,spotify_0050.png,4,1,0,koclip_ft
8523,spotify_0050.png,4,0,0,koclip_ft
8593,spotify_0067.png,1,3,0,koclip_ft
8594,spotify_0067.png,0,3,0,koclip_ft
8595,spotify_0067.png,1,1,0,koclip_ft
8596,spotify_0067.png,2,2,0,koclip_ft
8597,spotify_0067.png,2,2,0,koclip_ft
8618,spotify_0079.png,3,3,0,koclip_ft
8619,spotify_0079.png,3,3,0,koclip_ft
8620,spotify_0079.png,2,2,0,koclip_ft
8621,spotify_0079.png,1,0,0,koclip_ft
8665,spotify_0098.png,3,3,0,koclip_ft
8666,spotify_0098.png,0,1,0,koclip_ft
8667,spotify_0098.png,4,1,0,koclip_ft
8668,spotify_0098.png,3,3,0,koclip_ft
8669,spotify_0098.png,1,3,0,koclip_ft
8700,netflix_0005.png,4,4,0,koclip_ft
8701,netflix_0005.png,4,4,0,koclip_ft
8702,netflix_0005.png,4,0,0,koclip_ft
8703,netflix_0005.png,3,4,0,koclip_ft
8714,netflix_0008.png,4,1,0,koclip_ft
8715,netflix_0008.png,4,4,0,koclip_ft
8716,netflix_0008.png,4,1,0,koclip_ft
8717,netflix_0008.png,4,4,0,koclip_ft
8718,netflix_0008.png,4,3,0,koclip_ft
8724,netflix_0012.png,1,0,0,koclip_ft
8725,netflix_0012.png,1,0,0,koclip_ft
8726,netflix_0012.png,0,4,0,koclip_ft
8728,netflix_0014.png,4,4,0,koclip_ft
8729,netflix_0014.png,4,4,0,koclip_ft
8730,netflix_0014.png,2,3,0,koclip_ft
8731,netflix_0014.png,0,4,0,koclip_ft
8732,netflix_0014.png,0,4,0,koclip_ft
8733,netflix_0014.png,0,3,0,koclip_ft
8734,netflix_0014.png,0,2,0,koclip_ft
8735,netflix_0014.png,0,0,0,koclip_ft
8736,netflix_0014.png,4,3,0,koclip_ft
8737,netflix_0014.png,3,4,0,koclip_ft
8738,netflix_0014.png,4,3,0,koclip_ft
8739,netflix_0014.png,2,2,0,koclip_ft
8740,netflix_0014.png,2,2,0,koclip_ft
8741,netflix_0014.png,4,4,0,koclip_ft
8742,netflix_0014.png,3,2,0,koclip_ft
8781,netflix_0023.png,4,3,0,koclip_ft
8782,netflix_0025.png,4,0,0,koclip_ft
8783,netflix_0025.png,4,4,0,koclip_ft
8784,netflix_0025.png,4,1,0,koclip_ft
8785,netflix_0025.png,3,1,0,koclip_ft
8786,netflix_0025.png,4,2,0,koclip_ft
8787,netflix_0027.png,4,4,0,koclip_ft
8788,netflix_0027.png,4,0,0,koclip_ft
8789,netflix_0027.png,4,0,0,koclip_ft
8790,netflix_0027.png,3,3,0,koclip_ft
8821,netflix_0037.png,4,0,0,koclip_ft
8822,netflix_0037.png,4,0,0,koclip_ft
8823,netflix_0037.png,4,4,0,koclip_ft
8824,netflix_0037.png,0,4,0,koclip_ft
8825,netflix_0037.png,0,3,0,koclip_ft
8877,netflix_0050.png,4,4,0,koclip_ft
8878,netflix_0050.png,4,0,0,koclip_ft
8879,netflix_0050.png,3,4,0,koclip_ft
8880,netflix_0050.png,3,0,0,koclip_ft
8881,netflix_0050.png,2,0,0,koclip_ft
8887,netflix_0052.png,2,2,0,koclip_ft
8888,netflix_0052.png,4,0,0,koclip_ft
8889,netflix_0052.png,3,2,0,koclip_ft
8890,netflix_0052.png,2,2,0,koclip_ft
8914,netflix_0058.png,4,4,0,koclip_ft
8915,netflix_0058.png,1,0,0,koclip_ft
8916,netflix_0058.png,1,0,0,koclip_ft
8917,netflix_0058.png,2,2,0,koclip_ft
8918,netflix_0058.png,3,2,0,koclip_ft
8952,netflix_0065.png,4,0,0,koclip_ft
8953,netflix_0065.png,3,4,0,koclip_ft
8954,netflix_0065.png,4,0,0,koclip_ft
8955,netflix_0065.png,1,4,0,koclip_ft
8956,netflix_0065.png,1,1,0,koclip_ft
8969,netflix_0071.png,1,4,0,koclip_ft
8970,netflix_0071.png,3,1,0,koclip_ft
8971,netflix_0071.png,3,1,0,koclip_ft
8972,netflix_0071.png,1,3,0,koclip_ft
8973,netflix_0071.png,1,1,0,koclip_ft
8974,netflix_0071.png,1,4,0,koclip_ft
8975,netflix_0071.png,1,4,0,koclip_ft
8976,netflix_0071.png,4,4,0,koclip_ft
8977,netflix_0071.png,4,4,0,koclip_ft
9014,netflix_0090.png,3,0,0,koclip_ft
9015,netflix_0090.png,1,4,0,koclip_ft
9016,netflix_0090.png,3,1,0,koclip_ft
9017,netflix_0090.png,1,4,0,koclip_ft
9018,netflix_0091.png,4,2,0,koclip_ft
9019,netflix_0091.png,4,3,0,koclip_ft
9020,netflix_0091.png,1,4,0,koclip_ft
9021,netflix_0091.png,0,2,0,koclip_ft
9077,apple_0005.png,1,1,0,koclip_ft
9078,apple_0005.png,3,1,0,koclip_ft
9079,apple_0005.png,3,2,0,koclip_ft
9080,apple_0005.png,3,1,0,koclip_ft
9081,apple_0005.png,1,1,0,koclip_ft
9082,apple_0005.png,4,4,0,koclip_ft
9083,apple_0005.png,1,2,0,koclip_ft
9084,apple_0005.png,0,2,0,koclip_ft
9085,apple_0005.png,0,4,0,koclip_ft
9086,apple_0005.png,0,2,0,koclip_ft
9087,apple_0005.png,0,4,0,koclip_ft
9088,apple_0005.png,0,4,0,koclip_ft
9089,apple_0005.png,4,4,0,koclip_ft
9090,apple_0005.png,4,4,0,koclip_ft
9091,apple_0005.png,3,2,0,koclip_ft
9092,apple_0005.png,2,4,0,koclip_ft
9093,apple_0005.png,2,1,0,koclip_ft
9094,apple_0005.png,4,4,0,koclip_ft
9095,apple_0005.png,1,4,0,koclip_ft
9096,apple_0005.png,1,0,0,koclip_ft
9097,apple_0005.png,2,2,0,koclip_ft
9098,apple_0005.png,4,4,0,koclip_ft
9099,apple_0005.png,4,4,0,koclip_ft
9131,apple_0017.png,4,4,0,koclip_ft
9132,apple_0017.png,3,4,0,koclip_ft
9174,apple_0037.png,4,2,0,koclip_ft
9175,apple_0037.png,3,4,0,koclip_ft
9176,apple_0037.png,4,4,0,koclip_ft
9177,apple_0037.png,3,2,0,koclip_ft
9178,apple_0037.png,1,4,0,koclip_ft
9198,apple_0044.png,1,1,0,koclip_ft
9242,apple_0057.png,4,2,0,koclip_ft
9243,apple_0057.png,4,4,0,koclip_ft
9244,apple_0057.png,3,4,0,koclip_ft
9245,apple_0057.png,2,2,0,koclip_ft
9246,apple_0059.png,4,4,0,koclip_ft
9247,apple_0059.png,4,4,0,koclip_ft
9248,apple_0059.png,3,2,0,koclip_ft
9259,apple_0069.png,3,4,0,koclip_ft
9260,apple_0069.png,4,4,0,koclip_ft
9261,apple_0069.png,4,4,0,koclip_ft
9262,apple_0069.png,4,4,0,koclip_ft
9263,apple_0069.png,4,4,0,koclip_ft
9264,apple_0069.png,4,4,0,koclip_ft
9265,apple_0069.png,2,3,0,koclip_ft
9266,apple_0069.png,1,4,0,koclip_ft
9272,apple_0072.png,4,4,0,koclip_ft
9273,apple_0072.png,4,2,0,koclip_ft
9274,apple_0072.png,4,4,0,koclip_ft
9275,apple_0072.png,4,4,0,koclip_ft
9276,apple_0072.png,3,2,0,koclip_ft
9277,apple_0072.png,3,3,0,koclip_ft
9283,apple_0075.png,4,2,0,koclip_ft
9284,apple_0075.png,4,4,0,koclip_ft
9285,apple_0075.png,4,4,0,koclip_ft
9286,apple_0075.png,4,4,0,koclip_ft
9311,apple_0084.png,4,4,0,koclip_ft
9312,apple_0084.png,3,4,0,koclip_ft
9313,apple_0084.png,3,0,0,koclip_ft
9314,apple_0084.png,2,2,0,koclip_ft
9315,apple_0084.png,2,4,0,koclip_ft
9337,apple_0095.png,4,4,0,koclip_ft
9338,apple_0095.png,4,4,0,koclip_ft
9339,apple_0095.png,2,2,0,koclip_ft
9360,galaxy_0003.png,1,1,0,koclip_ft
9361,galaxy_0003.png,4,0,0,koclip_ft
9362,galaxy_0003.png,3,3,0,koclip_ft
9363,galaxy_0003.png,4,4,0,koclip_ft
9364,galaxy_0003.png,4,4,0,koclip_ft
9365,galaxy_0003.png,2,0,0,koclip_ft
9366,galaxy_0003.png,1,1,0,koclip_ft
9367,galaxy_0003.png,2,1,0,koclip_ft
9368,galaxy_0003.png,4,1,0,koclip_ft
9369,galaxy_0003.png,1,0,0,koclip_ft
9370,galaxy_0003.png,1,4,0,koclip_ft
9371,galaxy_0003.png,1,4,0,koclip_ft
9372,galaxy_0003.png,1,4,0,koclip_ft
9385,galaxy_0008.png,4,4,0,koclip_ft
9386,galaxy_0008.png,1,0,0,koclip_ft
9387,galaxy_0008.png,4,4,0,koclip_ft
9388,galaxy_0008.png,2,4,0,koclip_ft
9389,galaxy_0008.png,0,0,0,koclip_ft
9390,galaxy_0010.png,1,4,0,koclip_ft
9391,galaxy_0010.png,2,4,0,koclip_ft
9392,galaxy_0010.png,3,2,0,koclip_ft
9393,galaxy_0010.png,4,1,0,koclip_ft
9394,galaxy_0010.png,0,1,0,koclip_ft
9417,galaxy_0017.png,4,2,0,koclip_ft
9418,galaxy_0017.png,2,2,0,koclip_ft
9419,galaxy_0017.png,4,4,0,koclip_ft
9420,galaxy_0017.png,1,3,0,koclip_ft
9421,galaxy_0017.png,1,3,0,koclip_ft
9422,galaxy_0017.png,4,3,0,koclip_ft
9423,galaxy_0017.png,2,2,0,koclip_ft
9457,galaxy_0026.png,3,4,0,koclip_ft
9458,galaxy_0026.png,4,0,0,koclip_ft
9459,galaxy_0026.png,4,0,0,koclip_ft
9460,galaxy_0026.png,4,0,0,koclip_ft
9461,galaxy_0026.png,3,2,0,koclip_ft
9462,galaxy_0026.png,3,4,0,koclip_ft
9463,galaxy_0026.png,4,4,0,koclip_ft
9464,galaxy_0026.png,4,4,0,koclip_ft
9465,galaxy_0026.png,4,4,0,koclip_ft
9466,galaxy_0026.png,2,2,0,koclip_ft
9467,galaxy_0026.png,2,1,0,koclip_ft
9468,galaxy_0026.png,2,4,0,koclip_ft
9469,galaxy_0026.png,1,4,0,koclip_ft
9470,galaxy_0026.png,1,4,0,koclip_ft
9471,galaxy_0026.png,1,4,0,koclip_ft
9472,galaxy_0026.png,1,4,0,koclip_ft
9473,galaxy_0026.png,1,3,0,koclip_ft
9474,galaxy_0026.png,1,1,0,koclip_ft
9475,galaxy_0026.png,1,1,0,koclip_ft
9546,galaxy_0041.png,4,4,0,koclip_ft
9547,galaxy_0041.png,4,4,0,koclip_ft
9548,galaxy_0041.png,4,1,0,koclip_ft
9549,galaxy_0041.png,1,1,0,koclip_ft
9550,galaxy_0043.png,4,4,0,koclip_ft
9551,galaxy_0043.png,4,4,0,koclip_ft
9552,galaxy_0043.png,4,3,0,koclip_ft
9553,galaxy_0043.png,3,4,0,koclip_ft
9554,galaxy_0043.png,2,3,0,koclip_ft
9561,galaxy_0048.png,4,4,0,koclip_ft
9562,galaxy_0048.png,4,4,0,koclip_ft
9563,galaxy_0048.png,4,2,0,koclip_ft
9564,galaxy_0048.png,3,2,0,koclip_ft
9565,galaxy_0048.png,2,2,0,koclip_ft
9566,galaxy_0050.png,4,4,0,koclip_ft
9567,galaxy_0050.png,4,4,0,koclip_ft
9568,galaxy_0050.png,3,4,0,koclip_ft
9569,galaxy_0050.png,1,4,0,koclip_ft
9570,galaxy_0050.png,2,4,0,koclip_ft
9571,galaxy_0050.png,3,0,0,koclip_ft
9576,galaxy_0053.png,0,1,0,koclip_ft
9577,galaxy_0054.png,1,4,0,koclip_ft
9578,galaxy_0054.png,1,2,0,koclip_ft
9579,galaxy_0054.png,1,4,0,koclip_ft
9580,galaxy_0054.png,2,4,0,koclip_ft
9581,galaxy_0054.png,2,4,0,koclip_ft
9582,galaxy_0057.png,4,3,0,koclip_ft
9583,galaxy_0057.png,2,2,0,koclip_ft
9584,galaxy_0057.png,3,4,0,koclip_ft
9585,galaxy_0057.png,2,2,0,koclip_ft
9586,galaxy_0057.png,2,2,0,koclip_ft
9612,galaxy_0064.png,4,4,0,koclip_ft
9613,galaxy_0064.png,4,4,0,koclip_ft
9614,galaxy_0064.png,3,4,0,koclip_ft
9615,galaxy_0064.png,4,4,0,koclip_ft
9616,galaxy_0064.png,4,4,0,koclip_ft
9617,galaxy_0065.png,1,4,0,koclip_ft
9618,galaxy_0065.png,1,4,0,koclip_ft
9619,galaxy_0065.png,2,1,0,koclip_ft
9653,galaxy_0074.png,3,1,0,koclip_ft
9654,galaxy_0074.png,3,4,0,koclip_ft
9655,galaxy_0074.png,1,0,0,koclip_ft
9656,galaxy_0074.png,3,4,0,koclip_ft
9657,galaxy_0074.png,1,0,0,koclip_ft
9658,galaxy_0074.png,1,0,0,koclip_ft
9699,galaxy_0084.png,1,4,0,koclip_ft
9700,galaxy_0084.png,4,4,0,koclip_ft
9701,galaxy_0084.png,4,4,0,koclip_ft
9702,galaxy_0084.png,4,4,0,koclip_ft
9703,galaxy_0084.png,4,4,0,koclip_ft
9704,galaxy_0084.png,2,2,0,koclip_ft
9705,galaxy_0084.png,1,4,0,koclip_ft
9706,galaxy_0084.png,1,2,0,koclip_ft
9707,galaxy_0084.png,0,0,0,koclip_ft
9708,galaxy_0084.png,1,2,0,koclip_ft
9709,galaxy_0084.png,1,2,0,koclip_ft
9710,galaxy_0084.png,1,2,0,koclip_ft
9711,galaxy_0084.png,2,2,0,koclip_ft
9717,galaxy_0087.png,3,0,0,koclip_ft
9718,galaxy_0087.png,4,4,0,koclip_ft
9719,galaxy_0087.png,2,4,0,koclip_ft
9720,galaxy_0087.png,3,4,0,koclip_ft
9721,galaxy_0087.png,2,2,0,koclip_ft
9737,galaxy_0090.png,0,1,0,koclip_ft
9738,galaxy_0090.png,1,1,0,koclip_ft
9739,galaxy_0090.png,1,1,0,koclip_ft
9740,galaxy_0090.png,1,1,0,koclip_ft
9741,galaxy_0090.png,4,4,0,koclip_ft
9742,galaxy_0090.png,2,2,0,koclip_ft
9743,galaxy_0090.png,1,1,0,koclip_ft
9744,galaxy_0090.png,2,2,0,koclip_ft
9759,galaxy_0092.png,4,4,0,koclip_ft
9760,galaxy_0092.png,3,4,0,koclip_ft
9812,iphone16_0003.png,0,4,0,koclip_ft
9813,iphone16_0003.png,2,4,0,koclip_ft
9814,iphone16_0003.png,2,3,0,koclip_ft
9815,iphone16_0003.png,4,3,0,koclip_ft
9816,iphone16_0003.png,4,4,0,koclip_ft
9835,iphone16_0006.png,4,4,0,koclip_ft
9836,iphone16_0006.png,4,1,0,koclip_ft
9837,iphone16_0006.png,4,2,0,koclip_ft
9838,iphone16_0006.png,3,0,0,koclip_ft
9839,iphone16_0007.png,1,2,0,koclip_ft
9840,iphone16_0007.png,1,1,0,koclip_ft
9841,iphone16_0007.png,4,4,0,koclip_ft
9842,iphone16_0007.png,0,0,0,koclip_ft
9843,iphone16_0007.png,0,0,0,koclip_ft
9900,iphone16_0026.png,1,4,0,koclip_ft
9901,iphone16_0026.png,4,4,0,koclip_ft
9902,iphone16_0026.png,2,3,0,koclip_ft
9903,iphone16_0026.png,2,2,0,koclip_ft
9904,iphone16_0026.png,4,4,0,koclip_ft
9955,iphone16_0043.png,0,4,0,koclip_ft
9956,iphone16_0043.png,0,0,0,koclip_ft
9957,iphone16_0043.png,0,4,0,koclip_ft
9958,iphone16_0043.png,1,2,0,koclip_ft
9959,iphone16_0043.png,0,2,0,koclip_ft
9964,iphone16_0047.png,4,4,0,koclip_ft
9965,iphone16_0047.png,4,0,0,koclip_ft
9966,iphone16_0047.png,3,1,0,koclip_ft
9967,iphone16_0047.png,2,2,0,koclip_ft
9968,iphone16_0047.png,3,2,0,koclip_ft
9969,iphone16_0047.png,2,2,0,koclip_ft
9970,iphone16_0047.png,2,2,0,koclip_ft
9971,iphone16_0047.png,3,1,0,koclip_ft
9972,iphone16_0047.png,4,2,0,koclip_ft
10007,iphone16_0057.png,4,2,0,koclip_ft
10008,iphone16_0057.png,0,4,0,koclip_ft
10009,iphone16_0057.png,0,4,0,koclip_ft
10010,iphone16_0057.png,0,4,0,koclip_ft
10011,iphone16_0057.png,0,4,0,koclip_ft
10012,iphone16_0057.png,4,4,0,koclip_ft
10013,iphone16_0057.png,4,0,0,koclip_ft
10014,iphone16_0057.png,4,0,0,koclip_ft
10015,iphone16_0057.png,2,2,0,koclip_ft
10016,iphone16_0057.png,4,2,0,koclip_ft
10017,iphone16_0057.png,1,1,0,koclip_ft
10018,iphone16_0057.png,4,1,0,koclip_ft
10028,iphone16_0059.png,0,4,0,koclip_ft
10029,iphone16_0059.png,4,4,0,koclip_ft
10030,iphone16_0059.png,3,4,0,koclip_ft
10031,iphone16_0059.png,1,2,0,koclip_ft
10032,iphone16_0059.png,0,4,0,koclip_ft
10055,iphone16_0066.png,4,4,0,koclip_ft
10056,iphone16_0066.png,4,4,0,koclip_ft
10057,iphone16_0066.png,1,4,0,koclip_ft
10058,iphone16_0066.png,2,2,0,koclip_ft
10059,iphone16_0066.png,2,4,0,koclip_ft
10060,iphone16_0067.png,0,4,0,koclip_ft
10061,iphone16_0067.png,0,2,0,koclip_ft
10062,iphone16_0067.png,0,0,0,koclip_ft
10063,iphone16_0067.png,0,0,0,koclip_ft
10064,iphone16_0067.png,4,4,0,koclip_ft
10073,iphone16_0072.png,4,4,0,koclip_ft
10074,iphone16_0072.png,1,4,0,koclip_ft
10075,iphone16_0072.png,4,4,0,koclip_ft
10076,iphone16_0072.png,0,0,0,koclip_ft
10234,iphone16_0094.png,4,1,0,koclip_ft
10235,iphone16_0094.png,4,3,0,koclip_ft
10236,iphone16_0094.png,4,4,0,koclip_ft
10237,iphone16_0094.png,4,4,0,koclip_ft
10238,iphone16_0094.png,2,1,0,koclip_ft
10239,iphone16_0094.png,3,4,0,koclip_ft
10240,iphone16_0094.png,2,2,0,koclip_ft
10241,iphone16_0094.png,1,4,0,koclip_ft
10282,healthstagram_0009.png,4,3,0,koclip_ft
10283,healthstagram_0009.png,4,4,0,koclip_ft
10284,healthstagram_0009.png,4,4,0,koclip_ft
10285,healthstagram_0009.png,3,3,0,koclip_ft
10286,healthstagram_0009.png,4,4,0,koclip_ft
10287,healthstagram_0009.png,3,2,0,koclip_ft
10288,healthstagram_0009.png,4,0,0,koclip_ft
10289,healthstagram_0009.png,1,0,0,koclip_ft
10290,healthstagram_0009.png,3,3,0,koclip_ft
10291,healthstagram_0009.png,1,4,0,koclip_ft
10414,healthstagram_0031.png,2,2,0,koclip_ft
10415,healthstagram_0031.png,2,2,0,koclip_ft
10416,healthstagram_0031.png,4,4,0,koclip_ft
10417,healthstagram_0031.png,4,4,0,koclip_ft
10418,healthstagram_0031.png,4,0,0,koclip_ft
10419,healthstagram_0031.png,1,1,0,koclip_ft
10420,healthstagram_0031.png,3,2,0,koclip_ft
10421,healthstagram_0035.png,4,2,0,koclip_ft
10422,healthstagram_0035.png,1,3,0,koclip_ft
10423,healthstagram_0035.png,0,0,0,koclip_ft
10424,healthstagram_0035.png,1,3,0,koclip_ft
10425,healthstagram_0035.png,4,2,0,koclip_ft
10426,healthstagram_0035.png,0,0,0,koclip_ft
10427,healthstagram_0035.png,1,1,0,koclip_ft
10428,healthstagram_0035.png,1,1,0,koclip_ft
10429,healthstagram_0035.png,4,4,0,koclip_ft
10430,healthstagram_0035.png,3,3,0,koclip_ft
10431,healthstagram_0035.png,2,3,0,koclip_ft
10432,healthstagram_0035.png,4,4,0,koclip_ft
10433,healthstagram_0035.png,4,1,0,koclip_ft
10434,healthstagram_0035.png,3,4,0,koclip_ft
10435,healthstagram_0035.png,4,4,0,koclip_ft
10471,healthstagram_0040.png,0,1,0,koclip_ft
10472,healthstagram_0040.png,3,3,0,koclip_ft
10473,healthstagram_0040.png,3,2,0,koclip_ft
10474,healthstagram_0040.png,2,1,0,koclip_ft
10475,healthstagram_0040.png,3,2,0,koclip_ft
10476,healthstagram_0040.png,2,1,0,koclip_ft
10477,healthstagram_0040.png,2,2,0,koclip_ft
10478,healthstagram_0040.png,4,3,0,koclip_ft
10479,healthstagram_0040.png,4,4,0,koclip_ft
10480,healthstagram_0040.png,4,4,0,koclip_ft
10481,healthstagram_0040.png,4,4,0,koclip_ft
10482,healthstagram_0040.png,3,3,0,koclip_ft
10483,healthstagram_0040.png,4,4,0,koclip_ft
10484,healthstagram_0040.png,4,4,0,koclip_ft
10485,healthstagram_0040.png,2,2,0,koclip_ft
10486,healthstagram_0040.png,1,0,0,koclip_ft
10487,healthstagram_0040.png,1,1,0,koclip_ft
10488,healthstagram_0040.png,1,0,0,koclip_ft
10489,healthstagram_0040.png,4,4,0,koclip_ft
10512,healthstagram_0049.png,1,0,0,koclip_ft
10532,healthstagram_0056.png,4,4,0,koclip_ft
10533,healthstagram_0056.png,4,4,0,koclip_ft
10534,healthstagram_0056.png,2,2,0,koclip_ft
10535,healthstagram_0056.png,4,4,0,koclip_ft
10536,healthstagram_0056.png,3,3,0,koclip_ft
10537,healthstagram_0056.png,0,0,0,koclip_ft
10538,healthstagram_0056.png,0,0,0,koclip_ft
10539,healthstagram_0056.png,1,1,0,koclip_ft
10540,healthstagram_0056.png,4,4,0,koclip_ft
10541,healthstagram_0056.png,4,4,0,koclip_ft
10542,healthstagram_0056.png,2,2,0,koclip_ft
10543,healthstagram_0056.png,3,4,0,koclip_ft
10544,healthstagram_0056.png,4,4,0,koclip_ft
10545,healthstagram_0056.png,2,2,0,koclip_ft
10546,healthstagram_0056.png,2,2,0,koclip_ft
10547,healthstagram_0056.png,3,2,0,koclip_ft
10548,healthstagram_0056.png,4,0,0,koclip_ft
10589,healthstagram_0064.png,4,1,0,koclip_ft
10590,healthstagram_0064.png,1,4,0,koclip_ft
10591,healthstagram_0064.png,2,4,0,koclip_ft
10592,healthstagram_0064.png,3,3,0,koclip_ft
10593,healthstagram_0064.png,3,3,0,koclip_ft
10620,healthstagram_0069.png,2,2,0,koclip_ft
10621,healthstagram_0073.png,4,3,0,koclip_ft
10622,healthstagram_0073.png,4,4,0,koclip_ft
10623,healthstagram_0073.png,4,4,0,koclip_ft
10624,healthstagram_0073.png,4,4,0,koclip_ft
10625,healthstagram_0073.png,4,3,0,koclip_ft
10626,healthstagram_0073.png,4,0,0,koclip_ft
10627,healthstagram_0073.png,2,2,0,koclip_ft
10628,healthstagram_0073.png,2,2,0,koclip_ft
10629,healthstagram_0073.png,2,2,0,koclip_ft
10630,healthstagram_0073.png,2,2,0,koclip_ft
10631,healthstagram_0073.png,1,2,0,koclip_ft
10632,healthstagram_0073.png,2,2,0,koclip_ft
10633,healthstagram_0073.png,4,4,0,koclip_ft
10634,healthstagram_0073.png,4,4,0,koclip_ft
10635,healthstagram_0073.png,3,4,0,koclip_ft
10641,healthstagram_0080.png,2,2,0,koclip_ft
10642,healthstagram_0080.png,4,4,0,koclip_ft
10643,healthstagram_0080.png,3,4,0,koclip_ft
10644,healthstagram_0080.png,4,4,0,koclip_ft
10645,healthstagram_0080.png,2,3,0,koclip_ft
10647,healthstagram_0083.png,1,4,0,koclip_ft
10679,healthstagram_0087.png,4,4,0,koclip_ft
10680,healthstagram_0087.png,3,4,0,koclip_ft
10681,healthstagram_0087.png,2,4,0,koclip_ft
10682,healthstagram_0087.png,2,2,0,koclip_ft
10683,healthstagram_0087.png,1,3,0,koclip_ft
10684,healthstagram_0087.png,2,4,0,koclip_ft
10685,healthstagram_0087.png,4,4,0,koclip_ft
10686,healthstagram_0087.png,1,1,0,koclip_ft
10687,healthstagram_0087.png,1,2,0,koclip_ft
10688,healthstagram_0087.png,4,4,0,koclip_ft
10689,healthstagram_0087.png,2,2,0,koclip_ft
10690,healthstagram_0087.png,2,2,0,koclip_ft
10778,healthstagram_0099.png,4,4,0,koclip_ft
10779,healthstagram_0099.png,1,2,0,koclip_ft
10780,healthstagram_0099.png,2,0,0,koclip_ft
10781,healthstagram_0099.png,0,0,0,koclip_ft
10782,healthstagram_0099.png,1,1,0,koclip_ft
10799,ounwan_0006.png,4,1,0,koclip_ft
10800,ounwan_0006.png,1,1,0,koclip_ft
10801,ounwan_0006.png,1,1,0,koclip_ft
10802,ounwan_0006.png,0,4,0,koclip_ft
10803,ounwan_0006.png,1,1,0,koclip_ft
10804,ounwan_0006.png,0,3,0,koclip_ft
10805,ounwan_0006.png,2,4,0,koclip_ft
10806,ounwan_0006.png,0,0,0,koclip_ft
10807,ounwan_0006.png,0,1,0,koclip_ft
10808,ounwan_0006.png,0,1,0,koclip_ft
10809,ounwan_0006.png,2,2,0,koclip_ft
10810,ounwan_0006.png,2,2,0,koclip_ft
10811,ounwan_0006.png,4,0,0,koclip_ft
10812,ounwan_0006.png,0,0,0,koclip_ft
10813,ounwan_0006.png,0,4,0,koclip_ft
10814,ounwan_0006.png,2,3,0,koclip_ft
10815,ounwan_0006.png,2,3,0,koclip_ft
10816,ounwan_0006.png,3,1,0,koclip_ft
10817,ounwan_0006.png,0,3,0,koclip_ft
10963,ounwan_0034.png,4,4,0,koclip_ft
10964,ounwan_0034.png,4,4,0,koclip_ft
10965,ounwan_0034.png,3,3,0,koclip_ft
10966,ounwan_0034.png,3,3,0,koclip_ft
10967,ounwan_0034.png,2,2,0,koclip_ft
11120,ounwan_0057.png,1,3,0,koclip_ft
11121,ounwan_0057.png,1,4,0,koclip_ft
11122,ounwan_0057.png,1,3,0,koclip_ft
11123,ounwan_0057.png,2,4,0,koclip_ft
11124,ounwan_0057.png,2,2,0,koclip_ft
11125,ounwan_0057.png,2,2,0,koclip_ft
11126,ounwan_0057.png,2,2,0,koclip_ft
11127,ounwan_0057.png,2,0,0,koclip_ft
11128,ounwan_0057.png,1,3,0,koclip_ft
11129,ounwan_0057.png,0,0,0,koclip_ft
11130,ounwan_0057.png,2,2,0,koclip_ft
11131,ounwan_0057.png,1,2,0,koclip_ft
11132,ounwan_0057.png,0,1,0,koclip_ft
11135,ounwan_0059.png,3,3,0,koclip_ft
11140,ounwan_0062.png,4,0,0,koclip_ft
11141,ounwan_0062.png,4,4,0,koclip_ft
11154,ounwan_0064.png,3,1,0,koclip_ft
11155,ounwan_0064.png,3,0,0,koclip_ft
11156,ounwan_0065.png,1,4,0,koclip_ft
11157,ounwan_0065.png,0,4,0,koclip_ft
11158,ounwan_0065.png,0,2,0,koclip_ft
11159,ounwan_0065.png,0,0,0,koclip_ft
11160,ounwan_0065.png,0,0,0,koclip_ft
11161,ounwan_0065.png,3,1,0,koclip_ft
11162,ounwan_0065.png,0,3,0,koclip_ft
11163,ounwan_0065.png,1,3,0,koclip_ft
11164,ounwan_0065.png,2,2,0,koclip_ft
11165,ounwan_0065.png,3,3,0,koclip_ft
11166,ounwan_0065.png,1,4,0,koclip_ft
11167,ounwan_0065.png,0,4,0,koclip_ft
11168,ounwan_0065.png,0,2,0,koclip_ft
11169,ounwan_0065.png,0,1,0,koclip_ft
11170,ounwan_0065.png,0,0,0,koclip_ft
11171,ounwan_0065.png,2,2,0,koclip_ft
11172,ounwan_0065.png,1,4,0,koclip_ft
11173,ounwan_0065.png,0,0,0,koclip_ft
11174,ounwan_0065.png,3,3,0,koclip_ft
11175,ounwan_0065.png,0,4,0,koclip_ft
11176,ounwan_0065.png,1,4,0,koclip_ft
11177,ounwan_0065.png,3,4,0,koclip_ft
11178,ounwan_0065.png,1,1,0,koclip_ft
11179,ounwan_0065.png,0,1,0,koclip_ft
11180,ounwan_0065.png,1,0,0,koclip_ft
11181,ounwan_0065.png,0,0,0,koclip_ft
11182,ounwan_0065.png,0,4,0,koclip_ft
11183,ounwan_0065.png,1,1,0,koclip_ft
11184,ounwan_0065.png,0,4,0,koclip_ft
11218,ounwan_0073.png,2,3,0,koclip_ft
11219,ounwan_0073.png,2,2,0,koclip_ft
11220,ounwan_0073.png,4,4,0,koclip_ft
11221,ounwan_0073.png,4,3,0,koclip_ft
11222,ounwan_0073.png,1,2,0,koclip_ft
11223,ounwan_0073.png,4,0,0,koclip_ft
11224,ounwan_0073.png,2,2,0,koclip_ft
11225,ounwan_0073.png,3,3,0,koclip_ft
11226,ounwan_0073.png,4,3,0,koclip_ft
11227,ounwan_0073.png,2,3,0,koclip_ft
11228,ounwan_0073.png,3,4,0,koclip_ft
11229,ounwan_0073.png,4,4,0,koclip_ft
11230,ounwan_0073.png,2,2,0,koclip_ft
11231,ounwan_0073.png,4,3,0,koclip_ft
11232,ounwan_0073.png,3,2,0,koclip_ft
11233,ounwan_0073.png,4,2,0,koclip_ft
11234,ounwan_0073.png,2,1,0,koclip_ft
11235,ounwan_0073.png,2,2,0,koclip_ft
11236,ounwan_0073.png,4,0,0,koclip_ft
11237,ounwan_0073.png,4,4,0,koclip_ft
11238,ounwan_0073.png,2,2,0,koclip_ft
11239,ounwan_0073.png,4,4,0,koclip_ft
11240,ounwan_0073.png,1,0,0,koclip_ft
11241,ounwan_0073.png,0,3,0,koclip_ft
11242,ounwan_0073.png,2,3,0,koclip_ft
11243,ounwan_0073.png,4,4,0,koclip_ft
11244,ounwan_0073.png,4,4,0,koclip_ft
11245,ounwan_0073.png,2,2,0,koclip_ft
11246,ounwan_0073.png,3,3,0,koclip_ft
11247,ounwan_0073.png,0,0,0,koclip_ft
11248,ounwan_0075.png,0,0,0,koclip_ft
11249,ounwan_0075.png,1,3,0,koclip_ft
11250,ounwan_0075.png,4,4,0,koclip_ft
11251,ounwan_0075.png,1,2,0,koclip_ft
11252,ounwan_0075.png,1,2,0,koclip_ft
11253,ounwan_0075.png,2,2,0,koclip_ft
11254,ounwan_0075.png,1,0,0,koclip_ft
11255,ounwan_0075.png,1,3,0,koclip_ft
11256,ounwan_0075.png,0,4,0,koclip_ft
11257,ounwan_0075.png,0,2,0,koclip_ft
11258,ounwan_0075.png,1,4,0,koclip_ft
11259,ounwan_0075.png,0,3,0,koclip_ft
11260,ounwan_0075.png,1,4,0,koclip_ft
11261,ounwan_0075.png,1,4,0,koclip_ft
11262,ounwan_0075.png,0,4,0,koclip_ft
11263,ounwan_0075.png,0,4,0,koclip_ft
11264,ounwan_0075.png,0,3,0,koclip_ft
11265,ounwan_0075.png,0,0,0,koclip_ft
11266,ounwan_0075.png,0,0,0,koclip_ft
11267,ounwan_0075.png,0,3,0,koclip_ft
11275,ounwan_0078.png,4,4,0,koclip_ft
11276,ounwan_0078.png,4,3,0,koclip_ft
11298,ounwan_0081.png,3,3,0,koclip_ft
11299,ounwan_0081.png,4,3,0,koclip_ft
11300,ounwan_0081.png,2,2,0,koclip_ft
11301,ounwan_0081.png,2,2,0,koclip_ft
11302,ounwan_0081.png,3,3,0,koclip_ft
11355,ounwan_0091.png,3,3,0,koclip_ft
11356,ounwan_0091.png,2,2,0,koclip_ft
11357,ounwan_0091.png,2,2,0,koclip_ft
11358,ounwan_0091.png,4,2,0,koclip_ft
11359,ounwan_0091.png,4,4,0,koclip_ft
11369,ounwan_0095.png,3,3,0,koclip_ft
11370,ounwan_0095.png,4,4,0,koclip_ft
11371,ounwan_0095.png,3,3,0,koclip_ft
11372,ounwan_0095.png,3,3,0,koclip_ft
11373,ounwan_0095.png,3,4,0,koclip_ft
11374,ounwan_0095.png,4,4,0,koclip_ft
11375,ounwan_0095.png,3,4,0,koclip_ft
11376,ounwan_0095.png,4,0,0,koclip_ft
11377,ounwan_0095.png,2,2,0,koclip_ft
11378,ounwan_0095.png,0,1,0,koclip_ft
11379,ounwan_0095.png,0,0,0,koclip_ft
11399,dietfood_0001.png,4,3,0,koclip_ft
11400,dietfood_0001.png,3,2,0,koclip_ft
11401,dietfood_0001.png,4,1,0,koclip_ft
11402,dietfood_0001.png,3,2,0,koclip_ft
11403,dietfood_0001.png,4,2,0,koclip_ft
11404,dietfood_0001.png,2,3,0,koclip_ft
11405,dietfood_0001.png,1,4,0,koclip_ft
11450,dietfood_0009.png,4,1,0,koclip_ft
11451,dietfood_0009.png,4,2,0,koclip_ft
11452,dietfood_0009.png,2,2,0,koclip_ft
11456,dietfood_0011.png,0,4,0,koclip_ft
11457,dietfood_0011.png,0,4,0,koclip_ft
11458,dietfood_0011.png,0,4,0,koclip_ft
11483,dietfood_0016.png,4,3,0,koclip_ft
11484,dietfood_0016.png,1,4,0,koclip_ft
11485,dietfood_0016.png,4,1,0,koclip_ft
11486,dietfood_0017.png,4,4,0,koclip_ft
11487,dietfood_0017.png,3,3,0,koclip_ft
11488,dietfood_0017.png,4,4,0,koclip_ft
11489,dietfood_0017.png,3,3,0,koclip_ft
11490,dietfood_0017.png,2,1,0,koclip_ft
11491,dietfood_0017.png,2,2,0,koclip_ft
11502,dietfood_0020.png,4,4,0,koclip_ft
11503,dietfood_0020.png,3,4,0,koclip_ft
11504,dietfood_0020.png,4,4,0,koclip_ft
11505,dietfood_0020.png,4,4,0,koclip_ft
11506,dietfood_0020.png,3,3,0,koclip_ft
11513,dietfood_0022.png,4,4,0,koclip_ft
11626,dietfood_0038.png,4,3,0,koclip_ft
11627,dietfood_0038.png,4,4,0,koclip_ft
11628,dietfood_0038.png,3,2,0,koclip_ft
11629,dietfood_0038.png,3,3,0,koclip_ft
11630,dietfood_0038.png,2,2,0,koclip_ft
11631,dietfood_0038.png,3,2,0,koclip_ft
11632,dietfood_0038.png,3,3,0,koclip_ft
11633,dietfood_0038.png,3,3,0,koclip_ft
11634,dietfood_0038.png,4,2,0,koclip_ft
11635,dietfood_0038.png,3,2,0,koclip_ft
11636,dietfood_0041.png,2,0,0,koclip_ft
11637,dietfood_0041.png,2,3,0,koclip_ft
11638,dietfood_0041.png,3,2,0,koclip_ft
11639,dietfood_0041.png,3,0,0,koclip_ft
11645,dietfood_0044.png,4,3,0,koclip_ft
11646,dietfood_0044.png,4,4,0,koclip_ft
11647,dietfood_0044.png,3,4,0,koclip_ft
11648,dietfood_0044.png,3,3,0,koclip_ft
11649,dietfood_0044.png,3,3,0,koclip_ft
11755,dietfood_0062.png,4,3,0,koclip_ft
11756,dietfood_0062.png,4,0,0,koclip_ft
11757,dietfood_0062.png,4,4,0,koclip_ft
11758,dietfood_0062.png,3,3,0,koclip_ft
11759,dietfood_0062.png,4,3,0,koclip_ft
11806,dietfood_0070.png,3,2,0,koclip_ft
11807,dietfood_0070.png,2,2,0,koclip_ft
11808,dietfood_0070.png,2,2,0,koclip_ft
11809,dietfood_0070.png,3,3,0,koclip_ft
11810,dietfood_0070.png,3,4,0,koclip_ft
11811,dietfood_0070.png,1,4,0,koclip_ft
11812,dietfood_0070.png,3,4,0,koclip_ft
11813,dietfood_0070.png,1,4,0,koclip_ft
11814,dietfood_0070.png,4,0,0,koclip_ft
11815,dietfood_0070.png,4,0,0,koclip_ft
11816,dietfood_0070.png,4,4,0,koclip_ft
11817,dietfood_0070.png,4,4,0,koclip_ft
11864,dietfood_0077.png,3,3,0,koclip_ft
11865,dietfood_0077.png,3,4,0,koclip_ft
11866,dietfood_0077.png,4,3,0,koclip_ft
11867,dietfood_0077.png,2,3,0,koclip_ft
11868,dietfood_0077.png,3,4,0,koclip_ft
11886,dietfood_0082.png,4,4,0,koclip_ft
11887,dietfood_0082.png,4,4,0,koclip_ft
11888,dietfood_0082.png,4,4,0,koclip_ft
11889,dietfood_0082.png,4,4,0,koclip_ft
11890,dietfood_0082.png,0,3,0,koclip_ft
11891,dietfood_0082.png,4,1,0,koclip_ft
11892,dietfood_0082.png,4,1,0,koclip_ft
11893,dietfood_0082.png,2,3,0,koclip_ft
11894,dietfood_0082.png,4,4,0,koclip_ft
11895,dietfood_0082.png,3,3,0,koclip_ft
11896,dietfood_0082.png,3,3,0,koclip_ft
11897,dietfood_0082.png,4,4,0,koclip_ft
11898,dietfood_0082.png,4,3,0,koclip_ft
11899,dietfood_0082.png,2,4,0,koclip_ft
11900,dietfood_0082.png,2,3,0,koclip_ft
11942,dietfood_0089.png,2,3,0,koclip_ft
11943,dietfood_0089.png,2,4,0,koclip_ft
11944,dietfood_0089.png,4,3,0,koclip_ft
11945,dietfood_0089.png,1,4,0,koclip_ft
11946,dietfood_0089.png,1,0,0,koclip_ft
11947,dietfood_0089.png,2,3,0,koclip_ft
11950,dietfood_0092.png,3,1,0,koclip_ft
11951,dietfood_0092.png,3,4,0,koclip_ft
11952,dietfood_0092.png,4,3,0,koclip_ft
11953,dietfood_0092.png,2,2,0,koclip_ft
11954,dietfood_0092.png,2,2,0,koclip_ft
15,ai_0005.png,4,0,1,koclip_ft
16,ai_0005.png,1,1,1,koclip_ft
17,ai_0005.png,0,4,1,koclip_ft
18,ai_0005.png,0,0,1,koclip_ft
19,ai_0005.png,0,4,1,koclip_ft
45,ai_0010.png,2,1,1,koclip_ft
46,ai_0010.png,4,0,1,koclip_ft
47,ai_0010.png,4,1,1,koclip_ft
48,ai_0010.png,3,4,1,koclip_ft
49,ai_0010.png,4,0,1,koclip_ft
50,ai_0010.png,4,4,1,koclip_ft
51,ai_0010.png,3,2,1,koclip_ft
52,ai_0010.png,2,2,1,koclip_ft
53,ai_0010.png,1,1,1,koclip_ft
54,ai_0010.png,3,4,1,koclip_ft
55,ai_0012.png,3,4,1,koclip_ft
56,ai_0012.png,3,2,1,koclip_ft
57,ai_0012.png,4,4,1,koclip_ft
58,ai_0012.png,1,3,1,koclip_ft
59,ai_0012.png,1,1,1,koclip_ft
60,ai_0012.png,0,0,1,koclip_ft
61,ai_0012.png,0,0,1,koclip_ft
62,ai_0012.png,1,2,1,koclip_ft
63,ai_0012.png,1,2,1,koclip_ft
64,ai_0012.png,1,1,1,koclip_ft
65,ai_0012.png,1,0,1,koclip_ft
66,ai_0012.png,0,3,1,koclip_ft
67,ai_0012.png,1,2,1,koclip_ft
68,ai_0012.png,1,2,1,koclip_ft
69,ai_0012.png,4,4,1,koclip_ft
70,ai_0012.png,4,3,1,koclip_ft
71,ai_0012.png,2,2,1,koclip_ft
72,ai_0012.png,2,1,1,koclip_ft
73,ai_0012.png,2,2,1,koclip_ft
74,ai_0012.png,4,4,1,koclip_ft
75,ai_0012.png,3,0,1,koclip_ft
76,ai_0012.png,2,2,1,koclip_ft
77,ai_0012.png,3,2,1,koclip_ft
121,ai_0016.png,4,2,1,koclip_ft
122,ai_0016.png,4,0,1,koclip_ft
123,ai_0016.png,4,2,1,koclip_ft
124,ai_0016.png,4,3,1,koclip_ft
125,ai_0016.png,4,3,1,koclip_ft
126,ai_0016.png,4,1,1,koclip_ft
127,ai_0016.png,4,1,1,koclip_ft
128,ai_0016.png,4,2,1,koclip_ft
129,ai_0016.png,4,4,1,koclip_ft
130,ai_0016.png,1,2,1,koclip_ft
131,ai_0016.png,2,2,1,koclip_ft
132,ai_0016.png,2,2,1,koclip_ft
133,ai_0016.png,4,2,1,koclip_ft
134,ai_0016.png,1,2,1,koclip_ft
135,ai_0016.png,0,2,1,koclip_ft
136,ai_0016.png,1,2,1,koclip_ft
137,ai_0016.png,2,2,1,koclip_ft
138,ai_0017.png,4,4,1,koclip_ft
139,ai_0017.png,3,1,1,koclip_ft
140,ai_0017.png,4,1,1,koclip_ft
141,ai_0017.png,4,2,1,koclip_ft
142,ai_0017.png,4,1,1,koclip_ft
143,ai_0017.png,3,2,1,koclip_ft
144,ai_0017.png,3,3,1,koclip_ft
145,ai_0017.png,2,0,1,koclip_ft
146,ai_0017.png,1,4,1,koclip_ft
147,ai_0017.png,1,4,1,koclip_ft
148,ai_0017.png,1,0,1,koclip_ft
149,ai_0017.png,1,2,1,koclip_ft
150,ai_0017.png,1,1,1,koclip_ft
151,ai_0017.png,1,2,1,koclip_ft
152,ai_0017.png,1,2,1,koclip_ft
153,ai_0017.png,1,2,1,koclip_ft
154,ai_0017.png,1,4,1,koclip_ft
155,ai_0017.png,1,2,1,koclip_ft
156,ai_0017.png,1,2,1,koclip_ft
257,domesticTravel_0005.png,3,1,1,koclip_ft
302,domesticTravel_0015.png,4,3,1,koclip_ft
303,domesticTravel_0015.png,1,1,1,koclip_ft
304,domesticTravel_0015.png,4,4,1,koclip_ft
305,domesticTravel_0015.png,3,2,1,koclip_ft
367,fall_0003.png,0,4,1,koclip_ft
368,fall_0003.png,0,4,1,koclip_ft
369,fall_0003.png,0,4,1,koclip_ft
370,fall_0003.png,0,4,1,koclip_ft
371,fall_0003.png,0,4,1,koclip_ft
372,fall_0003.png,0,4,1,koclip_ft
377,fall_0006.png,4,0,1,koclip_ft
488,fall_0015.png,4,2,1,koclip_ft
489,fall_0015.png,3,1,1,koclip_ft
490,fall_0015.png,3,2,1,koclip_ft
491,fall_0015.png,1,4,1,koclip_ft
492,fall_0015.png,2,4,1,koclip_ft
493,fall_0015.png,3,3,1,koclip_ft
494,fall_0015.png,3,3,1,koclip_ft
495,fall_0015.png,2,2,1,koclip_ft
496,fall_0015.png,4,2,1,koclip_ft
497,fall_0015.png,4,1,1,koclip_ft
521,fall_0021.png,3,4,1,koclip_ft
522,fall_0021.png,4,2,1,koclip_ft
523,fall_0021.png,3,3,1,koclip_ft
524,fall_0021.png,3,3,1,koclip_ft
525,fall_0021.png,2,2,1,koclip_ft
526,fall_0021.png,3,2,1,koclip_ft
527,fall_0021.png,3,1,1,koclip_ft
528,fall_0021.png,2,2,1,koclip_ft
529,fall_0021.png,2,1,1,koclip_ft
530,fall_0021.png,3,4,1,koclip_ft
531,fall_0021.png,4,4,1,koclip_ft
532,fall_0021.png,4,4,1,koclip_ft
533,fall_0021.png,4,4,1,koclip_ft
534,fall_0021.png,3,4,1,koclip_ft
535,fall_0021.png,4,2,1,koclip_ft
536,fall_0021.png,2,1,1,koclip_ft
559,fall_0023.png,4,4,1,koclip_ft
560,fall_0023.png,3,1,1,koclip_ft
561,fall_0023.png,3,1,1,koclip_ft
562,fall_0023.png,4,0,1,koclip_ft
563,fall_0023.png,4,4,1,koclip_ft
564,fall_0023.png,1,0,1,koclip_ft
565,fashion_0001.png,4,1,1,koclip_ft
566,fashion_0001.png,4,4,1,koclip_ft
726,movie_0004.png,1,1,1,koclip_ft
727,movie_0004.png,1,1,1,koclip_ft
728,movie_0004.png,1,1,1,koclip_ft
729,movie_0004.png,1,2,1,koclip_ft
730,movie_0004.png,4,4,1,koclip_ft
731,movie_0004.png,4,4,1,koclip_ft
732,movie_0004.png,4,3,1,koclip_ft
733,movie_0004.png,3,2,1,koclip_ft
734,movie_0004.png,1,1,1,koclip_ft
735,movie_0004.png,1,1,1,koclip_ft
736,movie_0004.png,4,4,1,koclip_ft
737,movie_0004.png,4,4,1,koclip_ft
738,movie_0004.png,2,3,1,koclip_ft
739,movie_0004.png,3,3,1,koclip_ft
740,movie_0004.png,2,3,1,koclip_ft
741,movie_0004.png,2,1,1,koclip_ft
742,movie_0004.png,1,1,1,koclip_ft
743,movie_0004.png,1,0,1,koclip_ft
744,movie_0004.png,4,4,1,koclip_ft
745,movie_0004.png,4,4,1,koclip_ft
746,movie_0004.png,1,2,1,koclip_ft
747,movie_0004.png,1,1,1,koclip_ft
748,movie_0004.png,1,1,1,koclip_ft
749,movie_0004.png,1,1,1,koclip_ft
750,movie_0004.png,4,0,1,koclip_ft
751,movie_0004.png,4,2,1,koclip_ft
752,movie_0004.png,0,0,1,koclip_ft
874,movie_0018.png,4,2,1,koclip_ft
875,movie_0018.png,4,1,1,koclip_ft
876,movie_0018.png,3,2,1,koclip_ft
962,olive_0007.png,4,2,1,koclip_ft
963,olive_0007.png,3,3,1,koclip_ft
964,olive_0007.png,3,3,1,koclip_ft
965,olive_0007.png,4,4,1,koclip_ft
966,olive_0007.png,4,0,1,koclip_ft
967,olive_0007.png,4,0,1,koclip_ft
968,olive_0007.png,1,0,1,koclip_ft
969,olive_0007.png,1,4,1,koclip_ft
970,olive_0007.png,1,2,1,koclip_ft
971,olive_0007.png,1,1,1,koclip_ft
972,olive_0007.png,4,1,1,koclip_ft
973,olive_0007.png,4,4,1,koclip_ft
974,olive_0007.png,4,4,1,koclip_ft
975,olive_0007.png,1,2,1,koclip_ft
976,olive_0007.png,1,4,1,koclip_ft
977,olive_0007.png,4,3,1,koclip_ft
978,olive_0007.png,3,3,1,koclip_ft
979,olive_0007.png,2,3,1,koclip_ft
980,olive_0007.png,2,2,1,koclip_ft
981,olive_0007.png,2,3,1,koclip_ft
982,olive_0007.png,2,2,1,koclip_ft
983,olive_0007.png,1,3,1,koclip_ft
984,olive_0007.png,1,3,1,koclip_ft
985,olive_0007.png,2,3,1,koclip_ft
986,olive_0007.png,1,2,1,koclip_ft
987,olive_0007.png,3,4,1,koclip_ft
988,olive_0010.png,1,1,1,koclip_ft
989,olive_0010.png,1,1,1,koclip_ft
990,olive_0010.png,2,2,1,koclip_ft
991,olive_0010.png,4,4,1,koclip_ft
992,olive_0010.png,3,3,1,koclip_ft
993,olive_0010.png,3,2,1,koclip_ft
994,olive_0010.png,1,1,1,koclip_ft
995,olive_0010.png,2,1,1,koclip_ft
996,olive_0010.png,3,2,1,koclip_ft
1037,olive_0014.png,4,4,1,koclip_ft
1069,olive_0020.png,4,1,1,koclip_ft
1070,olive_0020.png,4,0,1,koclip_ft
1071,olive_0020.png,4,0,1,koclip_ft
1072,olive_0020.png,4,0,1,koclip_ft
1073,olive_0020.png,4,4,1,koclip_ft
1074,olive_0020.png,4,4,1,koclip_ft
1075,olive_0020.png,3,3,1,koclip_ft
1076,olive_0020.png,3,3,1,koclip_ft
1077,olive_0020.png,2,1,1,koclip_ft
1078,olive_0020.png,2,2,1,koclip_ft
1079,olive_0020.png,2,2,1,koclip_ft
1080,olive_0020.png,2,2,1,koclip_ft
1081,olive_0020.png,1,4,1,koclip_ft
1082,olive_0020.png,1,0,1,koclip_ft
1083,olive_0020.png,2,2,1,koclip_ft
1084,olive_0020.png,3,3,1,koclip_ft
1085,olive_0020.png,3,2,1,koclip_ft
1086,olive_0020.png,4,4,1,koclip_ft
1087,olive_0020.png,4,4,1,koclip_ft
1088,olive_0020.png,2,3,1,koclip_ft
1089,olive_0020.png,2,1,1,koclip_ft
1090,olive_0020.png,1,1,1,koclip_ft
1091,olive_0020.png,4,0,1,koclip_ft
1092,olive_0020.png,4,1,1,koclip_ft
1093,olive_0020.png,2,2,1,koclip_ft
1094,olive_0020.png,3,0,1,koclip_ft
1095,olive_0020.png,3,1,1,koclip_ft
1096,olive_0020.png,3,1,1,koclip_ft
1112,restaurant_0001.png,4,4,1,koclip_ft
1113,restaurant_0001.png,3,3,1,koclip_ft
1114,restaurant_0001.png,3,0,1,koclip_ft
1115,restaurant_0001.png,3,0,1,koclip_ft
1116,restaurant_0001.png,2,4,1,koclip_ft
1117,restaurant_0001.png,2,2,1,koclip_ft
1118,restaurant_0001.png,2,1,1,koclip_ft
1119,restaurant_0001.png,1,0,1,koclip_ft
1120,restaurant_0001.png,1,3,1,koclip_ft
1121,restaurant_0001.png,2,2,1,koclip_ft
1122,restaurant_0001.png,4,4,1,koclip_ft
1123,restaurant_0001.png,4,4,1,koclip_ft
1124,restaurant_0001.png,4,4,1,koclip_ft
1125,restaurant_0001.png,4,4,1,koclip_ft
1126,restaurant_0001.png,2,2,1,koclip_ft
1127,restaurant_0001.png,2,1,1,koclip_ft
1128,restaurant_0001.png,1,3,1,koclip_ft
1129,restaurant_0001.png,1,2,1,koclip_ft
1130,restaurant_0001.png,4,4,1,koclip_ft
1131,restaurant_0001.png,2,3,1,koclip_ft
1132,restaurant_0001.png,4,4,1,koclip_ft
1133,restaurant_0002.png,3,4,1,koclip_ft
1134,restaurant_0002.png,4,4,1,koclip_ft
1135,restaurant_0002.png,4,4,1,koclip_ft
1136,restaurant_0002.png,4,3,1,koclip_ft
1137,restaurant_0002.png,3,1,1,koclip_ft
1138,restaurant_0002.png,4,0,1,koclip_ft
1139,restaurant_0002.png,4,1,1,koclip_ft
1140,restaurant_0002.png,3,3,1,koclip_ft
1141,restaurant_0002.png,4,4,1,koclip_ft
1142,restaurant_0002.png,4,0,1,koclip_ft
1143,restaurant_0002.png,4,4,1,koclip_ft
1207,restaurant_0015.png,4,0,1,koclip_ft
1242,restaurant_0018.png,3,1,1,koclip_ft
1243,restaurant_0018.png,3,2,1,koclip_ft
1244,restaurant_0018.png,1,1,1,koclip_ft
1245,restaurant_0018.png,3,2,1,koclip_ft
1246,restaurant_0018.png,1,3,1,koclip_ft
1247,restaurant_0018.png,1,0,1,koclip_ft
1248,restaurant_0018.png,1,1,1,koclip_ft
1249,restaurant_0018.png,1,2,1,koclip_ft
1250,restaurant_0018.png,0,2,1,koclip_ft
1251,restaurant_0018.png,0,2,1,koclip_ft
1252,restaurant_0018.png,0,0,1,koclip_ft
1253,restaurant_0018.png,0,1,1,koclip_ft
1254,restaurant_0018.png,0,0,1,koclip_ft
1255,restaurant_0018.png,1,2,1,koclip_ft
1256,restaurant_0018.png,0,2,1,koclip_ft
1257,restaurant_0018.png,0,2,1,koclip_ft
1258,restaurant_0018.png,1,1,1,koclip_ft
1259,restaurant_0018.png,0,0,1,koclip_ft
1260,restaurant_0018.png,0,0,1,koclip_ft
1261,restaurant_0018.png,2,2,1,koclip_ft
1262,restaurant_0018.png,1,0,1,koclip_ft
1263,restaurant_0018.png,2,2,1,koclip_ft
1264,restaurant_0018.png,4,0,1,koclip_ft
1265,restaurant_0018.png,4,4,1,koclip_ft
1266,restaurant_0018.png,3,3,1,koclip_ft
1267,restaurant_0018.png,4,3,1,koclip_ft
1293,restaurant_0021.png,1,2,1,koclip_ft
1294,restaurant_0021.png,1,1,1,koclip_ft
1295,restaurant_0021.png,2,2,1,koclip_ft
1296,restaurant_0021.png,2,2,1,koclip_ft
1297,restaurant_0021.png,0,0,1,koclip_ft
1298,restaurant_0021.png,3,2,1,koclip_ft
1299,restaurant_0021.png,2,2,1,koclip_ft
1300,restaurant_0021.png,4,2,1,koclip_ft
1301,restaurant_0021.png,0,3,1,koclip_ft
1302,restaurant_0021.png,2,2,1,koclip_ft
1303,restaurant_0021.png,0,1,1,koclip_ft
1304,restaurant_0021.png,0,3,1,koclip_ft
1305,restaurant_0021.png,1,1,1,koclip_ft
1306,restaurant_0021.png,4,2,1,koclip_ft
1307,restaurant_0021.png,2,2,1,koclip_ft
1308,restaurant_0021.png,2,3,1,koclip_ft
1309,restaurant_0021.png,1,2,1,koclip_ft
1310,restaurant_0021.png,3,2,1,koclip_ft
1311,restaurant_0021.png,0,2,1,koclip_ft
1312,restaurant_0021.png,1,2,1,koclip_ft
1313,restaurant_0021.png,0,1,1,koclip_ft
1314,restaurant_0021.png,0,0,1,koclip_ft
1315,restaurant_0021.png,3,2,1,koclip_ft
1316,restaurant_0021.png,0,1,1,koclip_ft
1317,restaurant_0021.png,1,1,1,koclip_ft
1318,restaurant_0021.png,4,4,1,koclip_ft
1319,restaurant_0022.png,4,0,1,koclip_ft
1320,restaurant_0022.png,1,0,1,koclip_ft
1321,restaurant_0022.png,1,4,1,koclip_ft
1322,restaurant_0022.png,4,3,1,koclip_ft
1323,restaurant_0022.png,3,3,1,koclip_ft
1324,restaurant_0022.png,3,3,1,koclip_ft
1325,restaurant_0023.png,4,4,1,koclip_ft
1326,restaurant_0023.png,3,3,1,koclip_ft
1327,restaurant_0023.png,4,4,1,koclip_ft
1328,restaurant_0023.png,3,0,1,koclip_ft
1329,restaurant_0023.png,2,0,1,koclip_ft
1330,restaurant_0023.png,3,0,1,koclip_ft
1331,restaurant_0023.png,1,2,1,koclip_ft
1332,restaurant_0023.png,2,0,1,koclip_ft
1333,restaurant_0023.png,1,2,1,koclip_ft
1334,restaurant_0023.png,4,4,1,koclip_ft
1335,restaurant_0023.png,3,3,1,koclip_ft
1336,restaurant_0023.png,1,4,1,koclip_ft
1337,restaurant_0023.png,1,3,1,koclip_ft
1338,restaurant_0023.png,1,0,1,koclip_ft
1339,restaurant_0023.png,1,1,1,koclip_ft
1340,restaurant_0023.png,1,3,1,koclip_ft
1341,restaurant_0023.png,0,0,1,koclip_ft
1342,zerokal_0001.png,4,4,1,koclip_ft
1343,zerokal_0001.png,3,2,1,koclip_ft
1344,zerokal_0001.png,3,2,1,koclip_ft
1345,zerokal_0001.png,2,3,1,koclip_ft
1356,zerokal_0004.png,3,0,1,koclip_ft
1357,zerokal_0004.png,2,0,1,koclip_ft
1358,zerokal_0004.png,4,1,1,koclip_ft
1359,zerokal_0004.png,3,3,1,koclip_ft
1360,zerokal_0004.png,2,2,1,koclip_ft
1361,zerokal_0004.png,3,2,1,koclip_ft
1362,zerokal_0004.png,4,3,1,koclip_ft
1363,zerokal_0004.png,2,2,1,koclip_ft
1364,zerokal_0004.png,2,2,1,koclip_ft
1365,zerokal_0004.png,3,2,1,koclip_ft
1366,zerokal_0004.png,2,3,1,koclip_ft
1367,zerokal_0004.png,2,2,1,koclip_ft
1368,zerokal_0004.png,2,2,1,koclip_ft
1369,zerokal_0004.png,3,2,1,koclip_ft
1370,zerokal_0004.png,4,4,1,koclip_ft
1371,zerokal_0004.png,1,0,1,koclip_ft
1372,zerokal_0004.png,2,1,1,koclip_ft
1373,zerokal_0004.png,4,2,1,koclip_ft
1374,zerokal_0004.png,3,4,1,koclip_ft
1375,zerokal_0004.png,1,2,1,koclip_ft
1376,zerokal_0004.png,3,2,1,koclip_ft
1377,zerokal_0004.png,4,2,1,koclip_ft
1378,zerokal_0004.png,4,4,1,koclip_ft
1379,zerokal_0004.png,2,2,1,koclip_ft
1452,zerokal_0013.png,0,1,1,koclip_ft
1453,zerokal_0013.png,4,1,1,koclip_ft
1454,zerokal_0013.png,4,0,1,koclip_ft
1455,zerokal_0013.png,1,1,1,koclip_ft
1456,zerokal_0013.png,1,1,1,koclip_ft
1457,zerokal_0013.png,1,2,1,koclip_ft
1458,zerokal_0013.png,0,0,1,koclip_ft
1459,zerokal_0013.png,0,2,1,koclip_ft
1460,zerokal_0013.png,4,3,1,koclip_ft
1461,zerokal_0013.png,4,0,1,koclip_ft
1462,zerokal_0014.png,4,0,1,koclip_ft
1463,zerokal_0014.png,4,4,1,koclip_ft
1464,zerokal_0014.png,4,0,1,koclip_ft
1465,zerokal_0014.png,3,1,1,koclip_ft
1466,zerokal_0014.png,4,2,1,koclip_ft
1467,zerokal_0014.png,3,3,1,koclip_ft
1468,zerokal_0015.png,3,0,1,koclip_ft
1469,zerokal_0015.png,3,1,1,koclip_ft
1470,zerokal_0015.png,4,1,1,koclip_ft
1471,zerokal_0015.png,4,1,1,koclip_ft
1472,zerokal_0015.png,4,0,1,koclip_ft
1473,zerokal_0015.png,2,4,1,koclip_ft
1474,zerokal_0015.png,1,1,1,koclip_ft
1475,zerokal_0015.png,2,4,1,koclip_ft
1476,zerokal_0015.png,1,4,1,koclip_ft
1477,zerokal_0015.png,3,2,1,koclip_ft
1478,zerokal_0015.png,3,4,1,koclip_ft
1479,zerokal_0015.png,3,1,1,koclip_ft
1480,zerokal_0015.png,1,1,1,koclip_ft
1481,zerokal_0015.png,1,1,1,koclip_ft
1482,zerokal_0017.png,0,1,1,koclip_ft
1483,zerokal_0017.png,4,1,1,koclip_ft
1484,zerokal_0017.png,4,0,1,koclip_ft
1485,zerokal_0017.png,1,1,1,koclip_ft
1486,zerokal_0017.png,1,1,1,koclip_ft
1487,zerokal_0017.png,1,2,1,koclip_ft
1488,zerokal_0017.png,0,0,1,koclip_ft
1489,zerokal_0017.png,1,2,1,koclip_ft
1490,zerokal_0017.png,3,3,1,koclip_ft
1491,zerokal_0017.png,4,0,1,koclip_ft
1513,travelgram_0001.png,1,1,1,koclip_ft
1514,travelgram_0001.png,2,2,1,koclip_ft
1515,travelgram_0001.png,3,3,1,koclip_ft
1516,travelgram_0001.png,4,4,1,koclip_ft
1517,travelgram_0001.png,2,2,1,koclip_ft
1525,travelgram_0012.png,2,2,1,koclip_ft
1526,travelgram_0012.png,1,1,1,koclip_ft
1527,travelgram_0012.png,3,3,1,koclip_ft
1528,travelgram_0012.png,4,3,1,koclip_ft
1529,travelgram_0012.png,2,4,1,koclip_ft
1530,travelgram_0012.png,2,4,1,koclip_ft
1531,travelgram_0012.png,1,2,1,koclip_ft
1532,travelgram_0012.png,4,0,1,koclip_ft
1533,travelgram_0012.png,0,0,1,koclip_ft
1534,travelgram_0012.png,2,4,1,koclip_ft
1535,travelgram_0012.png,4,0,1,koclip_ft
1536,travelgram_0012.png,1,3,1,koclip_ft
1537,travelgram_0012.png,1,3,1,koclip_ft
1538,travelgram_0012.png,1,4,1,koclip_ft
1539,travelgram_0012.png,1,3,1,koclip_ft
1540,travelgram_0012.png,1,1,1,koclip_ft
1541,travelgram_0012.png,1,3,1,koclip_ft
1542,travelgram_0012.png,1,4,1,koclip_ft
1543,travelgram_0012.png,1,2,1,koclip_ft
1544,travelgram_0012.png,0,4,1,koclip_ft
1545,travelgram_0012.png,2,4,1,koclip_ft
1546,travelgram_0012.png,2,4,1,koclip_ft
1547,travelgram_0012.png,3,0,1,koclip_ft
1548,travelgram_0012.png,3,0,1,koclip_ft
1549,travelgram_0013.png,4,4,1,koclip_ft
1550,travelgram_0013.png,4,0,1,koclip_ft
1551,travelgram_0013.png,3,4,1,koclip_ft
1552,travelgram_0013.png,1,0,1,koclip_ft
1553,travelgram_0013.png,2,3,1,koclip_ft
1554,travelgram_0016.png,4,3,1,koclip_ft
1555,travelgram_0016.png,2,2,1,koclip_ft
1556,travelgram_0016.png,1,1,1,koclip_ft
1557,travelgram_0016.png,4,3,1,koclip_ft
1558,travelgram_0016.png,3,2,1,koclip_ft
1559,travelgram_0016.png,2,2,1,koclip_ft
1560,travelgram_0016.png,0,0,1,koclip_ft
1561,travelgram_0016.png,4,0,1,koclip_ft
1562,travelgram_0016.png,3,0,1,koclip_ft
1563,travelgram_0016.png,4,0,1,koclip_ft
1564,travelgram_0016.png,4,0,1,koclip_ft
1565,travelgram_0016.png,4,0,1,koclip_ft
1566,travelgram_0016.png,4,0,1,koclip_ft
1567,travelgram_0016.png,1,0,1,koclip_ft
1568,travelgram_0016.png,4,1,1,koclip_ft
1569,travelgram_0016.png,4,4,1,koclip_ft
1570,travelgram_0016.png,4,4,1,koclip_ft
1571,travelgram_0016.png,3,4,1,koclip_ft
1572,travelgram_0016.png,4,0,1,koclip_ft
1573,travelgram_0016.png,4,0,1,koclip_ft
1574,travelgram_0016.png,4,0,1,koclip_ft
1575,travelgram_0016.png,3,3,1,koclip_ft
1576,travelgram_0016.png,1,4,1,koclip_ft
1577,travelgram_0016.png,1,0,1,koclip_ft
1583,travelgram_0021.png,4,4,1,koclip_ft
1584,travelgram_0021.png,4,0,1,koclip_ft
1585,travelgram_0021.png,4,4,1,koclip_ft
1586,travelgram_0021.png,4,0,1,koclip_ft
1587,travelgram_0021.png,2,2,1,koclip_ft
1588,travelgram_0021.png,3,3,1,koclip_ft
1589,travelgram_0021.png,1,4,1,koclip_ft
1590,travelgram_0021.png,3,3,1,koclip_ft
1591,travelgram_0021.png,1,2,1,koclip_ft
1592,travelgram_0021.png,2,2,1,koclip_ft
1593,travelgram_0021.png,1,2,1,koclip_ft
1594,travelgram_0021.png,3,3,1,koclip_ft
1595,travelgram_0021.png,4,0,1,koclip_ft
1596,travelgram_0021.png,4,0,1,koclip_ft
1597,travelgram_0021.png,4,0,1,koclip_ft
1598,travelgram_0021.png,4,4,1,koclip_ft
1599,travelgram_0021.png,3,2,1,koclip_ft
1600,travelgram_0021.png,3,3,1,koclip_ft
1601,travelgram_0021.png,1,2,1,koclip_ft
1602,travelgram_0021.png,0,3,1,koclip_ft
1603,travelgram_0021.png,2,2,1,koclip_ft
1604,travelgram_0021.png,1,3,1,koclip_ft
1605,travelgram_0021.png,1,2,1,koclip_ft
1606,travelgram_0021.png,1,2,1,koclip_ft
1607,travelgram_0021.png,1,3,1,koclip_ft
1608,travelgram_0021.png,0,3,1,koclip_ft
1609,travelgram_0021.png,1,2,1,koclip_ft
1610,travelgram_0021.png,4,4,1,koclip_ft
1611,travelgram_0021.png,3,0,1,koclip_ft
1612,travelgram_0021.png,4,0,1,koclip_ft
1682,travelgram_0050.png,3,3,1,koclip_ft
1683,travelgram_0050.png,3,3,1,koclip_ft
1684,travelgram_0050.png,2,2,1,koclip_ft
1685,travelgram_0050.png,4,3,1,koclip_ft
1686,travelgram_0050.png,1,0,1,koclip_ft
1700,travelgram_0056.png,3,3,1,koclip_ft
1701,travelgram_0056.png,3,3,1,koclip_ft
1702,travelgram_0056.png,4,0,1,koclip_ft
1703,travelgram_0056.png,4,3,1,koclip_ft
1704,travelgram_0056.png,3,3,1,koclip_ft
1705,travelgram_0056.png,4,3,1,koclip_ft
1706,travelgram_0056.png,3,2,1,koclip_ft
1707,travelgram_0056.png,4,2,1,koclip_ft
1708,travelgram_0056.png,4,0,1,koclip_ft
1709,travelgram_0056.png,4,0,1,koclip_ft
1710,travelgram_0056.png,4,4,1,koclip_ft
1711,travelgram_0056.png,4,0,1,koclip_ft
1712,travelgram_0056.png,4,0,1,koclip_ft
1713,travelgram_0056.png,4,4,1,koclip_ft
1714,travelgram_0056.png,4,4,1,koclip_ft
1715,travelgram_0056.png,3,3,1,koclip_ft
1716,travelgram_0056.png,4,3,1,koclip_ft
1717,travelgram_0056.png,2,2,1,koclip_ft
1718,travelgram_0056.png,4,3,1,koclip_ft
1719,travelgram_0056.png,3,4,1,koclip_ft
1720,travelgram_0056.png,3,1,1,koclip_ft
1721,travelgram_0056.png,3,2,1,koclip_ft
1722,travelgram_0056.png,3,2,1,koclip_ft
1723,travelgram_0056.png,2,1,1,koclip_ft
1724,travelgram_0056.png,4,2,1,koclip_ft
1725,travelgram_0056.png,4,3,1,koclip_ft
1726,travelgram_0056.png,4,2,1,koclip_ft
1727,travelgram_0056.png,4,3,1,koclip_ft
1728,travelgram_0056.png,4,0,1,koclip_ft
1729,travelgram_0056.png,4,0,1,koclip_ft
1730,travelgram_0057.png,0,0,1,koclip_ft
1731,travelgram_0057.png,1,2,1,koclip_ft
1741,travelgram_0065.png,0,1,1,koclip_ft
1742,travelgram_0067.png,3,3,1,koclip_ft
1743,travelgram_0067.png,4,0,1,koclip_ft
1746,travelgram_0069.png,4,0,1,koclip_ft
1747,travelgram_0069.png,4,3,1,koclip_ft
1748,travelgram_0069.png,1,1,1,koclip_ft
1749,travelgram_0069.png,0,4,1,koclip_ft
1750,travelgram_0069.png,1,0,1,koclip_ft
1772,travelgram_0075.png,4,3,1,koclip_ft
1773,travelgram_0075.png,4,3,1,koclip_ft
1774,travelgram_0075.png,4,3,1,koclip_ft
1775,travelgram_0075.png,3,2,1,koclip_ft
1776,travelgram_0075.png,4,3,1,koclip_ft
1777,travelgram_0075.png,4,3,1,koclip_ft
1817,travelgram_0083.png,3,0,1,koclip_ft
1857,travelgram_0096.png,3,3,1,koclip_ft
1858,travelgram_0096.png,3,2,1,koclip_ft
1859,travelgram_0096.png,4,0,1,koclip_ft
1860,travelgram_0096.png,3,0,1,koclip_ft
1861,travelgram_0096.png,4,3,1,koclip_ft
1862,travelgram_0097.png,1,4,1,koclip_ft
1863,travelgram_0097.png,2,3,1,koclip_ft
1864,travelgram_0097.png,1,2,1,koclip_ft
1865,travelgram_0097.png,0,4,1,koclip_ft
1866,travelgram_0097.png,2,2,1,koclip_ft
1874,solotravel_0001.png,1,2,1,koclip_ft
1875,solotravel_0001.png,4,2,1,koclip_ft
1876,solotravel_0001.png,4,4,1,koclip_ft
1877,solotravel_0001.png,2,2,1,koclip_ft
1878,solotravel_0002.png,4,4,1,koclip_ft
1879,solotravel_0002.png,2,0,1,koclip_ft
1880,solotravel_0002.png,4,4,1,koclip_ft
1904,solotravel_0010.png,1,1,1,koclip_ft
1941,solotravel_0027.png,4,2,1,koclip_ft
1942,solotravel_0027.png,4,4,1,koclip_ft
1943,solotravel_0027.png,2,3,1,koclip_ft
1944,solotravel_0027.png,1,1,1,koclip_ft
1945,solotravel_0027.png,3,2,1,koclip_ft
1948,solotravel_0031.png,4,3,1,koclip_ft
1949,solotravel_0031.png,3,3,1,koclip_ft
1950,solotravel_0031.png,2,2,1,koclip_ft
1951,solotravel_0031.png,4,4,1,koclip_ft
1952,solotravel_0031.png,3,2,1,koclip_ft
1953,solotravel_0031.png,2,2,1,koclip_ft
2052,solotravel_0049.png,4,4,1,koclip_ft
2053,solotravel_0049.png,0,1,1,koclip_ft
2054,solotravel_0049.png,1,3,1,koclip_ft
2055,solotravel_0049.png,3,1,1,koclip_ft
2056,solotravel_0049.png,4,1,1,koclip_ft
2057,solotravel_0050.png,1,1,1,koclip_ft
2083,solotravel_0061.png,1,0,1,koclip_ft
2084,solotravel_0061.png,0,0,1,koclip_ft
2085,solotravel_0061.png,0,4,1,koclip_ft
2086,solotravel_0061.png,0,4,1,koclip_ft
2087,solotravel_0061.png,3,2,1,koclip_ft
2088,solotravel_0061.png,3,4,1,koclip_ft
2089,solotravel_0061.png,2,3,1,koclip_ft
2090,solotravel_0061.png,1,3,1,koclip_ft
2091,solotravel_0061.png,2,3,1,koclip_ft
2092,solotravel_0061.png,2,2,1,koclip_ft
2093,solotravel_0061.png,2,2,1,koclip_ft
2094,solotravel_0061.png,0,0,1,koclip_ft
2095,solotravel_0061.png,0,0,1,koclip_ft
2116,solotravel_0066.png,3,3,1,koclip_ft
2117,solotravel_0066.png,3,3,1,koclip_ft
2118,solotravel_0066.png,4,4,1,koclip_ft
2119,solotravel_0066.png,2,2,1,koclip_ft
2120,solotravel_0066.png,2,2,1,koclip_ft
2165,solotravel_0075.png,4,1,1,koclip_ft
2166,solotravel_0075.png,4,1,1,koclip_ft
2167,solotravel_0075.png,4,3,1,koclip_ft
2168,solotravel_0075.png,3,4,1,koclip_ft
2169,solotravel_0075.png,4,1,1,koclip_ft
2170,solotravel_0075.png,3,2,1,koclip_ft
2171,solotravel_0075.png,3,3,1,koclip_ft
2172,solotravel_0075.png,1,1,1,koclip_ft
2173,solotravel_0075.png,3,3,1,koclip_ft
2174,solotravel_0075.png,2,2,1,koclip_ft
2175,solotravel_0075.png,2,4,1,koclip_ft
2189,solotravel_0081.png,4,3,1,koclip_ft
2190,solotravel_0081.png,4,4,1,koclip_ft
2191,solotravel_0081.png,2,2,1,koclip_ft
2192,solotravel_0081.png,3,3,1,koclip_ft
2193,solotravel_0081.png,2,2,1,koclip_ft
2231,solotravel_0091.png,3,4,1,koclip_ft
2232,solotravel_0091.png,4,4,1,koclip_ft
2233,solotravel_0091.png,4,4,1,koclip_ft
2234,solotravel_0091.png,2,3,1,koclip_ft
2235,solotravel_0091.png,2,1,1,koclip_ft
2244,solotravel_0099.png,4,4,1,koclip_ft
2245,solotravel_0099.png,3,3,1,koclip_ft
2246,solotravel_0099.png,4,4,1,koclip_ft
2247,solotravel_0099.png,4,2,1,koclip_ft
2248,solotravel_0099.png,1,1,1,koclip_ft
2258,travel_0003.png,4,1,1,koclip_ft
2259,travel_0003.png,4,1,1,koclip_ft
2260,travel_0003.png,2,2,1,koclip_ft
2261,travel_0003.png,2,2,1,koclip_ft
2262,travel_0003.png,1,4,1,koclip_ft
2335,travel_0022.png,4,3,1,koclip_ft
2336,travel_0022.png,3,3,1,koclip_ft
2337,travel_0022.png,3,3,1,koclip_ft
2338,travel_0022.png,3,3,1,koclip_ft
2339,travel_0022.png,2,3,1,koclip_ft
2340,travel_0022.png,1,3,1,koclip_ft
2341,travel_0022.png,1,3,1,koclip_ft
2342,travel_0022.png,1,3,1,koclip_ft
2343,travel_0022.png,3,3,1,koclip_ft
2344,travel_0022.png,1,3,1,koclip_ft
2345,travel_0022.png,0,3,1,koclip_ft
2346,travel_0022.png,2,2,1,koclip_ft
2347,travel_0022.png,2,2,1,koclip_ft
2348,travel_0022.png,2,2,1,koclip_ft
2349,travel_0022.png,2,3,1,koclip_ft
2374,travel_0033.png,0,1,1,koclip_ft
2375,travel_0033.png,1,0,1,koclip_ft
2376,travel_0033.png,1,0,1,koclip_ft
2407,travel_0046.png,3,3,1,koclip_ft
2408,travel_0046.png,3,0,1,koclip_ft
2409,travel_0046.png,4,3,1,koclip_ft
2410,travel_0046.png,4,3,1,koclip_ft
2411,travel_0046.png,4,3,1,koclip_ft
2412,travel_0046.png,0,0,1,koclip_ft
2413,travel_0046.png,2,3,1,koclip_ft
2414,travel_0046.png,3,3,1,koclip_ft
2415,travel_0046.png,1,3,1,koclip_ft
2425,travel_0049.png,2,0,1,koclip_ft
2426,travel_0049.png,1,1,1,koclip_ft
2427,travel_0049.png,4,0,1,koclip_ft
2428,travel_0049.png,4,0,1,koclip_ft
2429,travel_0049.png,3,3,1,koclip_ft
2430,travel_0049.png,1,0,1,koclip_ft
2431,travel_0049.png,4,0,1,koclip_ft
2432,travel_0049.png,4,0,1,koclip_ft
2433,travel_0049.png,4,0,1,koclip_ft
2434,travel_0049.png,3,0,1,koclip_ft
2435,travel_0049.png,4,0,1,koclip_ft
2473,travel_0057.png,1,1,1,koclip_ft
2474,travel_0057.png,4,1,1,koclip_ft
2475,travel_0057.png,3,0,1,koclip_ft
2476,travel_0057.png,1,1,1,koclip_ft
2477,travel_0057.png,1,1,1,koclip_ft
2483,travel_0059.png,4,2,1,koclip_ft
2484,travel_0059.png,3,2,1,koclip_ft
2485,travel_0059.png,3,3,1,koclip_ft
2512,travel_0062.png,4,0,1,koclip_ft
2513,travel_0062.png,4,3,1,koclip_ft
2514,travel_0062.png,4,4,1,koclip_ft
2515,travel_0062.png,4,4,1,koclip_ft
2516,travel_0062.png,2,3,1,koclip_ft
2537,travel_0073.png,4,4,1,koclip_ft
2577,travel_0077.png,1,0,1,koclip_ft
2578,travel_0077.png,2,1,1,koclip_ft
2635,travel_0093.png,3,4,1,koclip_ft
2636,travel_0093.png,4,0,1,koclip_ft
2637,travel_0093.png,1,0,1,koclip_ft
2638,travel_0093.png,1,0,1,koclip_ft
2639,travel_0093.png,1,0,1,koclip_ft
2640,travel_0093.png,1,4,1,koclip_ft
2641,travel_0093.png,1,4,1,koclip_ft
2642,travel_0093.png,1,0,1,koclip_ft
2643,travel_0093.png,1,0,1,koclip_ft
2644,travel_0093.png,4,0,1,koclip_ft
2645,travel_0093.png,2,1,1,koclip_ft
2650,foodstagram_0003.png,4,4,1,koclip_ft
2651,foodstagram_0003.png,4,4,1,koclip_ft
2652,foodstagram_0003.png,4,4,1,koclip_ft
2653,foodstagram_0003.png,2,2,1,koclip_ft
2657,foodstagram_0006.png,4,0,1,koclip_ft
2658,foodstagram_0006.png,4,4,1,koclip_ft
2697,foodstagram_0015.png,4,1,1,koclip_ft
2698,foodstagram_0015.png,4,0,1,koclip_ft
2699,foodstagram_0015.png,4,1,1,koclip_ft
2700,foodstagram_0015.png,4,4,1,koclip_ft
2701,foodstagram_0015.png,4,3,1,koclip_ft
2733,foodstagram_0020.png,1,0,1,koclip_ft
2734,foodstagram_0020.png,4,4,1,koclip_ft
2735,foodstagram_0020.png,1,0,1,koclip_ft
2736,foodstagram_0020.png,1,0,1,koclip_ft
2737,foodstagram_0020.png,2,0,1,koclip_ft
2738,foodstagram_0020.png,0,0,1,koclip_ft
2739,foodstagram_0020.png,1,0,1,koclip_ft
2740,foodstagram_0020.png,1,2,1,koclip_ft
2741,foodstagram_0020.png,1,1,1,koclip_ft
2742,foodstagram_0020.png,1,1,1,koclip_ft
2743,foodstagram_0020.png,1,4,1,koclip_ft
2744,foodstagram_0020.png,1,3,1,koclip_ft
2745,foodstagram_0020.png,1,2,1,koclip_ft
2746,foodstagram_0020.png,1,3,1,koclip_ft
2747,foodstagram_0020.png,1,3,1,koclip_ft
2748,foodstagram_0020.png,1,3,1,koclip_ft
2749,foodstagram_0020.png,1,0,1,koclip_ft
2750,foodstagram_0020.png,2,2,1,koclip_ft
2751,foodstagram_0020.png,2,2,1,koclip_ft
2752,foodstagram_0020.png,1,1,1,koclip_ft
2753,foodstagram_0020.png,0,0,1,koclip_ft
2754,foodstagram_0020.png,3,3,1,koclip_ft
2755,foodstagram_0020.png,3,3,1,koclip_ft
2756,foodstagram_0020.png,3,4,1,koclip_ft
2757,foodstagram_0020.png,3,1,1,koclip_ft
2758,foodstagram_0020.png,1,3,1,koclip_ft
2759,foodstagram_0020.png,1,1,1,koclip_ft
2760,foodstagram_0020.png,0,4,1,koclip_ft
2761,foodstagram_0020.png,1,1,1,koclip_ft
2762,foodstagram_0020.png,3,1,1,koclip_ft
2767,foodstagram_0022.png,4,3,1,koclip_ft
2771,foodstagram_0025.png,4,1,1,koclip_ft
2772,foodstagram_0025.png,1,1,1,koclip_ft
2773,foodstagram_0025.png,3,1,1,koclip_ft
2774,foodstagram_0025.png,4,1,1,koclip_ft
2866,foodstagram_0048.png,3,3,1,koclip_ft
2867,foodstagram_0048.png,4,4,1,koclip_ft
2868,foodstagram_0048.png,2,3,1,koclip_ft
2869,foodstagram_0048.png,2,2,1,koclip_ft
2870,foodstagram_0048.png,4,4,1,koclip_ft
2875,foodstagram_0051.png,1,3,1,koclip_ft
2876,foodstagram_0051.png,4,4,1,koclip_ft
2877,foodstagram_0051.png,4,4,1,koclip_ft
2878,foodstagram_0051.png,4,4,1,koclip_ft
2879,foodstagram_0051.png,3,3,1,koclip_ft
2880,foodstagram_0052.png,1,1,1,koclip_ft
2881,foodstagram_0052.png,4,0,1,koclip_ft
2894,foodstagram_0057.png,1,3,1,koclip_ft
2895,foodstagram_0057.png,1,3,1,koclip_ft
2896,foodstagram_0057.png,1,3,1,koclip_ft
2897,foodstagram_0057.png,0,2,1,koclip_ft
2898,foodstagram_0057.png,2,3,1,koclip_ft
2899,foodstagram_0057.png,2,3,1,koclip_ft
2900,foodstagram_0057.png,3,2,1,koclip_ft
2901,foodstagram_0057.png,3,3,1,koclip_ft
2902,foodstagram_0057.png,3,3,1,koclip_ft
2903,foodstagram_0057.png,3,3,1,koclip_ft
2904,foodstagram_0057.png,4,4,1,koclip_ft
2905,foodstagram_0057.png,3,3,1,koclip_ft
2906,foodstagram_0057.png,3,3,1,koclip_ft
2907,foodstagram_0057.png,1,1,1,koclip_ft
2908,foodstagram_0057.png,3,2,1,koclip_ft
2909,foodstagram_0057.png,3,2,1,koclip_ft
2910,foodstagram_0057.png,0,0,1,koclip_ft
2911,foodstagram_0057.png,0,0,1,koclip_ft
2912,foodstagram_0057.png,0,0,1,koclip_ft
2913,foodstagram_0057.png,0,0,1,koclip_ft
2914,foodstagram_0057.png,1,2,1,koclip_ft
2915,foodstagram_0057.png,1,4,1,koclip_ft
2916,foodstagram_0057.png,3,3,1,koclip_ft
2935,foodstagram_0062.png,4,1,1,koclip_ft
2936,foodstagram_0062.png,4,0,1,koclip_ft
2937,foodstagram_0062.png,3,0,1,koclip_ft
2938,foodstagram_0062.png,4,4,1,koclip_ft
2949,foodstagram_0065.png,4,3,1,koclip_ft
2950,foodstagram_0065.png,4,4,1,koclip_ft
2951,foodstagram_0065.png,2,2,1,koclip_ft
2952,foodstagram_0065.png,4,4,1,koclip_ft
2953,foodstagram_0065.png,4,4,1,koclip_ft
3020,foodstagram_0078.png,4,4,1,koclip_ft
3021,foodstagram_0078.png,3,3,1,koclip_ft
3022,foodstagram_0078.png,3,3,1,koclip_ft
3023,foodstagram_0078.png,1,1,1,koclip_ft
3024,foodstagram_0078.png,3,1,1,koclip_ft
3046,foodstagram_0088.png,4,4,1,koclip_ft
3047,foodstagram_0088.png,4,4,1,koclip_ft
3048,foodstagram_0088.png,4,4,1,koclip_ft
3049,foodstagram_0088.png,1,1,1,koclip_ft
3050,foodstagram_0088.png,4,4,1,koclip_ft
3062,foodstagram_0093.png,0,4,1,koclip_ft
3063,foodstagram_0093.png,4,4,1,koclip_ft
3064,foodstagram_0093.png,4,0,1,koclip_ft
3065,foodstagram_0093.png,1,4,1,koclip_ft
3066,foodstagram_0093.png,4,4,1,koclip_ft
3067,foodstagram_0093.png,3,3,1,koclip_ft
3068,foodstagram_0093.png,4,3,1,koclip_ft
3069,foodstagram_0093.png,2,3,1,koclip_ft
3070,foodstagram_0093.png,3,3,1,koclip_ft
3071,foodstagram_0093.png,4,4,1,koclip_ft
3072,foodstagram_0093.png,4,0,1,koclip_ft
3073,foodstagram_0093.png,3,3,1,koclip_ft
3074,foodstagram_0093.png,2,4,1,koclip_ft
3075,foodstagram_0093.png,1,2,1,koclip_ft
3076,foodstagram_0093.png,3,0,1,koclip_ft
3077,foodstagram_0093.png,4,0,1,koclip_ft
3078,foodstagram_0093.png,0,0,1,koclip_ft
3079,foodstagram_0093.png,0,0,1,koclip_ft
3080,foodstagram_0093.png,3,0,1,koclip_ft
3081,foodstagram_0093.png,2,2,1,koclip_ft
3082,foodstagram_0093.png,4,4,1,koclip_ft
3083,foodstagram_0093.png,3,4,1,koclip_ft
3084,foodstagram_0093.png,3,4,1,koclip_ft
3085,foodstagram_0093.png,3,4,1,koclip_ft
3086,foodstagram_0093.png,4,3,1,koclip_ft
3087,foodstagram_0093.png,2,2,1,koclip_ft
3088,foodstagram_0093.png,0,2,1,koclip_ft
3089,foodstagram_0093.png,0,1,1,koclip_ft
3090,foodstagram_0095.png,4,1,1,koclip_ft
3091,foodstagram_0095.png,4,0,1,koclip_ft
3092,foodstagram_0095.png,3,3,1,koclip_ft
3093,foodstagram_0095.png,4,3,1,koclip_ft
3094,foodstagram_0095.png,2,3,1,koclip_ft
3095,foodstagram_0095.png,3,3,1,koclip_ft
3096,foodstagram_0095.png,3,4,1,koclip_ft
3097,foodstagram_0095.png,3,3,1,koclip_ft
3098,foodstagram_0095.png,3,3,1,koclip_ft
3099,foodstagram_0095.png,4,4,1,koclip_ft
3100,foodstagram_0095.png,3,3,1,koclip_ft
3101,foodstagram_0095.png,2,3,1,koclip_ft
3102,foodstagram_0096.png,4,4,1,koclip_ft
3103,foodstagram_0096.png,0,0,1,koclip_ft
3104,foodstagram_0096.png,4,0,1,koclip_ft
3105,foodstagram_0096.png,3,0,1,koclip_ft
3106,foodstagram_0096.png,1,1,1,koclip_ft
3107,meokstagram_0003.png,4,4,1,koclip_ft
3108,meokstagram_0003.png,3,0,1,koclip_ft
3109,meokstagram_0003.png,3,3,1,koclip_ft
3110,meokstagram_0003.png,1,3,1,koclip_ft
3111,meokstagram_0003.png,3,3,1,koclip_ft
3112,meokstagram_0003.png,3,3,1,koclip_ft
3113,meokstagram_0003.png,4,4,1,koclip_ft
3114,meokstagram_0003.png,3,3,1,koclip_ft
3115,meokstagram_0003.png,1,0,1,koclip_ft
3135,meokstagram_0008.png,3,3,1,koclip_ft
3136,meokstagram_0008.png,3,3,1,koclip_ft
3137,meokstagram_0008.png,4,4,1,koclip_ft
3138,meokstagram_0008.png,4,0,1,koclip_ft
3139,meokstagram_0008.png,4,4,1,koclip_ft
3236,meokstagram_0022.png,4,4,1,koclip_ft
3237,meokstagram_0022.png,4,4,1,koclip_ft
3238,meokstagram_0022.png,4,3,1,koclip_ft
3239,meokstagram_0022.png,3,3,1,koclip_ft
3240,meokstagram_0022.png,2,4,1,koclip_ft
3241,meokstagram_0022.png,2,4,1,koclip_ft
3256,meokstagram_0031.png,1,0,1,koclip_ft
3257,meokstagram_0031.png,4,3,1,koclip_ft
3258,meokstagram_0031.png,3,4,1,koclip_ft
3259,meokstagram_0031.png,0,0,1,koclip_ft
3260,meokstagram_0031.png,2,3,1,koclip_ft
3394,meokstagram_0054.png,1,0,1,koclip_ft
3395,meokstagram_0054.png,0,0,1,koclip_ft
3396,meokstagram_0054.png,0,0,1,koclip_ft
3397,meokstagram_0054.png,1,1,1,koclip_ft
3398,meokstagram_0054.png,1,4,1,koclip_ft
3399,meokstagram_0055.png,2,2,1,koclip_ft
3400,meokstagram_0055.png,3,3,1,koclip_ft
3401,meokstagram_0055.png,3,3,1,koclip_ft
3402,meokstagram_0055.png,0,0,1,koclip_ft
3403,meokstagram_0055.png,0,4,1,koclip_ft
3404,meokstagram_0055.png,0,4,1,koclip_ft
3405,meokstagram_0055.png,0,4,1,koclip_ft
3406,meokstagram_0055.png,0,4,1,koclip_ft
3407,meokstagram_0055.png,0,4,1,koclip_ft
3408,meokstagram_0055.png,0,0,1,koclip_ft
3409,meokstagram_0055.png,0,4,1,koclip_ft
3410,meokstagram_0055.png,4,4,1,koclip_ft
3411,meokstagram_0055.png,3,4,1,koclip_ft
3412,meokstagram_0055.png,3,3,1,koclip_ft
3413,meokstagram_0055.png,1,1,1,koclip_ft
3414,meokstagram_0055.png,3,3,1,koclip_ft
3415,meokstagram_0055.png,3,4,1,koclip_ft
3416,meokstagram_0055.png,3,1,1,koclip_ft
3417,meokstagram_0055.png,2,3,1,koclip_ft
3418,meokstagram_0055.png,3,3,1,koclip_ft
3419,meokstagram_0055.png,3,3,1,koclip_ft
3420,meokstagram_0055.png,3,4,1,koclip_ft
3448,meokstagram_0060.png,3,1,1,koclip_ft
3449,meokstagram_0060.png,1,1,1,koclip_ft
3450,meokstagram_0060.png,3,4,1,koclip_ft
3451,meokstagram_0060.png,1,0,1,koclip_ft
3486,meokstagram_0070.png,4,4,1,koclip_ft
3487,meokstagram_0070.png,4,4,1,koclip_ft
3488,meokstagram_0070.png,4,4,1,koclip_ft
3489,meokstagram_0070.png,4,4,1,koclip_ft
3490,meokstagram_0070.png,3,4,1,koclip_ft
3491,meokstagram_0070.png,1,1,1,koclip_ft
3492,meokstagram_0070.png,1,4,1,koclip_ft
3553,meokstagram_0075.png,4,2,1,koclip_ft
3582,meokstagram_0089.png,1,4,1,koclip_ft
3583,meokstagram_0089.png,4,4,1,koclip_ft
3584,meokstagram_0089.png,3,4,1,koclip_ft
3597,meokstagram_0093.png,2,4,1,koclip_ft
3598,meokstagram_0093.png,1,0,1,koclip_ft
3599,meokstagram_0093.png,1,4,1,koclip_ft
3600,meokstagram_0093.png,1,4,1,koclip_ft
3601,meokstagram_0093.png,3,3,1,koclip_ft
3618,meokstagram_0098.png,0,4,1,koclip_ft
3619,meokstagram_0098.png,3,3,1,koclip_ft
3620,meokstagram_0098.png,3,4,1,koclip_ft
3621,meokstagram_0098.png,2,2,1,koclip_ft
3622,meokstagram_0098.png,4,4,1,koclip_ft
3699,jmt_0024.png,3,1,1,koclip_ft
3700,jmt_0024.png,4,1,1,koclip_ft
3701,jmt_0025.png,3,0,1,koclip_ft
3702,jmt_0025.png,4,4,1,koclip_ft
3708,jmt_0028.png,2,2,1,koclip_ft
3709,jmt_0028.png,4,0,1,koclip_ft
3710,jmt_0028.png,4,4,1,koclip_ft
3711,jmt_0028.png,0,0,1,koclip_ft
3712,jmt_0028.png,1,1,1,koclip_ft
3718,jmt_0032.png,4,4,1,koclip_ft
3719,jmt_0032.png,1,0,1,koclip_ft
3720,jmt_0032.png,2,1,1,koclip_ft
3721,jmt_0032.png,2,2,1,koclip_ft
3722,jmt_0033.png,4,4,1,koclip_ft
3723,jmt_0033.png,3,3,1,koclip_ft
3724,jmt_0033.png,2,2,1,koclip_ft
3725,jmt_0033.png,2,0,1,koclip_ft
3726,jmt_0033.png,3,4,1,koclip_ft
3746,jmt_0040.png,3,1,1,koclip_ft
3747,jmt_0040.png,3,3,1,koclip_ft
3748,jmt_0040.png,3,1,1,koclip_ft
3749,jmt_0040.png,1,4,1,koclip_ft
3750,jmt_0040.png,1,3,1,koclip_ft
3756,jmt_0042.png,4,2,1,koclip_ft
3757,jmt_0042.png,2,2,1,koclip_ft
3758,jmt_0042.png,1,1,1,koclip_ft
3759,jmt_0042.png,2,0,1,koclip_ft
3760,jmt_0042.png,4,3,1,koclip_ft
3766,jmt_0044.png,1,1,1,koclip_ft
3767,jmt_0044.png,4,0,1,koclip_ft
3768,jmt_0044.png,4,4,1,koclip_ft
3769,jmt_0044.png,4,4,1,koclip_ft
3770,jmt_0044.png,3,1,1,koclip_ft
3798,jmt_0059.png,4,1,1,koclip_ft
3809,jmt_0062.png,4,1,1,koclip_ft
3810,jmt_0062.png,4,1,1,koclip_ft
3811,jmt_0062.png,1,2,1,koclip_ft
3812,jmt_0062.png,0,2,1,koclip_ft
3813,jmt_0062.png,1,2,1,koclip_ft
3891,jmt_0083.png,4,4,1,koclip_ft
3892,jmt_0083.png,4,4,1,koclip_ft
3893,jmt_0083.png,4,1,1,koclip_ft
3894,jmt_0083.png,1,4,1,koclip_ft
3895,jmt_0083.png,0,4,1,koclip_ft
3920,jmt_0091.png,1,0,1,koclip_ft
3921,jmt_0091.png,4,1,1,koclip_ft
3922,jmt_0091.png,4,0,1,koclip_ft
3923,jmt_0091.png,3,3,1,koclip_ft
3924,jmt_0091.png,1,0,1,koclip_ft
3925,jmt_0092.png,0,4,1,koclip_ft
3926,jmt_0092.png,3,3,1,koclip_ft
3927,jmt_0092.png,1,2,1,koclip_ft
3928,jmt_0092.png,2,0,1,koclip_ft
3929,jmt_0092.png,3,1,1,koclip_ft
3941,jmt_0097.png,3,4,1,koclip_ft
3942,jmt_0097.png,3,4,1,koclip_ft
3943,jmt_0097.png,4,4,1,koclip_ft
3944,jmt_0097.png,3,4,1,koclip_ft
3945,jmt_0097.png,4,1,1,koclip_ft
4005,makeup_0020.png,2,4,1,koclip_ft
4006,makeup_0020.png,4,4,1,koclip_ft
4007,makeup_0023.png,1,2,1,koclip_ft
4008,makeup_0023.png,4,0,1,koclip_ft
4009,makeup_0023.png,4,0,1,koclip_ft
4010,makeup_0023.png,1,3,1,koclip_ft
4119,makeup_0040.png,1,1,1,koclip_ft
4120,makeup_0040.png,1,1,1,koclip_ft
4121,makeup_0040.png,4,4,1,koclip_ft
4122,makeup_0040.png,3,2,1,koclip_ft
4123,makeup_0040.png,4,4,1,koclip_ft
4124,makeup_0040.png,3,3,1,koclip_ft
4125,makeup_0040.png,3,4,1,koclip_ft
4126,makeup_0040.png,2,3,1,koclip_ft
4127,makeup_0040.png,2,3,1,koclip_ft
4158,makeup_0051.png,1,0,1,koclip_ft
4159,makeup_0051.png,4,1,1,koclip_ft
4160,makeup_0051.png,4,0,1,koclip_ft
4161,makeup_0051.png,4,1,1,koclip_ft
4162,makeup_0051.png,2,2,1,koclip_ft
4167,makeup_0054.png,4,3,1,koclip_ft
4168,makeup_0054.png,4,0,1,koclip_ft
4169,makeup_0054.png,4,4,1,koclip_ft
4170,makeup_0054.png,2,3,1,koclip_ft
4181,makeup_0058.png,4,4,1,koclip_ft
4182,makeup_0058.png,3,3,1,koclip_ft
4183,makeup_0058.png,3,3,1,koclip_ft
4184,makeup_0058.png,2,1,1,koclip_ft
4190,makeup_0061.png,3,1,1,koclip_ft
4191,makeup_0061.png,4,4,1,koclip_ft
4192,makeup_0061.png,4,1,1,koclip_ft
4193,makeup_0061.png,4,4,1,koclip_ft
4194,makeup_0061.png,1,3,1,koclip_ft
4210,makeup_0066.png,4,4,1,koclip_ft
4211,makeup_0066.png,2,2,1,koclip_ft
4212,makeup_0066.png,2,4,1,koclip_ft
4213,makeup_0066.png,3,3,1,koclip_ft
4214,makeup_0066.png,1,0,1,koclip_ft
4215,makeup_0067.png,4,4,1,koclip_ft
4216,makeup_0067.png,3,2,1,koclip_ft
4217,makeup_0067.png,4,4,1,koclip_ft
4218,makeup_0067.png,2,3,1,koclip_ft
4219,makeup_0067.png,3,3,1,koclip_ft
4260,makeup_0079.png,2,2,1,koclip_ft
4261,makeup_0079.png,3,2,1,koclip_ft
4262,makeup_0079.png,4,1,1,koclip_ft
4263,makeup_0079.png,4,1,1,koclip_ft
4264,makeup_0079.png,3,4,1,koclip_ft
4278,makeup_0082.png,4,0,1,koclip_ft
4279,makeup_0082.png,1,4,1,koclip_ft
4280,makeup_0082.png,4,4,1,koclip_ft
4281,makeup_0082.png,1,1,1,koclip_ft
4302,makeup_0085.png,0,1,1,koclip_ft
4303,makeup_0085.png,0,1,1,koclip_ft
4304,makeup_0085.png,0,3,1,koclip_ft
4305,makeup_0085.png,0,3,1,koclip_ft
4306,makeup_0085.png,4,4,1,koclip_ft
4307,makeup_0085.png,4,3,1,koclip_ft
4308,makeup_0085.png,3,3,1,koclip_ft
4309,makeup_0085.png,3,3,1,koclip_ft
4310,makeup_0085.png,4,3,1,koclip_ft
4353,dailymakeup_0005.png,3,3,1,koclip_ft
4354,dailymakeup_0005.png,3,3,1,koclip_ft
4355,dailymakeup_0005.png,3,2,1,koclip_ft
4422,dailymakeup_0021.png,3,3,1,koclip_ft
4423,dailymakeup_0021.png,3,3,1,koclip_ft
4424,dailymakeup_0021.png,3,3,1,koclip_ft
4425,dailymakeup_0021.png,1,1,1,koclip_ft
4426,dailymakeup_0021.png,0,0,1,koclip_ft
4434,dailymakeup_0024.png,2,1,1,koclip_ft
4435,dailymakeup_0024.png,4,1,1,koclip_ft
4436,dailymakeup_0024.png,3,3,1,koclip_ft
4437,dailymakeup_0024.png,2,3,1,koclip_ft
4438,dailymakeup_0024.png,3,3,1,koclip_ft
4444,dailymakeup_0026.png,2,3,1,koclip_ft
4445,dailymakeup_0026.png,3,3,1,koclip_ft
4446,dailymakeup_0026.png,4,4,1,koclip_ft
4447,dailymakeup_0026.png,3,2,1,koclip_ft
4448,dailymakeup_0026.png,1,3,1,koclip_ft
4449,dailymakeup_0026.png,2,2,1,koclip_ft
4450,dailymakeup_0026.png,2,3,1,koclip_ft
4451,dailymakeup_0026.png,2,1,1,koclip_ft
4475,dailymakeup_0029.png,4,4,1,koclip_ft
4515,dailymakeup_0035.png,4,3,1,koclip_ft
4516,dailymakeup_0035.png,3,4,1,koclip_ft
4517,dailymakeup_0035.png,3,3,1,koclip_ft
4518,dailymakeup_0035.png,3,3,1,koclip_ft
4519,dailymakeup_0035.png,4,4,1,koclip_ft
4520,dailymakeup_0036.png,4,4,1,koclip_ft
4637,dailymakeup_0055.png,4,2,1,koclip_ft
4638,dailymakeup_0055.png,3,3,1,koclip_ft
4639,dailymakeup_0055.png,1,1,1,koclip_ft
4640,dailymakeup_0055.png,1,1,1,koclip_ft
4670,dailymakeup_0064.png,1,1,1,koclip_ft
4671,dailymakeup_0065.png,3,3,1,koclip_ft
4672,dailymakeup_0065.png,3,3,1,koclip_ft
4673,dailymakeup_0065.png,3,3,1,koclip_ft
4690,dailymakeup_0069.png,2,1,1,koclip_ft
4691,dailymakeup_0069.png,1,1,1,koclip_ft
4692,dailymakeup_0069.png,1,4,1,koclip_ft
4693,dailymakeup_0069.png,1,1,1,koclip_ft
4694,dailymakeup_0069.png,2,1,1,koclip_ft
4695,dailymakeup_0069.png,1,1,1,koclip_ft
4696,dailymakeup_0069.png,1,1,1,koclip_ft
4697,dailymakeup_0069.png,2,3,1,koclip_ft
4698,dailymakeup_0069.png,2,2,1,koclip_ft
4699,dailymakeup_0069.png,1,2,1,koclip_ft
4738,dailymakeup_0081.png,4,4,1,koclip_ft
4739,dailymakeup_0081.png,3,3,1,koclip_ft
4740,dailymakeup_0081.png,3,3,1,koclip_ft
4741,dailymakeup_0081.png,3,1,1,koclip_ft
4747,dailymakeup_0083.png,4,1,1,koclip_ft
4765,dailymakeup_0089.png,1,2,1,koclip_ft
4766,dailymakeup_0089.png,2,1,1,koclip_ft
4767,dailymakeup_0089.png,4,1,1,koclip_ft
4768,dailymakeup_0089.png,0,1,1,koclip_ft
4769,dailymakeup_0089.png,3,3,1,koclip_ft
4790,dailymakeup_0093.png,4,4,1,koclip_ft
4791,dailymakeup_0094.png,2,4,1,koclip_ft
4792,dailymakeup_0094.png,4,4,1,koclip_ft
4798,dailymakeup_0097.png,1,2,1,koclip_ft
4799,dailymakeup_0097.png,1,3,1,koclip_ft
4800,dailymakeup_0097.png,1,4,1,koclip_ft
4801,dailymakeup_0097.png,2,2,1,koclip_ft
4802,dailymakeup_0097.png,1,3,1,koclip_ft
4844,kkuankku_0005.png,3,2,1,koclip_ft
4845,kkuankku_0005.png,4,3,1,koclip_ft
4846,kkuankku_0005.png,4,3,1,koclip_ft
4900,kkuankku_0018.png,4,4,1,koclip_ft
4901,kkuankku_0018.png,4,4,1,koclip_ft
4902,kkuankku_0018.png,3,4,1,koclip_ft
4903,kkuankku_0018.png,3,3,1,koclip_ft
4904,kkuankku_0018.png,2,4,1,koclip_ft
4905,kkuankku_0018.png,4,3,1,koclip_ft
4980,kkuankku_0043.png,2,4,1,koclip_ft
4981,kkuankku_0043.png,4,4,1,koclip_ft
4982,kkuankku_0043.png,3,1,1,koclip_ft
4983,kkuankku_0043.png,3,2,1,koclip_ft
4984,kkuankku_0047.png,4,4,1,koclip_ft
4985,kkuankku_0047.png,4,4,1,koclip_ft
4986,kkuankku_0047.png,3,2,1,koclip_ft
4987,kkuankku_0047.png,4,3,1,koclip_ft
4996,kkuankku_0054.png,4,3,1,koclip_ft
4997,kkuankku_0054.png,3,3,1,koclip_ft
4998,kkuankku_0054.png,3,3,1,koclip_ft
4999,kkuankku_0054.png,3,3,1,koclip_ft
5000,kkuankku_0054.png,2,4,1,koclip_ft
5046,kkuankku_0066.png,4,4,1,koclip_ft
5047,kkuankku_0066.png,4,4,1,koclip_ft
5048,kkuankku_0066.png,4,3,1,koclip_ft
5049,kkuankku_0066.png,4,3,1,koclip_ft
5050,kkuankku_0066.png,3,3,1,koclip_ft
5051,kkuankku_0066.png,4,4,1,koclip_ft
5052,kkuankku_0066.png,3,3,1,koclip_ft
5053,kkuankku_0066.png,4,1,1,koclip_ft
5054,kkuankku_0066.png,3,3,1,koclip_ft
5055,kkuankku_0066.png,4,4,1,koclip_ft
5056,kkuankku_0066.png,4,4,1,koclip_ft
5057,kkuankku_0066.png,2,2,1,koclip_ft
5058,kkuankku_0066.png,1,1,1,koclip_ft
5059,kkuankku_0066.png,4,0,1,koclip_ft
5060,kkuankku_0066.png,2,2,1,koclip_ft
5061,kkuankku_0066.png,4,2,1,koclip_ft
5062,kkuankku_0066.png,3,3,1,koclip_ft
5063,kkuankku_0066.png,4,1,1,koclip_ft
5064,kkuankku_0066.png,3,3,1,koclip_ft
5080,kkuankku_0078.png,4,4,1,koclip_ft
5081,kkuankku_0078.png,1,4,1,koclip_ft
5082,kkuankku_0078.png,2,1,1,koclip_ft
5095,kkuankku_0088.png,4,4,1,koclip_ft
5096,kkuankku_0088.png,4,4,1,koclip_ft
5097,kkuankku_0088.png,2,2,1,koclip_ft
5098,kkuankku_0088.png,3,3,1,koclip_ft
5099,kkuankku_0088.png,3,3,1,koclip_ft
5100,kkuankku_0088.png,3,3,1,koclip_ft
5101,kkuankku_0088.png,3,2,1,koclip_ft
5102,kkuankku_0088.png,4,2,1,koclip_ft
5103,kkuankku_0088.png,4,3,1,koclip_ft
5104,kkuankku_0088.png,4,3,1,koclip_ft
5136,kkuankku_0098.png,3,3,1,koclip_ft
5137,kkuankku_0098.png,3,3,1,koclip_ft
5138,kkuankku_0098.png,1,3,1,koclip_ft
5139,kkuankku_0098.png,4,4,1,koclip_ft
5140,kkuankku_0098.png,3,3,1,koclip_ft
5141,kkuankku_0098.png,1,4,1,koclip_ft
5142,kkuankku_0098.png,0,0,1,koclip_ft
5143,kkuankku_0098.png,1,4,1,koclip_ft
5144,kkuankku_0098.png,0,4,1,koclip_ft
5145,kkuankku_0098.png,2,2,1,koclip_ft
5146,kkuankku_0098.png,2,3,1,koclip_ft
5147,kkuankku_0098.png,0,4,1,koclip_ft
5148,kkuankku_0098.png,4,3,1,koclip_ft
5149,kkuankku_0098.png,2,3,1,koclip_ft
5150,kkuankku_0098.png,3,4,1,koclip_ft
5151,kkuankku_0098.png,3,3,1,koclip_ft
5204,dailylook_0004.png,4,4,1,koclip_ft
5205,dailylook_0004.png,4,4,1,koclip_ft
5206,dailylook_0004.png,3,3,1,koclip_ft
5207,dailylook_0004.png,4,0,1,koclip_ft
5226,dailylook_0009.png,3,3,1,koclip_ft
5227,dailylook_0009.png,3,3,1,koclip_ft
5228,dailylook_0009.png,4,3,1,koclip_ft
5229,dailylook_0009.png,4,4,1,koclip_ft
5230,dailylook_0009.png,3,3,1,koclip_ft
5231,dailylook_0009.png,3,3,1,koclip_ft
5232,dailylook_0009.png,3,3,1,koclip_ft
5233,dailylook_0009.png,2,3,1,koclip_ft
5234,dailylook_0009.png,3,3,1,koclip_ft
5264,dailylook_0014.png,4,1,1,koclip_ft
5265,dailylook_0014.png,1,1,1,koclip_ft
5266,dailylook_0014.png,3,2,1,koclip_ft
5267,dailylook_0014.png,3,3,1,koclip_ft
5268,dailylook_0014.png,3,3,1,koclip_ft
5269,dailylook_0015.png,3,3,1,koclip_ft
5270,dailylook_0015.png,3,3,1,koclip_ft
5271,dailylook_0015.png,3,3,1,koclip_ft
5272,dailylook_0015.png,1,1,1,koclip_ft
5273,dailylook_0015.png,3,3,1,koclip_ft
5297,dailylook_0021.png,3,3,1,koclip_ft
5298,dailylook_0021.png,3,3,1,koclip_ft
5299,dailylook_0021.png,3,3,1,koclip_ft
5300,dailylook_0021.png,2,1,1,koclip_ft
5301,dailylook_0021.png,2,4,1,koclip_ft
5334,dailylook_0041.png,1,1,1,koclip_ft
5335,dailylook_0041.png,4,4,1,koclip_ft
5336,dailylook_0041.png,4,4,1,koclip_ft
5337,dailylook_0041.png,4,4,1,koclip_ft
5338,dailylook_0041.png,3,3,1,koclip_ft
5357,dailylook_0045.png,3,3,1,koclip_ft
5358,dailylook_0045.png,3,3,1,koclip_ft
5359,dailylook_0045.png,3,3,1,koclip_ft
5360,dailylook_0045.png,3,3,1,koclip_ft
5361,dailylook_0045.png,3,3,1,koclip_ft
5395,dailylook_0050.png,4,3,1,koclip_ft
5396,dailylook_0050.png,4,3,1,koclip_ft
5397,dailylook_0050.png,3,3,1,koclip_ft
5398,dailylook_0050.png,4,3,1,koclip_ft
5399,dailylook_0050.png,4,3,1,koclip_ft
5400,dailylook_0050.png,3,3,1,koclip_ft
5418,dailylook_0057.png,4,3,1,koclip_ft
5419,dailylook_0057.png,4,3,1,koclip_ft
5420,dailylook_0057.png,4,3,1,koclip_ft
5421,dailylook_0057.png,2,4,1,koclip_ft
5422,dailylook_0057.png,2,3,1,koclip_ft
5423,dailylook_0057.png,4,3,1,koclip_ft
5424,dailylook_0057.png,4,4,1,koclip_ft
5425,dailylook_0057.png,3,3,1,koclip_ft
5489,dailylook_0081.png,4,3,1,koclip_ft
5490,dailylook_0081.png,3,3,1,koclip_ft
5491,dailylook_0081.png,3,3,1,koclip_ft
5492,dailylook_0081.png,4,3,1,koclip_ft
5493,dailylook_0081.png,3,3,1,koclip_ft
5604,ootd_0007.png,4,3,1,koclip_ft
5605,ootd_0007.png,2,2,1,koclip_ft
5712,ootd_0043.png,0,2,1,koclip_ft
5713,ootd_0043.png,3,3,1,koclip_ft
5714,ootd_0043.png,3,3,1,koclip_ft
5715,ootd_0043.png,2,2,1,koclip_ft
5716,ootd_0043.png,4,3,1,koclip_ft
5717,ootd_0043.png,3,3,1,koclip_ft
5718,ootd_0043.png,2,3,1,koclip_ft
5719,ootd_0043.png,2,2,1,koclip_ft
5720,ootd_0043.png,1,4,1,koclip_ft
5721,ootd_0043.png,1,4,1,koclip_ft
5722,ootd_0043.png,3,3,1,koclip_ft
5723,ootd_0043.png,4,3,1,koclip_ft
5724,ootd_0043.png,3,3,1,koclip_ft
5725,ootd_0043.png,0,2,1,koclip_ft
5726,ootd_0043.png,4,0,1,koclip_ft
5727,ootd_0043.png,1,0,1,koclip_ft
5728,ootd_0043.png,4,0,1,koclip_ft
5729,ootd_0043.png,0,1,1,koclip_ft
5730,ootd_0043.png,0,1,1,koclip_ft
5731,ootd_0043.png,3,3,1,koclip_ft
5732,ootd_0043.png,3,3,1,koclip_ft
5733,ootd_0043.png,4,4,1,koclip_ft
5734,ootd_0043.png,0,4,1,koclip_ft
5735,ootd_0043.png,0,4,1,koclip_ft
5736,ootd_0043.png,4,3,1,koclip_ft
5743,ootd_0046.png,0,4,1,koclip_ft
5744,ootd_0046.png,1,1,1,koclip_ft
5745,ootd_0046.png,2,4,1,koclip_ft
5746,ootd_0046.png,2,2,1,koclip_ft
5747,ootd_0046.png,3,3,1,koclip_ft
5748,ootd_0046.png,2,2,1,koclip_ft
5749,ootd_0046.png,3,3,1,koclip_ft
5750,ootd_0046.png,1,1,1,koclip_ft
5751,ootd_0046.png,3,3,1,koclip_ft
5752,ootd_0046.png,3,4,1,koclip_ft
5753,ootd_0046.png,3,3,1,koclip_ft
5780,ootd_0053.png,3,3,1,koclip_ft
5781,ootd_0053.png,3,3,1,koclip_ft
5782,ootd_0053.png,4,2,1,koclip_ft
5783,ootd_0053.png,3,3,1,koclip_ft
5784,ootd_0055.png,1,2,1,koclip_ft
5785,ootd_0055.png,3,0,1,koclip_ft
5786,ootd_0055.png,2,1,1,koclip_ft
5787,ootd_0055.png,3,3,1,koclip_ft
5788,ootd_0055.png,2,3,1,koclip_ft
5789,ootd_0055.png,3,2,1,koclip_ft
5790,ootd_0055.png,3,3,1,koclip_ft
5791,ootd_0055.png,1,0,1,koclip_ft
5835,ootd_0081.png,0,1,1,koclip_ft
5836,ootd_0081.png,3,0,1,koclip_ft
5837,ootd_0081.png,3,3,1,koclip_ft
5838,ootd_0081.png,3,3,1,koclip_ft
5839,ootd_0081.png,2,2,1,koclip_ft
5869,ootd_0087.png,3,3,1,koclip_ft
5870,ootd_0087.png,0,4,1,koclip_ft
5903,ootd_0096.png,4,1,1,koclip_ft
5904,ootd_0096.png,4,1,1,koclip_ft
5905,ootd_0096.png,4,0,1,koclip_ft
5906,ootd_0096.png,1,1,1,koclip_ft
5907,ootd_0096.png,1,4,1,koclip_ft
5908,ootd_0096.png,1,1,1,koclip_ft
5909,ootd_0096.png,2,4,1,koclip_ft
5910,ootd_0096.png,3,3,1,koclip_ft
5911,ootd_0096.png,3,3,1,koclip_ft
5912,ootd_0096.png,3,2,1,koclip_ft
5913,ootd_0096.png,3,3,1,koclip_ft
5914,ootd_0096.png,2,2,1,koclip_ft
5915,ootd_0096.png,3,3,1,koclip_ft
5964,fashionista_0026.png,0,0,1,koclip_ft
5965,fashionista_0026.png,0,4,1,koclip_ft
5966,fashionista_0026.png,0,4,1,koclip_ft
5967,fashionista_0026.png,0,0,1,koclip_ft
5968,fashionista_0026.png,3,2,1,koclip_ft
5983,fashionista_0029.png,4,2,1,koclip_ft
6172,fashionista_0060.png,2,2,1,koclip_ft
6173,fashionista_0060.png,2,2,1,koclip_ft
6174,fashionista_0060.png,4,4,1,koclip_ft
6175,fashionista_0060.png,4,4,1,koclip_ft
6176,fashionista_0060.png,2,3,1,koclip_ft
6177,fashionista_0060.png,4,4,1,koclip_ft
6178,fashionista_0060.png,4,4,1,koclip_ft
6179,fashionista_0060.png,2,2,1,koclip_ft
6180,fashionista_0060.png,2,3,1,koclip_ft
6181,fashionista_0060.png,0,0,1,koclip_ft
6182,fashionista_0060.png,0,0,1,koclip_ft
6183,fashionista_0060.png,1,2,1,koclip_ft
6184,fashionista_0060.png,2,3,1,koclip_ft
6185,fashionista_0060.png,0,0,1,koclip_ft
6186,fashionista_0060.png,3,3,1,koclip_ft
6187,fashionista_0060.png,0,1,1,koclip_ft
6188,fashionista_0060.png,0,0,1,koclip_ft
6189,fashionista_0060.png,0,0,1,koclip_ft
6190,fashionista_0060.png,0,1,1,koclip_ft
6191,fashionista_0060.png,0,0,1,koclip_ft
6192,fashionista_0060.png,0,1,1,koclip_ft
6193,fashionista_0060.png,0,0,1,koclip_ft
6194,fashionista_0060.png,0,0,1,koclip_ft
6195,fashionista_0060.png,0,0,1,koclip_ft
6196,fashionista_0060.png,0,0,1,koclip_ft
6197,fashionista_0060.png,0,0,1,koclip_ft
6198,fashionista_0060.png,0,0,1,koclip_ft
6199,fashionista_0060.png,0,0,1,koclip_ft
6290,fashionista_0082.png,1,1,1,koclip_ft
6291,fashionista_0082.png,0,0,1,koclip_ft
6292,fashionista_0082.png,0,0,1,koclip_ft
6293,fashionista_0082.png,0,0,1,koclip_ft
6294,fashionista_0082.png,0,0,1,koclip_ft
6295,fashionista_0082.png,0,0,1,koclip_ft
6296,fashionista_0082.png,1,0,1,koclip_ft
6297,fashionista_0082.png,0,0,1,koclip_ft
6298,fashionista_0082.png,1,4,1,koclip_ft
6299,fashionista_0082.png,0,0,1,koclip_ft
6300,fashionista_0082.png,1,3,1,koclip_ft
6301,fashionista_0082.png,2,2,1,koclip_ft
6302,fashionista_0082.png,2,2,1,koclip_ft
6303,fashionista_0082.png,3,1,1,koclip_ft
6304,fashionista_0082.png,0,0,1,koclip_ft
6305,fashionista_0082.png,2,2,1,koclip_ft
6306,fashionista_0082.png,0,0,1,koclip_ft
6307,fashionista_0082.png,4,2,1,koclip_ft
6308,fashionista_0082.png,0,2,1,koclip_ft
6309,fashionista_0082.png,0,0,1,koclip_ft
6310,fashionista_0082.png,4,3,1,koclip_ft
6311,fashionista_0082.png,0,2,1,koclip_ft
6312,fashionista_0082.png,4,2,1,koclip_ft
6438,fashionista_0100.png,0,2,1,koclip_ft
6439,fashionista_0100.png,3,2,1,koclip_ft
6440,fashionista_0100.png,0,0,1,koclip_ft
6441,fashionista_0100.png,1,0,1,koclip_ft
6442,fashionista_0100.png,2,2,1,koclip_ft
6443,fashionista_0100.png,1,4,1,koclip_ft
6444,fashionista_0100.png,1,4,1,koclip_ft
6445,fashionista_0100.png,3,3,1,koclip_ft
6446,fashionista_0100.png,3,2,1,koclip_ft
6447,fashionista_0100.png,3,3,1,koclip_ft
6448,fashionista_0100.png,0,0,1,koclip_ft
6449,fashionista_0100.png,3,1,1,koclip_ft
6450,fashionista_0100.png,1,3,1,koclip_ft
6451,fashionista_0100.png,0,0,1,koclip_ft
6452,fashionista_0100.png,3,3,1,koclip_ft
6453,fashionista_0100.png,0,1,1,koclip_ft
6454,fashionista_0100.png,0,1,1,koclip_ft
6455,fashionista_0100.png,0,0,1,koclip_ft
6456,fashionista_0100.png,0,1,1,koclip_ft
6457,fashionista_0100.png,0,0,1,koclip_ft
6458,fashionista_0100.png,0,0,1,koclip_ft
6459,fashionista_0100.png,0,0,1,koclip_ft
6460,fashionista_0100.png,0,0,1,koclip_ft
6461,fashionista_0100.png,0,0,1,koclip_ft
6462,fashionista_0100.png,0,1,1,koclip_ft
6466,neungsohwa_0006.png,4,0,1,koclip_ft
6467,neungsohwa_0006.png,4,4,1,koclip_ft
6468,neungsohwa_0006.png,1,1,1,koclip_ft
6469,neungsohwa_0006.png,1,0,1,koclip_ft
6470,neungsohwa_0007.png,4,1,1,koclip_ft
6471,neungsohwa_0007.png,1,2,1,koclip_ft
6472,neungsohwa_0007.png,3,1,1,koclip_ft
6473,neungsohwa_0007.png,4,4,1,koclip_ft
6474,neungsohwa_0007.png,4,4,1,koclip_ft
6475,neungsohwa_0007.png,3,1,1,koclip_ft
6476,neungsohwa_0007.png,2,2,1,koclip_ft
6477,neungsohwa_0007.png,4,4,1,koclip_ft
6478,neungsohwa_0007.png,3,1,1,koclip_ft
6479,neungsohwa_0007.png,0,4,1,koclip_ft
6480,neungsohwa_0007.png,2,3,1,koclip_ft
6481,neungsohwa_0007.png,3,1,1,koclip_ft
6482,neungsohwa_0007.png,0,1,1,koclip_ft
6483,neungsohwa_0007.png,1,2,1,koclip_ft
6484,neungsohwa_0007.png,0,0,1,koclip_ft
6485,neungsohwa_0007.png,0,1,1,koclip_ft
6486,neungsohwa_0007.png,2,3,1,koclip_ft
6487,neungsohwa_0007.png,0,0,1,koclip_ft
6488,neungsohwa_0007.png,1,0,1,koclip_ft
6489,neungsohwa_0007.png,2,3,1,koclip_ft
6490,neungsohwa_0007.png,2,0,1,koclip_ft
6491,neungsohwa_0007.png,3,1,1,koclip_ft
6492,neungsohwa_0007.png,3,1,1,koclip_ft
6493,neungsohwa_0008.png,3,0,1,koclip_ft
6494,neungsohwa_0008.png,4,4,1,koclip_ft
6495,neungsohwa_0008.png,3,4,1,koclip_ft
6496,neungsohwa_0008.png,1,0,1,koclip_ft
6497,neungsohwa_0008.png,1,4,1,koclip_ft
6498,neungsohwa_0008.png,4,4,1,koclip_ft
6499,neungsohwa_0008.png,2,3,1,koclip_ft
6500,neungsohwa_0008.png,4,1,1,koclip_ft
6501,neungsohwa_0008.png,3,3,1,koclip_ft
6502,neungsohwa_0008.png,3,3,1,koclip_ft
6503,neungsohwa_0008.png,3,0,1,koclip_ft
6504,neungsohwa_0008.png,2,3,1,koclip_ft
6505,neungsohwa_0008.png,4,4,1,koclip_ft
6506,neungsohwa_0008.png,4,4,1,koclip_ft
6510,neungsohwa_0011.png,4,4,1,koclip_ft
6511,neungsohwa_0011.png,1,0,1,koclip_ft
6520,neungsohwa_0015.png,1,1,1,koclip_ft
6521,neungsohwa_0015.png,4,4,1,koclip_ft
6597,neungsohwa_0035.png,3,0,1,koclip_ft
6598,neungsohwa_0035.png,4,4,1,koclip_ft
6628,neungsohwa_0047.png,0,4,1,koclip_ft
6629,neungsohwa_0047.png,0,4,1,koclip_ft
6707,neungsohwa_0068.png,1,0,1,koclip_ft
6708,neungsohwa_0068.png,1,0,1,koclip_ft
6709,neungsohwa_0068.png,1,1,1,koclip_ft
6714,neungsohwa_0074.png,4,4,1,koclip_ft
6715,neungsohwa_0074.png,4,3,1,koclip_ft
6716,neungsohwa_0074.png,4,4,1,koclip_ft
6717,neungsohwa_0074.png,0,0,1,koclip_ft
6718,neungsohwa_0074.png,0,0,1,koclip_ft
6731,neungsohwa_0079.png,0,4,1,koclip_ft
6732,neungsohwa_0079.png,0,0,1,koclip_ft
6733,neungsohwa_0079.png,1,1,1,koclip_ft
6734,neungsohwa_0079.png,3,2,1,koclip_ft
6735,neungsohwa_0079.png,0,4,1,koclip_ft
6742,neungsohwa_0083.png,1,4,1,koclip_ft
6743,neungsohwa_0083.png,4,4,1,koclip_ft
6744,neungsohwa_0083.png,1,3,1,koclip_ft
6745,neungsohwa_0083.png,1,0,1,koclip_ft
6746,neungsohwa_0084.png,4,4,1,koclip_ft
6747,neungsohwa_0084.png,4,4,1,koclip_ft
6748,neungsohwa_0084.png,1,1,1,koclip_ft
6754,neungsohwa_0086.png,4,4,1,koclip_ft
6755,neungsohwa_0086.png,4,4,1,koclip_ft
6756,neungsohwa_0086.png,4,0,1,koclip_ft
6757,neungsohwa_0086.png,3,3,1,koclip_ft
6758,neungsohwa_0086.png,2,2,1,koclip_ft
6773,neungsohwa_0091.png,3,4,1,koclip_ft
6774,neungsohwa_0091.png,1,4,1,koclip_ft
6775,neungsohwa_0091.png,4,4,1,koclip_ft
6776,neungsohwa_0091.png,2,2,1,koclip_ft
6777,neungsohwa_0091.png,3,3,1,koclip_ft
6783,neungsohwa_0095.png,3,0,1,koclip_ft
6784,neungsohwa_0095.png,4,4,1,koclip_ft
6785,neungsohwa_0095.png,0,4,1,koclip_ft
6786,neungsohwa_0095.png,0,2,1,koclip_ft
6787,neungsohwa_0095.png,0,3,1,koclip_ft
6788,neungsohwa_0095.png,0,3,1,koclip_ft
6789,neungsohwa_0095.png,0,4,1,koclip_ft
6790,neungsohwa_0095.png,0,0,1,koclip_ft
6791,neungsohwa_0096.png,0,0,1,koclip_ft
6792,neungsohwa_0096.png,1,1,1,koclip_ft
6793,neungsohwa_0096.png,3,4,1,koclip_ft
6798,neungsohwa_0099.png,1,0,1,koclip_ft
6799,neungsohwa_0099.png,3,1,1,koclip_ft
6800,neungsohwa_0099.png,4,4,1,koclip_ft
6801,neungsohwa_0099.png,2,2,1,koclip_ft
6855,danpung_0010.png,3,3,1,koclip_ft
6856,danpung_0010.png,4,0,1,koclip_ft
6857,danpung_0010.png,4,3,1,koclip_ft
6858,danpung_0010.png,3,3,1,koclip_ft
6859,danpung_0010.png,3,3,1,koclip_ft
6860,danpung_0011.png,4,4,1,koclip_ft
6861,danpung_0011.png,3,3,1,koclip_ft
6862,danpung_0011.png,3,3,1,koclip_ft
6916,danpung_0022.png,3,1,1,koclip_ft
6917,danpung_0022.png,0,0,1,koclip_ft
6918,danpung_0022.png,4,3,1,koclip_ft
6919,danpung_0023.png,4,4,1,koclip_ft
6920,danpung_0023.png,3,3,1,koclip_ft
6921,danpung_0023.png,4,3,1,koclip_ft
6922,danpung_0023.png,3,3,1,koclip_ft
6923,danpung_0023.png,4,3,1,koclip_ft
6924,danpung_0023.png,2,0,1,koclip_ft
6925,danpung_0023.png,4,4,1,koclip_ft
6926,danpung_0023.png,3,3,1,koclip_ft
6927,danpung_0023.png,4,4,1,koclip_ft
6928,danpung_0023.png,3,4,1,koclip_ft
6929,danpung_0023.png,2,2,1,koclip_ft
6930,danpung_0023.png,4,1,1,koclip_ft
6931,danpung_0023.png,1,0,1,koclip_ft
6932,danpung_0023.png,1,1,1,koclip_ft
6933,danpung_0023.png,2,2,1,koclip_ft
6934,danpung_0023.png,3,3,1,koclip_ft
6935,danpung_0023.png,2,2,1,koclip_ft
6936,danpung_0023.png,2,2,1,koclip_ft
6937,danpung_0024.png,4,4,1,koclip_ft
6938,danpung_0024.png,0,0,1,koclip_ft
6939,danpung_0024.png,3,4,1,koclip_ft
6940,danpung_0024.png,3,4,1,koclip_ft
6941,danpung_0024.png,3,3,1,koclip_ft
6942,danpung_0024.png,4,4,1,koclip_ft
6943,danpung_0024.png,4,4,1,koclip_ft
6944,danpung_0024.png,1,0,1,koclip_ft
6945,danpung_0024.png,4,4,1,koclip_ft
6981,danpung_0035.png,3,3,1,koclip_ft
6982,danpung_0035.png,4,4,1,koclip_ft
6983,danpung_0035.png,3,3,1,koclip_ft
6984,danpung_0035.png,2,1,1,koclip_ft
6985,danpung_0035.png,2,2,1,koclip_ft
6986,danpung_0035.png,3,2,1,koclip_ft
6987,danpung_0035.png,2,2,1,koclip_ft
7054,danpung_0046.png,4,4,1,koclip_ft
7055,danpung_0046.png,4,4,1,koclip_ft
7056,danpung_0046.png,4,4,1,koclip_ft
7057,danpung_0046.png,3,4,1,koclip_ft
7058,danpung_0046.png,1,4,1,koclip_ft
7059,danpung_0046.png,1,3,1,koclip_ft
7060,danpung_0046.png,1,3,1,koclip_ft
7074,danpung_0053.png,2,1,1,koclip_ft
7196,danpung_0073.png,4,0,1,koclip_ft
7197,danpung_0073.png,4,3,1,koclip_ft
7215,danpung_0079.png,4,4,1,koclip_ft
7216,danpung_0079.png,3,3,1,koclip_ft
7217,danpung_0079.png,3,3,1,koclip_ft
7218,danpung_0079.png,3,4,1,koclip_ft
7219,danpung_0079.png,3,4,1,koclip_ft
7220,danpung_0079.png,3,4,1,koclip_ft
7221,danpung_0079.png,4,4,1,koclip_ft
7222,danpung_0079.png,3,4,1,koclip_ft
7223,danpung_0079.png,3,0,1,koclip_ft
7224,danpung_0079.png,3,4,1,koclip_ft
7232,danpung_0083.png,4,4,1,koclip_ft
7233,danpung_0083.png,4,3,1,koclip_ft
7234,danpung_0083.png,4,3,1,koclip_ft
7235,danpung_0083.png,2,4,1,koclip_ft
7236,danpung_0083.png,3,1,1,koclip_ft
7237,danpung_0083.png,3,3,1,koclip_ft
7238,danpung_0083.png,4,3,1,koclip_ft
7253,danpung_0087.png,4,3,1,koclip_ft
7254,danpung_0087.png,4,4,1,koclip_ft
7255,danpung_0087.png,2,3,1,koclip_ft
7256,danpung_0087.png,3,2,1,koclip_ft
7257,danpung_0087.png,2,2,1,koclip_ft
7258,danpung_0087.png,0,1,1,koclip_ft
7272,danpung_0095.png,4,4,1,koclip_ft
7273,danpung_0095.png,0,0,1,koclip_ft
7274,danpung_0095.png,0,0,1,koclip_ft
7294,cherryblossom_0002.png,3,4,1,koclip_ft
7295,cherryblossom_0002.png,4,4,1,koclip_ft
7303,cherryblossom_0011.png,4,4,1,koclip_ft
7304,cherryblossom_0011.png,4,3,1,koclip_ft
7305,cherryblossom_0011.png,4,0,1,koclip_ft
7323,cherryblossom_0022.png,1,3,1,koclip_ft
7324,cherryblossom_0022.png,4,0,1,koclip_ft
7325,cherryblossom_0022.png,4,1,1,koclip_ft
7394,cherryblossom_0034.png,4,4,1,koclip_ft
7395,cherryblossom_0034.png,3,4,1,koclip_ft
7396,cherryblossom_0034.png,4,4,1,koclip_ft
7397,cherryblossom_0035.png,4,4,1,koclip_ft
7398,cherryblossom_0035.png,3,4,1,koclip_ft
7399,cherryblossom_0035.png,1,1,1,koclip_ft
7400,cherryblossom_0036.png,2,2,1,koclip_ft
7401,cherryblossom_0036.png,4,4,1,koclip_ft
7402,cherryblossom_0036.png,3,1,1,koclip_ft
7403,cherryblossom_0036.png,4,0,1,koclip_ft
7404,cherryblossom_0036.png,2,0,1,koclip_ft
7405,cherryblossom_0036.png,1,0,1,koclip_ft
7456,cherryblossom_0051.png,0,4,1,koclip_ft
7457,cherryblossom_0051.png,0,4,1,koclip_ft
7458,cherryblossom_0051.png,0,0,1,koclip_ft
7459,cherryblossom_0051.png,0,0,1,koclip_ft
7460,cherryblossom_0051.png,0,1,1,koclip_ft
7492,cherryblossom_0057.png,4,0,1,koclip_ft
7496,cherryblossom_0059.png,4,4,1,koclip_ft
7497,cherryblossom_0059.png,4,4,1,koclip_ft
7498,cherryblossom_0059.png,2,1,1,koclip_ft
7509,cherryblossom_0065.png,1,4,1,koclip_ft
7510,cherryblossom_0065.png,4,4,1,koclip_ft
7511,cherryblossom_0065.png,4,0,1,koclip_ft
7512,cherryblossom_0066.png,4,4,1,koclip_ft
7513,cherryblossom_0066.png,3,4,1,koclip_ft
7520,cherryblossom_0070.png,4,4,1,koclip_ft
7521,cherryblossom_0076.png,4,4,1,koclip_ft
7522,cherryblossom_0076.png,1,0,1,koclip_ft
7523,cherryblossom_0076.png,1,0,1,koclip_ft
7524,cherryblossom_0076.png,0,0,1,koclip_ft
7528,cherryblossom_0078.png,3,4,1,koclip_ft
7529,cherryblossom_0078.png,4,4,1,koclip_ft
7530,cherryblossom_0078.png,2,4,1,koclip_ft
7531,cherryblossom_0078.png,1,1,1,koclip_ft
7582,cherryblossom_0092.png,4,4,1,koclip_ft
7583,cherryblossom_0092.png,2,0,1,koclip_ft
7584,cherryblossom_0093.png,4,4,1,koclip_ft
7585,cherryblossom_0093.png,4,0,1,koclip_ft
7586,cherryblossom_0093.png,3,3,1,koclip_ft
7587,cherryblossom_0093.png,4,4,1,koclip_ft
7588,cherryblossom_0093.png,2,3,1,koclip_ft
7589,cherryblossom_0094.png,4,4,1,koclip_ft
7590,cherryblossom_0094.png,4,4,1,koclip_ft
7605,cherryblossom_0098.png,4,4,1,koclip_ft
7606,cherryblossom_0098.png,3,3,1,koclip_ft
7639,kpop_0003.png,4,0,1,koclip_ft
7640,kpop_0003.png,4,4,1,koclip_ft
7641,kpop_0003.png,3,3,1,koclip_ft
7642,kpop_0003.png,3,3,1,koclip_ft
7643,kpop_0003.png,4,4,1,koclip_ft
7644,kpop_0004.png,0,0,1,koclip_ft
7645,kpop_0004.png,0,0,1,koclip_ft
7646,kpop_0004.png,1,4,1,koclip_ft
7647,kpop_0004.png,3,1,1,koclip_ft
7652,kpop_0006.png,0,1,1,koclip_ft
7653,kpop_0006.png,0,1,1,koclip_ft
7654,kpop_0006.png,1,0,1,koclip_ft
7655,kpop_0006.png,4,3,1,koclip_ft
7656,kpop_0006.png,4,4,1,koclip_ft
7657,kpop_0007.png,4,2,1,koclip_ft
7658,kpop_0007.png,4,4,1,koclip_ft
7659,kpop_0007.png,4,0,1,koclip_ft
7660,kpop_0007.png,3,3,1,koclip_ft
7661,kpop_0007.png,2,3,1,koclip_ft
7662,kpop_0007.png,3,3,1,koclip_ft
7663,kpop_0007.png,4,4,1,koclip_ft
7664,kpop_0007.png,1,0,1,koclip_ft
7665,kpop_0007.png,2,1,1,koclip_ft
7666,kpop_0007.png,1,0,1,koclip_ft
7667,kpop_0007.png,1,2,1,koclip_ft
7668,kpop_0007.png,1,2,1,koclip_ft
7669,kpop_0007.png,1,0,1,koclip_ft
7735,kpop_0016.png,4,0,1,koclip_ft
7736,kpop_0016.png,3,0,1,koclip_ft
7737,kpop_0016.png,3,3,1,koclip_ft
7738,kpop_0016.png,2,2,1,koclip_ft
7739,kpop_0016.png,4,4,1,koclip_ft
7740,kpop_0017.png,4,3,1,koclip_ft
7741,kpop_0017.png,4,4,1,koclip_ft
7742,kpop_0017.png,2,4,1,koclip_ft
7743,kpop_0017.png,3,1,1,koclip_ft
7817,kpop_0030.png,4,4,1,koclip_ft
7818,kpop_0030.png,4,0,1,koclip_ft
7819,kpop_0030.png,4,4,1,koclip_ft
7820,kpop_0030.png,4,0,1,koclip_ft
7821,kpop_0030.png,3,4,1,koclip_ft
7822,kpop_0030.png,3,3,1,koclip_ft
7823,kpop_0030.png,3,3,1,koclip_ft
7824,kpop_0030.png,2,2,1,koclip_ft
7825,kpop_0030.png,0,0,1,koclip_ft
7826,kpop_0030.png,1,1,1,koclip_ft
7827,kpop_0030.png,2,1,1,koclip_ft
7828,kpop_0030.png,1,1,1,koclip_ft
7870,kpop_0036.png,4,4,1,koclip_ft
7871,kpop_0036.png,4,3,1,koclip_ft
7872,kpop_0036.png,3,0,1,koclip_ft
7873,kpop_0036.png,3,0,1,koclip_ft
7874,kpop_0036.png,3,3,1,koclip_ft
7966,kpop_0046.png,4,4,1,koclip_ft
7967,kpop_0046.png,4,4,1,koclip_ft
7968,kpop_0046.png,4,4,1,koclip_ft
7969,kpop_0046.png,4,4,1,koclip_ft
7970,kpop_0046.png,4,0,1,koclip_ft
7971,kpop_0046.png,3,3,1,koclip_ft
7972,kpop_0046.png,2,2,1,koclip_ft
7973,kpop_0046.png,3,3,1,koclip_ft
7974,kpop_0046.png,2,1,1,koclip_ft
7975,kpop_0046.png,2,3,1,koclip_ft
7976,kpop_0046.png,3,4,1,koclip_ft
8015,kpop_0051.png,4,0,1,koclip_ft
8016,kpop_0051.png,4,3,1,koclip_ft
8017,kpop_0051.png,4,4,1,koclip_ft
8018,kpop_0051.png,3,3,1,koclip_ft
8019,kpop_0051.png,0,0,1,koclip_ft
8020,kpop_0051.png,1,4,1,koclip_ft
8031,kpop_0055.png,4,0,1,koclip_ft
8032,kpop_0055.png,4,4,1,koclip_ft
8033,kpop_0055.png,4,0,1,koclip_ft
8034,kpop_0055.png,4,1,1,koclip_ft
8035,kpop_0055.png,3,2,1,koclip_ft
8036,kpop_0055.png,3,4,1,koclip_ft
8037,kpop_0055.png,2,4,1,koclip_ft
8038,kpop_0055.png,4,4,1,koclip_ft
8039,kpop_0055.png,3,3,1,koclip_ft
8040,kpop_0055.png,0,0,1,koclip_ft
8041,kpop_0055.png,1,0,1,koclip_ft
8042,kpop_0055.png,2,0,1,koclip_ft
8043,kpop_0055.png,1,1,1,koclip_ft
8044,kpop_0055.png,1,2,1,koclip_ft
8045,kpop_0055.png,1,2,1,koclip_ft
8046,kpop_0055.png,4,4,1,koclip_ft
8047,kpop_0055.png,4,0,1,koclip_ft
8070,kpop_0058.png,1,1,1,koclip_ft
8071,kpop_0058.png,1,0,1,koclip_ft
8072,kpop_0058.png,1,1,1,koclip_ft
8073,kpop_0058.png,1,0,1,koclip_ft
8112,kpop_0066.png,3,3,1,koclip_ft
8113,kpop_0066.png,2,2,1,koclip_ft
8114,kpop_0066.png,4,3,1,koclip_ft
8115,kpop_0066.png,4,0,1,koclip_ft
8116,kpop_0066.png,4,4,1,koclip_ft
8117,kpop_0066.png,4,4,1,koclip_ft
8118,kpop_0066.png,4,0,1,koclip_ft
8119,kpop_0066.png,4,4,1,koclip_ft
8120,kpop_0066.png,3,3,1,koclip_ft
8121,kpop_0066.png,3,3,1,koclip_ft
8122,kpop_0066.png,2,3,1,koclip_ft
8123,kpop_0066.png,3,3,1,koclip_ft
8124,kpop_0066.png,4,4,1,koclip_ft
8125,kpop_0066.png,2,0,1,koclip_ft
8126,kpop_0066.png,3,3,1,koclip_ft
8127,kpop_0066.png,3,4,1,koclip_ft
8128,kpop_0066.png,1,4,1,koclip_ft
8129,kpop_0066.png,1,0,1,koclip_ft
8130,kpop_0066.png,1,0,1,koclip_ft
8135,kpop_0068.png,0,3,1,koclip_ft
8136,kpop_0068.png,0,3,1,koclip_ft
8137,kpop_0068.png,0,3,1,koclip_ft
8138,kpop_0068.png,0,0,1,koclip_ft
8139,kpop_0068.png,1,0,1,koclip_ft
8179,kpop_0073.png,4,4,1,koclip_ft
8180,kpop_0073.png,1,2,1,koclip_ft
8181,kpop_0073.png,4,3,1,koclip_ft
8182,kpop_0073.png,3,1,1,koclip_ft
8183,kpop_0073.png,3,0,1,koclip_ft
8189,kpop_0075.png,4,4,1,koclip_ft
8190,kpop_0075.png,3,1,1,koclip_ft
8191,kpop_0075.png,2,4,1,koclip_ft
8192,kpop_0075.png,3,3,1,koclip_ft
8193,kpop_0075.png,1,1,1,koclip_ft
8276,kpop_0089.png,4,4,1,koclip_ft
8277,kpop_0089.png,4,4,1,koclip_ft
8278,kpop_0089.png,4,2,1,koclip_ft
8279,kpop_0089.png,2,4,1,koclip_ft
8280,kpop_0089.png,2,3,1,koclip_ft
8281,kpop_0089.png,3,3,1,koclip_ft
8282,kpop_0089.png,1,1,1,koclip_ft
8283,kpop_0090.png,4,0,1,koclip_ft
8284,kpop_0090.png,4,4,1,koclip_ft
8285,kpop_0090.png,3,4,1,koclip_ft
8286,kpop_0090.png,2,2,1,koclip_ft
8287,kpop_0090.png,4,3,1,koclip_ft
8288,kpop_0091.png,3,4,1,koclip_ft
8289,kpop_0091.png,2,1,1,koclip_ft
8290,kpop_0091.png,1,0,1,koclip_ft
8291,kpop_0091.png,4,3,1,koclip_ft
8292,kpop_0091.png,2,2,1,koclip_ft
8323,kpop_0097.png,4,4,1,koclip_ft
8324,kpop_0097.png,3,4,1,koclip_ft
8325,kpop_0097.png,4,1,1,koclip_ft
8326,kpop_0097.png,4,4,1,koclip_ft
8327,kpop_0097.png,4,0,1,koclip_ft
8328,kpop_0097.png,3,4,1,koclip_ft
8329,kpop_0097.png,4,4,1,koclip_ft
8330,kpop_0097.png,3,4,1,koclip_ft
8331,kpop_0097.png,3,4,1,koclip_ft
8332,kpop_0097.png,3,0,1,koclip_ft
8333,kpop_0097.png,3,4,1,koclip_ft
8334,kpop_0097.png,2,0,1,koclip_ft
8335,kpop_0097.png,3,3,1,koclip_ft
8336,kpop_0097.png,2,4,1,koclip_ft
8363,kpop_0099.png,4,3,1,koclip_ft
8364,kpop_0099.png,3,3,1,koclip_ft
8365,kpop_0099.png,3,0,1,koclip_ft
8366,kpop_0099.png,4,0,1,koclip_ft
8367,kpop_0099.png,4,0,1,koclip_ft
8368,kpop_0099.png,4,0,1,koclip_ft
8369,kpop_0099.png,4,3,1,koclip_ft
8370,kpop_0099.png,4,4,1,koclip_ft
8371,kpop_0099.png,4,0,1,koclip_ft
8372,kpop_0099.png,3,1,1,koclip_ft
8373,kpop_0099.png,2,0,1,koclip_ft
8374,kpop_0099.png,2,2,1,koclip_ft
8375,kpop_0099.png,4,4,1,koclip_ft
8376,kpop_0100.png,4,0,1,koclip_ft
8377,kpop_0100.png,4,4,1,koclip_ft
8378,kpop_0100.png,4,0,1,koclip_ft
8379,kpop_0100.png,4,4,1,koclip_ft
8380,kpop_0100.png,3,3,1,koclip_ft
8440,spotify_0020.png,2,2,1,koclip_ft
8441,spotify_0020.png,1,4,1,koclip_ft
8442,spotify_0020.png,2,2,1,koclip_ft
8443,spotify_0020.png,1,2,1,koclip_ft
8444,spotify_0020.png,3,1,1,koclip_ft
8445,spotify_0021.png,2,2,1,koclip_ft
8446,spotify_0021.png,1,3,1,koclip_ft
8447,spotify_0021.png,1,3,1,koclip_ft
8448,spotify_0021.png,1,2,1,koclip_ft
8449,spotify_0021.png,1,2,1,koclip_ft
8487,spotify_0041.png,1,1,1,koclip_ft
8488,spotify_0041.png,3,3,1,koclip_ft
8489,spotify_0041.png,2,3,1,koclip_ft
8490,spotify_0041.png,2,2,1,koclip_ft
8491,spotify_0041.png,2,2,1,koclip_ft
8517,spotify_0047.png,4,4,1,koclip_ft
8518,spotify_0047.png,3,3,1,koclip_ft
8519,spotify_0047.png,4,4,1,koclip_ft
8520,spotify_0047.png,4,4,1,koclip_ft
8524,spotify_0051.png,2,2,1,koclip_ft
8525,spotify_0051.png,1,3,1,koclip_ft
8526,spotify_0051.png,2,2,1,koclip_ft
8527,spotify_0051.png,1,2,1,koclip_ft
8528,spotify_0051.png,4,4,1,koclip_ft
8529,spotify_0052.png,4,0,1,koclip_ft
8530,spotify_0052.png,3,3,1,koclip_ft
8531,spotify_0052.png,2,2,1,koclip_ft
8532,spotify_0052.png,4,3,1,koclip_ft
8533,spotify_0052.png,1,1,1,koclip_ft
8563,spotify_0060.png,3,1,1,koclip_ft
8564,spotify_0060.png,3,3,1,koclip_ft
8565,spotify_0060.png,4,4,1,koclip_ft
8566,spotify_0060.png,4,4,1,koclip_ft
8584,spotify_0065.png,1,4,1,koclip_ft
8585,spotify_0065.png,1,0,1,koclip_ft
8586,spotify_0065.png,1,4,1,koclip_ft
8587,spotify_0065.png,0,2,1,koclip_ft
8598,spotify_0070.png,3,1,1,koclip_ft
8604,spotify_0073.png,2,2,1,koclip_ft
8605,spotify_0073.png,3,3,1,koclip_ft
8606,spotify_0073.png,1,1,1,koclip_ft
8607,spotify_0073.png,0,2,1,koclip_ft
8608,spotify_0074.png,0,1,1,koclip_ft
8609,spotify_0074.png,0,0,1,koclip_ft
8610,spotify_0074.png,2,2,1,koclip_ft
8611,spotify_0074.png,2,2,1,koclip_ft
8650,spotify_0094.png,4,2,1,koclip_ft
8651,spotify_0094.png,4,2,1,koclip_ft
8652,spotify_0094.png,1,1,1,koclip_ft
8653,spotify_0094.png,1,3,1,koclip_ft
8654,spotify_0094.png,1,4,1,koclip_ft
8685,netflix_0003.png,4,4,1,koclip_ft
8686,netflix_0003.png,4,4,1,koclip_ft
8687,netflix_0003.png,4,3,1,koclip_ft
8688,netflix_0003.png,2,2,1,koclip_ft
8689,netflix_0003.png,2,2,1,koclip_ft
8753,netflix_0020.png,1,2,1,koclip_ft
8754,netflix_0020.png,0,2,1,koclip_ft
8755,netflix_0020.png,1,4,1,koclip_ft
8756,netflix_0020.png,1,4,1,koclip_ft
8757,netflix_0020.png,0,4,1,koclip_ft
8758,netflix_0020.png,0,0,1,koclip_ft
8759,netflix_0020.png,0,4,1,koclip_ft
8760,netflix_0020.png,0,4,1,koclip_ft
8761,netflix_0020.png,0,3,1,koclip_ft
8762,netflix_0020.png,0,2,1,koclip_ft
8763,netflix_0020.png,1,2,1,koclip_ft
8764,netflix_0020.png,1,3,1,koclip_ft
8765,netflix_0020.png,2,2,1,koclip_ft
8766,netflix_0020.png,1,2,1,koclip_ft
8767,netflix_0020.png,1,1,1,koclip_ft
8768,netflix_0020.png,0,4,1,koclip_ft
8769,netflix_0020.png,0,3,1,koclip_ft
8770,netflix_0020.png,1,2,1,koclip_ft
8771,netflix_0020.png,0,2,1,koclip_ft
8831,netflix_0041.png,4,4,1,koclip_ft
8832,netflix_0041.png,4,3,1,koclip_ft
8833,netflix_0041.png,4,4,1,koclip_ft
8834,netflix_0041.png,4,3,1,koclip_ft
8835,netflix_0041.png,2,2,1,koclip_ft
8836,netflix_0041.png,2,1,1,koclip_ft
8837,netflix_0041.png,1,2,1,koclip_ft
8838,netflix_0041.png,1,1,1,koclip_ft
8839,netflix_0041.png,1,1,1,koclip_ft
8840,netflix_0041.png,1,4,1,koclip_ft
8841,netflix_0041.png,1,3,1,koclip_ft
8842,netflix_0041.png,1,1,1,koclip_ft
8843,netflix_0041.png,1,1,1,koclip_ft
8844,netflix_0041.png,0,1,1,koclip_ft
8845,netflix_0041.png,3,3,1,koclip_ft
8846,netflix_0041.png,4,2,1,koclip_ft
8847,netflix_0041.png,3,1,1,koclip_ft
8891,netflix_0053.png,4,4,1,koclip_ft
8892,netflix_0053.png,4,0,1,koclip_ft
8893,netflix_0053.png,3,3,1,koclip_ft
8894,netflix_0053.png,4,4,1,koclip_ft
8895,netflix_0053.png,1,1,1,koclip_ft
8896,netflix_0053.png,1,1,1,koclip_ft
8897,netflix_0053.png,1,1,1,koclip_ft
8898,netflix_0053.png,1,2,1,koclip_ft
8899,netflix_0053.png,1,2,1,koclip_ft
8900,netflix_0053.png,2,1,1,koclip_ft
8901,netflix_0053.png,1,0,1,koclip_ft
8902,netflix_0053.png,1,0,1,koclip_ft
8903,netflix_0053.png,4,4,1,koclip_ft
8909,netflix_0055.png,2,2,1,koclip_ft
8910,netflix_0055.png,1,2,1,koclip_ft
8911,netflix_0055.png,4,1,1,koclip_ft
8912,netflix_0055.png,4,4,1,koclip_ft
8913,netflix_0055.png,1,0,1,koclip_ft
8982,netflix_0076.png,4,0,1,koclip_ft
8983,netflix_0076.png,3,0,1,koclip_ft
8984,netflix_0076.png,4,1,1,koclip_ft
8985,netflix_0076.png,3,3,1,koclip_ft
8986,netflix_0076.png,2,2,1,koclip_ft
8992,netflix_0081.png,4,1,1,koclip_ft
8993,netflix_0081.png,1,1,1,koclip_ft
8994,netflix_0081.png,0,1,1,koclip_ft
8995,netflix_0081.png,2,3,1,koclip_ft
8996,netflix_0081.png,2,2,1,koclip_ft
8997,netflix_0083.png,4,4,1,koclip_ft
8998,netflix_0083.png,3,1,1,koclip_ft
9009,netflix_0089.png,1,0,1,koclip_ft
9010,netflix_0089.png,2,1,1,koclip_ft
9011,netflix_0089.png,1,0,1,koclip_ft
9012,netflix_0089.png,1,4,1,koclip_ft
9013,netflix_0089.png,0,4,1,koclip_ft
9062,apple_0001.png,1,2,1,koclip_ft
9063,apple_0001.png,3,1,1,koclip_ft
9064,apple_0001.png,1,4,1,koclip_ft
9065,apple_0001.png,0,1,1,koclip_ft
9066,apple_0001.png,1,1,1,koclip_ft
9118,apple_0012.png,4,4,1,koclip_ft
9119,apple_0012.png,4,4,1,koclip_ft
9120,apple_0012.png,4,1,1,koclip_ft
9164,apple_0033.png,4,4,1,koclip_ft
9165,apple_0033.png,4,4,1,koclip_ft
9166,apple_0033.png,4,4,1,koclip_ft
9167,apple_0033.png,4,4,1,koclip_ft
9168,apple_0033.png,4,0,1,koclip_ft
9204,apple_0046.png,4,4,1,koclip_ft
9205,apple_0046.png,4,4,1,koclip_ft
9206,apple_0046.png,1,1,1,koclip_ft
9207,apple_0046.png,3,2,1,koclip_ft
9256,apple_0065.png,4,0,1,koclip_ft
9257,apple_0065.png,4,0,1,koclip_ft
9258,apple_0065.png,3,0,1,koclip_ft
9278,apple_0074.png,4,4,1,koclip_ft
9279,apple_0074.png,3,4,1,koclip_ft
9280,apple_0074.png,4,4,1,koclip_ft
9281,apple_0074.png,3,0,1,koclip_ft
9282,apple_0074.png,1,0,1,koclip_ft
9330,apple_0093.png,1,1,1,koclip_ft
9331,apple_0093.png,1,1,1,koclip_ft
9332,apple_0093.png,4,4,1,koclip_ft
9333,apple_0093.png,4,0,1,koclip_ft
9334,apple_0093.png,4,4,1,koclip_ft
9335,apple_0093.png,2,4,1,koclip_ft
9336,apple_0093.png,1,4,1,koclip_ft
9374,galaxy_0006.png,4,4,1,koclip_ft
9375,galaxy_0006.png,4,1,1,koclip_ft
9376,galaxy_0006.png,4,4,1,koclip_ft
9377,galaxy_0006.png,0,0,1,koclip_ft
9378,galaxy_0006.png,1,1,1,koclip_ft
9413,galaxy_0016.png,4,2,1,koclip_ft
9414,galaxy_0016.png,4,2,1,koclip_ft
9415,galaxy_0016.png,2,2,1,koclip_ft
9416,galaxy_0016.png,1,4,1,koclip_ft
9476,galaxy_0027.png,1,2,1,koclip_ft
9477,galaxy_0027.png,4,4,1,koclip_ft
9478,galaxy_0027.png,3,1,1,koclip_ft
9479,galaxy_0027.png,4,4,1,koclip_ft
9480,galaxy_0027.png,2,4,1,koclip_ft
9481,galaxy_0027.png,1,1,1,koclip_ft
9482,galaxy_0027.png,1,3,1,koclip_ft
9483,galaxy_0027.png,1,2,1,koclip_ft
9484,galaxy_0027.png,3,1,1,koclip_ft
9485,galaxy_0027.png,2,2,1,koclip_ft
9486,galaxy_0027.png,4,4,1,koclip_ft
9503,galaxy_0031.png,0,0,1,koclip_ft
9504,galaxy_0031.png,1,0,1,koclip_ft
9505,galaxy_0031.png,1,1,1,koclip_ft
9506,galaxy_0031.png,4,4,1,koclip_ft
9507,galaxy_0031.png,2,1,1,koclip_ft
9508,galaxy_0031.png,2,0,1,koclip_ft
9509,galaxy_0031.png,4,4,1,koclip_ft
9510,galaxy_0031.png,4,4,1,koclip_ft
9511,galaxy_0031.png,4,4,1,koclip_ft
9512,galaxy_0031.png,4,4,1,koclip_ft
9513,galaxy_0031.png,3,2,1,koclip_ft
9514,galaxy_0031.png,4,4,1,koclip_ft
9515,galaxy_0031.png,2,2,1,koclip_ft
9516,galaxy_0031.png,2,3,1,koclip_ft
9517,galaxy_0031.png,2,4,1,koclip_ft
9518,galaxy_0031.png,0,0,1,koclip_ft
9519,galaxy_0031.png,0,0,1,koclip_ft
9520,galaxy_0031.png,3,4,1,koclip_ft
9521,galaxy_0032.png,3,1,1,koclip_ft
9522,galaxy_0032.png,1,1,1,koclip_ft
9523,galaxy_0032.png,4,4,1,koclip_ft
9524,galaxy_0032.png,4,4,1,koclip_ft
9525,galaxy_0033.png,4,1,1,koclip_ft
9526,galaxy_0033.png,4,1,1,koclip_ft
9527,galaxy_0033.png,3,4,1,koclip_ft
9528,galaxy_0033.png,4,4,1,koclip_ft
9529,galaxy_0033.png,4,4,1,koclip_ft
9530,galaxy_0034.png,4,1,1,koclip_ft
9531,galaxy_0034.png,4,1,1,koclip_ft
9534,galaxy_0036.png,0,0,1,koclip_ft
9535,galaxy_0036.png,1,4,1,koclip_ft
9536,galaxy_0036.png,1,2,1,koclip_ft
9537,galaxy_0036.png,0,1,1,koclip_ft
9538,galaxy_0036.png,0,1,1,koclip_ft
9539,galaxy_0036.png,1,2,1,koclip_ft
9625,galaxy_0067.png,3,1,1,koclip_ft
9626,galaxy_0067.png,1,1,1,koclip_ft
9627,galaxy_0067.png,4,4,1,koclip_ft
9628,galaxy_0067.png,4,4,1,koclip_ft
9675,galaxy_0079.png,3,1,1,koclip_ft
9676,galaxy_0079.png,4,0,1,koclip_ft
9677,galaxy_0079.png,1,4,1,koclip_ft
9678,galaxy_0079.png,4,4,1,koclip_ft
9694,galaxy_0082.png,4,4,1,koclip_ft
9883,iphone16_0019.png,1,0,1,koclip_ft
9894,iphone16_0023.png,3,1,1,koclip_ft
9905,iphone16_0028.png,4,0,1,koclip_ft
9906,iphone16_0028.png,4,0,1,koclip_ft
9907,iphone16_0028.png,4,0,1,koclip_ft
9908,iphone16_0028.png,4,0,1,koclip_ft
9932,iphone16_0037.png,4,0,1,koclip_ft
9939,iphone16_0041.png,0,0,1,koclip_ft
9940,iphone16_0041.png,0,0,1,koclip_ft
9941,iphone16_0041.png,1,0,1,koclip_ft
9942,iphone16_0041.png,1,4,1,koclip_ft
9943,iphone16_0041.png,1,1,1,koclip_ft
9944,iphone16_0041.png,1,4,1,koclip_ft
9945,iphone16_0041.png,1,4,1,koclip_ft
9946,iphone16_0041.png,1,0,1,koclip_ft
9947,iphone16_0041.png,0,1,1,koclip_ft
9948,iphone16_0041.png,1,1,1,koclip_ft
9949,iphone16_0042.png,4,0,1,koclip_ft
9950,iphone16_0042.png,4,3,1,koclip_ft
9951,iphone16_0042.png,1,0,1,koclip_ft
9952,iphone16_0042.png,1,3,1,koclip_ft
9953,iphone16_0042.png,3,1,1,koclip_ft
9954,iphone16_0042.png,4,4,1,koclip_ft
9993,iphone16_0053.png,4,0,1,koclip_ft
9994,iphone16_0053.png,2,2,1,koclip_ft
9995,iphone16_0053.png,3,0,1,koclip_ft
9996,iphone16_0053.png,4,0,1,koclip_ft
9997,iphone16_0053.png,2,2,1,koclip_ft
10033,iphone16_0060.png,1,0,1,koclip_ft
10034,iphone16_0060.png,0,0,1,koclip_ft
10035,iphone16_0060.png,3,4,1,koclip_ft
10036,iphone16_0060.png,0,0,1,koclip_ft
10037,iphone16_0060.png,2,0,1,koclip_ft
10065,iphone16_0069.png,4,0,1,koclip_ft
10066,iphone16_0069.png,4,0,1,koclip_ft
10067,iphone16_0069.png,4,0,1,koclip_ft
10068,iphone16_0069.png,4,0,1,koclip_ft
10069,iphone16_0069.png,4,0,1,koclip_ft
10111,iphone16_0076.png,4,4,1,koclip_ft
10112,iphone16_0076.png,4,4,1,koclip_ft
10113,iphone16_0076.png,4,4,1,koclip_ft
10114,iphone16_0076.png,1,0,1,koclip_ft
10115,iphone16_0076.png,1,2,1,koclip_ft
10242,iphone16_0096.png,4,4,1,koclip_ft
10243,iphone16_0096.png,4,2,1,koclip_ft
10244,iphone16_0096.png,3,1,1,koclip_ft
10245,iphone16_0096.png,1,0,1,koclip_ft
10246,iphone16_0096.png,1,0,1,koclip_ft
10274,healthstagram_0008.png,4,4,1,koclip_ft
10275,healthstagram_0008.png,4,4,1,koclip_ft
10276,healthstagram_0008.png,3,3,1,koclip_ft
10277,healthstagram_0008.png,3,4,1,koclip_ft
10278,healthstagram_0008.png,3,3,1,koclip_ft
10279,healthstagram_0008.png,2,2,1,koclip_ft
10280,healthstagram_0008.png,2,2,1,koclip_ft
10281,healthstagram_0008.png,2,2,1,koclip_ft
10312,healthstagram_0011.png,4,2,1,koclip_ft
10313,healthstagram_0011.png,1,1,1,koclip_ft
10354,healthstagram_0022.png,3,4,1,koclip_ft
10355,healthstagram_0022.png,3,2,1,koclip_ft
10356,healthstagram_0022.png,3,4,1,koclip_ft
10357,healthstagram_0022.png,1,0,1,koclip_ft
10358,healthstagram_0022.png,1,1,1,koclip_ft
10359,healthstagram_0022.png,4,3,1,koclip_ft
10360,healthstagram_0022.png,4,3,1,koclip_ft
10361,healthstagram_0022.png,4,2,1,koclip_ft
10362,healthstagram_0022.png,2,2,1,koclip_ft
10363,healthstagram_0022.png,3,3,1,koclip_ft
10364,healthstagram_0022.png,2,2,1,koclip_ft
10365,healthstagram_0022.png,4,0,1,koclip_ft
10366,healthstagram_0022.png,0,0,1,koclip_ft
10367,healthstagram_0022.png,0,0,1,koclip_ft
10368,healthstagram_0022.png,2,2,1,koclip_ft
10369,healthstagram_0022.png,3,1,1,koclip_ft
10370,healthstagram_0022.png,3,4,1,koclip_ft
10371,healthstagram_0022.png,2,2,1,koclip_ft
10372,healthstagram_0022.png,0,0,1,koclip_ft
10373,healthstagram_0022.png,3,1,1,koclip_ft
10374,healthstagram_0022.png,3,2,1,koclip_ft
10375,healthstagram_0022.png,1,0,1,koclip_ft
10376,healthstagram_0022.png,0,0,1,koclip_ft
10377,healthstagram_0022.png,2,2,1,koclip_ft
10378,healthstagram_0022.png,2,2,1,koclip_ft
10379,healthstagram_0022.png,0,1,1,koclip_ft
10409,healthstagram_0029.png,4,0,1,koclip_ft
10410,healthstagram_0029.png,1,2,1,koclip_ft
10411,healthstagram_0029.png,1,2,1,koclip_ft
10412,healthstagram_0029.png,0,0,1,koclip_ft
10413,healthstagram_0029.png,2,3,1,koclip_ft
10436,healthstagram_0036.png,4,2,1,koclip_ft
10437,healthstagram_0036.png,4,1,1,koclip_ft
10438,healthstagram_0036.png,4,2,1,koclip_ft
10439,healthstagram_0036.png,4,4,1,koclip_ft
10440,healthstagram_0036.png,3,3,1,koclip_ft
10490,healthstagram_0041.png,4,2,1,koclip_ft
10491,healthstagram_0041.png,3,4,1,koclip_ft
10492,healthstagram_0041.png,1,0,1,koclip_ft
10493,healthstagram_0041.png,1,4,1,koclip_ft
10494,healthstagram_0041.png,0,0,1,koclip_ft
10495,healthstagram_0041.png,2,2,1,koclip_ft
10496,healthstagram_0041.png,1,0,1,koclip_ft
10497,healthstagram_0041.png,1,0,1,koclip_ft
10498,healthstagram_0041.png,2,2,1,koclip_ft
10499,healthstagram_0041.png,2,4,1,koclip_ft
10500,healthstagram_0041.png,0,0,1,koclip_ft
10501,healthstagram_0041.png,0,2,1,koclip_ft
10502,healthstagram_0041.png,0,0,1,koclip_ft
10503,healthstagram_0041.png,2,2,1,koclip_ft
10504,healthstagram_0041.png,2,2,1,koclip_ft
10505,healthstagram_0041.png,0,0,1,koclip_ft
10549,healthstagram_0057.png,4,3,1,koclip_ft
10550,healthstagram_0057.png,4,4,1,koclip_ft
10551,healthstagram_0057.png,4,4,1,koclip_ft
10552,healthstagram_0057.png,3,2,1,koclip_ft
10553,healthstagram_0057.png,4,2,1,koclip_ft
10554,healthstagram_0057.png,4,2,1,koclip_ft
10555,healthstagram_0057.png,3,4,1,koclip_ft
10556,healthstagram_0057.png,3,2,1,koclip_ft
10557,healthstagram_0057.png,3,2,1,koclip_ft
10558,healthstagram_0057.png,4,3,1,koclip_ft
10559,healthstagram_0057.png,2,2,1,koclip_ft
10637,healthstagram_0075.png,0,0,1,koclip_ft
10638,healthstagram_0075.png,3,4,1,koclip_ft
10639,healthstagram_0075.png,3,4,1,koclip_ft
10640,healthstagram_0076.png,4,4,1,koclip_ft
10697,healthstagram_0090.png,0,2,1,koclip_ft
10822,ounwan_0011.png,4,4,1,koclip_ft
10823,ounwan_0011.png,4,4,1,koclip_ft
10824,ounwan_0011.png,3,4,1,koclip_ft
10825,ounwan_0011.png,4,4,1,koclip_ft
10826,ounwan_0011.png,3,2,1,koclip_ft
10827,ounwan_0011.png,2,4,1,koclip_ft
10828,ounwan_0011.png,2,2,1,koclip_ft
10829,ounwan_0011.png,4,4,1,koclip_ft
10830,ounwan_0011.png,3,3,1,koclip_ft
10831,ounwan_0011.png,1,0,1,koclip_ft
10832,ounwan_0011.png,3,2,1,koclip_ft
10833,ounwan_0011.png,2,2,1,koclip_ft
10834,ounwan_0011.png,4,4,1,koclip_ft
10835,ounwan_0011.png,2,2,1,koclip_ft
10836,ounwan_0011.png,2,2,1,koclip_ft
10837,ounwan_0011.png,3,4,1,koclip_ft
10838,ounwan_0011.png,4,4,1,koclip_ft
10839,ounwan_0011.png,4,2,1,koclip_ft
10840,ounwan_0011.png,4,0,1,koclip_ft
10841,ounwan_0011.png,3,4,1,koclip_ft
10842,ounwan_0011.png,2,2,1,koclip_ft
10843,ounwan_0011.png,1,2,1,koclip_ft
10844,ounwan_0011.png,2,2,1,koclip_ft
10845,ounwan_0011.png,1,4,1,koclip_ft
10846,ounwan_0011.png,1,4,1,koclip_ft
10882,ounwan_0015.png,4,4,1,koclip_ft
10883,ounwan_0015.png,1,1,1,koclip_ft
10884,ounwan_0015.png,1,1,1,koclip_ft
10885,ounwan_0015.png,4,0,1,koclip_ft
10886,ounwan_0015.png,1,0,1,koclip_ft
10887,ounwan_0015.png,4,2,1,koclip_ft
10888,ounwan_0015.png,3,3,1,koclip_ft
10889,ounwan_0015.png,2,2,1,koclip_ft
10890,ounwan_0015.png,2,2,1,koclip_ft
10891,ounwan_0015.png,4,1,1,koclip_ft
10892,ounwan_0015.png,2,2,1,koclip_ft
10893,ounwan_0015.png,4,4,1,koclip_ft
10894,ounwan_0015.png,4,4,1,koclip_ft
10895,ounwan_0015.png,2,2,1,koclip_ft
10896,ounwan_0015.png,2,2,1,koclip_ft
10897,ounwan_0015.png,3,2,1,koclip_ft
10903,ounwan_0018.png,4,3,1,koclip_ft
10904,ounwan_0018.png,3,2,1,koclip_ft
10905,ounwan_0018.png,2,2,1,koclip_ft
10906,ounwan_0018.png,2,2,1,koclip_ft
10907,ounwan_0018.png,4,4,1,koclip_ft
10908,ounwan_0018.png,4,4,1,koclip_ft
10909,ounwan_0018.png,2,2,1,koclip_ft
10910,ounwan_0019.png,0,4,1,koclip_ft
10911,ounwan_0019.png,0,4,1,koclip_ft
10912,ounwan_0019.png,0,0,1,koclip_ft
10913,ounwan_0019.png,0,0,1,koclip_ft
10947,ounwan_0033.png,4,0,1,koclip_ft
10948,ounwan_0033.png,0,0,1,koclip_ft
10949,ounwan_0033.png,2,3,1,koclip_ft
10950,ounwan_0033.png,3,4,1,koclip_ft
10951,ounwan_0033.png,1,1,1,koclip_ft
10952,ounwan_0033.png,2,3,1,koclip_ft
10953,ounwan_0033.png,4,4,1,koclip_ft
10954,ounwan_0033.png,3,3,1,koclip_ft
10955,ounwan_0033.png,3,3,1,koclip_ft
10956,ounwan_0033.png,4,4,1,koclip_ft
10957,ounwan_0033.png,2,2,1,koclip_ft
10958,ounwan_0033.png,1,2,1,koclip_ft
10959,ounwan_0033.png,1,2,1,koclip_ft
10960,ounwan_0033.png,3,4,1,koclip_ft
10961,ounwan_0033.png,3,4,1,koclip_ft
10962,ounwan_0033.png,2,4,1,koclip_ft
10971,ounwan_0036.png,4,3,1,koclip_ft
10972,ounwan_0036.png,4,0,1,koclip_ft
10973,ounwan_0036.png,4,0,1,koclip_ft
10974,ounwan_0036.png,2,2,1,koclip_ft
10975,ounwan_0036.png,4,0,1,koclip_ft
11005,ounwan_0043.png,4,0,1,koclip_ft
11006,ounwan_0043.png,3,3,1,koclip_ft
11007,ounwan_0043.png,2,2,1,koclip_ft
11008,ounwan_0043.png,4,4,1,koclip_ft
11009,ounwan_0043.png,2,2,1,koclip_ft
11010,ounwan_0043.png,3,2,1,koclip_ft
11011,ounwan_0043.png,3,3,1,koclip_ft
11012,ounwan_0043.png,3,2,1,koclip_ft
11013,ounwan_0043.png,3,3,1,koclip_ft
11014,ounwan_0043.png,3,2,1,koclip_ft
11015,ounwan_0043.png,4,4,1,koclip_ft
11016,ounwan_0043.png,2,2,1,koclip_ft
11017,ounwan_0043.png,1,1,1,koclip_ft
11018,ounwan_0043.png,1,1,1,koclip_ft
11019,ounwan_0043.png,0,0,1,koclip_ft
11020,ounwan_0043.png,0,0,1,koclip_ft
11021,ounwan_0043.png,0,0,1,koclip_ft
11022,ounwan_0043.png,1,0,1,koclip_ft
11023,ounwan_0043.png,4,4,1,koclip_ft
11024,ounwan_0043.png,4,4,1,koclip_ft
11025,ounwan_0043.png,2,2,1,koclip_ft
11026,ounwan_0043.png,1,0,1,koclip_ft
11027,ounwan_0043.png,0,0,1,koclip_ft
11028,ounwan_0043.png,2,4,1,koclip_ft
11065,ounwan_0050.png,3,3,1,koclip_ft
11095,ounwan_0054.png,4,3,1,koclip_ft
11136,ounwan_0061.png,2,2,1,koclip_ft
11137,ounwan_0061.png,3,3,1,koclip_ft
11138,ounwan_0061.png,2,0,1,koclip_ft
11139,ounwan_0061.png,3,2,1,koclip_ft
11197,ounwan_0069.png,3,3,1,koclip_ft
11198,ounwan_0069.png,4,2,1,koclip_ft
11199,ounwan_0069.png,2,2,1,koclip_ft
11200,ounwan_0069.png,4,4,1,koclip_ft
11201,ounwan_0069.png,4,4,1,koclip_ft
11202,ounwan_0069.png,3,2,1,koclip_ft
11203,ounwan_0069.png,1,2,1,koclip_ft
11204,ounwan_0069.png,2,2,1,koclip_ft
11205,ounwan_0069.png,1,0,1,koclip_ft
11206,ounwan_0069.png,0,2,1,koclip_ft
11207,ounwan_0069.png,0,4,1,koclip_ft
11208,ounwan_0069.png,1,2,1,koclip_ft
11209,ounwan_0069.png,2,2,1,koclip_ft
11210,ounwan_0069.png,0,2,1,koclip_ft
11211,ounwan_0069.png,4,3,1,koclip_ft
11212,ounwan_0069.png,3,3,1,koclip_ft
11213,ounwan_0069.png,0,4,1,koclip_ft
11214,ounwan_0069.png,3,1,1,koclip_ft
11215,ounwan_0071.png,1,0,1,koclip_ft
11268,ounwan_0077.png,2,0,1,koclip_ft
11269,ounwan_0077.png,1,1,1,koclip_ft
11270,ounwan_0077.png,1,1,1,koclip_ft
11271,ounwan_0077.png,1,1,1,koclip_ft
11272,ounwan_0077.png,1,1,1,koclip_ft
11273,ounwan_0077.png,2,0,1,koclip_ft
11274,ounwan_0077.png,1,4,1,koclip_ft
11313,ounwan_0086.png,4,3,1,koclip_ft
11314,ounwan_0086.png,4,2,1,koclip_ft
11315,ounwan_0086.png,3,0,1,koclip_ft
11316,ounwan_0086.png,3,0,1,koclip_ft
11317,ounwan_0086.png,4,2,1,koclip_ft
11327,ounwan_0089.png,4,4,1,koclip_ft
11328,ounwan_0089.png,3,3,1,koclip_ft
11329,ounwan_0089.png,2,0,1,koclip_ft
11330,ounwan_0089.png,1,0,1,koclip_ft
11331,ounwan_0089.png,1,0,1,koclip_ft
11332,ounwan_0089.png,2,2,1,koclip_ft
11333,ounwan_0089.png,2,0,1,koclip_ft
11334,ounwan_0089.png,1,1,1,koclip_ft
11335,ounwan_0089.png,1,3,1,koclip_ft
11336,ounwan_0089.png,1,1,1,koclip_ft
11337,ounwan_0089.png,1,4,1,koclip_ft
11338,ounwan_0089.png,0,0,1,koclip_ft
11339,ounwan_0089.png,1,1,1,koclip_ft
11340,ounwan_0089.png,1,1,1,koclip_ft
11341,ounwan_0089.png,1,0,1,koclip_ft
11342,ounwan_0089.png,1,0,1,koclip_ft
11343,ounwan_0089.png,3,1,1,koclip_ft
11344,ounwan_0089.png,2,1,1,koclip_ft
11345,ounwan_0089.png,3,4,1,koclip_ft
11346,ounwan_0089.png,4,4,1,koclip_ft
11347,ounwan_0089.png,1,2,1,koclip_ft
11348,ounwan_0089.png,1,1,1,koclip_ft
11349,ounwan_0089.png,3,2,1,koclip_ft
11350,ounwan_0089.png,1,4,1,koclip_ft
11351,ounwan_0089.png,4,4,1,koclip_ft
11352,ounwan_0089.png,2,4,1,koclip_ft
11353,ounwan_0089.png,1,4,1,koclip_ft
11362,ounwan_0093.png,0,1,1,koclip_ft
11363,ounwan_0093.png,1,1,1,koclip_ft
11364,ounwan_0093.png,2,3,1,koclip_ft
11365,ounwan_0093.png,4,4,1,koclip_ft
11366,ounwan_0094.png,3,2,1,koclip_ft
11367,ounwan_0094.png,3,3,1,koclip_ft
11368,ounwan_0094.png,2,2,1,koclip_ft
11453,dietfood_0010.png,3,4,1,koclip_ft
11454,dietfood_0010.png,4,4,1,koclip_ft
11455,dietfood_0010.png,2,4,1,koclip_ft
11464,dietfood_0013.png,3,4,1,koclip_ft
11465,dietfood_0013.png,2,2,1,koclip_ft
11466,dietfood_0013.png,1,0,1,koclip_ft
11467,dietfood_0013.png,2,3,1,koclip_ft
11468,dietfood_0013.png,3,3,1,koclip_ft
11492,dietfood_0018.png,1,4,1,koclip_ft
11493,dietfood_0018.png,3,3,1,koclip_ft
11494,dietfood_0018.png,3,1,1,koclip_ft
11495,dietfood_0018.png,4,4,1,koclip_ft
11496,dietfood_0018.png,3,3,1,koclip_ft
11567,dietfood_0029.png,0,4,1,koclip_ft
11568,dietfood_0029.png,0,3,1,koclip_ft
11569,dietfood_0029.png,0,4,1,koclip_ft
11570,dietfood_0029.png,0,3,1,koclip_ft
11571,dietfood_0029.png,0,4,1,koclip_ft
11572,dietfood_0031.png,4,2,1,koclip_ft
11573,dietfood_0031.png,2,3,1,koclip_ft
11574,dietfood_0031.png,3,0,1,koclip_ft
11575,dietfood_0031.png,1,0,1,koclip_ft
11576,dietfood_0031.png,0,1,1,koclip_ft
11640,dietfood_0042.png,4,3,1,koclip_ft
11641,dietfood_0042.png,4,4,1,koclip_ft
11642,dietfood_0042.png,3,4,1,koclip_ft
11643,dietfood_0042.png,4,3,1,koclip_ft
11644,dietfood_0042.png,2,2,1,koclip_ft
11675,dietfood_0051.png,3,2,1,koclip_ft
11676,dietfood_0051.png,3,0,1,koclip_ft
11677,dietfood_0051.png,4,3,1,koclip_ft
11678,dietfood_0051.png,3,2,1,koclip_ft
11679,dietfood_0051.png,2,2,1,koclip_ft
11711,dietfood_0058.png,4,2,1,koclip_ft
11712,dietfood_0058.png,4,4,1,koclip_ft
11713,dietfood_0058.png,3,3,1,koclip_ft
11714,dietfood_0058.png,4,3,1,koclip_ft
11715,dietfood_0058.png,4,3,1,koclip_ft
11716,dietfood_0058.png,4,3,1,koclip_ft
11717,dietfood_0058.png,4,4,1,koclip_ft
11718,dietfood_0058.png,4,4,1,koclip_ft
11719,dietfood_0058.png,4,0,1,koclip_ft
11720,dietfood_0058.png,3,3,1,koclip_ft
11721,dietfood_0058.png,3,2,1,koclip_ft
11722,dietfood_0058.png,3,3,1,koclip_ft
11723,dietfood_0058.png,2,2,1,koclip_ft
11724,dietfood_0058.png,4,4,1,koclip_ft
11725,dietfood_0058.png,4,3,1,koclip_ft
11726,dietfood_0058.png,3,3,1,koclip_ft
11727,dietfood_0058.png,2,2,1,koclip_ft
11728,dietfood_0058.png,3,3,1,koclip_ft
11729,dietfood_0058.png,2,2,1,koclip_ft
11730,dietfood_0058.png,4,4,1,koclip_ft
11788,dietfood_0068.png,4,3,1,koclip_ft
11789,dietfood_0068.png,3,3,1,koclip_ft
11790,dietfood_0068.png,4,4,1,koclip_ft
11791,dietfood_0068.png,4,4,1,koclip_ft
11792,dietfood_0068.png,4,4,1,koclip_ft
11793,dietfood_0068.png,2,4,1,koclip_ft
11794,dietfood_0068.png,1,2,1,koclip_ft
11795,dietfood_0068.png,2,4,1,koclip_ft
11796,dietfood_0068.png,4,4,1,koclip_ft
11797,dietfood_0068.png,3,4,1,koclip_ft
11798,dietfood_0068.png,3,4,1,koclip_ft
11799,dietfood_0068.png,1,4,1,koclip_ft
11800,dietfood_0068.png,1,4,1,koclip_ft
11823,dietfood_0072.png,4,0,1,koclip_ft
11824,dietfood_0072.png,3,2,1,koclip_ft
11825,dietfood_0072.png,3,3,1,koclip_ft
11826,dietfood_0072.png,3,3,1,koclip_ft
11827,dietfood_0072.png,3,3,1,koclip_ft
11852,dietfood_0076.png,0,4,1,koclip_ft
11853,dietfood_0076.png,0,0,1,koclip_ft
11854,dietfood_0076.png,4,4,1,koclip_ft
11855,dietfood_0076.png,3,3,1,koclip_ft
11856,dietfood_0076.png,3,4,1,koclip_ft
11857,dietfood_0076.png,1,4,1,koclip_ft
11858,dietfood_0076.png,2,2,1,koclip_ft
11859,dietfood_0076.png,1,3,1,koclip_ft
11860,dietfood_0076.png,1,3,1,koclip_ft
11861,dietfood_0076.png,2,3,1,koclip_ft
11862,dietfood_0076.png,4,3,1,koclip_ft
11863,dietfood_0076.png,1,0,1,koclip_ft
11883,dietfood_0081.png,0,3,1,koclip_ft
11884,dietfood_0081.png,0,3,1,koclip_ft
11885,dietfood_0081.png,0,3,1,koclip_ft
11901,dietfood_0083.png,4,3,1,koclip_ft
11902,dietfood_0083.png,4,4,1,koclip_ft
11903,dietfood_0083.png,4,3,1,koclip_ft
11904,dietfood_0083.png,3,3,1,koclip_ft
11905,dietfood_0083.png,1,1,1,koclip_ft
11906,dietfood_0084.png,4,2,1,koclip_ft
11907,dietfood_0084.png,4,3,1,koclip_ft
11908,dietfood_0084.png,4,4,1,koclip_ft
11909,dietfood_0084.png,4,2,1,koclip_ft
11910,dietfood_0084.png,4,3,1,koclip_ft
11924,dietfood_0087.png,4,2,1,koclip_ft
11925,dietfood_0087.png,4,0,1,koclip_ft
11926,dietfood_0087.png,4,3,1,koclip_ft
11927,dietfood_0087.png,2,2,1,koclip_ft
11928,dietfood_0087.png,2,2,1,koclip_ft
11929,dietfood_0087.png,2,2,1,koclip_ft
11930,dietfood_0087.png,4,2,1,koclip_ft
11931,dietfood_0087.png,1,2,1,koclip_ft
11932,dietfood_0087.png,4,2,1,koclip_ft
11933,dietfood_0087.png,3,2,1,koclip_ft
11934,dietfood_0087.png,2,2,1,koclip_ft
11935,dietfood_0087.png,4,1,1,koclip_ft
11936,dietfood_0087.png,3,3,1,koclip_ft
11937,dietfood_0087.png,3,2,1,koclip_ft
11938,dietfood_0087.png,3,2,1,koclip_ft
11939,dietfood_0087.png,3,0,1,koclip_ft
11940,dietfood_0087.png,2,2,1,koclip_ft
11941,dietfood_0087.png,2,2,1,koclip_ft
12005,dietfood_0099.png,4,3,1,koclip_ft
12006,dietfood_0099.png,4,3,1,koclip_ft
1,ai_0001.png,4,1,2,koclip_ft
2,ai_0001.png,3,4,2,koclip_ft
3,ai_0001.png,4,4,2,koclip_ft
4,ai_0001.png,3,3,2,koclip_ft
5,ai_0001.png,3,1,2,koclip_ft
20,ai_0006.png,3,1,2,koclip_ft
89,ai_0014.png,4,3,2,koclip_ft
90,ai_0014.png,1,2,2,koclip_ft
91,ai_0014.png,4,4,2,koclip_ft
92,ai_0014.png,1,3,2,koclip_ft
93,ai_0014.png,1,1,2,koclip_ft
94,ai_0014.png,0,0,2,koclip_ft
95,ai_0014.png,0,0,2,koclip_ft
96,ai_0014.png,1,1,2,koclip_ft
97,ai_0014.png,0,4,2,koclip_ft
98,ai_0014.png,3,0,2,koclip_ft
99,ai_0014.png,3,1,2,koclip_ft
100,ai_0014.png,2,0,2,koclip_ft
101,ai_0014.png,1,1,2,koclip_ft
102,ai_0014.png,1,2,2,koclip_ft
103,ai_0014.png,4,4,2,koclip_ft
104,ai_0014.png,3,4,2,koclip_ft
105,ai_0014.png,2,2,2,koclip_ft
106,ai_0014.png,3,2,2,koclip_ft
107,ai_0014.png,2,2,2,koclip_ft
108,ai_0014.png,4,4,2,koclip_ft
109,ai_0014.png,2,2,2,koclip_ft
110,ai_0014.png,0,1,2,koclip_ft
111,ai_0014.png,1,2,2,koclip_ft
214,ai_0020.png,4,4,2,koclip_ft
215,ai_0020.png,3,2,2,koclip_ft
216,ai_0020.png,2,2,2,koclip_ft
217,ai_0020.png,3,4,2,koclip_ft
218,ai_0020.png,1,1,2,koclip_ft
219,ai_0020.png,1,1,2,koclip_ft
220,ai_0020.png,1,1,2,koclip_ft
221,ai_0020.png,4,1,2,koclip_ft
222,domesticTravel_0003.png,1,1,2,koclip_ft
223,domesticTravel_0003.png,3,1,2,koclip_ft
224,domesticTravel_0003.png,3,3,2,koclip_ft
225,domesticTravel_0003.png,2,2,2,koclip_ft
226,domesticTravel_0003.png,3,3,2,koclip_ft
227,domesticTravel_0003.png,4,1,2,koclip_ft
228,domesticTravel_0003.png,2,4,2,koclip_ft
229,domesticTravel_0003.png,3,0,2,koclip_ft
230,domesticTravel_0003.png,1,4,2,koclip_ft
231,domesticTravel_0003.png,2,1,2,koclip_ft
232,domesticTravel_0003.png,1,3,2,koclip_ft
233,domesticTravel_0003.png,2,4,2,koclip_ft
234,domesticTravel_0003.png,0,0,2,koclip_ft
235,domesticTravel_0003.png,3,2,2,koclip_ft
236,domesticTravel_0003.png,1,4,2,koclip_ft
258,domesticTravel_0006.png,4,3,2,koclip_ft
259,domesticTravel_0006.png,0,1,2,koclip_ft
260,domesticTravel_0006.png,4,4,2,koclip_ft
261,domesticTravel_0006.png,1,1,2,koclip_ft
262,domesticTravel_0006.png,0,1,2,koclip_ft
279,domesticTravel_0011.png,1,1,2,koclip_ft
280,domesticTravel_0011.png,4,1,2,koclip_ft
281,domesticTravel_0011.png,4,0,2,koclip_ft
282,domesticTravel_0011.png,3,0,2,koclip_ft
283,domesticTravel_0011.png,3,4,2,koclip_ft
284,domesticTravel_0011.png,3,3,2,koclip_ft
285,domesticTravel_0011.png,2,2,2,koclip_ft
286,domesticTravel_0011.png,4,4,2,koclip_ft
287,domesticTravel_0011.png,4,4,2,koclip_ft
288,domesticTravel_0011.png,3,3,2,koclip_ft
290,domesticTravel_0014.png,4,1,2,koclip_ft
291,domesticTravel_0014.png,3,3,2,koclip_ft
292,domesticTravel_0014.png,4,2,2,koclip_ft
293,domesticTravel_0014.png,3,3,2,koclip_ft
294,domesticTravel_0014.png,3,3,2,koclip_ft
295,domesticTravel_0014.png,2,3,2,koclip_ft
296,domesticTravel_0014.png,2,2,2,koclip_ft
297,domesticTravel_0014.png,3,2,2,koclip_ft
298,domesticTravel_0014.png,3,2,2,koclip_ft
299,domesticTravel_0014.png,1,3,2,koclip_ft
300,domesticTravel_0014.png,4,1,2,koclip_ft
301,domesticTravel_0014.png,4,2,2,koclip_ft
306,domesticTravel_0016.png,4,2,2,koclip_ft
307,domesticTravel_0016.png,4,2,2,koclip_ft
308,domesticTravel_0016.png,4,2,2,koclip_ft
309,domesticTravel_0016.png,1,0,2,koclip_ft
310,domesticTravel_0016.png,3,3,2,koclip_ft
311,domesticTravel_0016.png,3,3,2,koclip_ft
312,domesticTravel_0016.png,3,3,2,koclip_ft
313,domesticTravel_0016.png,2,2,2,koclip_ft
314,domesticTravel_0016.png,0,0,2,koclip_ft
315,domesticTravel_0016.png,0,1,2,koclip_ft
316,domesticTravel_0016.png,0,0,2,koclip_ft
317,domesticTravel_0016.png,2,2,2,koclip_ft
318,domesticTravel_0016.png,1,0,2,koclip_ft
319,domesticTravel_0016.png,2,2,2,koclip_ft
320,domesticTravel_0016.png,4,4,2,koclip_ft
439,fall_0013.png,4,4,2,koclip_ft
440,fall_0013.png,4,4,2,koclip_ft
441,fall_0013.png,3,2,2,koclip_ft
442,fall_0013.png,3,2,2,koclip_ft
443,fall_0013.png,4,4,2,koclip_ft
444,fall_0013.png,4,4,2,koclip_ft
445,fall_0013.png,4,4,2,koclip_ft
446,fall_0013.png,4,4,2,koclip_ft
447,fall_0013.png,4,1,2,koclip_ft
448,fall_0013.png,4,4,2,koclip_ft
449,fall_0013.png,4,4,2,koclip_ft
450,fall_0013.png,4,4,2,koclip_ft
451,fall_0013.png,3,4,2,koclip_ft
452,fall_0013.png,0,4,2,koclip_ft
453,fall_0013.png,0,1,2,koclip_ft
454,fall_0013.png,1,4,2,koclip_ft
455,fall_0013.png,1,0,2,koclip_ft
456,fall_0013.png,1,0,2,koclip_ft
457,fall_0013.png,1,1,2,koclip_ft
458,fall_0013.png,1,2,2,koclip_ft
459,fall_0013.png,1,1,2,koclip_ft
460,fall_0013.png,1,1,2,koclip_ft
461,fall_0013.png,0,2,2,koclip_ft
462,fall_0013.png,1,0,2,koclip_ft
463,fall_0013.png,0,0,2,koclip_ft
464,fall_0013.png,1,0,2,koclip_ft
465,fall_0013.png,0,0,2,koclip_ft
466,fall_0013.png,1,4,2,koclip_ft
467,fall_0013.png,1,2,2,koclip_ft
468,fall_0013.png,1,3,2,koclip_ft
498,fall_0016.png,3,1,2,koclip_ft
499,fall_0016.png,4,4,2,koclip_ft
500,fall_0016.png,4,0,2,koclip_ft
501,fall_0016.png,4,0,2,koclip_ft
502,fall_0016.png,4,4,2,koclip_ft
503,fall_0016.png,2,2,2,koclip_ft
504,fall_0016.png,0,1,2,koclip_ft
505,fall_0016.png,4,3,2,koclip_ft
506,fall_0016.png,3,4,2,koclip_ft
507,fall_0016.png,4,4,2,koclip_ft
508,fall_0016.png,4,0,2,koclip_ft
509,fall_0016.png,1,2,2,koclip_ft
510,fall_0016.png,4,4,2,koclip_ft
663,fashion_0016.png,4,4,2,koclip_ft
664,fashion_0016.png,4,1,2,koclip_ft
665,fashion_0016.png,3,3,2,koclip_ft
666,fashion_0016.png,2,2,2,koclip_ft
667,fashion_0016.png,3,1,2,koclip_ft
668,fashion_0016.png,4,1,2,koclip_ft
669,fashion_0016.png,3,3,2,koclip_ft
670,fashion_0016.png,3,3,2,koclip_ft
671,fashion_0016.png,1,2,2,koclip_ft
672,fashion_0016.png,3,4,2,koclip_ft
673,fashion_0016.png,4,2,2,koclip_ft
674,fashion_0016.png,4,3,2,koclip_ft
675,fashion_0016.png,3,3,2,koclip_ft
676,fashion_0016.png,4,3,2,koclip_ft
677,fashion_0016.png,4,3,2,koclip_ft
678,fashion_0016.png,3,2,2,koclip_ft
679,fashion_0016.png,4,3,2,koclip_ft
680,fashion_0016.png,4,3,2,koclip_ft
681,fashion_0016.png,2,2,2,koclip_ft
682,fashion_0016.png,4,4,2,koclip_ft
683,fashion_0016.png,3,3,2,koclip_ft
684,fashion_0018.png,3,3,2,koclip_ft
685,fashion_0018.png,2,1,2,koclip_ft
686,fashion_0018.png,1,4,2,koclip_ft
687,fashion_0018.png,1,2,2,koclip_ft
688,fashion_0018.png,4,4,2,koclip_ft
689,fashion_0018.png,4,3,2,koclip_ft
690,fashion_0018.png,3,3,2,koclip_ft
691,fashion_0018.png,2,2,2,koclip_ft
692,fashion_0018.png,4,4,2,koclip_ft
693,fashion_0018.png,4,2,2,koclip_ft
694,fashion_0018.png,3,3,2,koclip_ft
695,fashion_0018.png,3,3,2,koclip_ft
696,fashion_0018.png,1,4,2,koclip_ft
697,fashion_0018.png,1,1,2,koclip_ft
698,fashion_0018.png,3,0,2,koclip_ft
699,fashion_0018.png,3,4,2,koclip_ft
700,fashion_0018.png,3,4,2,koclip_ft
701,fashion_0018.png,4,4,2,koclip_ft
794,movie_0011.png,4,1,2,koclip_ft
795,movie_0011.png,4,4,2,koclip_ft
796,movie_0011.png,3,1,2,koclip_ft
797,movie_0011.png,1,4,2,koclip_ft
798,movie_0011.png,4,1,2,koclip_ft
799,movie_0011.png,4,4,2,koclip_ft
800,movie_0011.png,4,4,2,koclip_ft
801,movie_0011.png,2,2,2,koclip_ft
802,movie_0011.png,1,2,2,koclip_ft
803,movie_0011.png,3,3,2,koclip_ft
804,movie_0011.png,3,3,2,koclip_ft
813,movie_0015.png,4,4,2,koclip_ft
814,movie_0015.png,4,2,2,koclip_ft
815,movie_0015.png,4,4,2,koclip_ft
816,movie_0015.png,2,2,2,koclip_ft
817,movie_0015.png,1,3,2,koclip_ft
818,movie_0015.png,1,4,2,koclip_ft
819,movie_0015.png,1,4,2,koclip_ft
820,movie_0015.png,2,0,2,koclip_ft
821,movie_0015.png,1,2,2,koclip_ft
822,movie_0015.png,2,2,2,koclip_ft
823,movie_0015.png,2,2,2,koclip_ft
824,movie_0015.png,1,4,2,koclip_ft
825,movie_0015.png,2,2,2,koclip_ft
826,movie_0015.png,1,1,2,koclip_ft
827,movie_0015.png,1,1,2,koclip_ft
828,movie_0015.png,1,3,2,koclip_ft
829,movie_0015.png,1,3,2,koclip_ft
830,movie_0015.png,2,3,2,koclip_ft
831,movie_0015.png,2,3,2,koclip_ft
832,movie_0015.png,1,4,2,koclip_ft
833,movie_0015.png,1,3,2,koclip_ft
834,movie_0015.png,1,3,2,koclip_ft
835,movie_0015.png,1,3,2,koclip_ft
836,movie_0015.png,0,2,2,koclip_ft
837,movie_0015.png,1,2,2,koclip_ft
838,movie_0015.png,3,3,2,koclip_ft
839,movie_0015.png,1,3,2,koclip_ft
840,movie_0015.png,1,3,2,koclip_ft
841,movie_0015.png,3,3,2,koclip_ft
842,movie_0015.png,0,0,2,koclip_ft
843,movie_0016.png,3,3,2,koclip_ft
844,movie_0016.png,2,2,2,koclip_ft
845,movie_0016.png,4,3,2,koclip_ft
846,movie_0016.png,1,3,2,koclip_ft
847,movie_0016.png,2,3,2,koclip_ft
848,movie_0016.png,1,2,2,koclip_ft
849,movie_0016.png,2,3,2,koclip_ft
877,movie_0020.png,4,1,2,koclip_ft
878,movie_0020.png,3,2,2,koclip_ft
879,movie_0020.png,2,2,2,koclip_ft
880,movie_0020.png,1,2,2,koclip_ft
881,movie_0020.png,0,3,2,koclip_ft
882,movie_0020.png,0,4,2,koclip_ft
883,movie_0020.png,2,2,2,koclip_ft
884,movie_0020.png,1,2,2,koclip_ft
885,movie_0020.png,1,2,2,koclip_ft
886,movie_0020.png,0,1,2,koclip_ft
887,movie_0020.png,1,2,2,koclip_ft
1019,olive_0013.png,4,1,2,koclip_ft
1020,olive_0013.png,4,3,2,koclip_ft
1021,olive_0013.png,4,3,2,koclip_ft
1022,olive_0013.png,4,4,2,koclip_ft
1023,olive_0013.png,3,2,2,koclip_ft
1024,olive_0013.png,4,4,2,koclip_ft
1025,olive_0013.png,3,3,2,koclip_ft
1026,olive_0013.png,1,3,2,koclip_ft
1027,olive_0013.png,1,1,2,koclip_ft
1028,olive_0013.png,4,1,2,koclip_ft
1029,olive_0013.png,4,1,2,koclip_ft
1030,olive_0013.png,4,3,2,koclip_ft
1031,olive_0013.png,4,4,2,koclip_ft
1032,olive_0013.png,4,3,2,koclip_ft
1033,olive_0013.png,3,2,2,koclip_ft
1034,olive_0013.png,2,2,2,koclip_ft
1035,olive_0013.png,2,3,2,koclip_ft
1036,olive_0013.png,3,4,2,koclip_ft
1097,olive_0021.png,2,3,2,koclip_ft
1098,olive_0021.png,4,4,2,koclip_ft
1099,olive_0021.png,4,3,2,koclip_ft
1100,olive_0021.png,3,3,2,koclip_ft
1101,olive_0021.png,1,1,2,koclip_ft
1102,olive_0021.png,3,1,2,koclip_ft
1103,olive_0021.png,4,2,2,koclip_ft
1104,olive_0021.png,3,3,2,koclip_ft
1105,olive_0021.png,3,1,2,koclip_ft
1106,olive_0021.png,2,3,2,koclip_ft
1107,olive_0021.png,3,3,2,koclip_ft
1108,olive_0021.png,1,1,2,koclip_ft
1109,olive_0021.png,4,3,2,koclip_ft
1110,olive_0021.png,4,3,2,koclip_ft
1111,olive_0022.png,3,3,2,koclip_ft
1268,restaurant_0020.png,4,1,2,koclip_ft
1269,restaurant_0020.png,3,1,2,koclip_ft
1270,restaurant_0020.png,4,4,2,koclip_ft
1271,restaurant_0020.png,2,3,2,koclip_ft
1272,restaurant_0020.png,3,3,2,koclip_ft
1273,restaurant_0020.png,3,0,2,koclip_ft
1274,restaurant_0020.png,2,0,2,koclip_ft
1275,restaurant_0020.png,3,0,2,koclip_ft
1276,restaurant_0020.png,3,0,2,koclip_ft
1277,restaurant_0020.png,2,0,2,koclip_ft
1278,restaurant_0020.png,4,0,2,koclip_ft
1279,restaurant_0020.png,2,4,2,koclip_ft
1280,restaurant_0020.png,2,1,2,koclip_ft
1281,restaurant_0020.png,2,2,2,koclip_ft
1282,restaurant_0020.png,3,4,2,koclip_ft
1283,restaurant_0020.png,3,4,2,koclip_ft
1284,restaurant_0020.png,3,3,2,koclip_ft
1285,restaurant_0020.png,3,4,2,koclip_ft
1286,restaurant_0020.png,3,4,2,koclip_ft
1287,restaurant_0020.png,1,4,2,koclip_ft
1288,restaurant_0020.png,1,3,2,koclip_ft
1289,restaurant_0020.png,1,1,2,koclip_ft
1290,restaurant_0020.png,1,1,2,koclip_ft
1291,restaurant_0020.png,3,1,2,koclip_ft
1292,restaurant_0020.png,0,0,2,koclip_ft
1415,zerokal_0008.png,4,1,2,koclip_ft
1416,zerokal_0008.png,4,1,2,koclip_ft
1417,zerokal_0008.png,4,1,2,koclip_ft
1418,zerokal_0008.png,3,4,2,koclip_ft
1419,zerokal_0008.png,3,3,2,koclip_ft
1420,zerokal_0008.png,4,4,2,koclip_ft
1421,zerokal_0008.png,3,3,2,koclip_ft
1422,zerokal_0008.png,3,1,2,koclip_ft
1423,zerokal_0008.png,2,1,2,koclip_ft
1424,zerokal_0008.png,1,2,2,koclip_ft
1425,zerokal_0008.png,1,2,2,koclip_ft
1426,zerokal_0008.png,0,2,2,koclip_ft
1427,zerokal_0008.png,2,4,2,koclip_ft
1428,zerokal_0008.png,1,2,2,koclip_ft
1429,zerokal_0008.png,1,1,2,koclip_ft
1430,zerokal_0008.png,1,3,2,koclip_ft
1431,zerokal_0008.png,4,4,2,koclip_ft
1492,zerokal_0018.png,4,1,2,koclip_ft
1493,zerokal_0018.png,4,4,2,koclip_ft
1494,zerokal_0018.png,4,0,2,koclip_ft
1495,zerokal_0018.png,1,4,2,koclip_ft
1496,zerokal_0018.png,1,1,2,koclip_ft
1497,zerokal_0018.png,3,3,2,koclip_ft
1498,zerokal_0018.png,2,4,2,koclip_ft
1499,zerokal_0018.png,1,1,2,koclip_ft
1648,travelgram_0037.png,4,4,2,koclip_ft
1649,travelgram_0037.png,3,4,2,koclip_ft
1650,travelgram_0037.png,2,3,2,koclip_ft
1651,travelgram_0037.png,3,3,2,koclip_ft
1751,travelgram_0070.png,0,3,2,koclip_ft
1752,travelgram_0070.png,0,1,2,koclip_ft
1753,travelgram_0070.png,0,4,2,koclip_ft
1754,travelgram_0070.png,0,3,2,koclip_ft
1755,travelgram_0070.png,0,2,2,koclip_ft
1756,travelgram_0070.png,0,2,2,koclip_ft
1757,travelgram_0070.png,0,2,2,koclip_ft
1758,travelgram_0070.png,0,2,2,koclip_ft
1759,travelgram_0070.png,0,4,2,koclip_ft
1760,travelgram_0070.png,0,3,2,koclip_ft
1761,travelgram_0070.png,0,4,2,koclip_ft
1899,solotravel_0009.png,2,2,2,koclip_ft
1900,solotravel_0009.png,4,4,2,koclip_ft
1901,solotravel_0009.png,2,2,2,koclip_ft
1902,solotravel_0009.png,3,2,2,koclip_ft
1903,solotravel_0009.png,4,3,2,koclip_ft
1935,solotravel_0025.png,4,4,2,koclip_ft
1954,solotravel_0033.png,4,4,2,koclip_ft
1955,solotravel_0033.png,1,4,2,koclip_ft
1956,solotravel_0033.png,2,1,2,koclip_ft
1957,solotravel_0033.png,3,2,2,koclip_ft
1958,solotravel_0033.png,2,2,2,koclip_ft
1964,solotravel_0037.png,4,0,2,koclip_ft
1965,solotravel_0037.png,3,0,2,koclip_ft
1966,solotravel_0037.png,1,0,2,koclip_ft
1967,solotravel_0037.png,4,4,2,koclip_ft
2004,solotravel_0043.png,4,0,2,koclip_ft
2005,solotravel_0043.png,4,0,2,koclip_ft
2006,solotravel_0043.png,4,4,2,koclip_ft
2007,solotravel_0043.png,1,0,2,koclip_ft
2008,solotravel_0043.png,4,4,2,koclip_ft
2069,solotravel_0055.png,3,4,2,koclip_ft
2070,solotravel_0055.png,3,3,2,koclip_ft
2071,solotravel_0055.png,3,3,2,koclip_ft
2072,solotravel_0055.png,2,4,2,koclip_ft
2073,solotravel_0055.png,1,1,2,koclip_ft
2074,solotravel_0057.png,1,0,2,koclip_ft
2075,solotravel_0057.png,4,1,2,koclip_ft
2111,solotravel_0065.png,3,2,2,koclip_ft
2112,solotravel_0065.png,4,4,2,koclip_ft
2113,solotravel_0065.png,3,3,2,koclip_ft
2114,solotravel_0065.png,3,3,2,koclip_ft
2115,solotravel_0065.png,4,2,2,koclip_ft
2121,solotravel_0067.png,4,1,2,koclip_ft
2122,solotravel_0067.png,4,0,2,koclip_ft
2123,solotravel_0067.png,3,2,2,koclip_ft
2124,solotravel_0067.png,3,3,2,koclip_ft
2125,solotravel_0067.png,2,2,2,koclip_ft
2184,solotravel_0079.png,4,0,2,koclip_ft
2185,solotravel_0079.png,3,0,2,koclip_ft
2186,solotravel_0079.png,3,3,2,koclip_ft
2187,solotravel_0079.png,2,2,2,koclip_ft
2188,solotravel_0079.png,2,1,2,koclip_ft
2194,solotravel_0082.png,4,1,2,koclip_ft
2195,solotravel_0082.png,3,4,2,koclip_ft
2196,solotravel_0082.png,4,4,2,koclip_ft
2197,solotravel_0082.png,0,0,2,koclip_ft
2198,solotravel_0082.png,0,1,2,koclip_ft
2285,travel_0012.png,4,0,2,koclip_ft
2286,travel_0012.png,2,0,2,koclip_ft
2287,travel_0012.png,3,3,2,koclip_ft
2288,travel_0012.png,3,0,2,koclip_ft
2289,travel_0012.png,3,0,2,koclip_ft
2290,travel_0013.png,2,3,2,koclip_ft
2291,travel_0013.png,3,3,2,koclip_ft
2292,travel_0013.png,1,4,2,koclip_ft
2293,travel_0013.png,4,1,2,koclip_ft
2294,travel_0013.png,1,3,2,koclip_ft
2295,travel_0013.png,2,2,2,koclip_ft
2296,travel_0013.png,2,2,2,koclip_ft
2297,travel_0013.png,0,0,2,koclip_ft
2298,travel_0013.png,4,0,2,koclip_ft
2299,travel_0013.png,0,0,2,koclip_ft
2300,travel_0013.png,4,1,2,koclip_ft
2301,travel_0013.png,0,0,2,koclip_ft
2302,travel_0013.png,1,0,2,koclip_ft
2303,travel_0013.png,0,0,2,koclip_ft
2304,travel_0013.png,1,1,2,koclip_ft
2305,travel_0013.png,3,3,2,koclip_ft
2306,travel_0013.png,0,0,2,koclip_ft
2307,travel_0013.png,4,4,2,koclip_ft
2308,travel_0013.png,0,0,2,koclip_ft
2309,travel_0013.png,4,0,2,koclip_ft
2310,travel_0013.png,0,0,2,koclip_ft
2311,travel_0013.png,3,3,2,koclip_ft
2312,travel_0013.png,0,0,2,koclip_ft
2313,travel_0013.png,0,1,2,koclip_ft
2314,travel_0013.png,1,1,2,koclip_ft
2315,travel_0013.png,4,0,2,koclip_ft
2316,travel_0013.png,4,4,2,koclip_ft
2317,travel_0013.png,3,0,2,koclip_ft
2318,travel_0013.png,4,0,2,koclip_ft
2319,travel_0013.png,0,0,2,koclip_ft
2320,travel_0015.png,4,2,2,koclip_ft
2321,travel_0018.png,1,1,2,koclip_ft
2322,travel_0018.png,0,0,2,koclip_ft
2323,travel_0018.png,0,0,2,koclip_ft
2324,travel_0018.png,1,3,2,koclip_ft
2325,travel_0018.png,0,0,2,koclip_ft
2326,travel_0018.png,0,0,2,koclip_ft
2331,travel_0020.png,4,4,2,koclip_ft
2332,travel_0020.png,4,3,2,koclip_ft
2333,travel_0020.png,3,2,2,koclip_ft
2334,travel_0020.png,2,2,2,koclip_ft
2350,travel_0023.png,3,3,2,koclip_ft
2351,travel_0023.png,4,0,2,koclip_ft
2352,travel_0023.png,4,1,2,koclip_ft
2353,travel_0023.png,3,4,2,koclip_ft
2381,travel_0036.png,0,4,2,koclip_ft
2382,travel_0036.png,0,4,2,koclip_ft
2383,travel_0036.png,0,4,2,koclip_ft
2384,travel_0038.png,3,3,2,koclip_ft
2385,travel_0038.png,4,1,2,koclip_ft
2386,travel_0038.png,4,1,2,koclip_ft
2387,travel_0038.png,2,0,2,koclip_ft
2388,travel_0038.png,0,1,2,koclip_ft
2392,travel_0044.png,3,0,2,koclip_ft
2393,travel_0044.png,3,0,2,koclip_ft
2394,travel_0044.png,4,3,2,koclip_ft
2527,travel_0067.png,4,3,2,koclip_ft
2528,travel_0067.png,4,3,2,koclip_ft
2529,travel_0067.png,2,3,2,koclip_ft
2530,travel_0067.png,4,0,2,koclip_ft
2531,travel_0069.png,3,1,2,koclip_ft
2532,travel_0069.png,4,4,2,koclip_ft
2533,travel_0069.png,3,4,2,koclip_ft
2534,travel_0069.png,4,3,2,koclip_ft
2535,travel_0071.png,4,0,2,koclip_ft
2536,travel_0071.png,4,3,2,koclip_ft
2609,travel_0086.png,1,1,2,koclip_ft
2610,travel_0086.png,1,1,2,koclip_ft
2611,travel_0086.png,1,3,2,koclip_ft
2625,travel_0092.png,0,4,2,koclip_ft
2626,travel_0092.png,0,4,2,koclip_ft
2627,travel_0092.png,4,3,2,koclip_ft
2628,travel_0092.png,1,1,2,koclip_ft
2629,travel_0092.png,1,1,2,koclip_ft
2630,travel_0092.png,1,0,2,koclip_ft
2631,travel_0092.png,0,1,2,koclip_ft
2632,travel_0092.png,0,4,2,koclip_ft
2633,travel_0092.png,1,1,2,koclip_ft
2634,travel_0092.png,0,2,2,koclip_ft
2647,travel_0097.png,4,3,2,koclip_ft
2648,travel_0097.png,3,2,2,koclip_ft
2649,travel_0097.png,2,2,2,koclip_ft
2654,foodstagram_0005.png,1,2,2,koclip_ft
2655,foodstagram_0005.png,0,0,2,koclip_ft
2656,foodstagram_0005.png,3,3,2,koclip_ft
2664,foodstagram_0011.png,0,0,2,koclip_ft
2665,foodstagram_0011.png,4,4,2,koclip_ft
2763,foodstagram_0021.png,4,3,2,koclip_ft
2764,foodstagram_0021.png,3,4,2,koclip_ft
2765,foodstagram_0021.png,2,2,2,koclip_ft
2766,foodstagram_0021.png,4,3,2,koclip_ft
2840,foodstagram_0037.png,4,0,2,koclip_ft
2841,foodstagram_0037.png,2,2,2,koclip_ft
2842,foodstagram_0039.png,4,4,2,koclip_ft
2843,foodstagram_0039.png,4,4,2,koclip_ft
2844,foodstagram_0039.png,4,4,2,koclip_ft
2845,foodstagram_0039.png,4,0,2,koclip_ft
2846,foodstagram_0039.png,4,0,2,koclip_ft
2847,foodstagram_0039.png,4,1,2,koclip_ft
2882,foodstagram_0054.png,3,3,2,koclip_ft
2883,foodstagram_0055.png,4,4,2,koclip_ft
2884,foodstagram_0055.png,4,4,2,koclip_ft
2885,foodstagram_0055.png,3,4,2,koclip_ft
2886,foodstagram_0055.png,3,0,2,koclip_ft
2887,foodstagram_0055.png,3,0,2,koclip_ft
2922,foodstagram_0059.png,3,3,2,koclip_ft
2923,foodstagram_0059.png,4,3,2,koclip_ft
2924,foodstagram_0059.png,4,4,2,koclip_ft
2925,foodstagram_0059.png,3,2,2,koclip_ft
2926,foodstagram_0059.png,3,3,2,koclip_ft
2979,foodstagram_0067.png,1,2,2,koclip_ft
2980,foodstagram_0067.png,1,2,2,koclip_ft
2981,foodstagram_0067.png,2,2,2,koclip_ft
2982,foodstagram_0067.png,2,2,2,koclip_ft
2983,foodstagram_0067.png,2,2,2,koclip_ft
2984,foodstagram_0067.png,1,0,2,koclip_ft
2985,foodstagram_0067.png,3,3,2,koclip_ft
2986,foodstagram_0067.png,3,3,2,koclip_ft
2987,foodstagram_0067.png,1,0,2,koclip_ft
2988,foodstagram_0067.png,1,0,2,koclip_ft
2989,foodstagram_0067.png,0,0,2,koclip_ft
2990,foodstagram_0067.png,1,0,2,koclip_ft
2991,foodstagram_0067.png,1,0,2,koclip_ft
2992,foodstagram_0067.png,0,0,2,koclip_ft
2993,foodstagram_0067.png,3,1,2,koclip_ft
2994,foodstagram_0067.png,2,3,2,koclip_ft
2995,foodstagram_0067.png,3,3,2,koclip_ft
2996,foodstagram_0067.png,1,0,2,koclip_ft
2997,foodstagram_0067.png,3,3,2,koclip_ft
3008,foodstagram_0073.png,4,0,2,koclip_ft
3009,foodstagram_0073.png,4,4,2,koclip_ft
3010,foodstagram_0073.png,4,0,2,koclip_ft
3011,foodstagram_0073.png,4,4,2,koclip_ft
3012,foodstagram_0073.png,4,4,2,koclip_ft
3013,foodstagram_0073.png,3,3,2,koclip_ft
3019,foodstagram_0075.png,4,4,2,koclip_ft
3025,foodstagram_0079.png,4,4,2,koclip_ft
3026,foodstagram_0079.png,1,1,2,koclip_ft
3027,foodstagram_0079.png,3,3,2,koclip_ft
3028,foodstagram_0079.png,1,0,2,koclip_ft
3029,foodstagram_0079.png,1,1,2,koclip_ft
3052,foodstagram_0091.png,4,4,2,koclip_ft
3053,foodstagram_0091.png,4,3,2,koclip_ft
3054,foodstagram_0091.png,3,3,2,koclip_ft
3055,foodstagram_0091.png,3,3,2,koclip_ft
3056,foodstagram_0091.png,3,3,2,koclip_ft
3116,meokstagram_0004.png,2,2,2,koclip_ft
3117,meokstagram_0004.png,0,0,2,koclip_ft
3118,meokstagram_0004.png,3,3,2,koclip_ft
3119,meokstagram_0004.png,1,1,2,koclip_ft
3120,meokstagram_0004.png,1,1,2,koclip_ft
3121,meokstagram_0004.png,1,0,2,koclip_ft
3122,meokstagram_0004.png,0,0,2,koclip_ft
3123,meokstagram_0004.png,0,0,2,koclip_ft
3140,meokstagram_0009.png,4,1,2,koclip_ft
3141,meokstagram_0009.png,4,0,2,koclip_ft
3142,meokstagram_0009.png,3,0,2,koclip_ft
3143,meokstagram_0009.png,0,0,2,koclip_ft
3144,meokstagram_0009.png,3,3,2,koclip_ft
3145,meokstagram_0009.png,4,4,2,koclip_ft
3146,meokstagram_0009.png,3,3,2,koclip_ft
3147,meokstagram_0009.png,4,4,2,koclip_ft
3148,meokstagram_0009.png,1,0,2,koclip_ft
3149,meokstagram_0009.png,1,3,2,koclip_ft
3150,meokstagram_0009.png,2,0,2,koclip_ft
3151,meokstagram_0009.png,4,3,2,koclip_ft
3152,meokstagram_0009.png,3,3,2,koclip_ft
3153,meokstagram_0009.png,1,1,2,koclip_ft
3154,meokstagram_0009.png,1,3,2,koclip_ft
3155,meokstagram_0009.png,2,2,2,koclip_ft
3156,meokstagram_0009.png,2,2,2,koclip_ft
3157,meokstagram_0009.png,3,3,2,koclip_ft
3158,meokstagram_0009.png,3,3,2,koclip_ft
3159,meokstagram_0009.png,0,1,2,koclip_ft
3160,meokstagram_0009.png,1,3,2,koclip_ft
3161,meokstagram_0009.png,1,3,2,koclip_ft
3162,meokstagram_0009.png,1,1,2,koclip_ft
3163,meokstagram_0009.png,2,2,2,koclip_ft
3164,meokstagram_0009.png,1,1,2,koclip_ft
3165,meokstagram_0009.png,0,0,2,koclip_ft
3166,meokstagram_0009.png,0,0,2,koclip_ft
3167,meokstagram_0009.png,0,0,2,koclip_ft
3168,meokstagram_0009.png,0,0,2,koclip_ft
3169,meokstagram_0009.png,0,0,2,koclip_ft
3189,meokstagram_0014.png,2,2,2,koclip_ft
3190,meokstagram_0014.png,3,3,2,koclip_ft
3191,meokstagram_0014.png,3,3,2,koclip_ft
3192,meokstagram_0014.png,2,2,2,koclip_ft
3193,meokstagram_0014.png,1,1,2,koclip_ft
3194,meokstagram_0014.png,1,3,2,koclip_ft
3242,meokstagram_0025.png,1,3,2,koclip_ft
3243,meokstagram_0025.png,3,3,2,koclip_ft
3244,meokstagram_0025.png,2,2,2,koclip_ft
3245,meokstagram_0025.png,3,3,2,koclip_ft
3246,meokstagram_0025.png,1,3,2,koclip_ft
3291,meokstagram_0036.png,4,4,2,koclip_ft
3292,meokstagram_0036.png,4,4,2,koclip_ft
3293,meokstagram_0036.png,2,2,2,koclip_ft
3386,meokstagram_0051.png,0,0,2,koclip_ft
3387,meokstagram_0051.png,3,0,2,koclip_ft
3388,meokstagram_0051.png,0,0,2,koclip_ft
3389,meokstagram_0051.png,0,0,2,koclip_ft
3390,meokstagram_0051.png,1,3,2,koclip_ft
3391,meokstagram_0052.png,4,4,2,koclip_ft
3392,meokstagram_0052.png,4,4,2,koclip_ft
3393,meokstagram_0052.png,4,2,2,koclip_ft
3421,meokstagram_0056.png,0,4,2,koclip_ft
3422,meokstagram_0056.png,0,4,2,koclip_ft
3423,meokstagram_0056.png,0,3,2,koclip_ft
3424,meokstagram_0056.png,1,1,2,koclip_ft
3425,meokstagram_0056.png,0,4,2,koclip_ft
3426,meokstagram_0057.png,3,3,2,koclip_ft
3427,meokstagram_0057.png,4,3,2,koclip_ft
3428,meokstagram_0057.png,2,2,2,koclip_ft
3429,meokstagram_0057.png,3,3,2,koclip_ft
3430,meokstagram_0057.png,3,3,2,koclip_ft
3431,meokstagram_0057.png,2,2,2,koclip_ft
3432,meokstagram_0057.png,2,3,2,koclip_ft
3433,meokstagram_0057.png,3,3,2,koclip_ft
3434,meokstagram_0057.png,4,4,2,koclip_ft
3435,meokstagram_0057.png,3,4,2,koclip_ft
3436,meokstagram_0057.png,1,4,2,koclip_ft
3437,meokstagram_0057.png,2,2,2,koclip_ft
3438,meokstagram_0057.png,3,4,2,koclip_ft
3439,meokstagram_0057.png,4,4,2,koclip_ft
3440,meokstagram_0057.png,2,2,2,koclip_ft
3441,meokstagram_0057.png,3,2,2,koclip_ft
3442,meokstagram_0058.png,4,3,2,koclip_ft
3443,meokstagram_0059.png,3,2,2,koclip_ft
3444,meokstagram_0059.png,0,0,2,koclip_ft
3445,meokstagram_0059.png,0,4,2,koclip_ft
3446,meokstagram_0059.png,3,3,2,koclip_ft
3447,meokstagram_0059.png,4,3,2,koclip_ft
3452,meokstagram_0061.png,2,4,2,koclip_ft
3453,meokstagram_0061.png,1,1,2,koclip_ft
3454,meokstagram_0061.png,3,4,2,koclip_ft
3455,meokstagram_0061.png,4,4,2,koclip_ft
3456,meokstagram_0061.png,4,4,2,koclip_ft
3457,meokstagram_0061.png,2,4,2,koclip_ft
3458,meokstagram_0061.png,2,4,2,koclip_ft
3459,meokstagram_0061.png,1,3,2,koclip_ft
3460,meokstagram_0061.png,1,3,2,koclip_ft
3461,meokstagram_0061.png,1,3,2,koclip_ft
3462,meokstagram_0061.png,1,3,2,koclip_ft
3463,meokstagram_0061.png,3,3,2,koclip_ft
3464,meokstagram_0061.png,3,3,2,koclip_ft
3465,meokstagram_0061.png,4,4,2,koclip_ft
3466,meokstagram_0061.png,1,1,2,koclip_ft
3467,meokstagram_0061.png,1,0,2,koclip_ft
3468,meokstagram_0061.png,1,1,2,koclip_ft
3469,meokstagram_0061.png,1,0,2,koclip_ft
3482,meokstagram_0069.png,4,4,2,koclip_ft
3483,meokstagram_0069.png,4,4,2,koclip_ft
3484,meokstagram_0069.png,3,3,2,koclip_ft
3485,meokstagram_0069.png,1,1,2,koclip_ft
3493,meokstagram_0071.png,4,1,2,koclip_ft
3494,meokstagram_0071.png,4,4,2,koclip_ft
3495,meokstagram_0071.png,4,4,2,koclip_ft
3496,meokstagram_0071.png,4,4,2,koclip_ft
3497,meokstagram_0071.png,1,4,2,koclip_ft
3498,meokstagram_0071.png,0,4,2,koclip_ft
3499,meokstagram_0071.png,4,4,2,koclip_ft
3500,meokstagram_0071.png,1,4,2,koclip_ft
3501,meokstagram_0071.png,3,3,2,koclip_ft
3502,meokstagram_0071.png,2,3,2,koclip_ft
3503,meokstagram_0071.png,2,0,2,koclip_ft
3504,meokstagram_0071.png,1,3,2,koclip_ft
3505,meokstagram_0071.png,0,3,2,koclip_ft
3529,meokstagram_0073.png,4,0,2,koclip_ft
3530,meokstagram_0073.png,1,2,2,koclip_ft
3531,meokstagram_0073.png,1,1,2,koclip_ft
3532,meokstagram_0073.png,4,0,2,koclip_ft
3533,meokstagram_0073.png,4,0,2,koclip_ft
3534,meokstagram_0073.png,4,4,2,koclip_ft
3535,meokstagram_0073.png,4,4,2,koclip_ft
3536,meokstagram_0073.png,3,4,2,koclip_ft
3537,meokstagram_0073.png,4,4,2,koclip_ft
3538,meokstagram_0073.png,4,4,2,koclip_ft
3539,meokstagram_0073.png,3,3,2,koclip_ft
3540,meokstagram_0073.png,3,4,2,koclip_ft
3541,meokstagram_0073.png,3,3,2,koclip_ft
3542,meokstagram_0073.png,4,3,2,koclip_ft
3543,meokstagram_0073.png,3,3,2,koclip_ft
3544,meokstagram_0073.png,2,0,2,koclip_ft
3545,meokstagram_0073.png,0,4,2,koclip_ft
3546,meokstagram_0073.png,2,3,2,koclip_ft
3547,meokstagram_0073.png,2,2,2,koclip_ft
3573,meokstagram_0084.png,4,4,2,koclip_ft
3574,meokstagram_0084.png,4,0,2,koclip_ft
3575,meokstagram_0084.png,4,4,2,koclip_ft
3607,meokstagram_0095.png,4,0,2,koclip_ft
3608,meokstagram_0095.png,1,4,2,koclip_ft
3609,meokstagram_0095.png,1,2,2,koclip_ft
3610,meokstagram_0095.png,3,4,2,koclip_ft
3611,meokstagram_0095.png,3,2,2,koclip_ft
3628,meokstagram_0100.png,1,0,2,koclip_ft
3629,meokstagram_0100.png,1,4,2,koclip_ft
3630,meokstagram_0100.png,1,4,2,koclip_ft
3631,meokstagram_0100.png,1,4,2,koclip_ft
3632,meokstagram_0100.png,2,2,2,koclip_ft
3638,jmt_0003.png,0,1,2,koclip_ft
3639,jmt_0003.png,3,4,2,koclip_ft
3640,jmt_0003.png,2,3,2,koclip_ft
3641,jmt_0003.png,0,1,2,koclip_ft
3642,jmt_0003.png,4,4,2,koclip_ft
3648,jmt_0006.png,3,3,2,koclip_ft
3649,jmt_0006.png,1,4,2,koclip_ft
3656,jmt_0009.png,4,4,2,koclip_ft
3657,jmt_0009.png,4,2,2,koclip_ft
3658,jmt_0011.png,3,0,2,koclip_ft
3659,jmt_0011.png,4,1,2,koclip_ft
3660,jmt_0011.png,2,2,2,koclip_ft
3661,jmt_0011.png,1,1,2,koclip_ft
3662,jmt_0011.png,1,3,2,koclip_ft
3668,jmt_0013.png,4,2,2,koclip_ft
3669,jmt_0013.png,2,1,2,koclip_ft
3670,jmt_0013.png,4,4,2,koclip_ft
3671,jmt_0013.png,3,1,2,koclip_ft
3672,jmt_0013.png,4,1,2,koclip_ft
3727,jmt_0034.png,1,1,2,koclip_ft
3728,jmt_0034.png,4,4,2,koclip_ft
3729,jmt_0034.png,4,4,2,koclip_ft
3730,jmt_0034.png,4,3,2,koclip_ft
3731,jmt_0034.png,3,2,2,koclip_ft
3735,jmt_0037.png,4,3,2,koclip_ft
3736,jmt_0037.png,4,4,2,koclip_ft
3776,jmt_0048.png,1,2,2,koclip_ft
3777,jmt_0048.png,0,3,2,koclip_ft
3778,jmt_0048.png,1,4,2,koclip_ft
3780,jmt_0051.png,4,3,2,koclip_ft
3781,jmt_0051.png,1,0,2,koclip_ft
3782,jmt_0053.png,4,4,2,koclip_ft
3825,jmt_0069.png,4,4,2,koclip_ft
3826,jmt_0069.png,4,4,2,koclip_ft
3827,jmt_0069.png,3,1,2,koclip_ft
3828,jmt_0069.png,4,2,2,koclip_ft
3829,jmt_0069.png,3,3,2,koclip_ft
3881,jmt_0079.png,4,4,2,koclip_ft
3882,jmt_0079.png,4,2,2,koclip_ft
3883,jmt_0079.png,4,0,2,koclip_ft
3884,jmt_0079.png,3,1,2,koclip_ft
3886,jmt_0081.png,3,3,2,koclip_ft
3887,jmt_0081.png,2,2,2,koclip_ft
3888,jmt_0081.png,4,4,2,koclip_ft
3889,jmt_0081.png,4,4,2,koclip_ft
3890,jmt_0081.png,3,3,2,koclip_ft
3906,jmt_0087.png,4,4,2,koclip_ft
3907,jmt_0087.png,4,4,2,koclip_ft
3908,jmt_0087.png,4,4,2,koclip_ft
3909,jmt_0087.png,4,0,2,koclip_ft
3910,jmt_0087.png,4,1,2,koclip_ft
3936,jmt_0096.png,4,4,2,koclip_ft
3937,jmt_0096.png,3,4,2,koclip_ft
3938,jmt_0096.png,1,1,2,koclip_ft
3939,jmt_0096.png,3,2,2,koclip_ft
3940,jmt_0096.png,2,4,2,koclip_ft
3946,jmt_0099.png,2,3,2,koclip_ft
3947,jmt_0099.png,4,4,2,koclip_ft
3948,jmt_0099.png,3,3,2,koclip_ft
3949,jmt_0100.png,4,2,2,koclip_ft
3950,jmt_0100.png,4,4,2,koclip_ft
3951,jmt_0100.png,4,4,2,koclip_ft
3952,jmt_0100.png,3,0,2,koclip_ft
3953,jmt_0100.png,3,0,2,koclip_ft
3954,jmt_0100.png,2,0,2,koclip_ft
3955,jmt_0100.png,2,3,2,koclip_ft
3956,jmt_0100.png,3,3,2,koclip_ft
3957,jmt_0100.png,3,3,2,koclip_ft
3958,jmt_0100.png,1,0,2,koclip_ft
3959,jmt_0100.png,3,3,2,koclip_ft
3960,makeup_0002.png,4,4,2,koclip_ft
3979,makeup_0008.png,3,3,2,koclip_ft
3980,makeup_0008.png,4,3,2,koclip_ft
3981,makeup_0008.png,4,4,2,koclip_ft
4000,makeup_0019.png,4,1,2,koclip_ft
4001,makeup_0019.png,2,1,2,koclip_ft
4002,makeup_0019.png,3,3,2,koclip_ft
4003,makeup_0019.png,1,1,2,koclip_ft
4004,makeup_0019.png,3,3,2,koclip_ft
4051,makeup_0031.png,2,2,2,koclip_ft
4052,makeup_0031.png,3,4,2,koclip_ft
4053,makeup_0031.png,3,3,2,koclip_ft
4054,makeup_0031.png,4,4,2,koclip_ft
4055,makeup_0031.png,0,4,2,koclip_ft
4056,makeup_0031.png,0,0,2,koclip_ft
4057,makeup_0031.png,3,3,2,koclip_ft
4058,makeup_0031.png,4,4,2,koclip_ft
4059,makeup_0031.png,2,4,2,koclip_ft
4060,makeup_0031.png,4,3,2,koclip_ft
4061,makeup_0031.png,4,4,2,koclip_ft
4062,makeup_0031.png,0,4,2,koclip_ft
4076,makeup_0034.png,2,1,2,koclip_ft
4077,makeup_0034.png,4,1,2,koclip_ft
4078,makeup_0034.png,4,1,2,koclip_ft
4079,makeup_0034.png,3,1,2,koclip_ft
4096,makeup_0036.png,4,3,2,koclip_ft
4097,makeup_0036.png,4,2,2,koclip_ft
4098,makeup_0036.png,4,2,2,koclip_ft
4099,makeup_0036.png,1,3,2,koclip_ft
4100,makeup_0036.png,0,2,2,koclip_ft
4101,makeup_0037.png,3,3,2,koclip_ft
4102,makeup_0037.png,3,3,2,koclip_ft
4103,makeup_0037.png,2,1,2,koclip_ft
4141,makeup_0048.png,4,4,2,koclip_ft
4142,makeup_0048.png,4,4,2,koclip_ft
4143,makeup_0048.png,3,3,2,koclip_ft
4144,makeup_0048.png,1,2,2,koclip_ft
4145,makeup_0048.png,4,4,2,koclip_ft
4146,makeup_0049.png,4,2,2,koclip_ft
4147,makeup_0049.png,4,4,2,koclip_ft
4148,makeup_0049.png,2,3,2,koclip_ft
4149,makeup_0049.png,1,2,2,koclip_ft
4150,makeup_0049.png,4,4,2,koclip_ft
4151,makeup_0049.png,1,3,2,koclip_ft
4152,makeup_0049.png,3,3,2,koclip_ft
4153,makeup_0049.png,1,3,2,koclip_ft
4154,makeup_0049.png,1,2,2,koclip_ft
4155,makeup_0049.png,3,3,2,koclip_ft
4156,makeup_0049.png,1,1,2,koclip_ft
4157,makeup_0049.png,0,0,2,koclip_ft
4255,makeup_0078.png,4,4,2,koclip_ft
4256,makeup_0078.png,4,4,2,koclip_ft
4257,makeup_0078.png,3,2,2,koclip_ft
4258,makeup_0078.png,3,3,2,koclip_ft
4259,makeup_0078.png,2,2,2,koclip_ft
4321,makeup_0089.png,4,4,2,koclip_ft
4322,makeup_0089.png,2,3,2,koclip_ft
4323,makeup_0089.png,4,1,2,koclip_ft
4324,makeup_0089.png,4,1,2,koclip_ft
4325,makeup_0089.png,4,1,2,koclip_ft
4326,makeup_0089.png,4,1,2,koclip_ft
4339,makeup_0099.png,4,4,2,koclip_ft
4340,makeup_0099.png,4,4,2,koclip_ft
4349,dailymakeup_0003.png,4,4,2,koclip_ft
4364,dailymakeup_0010.png,3,2,2,koclip_ft
4365,dailymakeup_0010.png,3,2,2,koclip_ft
4366,dailymakeup_0010.png,4,4,2,koclip_ft
4367,dailymakeup_0010.png,3,3,2,koclip_ft
4414,dailymakeup_0019.png,4,1,2,koclip_ft
4415,dailymakeup_0019.png,3,2,2,koclip_ft
4416,dailymakeup_0019.png,1,1,2,koclip_ft
4417,dailymakeup_0019.png,1,2,2,koclip_ft
4505,dailymakeup_0033.png,3,2,2,koclip_ft
4506,dailymakeup_0033.png,4,4,2,koclip_ft
4507,dailymakeup_0033.png,2,3,2,koclip_ft
4508,dailymakeup_0033.png,2,1,2,koclip_ft
4509,dailymakeup_0033.png,1,3,2,koclip_ft
4510,dailymakeup_0033.png,1,3,2,koclip_ft
4511,dailymakeup_0033.png,1,3,2,koclip_ft
4512,dailymakeup_0033.png,3,3,2,koclip_ft
4513,dailymakeup_0033.png,1,3,2,koclip_ft
4514,dailymakeup_0033.png,1,1,2,koclip_ft
4554,dailymakeup_0042.png,1,4,2,koclip_ft
4555,dailymakeup_0042.png,2,3,2,koclip_ft
4556,dailymakeup_0042.png,2,2,2,koclip_ft
4557,dailymakeup_0042.png,4,3,2,koclip_ft
4558,dailymakeup_0042.png,1,2,2,koclip_ft
4559,dailymakeup_0042.png,1,2,2,koclip_ft
4560,dailymakeup_0042.png,2,2,2,koclip_ft
4561,dailymakeup_0042.png,1,1,2,koclip_ft
4562,dailymakeup_0042.png,3,4,2,koclip_ft
4563,dailymakeup_0042.png,4,4,2,koclip_ft
4564,dailymakeup_0042.png,4,3,2,koclip_ft
4565,dailymakeup_0042.png,2,2,2,koclip_ft
4566,dailymakeup_0042.png,3,3,2,koclip_ft
4567,dailymakeup_0042.png,1,2,2,koclip_ft
4568,dailymakeup_0042.png,3,3,2,koclip_ft
4569,dailymakeup_0042.png,4,4,2,koclip_ft
4570,dailymakeup_0042.png,4,3,2,koclip_ft
4575,dailymakeup_0045.png,4,3,2,koclip_ft
4576,dailymakeup_0045.png,1,1,2,koclip_ft
4577,dailymakeup_0045.png,1,3,2,koclip_ft
4578,dailymakeup_0045.png,1,3,2,koclip_ft
4579,dailymakeup_0045.png,1,4,2,koclip_ft
4580,dailymakeup_0045.png,3,4,2,koclip_ft
4581,dailymakeup_0045.png,2,2,2,koclip_ft
4582,dailymakeup_0046.png,4,2,2,koclip_ft
4583,dailymakeup_0046.png,4,3,2,koclip_ft
4584,dailymakeup_0046.png,2,2,2,koclip_ft
4655,dailymakeup_0058.png,4,1,2,koclip_ft
4656,dailymakeup_0058.png,4,1,2,koclip_ft
4657,dailymakeup_0058.png,4,4,2,koclip_ft
4658,dailymakeup_0058.png,4,4,2,koclip_ft
4659,dailymakeup_0058.png,4,2,2,koclip_ft
4660,dailymakeup_0058.png,3,1,2,koclip_ft
4664,dailymakeup_0060.png,4,3,2,koclip_ft
4717,dailymakeup_0073.png,4,4,2,koclip_ft
4722,dailymakeup_0075.png,1,3,2,koclip_ft
4723,dailymakeup_0075.png,2,1,2,koclip_ft
4724,dailymakeup_0075.png,3,1,2,koclip_ft
4725,dailymakeup_0075.png,1,0,2,koclip_ft
4726,dailymakeup_0075.png,0,0,2,koclip_ft
4742,dailymakeup_0082.png,2,1,2,koclip_ft
4743,dailymakeup_0082.png,3,3,2,koclip_ft
4744,dailymakeup_0082.png,3,3,2,koclip_ft
4745,dailymakeup_0082.png,4,3,2,koclip_ft
4746,dailymakeup_0082.png,3,2,2,koclip_ft
4748,dailymakeup_0084.png,2,2,2,koclip_ft
4749,dailymakeup_0084.png,0,0,2,koclip_ft
4750,dailymakeup_0084.png,2,3,2,koclip_ft
4751,dailymakeup_0084.png,3,3,2,koclip_ft
4752,dailymakeup_0084.png,2,3,2,koclip_ft
4753,dailymakeup_0084.png,1,2,2,koclip_ft
4754,dailymakeup_0084.png,1,1,2,koclip_ft
4755,dailymakeup_0084.png,3,1,2,koclip_ft
4756,dailymakeup_0084.png,3,3,2,koclip_ft
4757,dailymakeup_0084.png,1,1,2,koclip_ft
4781,dailymakeup_0091.png,3,3,2,koclip_ft
4782,dailymakeup_0091.png,1,4,2,koclip_ft
4783,dailymakeup_0091.png,2,0,2,koclip_ft
4784,dailymakeup_0091.png,1,1,2,koclip_ft
4793,dailymakeup_0096.png,3,2,2,koclip_ft
4794,dailymakeup_0096.png,4,0,2,koclip_ft
4795,dailymakeup_0096.png,3,3,2,koclip_ft
4796,dailymakeup_0096.png,2,3,2,koclip_ft
4797,dailymakeup_0096.png,3,3,2,koclip_ft
4821,kkuankku_0003.png,3,3,2,koclip_ft
4822,kkuankku_0003.png,3,3,2,koclip_ft
4823,kkuankku_0003.png,3,2,2,koclip_ft
4824,kkuankku_0003.png,4,3,2,koclip_ft
4825,kkuankku_0003.png,2,3,2,koclip_ft
4942,kkuankku_0034.png,4,3,2,koclip_ft
4943,kkuankku_0034.png,2,3,2,koclip_ft
4944,kkuankku_0034.png,4,4,2,koclip_ft
4945,kkuankku_0034.png,3,3,2,koclip_ft
4946,kkuankku_0034.png,3,3,2,koclip_ft
4992,kkuankku_0052.png,4,4,2,koclip_ft
4993,kkuankku_0052.png,4,3,2,koclip_ft
4994,kkuankku_0052.png,3,1,2,koclip_ft
4995,kkuankku_0052.png,4,3,2,koclip_ft
5065,kkuankku_0069.png,4,3,2,koclip_ft
5066,kkuankku_0069.png,3,1,2,koclip_ft
5067,kkuankku_0069.png,3,3,2,koclip_ft
5068,kkuankku_0069.png,1,1,2,koclip_ft
5070,kkuankku_0072.png,2,2,2,koclip_ft
5071,kkuankku_0072.png,3,3,2,koclip_ft
5072,kkuankku_0072.png,3,3,2,koclip_ft
5073,kkuankku_0072.png,2,3,2,koclip_ft
5074,kkuankku_0072.png,2,3,2,koclip_ft
5075,kkuankku_0072.png,4,3,2,koclip_ft
5076,kkuankku_0072.png,4,3,2,koclip_ft
5077,kkuankku_0072.png,3,3,2,koclip_ft
5078,kkuankku_0072.png,3,3,2,koclip_ft
5079,kkuankku_0072.png,3,3,2,koclip_ft
5083,kkuankku_0079.png,4,3,2,koclip_ft
5084,kkuankku_0079.png,4,4,2,koclip_ft
5085,kkuankku_0079.png,4,4,2,koclip_ft
5086,kkuankku_0079.png,4,3,2,koclip_ft
5087,kkuankku_0079.png,2,3,2,koclip_ft
5088,kkuankku_0079.png,3,3,2,koclip_ft
5089,kkuankku_0079.png,1,3,2,koclip_ft
5105,kkuankku_0089.png,4,4,2,koclip_ft
5106,kkuankku_0089.png,4,1,2,koclip_ft
5107,kkuankku_0089.png,4,4,2,koclip_ft
5108,kkuankku_0089.png,3,3,2,koclip_ft
5109,kkuankku_0089.png,3,3,2,koclip_ft
5115,kkuankku_0097.png,2,3,2,koclip_ft
5116,kkuankku_0097.png,1,3,2,koclip_ft
5117,kkuankku_0097.png,4,4,2,koclip_ft
5118,kkuankku_0097.png,4,4,2,koclip_ft
5119,kkuankku_0097.png,4,4,2,koclip_ft
5120,kkuankku_0097.png,4,4,2,koclip_ft
5121,kkuankku_0097.png,3,3,2,koclip_ft
5122,kkuankku_0097.png,3,3,2,koclip_ft
5123,kkuankku_0097.png,1,3,2,koclip_ft
5124,kkuankku_0097.png,1,3,2,koclip_ft
5125,kkuankku_0097.png,1,4,2,koclip_ft
5126,kkuankku_0097.png,3,3,2,koclip_ft
5127,kkuankku_0097.png,4,3,2,koclip_ft
5128,kkuankku_0097.png,2,2,2,koclip_ft
5129,kkuankku_0097.png,2,3,2,koclip_ft
5130,kkuankku_0097.png,3,3,2,koclip_ft
5131,kkuankku_0097.png,1,3,2,koclip_ft
5132,kkuankku_0097.png,4,4,2,koclip_ft
5133,kkuankku_0097.png,4,4,2,koclip_ft
5134,kkuankku_0097.png,3,3,2,koclip_ft
5135,kkuankku_0097.png,3,3,2,koclip_ft
5152,kkuankku_0099.png,4,4,2,koclip_ft
5153,kkuankku_0099.png,3,3,2,koclip_ft
5154,kkuankku_0099.png,3,3,2,koclip_ft
5155,kkuankku_0099.png,3,3,2,koclip_ft
5156,kkuankku_0099.png,4,3,2,koclip_ft
5157,kkuankku_0099.png,3,3,2,koclip_ft
5158,kkuankku_0099.png,3,3,2,koclip_ft
5159,kkuankku_0099.png,4,3,2,koclip_ft
5160,kkuankku_0099.png,3,3,2,koclip_ft
5161,kkuankku_0099.png,4,3,2,koclip_ft
5162,kkuankku_0099.png,4,3,2,koclip_ft
5163,kkuankku_0099.png,2,1,2,koclip_ft
5164,kkuankku_0099.png,1,1,2,koclip_ft
5165,kkuankku_0099.png,2,1,2,koclip_ft
5166,kkuankku_0099.png,1,1,2,koclip_ft
5167,kkuankku_0099.png,0,1,2,koclip_ft
5168,kkuankku_0099.png,4,3,2,koclip_ft
5169,kkuankku_0099.png,4,3,2,koclip_ft
5170,kkuankku_0099.png,4,3,2,koclip_ft
5171,kkuankku_0099.png,4,4,2,koclip_ft
5172,kkuankku_0099.png,4,4,2,koclip_ft
5173,kkuankku_0099.png,4,3,2,koclip_ft
5174,kkuankku_0099.png,3,3,2,koclip_ft
5175,kkuankku_0099.png,3,3,2,koclip_ft
5176,kkuankku_0099.png,2,2,2,koclip_ft
5177,kkuankku_0099.png,3,3,2,koclip_ft
5208,dailylook_0005.png,2,3,2,koclip_ft
5209,dailylook_0005.png,1,0,2,koclip_ft
5210,dailylook_0005.png,4,3,2,koclip_ft
5211,dailylook_0005.png,1,3,2,koclip_ft
5212,dailylook_0005.png,4,3,2,koclip_ft
5213,dailylook_0005.png,3,3,2,koclip_ft
5214,dailylook_0005.png,1,3,2,koclip_ft
5215,dailylook_0005.png,2,3,2,koclip_ft
5216,dailylook_0005.png,0,1,2,koclip_ft
5217,dailylook_0005.png,1,0,2,koclip_ft
5218,dailylook_0005.png,1,4,2,koclip_ft
5219,dailylook_0005.png,2,1,2,koclip_ft
5220,dailylook_0005.png,2,4,2,koclip_ft
5221,dailylook_0005.png,1,1,2,koclip_ft
5222,dailylook_0008.png,3,3,2,koclip_ft
5223,dailylook_0008.png,4,4,2,koclip_ft
5224,dailylook_0008.png,4,3,2,koclip_ft
5225,dailylook_0008.png,3,3,2,koclip_ft
5254,dailylook_0011.png,1,1,2,koclip_ft
5255,dailylook_0011.png,2,1,2,koclip_ft
5256,dailylook_0011.png,3,3,2,koclip_ft
5257,dailylook_0011.png,3,2,2,koclip_ft
5258,dailylook_0011.png,1,0,2,koclip_ft
5259,dailylook_0012.png,4,1,2,koclip_ft
5260,dailylook_0012.png,3,3,2,koclip_ft
5261,dailylook_0012.png,3,3,2,koclip_ft
5262,dailylook_0012.png,3,3,2,koclip_ft
5263,dailylook_0012.png,3,3,2,koclip_ft
5274,dailylook_0017.png,3,3,2,koclip_ft
5275,dailylook_0017.png,3,3,2,koclip_ft
5276,dailylook_0017.png,3,3,2,koclip_ft
5277,dailylook_0017.png,1,3,2,koclip_ft
5289,dailylook_0020.png,4,4,2,koclip_ft
5290,dailylook_0020.png,4,4,2,koclip_ft
5291,dailylook_0020.png,1,1,2,koclip_ft
5292,dailylook_0020.png,1,1,2,koclip_ft
5293,dailylook_0020.png,0,1,2,koclip_ft
5294,dailylook_0020.png,0,0,2,koclip_ft
5295,dailylook_0020.png,0,3,2,koclip_ft
5296,dailylook_0020.png,1,4,2,koclip_ft
5311,dailylook_0026.png,3,3,2,koclip_ft
5312,dailylook_0026.png,3,3,2,koclip_ft
5313,dailylook_0026.png,2,3,2,koclip_ft
5314,dailylook_0026.png,3,3,2,koclip_ft
5315,dailylook_0026.png,4,3,2,koclip_ft
5316,dailylook_0026.png,3,3,2,koclip_ft
5328,dailylook_0038.png,4,3,2,koclip_ft
5329,dailylook_0038.png,2,3,2,koclip_ft
5330,dailylook_0038.png,3,4,2,koclip_ft
5331,dailylook_0038.png,4,3,2,koclip_ft
5332,dailylook_0038.png,4,3,2,koclip_ft
5333,dailylook_0038.png,3,3,2,koclip_ft
5362,dailylook_0046.png,3,3,2,koclip_ft
5363,dailylook_0046.png,3,3,2,koclip_ft
5364,dailylook_0046.png,4,3,2,koclip_ft
5365,dailylook_0046.png,3,4,2,koclip_ft
5366,dailylook_0046.png,2,2,2,koclip_ft
5367,dailylook_0048.png,4,4,2,koclip_ft
5368,dailylook_0048.png,3,3,2,koclip_ft
5369,dailylook_0048.png,4,3,2,koclip_ft
5370,dailylook_0048.png,2,2,2,koclip_ft
5371,dailylook_0048.png,4,4,2,koclip_ft
5372,dailylook_0048.png,1,4,2,koclip_ft
5373,dailylook_0048.png,1,1,2,koclip_ft
5374,dailylook_0048.png,1,4,2,koclip_ft
5401,dailylook_0054.png,1,3,2,koclip_ft
5402,dailylook_0054.png,2,3,2,koclip_ft
5403,dailylook_0054.png,3,3,2,koclip_ft
5404,dailylook_0054.png,4,1,2,koclip_ft
5405,dailylook_0054.png,2,3,2,koclip_ft
5431,dailylook_0061.png,1,1,2,koclip_ft
5432,dailylook_0062.png,4,1,2,koclip_ft
5433,dailylook_0062.png,3,2,2,koclip_ft
5434,dailylook_0062.png,4,3,2,koclip_ft
5435,dailylook_0062.png,3,3,2,koclip_ft
5436,dailylook_0062.png,3,3,2,koclip_ft
5459,dailylook_0071.png,1,1,2,koclip_ft
5460,dailylook_0071.png,3,3,2,koclip_ft
5461,dailylook_0071.png,2,3,2,koclip_ft
5462,dailylook_0071.png,1,1,2,koclip_ft
5463,dailylook_0071.png,0,3,2,koclip_ft
5464,dailylook_0073.png,4,3,2,koclip_ft
5465,dailylook_0073.png,2,3,2,koclip_ft
5466,dailylook_0073.png,4,3,2,koclip_ft
5467,dailylook_0073.png,4,3,2,koclip_ft
5468,dailylook_0074.png,4,3,2,koclip_ft
5469,dailylook_0074.png,4,4,2,koclip_ft
5470,dailylook_0074.png,4,3,2,koclip_ft
5471,dailylook_0074.png,3,3,2,koclip_ft
5472,dailylook_0074.png,3,3,2,koclip_ft
5473,dailylook_0074.png,2,2,2,koclip_ft
5474,dailylook_0077.png,4,2,2,koclip_ft
5475,dailylook_0077.png,4,3,2,koclip_ft
5476,dailylook_0077.png,4,3,2,koclip_ft
5477,dailylook_0077.png,4,2,2,koclip_ft
5478,dailylook_0077.png,3,3,2,koclip_ft
5494,dailylook_0083.png,3,2,2,koclip_ft
5495,dailylook_0083.png,4,3,2,koclip_ft
5496,dailylook_0083.png,4,2,2,koclip_ft
5497,dailylook_0083.png,4,3,2,koclip_ft
5498,dailylook_0083.png,0,0,2,koclip_ft
5499,dailylook_0087.png,3,3,2,koclip_ft
5524,dailylook_0089.png,4,3,2,koclip_ft
5525,dailylook_0089.png,0,3,2,koclip_ft
5595,ootd_0005.png,4,2,2,koclip_ft
5596,ootd_0005.png,4,3,2,koclip_ft
5597,ootd_0005.png,3,3,2,koclip_ft
5598,ootd_0005.png,3,3,2,koclip_ft
5599,ootd_0005.png,3,3,2,koclip_ft
5600,ootd_0005.png,4,4,2,koclip_ft
5606,ootd_0008.png,3,3,2,koclip_ft
5607,ootd_0008.png,3,3,2,koclip_ft
5608,ootd_0008.png,3,3,2,koclip_ft
5609,ootd_0008.png,2,2,2,koclip_ft
5610,ootd_0008.png,3,3,2,koclip_ft
5616,ootd_0014.png,4,3,2,koclip_ft
5638,ootd_0017.png,1,4,2,koclip_ft
5639,ootd_0017.png,0,1,2,koclip_ft
5640,ootd_0017.png,1,1,2,koclip_ft
5641,ootd_0017.png,2,2,2,koclip_ft
5642,ootd_0017.png,2,2,2,koclip_ft
5643,ootd_0017.png,3,1,2,koclip_ft
5644,ootd_0017.png,3,3,2,koclip_ft
5645,ootd_0017.png,2,2,2,koclip_ft
5646,ootd_0017.png,1,0,2,koclip_ft
5647,ootd_0017.png,3,2,2,koclip_ft
5648,ootd_0017.png,3,2,2,koclip_ft
5649,ootd_0017.png,0,0,2,koclip_ft
5650,ootd_0017.png,0,0,2,koclip_ft
5651,ootd_0017.png,3,3,2,koclip_ft
5652,ootd_0017.png,0,3,2,koclip_ft
5653,ootd_0017.png,0,0,2,koclip_ft
5654,ootd_0017.png,3,3,2,koclip_ft
5840,ootd_0083.png,4,3,2,koclip_ft
5841,ootd_0083.png,3,3,2,koclip_ft
5842,ootd_0083.png,4,3,2,koclip_ft
5843,ootd_0083.png,4,3,2,koclip_ft
5844,ootd_0083.png,3,3,2,koclip_ft
5944,fashionista_0007.png,2,2,2,koclip_ft
5945,fashionista_0007.png,3,4,2,koclip_ft
5946,fashionista_0007.png,4,1,2,koclip_ft
5947,fashionista_0008.png,1,3,2,koclip_ft
5948,fashionista_0008.png,3,3,2,koclip_ft
5949,fashionista_0008.png,3,2,2,koclip_ft
5950,fashionista_0008.png,4,3,2,koclip_ft
5951,fashionista_0008.png,2,3,2,koclip_ft
5957,fashionista_0021.png,0,2,2,koclip_ft
5958,fashionista_0021.png,1,1,2,koclip_ft
5969,fashionista_0027.png,4,1,2,koclip_ft
5970,fashionista_0027.png,4,0,2,koclip_ft
5971,fashionista_0027.png,3,4,2,koclip_ft
5972,fashionista_0027.png,4,3,2,koclip_ft
5973,fashionista_0027.png,4,3,2,koclip_ft
5974,fashionista_0027.png,3,3,2,koclip_ft
5975,fashionista_0027.png,2,2,2,koclip_ft
5976,fashionista_0027.png,3,3,2,koclip_ft
5977,fashionista_0027.png,4,3,2,koclip_ft
5978,fashionista_0027.png,4,3,2,koclip_ft
5979,fashionista_0027.png,3,3,2,koclip_ft
5980,fashionista_0027.png,3,2,2,koclip_ft
5981,fashionista_0027.png,3,3,2,koclip_ft
5982,fashionista_0027.png,4,3,2,koclip_ft
5989,fashionista_0034.png,4,1,2,koclip_ft
5990,fashionista_0034.png,4,1,2,koclip_ft
5991,fashionista_0034.png,2,2,2,koclip_ft
5992,fashionista_0034.png,1,3,2,koclip_ft
6001,fashionista_0040.png,1,3,2,koclip_ft
6002,fashionista_0040.png,2,2,2,koclip_ft
6003,fashionista_0040.png,1,3,2,koclip_ft
6004,fashionista_0040.png,2,3,2,koclip_ft
6005,fashionista_0040.png,4,2,2,koclip_ft
6006,fashionista_0041.png,3,4,2,koclip_ft
6007,fashionista_0041.png,4,4,2,koclip_ft
6008,fashionista_0042.png,1,1,2,koclip_ft
6009,fashionista_0042.png,1,1,2,koclip_ft
6010,fashionista_0042.png,3,3,2,koclip_ft
6011,fashionista_0042.png,0,1,2,koclip_ft
6012,fashionista_0042.png,2,3,2,koclip_ft
6013,fashionista_0042.png,2,2,2,koclip_ft
6014,fashionista_0042.png,1,0,2,koclip_ft
6015,fashionista_0042.png,2,0,2,koclip_ft
6016,fashionista_0042.png,2,2,2,koclip_ft
6017,fashionista_0042.png,1,0,2,koclip_ft
6018,fashionista_0042.png,0,1,2,koclip_ft
6019,fashionista_0042.png,0,4,2,koclip_ft
6020,fashionista_0042.png,3,3,2,koclip_ft
6021,fashionista_0042.png,3,2,2,koclip_ft
6022,fashionista_0042.png,2,3,2,koclip_ft
6023,fashionista_0042.png,3,4,2,koclip_ft
6024,fashionista_0042.png,2,2,2,koclip_ft
6025,fashionista_0042.png,3,2,2,koclip_ft
6026,fashionista_0042.png,3,3,2,koclip_ft
6027,fashionista_0042.png,3,3,2,koclip_ft
6028,fashionista_0042.png,2,3,2,koclip_ft
6029,fashionista_0042.png,4,4,2,koclip_ft
6030,fashionista_0042.png,3,3,2,koclip_ft
6031,fashionista_0042.png,1,1,2,koclip_ft
6032,fashionista_0042.png,0,4,2,koclip_ft
6033,fashionista_0042.png,3,4,2,koclip_ft
6034,fashionista_0042.png,3,3,2,koclip_ft
6035,fashionista_0042.png,3,3,2,koclip_ft
6036,fashionista_0042.png,2,3,2,koclip_ft
6037,fashionista_0042.png,0,4,2,koclip_ft
6038,fashionista_0044.png,1,0,2,koclip_ft
6039,fashionista_0044.png,0,0,2,koclip_ft
6040,fashionista_0044.png,3,2,2,koclip_ft
6041,fashionista_0044.png,2,2,2,koclip_ft
6042,fashionista_0044.png,2,2,2,koclip_ft
6043,fashionista_0044.png,3,3,2,koclip_ft
6044,fashionista_0044.png,4,4,2,koclip_ft
6045,fashionista_0044.png,4,4,2,koclip_ft
6046,fashionista_0044.png,4,4,2,koclip_ft
6047,fashionista_0044.png,1,1,2,koclip_ft
6048,fashionista_0044.png,3,3,2,koclip_ft
6049,fashionista_0044.png,3,2,2,koclip_ft
6050,fashionista_0044.png,2,1,2,koclip_ft
6051,fashionista_0044.png,1,1,2,koclip_ft
6052,fashionista_0044.png,0,0,2,koclip_ft
6053,fashionista_0044.png,3,3,2,koclip_ft
6054,fashionista_0044.png,2,2,2,koclip_ft
6055,fashionista_0044.png,2,1,2,koclip_ft
6056,fashionista_0044.png,3,2,2,koclip_ft
6057,fashionista_0044.png,2,2,2,koclip_ft
6058,fashionista_0044.png,3,3,2,koclip_ft
6059,fashionista_0044.png,0,0,2,koclip_ft
6060,fashionista_0044.png,2,2,2,koclip_ft
6061,fashionista_0044.png,3,2,2,koclip_ft
6062,fashionista_0044.png,1,1,2,koclip_ft
6063,fashionista_0044.png,0,0,2,koclip_ft
6064,fashionista_0044.png,1,2,2,koclip_ft
6065,fashionista_0044.png,2,2,2,koclip_ft
6066,fashionista_0044.png,2,2,2,koclip_ft
6283,fashionista_0078.png,0,2,2,koclip_ft
6284,fashionista_0078.png,3,4,2,koclip_ft
6285,fashionista_0078.png,3,2,2,koclip_ft
6286,fashionista_0078.png,3,2,2,koclip_ft
6287,fashionista_0078.png,3,3,2,koclip_ft
6288,fashionista_0078.png,3,3,2,koclip_ft
6289,fashionista_0078.png,4,4,2,koclip_ft
6463,neungsohwa_0005.png,4,4,2,koclip_ft
6464,neungsohwa_0005.png,3,3,2,koclip_ft
6465,neungsohwa_0005.png,1,4,2,koclip_ft
6522,neungsohwa_0016.png,4,4,2,koclip_ft
6523,neungsohwa_0016.png,1,4,2,koclip_ft
6524,neungsohwa_0016.png,4,1,2,koclip_ft
6525,neungsohwa_0016.png,4,4,2,koclip_ft
6577,neungsohwa_0027.png,4,4,2,koclip_ft
6578,neungsohwa_0027.png,0,4,2,koclip_ft
6579,neungsohwa_0027.png,1,0,2,koclip_ft
6581,neungsohwa_0029.png,4,4,2,koclip_ft
6582,neungsohwa_0029.png,3,4,2,koclip_ft
6583,neungsohwa_0029.png,4,4,2,koclip_ft
6584,neungsohwa_0029.png,2,4,2,koclip_ft
6585,neungsohwa_0029.png,0,0,2,koclip_ft
6586,neungsohwa_0030.png,3,1,2,koclip_ft
6587,neungsohwa_0030.png,4,4,2,koclip_ft
6607,neungsohwa_0040.png,4,4,2,koclip_ft
6608,neungsohwa_0040.png,2,0,2,koclip_ft
6609,neungsohwa_0040.png,4,4,2,koclip_ft
6610,neungsohwa_0040.png,1,1,2,koclip_ft
6611,neungsohwa_0041.png,4,4,2,koclip_ft
6612,neungsohwa_0041.png,4,4,2,koclip_ft
6613,neungsohwa_0041.png,1,4,2,koclip_ft
6614,neungsohwa_0041.png,4,4,2,koclip_ft
6615,neungsohwa_0041.png,2,4,2,koclip_ft
6620,neungsohwa_0044.png,1,1,2,koclip_ft
6621,neungsohwa_0044.png,4,4,2,koclip_ft
6622,neungsohwa_0044.png,1,4,2,koclip_ft
6623,neungsohwa_0045.png,1,1,2,koclip_ft
6624,neungsohwa_0045.png,3,2,2,koclip_ft
6625,neungsohwa_0045.png,0,4,2,koclip_ft
6626,neungsohwa_0045.png,4,4,2,koclip_ft
6627,neungsohwa_0045.png,2,1,2,koclip_ft
6638,neungsohwa_0049.png,3,4,2,koclip_ft
6639,neungsohwa_0049.png,4,4,2,koclip_ft
6640,neungsohwa_0049.png,4,4,2,koclip_ft
6641,neungsohwa_0049.png,4,4,2,koclip_ft
6642,neungsohwa_0049.png,3,4,2,koclip_ft
6643,neungsohwa_0049.png,2,4,2,koclip_ft
6644,neungsohwa_0049.png,3,2,2,koclip_ft
6645,neungsohwa_0049.png,3,3,2,koclip_ft
6646,neungsohwa_0049.png,3,4,2,koclip_ft
6647,neungsohwa_0049.png,4,4,2,koclip_ft
6648,neungsohwa_0049.png,1,0,2,koclip_ft
6649,neungsohwa_0049.png,2,4,2,koclip_ft
6650,neungsohwa_0049.png,2,4,2,koclip_ft
6651,neungsohwa_0049.png,2,2,2,koclip_ft
6652,neungsohwa_0049.png,2,0,2,koclip_ft
6653,neungsohwa_0049.png,1,2,2,koclip_ft
6654,neungsohwa_0049.png,0,4,2,koclip_ft
6663,neungsohwa_0053.png,1,1,2,koclip_ft
6664,neungsohwa_0053.png,2,3,2,koclip_ft
6665,neungsohwa_0053.png,0,1,2,koclip_ft
6666,neungsohwa_0053.png,0,4,2,koclip_ft
6667,neungsohwa_0053.png,1,1,2,koclip_ft
6668,neungsohwa_0053.png,0,1,2,koclip_ft
6669,neungsohwa_0053.png,0,3,2,koclip_ft
6670,neungsohwa_0053.png,0,0,2,koclip_ft
6671,neungsohwa_0053.png,0,4,2,koclip_ft
6672,neungsohwa_0053.png,3,4,2,koclip_ft
6673,neungsohwa_0053.png,0,3,2,koclip_ft
6674,neungsohwa_0053.png,0,0,2,koclip_ft
6681,neungsohwa_0058.png,4,1,2,koclip_ft
6682,neungsohwa_0058.png,4,0,2,koclip_ft
6683,neungsohwa_0058.png,4,4,2,koclip_ft
6684,neungsohwa_0058.png,4,4,2,koclip_ft
6685,neungsohwa_0059.png,1,1,2,koclip_ft
6686,neungsohwa_0059.png,4,4,2,koclip_ft
6687,neungsohwa_0059.png,2,2,2,koclip_ft
6688,neungsohwa_0059.png,3,0,2,koclip_ft
6689,neungsohwa_0059.png,1,3,2,koclip_ft
6690,neungsohwa_0059.png,1,3,2,koclip_ft
6691,neungsohwa_0060.png,4,4,2,koclip_ft
6698,neungsohwa_0065.png,4,4,2,koclip_ft
6699,neungsohwa_0065.png,4,4,2,koclip_ft
6700,neungsohwa_0065.png,4,0,2,koclip_ft
6701,neungsohwa_0065.png,1,1,2,koclip_ft
6702,neungsohwa_0065.png,1,1,2,koclip_ft
6721,neungsohwa_0076.png,3,0,2,koclip_ft
6722,neungsohwa_0076.png,3,1,2,koclip_ft
6723,neungsohwa_0076.png,4,4,2,koclip_ft
6724,neungsohwa_0076.png,2,4,2,koclip_ft
6725,neungsohwa_0076.png,1,4,2,koclip_ft
6739,neungsohwa_0082.png,2,3,2,koclip_ft
6740,neungsohwa_0082.png,4,4,2,koclip_ft
6741,neungsohwa_0082.png,3,4,2,koclip_ft
6759,neungsohwa_0087.png,1,1,2,koclip_ft
6760,neungsohwa_0087.png,4,4,2,koclip_ft
6761,neungsohwa_0087.png,3,4,2,koclip_ft
6762,neungsohwa_0087.png,2,2,2,koclip_ft
6763,neungsohwa_0087.png,1,1,2,koclip_ft
6794,neungsohwa_0098.png,2,0,2,koclip_ft
6795,neungsohwa_0098.png,1,4,2,koclip_ft
6796,neungsohwa_0098.png,0,1,2,koclip_ft
6797,neungsohwa_0098.png,1,4,2,koclip_ft
6817,danpung_0001.png,4,4,2,koclip_ft
6818,danpung_0001.png,3,3,2,koclip_ft
6819,danpung_0001.png,3,3,2,koclip_ft
6820,danpung_0001.png,3,3,2,koclip_ft
6821,danpung_0001.png,1,4,2,koclip_ft
6822,danpung_0001.png,3,0,2,koclip_ft
6823,danpung_0001.png,4,4,2,koclip_ft
6824,danpung_0001.png,2,1,2,koclip_ft
6825,danpung_0001.png,1,1,2,koclip_ft
6826,danpung_0001.png,3,1,2,koclip_ft
6827,danpung_0001.png,1,4,2,koclip_ft
6828,danpung_0001.png,0,1,2,koclip_ft
6829,danpung_0001.png,2,1,2,koclip_ft
6830,danpung_0001.png,2,3,2,koclip_ft
6831,danpung_0001.png,1,3,2,koclip_ft
6832,danpung_0001.png,1,2,2,koclip_ft
6833,danpung_0001.png,0,2,2,koclip_ft
6834,danpung_0003.png,4,0,2,koclip_ft
6835,danpung_0003.png,3,1,2,koclip_ft
6836,danpung_0003.png,1,0,2,koclip_ft
6837,danpung_0003.png,3,3,2,koclip_ft
6838,danpung_0003.png,4,0,2,koclip_ft
6880,danpung_0015.png,4,4,2,koclip_ft
6881,danpung_0015.png,4,4,2,koclip_ft
6882,danpung_0015.png,4,4,2,koclip_ft
6883,danpung_0015.png,3,3,2,koclip_ft
6893,danpung_0017.png,1,4,2,koclip_ft
6894,danpung_0017.png,2,3,2,koclip_ft
6895,danpung_0017.png,4,4,2,koclip_ft
6896,danpung_0018.png,3,1,2,koclip_ft
6897,danpung_0018.png,1,3,2,koclip_ft
6898,danpung_0018.png,1,3,2,koclip_ft
6899,danpung_0018.png,4,4,2,koclip_ft
6900,danpung_0018.png,3,3,2,koclip_ft
6901,danpung_0018.png,4,4,2,koclip_ft
6902,danpung_0018.png,2,3,2,koclip_ft
6903,danpung_0018.png,4,4,2,koclip_ft
6904,danpung_0018.png,2,2,2,koclip_ft
6905,danpung_0018.png,2,2,2,koclip_ft
6906,danpung_0018.png,4,3,2,koclip_ft
6907,danpung_0018.png,4,4,2,koclip_ft
6908,danpung_0018.png,3,2,2,koclip_ft
6909,danpung_0018.png,2,1,2,koclip_ft
6946,danpung_0030.png,4,1,2,koclip_ft
6947,danpung_0030.png,4,3,2,koclip_ft
6948,danpung_0030.png,4,1,2,koclip_ft
6949,danpung_0030.png,3,1,2,koclip_ft
6950,danpung_0030.png,3,4,2,koclip_ft
6951,danpung_0030.png,4,4,2,koclip_ft
6952,danpung_0030.png,4,1,2,koclip_ft
6953,danpung_0030.png,2,4,2,koclip_ft
6954,danpung_0030.png,3,4,2,koclip_ft
6955,danpung_0030.png,2,3,2,koclip_ft
6956,danpung_0030.png,1,4,2,koclip_ft
6957,danpung_0030.png,3,3,2,koclip_ft
6958,danpung_0030.png,4,3,2,koclip_ft
6959,danpung_0030.png,3,3,2,koclip_ft
6960,danpung_0030.png,3,3,2,koclip_ft
6961,danpung_0030.png,4,4,2,koclip_ft
6962,danpung_0030.png,3,4,2,koclip_ft
6963,danpung_0030.png,2,2,2,koclip_ft
6964,danpung_0030.png,2,2,2,koclip_ft
6965,danpung_0030.png,0,0,2,koclip_ft
6992,danpung_0037.png,4,4,2,koclip_ft
6993,danpung_0037.png,3,4,2,koclip_ft
6994,danpung_0037.png,1,1,2,koclip_ft
6995,danpung_0037.png,1,0,2,koclip_ft
6996,danpung_0037.png,1,4,2,koclip_ft
6997,danpung_0037.png,0,1,2,koclip_ft
6998,danpung_0037.png,1,3,2,koclip_ft
6999,danpung_0037.png,3,1,2,koclip_ft
7000,danpung_0037.png,0,0,2,koclip_ft
7001,danpung_0037.png,3,2,2,koclip_ft
7002,danpung_0037.png,4,1,2,koclip_ft
7003,danpung_0037.png,2,2,2,koclip_ft
7004,danpung_0037.png,3,3,2,koclip_ft
7005,danpung_0037.png,4,2,2,koclip_ft
7006,danpung_0037.png,4,2,2,koclip_ft
7007,danpung_0037.png,4,4,2,koclip_ft
7008,danpung_0037.png,4,3,2,koclip_ft
7009,danpung_0037.png,4,4,2,koclip_ft
7010,danpung_0037.png,4,3,2,koclip_ft
7011,danpung_0037.png,4,3,2,koclip_ft
7012,danpung_0037.png,4,3,2,koclip_ft
7013,danpung_0037.png,4,3,2,koclip_ft
7014,danpung_0037.png,1,3,2,koclip_ft
7015,danpung_0037.png,3,3,2,koclip_ft
7016,danpung_0037.png,3,3,2,koclip_ft
7017,danpung_0039.png,4,3,2,koclip_ft
7018,danpung_0039.png,4,3,2,koclip_ft
7019,danpung_0039.png,3,1,2,koclip_ft
7020,danpung_0039.png,3,3,2,koclip_ft
7051,danpung_0044.png,1,1,2,koclip_ft
7052,danpung_0044.png,0,4,2,koclip_ft
7053,danpung_0044.png,1,3,2,koclip_ft
7061,danpung_0047.png,0,3,2,koclip_ft
7145,danpung_0068.png,2,2,2,koclip_ft
7146,danpung_0068.png,4,4,2,koclip_ft
7147,danpung_0068.png,2,4,2,koclip_ft
7148,danpung_0068.png,2,3,2,koclip_ft
7149,danpung_0068.png,3,0,2,koclip_ft
7150,danpung_0068.png,3,3,2,koclip_ft
7151,danpung_0068.png,2,3,2,koclip_ft
7152,danpung_0068.png,4,3,2,koclip_ft
7153,danpung_0068.png,3,3,2,koclip_ft
7154,danpung_0068.png,4,3,2,koclip_ft
7155,danpung_0068.png,2,3,2,koclip_ft
7156,danpung_0068.png,3,3,2,koclip_ft
7157,danpung_0068.png,2,4,2,koclip_ft
7158,danpung_0068.png,3,4,2,koclip_ft
7159,danpung_0068.png,4,2,2,koclip_ft
7160,danpung_0068.png,1,1,2,koclip_ft
7161,danpung_0068.png,1,2,2,koclip_ft
7162,danpung_0068.png,4,4,2,koclip_ft
7163,danpung_0068.png,2,2,2,koclip_ft
7164,danpung_0068.png,2,2,2,koclip_ft
7165,danpung_0068.png,3,2,2,koclip_ft
7166,danpung_0068.png,3,3,2,koclip_ft
7167,danpung_0068.png,3,2,2,koclip_ft
7168,danpung_0068.png,2,2,2,koclip_ft
7169,danpung_0068.png,3,3,2,koclip_ft
7170,danpung_0068.png,0,0,2,koclip_ft
7171,danpung_0068.png,1,0,2,koclip_ft
7172,danpung_0069.png,0,3,2,koclip_ft
7173,danpung_0069.png,3,3,2,koclip_ft
7174,danpung_0069.png,0,4,2,koclip_ft
7175,danpung_0069.png,4,4,2,koclip_ft
7176,danpung_0069.png,2,3,2,koclip_ft
7177,danpung_0069.png,4,1,2,koclip_ft
7178,danpung_0069.png,2,3,2,koclip_ft
7179,danpung_0069.png,3,3,2,koclip_ft
7180,danpung_0069.png,0,4,2,koclip_ft
7181,danpung_0069.png,4,4,2,koclip_ft
7182,danpung_0069.png,0,4,2,koclip_ft
7183,danpung_0069.png,0,1,2,koclip_ft
7184,danpung_0069.png,0,4,2,koclip_ft
7185,danpung_0069.png,4,3,2,koclip_ft
7186,danpung_0069.png,4,3,2,koclip_ft
7187,danpung_0069.png,1,3,2,koclip_ft
7188,danpung_0069.png,3,3,2,koclip_ft
7189,danpung_0069.png,2,3,2,koclip_ft
7190,danpung_0069.png,3,3,2,koclip_ft
7191,danpung_0069.png,2,3,2,koclip_ft
7192,danpung_0069.png,4,4,2,koclip_ft
7248,danpung_0086.png,1,0,2,koclip_ft
7249,danpung_0086.png,1,3,2,koclip_ft
7250,danpung_0086.png,1,3,2,koclip_ft
7251,danpung_0086.png,1,4,2,koclip_ft
7252,danpung_0086.png,1,3,2,koclip_ft
7275,danpung_0098.png,4,3,2,koclip_ft
7276,danpung_0098.png,2,1,2,koclip_ft
7277,danpung_0098.png,4,4,2,koclip_ft
7278,danpung_0098.png,4,4,2,koclip_ft
7279,danpung_0098.png,4,2,2,koclip_ft
7280,danpung_0098.png,4,3,2,koclip_ft
7281,danpung_0098.png,4,4,2,koclip_ft
7282,danpung_0098.png,4,3,2,koclip_ft
7283,danpung_0098.png,2,3,2,koclip_ft
7284,danpung_0098.png,1,1,2,koclip_ft
7285,danpung_0098.png,4,3,2,koclip_ft
7286,danpung_0098.png,1,4,2,koclip_ft
7287,danpung_0098.png,2,4,2,koclip_ft
7288,danpung_0098.png,4,4,2,koclip_ft
7289,danpung_0098.png,1,1,2,koclip_ft
7290,danpung_0098.png,3,4,2,koclip_ft
7291,danpung_0098.png,3,4,2,koclip_ft
7292,danpung_0098.png,4,3,2,koclip_ft
7293,danpung_0098.png,2,4,2,koclip_ft
7297,cherryblossom_0006.png,4,4,2,koclip_ft
7298,cherryblossom_0006.png,3,3,2,koclip_ft
7299,cherryblossom_0006.png,4,4,2,koclip_ft
7307,cherryblossom_0014.png,3,4,2,koclip_ft
7308,cherryblossom_0014.png,4,4,2,koclip_ft
7309,cherryblossom_0015.png,3,1,2,koclip_ft
7310,cherryblossom_0015.png,3,1,2,koclip_ft
7311,cherryblossom_0015.png,4,4,2,koclip_ft
7312,cherryblossom_0015.png,2,4,2,koclip_ft
7313,cherryblossom_0015.png,3,3,2,koclip_ft
7326,cherryblossom_0024.png,4,4,2,koclip_ft
7327,cherryblossom_0024.png,4,3,2,koclip_ft
7328,cherryblossom_0024.png,1,0,2,koclip_ft
7329,cherryblossom_0024.png,0,0,2,koclip_ft
7330,cherryblossom_0024.png,2,2,2,koclip_ft
7351,cherryblossom_0026.png,0,4,2,koclip_ft
7352,cherryblossom_0026.png,1,0,2,koclip_ft
7353,cherryblossom_0026.png,0,4,2,koclip_ft
7374,cherryblossom_0033.png,4,4,2,koclip_ft
7375,cherryblossom_0033.png,4,4,2,koclip_ft
7376,cherryblossom_0033.png,1,4,2,koclip_ft
7377,cherryblossom_0033.png,0,4,2,koclip_ft
7378,cherryblossom_0033.png,0,4,2,koclip_ft
7379,cherryblossom_0033.png,0,4,2,koclip_ft
7380,cherryblossom_0033.png,0,3,2,koclip_ft
7381,cherryblossom_0033.png,3,3,2,koclip_ft
7382,cherryblossom_0033.png,3,4,2,koclip_ft
7383,cherryblossom_0033.png,4,3,2,koclip_ft
7384,cherryblossom_0033.png,3,3,2,koclip_ft
7385,cherryblossom_0033.png,2,3,2,koclip_ft
7386,cherryblossom_0033.png,3,3,2,koclip_ft
7387,cherryblossom_0033.png,2,2,2,koclip_ft
7388,cherryblossom_0033.png,3,3,2,koclip_ft
7389,cherryblossom_0033.png,3,3,2,koclip_ft
7390,cherryblossom_0033.png,2,2,2,koclip_ft
7391,cherryblossom_0033.png,4,3,2,koclip_ft
7392,cherryblossom_0033.png,1,4,2,koclip_ft
7393,cherryblossom_0033.png,4,4,2,koclip_ft
7415,cherryblossom_0041.png,4,4,2,koclip_ft
7416,cherryblossom_0041.png,3,3,2,koclip_ft
7417,cherryblossom_0041.png,2,3,2,koclip_ft
7418,cherryblossom_0041.png,4,4,2,koclip_ft
7461,cherryblossom_0052.png,1,1,2,koclip_ft
7462,cherryblossom_0052.png,4,4,2,koclip_ft
7468,cherryblossom_0054.png,4,4,2,koclip_ft
7473,cherryblossom_0056.png,3,2,2,koclip_ft
7474,cherryblossom_0056.png,3,1,2,koclip_ft
7475,cherryblossom_0056.png,3,2,2,koclip_ft
7476,cherryblossom_0056.png,3,1,2,koclip_ft
7477,cherryblossom_0056.png,3,1,2,koclip_ft
7478,cherryblossom_0056.png,0,0,2,koclip_ft
7479,cherryblossom_0056.png,0,0,2,koclip_ft
7480,cherryblossom_0056.png,0,1,2,koclip_ft
7481,cherryblossom_0056.png,0,1,2,koclip_ft
7482,cherryblossom_0056.png,1,0,2,koclip_ft
7483,cherryblossom_0056.png,0,0,2,koclip_ft
7484,cherryblossom_0056.png,0,0,2,koclip_ft
7485,cherryblossom_0056.png,1,1,2,koclip_ft
7486,cherryblossom_0056.png,4,4,2,koclip_ft
7487,cherryblossom_0056.png,2,3,2,koclip_ft
7488,cherryblossom_0056.png,0,1,2,koclip_ft
7489,cherryblossom_0056.png,1,4,2,koclip_ft
7490,cherryblossom_0056.png,4,4,2,koclip_ft
7491,cherryblossom_0056.png,4,3,2,koclip_ft
7499,cherryblossom_0061.png,4,4,2,koclip_ft
7500,cherryblossom_0061.png,4,4,2,koclip_ft
7501,cherryblossom_0061.png,0,0,2,koclip_ft
7502,cherryblossom_0061.png,0,0,2,koclip_ft
7503,cherryblossom_0061.png,0,0,2,koclip_ft
7504,cherryblossom_0062.png,4,0,2,koclip_ft
7505,cherryblossom_0062.png,4,1,2,koclip_ft
7506,cherryblossom_0062.png,4,4,2,koclip_ft
7507,cherryblossom_0062.png,1,1,2,koclip_ft
7508,cherryblossom_0062.png,3,0,2,koclip_ft
7559,cherryblossom_0084.png,2,1,2,koclip_ft
7560,cherryblossom_0084.png,4,4,2,koclip_ft
7561,cherryblossom_0084.png,1,3,2,koclip_ft
7562,cherryblossom_0084.png,3,3,2,koclip_ft
7563,cherryblossom_0084.png,2,4,2,koclip_ft
7572,cherryblossom_0088.png,4,4,2,koclip_ft
7573,cherryblossom_0088.png,4,4,2,koclip_ft
7574,cherryblossom_0088.png,4,4,2,koclip_ft
7607,cherryblossom_0099.png,4,4,2,koclip_ft
7608,cherryblossom_0099.png,4,4,2,koclip_ft
7609,cherryblossom_0099.png,3,3,2,koclip_ft
7610,cherryblossom_0099.png,4,3,2,koclip_ft
7611,cherryblossom_0099.png,1,3,2,koclip_ft
7612,cherryblossom_0099.png,3,3,2,koclip_ft
7613,cherryblossom_0099.png,4,4,2,koclip_ft
7614,cherryblossom_0099.png,4,4,2,koclip_ft
7615,cherryblossom_0099.png,4,4,2,koclip_ft
7616,cherryblossom_0099.png,3,3,2,koclip_ft
7617,cherryblossom_0099.png,2,3,2,koclip_ft
7618,cherryblossom_0099.png,1,0,2,koclip_ft
7619,cherryblossom_0099.png,1,0,2,koclip_ft
7620,cherryblossom_0099.png,3,2,2,koclip_ft
7621,cherryblossom_0099.png,3,3,2,koclip_ft
7622,cherryblossom_0099.png,1,1,2,koclip_ft
7623,cherryblossom_0099.png,1,1,2,koclip_ft
7624,cherryblossom_0099.png,2,2,2,koclip_ft
7625,cherryblossom_0099.png,2,3,2,koclip_ft
7626,cherryblossom_0099.png,1,4,2,koclip_ft
7627,cherryblossom_0099.png,2,2,2,koclip_ft
7628,cherryblossom_0100.png,0,0,2,koclip_ft
7629,cherryblossom_0100.png,4,4,2,koclip_ft
7630,cherryblossom_0100.png,1,1,2,koclip_ft
7705,kpop_0010.png,0,0,2,koclip_ft
7706,kpop_0010.png,4,2,2,koclip_ft
7707,kpop_0010.png,4,2,2,koclip_ft
7708,kpop_0010.png,3,1,2,koclip_ft
7748,kpop_0020.png,1,1,2,koclip_ft
7749,kpop_0020.png,2,3,2,koclip_ft
7750,kpop_0020.png,3,3,2,koclip_ft
7751,kpop_0020.png,3,1,2,koclip_ft
7752,kpop_0020.png,3,3,2,koclip_ft
7773,kpop_0023.png,4,4,2,koclip_ft
7774,kpop_0023.png,4,4,2,koclip_ft
7775,kpop_0023.png,4,4,2,koclip_ft
7776,kpop_0023.png,4,4,2,koclip_ft
7777,kpop_0023.png,3,3,2,koclip_ft
7807,kpop_0028.png,0,4,2,koclip_ft
7808,kpop_0028.png,0,4,2,koclip_ft
7809,kpop_0028.png,0,3,2,koclip_ft
7810,kpop_0028.png,1,3,2,koclip_ft
7811,kpop_0028.png,0,4,2,koclip_ft
7829,kpop_0031.png,1,1,2,koclip_ft
7830,kpop_0031.png,3,1,2,koclip_ft
7831,kpop_0031.png,3,4,2,koclip_ft
7832,kpop_0031.png,3,4,2,koclip_ft
7875,kpop_0038.png,0,4,2,koclip_ft
7876,kpop_0038.png,0,4,2,koclip_ft
7877,kpop_0038.png,0,4,2,koclip_ft
7878,kpop_0038.png,0,4,2,koclip_ft
7879,kpop_0038.png,0,3,2,koclip_ft
7880,kpop_0038.png,0,1,2,koclip_ft
7881,kpop_0038.png,0,4,2,koclip_ft
7882,kpop_0038.png,0,1,2,koclip_ft
7883,kpop_0038.png,0,2,2,koclip_ft
7884,kpop_0038.png,0,2,2,koclip_ft
7885,kpop_0038.png,0,4,2,koclip_ft
7886,kpop_0038.png,0,3,2,koclip_ft
7887,kpop_0038.png,0,3,2,koclip_ft
7888,kpop_0038.png,0,3,2,koclip_ft
8074,kpop_0059.png,4,4,2,koclip_ft
8075,kpop_0059.png,4,4,2,koclip_ft
8076,kpop_0059.png,4,4,2,koclip_ft
8077,kpop_0059.png,4,4,2,koclip_ft
8078,kpop_0059.png,3,3,2,koclip_ft
8083,kpop_0061.png,3,3,2,koclip_ft
8084,kpop_0061.png,3,3,2,koclip_ft
8085,kpop_0061.png,4,4,2,koclip_ft
8086,kpop_0061.png,1,2,2,koclip_ft
8087,kpop_0061.png,3,4,2,koclip_ft
8107,kpop_0065.png,4,4,2,koclip_ft
8108,kpop_0065.png,2,1,2,koclip_ft
8109,kpop_0065.png,1,1,2,koclip_ft
8110,kpop_0065.png,0,1,2,koclip_ft
8111,kpop_0065.png,3,3,2,koclip_ft
8140,kpop_0069.png,3,1,2,koclip_ft
8141,kpop_0069.png,3,1,2,koclip_ft
8142,kpop_0069.png,2,3,2,koclip_ft
8143,kpop_0069.png,4,1,2,koclip_ft
8144,kpop_0069.png,0,4,2,koclip_ft
8145,kpop_0069.png,0,1,2,koclip_ft
8184,kpop_0074.png,4,4,2,koclip_ft
8185,kpop_0074.png,4,3,2,koclip_ft
8186,kpop_0074.png,4,3,2,koclip_ft
8187,kpop_0074.png,4,4,2,koclip_ft
8188,kpop_0074.png,4,4,2,koclip_ft
8194,kpop_0076.png,4,4,2,koclip_ft
8195,kpop_0076.png,4,4,2,koclip_ft
8196,kpop_0076.png,3,3,2,koclip_ft
8197,kpop_0076.png,3,1,2,koclip_ft
8198,kpop_0076.png,3,3,2,koclip_ft
8214,kpop_0078.png,4,4,2,koclip_ft
8215,kpop_0078.png,4,0,2,koclip_ft
8216,kpop_0078.png,4,4,2,koclip_ft
8217,kpop_0078.png,4,4,2,koclip_ft
8233,kpop_0081.png,3,3,2,koclip_ft
8234,kpop_0081.png,4,3,2,koclip_ft
8235,kpop_0081.png,3,3,2,koclip_ft
8247,kpop_0083.png,4,4,2,koclip_ft
8248,kpop_0083.png,4,4,2,koclip_ft
8249,kpop_0083.png,1,1,2,koclip_ft
8250,kpop_0083.png,3,3,2,koclip_ft
8271,kpop_0088.png,4,4,2,koclip_ft
8272,kpop_0088.png,4,4,2,koclip_ft
8273,kpop_0088.png,4,4,2,koclip_ft
8274,kpop_0088.png,4,4,2,koclip_ft
8275,kpop_0088.png,3,3,2,koclip_ft
8293,kpop_0092.png,4,4,2,koclip_ft
8294,kpop_0092.png,4,1,2,koclip_ft
8295,kpop_0092.png,4,3,2,koclip_ft
8296,kpop_0092.png,3,3,2,koclip_ft
8297,kpop_0092.png,3,4,2,koclip_ft
8298,kpop_0092.png,3,3,2,koclip_ft
8299,kpop_0092.png,3,4,2,koclip_ft
8300,kpop_0092.png,3,4,2,koclip_ft
8301,kpop_0092.png,3,3,2,koclip_ft
8302,kpop_0092.png,3,3,2,koclip_ft
8303,kpop_0092.png,3,3,2,koclip_ft
8304,kpop_0092.png,2,2,2,koclip_ft
8305,kpop_0092.png,2,2,2,koclip_ft
8311,kpop_0094.png,3,3,2,koclip_ft
8312,kpop_0094.png,3,3,2,koclip_ft
8313,kpop_0094.png,3,4,2,koclip_ft
8314,kpop_0094.png,3,1,2,koclip_ft
8337,kpop_0098.png,3,3,2,koclip_ft
8338,kpop_0098.png,4,4,2,koclip_ft
8339,kpop_0098.png,4,3,2,koclip_ft
8340,kpop_0098.png,4,3,2,koclip_ft
8341,kpop_0098.png,1,2,2,koclip_ft
8342,kpop_0098.png,1,1,2,koclip_ft
8343,kpop_0098.png,3,3,2,koclip_ft
8344,kpop_0098.png,4,4,2,koclip_ft
8345,kpop_0098.png,4,4,2,koclip_ft
8346,kpop_0098.png,3,3,2,koclip_ft
8347,kpop_0098.png,3,2,2,koclip_ft
8348,kpop_0098.png,4,3,2,koclip_ft
8349,kpop_0098.png,1,4,2,koclip_ft
8350,kpop_0098.png,1,1,2,koclip_ft
8351,kpop_0098.png,1,3,2,koclip_ft
8352,kpop_0098.png,3,3,2,koclip_ft
8353,kpop_0098.png,1,1,2,koclip_ft
8354,kpop_0098.png,1,1,2,koclip_ft
8355,kpop_0098.png,3,2,2,koclip_ft
8356,kpop_0098.png,4,1,2,koclip_ft
8357,kpop_0098.png,2,4,2,koclip_ft
8358,kpop_0098.png,2,4,2,koclip_ft
8359,kpop_0098.png,3,3,2,koclip_ft
8360,kpop_0098.png,0,3,2,koclip_ft
8361,kpop_0098.png,3,3,2,koclip_ft
8362,kpop_0098.png,4,3,2,koclip_ft
8381,spotify_0001.png,4,2,2,koclip_ft
8382,spotify_0001.png,4,3,2,koclip_ft
8383,spotify_0001.png,3,1,2,koclip_ft
8384,spotify_0001.png,0,1,2,koclip_ft
8389,spotify_0004.png,4,1,2,koclip_ft
8390,spotify_0004.png,4,0,2,koclip_ft
8391,spotify_0004.png,4,0,2,koclip_ft
8392,spotify_0004.png,4,0,2,koclip_ft
8492,spotify_0043.png,4,3,2,koclip_ft
8493,spotify_0043.png,2,2,2,koclip_ft
8494,spotify_0043.png,1,1,2,koclip_ft
8499,spotify_0045.png,4,1,2,koclip_ft
8500,spotify_0045.png,4,0,2,koclip_ft
8501,spotify_0045.png,2,2,2,koclip_ft
8502,spotify_0045.png,3,2,2,koclip_ft
8503,spotify_0046.png,4,4,2,koclip_ft
8504,spotify_0046.png,4,2,2,koclip_ft
8505,spotify_0046.png,2,3,2,koclip_ft
8506,spotify_0046.png,3,2,2,koclip_ft
8507,spotify_0046.png,3,2,2,koclip_ft
8508,spotify_0046.png,4,4,2,koclip_ft
8509,spotify_0046.png,2,1,2,koclip_ft
8510,spotify_0046.png,3,3,2,koclip_ft
8511,spotify_0046.png,4,4,2,koclip_ft
8512,spotify_0046.png,4,0,2,koclip_ft
8513,spotify_0046.png,4,1,2,koclip_ft
8514,spotify_0046.png,1,4,2,koclip_ft
8515,spotify_0046.png,1,0,2,koclip_ft
8516,spotify_0046.png,1,1,2,koclip_ft
8544,spotify_0056.png,4,3,2,koclip_ft
8545,spotify_0056.png,4,3,2,koclip_ft
8546,spotify_0056.png,4,3,2,koclip_ft
8547,spotify_0056.png,4,1,2,koclip_ft
8548,spotify_0056.png,4,2,2,koclip_ft
8549,spotify_0056.png,3,4,2,koclip_ft
8550,spotify_0056.png,3,3,2,koclip_ft
8551,spotify_0056.png,2,3,2,koclip_ft
8552,spotify_0056.png,1,2,2,koclip_ft
8553,spotify_0056.png,2,3,2,koclip_ft
8554,spotify_0056.png,2,4,2,koclip_ft
8555,spotify_0056.png,2,4,2,koclip_ft
8556,spotify_0056.png,1,2,2,koclip_ft
8557,spotify_0056.png,0,1,2,koclip_ft
8612,spotify_0076.png,4,4,2,koclip_ft
8613,spotify_0076.png,4,0,2,koclip_ft
8614,spotify_0076.png,2,2,2,koclip_ft
8615,spotify_0076.png,1,4,2,koclip_ft
8616,spotify_0076.png,2,1,2,koclip_ft
8626,spotify_0084.png,1,1,2,koclip_ft
8632,spotify_0087.png,0,4,2,koclip_ft
8709,netflix_0007.png,4,4,2,koclip_ft
8710,netflix_0007.png,4,3,2,koclip_ft
8711,netflix_0007.png,1,4,2,koclip_ft
8712,netflix_0007.png,3,3,2,koclip_ft
8713,netflix_0007.png,4,4,2,koclip_ft
8719,netflix_0009.png,1,4,2,koclip_ft
8720,netflix_0009.png,3,4,2,koclip_ft
8721,netflix_0009.png,1,1,2,koclip_ft
8722,netflix_0009.png,4,0,2,koclip_ft
8723,netflix_0009.png,1,4,2,koclip_ft
8796,netflix_0030.png,2,2,2,koclip_ft
8797,netflix_0030.png,1,1,2,koclip_ft
8798,netflix_0030.png,1,1,2,koclip_ft
8799,netflix_0030.png,4,4,2,koclip_ft
8807,netflix_0032.png,4,4,2,koclip_ft
8808,netflix_0032.png,3,1,2,koclip_ft
8851,netflix_0043.png,3,1,2,koclip_ft
8852,netflix_0043.png,1,1,2,koclip_ft
8862,netflix_0047.png,4,4,2,koclip_ft
8863,netflix_0047.png,4,4,2,koclip_ft
8864,netflix_0047.png,3,1,2,koclip_ft
8865,netflix_0047.png,4,4,2,koclip_ft
8866,netflix_0047.png,3,2,2,koclip_ft
8872,netflix_0049.png,4,0,2,koclip_ft
8873,netflix_0049.png,4,4,2,koclip_ft
8874,netflix_0049.png,3,4,2,koclip_ft
8875,netflix_0049.png,3,1,2,koclip_ft
8876,netflix_0049.png,2,2,2,koclip_ft
8934,netflix_0062.png,4,4,2,koclip_ft
8935,netflix_0062.png,4,4,2,koclip_ft
8936,netflix_0062.png,4,3,2,koclip_ft
8937,netflix_0062.png,4,1,2,koclip_ft
8938,netflix_0062.png,4,0,2,koclip_ft
8939,netflix_0062.png,4,1,2,koclip_ft
8940,netflix_0062.png,4,4,2,koclip_ft
8941,netflix_0062.png,4,1,2,koclip_ft
8942,netflix_0062.png,4,1,2,koclip_ft
8943,netflix_0062.png,4,4,2,koclip_ft
8944,netflix_0062.png,2,3,2,koclip_ft
8945,netflix_0062.png,2,2,2,koclip_ft
8946,netflix_0062.png,3,2,2,koclip_ft
8947,netflix_0062.png,3,2,2,koclip_ft
8948,netflix_0062.png,2,2,2,koclip_ft
8949,netflix_0063.png,4,4,2,koclip_ft
8950,netflix_0063.png,3,2,2,koclip_ft
8951,netflix_0063.png,4,1,2,koclip_ft
9072,apple_0003.png,0,4,2,koclip_ft
9073,apple_0003.png,0,1,2,koclip_ft
9074,apple_0003.png,0,4,2,koclip_ft
9075,apple_0003.png,1,2,2,koclip_ft
9076,apple_0003.png,0,4,2,koclip_ft
9138,apple_0023.png,4,4,2,koclip_ft
9139,apple_0023.png,0,4,2,koclip_ft
9140,apple_0023.png,0,4,2,koclip_ft
9141,apple_0023.png,4,4,2,koclip_ft
9154,apple_0027.png,4,4,2,koclip_ft
9155,apple_0027.png,4,4,2,koclip_ft
9156,apple_0027.png,0,1,2,koclip_ft
9157,apple_0027.png,4,1,2,koclip_ft
9158,apple_0027.png,4,4,2,koclip_ft
9159,apple_0028.png,4,4,2,koclip_ft
9160,apple_0028.png,4,2,2,koclip_ft
9161,apple_0028.png,3,4,2,koclip_ft
9162,apple_0028.png,4,4,2,koclip_ft
9163,apple_0028.png,1,0,2,koclip_ft
9169,apple_0035.png,3,3,2,koclip_ft
9170,apple_0035.png,4,1,2,koclip_ft
9171,apple_0035.png,3,4,2,koclip_ft
9172,apple_0035.png,4,4,2,koclip_ft
9173,apple_0035.png,4,3,2,koclip_ft
9179,apple_0038.png,4,4,2,koclip_ft
9180,apple_0038.png,4,4,2,koclip_ft
9181,apple_0038.png,3,2,2,koclip_ft
9182,apple_0038.png,1,2,2,koclip_ft
9183,apple_0038.png,1,4,2,koclip_ft
9214,apple_0048.png,4,4,2,koclip_ft
9215,apple_0048.png,3,3,2,koclip_ft
9216,apple_0048.png,1,4,2,koclip_ft
9217,apple_0048.png,1,4,2,koclip_ft
9218,apple_0048.png,1,4,2,koclip_ft
9219,apple_0048.png,2,1,2,koclip_ft
9220,apple_0048.png,2,2,2,koclip_ft
9221,apple_0048.png,3,2,2,koclip_ft
9222,apple_0048.png,1,2,2,koclip_ft
9306,apple_0080.png,4,4,2,koclip_ft
9307,apple_0080.png,3,2,2,koclip_ft
9308,apple_0080.png,2,2,2,koclip_ft
9309,apple_0080.png,2,2,2,koclip_ft
9310,apple_0080.png,1,4,2,koclip_ft
9329,apple_0092.png,4,4,2,koclip_ft
9340,apple_0096.png,4,4,2,koclip_ft
9341,apple_0096.png,4,1,2,koclip_ft
9342,apple_0096.png,4,4,2,koclip_ft
9343,apple_0096.png,4,4,2,koclip_ft
9373,galaxy_0004.png,4,4,2,koclip_ft
9395,galaxy_0012.png,4,0,2,koclip_ft
9396,galaxy_0012.png,4,0,2,koclip_ft
9397,galaxy_0012.png,3,1,2,koclip_ft
9398,galaxy_0012.png,1,4,2,koclip_ft
9399,galaxy_0012.png,1,4,2,koclip_ft
9405,galaxy_0014.png,4,4,2,koclip_ft
9406,galaxy_0014.png,3,4,2,koclip_ft
9407,galaxy_0014.png,0,4,2,koclip_ft
9408,galaxy_0014.png,0,4,2,koclip_ft
9409,galaxy_0014.png,1,4,2,koclip_ft
9410,galaxy_0015.png,4,1,2,koclip_ft
9411,galaxy_0015.png,4,4,2,koclip_ft
9412,galaxy_0015.png,3,4,2,koclip_ft
9427,galaxy_0020.png,1,0,2,koclip_ft
9428,galaxy_0020.png,1,4,2,koclip_ft
9429,galaxy_0020.png,4,4,2,koclip_ft
9430,galaxy_0020.png,1,1,2,koclip_ft
9431,galaxy_0022.png,4,4,2,koclip_ft
9432,galaxy_0022.png,0,4,2,koclip_ft
9433,galaxy_0022.png,4,4,2,koclip_ft
9434,galaxy_0022.png,0,4,2,koclip_ft
9435,galaxy_0022.png,3,4,2,koclip_ft
9436,galaxy_0022.png,4,4,2,koclip_ft
9437,galaxy_0022.png,4,4,2,koclip_ft
9438,galaxy_0022.png,1,1,2,koclip_ft
9439,galaxy_0022.png,0,0,2,koclip_ft
9440,galaxy_0022.png,0,0,2,koclip_ft
9441,galaxy_0022.png,0,0,2,koclip_ft
9442,galaxy_0022.png,2,4,2,koclip_ft
9443,galaxy_0022.png,1,0,2,koclip_ft
9444,galaxy_0022.png,1,1,2,koclip_ft
9445,galaxy_0022.png,0,0,2,koclip_ft
9446,galaxy_0022.png,0,3,2,koclip_ft
9492,galaxy_0029.png,4,4,2,koclip_ft
9493,galaxy_0029.png,4,4,2,koclip_ft
9494,galaxy_0029.png,3,2,2,koclip_ft
9495,galaxy_0029.png,0,0,2,koclip_ft
9496,galaxy_0029.png,1,1,2,koclip_ft
9545,galaxy_0040.png,0,0,2,koclip_ft
9555,galaxy_0044.png,0,1,2,koclip_ft
9556,galaxy_0044.png,4,1,2,koclip_ft
9557,galaxy_0044.png,3,1,2,koclip_ft
9558,galaxy_0044.png,3,2,2,koclip_ft
9559,galaxy_0044.png,2,4,2,koclip_ft
9560,galaxy_0044.png,4,1,2,koclip_ft
9592,galaxy_0060.png,2,3,2,koclip_ft
9593,galaxy_0060.png,1,1,2,koclip_ft
9594,galaxy_0060.png,4,4,2,koclip_ft
9595,galaxy_0060.png,3,3,2,koclip_ft
9641,galaxy_0071.png,4,4,2,koclip_ft
9642,galaxy_0071.png,1,4,2,koclip_ft
9643,galaxy_0071.png,2,4,2,koclip_ft
9659,galaxy_0075.png,4,4,2,koclip_ft
9660,galaxy_0075.png,4,4,2,koclip_ft
9661,galaxy_0075.png,2,2,2,koclip_ft
9766,galaxy_0096.png,2,2,2,koclip_ft
9767,galaxy_0096.png,1,4,2,koclip_ft
9768,galaxy_0096.png,0,4,2,koclip_ft
9769,galaxy_0096.png,2,1,2,koclip_ft
9770,galaxy_0096.png,1,2,2,koclip_ft
9844,iphone16_0008.png,4,4,2,koclip_ft
9845,iphone16_0008.png,4,4,2,koclip_ft
9846,iphone16_0008.png,3,0,2,koclip_ft
9847,iphone16_0008.png,3,4,2,koclip_ft
9848,iphone16_0008.png,2,3,2,koclip_ft
9852,iphone16_0011.png,3,0,2,koclip_ft
9853,iphone16_0011.png,4,4,2,koclip_ft
9854,iphone16_0011.png,4,2,2,koclip_ft
9855,iphone16_0011.png,4,3,2,koclip_ft
9856,iphone16_0011.png,2,0,2,koclip_ft
9857,iphone16_0011.png,1,3,2,koclip_ft
9858,iphone16_0011.png,1,3,2,koclip_ft
9859,iphone16_0011.png,1,1,2,koclip_ft
9860,iphone16_0011.png,0,1,2,koclip_ft
9861,iphone16_0011.png,2,4,2,koclip_ft
9919,iphone16_0033.png,4,4,2,koclip_ft
9920,iphone16_0033.png,3,0,2,koclip_ft
9921,iphone16_0034.png,1,4,2,koclip_ft
9922,iphone16_0034.png,0,0,2,koclip_ft
9923,iphone16_0034.png,4,4,2,koclip_ft
9924,iphone16_0034.png,0,1,2,koclip_ft
9933,iphone16_0038.png,3,4,2,koclip_ft
9934,iphone16_0038.png,4,4,2,koclip_ft
9935,iphone16_0038.png,1,2,2,koclip_ft
9936,iphone16_0038.png,0,1,2,koclip_ft
9937,iphone16_0038.png,2,2,2,koclip_ft
9960,iphone16_0046.png,3,3,2,koclip_ft
9961,iphone16_0046.png,4,4,2,koclip_ft
9962,iphone16_0046.png,2,3,2,koclip_ft
9963,iphone16_0046.png,1,1,2,koclip_ft
10019,iphone16_0058.png,4,0,2,koclip_ft
10020,iphone16_0058.png,4,4,2,koclip_ft
10021,iphone16_0058.png,3,4,2,koclip_ft
10022,iphone16_0058.png,4,4,2,koclip_ft
10023,iphone16_0058.png,4,4,2,koclip_ft
10024,iphone16_0058.png,4,3,2,koclip_ft
10025,iphone16_0058.png,4,4,2,koclip_ft
10026,iphone16_0058.png,4,3,2,koclip_ft
10027,iphone16_0058.png,3,3,2,koclip_ft
10038,iphone16_0062.png,4,4,2,koclip_ft
10039,iphone16_0062.png,4,4,2,koclip_ft
10040,iphone16_0062.png,1,1,2,koclip_ft
10041,iphone16_0062.png,0,0,2,koclip_ft
10042,iphone16_0062.png,3,2,2,koclip_ft
10070,iphone16_0071.png,4,4,2,koclip_ft
10071,iphone16_0071.png,4,4,2,koclip_ft
10072,iphone16_0071.png,1,1,2,koclip_ft
10106,iphone16_0075.png,1,2,2,koclip_ft
10107,iphone16_0075.png,4,0,2,koclip_ft
10108,iphone16_0075.png,4,1,2,koclip_ft
10109,iphone16_0075.png,3,2,2,koclip_ft
10110,iphone16_0075.png,1,1,2,koclip_ft
10117,iphone16_0078.png,4,4,2,koclip_ft
10118,iphone16_0078.png,4,0,2,koclip_ft
10119,iphone16_0078.png,1,2,2,koclip_ft
10120,iphone16_0078.png,3,2,2,koclip_ft
10121,iphone16_0078.png,4,1,2,koclip_ft
10122,iphone16_0078.png,1,0,2,koclip_ft
10123,iphone16_0078.png,1,2,2,koclip_ft
10124,iphone16_0078.png,3,2,2,koclip_ft
10125,iphone16_0078.png,2,2,2,koclip_ft
10172,iphone16_0085.png,0,0,2,koclip_ft
10173,iphone16_0085.png,4,4,2,koclip_ft
10174,iphone16_0085.png,0,4,2,koclip_ft
10175,iphone16_0085.png,2,4,2,koclip_ft
10176,iphone16_0085.png,0,4,2,koclip_ft
10177,iphone16_0085.png,1,4,2,koclip_ft
10178,iphone16_0085.png,2,4,2,koclip_ft
10179,iphone16_0085.png,0,1,2,koclip_ft
10180,iphone16_0085.png,0,0,2,koclip_ft
10181,iphone16_0085.png,4,1,2,koclip_ft
10201,iphone16_0092.png,4,4,2,koclip_ft
10202,iphone16_0092.png,3,3,2,koclip_ft
10203,iphone16_0092.png,3,3,2,koclip_ft
10204,iphone16_0092.png,4,4,2,koclip_ft
10205,iphone16_0092.png,2,2,2,koclip_ft
10206,iphone16_0092.png,3,3,2,koclip_ft
10207,iphone16_0092.png,1,0,2,koclip_ft
10208,iphone16_0092.png,1,0,2,koclip_ft
10209,iphone16_0092.png,0,0,2,koclip_ft
10210,iphone16_0092.png,1,0,2,koclip_ft
10211,iphone16_0092.png,3,1,2,koclip_ft
10212,iphone16_0092.png,2,0,2,koclip_ft
10213,iphone16_0092.png,1,0,2,koclip_ft
10214,iphone16_0092.png,0,0,2,koclip_ft
10215,iphone16_0092.png,0,0,2,koclip_ft
10216,iphone16_0092.png,0,0,2,koclip_ft
10217,iphone16_0092.png,0,0,2,koclip_ft
10218,iphone16_0092.png,0,0,2,koclip_ft
10219,iphone16_0092.png,0,0,2,koclip_ft
10220,iphone16_0092.png,0,0,2,koclip_ft
10221,iphone16_0092.png,0,0,2,koclip_ft
10222,iphone16_0092.png,1,4,2,koclip_ft
10223,iphone16_0092.png,1,1,2,koclip_ft
10224,iphone16_0092.png,3,2,2,koclip_ft
10225,iphone16_0092.png,3,2,2,koclip_ft
10226,iphone16_0092.png,2,2,2,koclip_ft
10227,iphone16_0092.png,0,2,2,koclip_ft
10228,iphone16_0092.png,3,1,2,koclip_ft
10261,iphone16_0100.png,4,4,2,koclip_ft
10262,iphone16_0100.png,4,4,2,koclip_ft
10263,iphone16_0100.png,4,4,2,koclip_ft
10264,iphone16_0100.png,3,3,2,koclip_ft
10265,iphone16_0100.png,3,2,2,koclip_ft
10266,iphone16_0100.png,3,0,2,koclip_ft
10267,iphone16_0100.png,2,2,2,koclip_ft
10268,iphone16_0100.png,4,4,2,koclip_ft
10269,iphone16_0100.png,2,2,2,koclip_ft
10270,iphone16_0100.png,1,0,2,koclip_ft
10271,iphone16_0100.png,2,0,2,koclip_ft
10272,healthstagram_0001.png,1,3,2,koclip_ft
10325,healthstagram_0018.png,2,3,2,koclip_ft
10326,healthstagram_0018.png,3,0,2,koclip_ft
10327,healthstagram_0018.png,2,2,2,koclip_ft
10328,healthstagram_0018.png,4,3,2,koclip_ft
10329,healthstagram_0018.png,3,2,2,koclip_ft
10330,healthstagram_0018.png,2,2,2,koclip_ft
10331,healthstagram_0018.png,4,2,2,koclip_ft
10332,healthstagram_0018.png,4,2,2,koclip_ft
10333,healthstagram_0018.png,4,4,2,koclip_ft
10334,healthstagram_0018.png,4,4,2,koclip_ft
10335,healthstagram_0018.png,3,4,2,koclip_ft
10336,healthstagram_0018.png,2,2,2,koclip_ft
10337,healthstagram_0018.png,4,4,2,koclip_ft
10338,healthstagram_0018.png,2,2,2,koclip_ft
10339,healthstagram_0018.png,1,1,2,koclip_ft
10340,healthstagram_0018.png,4,0,2,koclip_ft
10341,healthstagram_0018.png,4,3,2,koclip_ft
10342,healthstagram_0018.png,3,4,2,koclip_ft
10343,healthstagram_0018.png,2,0,2,koclip_ft
10344,healthstagram_0018.png,1,4,2,koclip_ft
10345,healthstagram_0018.png,0,0,2,koclip_ft
10346,healthstagram_0018.png,1,0,2,koclip_ft
10347,healthstagram_0018.png,1,0,2,koclip_ft
10348,healthstagram_0018.png,0,0,2,koclip_ft
10349,healthstagram_0018.png,4,4,2,koclip_ft
10350,healthstagram_0018.png,4,3,2,koclip_ft
10351,healthstagram_0018.png,2,2,2,koclip_ft
10352,healthstagram_0018.png,2,2,2,koclip_ft
10353,healthstagram_0018.png,4,4,2,koclip_ft
10513,healthstagram_0052.png,0,0,2,koclip_ft
10514,healthstagram_0052.png,0,0,2,koclip_ft
10515,healthstagram_0052.png,2,2,2,koclip_ft
10516,healthstagram_0052.png,3,4,2,koclip_ft
10517,healthstagram_0052.png,3,4,2,koclip_ft
10518,healthstagram_0052.png,3,3,2,koclip_ft
10519,healthstagram_0052.png,0,4,2,koclip_ft
10520,healthstagram_0052.png,0,0,2,koclip_ft
10521,healthstagram_0052.png,0,4,2,koclip_ft
10522,healthstagram_0052.png,0,1,2,koclip_ft
10523,healthstagram_0052.png,0,0,2,koclip_ft
10524,healthstagram_0052.png,0,0,2,koclip_ft
10525,healthstagram_0052.png,0,0,2,koclip_ft
10526,healthstagram_0052.png,0,0,2,koclip_ft
10527,healthstagram_0052.png,0,0,2,koclip_ft
10528,healthstagram_0052.png,0,0,2,koclip_ft
10529,healthstagram_0052.png,1,0,2,koclip_ft
10530,healthstagram_0052.png,0,2,2,koclip_ft
10531,healthstagram_0052.png,3,3,2,koclip_ft
10594,healthstagram_0067.png,2,2,2,koclip_ft
10595,healthstagram_0067.png,1,1,2,koclip_ft
10596,healthstagram_0067.png,1,0,2,koclip_ft
10597,healthstagram_0067.png,4,4,2,koclip_ft
10598,healthstagram_0067.png,4,4,2,koclip_ft
10599,healthstagram_0067.png,4,0,2,koclip_ft
10600,healthstagram_0067.png,0,0,2,koclip_ft
10601,healthstagram_0067.png,4,4,2,koclip_ft
10602,healthstagram_0067.png,3,2,2,koclip_ft
10603,healthstagram_0067.png,4,4,2,koclip_ft
10604,healthstagram_0067.png,3,4,2,koclip_ft
10605,healthstagram_0067.png,4,4,2,koclip_ft
10606,healthstagram_0067.png,4,4,2,koclip_ft
10607,healthstagram_0067.png,4,3,2,koclip_ft
10608,healthstagram_0067.png,3,3,2,koclip_ft
10609,healthstagram_0067.png,2,2,2,koclip_ft
10610,healthstagram_0067.png,2,2,2,koclip_ft
10611,healthstagram_0067.png,4,4,2,koclip_ft
10612,healthstagram_0067.png,4,2,2,koclip_ft
10613,healthstagram_0067.png,4,3,2,koclip_ft
10614,healthstagram_0067.png,4,4,2,koclip_ft
10615,healthstagram_0067.png,3,3,2,koclip_ft
10616,healthstagram_0067.png,4,4,2,koclip_ft
10617,healthstagram_0067.png,3,3,2,koclip_ft
10618,healthstagram_0067.png,4,4,2,koclip_ft
10619,healthstagram_0067.png,2,2,2,koclip_ft
10646,healthstagram_0082.png,3,3,2,koclip_ft
10650,healthstagram_0085.png,2,2,2,koclip_ft
10651,healthstagram_0085.png,1,0,2,koclip_ft
10652,healthstagram_0085.png,4,3,2,koclip_ft
10653,healthstagram_0085.png,4,4,2,koclip_ft
10654,healthstagram_0085.png,0,0,2,koclip_ft
10655,healthstagram_0085.png,0,0,2,koclip_ft
10656,healthstagram_0085.png,0,0,2,koclip_ft
10657,healthstagram_0085.png,1,1,2,koclip_ft
10658,healthstagram_0085.png,1,1,2,koclip_ft
10659,healthstagram_0085.png,2,3,2,koclip_ft
10660,healthstagram_0085.png,1,0,2,koclip_ft
10661,healthstagram_0085.png,1,1,2,koclip_ft
10662,healthstagram_0085.png,1,0,2,koclip_ft
10663,healthstagram_0085.png,1,4,2,koclip_ft
10664,healthstagram_0085.png,1,1,2,koclip_ft
10665,healthstagram_0085.png,3,3,2,koclip_ft
10666,healthstagram_0085.png,1,0,2,koclip_ft
10667,healthstagram_0085.png,1,2,2,koclip_ft
10668,healthstagram_0085.png,1,4,2,koclip_ft
10669,healthstagram_0085.png,1,0,2,koclip_ft
10670,healthstagram_0085.png,1,2,2,koclip_ft
10671,healthstagram_0085.png,1,1,2,koclip_ft
10672,healthstagram_0085.png,1,2,2,koclip_ft
10673,healthstagram_0085.png,1,4,2,koclip_ft
10674,healthstagram_0085.png,1,1,2,koclip_ft
10675,healthstagram_0085.png,1,0,2,koclip_ft
10676,healthstagram_0085.png,3,4,2,koclip_ft
10677,healthstagram_0085.png,1,3,2,koclip_ft
10678,healthstagram_0085.png,3,3,2,koclip_ft
10691,healthstagram_0088.png,0,0,2,koclip_ft
10692,healthstagram_0088.png,4,1,2,koclip_ft
10693,healthstagram_0088.png,0,0,2,koclip_ft
10694,healthstagram_0088.png,3,1,2,koclip_ft
10695,healthstagram_0088.png,2,4,2,koclip_ft
10696,healthstagram_0088.png,1,1,2,koclip_ft
10758,healthstagram_0094.png,3,3,2,koclip_ft
10759,healthstagram_0094.png,4,4,2,koclip_ft
10760,healthstagram_0094.png,3,3,2,koclip_ft
10761,healthstagram_0094.png,0,0,2,koclip_ft
10762,healthstagram_0094.png,4,4,2,koclip_ft
10783,ounwan_0002.png,4,2,2,koclip_ft
10784,ounwan_0002.png,4,2,2,koclip_ft
10785,ounwan_0002.png,3,3,2,koclip_ft
10786,ounwan_0002.png,1,1,2,koclip_ft
10787,ounwan_0002.png,1,2,2,koclip_ft
10788,ounwan_0002.png,0,0,2,koclip_ft
10789,ounwan_0002.png,4,3,2,koclip_ft
10818,ounwan_0009.png,4,2,2,koclip_ft
10819,ounwan_0009.png,1,1,2,koclip_ft
10820,ounwan_0009.png,1,0,2,koclip_ft
10821,ounwan_0009.png,3,3,2,koclip_ft
10847,ounwan_0012.png,1,4,2,koclip_ft
10848,ounwan_0012.png,4,2,2,koclip_ft
10849,ounwan_0012.png,3,3,2,koclip_ft
10850,ounwan_0012.png,2,2,2,koclip_ft
10851,ounwan_0013.png,3,3,2,koclip_ft
10898,ounwan_0017.png,3,3,2,koclip_ft
10899,ounwan_0017.png,1,4,2,koclip_ft
10900,ounwan_0017.png,2,4,2,koclip_ft
10901,ounwan_0017.png,4,2,2,koclip_ft
10902,ounwan_0017.png,3,2,2,koclip_ft
10914,ounwan_0020.png,4,4,2,koclip_ft
10915,ounwan_0020.png,4,4,2,koclip_ft
10916,ounwan_0020.png,1,2,2,koclip_ft
10917,ounwan_0020.png,1,0,2,koclip_ft
10918,ounwan_0020.png,4,0,2,koclip_ft
10919,ounwan_0020.png,4,3,2,koclip_ft
10920,ounwan_0020.png,0,4,2,koclip_ft
10921,ounwan_0020.png,1,2,2,koclip_ft
10922,ounwan_0020.png,1,4,2,koclip_ft
10923,ounwan_0020.png,1,4,2,koclip_ft
10924,ounwan_0020.png,2,3,2,koclip_ft
10925,ounwan_0020.png,0,4,2,koclip_ft
10926,ounwan_0020.png,2,2,2,koclip_ft
10927,ounwan_0020.png,2,2,2,koclip_ft
10928,ounwan_0020.png,2,2,2,koclip_ft
10929,ounwan_0020.png,4,4,2,koclip_ft
10930,ounwan_0020.png,2,2,2,koclip_ft
10931,ounwan_0020.png,1,2,2,koclip_ft
10932,ounwan_0020.png,0,0,2,koclip_ft
10933,ounwan_0020.png,0,1,2,koclip_ft
10934,ounwan_0020.png,1,1,2,koclip_ft
10935,ounwan_0020.png,1,1,2,koclip_ft
10937,ounwan_0024.png,3,3,2,koclip_ft
10968,ounwan_0035.png,4,4,2,koclip_ft
10969,ounwan_0035.png,2,1,2,koclip_ft
10970,ounwan_0035.png,4,3,2,koclip_ft
11003,ounwan_0039.png,4,4,2,koclip_ft
11186,ounwan_0067.png,4,4,2,koclip_ft
11187,ounwan_0067.png,3,2,2,koclip_ft
11188,ounwan_0067.png,2,2,2,koclip_ft
11189,ounwan_0067.png,2,2,2,koclip_ft
11190,ounwan_0067.png,4,0,2,koclip_ft
11191,ounwan_0067.png,1,0,2,koclip_ft
11192,ounwan_0067.png,3,3,2,koclip_ft
11193,ounwan_0067.png,2,2,2,koclip_ft
11194,ounwan_0067.png,2,2,2,koclip_ft
11195,ounwan_0067.png,3,2,2,koclip_ft
11196,ounwan_0068.png,3,3,2,koclip_ft
11280,ounwan_0080.png,4,4,2,koclip_ft
11281,ounwan_0080.png,4,4,2,koclip_ft
11282,ounwan_0080.png,1,4,2,koclip_ft
11283,ounwan_0080.png,2,4,2,koclip_ft
11284,ounwan_0080.png,2,4,2,koclip_ft
11285,ounwan_0080.png,1,4,2,koclip_ft
11286,ounwan_0080.png,1,4,2,koclip_ft
11287,ounwan_0080.png,1,3,2,koclip_ft
11288,ounwan_0080.png,3,2,2,koclip_ft
11289,ounwan_0080.png,1,2,2,koclip_ft
11290,ounwan_0080.png,2,2,2,koclip_ft
11291,ounwan_0080.png,1,3,2,koclip_ft
11292,ounwan_0080.png,2,4,2,koclip_ft
11293,ounwan_0080.png,1,4,2,koclip_ft
11294,ounwan_0080.png,1,1,2,koclip_ft
11295,ounwan_0080.png,1,0,2,koclip_ft
11296,ounwan_0080.png,1,2,2,koclip_ft
11297,ounwan_0080.png,1,4,2,koclip_ft
11307,ounwan_0085.png,3,1,2,koclip_ft
11308,ounwan_0085.png,4,1,2,koclip_ft
11309,ounwan_0085.png,4,4,2,koclip_ft
11310,ounwan_0085.png,3,3,2,koclip_ft
11311,ounwan_0085.png,4,1,2,koclip_ft
11312,ounwan_0085.png,4,2,2,koclip_ft
11354,ounwan_0090.png,3,3,2,koclip_ft
11380,ounwan_0096.png,4,3,2,koclip_ft
11381,ounwan_0096.png,3,3,2,koclip_ft
11382,ounwan_0096.png,4,1,2,koclip_ft
11383,ounwan_0096.png,4,3,2,koclip_ft
11384,ounwan_0096.png,1,0,2,koclip_ft
11385,ounwan_0096.png,4,4,2,koclip_ft
11386,ounwan_0099.png,1,1,2,koclip_ft
11387,ounwan_0099.png,3,3,2,koclip_ft
11388,ounwan_0099.png,3,2,2,koclip_ft
11389,ounwan_0099.png,1,3,2,koclip_ft
11390,ounwan_0099.png,2,4,2,koclip_ft
11391,ounwan_0099.png,2,4,2,koclip_ft
11392,ounwan_0099.png,2,2,2,koclip_ft
11393,ounwan_0099.png,1,0,2,koclip_ft
11394,ounwan_0099.png,2,0,2,koclip_ft
11395,ounwan_0099.png,2,4,2,koclip_ft
11396,ounwan_0099.png,2,4,2,koclip_ft
11397,ounwan_0099.png,2,2,2,koclip_ft
11398,ounwan_0099.png,3,3,2,koclip_ft
11406,dietfood_0002.png,4,4,2,koclip_ft
11407,dietfood_0002.png,4,2,2,koclip_ft
11408,dietfood_0002.png,4,3,2,koclip_ft
11409,dietfood_0002.png,4,4,2,koclip_ft
11410,dietfood_0002.png,4,4,2,koclip_ft
11411,dietfood_0004.png,4,0,2,koclip_ft
11412,dietfood_0004.png,4,3,2,koclip_ft
11413,dietfood_0004.png,4,3,2,koclip_ft
11414,dietfood_0004.png,3,4,2,koclip_ft
11415,dietfood_0004.png,3,4,2,koclip_ft
11416,dietfood_0004.png,3,2,2,koclip_ft
11417,dietfood_0004.png,4,4,2,koclip_ft
11418,dietfood_0004.png,3,2,2,koclip_ft
11419,dietfood_0004.png,3,2,2,koclip_ft
11420,dietfood_0004.png,4,1,2,koclip_ft
11421,dietfood_0004.png,3,3,2,koclip_ft
11422,dietfood_0004.png,2,2,2,koclip_ft
11423,dietfood_0004.png,1,0,2,koclip_ft
11424,dietfood_0004.png,2,2,2,koclip_ft
11425,dietfood_0004.png,4,3,2,koclip_ft
11426,dietfood_0004.png,3,1,2,koclip_ft
11427,dietfood_0004.png,4,2,2,koclip_ft
11428,dietfood_0005.png,4,3,2,koclip_ft
11429,dietfood_0005.png,4,2,2,koclip_ft
11430,dietfood_0005.png,3,4,2,koclip_ft
11431,dietfood_0005.png,4,4,2,koclip_ft
11432,dietfood_0005.png,2,2,2,koclip_ft
11433,dietfood_0005.png,2,2,2,koclip_ft
11434,dietfood_0005.png,3,3,2,koclip_ft
11440,dietfood_0007.png,1,0,2,koclip_ft
11441,dietfood_0007.png,3,4,2,koclip_ft
11442,dietfood_0007.png,1,2,2,koclip_ft
11443,dietfood_0007.png,2,3,2,koclip_ft
11444,dietfood_0007.png,1,4,2,koclip_ft
11477,dietfood_0015.png,0,2,2,koclip_ft
11478,dietfood_0015.png,0,4,2,koclip_ft
11479,dietfood_0015.png,0,3,2,koclip_ft
11480,dietfood_0015.png,0,4,2,koclip_ft
11481,dietfood_0015.png,0,4,2,koclip_ft
11482,dietfood_0015.png,0,4,2,koclip_ft
11497,dietfood_0019.png,4,4,2,koclip_ft
11498,dietfood_0019.png,3,3,2,koclip_ft
11499,dietfood_0019.png,4,4,2,koclip_ft
11500,dietfood_0019.png,4,4,2,koclip_ft
11501,dietfood_0019.png,2,2,2,koclip_ft
11549,dietfood_0027.png,0,4,2,koclip_ft
11550,dietfood_0027.png,0,4,2,koclip_ft
11551,dietfood_0027.png,0,2,2,koclip_ft
11552,dietfood_0027.png,0,4,2,koclip_ft
11553,dietfood_0027.png,0,4,2,koclip_ft
11554,dietfood_0027.png,0,3,2,koclip_ft
11555,dietfood_0027.png,0,0,2,koclip_ft
11556,dietfood_0027.png,0,4,2,koclip_ft
11557,dietfood_0027.png,0,4,2,koclip_ft
11558,dietfood_0027.png,0,2,2,koclip_ft
11559,dietfood_0027.png,0,3,2,koclip_ft
11560,dietfood_0027.png,0,0,2,koclip_ft
11561,dietfood_0027.png,0,3,2,koclip_ft
11562,dietfood_0027.png,0,3,2,koclip_ft
11563,dietfood_0027.png,1,3,2,koclip_ft
11564,dietfood_0028.png,3,2,2,koclip_ft
11565,dietfood_0028.png,3,1,2,koclip_ft
11566,dietfood_0028.png,1,3,2,koclip_ft
11577,dietfood_0032.png,4,4,2,koclip_ft
11578,dietfood_0032.png,3,4,2,koclip_ft
11579,dietfood_0032.png,4,3,2,koclip_ft
11580,dietfood_0032.png,3,4,2,koclip_ft
11581,dietfood_0032.png,2,2,2,koclip_ft
11592,dietfood_0034.png,2,2,2,koclip_ft
11593,dietfood_0034.png,4,3,2,koclip_ft
11594,dietfood_0034.png,4,3,2,koclip_ft
11595,dietfood_0034.png,2,4,2,koclip_ft
11596,dietfood_0034.png,4,4,2,koclip_ft
11597,dietfood_0035.png,4,0,2,koclip_ft
11598,dietfood_0035.png,3,0,2,koclip_ft
11599,dietfood_0035.png,2,4,2,koclip_ft
11600,dietfood_0035.png,4,4,2,koclip_ft
11601,dietfood_0035.png,4,4,2,koclip_ft
11602,dietfood_0035.png,3,4,2,koclip_ft
11603,dietfood_0035.png,3,3,2,koclip_ft
11604,dietfood_0035.png,4,4,2,koclip_ft
11605,dietfood_0035.png,3,2,2,koclip_ft
11606,dietfood_0035.png,3,3,2,koclip_ft
11607,dietfood_0035.png,4,3,2,koclip_ft
11608,dietfood_0035.png,4,4,2,koclip_ft
11609,dietfood_0035.png,3,2,2,koclip_ft
11610,dietfood_0035.png,1,4,2,koclip_ft
11611,dietfood_0035.png,3,4,2,koclip_ft
11612,dietfood_0035.png,1,3,2,koclip_ft
11613,dietfood_0035.png,3,3,2,koclip_ft
11614,dietfood_0035.png,2,3,2,koclip_ft
11655,dietfood_0047.png,0,4,2,koclip_ft
11656,dietfood_0047.png,0,4,2,koclip_ft
11657,dietfood_0047.png,0,4,2,koclip_ft
11658,dietfood_0047.png,0,4,2,koclip_ft
11659,dietfood_0047.png,0,0,2,koclip_ft
11660,dietfood_0049.png,3,3,2,koclip_ft
11661,dietfood_0049.png,4,4,2,koclip_ft
11662,dietfood_0049.png,4,3,2,koclip_ft
11663,dietfood_0050.png,2,3,2,koclip_ft
11664,dietfood_0050.png,2,3,2,koclip_ft
11665,dietfood_0050.png,1,2,2,koclip_ft
11666,dietfood_0050.png,4,2,2,koclip_ft
11667,dietfood_0050.png,4,2,2,koclip_ft
11668,dietfood_0050.png,3,2,2,koclip_ft
11669,dietfood_0050.png,3,2,2,koclip_ft
11670,dietfood_0050.png,4,4,2,koclip_ft
11671,dietfood_0050.png,3,4,2,koclip_ft
11672,dietfood_0050.png,4,4,2,koclip_ft
11673,dietfood_0050.png,3,3,2,koclip_ft
11674,dietfood_0050.png,3,3,2,koclip_ft
11696,dietfood_0054.png,4,4,2,koclip_ft
11697,dietfood_0054.png,2,4,2,koclip_ft
11698,dietfood_0054.png,1,4,2,koclip_ft
11699,dietfood_0054.png,4,2,2,koclip_ft
11700,dietfood_0054.png,2,2,2,koclip_ft
11706,dietfood_0056.png,4,4,2,koclip_ft
11707,dietfood_0056.png,4,2,2,koclip_ft
11708,dietfood_0056.png,3,4,2,koclip_ft
11709,dietfood_0056.png,2,3,2,koclip_ft
11710,dietfood_0056.png,4,4,2,koclip_ft
11731,dietfood_0060.png,4,4,2,koclip_ft
11732,dietfood_0060.png,4,4,2,koclip_ft
11733,dietfood_0060.png,2,2,2,koclip_ft
11734,dietfood_0060.png,4,3,2,koclip_ft
11735,dietfood_0060.png,4,4,2,koclip_ft
11736,dietfood_0060.png,3,2,2,koclip_ft
11737,dietfood_0060.png,2,3,2,koclip_ft
11916,dietfood_0086.png,3,4,2,koclip_ft
11917,dietfood_0086.png,1,4,2,koclip_ft
11918,dietfood_0086.png,4,4,2,koclip_ft
11919,dietfood_0086.png,1,4,2,koclip_ft
11920,dietfood_0086.png,3,3,2,koclip_ft
11921,dietfood_0086.png,2,3,2,koclip_ft
11922,dietfood_0086.png,1,4,2,koclip_ft
11923,dietfood_0086.png,3,3,2,koclip_ft
11984,dietfood_0096.png,4,3,2,koclip_ft
11985,dietfood_0096.png,3,4,2,koclip_ft
11986,dietfood_0096.png,3,2,2,koclip_ft
11987,dietfood_0096.png,3,4,2,koclip_ft
11988,dietfood_0096.png,3,3,2,koclip_ft
12000,dietfood_0098.png,3,2,2,koclip_ft
12001,dietfood_0098.png,3,3,2,koclip_ft
12002,dietfood_0098.png,3,3,2,koclip_ft
12003,dietfood_0098.png,2,2,2,koclip_ft
12004,dietfood_0098.png,3,4,2,koclip_ft
6,ai_0003.png,4,4,3,koclip_ft
7,ai_0003.png,3,4,3,koclip_ft
8,ai_0004.png,3,1,3,koclip_ft
9,ai_0004.png,3,3,3,koclip_ft
10,ai_0004.png,2,2,3,koclip_ft
11,ai_0004.png,3,1,3,koclip_ft
12,ai_0004.png,2,2,3,koclip_ft
13,ai_0004.png,4,4,3,koclip_ft
14,ai_0004.png,4,4,3,koclip_ft
21,ai_0008.png,4,1,3,koclip_ft
22,ai_0008.png,1,1,3,koclip_ft
23,ai_0008.png,1,0,3,koclip_ft
24,ai_0008.png,1,2,3,koclip_ft
25,ai_0008.png,2,3,3,koclip_ft
26,ai_0008.png,2,2,3,koclip_ft
27,ai_0008.png,1,3,3,koclip_ft
28,ai_0008.png,3,2,3,koclip_ft
29,ai_0008.png,4,0,3,koclip_ft
30,ai_0008.png,4,4,3,koclip_ft
31,ai_0008.png,2,2,3,koclip_ft
32,ai_0008.png,1,1,3,koclip_ft
33,ai_0008.png,1,1,3,koclip_ft
187,ai_0019.png,4,4,3,koclip_ft
188,ai_0019.png,4,3,3,koclip_ft
189,ai_0019.png,2,3,3,koclip_ft
190,ai_0019.png,1,4,3,koclip_ft
191,ai_0019.png,1,2,3,koclip_ft
192,ai_0019.png,1,3,3,koclip_ft
193,ai_0019.png,2,2,3,koclip_ft
194,ai_0019.png,3,1,3,koclip_ft
195,ai_0019.png,3,1,3,koclip_ft
196,ai_0019.png,1,4,3,koclip_ft
197,ai_0019.png,2,2,3,koclip_ft
198,ai_0019.png,1,1,3,koclip_ft
199,ai_0019.png,2,3,3,koclip_ft
200,ai_0019.png,3,0,3,koclip_ft
201,ai_0019.png,3,1,3,koclip_ft
202,ai_0019.png,3,1,3,koclip_ft
203,ai_0019.png,3,1,3,koclip_ft
204,ai_0019.png,3,1,3,koclip_ft
205,ai_0019.png,2,4,3,koclip_ft
206,ai_0019.png,2,0,3,koclip_ft
207,ai_0019.png,0,4,3,koclip_ft
208,ai_0019.png,1,3,3,koclip_ft
209,ai_0019.png,0,0,3,koclip_ft
210,ai_0019.png,1,1,3,koclip_ft
211,ai_0019.png,4,4,3,koclip_ft
212,ai_0019.png,1,4,3,koclip_ft
213,ai_0019.png,3,4,3,koclip_ft
237,domesticTravel_0004.png,4,4,3,koclip_ft
238,domesticTravel_0004.png,3,3,3,koclip_ft
239,domesticTravel_0004.png,4,4,3,koclip_ft
240,domesticTravel_0004.png,4,0,3,koclip_ft
241,domesticTravel_0004.png,3,4,3,koclip_ft
242,domesticTravel_0004.png,3,3,3,koclip_ft
243,domesticTravel_0004.png,3,3,3,koclip_ft
244,domesticTravel_0004.png,2,2,3,koclip_ft
245,domesticTravel_0004.png,2,3,3,koclip_ft
246,domesticTravel_0004.png,2,2,3,koclip_ft
247,domesticTravel_0004.png,0,4,3,koclip_ft
248,domesticTravel_0004.png,1,4,3,koclip_ft
249,domesticTravel_0004.png,4,4,3,koclip_ft
250,domesticTravel_0004.png,1,4,3,koclip_ft
251,domesticTravel_0004.png,2,2,3,koclip_ft
252,domesticTravel_0004.png,2,2,3,koclip_ft
253,domesticTravel_0004.png,3,1,3,koclip_ft
254,domesticTravel_0004.png,3,1,3,koclip_ft
255,domesticTravel_0004.png,2,2,3,koclip_ft
256,domesticTravel_0004.png,3,3,3,koclip_ft
266,domesticTravel_0010.png,3,3,3,koclip_ft
267,domesticTravel_0010.png,4,2,3,koclip_ft
268,domesticTravel_0010.png,4,4,3,koclip_ft
269,domesticTravel_0010.png,4,3,3,koclip_ft
270,domesticTravel_0010.png,3,3,3,koclip_ft
271,domesticTravel_0010.png,2,2,3,koclip_ft
272,domesticTravel_0010.png,3,3,3,koclip_ft
273,domesticTravel_0010.png,4,4,3,koclip_ft
274,domesticTravel_0010.png,4,1,3,koclip_ft
275,domesticTravel_0010.png,4,4,3,koclip_ft
276,domesticTravel_0010.png,1,1,3,koclip_ft
277,domesticTravel_0010.png,2,2,3,koclip_ft
278,domesticTravel_0010.png,0,1,3,koclip_ft
289,domesticTravel_0013.png,4,1,3,koclip_ft
378,fall_0007.png,4,0,3,koclip_ft
379,fall_0007.png,4,4,3,koclip_ft
380,fall_0007.png,3,1,3,koclip_ft
381,fall_0007.png,3,1,3,koclip_ft
382,fall_0007.png,4,4,3,koclip_ft
383,fall_0007.png,4,4,3,koclip_ft
384,fall_0007.png,4,4,3,koclip_ft
385,fall_0007.png,4,4,3,koclip_ft
386,fall_0007.png,4,1,3,koclip_ft
387,fall_0007.png,4,0,3,koclip_ft
388,fall_0007.png,4,4,3,koclip_ft
389,fall_0007.png,4,4,3,koclip_ft
390,fall_0007.png,4,3,3,koclip_ft
391,fall_0007.png,1,0,3,koclip_ft
392,fall_0007.png,1,0,3,koclip_ft
393,fall_0007.png,1,4,3,koclip_ft
394,fall_0007.png,0,1,3,koclip_ft
395,fall_0007.png,0,1,3,koclip_ft
396,fall_0007.png,1,4,3,koclip_ft
397,fall_0007.png,1,1,3,koclip_ft
398,fall_0007.png,1,1,3,koclip_ft
399,fall_0007.png,1,1,3,koclip_ft
400,fall_0007.png,1,0,3,koclip_ft
401,fall_0007.png,0,1,3,koclip_ft
402,fall_0007.png,0,0,3,koclip_ft
403,fall_0007.png,0,0,3,koclip_ft
404,fall_0007.png,1,0,3,koclip_ft
405,fall_0007.png,1,0,3,koclip_ft
406,fall_0007.png,2,2,3,koclip_ft
407,fall_0007.png,3,1,3,koclip_ft
408,fall_0008.png,4,0,3,koclip_ft
409,fall_0008.png,4,4,3,koclip_ft
410,fall_0008.png,4,0,3,koclip_ft
411,fall_0008.png,1,4,3,koclip_ft
609,fashion_0006.png,4,0,3,koclip_ft
610,fashion_0006.png,1,3,3,koclip_ft
611,fashion_0006.png,1,3,3,koclip_ft
612,fashion_0006.png,1,1,3,koclip_ft
613,fashion_0006.png,0,0,3,koclip_ft
614,fashion_0006.png,4,4,3,koclip_ft
615,fashion_0006.png,4,1,3,koclip_ft
616,fashion_0006.png,3,0,3,koclip_ft
617,fashion_0006.png,2,2,3,koclip_ft
618,fashion_0006.png,2,4,3,koclip_ft
619,fashion_0006.png,2,4,3,koclip_ft
620,fashion_0006.png,2,4,3,koclip_ft
621,fashion_0006.png,3,3,3,koclip_ft
622,fashion_0006.png,2,2,3,koclip_ft
623,fashion_0006.png,0,0,3,koclip_ft
624,fashion_0006.png,3,3,3,koclip_ft
625,fashion_0006.png,1,1,3,koclip_ft
626,fashion_0006.png,2,2,3,koclip_ft
627,fashion_0006.png,4,4,3,koclip_ft
628,fashion_0006.png,4,4,3,koclip_ft
629,fashion_0006.png,1,0,3,koclip_ft
630,fashion_0006.png,0,0,3,koclip_ft
631,fashion_0006.png,0,0,3,koclip_ft
632,fashion_0006.png,0,3,3,koclip_ft
633,fashion_0015.png,4,3,3,koclip_ft
634,fashion_0015.png,4,4,3,koclip_ft
635,fashion_0015.png,3,3,3,koclip_ft
636,fashion_0015.png,4,2,3,koclip_ft
637,fashion_0015.png,4,2,3,koclip_ft
638,fashion_0015.png,4,0,3,koclip_ft
639,fashion_0015.png,3,3,3,koclip_ft
640,fashion_0015.png,3,3,3,koclip_ft
641,fashion_0015.png,3,4,3,koclip_ft
642,fashion_0015.png,3,4,3,koclip_ft
643,fashion_0015.png,2,4,3,koclip_ft
644,fashion_0015.png,4,4,3,koclip_ft
645,fashion_0015.png,4,0,3,koclip_ft
646,fashion_0015.png,3,2,3,koclip_ft
647,fashion_0015.png,3,0,3,koclip_ft
648,fashion_0015.png,1,1,3,koclip_ft
649,fashion_0015.png,4,4,3,koclip_ft
650,fashion_0015.png,4,4,3,koclip_ft
651,fashion_0015.png,3,4,3,koclip_ft
652,fashion_0015.png,1,3,3,koclip_ft
653,fashion_0015.png,4,4,3,koclip_ft
654,fashion_0015.png,4,4,3,koclip_ft
655,fashion_0015.png,1,0,3,koclip_ft
656,fashion_0015.png,4,2,3,koclip_ft
657,fashion_0015.png,3,0,3,koclip_ft
658,fashion_0015.png,4,2,3,koclip_ft
659,fashion_0015.png,3,2,3,koclip_ft
660,fashion_0015.png,3,0,3,koclip_ft
661,fashion_0015.png,4,3,3,koclip_ft
662,fashion_0015.png,3,4,3,koclip_ft
763,movie_0008.png,1,0,3,koclip_ft
764,movie_0008.png,3,2,3,koclip_ft
765,movie_0008.png,3,1,3,koclip_ft
766,movie_0008.png,3,4,3,koclip_ft
767,movie_0008.png,3,2,3,koclip_ft
768,movie_0008.png,1,2,3,koclip_ft
769,movie_0008.png,3,4,3,koclip_ft
770,movie_0008.png,3,0,3,koclip_ft
771,movie_0008.png,3,3,3,koclip_ft
772,movie_0008.png,3,0,3,koclip_ft
773,movie_0008.png,2,2,3,koclip_ft
774,movie_0008.png,2,2,3,koclip_ft
775,movie_0008.png,3,1,3,koclip_ft
776,movie_0008.png,3,4,3,koclip_ft
777,movie_0008.png,1,1,3,koclip_ft
778,movie_0008.png,0,3,3,koclip_ft
779,movie_0008.png,1,1,3,koclip_ft
780,movie_0008.png,0,3,3,koclip_ft
781,movie_0008.png,1,4,3,koclip_ft
850,movie_0017.png,1,2,3,koclip_ft
851,movie_0017.png,1,1,3,koclip_ft
852,movie_0017.png,0,4,3,koclip_ft
853,movie_0017.png,1,0,3,koclip_ft
854,movie_0017.png,0,0,3,koclip_ft
855,movie_0017.png,2,1,3,koclip_ft
856,movie_0017.png,2,2,3,koclip_ft
857,movie_0017.png,1,4,3,koclip_ft
858,movie_0017.png,2,2,3,koclip_ft
859,movie_0017.png,0,0,3,koclip_ft
860,movie_0017.png,1,2,3,koclip_ft
861,movie_0017.png,0,2,3,koclip_ft
862,movie_0017.png,2,2,3,koclip_ft
863,movie_0017.png,1,2,3,koclip_ft
864,movie_0017.png,2,2,3,koclip_ft
865,movie_0017.png,3,1,3,koclip_ft
866,movie_0017.png,2,2,3,koclip_ft
867,movie_0017.png,3,2,3,koclip_ft
868,movie_0017.png,4,1,3,koclip_ft
869,movie_0017.png,2,3,3,koclip_ft
870,movie_0017.png,4,2,3,koclip_ft
871,movie_0017.png,2,2,3,koclip_ft
872,movie_0017.png,1,1,3,koclip_ft
873,movie_0017.png,4,2,3,koclip_ft
948,olive_0006.png,4,1,3,koclip_ft
949,olive_0006.png,4,2,3,koclip_ft
950,olive_0006.png,4,4,3,koclip_ft
951,olive_0006.png,4,1,3,koclip_ft
952,olive_0006.png,4,2,3,koclip_ft
953,olive_0006.png,4,1,3,koclip_ft
954,olive_0006.png,3,4,3,koclip_ft
955,olive_0006.png,1,4,3,koclip_ft
956,olive_0006.png,1,1,3,koclip_ft
957,olive_0006.png,1,3,3,koclip_ft
958,olive_0006.png,1,1,3,koclip_ft
959,olive_0006.png,1,2,3,koclip_ft
960,olive_0006.png,2,2,3,koclip_ft
961,olive_0006.png,1,4,3,koclip_ft
1062,olive_0018.png,4,1,3,koclip_ft
1063,olive_0018.png,4,2,3,koclip_ft
1064,olive_0018.png,3,1,3,koclip_ft
1065,olive_0018.png,3,1,3,koclip_ft
1066,olive_0018.png,4,1,3,koclip_ft
1067,olive_0018.png,4,2,3,koclip_ft
1144,restaurant_0003.png,4,1,3,koclip_ft
1145,restaurant_0003.png,2,3,3,koclip_ft
1146,restaurant_0003.png,3,3,3,koclip_ft
1147,restaurant_0003.png,4,4,3,koclip_ft
1148,restaurant_0003.png,4,2,3,koclip_ft
1149,restaurant_0003.png,4,4,3,koclip_ft
1150,restaurant_0003.png,4,0,3,koclip_ft
1151,restaurant_0003.png,2,2,3,koclip_ft
1152,restaurant_0003.png,3,3,3,koclip_ft
1153,restaurant_0003.png,4,4,3,koclip_ft
1154,restaurant_0003.png,4,0,3,koclip_ft
1155,restaurant_0003.png,4,0,3,koclip_ft
1156,restaurant_0003.png,4,4,3,koclip_ft
1157,restaurant_0003.png,3,3,3,koclip_ft
1158,restaurant_0003.png,4,3,3,koclip_ft
1159,restaurant_0003.png,2,3,3,koclip_ft
1160,restaurant_0003.png,0,1,3,koclip_ft
1352,zerokal_0003.png,4,0,3,koclip_ft
1353,zerokal_0003.png,3,4,3,koclip_ft
1354,zerokal_0003.png,3,3,3,koclip_ft
1355,zerokal_0003.png,2,3,3,koclip_ft
1408,zerokal_0007.png,2,0,3,koclip_ft
1409,zerokal_0007.png,3,1,3,koclip_ft
1410,zerokal_0007.png,1,0,3,koclip_ft
1411,zerokal_0007.png,4,3,3,koclip_ft
1412,zerokal_0007.png,3,1,3,koclip_ft
1413,zerokal_0007.png,3,4,3,koclip_ft
1414,zerokal_0007.png,3,2,3,koclip_ft
1437,zerokal_0011.png,0,1,3,koclip_ft
1438,zerokal_0011.png,4,3,3,koclip_ft
1439,zerokal_0011.png,3,2,3,koclip_ft
1440,zerokal_0011.png,2,2,3,koclip_ft
1441,zerokal_0011.png,4,3,3,koclip_ft
1442,zerokal_0011.png,1,4,3,koclip_ft
1443,zerokal_0011.png,1,0,3,koclip_ft
1444,zerokal_0011.png,2,3,3,koclip_ft
1445,zerokal_0011.png,2,4,3,koclip_ft
1446,zerokal_0011.png,3,1,3,koclip_ft
1500,zerokal_0019.png,4,1,3,koclip_ft
1501,zerokal_0019.png,4,4,3,koclip_ft
1502,zerokal_0019.png,4,4,3,koclip_ft
1503,zerokal_0019.png,1,1,3,koclip_ft
1504,zerokal_0019.png,4,4,3,koclip_ft
1505,zerokal_0019.png,1,3,3,koclip_ft
1506,zerokal_0019.png,1,1,3,koclip_ft
1507,zerokal_0019.png,1,1,3,koclip_ft
1508,zerokal_0019.png,0,1,3,koclip_ft
1509,zerokal_0019.png,4,3,3,koclip_ft
1510,zerokal_0019.png,3,3,3,koclip_ft
1511,zerokal_0019.png,1,1,3,koclip_ft
1512,zerokal_0019.png,0,0,3,koclip_ft
1634,travelgram_0031.png,4,0,3,koclip_ft
1635,travelgram_0031.png,4,4,3,koclip_ft
1636,travelgram_0031.png,3,2,3,koclip_ft
1637,travelgram_0031.png,3,3,3,koclip_ft
1638,travelgram_0031.png,4,3,3,koclip_ft
1643,travelgram_0036.png,4,3,3,koclip_ft
1644,travelgram_0036.png,4,3,3,koclip_ft
1645,travelgram_0036.png,4,3,3,koclip_ft
1646,travelgram_0036.png,3,3,3,koclip_ft
1647,travelgram_0036.png,3,3,3,koclip_ft
1672,travelgram_0047.png,2,2,3,koclip_ft
1673,travelgram_0047.png,4,3,3,koclip_ft
1674,travelgram_0047.png,1,2,3,koclip_ft
1675,travelgram_0047.png,3,3,3,koclip_ft
1676,travelgram_0047.png,3,2,3,koclip_ft
1677,travelgram_0049.png,1,0,3,koclip_ft
1678,travelgram_0049.png,2,0,3,koclip_ft
1679,travelgram_0049.png,0,0,3,koclip_ft
1680,travelgram_0049.png,0,0,3,koclip_ft
1681,travelgram_0049.png,2,1,3,koclip_ft
1691,travelgram_0053.png,2,3,3,koclip_ft
1695,travelgram_0055.png,4,2,3,koclip_ft
1696,travelgram_0055.png,4,2,3,koclip_ft
1697,travelgram_0055.png,3,3,3,koclip_ft
1698,travelgram_0055.png,3,3,3,koclip_ft
1699,travelgram_0055.png,3,3,3,koclip_ft
1732,travelgram_0058.png,4,3,3,koclip_ft
1733,travelgram_0058.png,4,4,3,koclip_ft
1734,travelgram_0058.png,1,1,3,koclip_ft
1735,travelgram_0058.png,1,1,3,koclip_ft
1736,travelgram_0058.png,3,2,3,koclip_ft
1848,travelgram_0087.png,2,2,3,koclip_ft
1881,solotravel_0006.png,4,4,3,koclip_ft
1882,solotravel_0006.png,3,3,3,koclip_ft
1883,solotravel_0006.png,4,3,3,koclip_ft
1927,solotravel_0022.png,1,4,3,koclip_ft
1928,solotravel_0022.png,1,2,3,koclip_ft
1929,solotravel_0022.png,2,3,3,koclip_ft
1930,solotravel_0023.png,4,0,3,koclip_ft
1931,solotravel_0023.png,4,0,3,koclip_ft
1932,solotravel_0023.png,4,4,3,koclip_ft
1933,solotravel_0023.png,2,4,3,koclip_ft
1934,solotravel_0023.png,2,2,3,koclip_ft
1959,solotravel_0035.png,0,0,3,koclip_ft
1960,solotravel_0035.png,0,0,3,koclip_ft
1961,solotravel_0035.png,1,3,3,koclip_ft
1962,solotravel_0035.png,1,4,3,koclip_ft
1963,solotravel_0035.png,1,3,3,koclip_ft
1968,solotravel_0038.png,2,4,3,koclip_ft
1969,solotravel_0038.png,1,3,3,koclip_ft
1970,solotravel_0038.png,1,0,3,koclip_ft
1971,solotravel_0038.png,4,4,3,koclip_ft
1972,solotravel_0038.png,4,3,3,koclip_ft
1973,solotravel_0039.png,4,0,3,koclip_ft
1974,solotravel_0039.png,1,4,3,koclip_ft
1975,solotravel_0039.png,1,1,3,koclip_ft
1976,solotravel_0039.png,1,1,3,koclip_ft
1977,solotravel_0039.png,1,0,3,koclip_ft
1978,solotravel_0039.png,4,3,3,koclip_ft
1979,solotravel_0039.png,3,3,3,koclip_ft
1980,solotravel_0039.png,3,3,3,koclip_ft
1981,solotravel_0039.png,4,2,3,koclip_ft
1982,solotravel_0039.png,1,2,3,koclip_ft
1983,solotravel_0039.png,1,1,3,koclip_ft
1984,solotravel_0039.png,2,2,3,koclip_ft
2012,solotravel_0046.png,1,1,3,koclip_ft
2013,solotravel_0046.png,1,2,3,koclip_ft
2014,solotravel_0046.png,1,2,3,koclip_ft
2015,solotravel_0046.png,3,3,3,koclip_ft
2016,solotravel_0046.png,3,3,3,koclip_ft
2017,solotravel_0046.png,2,2,3,koclip_ft
2018,solotravel_0046.png,1,2,3,koclip_ft
2019,solotravel_0046.png,3,3,3,koclip_ft
2020,solotravel_0046.png,3,2,3,koclip_ft
2021,solotravel_0046.png,4,3,3,koclip_ft
2022,solotravel_0046.png,4,4,3,koclip_ft
2023,solotravel_0046.png,4,3,3,koclip_ft
2024,solotravel_0046.png,2,3,3,koclip_ft
2025,solotravel_0046.png,0,4,3,koclip_ft
2026,solotravel_0046.png,2,3,3,koclip_ft
2058,solotravel_0051.png,4,0,3,koclip_ft
2059,solotravel_0051.png,2,1,3,koclip_ft
2060,solotravel_0051.png,3,1,3,koclip_ft
2076,solotravel_0059.png,4,4,3,koclip_ft
2077,solotravel_0059.png,3,3,3,koclip_ft
2078,solotravel_0059.png,4,3,3,koclip_ft
2079,solotravel_0059.png,4,4,3,koclip_ft
2080,solotravel_0059.png,2,2,3,koclip_ft
2081,solotravel_0059.png,1,4,3,koclip_ft
2082,solotravel_0059.png,4,1,3,koclip_ft
2096,solotravel_0062.png,4,1,3,koclip_ft
2097,solotravel_0063.png,4,0,3,koclip_ft
2098,solotravel_0063.png,4,0,3,koclip_ft
2099,solotravel_0063.png,3,4,3,koclip_ft
2100,solotravel_0063.png,3,3,3,koclip_ft
2101,solotravel_0063.png,4,4,3,koclip_ft
2102,solotravel_0063.png,3,2,3,koclip_ft
2103,solotravel_0063.png,1,0,3,koclip_ft
2104,solotravel_0063.png,1,1,3,koclip_ft
2105,solotravel_0063.png,1,3,3,koclip_ft
2106,solotravel_0063.png,3,1,3,koclip_ft
2107,solotravel_0064.png,1,3,3,koclip_ft
2108,solotravel_0064.png,1,3,3,koclip_ft
2109,solotravel_0064.png,2,2,3,koclip_ft
2110,solotravel_0064.png,3,4,3,koclip_ft
2126,solotravel_0068.png,4,3,3,koclip_ft
2127,solotravel_0068.png,4,4,3,koclip_ft
2128,solotravel_0068.png,4,4,3,koclip_ft
2129,solotravel_0068.png,3,3,3,koclip_ft
2130,solotravel_0068.png,1,0,3,koclip_ft
2131,solotravel_0068.png,1,1,3,koclip_ft
2132,solotravel_0068.png,0,0,3,koclip_ft
2133,solotravel_0068.png,1,4,3,koclip_ft
2134,solotravel_0068.png,1,0,3,koclip_ft
2135,solotravel_0068.png,1,2,3,koclip_ft
2136,solotravel_0068.png,1,2,3,koclip_ft
2137,solotravel_0068.png,1,1,3,koclip_ft
2138,solotravel_0068.png,1,1,3,koclip_ft
2139,solotravel_0068.png,0,0,3,koclip_ft
2199,solotravel_0083.png,2,3,3,koclip_ft
2200,solotravel_0083.png,3,3,3,koclip_ft
2201,solotravel_0083.png,3,3,3,koclip_ft
2202,solotravel_0083.png,4,1,3,koclip_ft
2203,solotravel_0083.png,1,3,3,koclip_ft
2219,solotravel_0089.png,4,4,3,koclip_ft
2220,solotravel_0089.png,3,4,3,koclip_ft
2221,solotravel_0089.png,3,1,3,koclip_ft
2222,solotravel_0089.png,4,3,3,koclip_ft
2241,solotravel_0097.png,3,4,3,koclip_ft
2242,solotravel_0097.png,4,4,3,koclip_ft
2243,solotravel_0097.png,3,3,3,koclip_ft
2279,travel_0007.png,2,2,3,koclip_ft
2280,travel_0007.png,3,3,3,koclip_ft
2327,travel_0019.png,3,3,3,koclip_ft
2328,travel_0019.png,4,0,3,koclip_ft
2329,travel_0019.png,4,0,3,koclip_ft
2330,travel_0019.png,3,4,3,koclip_ft
2354,travel_0026.png,4,3,3,koclip_ft
2355,travel_0029.png,4,4,3,koclip_ft
2356,travel_0029.png,3,2,3,koclip_ft
2357,travel_0029.png,1,2,3,koclip_ft
2358,travel_0029.png,2,2,3,koclip_ft
2359,travel_0029.png,0,2,3,koclip_ft
2369,travel_0032.png,4,2,3,koclip_ft
2370,travel_0032.png,4,2,3,koclip_ft
2371,travel_0032.png,3,2,3,koclip_ft
2372,travel_0032.png,4,3,3,koclip_ft
2373,travel_0032.png,3,2,3,koclip_ft
2389,travel_0043.png,4,4,3,koclip_ft
2390,travel_0043.png,3,3,3,koclip_ft
2391,travel_0043.png,2,3,3,koclip_ft
2395,travel_0045.png,2,2,3,koclip_ft
2396,travel_0045.png,4,3,3,koclip_ft
2397,travel_0045.png,0,3,3,koclip_ft
2398,travel_0045.png,2,1,3,koclip_ft
2399,travel_0045.png,2,2,3,koclip_ft
2400,travel_0045.png,2,2,3,koclip_ft
2401,travel_0045.png,0,3,3,koclip_ft
2402,travel_0045.png,0,0,3,koclip_ft
2403,travel_0045.png,0,3,3,koclip_ft
2404,travel_0045.png,0,0,3,koclip_ft
2405,travel_0045.png,0,0,3,koclip_ft
2406,travel_0045.png,0,4,3,koclip_ft
2421,travel_0048.png,4,4,3,koclip_ft
2422,travel_0048.png,3,4,3,koclip_ft
2423,travel_0048.png,3,3,3,koclip_ft
2424,travel_0048.png,4,0,3,koclip_ft
2478,travel_0058.png,4,4,3,koclip_ft
2479,travel_0058.png,4,0,3,koclip_ft
2480,travel_0058.png,1,1,3,koclip_ft
2481,travel_0058.png,4,0,3,koclip_ft
2482,travel_0058.png,2,2,3,koclip_ft
2522,travel_0066.png,0,1,3,koclip_ft
2523,travel_0066.png,0,0,3,koclip_ft
2524,travel_0066.png,0,0,3,koclip_ft
2525,travel_0066.png,0,0,3,koclip_ft
2526,travel_0066.png,0,0,3,koclip_ft
2591,travel_0082.png,1,2,3,koclip_ft
2592,travel_0082.png,4,3,3,koclip_ft
2593,travel_0082.png,3,1,3,koclip_ft
2594,travel_0082.png,1,1,3,koclip_ft
2595,travel_0082.png,3,3,3,koclip_ft
2596,travel_0082.png,3,2,3,koclip_ft
2597,travel_0082.png,0,4,3,koclip_ft
2646,travel_0095.png,4,3,3,koclip_ft
2666,foodstagram_0012.png,4,3,3,koclip_ft
2667,foodstagram_0012.png,2,0,3,koclip_ft
2668,foodstagram_0012.png,4,3,3,koclip_ft
2669,foodstagram_0012.png,3,3,3,koclip_ft
2670,foodstagram_0012.png,4,3,3,koclip_ft
2671,foodstagram_0012.png,3,3,3,koclip_ft
2672,foodstagram_0012.png,3,3,3,koclip_ft
2673,foodstagram_0012.png,3,3,3,koclip_ft
2674,foodstagram_0012.png,3,3,3,koclip_ft
2675,foodstagram_0012.png,4,3,3,koclip_ft
2676,foodstagram_0012.png,4,3,3,koclip_ft
2677,foodstagram_0012.png,1,0,3,koclip_ft
2678,foodstagram_0012.png,1,2,3,koclip_ft
2679,foodstagram_0012.png,2,2,3,koclip_ft
2680,foodstagram_0012.png,2,3,3,koclip_ft
2681,foodstagram_0012.png,3,4,3,koclip_ft
2682,foodstagram_0012.png,4,4,3,koclip_ft
2683,foodstagram_0012.png,3,3,3,koclip_ft
2684,foodstagram_0012.png,4,4,3,koclip_ft
2685,foodstagram_0012.png,4,4,3,koclip_ft
2686,foodstagram_0012.png,3,4,3,koclip_ft
2687,foodstagram_0012.png,3,3,3,koclip_ft
2688,foodstagram_0012.png,3,0,3,koclip_ft
2695,foodstagram_0014.png,4,4,3,koclip_ft
2696,foodstagram_0014.png,3,4,3,koclip_ft
2775,foodstagram_0026.png,1,4,3,koclip_ft
2776,foodstagram_0026.png,1,1,3,koclip_ft
2777,foodstagram_0026.png,4,3,3,koclip_ft
2778,foodstagram_0026.png,3,3,3,koclip_ft
2779,foodstagram_0026.png,4,3,3,koclip_ft
2780,foodstagram_0026.png,3,3,3,koclip_ft
2781,foodstagram_0026.png,1,0,3,koclip_ft
2782,foodstagram_0026.png,1,3,3,koclip_ft
2783,foodstagram_0026.png,2,2,3,koclip_ft
2784,foodstagram_0026.png,2,3,3,koclip_ft
2785,foodstagram_0026.png,2,2,3,koclip_ft
2786,foodstagram_0026.png,2,2,3,koclip_ft
2787,foodstagram_0026.png,2,2,3,koclip_ft
2788,foodstagram_0026.png,2,2,3,koclip_ft
2789,foodstagram_0026.png,2,3,3,koclip_ft
2790,foodstagram_0026.png,2,3,3,koclip_ft
2791,foodstagram_0026.png,1,3,3,koclip_ft
2792,foodstagram_0026.png,4,4,3,koclip_ft
2793,foodstagram_0026.png,4,4,3,koclip_ft
2794,foodstagram_0026.png,4,3,3,koclip_ft
2795,foodstagram_0026.png,4,3,3,koclip_ft
2796,foodstagram_0026.png,1,3,3,koclip_ft
2797,foodstagram_0026.png,1,3,3,koclip_ft
2798,foodstagram_0026.png,1,2,3,koclip_ft
2799,foodstagram_0026.png,1,2,3,koclip_ft
2800,foodstagram_0026.png,1,3,3,koclip_ft
2801,foodstagram_0026.png,1,3,3,koclip_ft
2802,foodstagram_0026.png,1,1,3,koclip_ft
2822,foodstagram_0031.png,0,0,3,koclip_ft
2823,foodstagram_0031.png,0,1,3,koclip_ft
2824,foodstagram_0031.png,0,4,3,koclip_ft
2825,foodstagram_0031.png,0,3,3,koclip_ft
2826,foodstagram_0031.png,0,4,3,koclip_ft
2827,foodstagram_0031.png,0,1,3,koclip_ft
2828,foodstagram_0032.png,4,4,3,koclip_ft
2829,foodstagram_0032.png,4,4,3,koclip_ft
2830,foodstagram_0032.png,4,4,3,koclip_ft
2831,foodstagram_0032.png,2,4,3,koclip_ft
2917,foodstagram_0058.png,4,3,3,koclip_ft
2918,foodstagram_0058.png,4,4,3,koclip_ft
2919,foodstagram_0058.png,1,0,3,koclip_ft
2920,foodstagram_0058.png,3,2,3,koclip_ft
2921,foodstagram_0058.png,3,3,3,koclip_ft
2998,foodstagram_0068.png,4,0,3,koclip_ft
2999,foodstagram_0068.png,4,0,3,koclip_ft
3000,foodstagram_0068.png,4,4,3,koclip_ft
3033,foodstagram_0083.png,4,4,3,koclip_ft
3034,foodstagram_0083.png,4,4,3,koclip_ft
3035,foodstagram_0083.png,4,4,3,koclip_ft
3036,foodstagram_0083.png,4,4,3,koclip_ft
3037,foodstagram_0083.png,4,4,3,koclip_ft
3038,foodstagram_0084.png,1,0,3,koclip_ft
3039,foodstagram_0084.png,0,1,3,koclip_ft
3040,foodstagram_0084.png,0,4,3,koclip_ft
3041,foodstagram_0084.png,0,4,3,koclip_ft
3042,foodstagram_0084.png,0,4,3,koclip_ft
3124,meokstagram_0005.png,3,3,3,koclip_ft
3125,meokstagram_0005.png,3,3,3,koclip_ft
3126,meokstagram_0005.png,3,3,3,koclip_ft
3127,meokstagram_0005.png,1,4,3,koclip_ft
3128,meokstagram_0005.png,1,4,3,koclip_ft
3129,meokstagram_0005.png,2,3,3,koclip_ft
3130,meokstagram_0005.png,1,3,3,koclip_ft
3131,meokstagram_0005.png,2,3,3,koclip_ft
3132,meokstagram_0005.png,4,3,3,koclip_ft
3133,meokstagram_0005.png,3,2,3,koclip_ft
3134,meokstagram_0005.png,3,3,3,koclip_ft
3179,meokstagram_0012.png,4,4,3,koclip_ft
3180,meokstagram_0012.png,4,3,3,koclip_ft
3181,meokstagram_0012.png,2,4,3,koclip_ft
3182,meokstagram_0012.png,4,3,3,koclip_ft
3183,meokstagram_0012.png,1,0,3,koclip_ft
3184,meokstagram_0012.png,1,1,3,koclip_ft
3185,meokstagram_0012.png,0,0,3,koclip_ft
3186,meokstagram_0012.png,3,3,3,koclip_ft
3187,meokstagram_0013.png,3,4,3,koclip_ft
3188,meokstagram_0013.png,3,4,3,koclip_ft
3195,meokstagram_0015.png,4,3,3,koclip_ft
3196,meokstagram_0015.png,3,3,3,koclip_ft
3197,meokstagram_0015.png,1,0,3,koclip_ft
3198,meokstagram_0015.png,1,1,3,koclip_ft
3199,meokstagram_0015.png,4,2,3,koclip_ft
3234,meokstagram_0021.png,4,4,3,koclip_ft
3235,meokstagram_0021.png,4,4,3,koclip_ft
3248,meokstagram_0028.png,4,0,3,koclip_ft
3249,meokstagram_0028.png,0,4,3,koclip_ft
3250,meokstagram_0028.png,1,4,3,koclip_ft
3266,meokstagram_0033.png,3,2,3,koclip_ft
3267,meokstagram_0033.png,3,2,3,koclip_ft
3268,meokstagram_0033.png,4,3,3,koclip_ft
3269,meokstagram_0033.png,4,3,3,koclip_ft
3270,meokstagram_0033.png,2,0,3,koclip_ft
3271,meokstagram_0033.png,1,0,3,koclip_ft
3272,meokstagram_0033.png,0,0,3,koclip_ft
3273,meokstagram_0033.png,3,2,3,koclip_ft
3274,meokstagram_0033.png,2,2,3,koclip_ft
3275,meokstagram_0033.png,2,1,3,koclip_ft
3276,meokstagram_0033.png,1,0,3,koclip_ft
3277,meokstagram_0033.png,1,0,3,koclip_ft
3278,meokstagram_0033.png,0,3,3,koclip_ft
3279,meokstagram_0033.png,0,3,3,koclip_ft
3280,meokstagram_0033.png,0,0,3,koclip_ft
3281,meokstagram_0033.png,1,0,3,koclip_ft
3282,meokstagram_0033.png,2,3,3,koclip_ft
3283,meokstagram_0033.png,4,4,3,koclip_ft
3284,meokstagram_0033.png,3,3,3,koclip_ft
3344,meokstagram_0048.png,0,0,3,koclip_ft
3345,meokstagram_0048.png,4,4,3,koclip_ft
3346,meokstagram_0048.png,4,4,3,koclip_ft
3347,meokstagram_0048.png,4,3,3,koclip_ft
3348,meokstagram_0048.png,3,3,3,koclip_ft
3349,meokstagram_0048.png,2,2,3,koclip_ft
3350,meokstagram_0048.png,2,1,3,koclip_ft
3351,meokstagram_0048.png,0,4,3,koclip_ft
3352,meokstagram_0048.png,0,4,3,koclip_ft
3353,meokstagram_0048.png,0,4,3,koclip_ft
3354,meokstagram_0048.png,0,4,3,koclip_ft
3470,meokstagram_0062.png,4,1,3,koclip_ft
3471,meokstagram_0062.png,4,3,3,koclip_ft
3472,meokstagram_0062.png,4,4,3,koclip_ft
3585,meokstagram_0090.png,4,4,3,koclip_ft
3586,meokstagram_0090.png,3,0,3,koclip_ft
3587,meokstagram_0090.png,4,3,3,koclip_ft
3588,meokstagram_0090.png,2,2,3,koclip_ft
3589,meokstagram_0090.png,0,0,3,koclip_ft
3602,meokstagram_0094.png,0,4,3,koclip_ft
3603,meokstagram_0094.png,0,3,3,koclip_ft
3604,meokstagram_0094.png,0,4,3,koclip_ft
3605,meokstagram_0094.png,0,4,3,koclip_ft
3606,meokstagram_0094.png,0,4,3,koclip_ft
3650,jmt_0007.png,1,4,3,koclip_ft
3651,jmt_0007.png,1,4,3,koclip_ft
3652,jmt_0007.png,1,4,3,koclip_ft
3653,jmt_0007.png,1,1,3,koclip_ft
3654,jmt_0007.png,0,4,3,koclip_ft
3655,jmt_0007.png,0,4,3,koclip_ft
3685,jmt_0019.png,1,1,3,koclip_ft
3686,jmt_0019.png,3,3,3,koclip_ft
3687,jmt_0019.png,2,0,3,koclip_ft
3703,jmt_0026.png,4,4,3,koclip_ft
3704,jmt_0026.png,4,0,3,koclip_ft
3705,jmt_0026.png,4,3,3,koclip_ft
3706,jmt_0026.png,3,3,3,koclip_ft
3707,jmt_0026.png,3,3,3,koclip_ft
3751,jmt_0041.png,4,1,3,koclip_ft
3752,jmt_0041.png,4,2,3,koclip_ft
3753,jmt_0041.png,1,1,3,koclip_ft
3754,jmt_0041.png,3,3,3,koclip_ft
3755,jmt_0041.png,2,2,3,koclip_ft
3761,jmt_0043.png,4,4,3,koclip_ft
3762,jmt_0043.png,1,1,3,koclip_ft
3763,jmt_0043.png,3,3,3,koclip_ft
3764,jmt_0043.png,2,1,3,koclip_ft
3765,jmt_0043.png,1,2,3,koclip_ft
3771,jmt_0045.png,1,1,3,koclip_ft
3772,jmt_0045.png,3,0,3,koclip_ft
3773,jmt_0045.png,4,3,3,koclip_ft
3774,jmt_0045.png,3,1,3,koclip_ft
3775,jmt_0045.png,2,1,3,koclip_ft
3779,jmt_0049.png,0,4,3,koclip_ft
3792,jmt_0056.png,4,4,3,koclip_ft
3793,jmt_0056.png,4,3,3,koclip_ft
3794,jmt_0056.png,3,1,3,koclip_ft
3804,jmt_0061.png,4,1,3,koclip_ft
3805,jmt_0061.png,4,4,3,koclip_ft
3806,jmt_0061.png,4,4,3,koclip_ft
3807,jmt_0061.png,3,4,3,koclip_ft
3808,jmt_0061.png,4,4,3,koclip_ft
3818,jmt_0066.png,4,3,3,koclip_ft
3819,jmt_0066.png,4,4,3,koclip_ft
3820,jmt_0066.png,3,4,3,koclip_ft
3821,jmt_0066.png,1,3,3,koclip_ft
3822,jmt_0066.png,1,4,3,koclip_ft
3835,jmt_0072.png,0,0,3,koclip_ft
3836,jmt_0072.png,4,3,3,koclip_ft
3837,jmt_0072.png,4,3,3,koclip_ft
3838,jmt_0072.png,0,1,3,koclip_ft
3839,jmt_0072.png,1,2,3,koclip_ft
3840,jmt_0072.png,4,3,3,koclip_ft
3841,jmt_0072.png,4,4,3,koclip_ft
3842,jmt_0072.png,3,3,3,koclip_ft
3843,jmt_0072.png,3,3,3,koclip_ft
3844,jmt_0072.png,3,3,3,koclip_ft
3845,jmt_0072.png,3,4,3,koclip_ft
3846,jmt_0072.png,3,3,3,koclip_ft
3847,jmt_0072.png,3,3,3,koclip_ft
3848,jmt_0072.png,2,2,3,koclip_ft
3849,jmt_0072.png,3,3,3,koclip_ft
3850,jmt_0072.png,3,3,3,koclip_ft
3851,jmt_0072.png,4,4,3,koclip_ft
3852,jmt_0072.png,3,3,3,koclip_ft
3853,jmt_0072.png,3,2,3,koclip_ft
3854,jmt_0072.png,1,2,3,koclip_ft
3855,jmt_0072.png,1,3,3,koclip_ft
3856,jmt_0072.png,2,4,3,koclip_ft
3857,jmt_0072.png,2,2,3,koclip_ft
3858,jmt_0072.png,2,2,3,koclip_ft
3859,jmt_0072.png,3,2,3,koclip_ft
3916,jmt_0090.png,1,4,3,koclip_ft
3917,jmt_0090.png,4,3,3,koclip_ft
3918,jmt_0090.png,3,2,3,koclip_ft
3919,jmt_0090.png,1,4,3,koclip_ft
3993,makeup_0016.png,3,2,3,koclip_ft
3994,makeup_0016.png,4,1,3,koclip_ft
3995,makeup_0016.png,3,3,3,koclip_ft
3996,makeup_0016.png,2,3,3,koclip_ft
3997,makeup_0016.png,4,1,3,koclip_ft
3998,makeup_0016.png,3,2,3,koclip_ft
4012,makeup_0027.png,3,3,3,koclip_ft
4013,makeup_0027.png,3,3,3,koclip_ft
4014,makeup_0027.png,3,4,3,koclip_ft
4015,makeup_0027.png,3,4,3,koclip_ft
4016,makeup_0027.png,4,3,3,koclip_ft
4017,makeup_0027.png,3,3,3,koclip_ft
4018,makeup_0027.png,4,4,3,koclip_ft
4019,makeup_0027.png,3,4,3,koclip_ft
4020,makeup_0027.png,2,3,3,koclip_ft
4021,makeup_0027.png,3,2,3,koclip_ft
4022,makeup_0027.png,2,2,3,koclip_ft
4023,makeup_0027.png,3,2,3,koclip_ft
4024,makeup_0027.png,3,3,3,koclip_ft
4025,makeup_0027.png,4,4,3,koclip_ft
4026,makeup_0027.png,2,2,3,koclip_ft
4063,makeup_0033.png,4,3,3,koclip_ft
4064,makeup_0033.png,2,4,3,koclip_ft
4065,makeup_0033.png,4,4,3,koclip_ft
4066,makeup_0033.png,3,3,3,koclip_ft
4067,makeup_0033.png,1,3,3,koclip_ft
4068,makeup_0033.png,3,2,3,koclip_ft
4069,makeup_0033.png,4,2,3,koclip_ft
4070,makeup_0033.png,1,4,3,koclip_ft
4071,makeup_0033.png,4,3,3,koclip_ft
4072,makeup_0033.png,4,3,3,koclip_ft
4073,makeup_0033.png,3,2,3,koclip_ft
4074,makeup_0033.png,1,0,3,koclip_ft
4075,makeup_0033.png,0,0,3,koclip_ft
4128,makeup_0043.png,1,2,3,koclip_ft
4129,makeup_0043.png,4,1,3,koclip_ft
4130,makeup_0043.png,4,1,3,koclip_ft
4131,makeup_0043.png,3,3,3,koclip_ft
4132,makeup_0043.png,2,1,3,koclip_ft
4133,makeup_0045.png,0,4,3,koclip_ft
4134,makeup_0045.png,1,4,3,koclip_ft
4135,makeup_0046.png,4,3,3,koclip_ft
4136,makeup_0046.png,4,4,3,koclip_ft
4137,makeup_0046.png,1,1,3,koclip_ft
4138,makeup_0046.png,4,1,3,koclip_ft
4139,makeup_0046.png,4,4,3,koclip_ft
4140,makeup_0046.png,3,3,3,koclip_ft
4176,makeup_0057.png,4,4,3,koclip_ft
4177,makeup_0057.png,4,3,3,koclip_ft
4178,makeup_0057.png,3,2,3,koclip_ft
4179,makeup_0057.png,4,3,3,koclip_ft
4180,makeup_0057.png,1,1,3,koclip_ft
4200,makeup_0063.png,4,3,3,koclip_ft
4201,makeup_0063.png,4,4,3,koclip_ft
4202,makeup_0063.png,4,4,3,koclip_ft
4203,makeup_0063.png,2,2,3,koclip_ft
4204,makeup_0063.png,4,2,3,koclip_ft
4226,makeup_0071.png,4,2,3,koclip_ft
4227,makeup_0071.png,3,4,3,koclip_ft
4228,makeup_0071.png,4,2,3,koclip_ft
4229,makeup_0071.png,2,2,3,koclip_ft
4230,makeup_0071.png,2,2,3,koclip_ft
4231,makeup_0071.png,1,3,3,koclip_ft
4232,makeup_0071.png,4,2,3,koclip_ft
4233,makeup_0071.png,3,2,3,koclip_ft
4234,makeup_0071.png,4,2,3,koclip_ft
4235,makeup_0071.png,4,2,3,koclip_ft
4236,makeup_0071.png,1,0,3,koclip_ft
4237,makeup_0071.png,1,0,3,koclip_ft
4251,makeup_0077.png,4,4,3,koclip_ft
4252,makeup_0077.png,0,0,3,koclip_ft
4253,makeup_0077.png,4,4,3,koclip_ft
4254,makeup_0077.png,1,3,3,koclip_ft
4265,makeup_0081.png,4,2,3,koclip_ft
4266,makeup_0081.png,3,2,3,koclip_ft
4267,makeup_0081.png,3,3,3,koclip_ft
4268,makeup_0081.png,2,3,3,koclip_ft
4269,makeup_0081.png,1,2,3,koclip_ft
4270,makeup_0081.png,3,3,3,koclip_ft
4271,makeup_0081.png,3,2,3,koclip_ft
4272,makeup_0081.png,2,2,3,koclip_ft
4273,makeup_0081.png,4,3,3,koclip_ft
4274,makeup_0081.png,3,1,3,koclip_ft
4275,makeup_0081.png,1,1,3,koclip_ft
4276,makeup_0081.png,1,1,3,koclip_ft
4277,makeup_0081.png,1,2,3,koclip_ft
4282,makeup_0083.png,4,4,3,koclip_ft
4283,makeup_0083.png,3,3,3,koclip_ft
4284,makeup_0083.png,1,1,3,koclip_ft
4285,makeup_0083.png,2,3,3,koclip_ft
4286,makeup_0084.png,4,3,3,koclip_ft
4287,makeup_0084.png,4,2,3,koclip_ft
4288,makeup_0084.png,4,2,3,koclip_ft
4289,makeup_0084.png,2,3,3,koclip_ft
4290,makeup_0084.png,3,2,3,koclip_ft
4291,makeup_0084.png,4,4,3,koclip_ft
4292,makeup_0084.png,1,4,3,koclip_ft
4293,makeup_0084.png,3,3,3,koclip_ft
4294,makeup_0084.png,1,3,3,koclip_ft
4295,makeup_0084.png,2,2,3,koclip_ft
4296,makeup_0084.png,2,2,3,koclip_ft
4297,makeup_0084.png,3,1,3,koclip_ft
4298,makeup_0084.png,4,0,3,koclip_ft
4299,makeup_0084.png,4,4,3,koclip_ft
4300,makeup_0084.png,1,3,3,koclip_ft
4301,makeup_0084.png,1,2,3,koclip_ft
4316,makeup_0087.png,2,2,3,koclip_ft
4317,makeup_0087.png,4,3,3,koclip_ft
4318,makeup_0087.png,3,1,3,koclip_ft
4319,makeup_0087.png,3,2,3,koclip_ft
4320,makeup_0087.png,3,3,3,koclip_ft
4329,makeup_0091.png,4,4,3,koclip_ft
4330,makeup_0091.png,4,3,3,koclip_ft
4331,makeup_0091.png,3,1,3,koclip_ft
4332,makeup_0091.png,4,4,3,koclip_ft
4333,makeup_0091.png,3,2,3,koclip_ft
4361,dailymakeup_0007.png,4,2,3,koclip_ft
4400,dailymakeup_0015.png,4,3,3,koclip_ft
4401,dailymakeup_0015.png,3,2,3,koclip_ft
4402,dailymakeup_0015.png,2,1,3,koclip_ft
4403,dailymakeup_0015.png,1,2,3,koclip_ft
4404,dailymakeup_0015.png,1,4,3,koclip_ft
4405,dailymakeup_0015.png,2,1,3,koclip_ft
4406,dailymakeup_0015.png,1,3,3,koclip_ft
4407,dailymakeup_0016.png,4,3,3,koclip_ft
4408,dailymakeup_0016.png,1,1,3,koclip_ft
4409,dailymakeup_0016.png,3,2,3,koclip_ft
4410,dailymakeup_0016.png,2,2,3,koclip_ft
4418,dailymakeup_0020.png,1,2,3,koclip_ft
4419,dailymakeup_0020.png,2,3,3,koclip_ft
4420,dailymakeup_0020.png,3,3,3,koclip_ft
4421,dailymakeup_0020.png,1,4,3,koclip_ft
4488,dailymakeup_0032.png,4,4,3,koclip_ft
4489,dailymakeup_0032.png,3,2,3,koclip_ft
4490,dailymakeup_0032.png,1,1,3,koclip_ft
4491,dailymakeup_0032.png,1,0,3,koclip_ft
4492,dailymakeup_0032.png,3,2,3,koclip_ft
4493,dailymakeup_0032.png,1,3,3,koclip_ft
4494,dailymakeup_0032.png,3,4,3,koclip_ft
4495,dailymakeup_0032.png,1,2,3,koclip_ft
4496,dailymakeup_0032.png,2,3,3,koclip_ft
4497,dailymakeup_0032.png,1,4,3,koclip_ft
4498,dailymakeup_0032.png,4,3,3,koclip_ft
4499,dailymakeup_0032.png,3,3,3,koclip_ft
4500,dailymakeup_0032.png,3,2,3,koclip_ft
4501,dailymakeup_0032.png,3,3,3,koclip_ft
4502,dailymakeup_0032.png,2,4,3,koclip_ft
4503,dailymakeup_0032.png,3,3,3,koclip_ft
4504,dailymakeup_0032.png,1,2,3,koclip_ft
4585,dailymakeup_0048.png,4,4,3,koclip_ft
4621,dailymakeup_0052.png,3,3,3,koclip_ft
4622,dailymakeup_0052.png,4,3,3,koclip_ft
4623,dailymakeup_0052.png,3,3,3,koclip_ft
4624,dailymakeup_0052.png,3,2,3,koclip_ft
4625,dailymakeup_0052.png,2,2,3,koclip_ft
4641,dailymakeup_0056.png,4,3,3,koclip_ft
4642,dailymakeup_0056.png,4,4,3,koclip_ft
4643,dailymakeup_0056.png,3,1,3,koclip_ft
4644,dailymakeup_0056.png,1,1,3,koclip_ft
4645,dailymakeup_0056.png,3,3,3,koclip_ft
4646,dailymakeup_0056.png,3,3,3,koclip_ft
4647,dailymakeup_0056.png,4,4,3,koclip_ft
4648,dailymakeup_0056.png,3,3,3,koclip_ft
4649,dailymakeup_0056.png,4,4,3,koclip_ft
4650,dailymakeup_0057.png,4,2,3,koclip_ft
4651,dailymakeup_0057.png,4,1,3,koclip_ft
4652,dailymakeup_0057.png,3,2,3,koclip_ft
4653,dailymakeup_0057.png,3,3,3,koclip_ft
4654,dailymakeup_0057.png,4,1,3,koclip_ft
4661,dailymakeup_0059.png,3,3,3,koclip_ft
4662,dailymakeup_0059.png,1,1,3,koclip_ft
4663,dailymakeup_0059.png,1,3,3,koclip_ft
4665,dailymakeup_0063.png,4,1,3,koclip_ft
4666,dailymakeup_0063.png,2,3,3,koclip_ft
4667,dailymakeup_0063.png,4,4,3,koclip_ft
4668,dailymakeup_0063.png,3,3,3,koclip_ft
4669,dailymakeup_0063.png,3,2,3,koclip_ft
4730,dailymakeup_0077.png,3,3,3,koclip_ft
4731,dailymakeup_0077.png,3,3,3,koclip_ft
4732,dailymakeup_0077.png,0,0,3,koclip_ft
4733,dailymakeup_0077.png,1,1,3,koclip_ft
4737,dailymakeup_0080.png,3,3,3,koclip_ft
4758,dailymakeup_0087.png,4,4,3,koclip_ft
4759,dailymakeup_0087.png,3,3,3,koclip_ft
4760,dailymakeup_0087.png,3,3,3,koclip_ft
4761,dailymakeup_0087.png,4,1,3,koclip_ft
4826,kkuankku_0004.png,4,3,3,koclip_ft
4827,kkuankku_0004.png,3,3,3,koclip_ft
4828,kkuankku_0004.png,3,3,3,koclip_ft
4829,kkuankku_0004.png,4,4,3,koclip_ft
4830,kkuankku_0004.png,2,2,3,koclip_ft
4831,kkuankku_0004.png,3,0,3,koclip_ft
4832,kkuankku_0004.png,4,3,3,koclip_ft
4833,kkuankku_0004.png,2,3,3,koclip_ft
4834,kkuankku_0004.png,4,3,3,koclip_ft
4835,kkuankku_0004.png,2,2,3,koclip_ft
4836,kkuankku_0004.png,1,2,3,koclip_ft
4837,kkuankku_0004.png,4,2,3,koclip_ft
4838,kkuankku_0004.png,3,3,3,koclip_ft
4839,kkuankku_0004.png,3,4,3,koclip_ft
4840,kkuankku_0004.png,1,2,3,koclip_ft
4841,kkuankku_0004.png,3,3,3,koclip_ft
4842,kkuankku_0004.png,4,3,3,koclip_ft
4843,kkuankku_0004.png,1,2,3,koclip_ft
4919,kkuankku_0027.png,2,1,3,koclip_ft
4920,kkuankku_0027.png,4,4,3,koclip_ft
4921,kkuankku_0027.png,4,1,3,koclip_ft
4922,kkuankku_0027.png,3,1,3,koclip_ft
4923,kkuankku_0028.png,4,3,3,koclip_ft
4924,kkuankku_0028.png,3,3,3,koclip_ft
4925,kkuankku_0028.png,3,3,3,koclip_ft
4926,kkuankku_0028.png,4,4,3,koclip_ft
4927,kkuankku_0028.png,2,2,3,koclip_ft
4928,kkuankku_0028.png,1,0,3,koclip_ft
4929,kkuankku_0028.png,1,2,3,koclip_ft
4930,kkuankku_0028.png,4,4,3,koclip_ft
4931,kkuankku_0028.png,3,3,3,koclip_ft
4932,kkuankku_0028.png,4,3,3,koclip_ft
4933,kkuankku_0028.png,3,3,3,koclip_ft
4934,kkuankku_0028.png,3,3,3,koclip_ft
4935,kkuankku_0028.png,3,3,3,koclip_ft
4936,kkuankku_0028.png,3,3,3,koclip_ft
4937,kkuankku_0028.png,4,3,3,koclip_ft
4938,kkuankku_0028.png,2,3,3,koclip_ft
4939,kkuankku_0028.png,3,3,3,koclip_ft
4940,kkuankku_0028.png,2,3,3,koclip_ft
4941,kkuankku_0028.png,2,3,3,koclip_ft
4947,kkuankku_0038.png,4,3,3,koclip_ft
4948,kkuankku_0038.png,4,4,3,koclip_ft
4949,kkuankku_0038.png,4,4,3,koclip_ft
4950,kkuankku_0038.png,2,2,3,koclip_ft
4951,kkuankku_0038.png,3,4,3,koclip_ft
4952,kkuankku_0038.png,3,3,3,koclip_ft
4953,kkuankku_0038.png,3,3,3,koclip_ft
4973,kkuankku_0041.png,3,3,3,koclip_ft
4974,kkuankku_0041.png,4,4,3,koclip_ft
4975,kkuankku_0041.png,4,4,3,koclip_ft
4976,kkuankku_0041.png,3,3,3,koclip_ft
4977,kkuankku_0041.png,4,4,3,koclip_ft
4978,kkuankku_0041.png,4,4,3,koclip_ft
4979,kkuankku_0041.png,3,3,3,koclip_ft
5028,kkuankku_0065.png,4,3,3,koclip_ft
5029,kkuankku_0065.png,4,2,3,koclip_ft
5030,kkuankku_0065.png,3,3,3,koclip_ft
5031,kkuankku_0065.png,4,1,3,koclip_ft
5032,kkuankku_0065.png,3,1,3,koclip_ft
5033,kkuankku_0065.png,4,0,3,koclip_ft
5034,kkuankku_0065.png,4,3,3,koclip_ft
5035,kkuankku_0065.png,3,3,3,koclip_ft
5036,kkuankku_0065.png,3,3,3,koclip_ft
5037,kkuankku_0065.png,3,4,3,koclip_ft
5038,kkuankku_0065.png,3,3,3,koclip_ft
5039,kkuankku_0065.png,4,2,3,koclip_ft
5040,kkuankku_0065.png,3,3,3,koclip_ft
5041,kkuankku_0065.png,4,3,3,koclip_ft
5042,kkuankku_0065.png,4,3,3,koclip_ft
5043,kkuankku_0065.png,3,3,3,koclip_ft
5044,kkuankku_0065.png,1,3,3,koclip_ft
5045,kkuankku_0065.png,3,3,3,koclip_ft
5090,kkuankku_0086.png,4,4,3,koclip_ft
5091,kkuankku_0086.png,3,3,3,koclip_ft
5092,kkuankku_0086.png,3,3,3,koclip_ft
5093,kkuankku_0086.png,4,3,3,koclip_ft
5094,kkuankku_0086.png,4,3,3,koclip_ft
5284,dailylook_0019.png,4,3,3,koclip_ft
5285,dailylook_0019.png,1,1,3,koclip_ft
5286,dailylook_0019.png,2,3,3,koclip_ft
5287,dailylook_0019.png,2,3,3,koclip_ft
5288,dailylook_0019.png,3,3,3,koclip_ft
5306,dailylook_0025.png,3,3,3,koclip_ft
5307,dailylook_0025.png,4,0,3,koclip_ft
5308,dailylook_0025.png,4,4,3,koclip_ft
5309,dailylook_0025.png,4,4,3,koclip_ft
5310,dailylook_0025.png,2,4,3,koclip_ft
5323,dailylook_0032.png,1,3,3,koclip_ft
5324,dailylook_0032.png,1,3,3,koclip_ft
5325,dailylook_0032.png,2,3,3,koclip_ft
5326,dailylook_0032.png,1,3,3,koclip_ft
5327,dailylook_0032.png,3,3,3,koclip_ft
5352,dailylook_0044.png,4,4,3,koclip_ft
5353,dailylook_0044.png,3,3,3,koclip_ft
5354,dailylook_0044.png,3,3,3,koclip_ft
5355,dailylook_0044.png,2,2,3,koclip_ft
5356,dailylook_0044.png,3,3,3,koclip_ft
5452,dailylook_0068.png,4,1,3,koclip_ft
5453,dailylook_0068.png,3,1,3,koclip_ft
5454,dailylook_0068.png,2,3,3,koclip_ft
5553,dailylook_0092.png,4,1,3,koclip_ft
5554,dailylook_0092.png,3,3,3,koclip_ft
5555,dailylook_0092.png,3,3,3,koclip_ft
5556,dailylook_0092.png,4,4,3,koclip_ft
5557,dailylook_0092.png,4,4,3,koclip_ft
5558,dailylook_0092.png,2,4,3,koclip_ft
5559,dailylook_0092.png,1,2,3,koclip_ft
5560,dailylook_0092.png,4,3,3,koclip_ft
5561,dailylook_0092.png,3,3,3,koclip_ft
5562,dailylook_0092.png,3,3,3,koclip_ft
5563,dailylook_0092.png,3,3,3,koclip_ft
5564,dailylook_0092.png,1,1,3,koclip_ft
5565,dailylook_0092.png,2,4,3,koclip_ft
5566,dailylook_0092.png,3,3,3,koclip_ft
5567,dailylook_0092.png,4,3,3,koclip_ft
5572,dailylook_0096.png,3,3,3,koclip_ft
5573,dailylook_0096.png,3,3,3,koclip_ft
5574,dailylook_0096.png,3,3,3,koclip_ft
5575,dailylook_0096.png,4,3,3,koclip_ft
5576,dailylook_0096.png,3,3,3,koclip_ft
5577,dailylook_0096.png,2,2,3,koclip_ft
5578,dailylook_0096.png,3,3,3,koclip_ft
5579,dailylook_0096.png,4,3,3,koclip_ft
5580,dailylook_0099.png,2,2,3,koclip_ft
5581,dailylook_0099.png,2,2,3,koclip_ft
5582,dailylook_0099.png,4,4,3,koclip_ft
5583,dailylook_0099.png,4,4,3,koclip_ft
5584,dailylook_0099.png,3,2,3,koclip_ft
5585,dailylook_0099.png,3,4,3,koclip_ft
5586,dailylook_0099.png,4,4,3,koclip_ft
5587,dailylook_0099.png,4,4,3,koclip_ft
5588,dailylook_0099.png,3,3,3,koclip_ft
5589,dailylook_0099.png,2,3,3,koclip_ft
5590,dailylook_0099.png,3,3,3,koclip_ft
5591,dailylook_0099.png,4,0,3,koclip_ft
5592,dailylook_0099.png,0,0,3,koclip_ft
5593,dailylook_0099.png,3,1,3,koclip_ft
5594,dailylook_0100.png,0,0,3,koclip_ft
5611,ootd_0010.png,3,2,3,koclip_ft
5612,ootd_0010.png,4,0,3,koclip_ft
5613,ootd_0010.png,4,4,3,koclip_ft
5614,ootd_0010.png,3,0,3,koclip_ft
5615,ootd_0010.png,2,2,3,koclip_ft
5617,ootd_0015.png,2,2,3,koclip_ft
5618,ootd_0015.png,4,4,3,koclip_ft
5619,ootd_0015.png,3,3,3,koclip_ft
5620,ootd_0015.png,2,2,3,koclip_ft
5621,ootd_0015.png,4,4,3,koclip_ft
5622,ootd_0015.png,2,2,3,koclip_ft
5623,ootd_0015.png,0,0,3,koclip_ft
5655,ootd_0021.png,4,3,3,koclip_ft
5656,ootd_0021.png,2,2,3,koclip_ft
5657,ootd_0021.png,2,3,3,koclip_ft
5658,ootd_0022.png,4,3,3,koclip_ft
5659,ootd_0022.png,4,4,3,koclip_ft
5660,ootd_0022.png,2,2,3,koclip_ft
5689,ootd_0037.png,3,3,3,koclip_ft
5690,ootd_0037.png,2,2,3,koclip_ft
5691,ootd_0037.png,3,3,3,koclip_ft
5692,ootd_0037.png,3,3,3,koclip_ft
5693,ootd_0037.png,4,2,3,koclip_ft
5694,ootd_0037.png,4,4,3,koclip_ft
5695,ootd_0037.png,1,1,3,koclip_ft
5696,ootd_0037.png,1,2,3,koclip_ft
5697,ootd_0037.png,3,3,3,koclip_ft
5698,ootd_0037.png,0,0,3,koclip_ft
5699,ootd_0037.png,1,1,3,koclip_ft
5700,ootd_0037.png,1,1,3,koclip_ft
5707,ootd_0041.png,3,3,3,koclip_ft
5708,ootd_0041.png,4,2,3,koclip_ft
5709,ootd_0041.png,2,2,3,koclip_ft
5710,ootd_0041.png,1,1,3,koclip_ft
5711,ootd_0041.png,4,1,3,koclip_ft
5759,ootd_0052.png,1,0,3,koclip_ft
5760,ootd_0052.png,0,2,3,koclip_ft
5761,ootd_0052.png,3,3,3,koclip_ft
5762,ootd_0052.png,4,3,3,koclip_ft
5763,ootd_0052.png,4,4,3,koclip_ft
5764,ootd_0052.png,2,2,3,koclip_ft
5765,ootd_0052.png,2,2,3,koclip_ft
5766,ootd_0052.png,3,2,3,koclip_ft
5767,ootd_0052.png,2,3,3,koclip_ft
5768,ootd_0052.png,2,2,3,koclip_ft
5769,ootd_0052.png,2,3,3,koclip_ft
5770,ootd_0052.png,0,0,3,koclip_ft
5771,ootd_0052.png,2,2,3,koclip_ft
5772,ootd_0052.png,3,2,3,koclip_ft
5773,ootd_0052.png,0,0,3,koclip_ft
5774,ootd_0052.png,0,0,3,koclip_ft
5775,ootd_0052.png,0,0,3,koclip_ft
5776,ootd_0052.png,2,1,3,koclip_ft
5777,ootd_0052.png,1,3,3,koclip_ft
5778,ootd_0052.png,0,0,3,koclip_ft
5779,ootd_0052.png,2,3,3,koclip_ft
5792,ootd_0057.png,4,4,3,koclip_ft
5793,ootd_0057.png,3,3,3,koclip_ft
5794,ootd_0057.png,4,3,3,koclip_ft
5795,ootd_0057.png,3,3,3,koclip_ft
5796,ootd_0057.png,2,2,3,koclip_ft
5807,ootd_0077.png,4,3,3,koclip_ft
5808,ootd_0077.png,3,3,3,koclip_ft
5809,ootd_0077.png,2,2,3,koclip_ft
5810,ootd_0078.png,3,3,3,koclip_ft
5811,ootd_0078.png,3,3,3,koclip_ft
5812,ootd_0078.png,3,3,3,koclip_ft
5813,ootd_0078.png,3,3,3,koclip_ft
5814,ootd_0078.png,1,2,3,koclip_ft
5881,ootd_0091.png,3,1,3,koclip_ft
5882,ootd_0091.png,4,1,3,koclip_ft
5883,ootd_0091.png,4,1,3,koclip_ft
5884,ootd_0091.png,3,1,3,koclip_ft
5885,ootd_0091.png,4,4,3,koclip_ft
5886,ootd_0091.png,3,3,3,koclip_ft
5887,ootd_0091.png,3,3,3,koclip_ft
5888,ootd_0091.png,2,2,3,koclip_ft
5889,ootd_0091.png,1,2,3,koclip_ft
5890,ootd_0091.png,2,2,3,koclip_ft
5891,ootd_0091.png,3,3,3,koclip_ft
5892,ootd_0091.png,3,3,3,koclip_ft
5893,ootd_0091.png,1,1,3,koclip_ft
5894,ootd_0091.png,1,1,3,koclip_ft
5895,ootd_0091.png,1,3,3,koclip_ft
5896,ootd_0091.png,3,3,3,koclip_ft
5897,ootd_0091.png,3,4,3,koclip_ft
5916,ootd_0098.png,3,3,3,koclip_ft
5917,ootd_0098.png,3,3,3,koclip_ft
5918,ootd_0098.png,3,3,3,koclip_ft
5919,ootd_0098.png,3,2,3,koclip_ft
5920,ootd_0098.png,3,3,3,koclip_ft
5921,ootd_0098.png,4,3,3,koclip_ft
5922,ootd_0098.png,3,3,3,koclip_ft
5923,ootd_0098.png,1,2,3,koclip_ft
5929,fashionista_0003.png,0,0,3,koclip_ft
5930,fashionista_0003.png,0,4,3,koclip_ft
5931,fashionista_0003.png,0,4,3,koclip_ft
5932,fashionista_0003.png,0,0,3,koclip_ft
5933,fashionista_0003.png,2,2,3,koclip_ft
6067,fashionista_0045.png,1,0,3,koclip_ft
6068,fashionista_0045.png,0,0,3,koclip_ft
6069,fashionista_0045.png,3,2,3,koclip_ft
6070,fashionista_0045.png,3,2,3,koclip_ft
6071,fashionista_0045.png,2,2,3,koclip_ft
6072,fashionista_0045.png,3,3,3,koclip_ft
6073,fashionista_0045.png,4,4,3,koclip_ft
6074,fashionista_0045.png,4,4,3,koclip_ft
6075,fashionista_0045.png,4,4,3,koclip_ft
6076,fashionista_0045.png,1,1,3,koclip_ft
6077,fashionista_0045.png,3,3,3,koclip_ft
6078,fashionista_0045.png,3,2,3,koclip_ft
6079,fashionista_0045.png,1,1,3,koclip_ft
6080,fashionista_0045.png,2,0,3,koclip_ft
6081,fashionista_0045.png,0,0,3,koclip_ft
6082,fashionista_0045.png,3,3,3,koclip_ft
6083,fashionista_0045.png,2,2,3,koclip_ft
6084,fashionista_0045.png,1,2,3,koclip_ft
6085,fashionista_0045.png,2,2,3,koclip_ft
6086,fashionista_0045.png,2,2,3,koclip_ft
6087,fashionista_0045.png,3,3,3,koclip_ft
6088,fashionista_0045.png,0,0,3,koclip_ft
6089,fashionista_0045.png,2,2,3,koclip_ft
6090,fashionista_0045.png,2,2,3,koclip_ft
6091,fashionista_0045.png,1,1,3,koclip_ft
6092,fashionista_0045.png,0,0,3,koclip_ft
6093,fashionista_0045.png,0,0,3,koclip_ft
6094,fashionista_0045.png,0,3,3,koclip_ft
6095,fashionista_0045.png,0,3,3,koclip_ft
6101,fashionista_0051.png,4,1,3,koclip_ft
6102,fashionista_0051.png,4,3,3,koclip_ft
6103,fashionista_0051.png,1,4,3,koclip_ft
6104,fashionista_0051.png,2,4,3,koclip_ft
6105,fashionista_0051.png,1,0,3,koclip_ft
6106,fashionista_0051.png,3,3,3,koclip_ft
6107,fashionista_0051.png,2,2,3,koclip_ft
6108,fashionista_0051.png,3,3,3,koclip_ft
6139,fashionista_0054.png,4,2,3,koclip_ft
6140,fashionista_0054.png,1,4,3,koclip_ft
6141,fashionista_0054.png,2,3,3,koclip_ft
6142,fashionista_0054.png,4,4,3,koclip_ft
6143,fashionista_0056.png,4,3,3,koclip_ft
6144,fashionista_0058.png,1,1,3,koclip_ft
6145,fashionista_0058.png,2,2,3,koclip_ft
6146,fashionista_0058.png,2,2,3,koclip_ft
6147,fashionista_0058.png,0,0,3,koclip_ft
6148,fashionista_0058.png,0,0,3,koclip_ft
6149,fashionista_0058.png,3,2,3,koclip_ft
6150,fashionista_0058.png,4,4,3,koclip_ft
6151,fashionista_0058.png,4,4,3,koclip_ft
6152,fashionista_0058.png,3,3,3,koclip_ft
6153,fashionista_0058.png,4,4,3,koclip_ft
6154,fashionista_0058.png,4,4,3,koclip_ft
6155,fashionista_0058.png,2,2,3,koclip_ft
6156,fashionista_0058.png,2,0,3,koclip_ft
6157,fashionista_0058.png,1,0,3,koclip_ft
6158,fashionista_0058.png,1,2,3,koclip_ft
6159,fashionista_0058.png,1,1,3,koclip_ft
6160,fashionista_0058.png,1,0,3,koclip_ft
6161,fashionista_0058.png,2,3,3,koclip_ft
6162,fashionista_0058.png,1,0,3,koclip_ft
6163,fashionista_0058.png,1,1,3,koclip_ft
6164,fashionista_0058.png,1,0,3,koclip_ft
6165,fashionista_0058.png,1,0,3,koclip_ft
6166,fashionista_0058.png,1,0,3,koclip_ft
6167,fashionista_0058.png,0,0,3,koclip_ft
6168,fashionista_0058.png,0,0,3,koclip_ft
6169,fashionista_0058.png,0,0,3,koclip_ft
6170,fashionista_0058.png,1,0,3,koclip_ft
6171,fashionista_0058.png,1,0,3,koclip_ft
6254,fashionista_0070.png,1,0,3,koclip_ft
6255,fashionista_0070.png,0,0,3,koclip_ft
6256,fashionista_0070.png,2,2,3,koclip_ft
6257,fashionista_0070.png,2,2,3,koclip_ft
6258,fashionista_0070.png,3,2,3,koclip_ft
6259,fashionista_0070.png,3,3,3,koclip_ft
6260,fashionista_0070.png,4,4,3,koclip_ft
6261,fashionista_0070.png,4,4,3,koclip_ft
6262,fashionista_0070.png,4,4,3,koclip_ft
6263,fashionista_0070.png,1,1,3,koclip_ft
6264,fashionista_0070.png,3,3,3,koclip_ft
6265,fashionista_0070.png,2,2,3,koclip_ft
6266,fashionista_0070.png,2,1,3,koclip_ft
6267,fashionista_0070.png,2,0,3,koclip_ft
6268,fashionista_0070.png,0,0,3,koclip_ft
6269,fashionista_0070.png,3,3,3,koclip_ft
6270,fashionista_0070.png,2,2,3,koclip_ft
6271,fashionista_0070.png,2,2,3,koclip_ft
6272,fashionista_0070.png,2,2,3,koclip_ft
6273,fashionista_0070.png,2,2,3,koclip_ft
6274,fashionista_0070.png,2,3,3,koclip_ft
6275,fashionista_0070.png,1,0,3,koclip_ft
6276,fashionista_0070.png,2,2,3,koclip_ft
6277,fashionista_0070.png,2,2,3,koclip_ft
6278,fashionista_0070.png,1,1,3,koclip_ft
6279,fashionista_0070.png,1,2,3,koclip_ft
6280,fashionista_0070.png,0,0,3,koclip_ft
6281,fashionista_0070.png,0,3,3,koclip_ft
6282,fashionista_0070.png,2,2,3,koclip_ft
6396,fashionista_0098.png,1,0,3,koclip_ft
6397,fashionista_0098.png,0,0,3,koclip_ft
6398,fashionista_0098.png,2,2,3,koclip_ft
6399,fashionista_0098.png,2,2,3,koclip_ft
6400,fashionista_0098.png,2,2,3,koclip_ft
6401,fashionista_0098.png,1,3,3,koclip_ft
6402,fashionista_0098.png,0,4,3,koclip_ft
6403,fashionista_0098.png,0,4,3,koclip_ft
6404,fashionista_0098.png,0,4,3,koclip_ft
6405,fashionista_0098.png,1,1,3,koclip_ft
6406,fashionista_0098.png,0,3,3,koclip_ft
6407,fashionista_0098.png,0,2,3,koclip_ft
6408,fashionista_0098.png,0,1,3,koclip_ft
6409,fashionista_0098.png,0,0,3,koclip_ft
6410,fashionista_0098.png,0,0,3,koclip_ft
6411,fashionista_0098.png,0,3,3,koclip_ft
6412,fashionista_0098.png,1,2,3,koclip_ft
6413,fashionista_0098.png,0,2,3,koclip_ft
6414,fashionista_0098.png,0,2,3,koclip_ft
6415,fashionista_0098.png,2,2,3,koclip_ft
6416,fashionista_0098.png,0,3,3,koclip_ft
6417,fashionista_0098.png,0,0,3,koclip_ft
6418,fashionista_0098.png,2,2,3,koclip_ft
6419,fashionista_0098.png,0,2,3,koclip_ft
6420,fashionista_0098.png,1,1,3,koclip_ft
6421,fashionista_0098.png,0,0,3,koclip_ft
6422,fashionista_0098.png,0,0,3,koclip_ft
6423,fashionista_0098.png,0,1,3,koclip_ft
6424,fashionista_0098.png,1,0,3,koclip_ft
6425,fashionista_0098.png,0,2,3,koclip_ft
6517,neungsohwa_0014.png,1,1,3,koclip_ft
6518,neungsohwa_0014.png,0,0,3,koclip_ft
6519,neungsohwa_0014.png,3,4,3,koclip_ft
6526,neungsohwa_0017.png,4,3,3,koclip_ft
6527,neungsohwa_0017.png,2,4,3,koclip_ft
6528,neungsohwa_0017.png,4,3,3,koclip_ft
6529,neungsohwa_0017.png,3,4,3,koclip_ft
6530,neungsohwa_0017.png,4,3,3,koclip_ft
6571,neungsohwa_0026.png,4,2,3,koclip_ft
6572,neungsohwa_0026.png,1,4,3,koclip_ft
6573,neungsohwa_0026.png,1,4,3,koclip_ft
6574,neungsohwa_0026.png,4,4,3,koclip_ft
6575,neungsohwa_0026.png,4,4,3,koclip_ft
6576,neungsohwa_0026.png,3,2,3,koclip_ft
6588,neungsohwa_0033.png,0,0,3,koclip_ft
6589,neungsohwa_0033.png,4,4,3,koclip_ft
6599,neungsohwa_0036.png,3,4,3,koclip_ft
6600,neungsohwa_0036.png,4,4,3,koclip_ft
6601,neungsohwa_0038.png,4,3,3,koclip_ft
6602,neungsohwa_0039.png,0,4,3,koclip_ft
6603,neungsohwa_0039.png,4,4,3,koclip_ft
6604,neungsohwa_0039.png,1,0,3,koclip_ft
6605,neungsohwa_0039.png,0,2,3,koclip_ft
6606,neungsohwa_0039.png,0,0,3,koclip_ft
6630,neungsohwa_0048.png,4,4,3,koclip_ft
6631,neungsohwa_0048.png,4,4,3,koclip_ft
6632,neungsohwa_0048.png,0,4,3,koclip_ft
6633,neungsohwa_0048.png,4,2,3,koclip_ft
6634,neungsohwa_0048.png,1,2,3,koclip_ft
6635,neungsohwa_0048.png,1,3,3,koclip_ft
6636,neungsohwa_0048.png,0,1,3,koclip_ft
6637,neungsohwa_0048.png,3,4,3,koclip_ft
6675,neungsohwa_0054.png,4,3,3,koclip_ft
6676,neungsohwa_0054.png,0,0,3,koclip_ft
6677,neungsohwa_0056.png,4,4,3,koclip_ft
6678,neungsohwa_0056.png,0,0,3,koclip_ft
6679,neungsohwa_0056.png,0,1,3,koclip_ft
6692,neungsohwa_0061.png,0,0,3,koclip_ft
6693,neungsohwa_0063.png,1,0,3,koclip_ft
6694,neungsohwa_0063.png,2,1,3,koclip_ft
6695,neungsohwa_0063.png,4,4,3,koclip_ft
6696,neungsohwa_0063.png,4,4,3,koclip_ft
6697,neungsohwa_0063.png,1,1,3,koclip_ft
6726,neungsohwa_0078.png,1,1,3,koclip_ft
6727,neungsohwa_0078.png,4,4,3,koclip_ft
6728,neungsohwa_0078.png,3,3,3,koclip_ft
6729,neungsohwa_0078.png,3,4,3,koclip_ft
6730,neungsohwa_0078.png,3,3,3,koclip_ft
6802,neungsohwa_0100.png,3,2,3,koclip_ft
6803,neungsohwa_0100.png,0,0,3,koclip_ft
6804,neungsohwa_0100.png,3,3,3,koclip_ft
6805,neungsohwa_0100.png,4,3,3,koclip_ft
6806,neungsohwa_0100.png,4,3,3,koclip_ft
6807,neungsohwa_0100.png,2,2,3,koclip_ft
6808,neungsohwa_0100.png,0,0,3,koclip_ft
6809,neungsohwa_0100.png,0,0,3,koclip_ft
6810,neungsohwa_0100.png,0,1,3,koclip_ft
6811,neungsohwa_0100.png,2,2,3,koclip_ft
6812,neungsohwa_0100.png,0,1,3,koclip_ft
6813,neungsohwa_0100.png,2,2,3,koclip_ft
6814,neungsohwa_0100.png,1,1,3,koclip_ft
6815,neungsohwa_0100.png,1,2,3,koclip_ft
6816,neungsohwa_0100.png,3,4,3,koclip_ft
6845,danpung_0008.png,1,4,3,koclip_ft
6846,danpung_0008.png,3,3,3,koclip_ft
6870,danpung_0013.png,4,4,3,koclip_ft
6871,danpung_0013.png,4,4,3,koclip_ft
6872,danpung_0013.png,4,4,3,koclip_ft
6873,danpung_0013.png,4,0,3,koclip_ft
6874,danpung_0013.png,3,3,3,koclip_ft
6875,danpung_0013.png,3,3,3,koclip_ft
6876,danpung_0013.png,2,4,3,koclip_ft
6877,danpung_0014.png,3,4,3,koclip_ft
6878,danpung_0014.png,4,4,3,koclip_ft
6879,danpung_0014.png,4,4,3,koclip_ft
6884,danpung_0016.png,4,3,3,koclip_ft
6885,danpung_0016.png,0,4,3,koclip_ft
6886,danpung_0016.png,1,4,3,koclip_ft
6887,danpung_0016.png,1,1,3,koclip_ft
6888,danpung_0016.png,0,1,3,koclip_ft
6889,danpung_0016.png,2,2,3,koclip_ft
6890,danpung_0016.png,3,3,3,koclip_ft
6891,danpung_0016.png,3,3,3,koclip_ft
6892,danpung_0016.png,4,4,3,koclip_ft
7037,danpung_0042.png,4,4,3,koclip_ft
7038,danpung_0042.png,4,4,3,koclip_ft
7039,danpung_0042.png,3,3,3,koclip_ft
7040,danpung_0042.png,3,3,3,koclip_ft
7041,danpung_0042.png,2,3,3,koclip_ft
7042,danpung_0042.png,1,3,3,koclip_ft
7043,danpung_0042.png,4,4,3,koclip_ft
7062,danpung_0051.png,1,1,3,koclip_ft
7063,danpung_0051.png,4,3,3,koclip_ft
7064,danpung_0051.png,3,4,3,koclip_ft
7065,danpung_0051.png,4,4,3,koclip_ft
7066,danpung_0051.png,4,4,3,koclip_ft
7067,danpung_0051.png,3,3,3,koclip_ft
7068,danpung_0051.png,3,3,3,koclip_ft
7069,danpung_0051.png,2,2,3,koclip_ft
7070,danpung_0052.png,4,4,3,koclip_ft
7071,danpung_0052.png,4,4,3,koclip_ft
7072,danpung_0052.png,4,4,3,koclip_ft
7073,danpung_0052.png,4,0,3,koclip_ft
7076,danpung_0056.png,4,3,3,koclip_ft
7077,danpung_0056.png,4,4,3,koclip_ft
7078,danpung_0056.png,3,3,3,koclip_ft
7079,danpung_0057.png,4,3,3,koclip_ft
7097,danpung_0059.png,4,1,3,koclip_ft
7098,danpung_0063.png,1,1,3,koclip_ft
7099,danpung_0063.png,1,4,3,koclip_ft
7100,danpung_0063.png,1,4,3,koclip_ft
7101,danpung_0063.png,4,4,3,koclip_ft
7102,danpung_0063.png,1,0,3,koclip_ft
7103,danpung_0063.png,1,1,3,koclip_ft
7104,danpung_0063.png,0,1,3,koclip_ft
7105,danpung_0063.png,0,2,3,koclip_ft
7106,danpung_0063.png,4,1,3,koclip_ft
7107,danpung_0063.png,0,4,3,koclip_ft
7108,danpung_0063.png,3,1,3,koclip_ft
7109,danpung_0063.png,3,3,3,koclip_ft
7110,danpung_0063.png,4,3,3,koclip_ft
7111,danpung_0063.png,3,3,3,koclip_ft
7112,danpung_0063.png,4,4,3,koclip_ft
7113,danpung_0063.png,2,3,3,koclip_ft
7114,danpung_0063.png,1,3,3,koclip_ft
7115,danpung_0063.png,2,2,3,koclip_ft
7116,danpung_0063.png,0,4,3,koclip_ft
7117,danpung_0063.png,1,0,3,koclip_ft
7118,danpung_0063.png,1,3,3,koclip_ft
7119,danpung_0063.png,0,1,3,koclip_ft
7137,danpung_0067.png,4,4,3,koclip_ft
7138,danpung_0067.png,3,3,3,koclip_ft
7139,danpung_0067.png,1,1,3,koclip_ft
7140,danpung_0067.png,1,1,3,koclip_ft
7141,danpung_0067.png,4,4,3,koclip_ft
7142,danpung_0067.png,1,4,3,koclip_ft
7143,danpung_0067.png,1,4,3,koclip_ft
7144,danpung_0067.png,3,4,3,koclip_ft
7201,danpung_0077.png,2,2,3,koclip_ft
7202,danpung_0077.png,3,3,3,koclip_ft
7203,danpung_0077.png,3,3,3,koclip_ft
7204,danpung_0077.png,3,4,3,koclip_ft
7205,danpung_0077.png,3,3,3,koclip_ft
7206,danpung_0078.png,1,0,3,koclip_ft
7207,danpung_0078.png,1,4,3,koclip_ft
7208,danpung_0078.png,0,0,3,koclip_ft
7209,danpung_0078.png,0,1,3,koclip_ft
7210,danpung_0078.png,1,3,3,koclip_ft
7211,danpung_0078.png,1,2,3,koclip_ft
7212,danpung_0078.png,3,4,3,koclip_ft
7213,danpung_0078.png,0,2,3,koclip_ft
7214,danpung_0078.png,0,4,3,koclip_ft
7225,danpung_0081.png,2,3,3,koclip_ft
7226,danpung_0081.png,1,3,3,koclip_ft
7227,danpung_0081.png,1,3,3,koclip_ft
7228,danpung_0081.png,4,4,3,koclip_ft
7229,danpung_0081.png,2,3,3,koclip_ft
7230,danpung_0081.png,2,2,3,koclip_ft
7231,danpung_0081.png,2,3,3,koclip_ft
7239,danpung_0084.png,1,2,3,koclip_ft
7240,danpung_0084.png,4,4,3,koclip_ft
7241,danpung_0084.png,0,0,3,koclip_ft
7242,danpung_0084.png,4,4,3,koclip_ft
7243,danpung_0084.png,4,4,3,koclip_ft
7244,danpung_0084.png,0,1,3,koclip_ft
7245,danpung_0084.png,4,4,3,koclip_ft
7246,danpung_0084.png,4,4,3,koclip_ft
7247,danpung_0084.png,3,2,3,koclip_ft
7314,cherryblossom_0016.png,4,4,3,koclip_ft
7315,cherryblossom_0016.png,4,3,3,koclip_ft
7316,cherryblossom_0016.png,3,3,3,koclip_ft
7354,cherryblossom_0027.png,4,4,3,koclip_ft
7355,cherryblossom_0027.png,4,4,3,koclip_ft
7356,cherryblossom_0027.png,2,2,3,koclip_ft
7357,cherryblossom_0027.png,3,0,3,koclip_ft
7358,cherryblossom_0027.png,3,2,3,koclip_ft
7362,cherryblossom_0030.png,4,3,3,koclip_ft
7363,cherryblossom_0030.png,4,4,3,koclip_ft
7364,cherryblossom_0030.png,0,1,3,koclip_ft
7365,cherryblossom_0030.png,0,1,3,koclip_ft
7366,cherryblossom_0030.png,0,1,3,koclip_ft
7367,cherryblossom_0031.png,1,1,3,koclip_ft
7368,cherryblossom_0031.png,4,3,3,koclip_ft
7369,cherryblossom_0032.png,2,2,3,koclip_ft
7370,cherryblossom_0032.png,1,3,3,koclip_ft
7371,cherryblossom_0032.png,4,4,3,koclip_ft
7372,cherryblossom_0032.png,3,3,3,koclip_ft
7373,cherryblossom_0032.png,1,1,3,koclip_ft
7406,cherryblossom_0037.png,1,0,3,koclip_ft
7407,cherryblossom_0037.png,4,4,3,koclip_ft
7408,cherryblossom_0037.png,3,2,3,koclip_ft
7409,cherryblossom_0037.png,1,1,3,koclip_ft
7433,cherryblossom_0046.png,0,2,3,koclip_ft
7434,cherryblossom_0046.png,0,2,3,koclip_ft
7435,cherryblossom_0046.png,1,1,3,koclip_ft
7436,cherryblossom_0047.png,4,4,3,koclip_ft
7437,cherryblossom_0047.png,4,0,3,koclip_ft
7445,cherryblossom_0050.png,0,4,3,koclip_ft
7446,cherryblossom_0050.png,1,3,3,koclip_ft
7447,cherryblossom_0050.png,3,4,3,koclip_ft
7448,cherryblossom_0050.png,3,3,3,koclip_ft
7449,cherryblossom_0050.png,4,4,3,koclip_ft
7450,cherryblossom_0050.png,2,3,3,koclip_ft
7451,cherryblossom_0050.png,4,0,3,koclip_ft
7452,cherryblossom_0050.png,1,1,3,koclip_ft
7453,cherryblossom_0050.png,3,3,3,koclip_ft
7454,cherryblossom_0050.png,1,4,3,koclip_ft
7455,cherryblossom_0050.png,2,2,3,koclip_ft
7525,cherryblossom_0077.png,4,3,3,koclip_ft
7526,cherryblossom_0077.png,4,4,3,koclip_ft
7527,cherryblossom_0077.png,1,4,3,koclip_ft
7545,cherryblossom_0080.png,3,4,3,koclip_ft
7546,cherryblossom_0080.png,3,4,3,koclip_ft
7547,cherryblossom_0080.png,4,4,3,koclip_ft
7548,cherryblossom_0080.png,1,1,3,koclip_ft
7549,cherryblossom_0080.png,4,4,3,koclip_ft
7568,cherryblossom_0087.png,4,4,3,koclip_ft
7569,cherryblossom_0087.png,3,3,3,koclip_ft
7570,cherryblossom_0087.png,4,4,3,koclip_ft
7571,cherryblossom_0087.png,2,2,3,koclip_ft
7575,cherryblossom_0090.png,4,4,3,koclip_ft
7576,cherryblossom_0090.png,1,3,3,koclip_ft
7577,cherryblossom_0090.png,4,4,3,koclip_ft
7599,cherryblossom_0097.png,4,4,3,koclip_ft
7600,cherryblossom_0097.png,4,4,3,koclip_ft
7601,cherryblossom_0097.png,4,3,3,koclip_ft
7602,cherryblossom_0097.png,4,4,3,koclip_ft
7603,cherryblossom_0097.png,4,0,3,koclip_ft
7604,cherryblossom_0097.png,4,4,3,koclip_ft
7631,kpop_0001.png,4,3,3,koclip_ft
7632,kpop_0001.png,4,4,3,koclip_ft
7633,kpop_0001.png,1,0,3,koclip_ft
7648,kpop_0005.png,4,2,3,koclip_ft
7649,kpop_0005.png,3,0,3,koclip_ft
7650,kpop_0005.png,2,4,3,koclip_ft
7651,kpop_0005.png,2,1,3,koclip_ft
7670,kpop_0008.png,4,4,3,koclip_ft
7671,kpop_0008.png,4,0,3,koclip_ft
7672,kpop_0008.png,4,4,3,koclip_ft
7673,kpop_0008.png,1,3,3,koclip_ft
7674,kpop_0008.png,1,4,3,koclip_ft
7675,kpop_0008.png,1,4,3,koclip_ft
7676,kpop_0008.png,1,4,3,koclip_ft
7677,kpop_0008.png,0,0,3,koclip_ft
7678,kpop_0008.png,1,4,3,koclip_ft
7679,kpop_0008.png,1,0,3,koclip_ft
7680,kpop_0008.png,2,1,3,koclip_ft
7681,kpop_0008.png,1,4,3,koclip_ft
7682,kpop_0008.png,1,0,3,koclip_ft
7683,kpop_0008.png,4,4,3,koclip_ft
7684,kpop_0008.png,1,4,3,koclip_ft
7685,kpop_0008.png,1,4,3,koclip_ft
7686,kpop_0008.png,1,1,3,koclip_ft
7687,kpop_0008.png,4,4,3,koclip_ft
7688,kpop_0008.png,4,3,3,koclip_ft
7689,kpop_0008.png,3,0,3,koclip_ft
7690,kpop_0008.png,3,3,3,koclip_ft
7691,kpop_0008.png,3,3,3,koclip_ft
7692,kpop_0008.png,3,1,3,koclip_ft
7693,kpop_0008.png,3,3,3,koclip_ft
7694,kpop_0008.png,2,2,3,koclip_ft
7695,kpop_0008.png,1,1,3,koclip_ft
7696,kpop_0008.png,1,3,3,koclip_ft
7697,kpop_0008.png,3,3,3,koclip_ft
7698,kpop_0008.png,1,2,3,koclip_ft
7699,kpop_0008.png,2,2,3,koclip_ft
7700,kpop_0009.png,4,3,3,koclip_ft
7701,kpop_0009.png,3,2,3,koclip_ft
7702,kpop_0009.png,3,3,3,koclip_ft
7703,kpop_0009.png,2,3,3,koclip_ft
7704,kpop_0009.png,1,1,3,koclip_ft
7730,kpop_0015.png,0,0,3,koclip_ft
7731,kpop_0015.png,0,4,3,koclip_ft
7732,kpop_0015.png,0,4,3,koclip_ft
7733,kpop_0015.png,3,0,3,koclip_ft
7734,kpop_0015.png,4,4,3,koclip_ft
7800,kpop_0026.png,4,1,3,koclip_ft
7801,kpop_0026.png,4,1,3,koclip_ft
7802,kpop_0026.png,4,4,3,koclip_ft
7803,kpop_0026.png,4,4,3,koclip_ft
7812,kpop_0029.png,4,1,3,koclip_ft
7813,kpop_0029.png,4,3,3,koclip_ft
7814,kpop_0029.png,4,4,3,koclip_ft
7815,kpop_0029.png,3,3,3,koclip_ft
7816,kpop_0029.png,1,1,3,koclip_ft
7854,kpop_0035.png,4,4,3,koclip_ft
7855,kpop_0035.png,4,3,3,koclip_ft
7856,kpop_0035.png,3,3,3,koclip_ft
7857,kpop_0035.png,3,4,3,koclip_ft
7858,kpop_0035.png,3,3,3,koclip_ft
7859,kpop_0035.png,4,3,3,koclip_ft
7860,kpop_0035.png,0,3,3,koclip_ft
7861,kpop_0035.png,0,3,3,koclip_ft
7862,kpop_0035.png,4,3,3,koclip_ft
7863,kpop_0035.png,0,0,3,koclip_ft
7864,kpop_0035.png,0,0,3,koclip_ft
7865,kpop_0035.png,4,4,3,koclip_ft
7866,kpop_0035.png,4,2,3,koclip_ft
7867,kpop_0035.png,0,3,3,koclip_ft
7868,kpop_0035.png,4,3,3,koclip_ft
7869,kpop_0035.png,4,4,3,koclip_ft
7928,kpop_0042.png,4,4,3,koclip_ft
7929,kpop_0042.png,4,4,3,koclip_ft
7930,kpop_0042.png,4,4,3,koclip_ft
7931,kpop_0042.png,4,0,3,koclip_ft
7932,kpop_0042.png,3,3,3,koclip_ft
7933,kpop_0042.png,1,3,3,koclip_ft
7934,kpop_0042.png,1,2,3,koclip_ft
7935,kpop_0042.png,4,1,3,koclip_ft
7936,kpop_0042.png,4,1,3,koclip_ft
7937,kpop_0042.png,4,2,3,koclip_ft
7938,kpop_0042.png,0,0,3,koclip_ft
7939,kpop_0042.png,3,0,3,koclip_ft
7940,kpop_0042.png,3,1,3,koclip_ft
7941,kpop_0042.png,3,0,3,koclip_ft
7942,kpop_0042.png,3,4,3,koclip_ft
7943,kpop_0042.png,3,2,3,koclip_ft
7944,kpop_0042.png,2,1,3,koclip_ft
7945,kpop_0044.png,4,4,3,koclip_ft
7946,kpop_0044.png,4,4,3,koclip_ft
7947,kpop_0044.png,4,4,3,koclip_ft
7948,kpop_0044.png,4,0,3,koclip_ft
7949,kpop_0044.png,2,2,3,koclip_ft
8011,kpop_0050.png,4,3,3,koclip_ft
8012,kpop_0050.png,4,0,3,koclip_ft
8013,kpop_0050.png,3,3,3,koclip_ft
8014,kpop_0050.png,3,3,3,koclip_ft
8093,kpop_0063.png,4,1,3,koclip_ft
8094,kpop_0063.png,4,0,3,koclip_ft
8095,kpop_0063.png,3,1,3,koclip_ft
8096,kpop_0063.png,1,0,3,koclip_ft
8097,kpop_0063.png,2,3,3,koclip_ft
8098,kpop_0064.png,4,2,3,koclip_ft
8099,kpop_0064.png,1,2,3,koclip_ft
8100,kpop_0064.png,4,0,3,koclip_ft
8101,kpop_0064.png,3,4,3,koclip_ft
8102,kpop_0064.png,1,2,3,koclip_ft
8103,kpop_0064.png,3,3,3,koclip_ft
8104,kpop_0064.png,3,0,3,koclip_ft
8105,kpop_0064.png,3,3,3,koclip_ft
8106,kpop_0064.png,2,4,3,koclip_ft
8131,kpop_0067.png,0,4,3,koclip_ft
8132,kpop_0067.png,0,4,3,koclip_ft
8133,kpop_0067.png,1,3,3,koclip_ft
8134,kpop_0067.png,1,2,3,koclip_ft
8223,kpop_0080.png,4,1,3,koclip_ft
8224,kpop_0080.png,4,2,3,koclip_ft
8225,kpop_0080.png,4,4,3,koclip_ft
8226,kpop_0080.png,2,3,3,koclip_ft
8227,kpop_0080.png,2,3,3,koclip_ft
8228,kpop_0080.png,1,1,3,koclip_ft
8229,kpop_0080.png,1,4,3,koclip_ft
8230,kpop_0080.png,1,0,3,koclip_ft
8231,kpop_0080.png,0,4,3,koclip_ft
8232,kpop_0080.png,0,2,3,koclip_ft
8254,kpop_0086.png,3,3,3,koclip_ft
8255,kpop_0086.png,4,3,3,koclip_ft
8256,kpop_0086.png,3,2,3,koclip_ft
8257,kpop_0086.png,3,3,3,koclip_ft
8258,kpop_0086.png,1,2,3,koclip_ft
8259,kpop_0086.png,4,2,3,koclip_ft
8260,kpop_0086.png,2,2,3,koclip_ft
8261,kpop_0086.png,1,1,3,koclip_ft
8262,kpop_0086.png,0,1,3,koclip_ft
8317,kpop_0096.png,4,4,3,koclip_ft
8318,kpop_0096.png,3,4,3,koclip_ft
8319,kpop_0096.png,4,4,3,koclip_ft
8320,kpop_0096.png,3,3,3,koclip_ft
8321,kpop_0096.png,2,3,3,koclip_ft
8322,kpop_0096.png,1,3,3,koclip_ft
8393,spotify_0005.png,1,1,3,koclip_ft
8394,spotify_0005.png,3,1,3,koclip_ft
8405,spotify_0009.png,4,4,3,koclip_ft
8406,spotify_0009.png,3,4,3,koclip_ft
8407,spotify_0009.png,2,4,3,koclip_ft
8408,spotify_0009.png,2,0,3,koclip_ft
8409,spotify_0009.png,4,1,3,koclip_ft
8473,spotify_0034.png,2,1,3,koclip_ft
8474,spotify_0034.png,3,4,3,koclip_ft
8475,spotify_0034.png,3,3,3,koclip_ft
8476,spotify_0034.png,4,4,3,koclip_ft
8477,spotify_0034.png,4,4,3,koclip_ft
8478,spotify_0035.png,4,0,3,koclip_ft
8479,spotify_0035.png,4,4,3,koclip_ft
8480,spotify_0035.png,3,2,3,koclip_ft
8481,spotify_0035.png,3,3,3,koclip_ft
8482,spotify_0035.png,1,1,3,koclip_ft
8534,spotify_0053.png,4,0,3,koclip_ft
8535,spotify_0053.png,4,4,3,koclip_ft
8536,spotify_0053.png,4,4,3,koclip_ft
8537,spotify_0053.png,4,4,3,koclip_ft
8538,spotify_0055.png,4,2,3,koclip_ft
8539,spotify_0055.png,4,1,3,koclip_ft
8540,spotify_0055.png,4,2,3,koclip_ft
8541,spotify_0055.png,3,2,3,koclip_ft
8542,spotify_0055.png,2,2,3,koclip_ft
8543,spotify_0055.png,2,2,3,koclip_ft
8567,spotify_0063.png,3,1,3,koclip_ft
8568,spotify_0063.png,2,3,3,koclip_ft
8569,spotify_0063.png,4,4,3,koclip_ft
8570,spotify_0064.png,2,2,3,koclip_ft
8571,spotify_0064.png,2,2,3,koclip_ft
8572,spotify_0064.png,3,1,3,koclip_ft
8573,spotify_0064.png,4,2,3,koclip_ft
8574,spotify_0064.png,4,2,3,koclip_ft
8575,spotify_0064.png,4,3,3,koclip_ft
8576,spotify_0064.png,4,2,3,koclip_ft
8577,spotify_0064.png,4,3,3,koclip_ft
8578,spotify_0064.png,2,1,3,koclip_ft
8579,spotify_0064.png,4,1,3,koclip_ft
8580,spotify_0064.png,4,1,3,koclip_ft
8581,spotify_0064.png,2,1,3,koclip_ft
8582,spotify_0064.png,2,0,3,koclip_ft
8583,spotify_0064.png,2,0,3,koclip_ft
8617,spotify_0077.png,4,1,3,koclip_ft
8622,spotify_0081.png,4,2,3,koclip_ft
8623,spotify_0081.png,3,4,3,koclip_ft
8624,spotify_0081.png,4,2,3,koclip_ft
8625,spotify_0081.png,2,2,3,koclip_ft
8627,spotify_0085.png,2,1,3,koclip_ft
8628,spotify_0085.png,3,3,3,koclip_ft
8629,spotify_0085.png,4,2,3,koclip_ft
8630,spotify_0085.png,3,2,3,koclip_ft
8631,spotify_0085.png,3,2,3,koclip_ft
8660,spotify_0097.png,3,2,3,koclip_ft
8661,spotify_0097.png,3,2,3,koclip_ft
8662,spotify_0097.png,4,2,3,koclip_ft
8663,spotify_0097.png,2,3,3,koclip_ft
8664,spotify_0097.png,3,2,3,koclip_ft
8670,netflix_0001.png,4,4,3,koclip_ft
8671,netflix_0001.png,1,4,3,koclip_ft
8672,netflix_0001.png,3,3,3,koclip_ft
8673,netflix_0001.png,4,4,3,koclip_ft
8674,netflix_0001.png,2,2,3,koclip_ft
8675,netflix_0001.png,1,2,3,koclip_ft
8676,netflix_0001.png,1,2,3,koclip_ft
8677,netflix_0001.png,1,2,3,koclip_ft
8678,netflix_0001.png,2,2,3,koclip_ft
8679,netflix_0001.png,2,2,3,koclip_ft
8743,netflix_0019.png,4,1,3,koclip_ft
8744,netflix_0019.png,4,0,3,koclip_ft
8745,netflix_0019.png,1,1,3,koclip_ft
8746,netflix_0019.png,3,0,3,koclip_ft
8747,netflix_0019.png,1,4,3,koclip_ft
8748,netflix_0019.png,1,3,3,koclip_ft
8749,netflix_0019.png,1,2,3,koclip_ft
8750,netflix_0019.png,3,1,3,koclip_ft
8751,netflix_0019.png,0,1,3,koclip_ft
8752,netflix_0019.png,0,0,3,koclip_ft
8775,netflix_0022.png,4,4,3,koclip_ft
8776,netflix_0022.png,4,4,3,koclip_ft
8777,netflix_0022.png,4,0,3,koclip_ft
8778,netflix_0022.png,4,2,3,koclip_ft
8779,netflix_0022.png,4,4,3,koclip_ft
8780,netflix_0022.png,2,2,3,koclip_ft
8791,netflix_0029.png,4,4,3,koclip_ft
8792,netflix_0029.png,4,1,3,koclip_ft
8793,netflix_0029.png,2,4,3,koclip_ft
8794,netflix_0029.png,3,2,3,koclip_ft
8795,netflix_0029.png,3,0,3,koclip_ft
8814,netflix_0036.png,4,4,3,koclip_ft
8815,netflix_0036.png,4,2,3,koclip_ft
8816,netflix_0036.png,2,2,3,koclip_ft
8817,netflix_0036.png,1,0,3,koclip_ft
8818,netflix_0036.png,3,1,3,koclip_ft
8819,netflix_0036.png,0,3,3,koclip_ft
8820,netflix_0036.png,0,0,3,koclip_ft
8853,netflix_0044.png,4,4,3,koclip_ft
8854,netflix_0044.png,4,4,3,koclip_ft
8855,netflix_0044.png,4,4,3,koclip_ft
8856,netflix_0044.png,1,4,3,koclip_ft
8857,netflix_0044.png,4,1,3,koclip_ft
8858,netflix_0046.png,1,4,3,koclip_ft
8859,netflix_0046.png,4,1,3,koclip_ft
8860,netflix_0046.png,3,3,3,koclip_ft
8861,netflix_0046.png,4,2,3,koclip_ft
8882,netflix_0051.png,4,0,3,koclip_ft
8883,netflix_0051.png,4,4,3,koclip_ft
8884,netflix_0051.png,4,3,3,koclip_ft
8885,netflix_0051.png,3,4,3,koclip_ft
8886,netflix_0051.png,3,0,3,koclip_ft
8904,netflix_0054.png,4,0,3,koclip_ft
8905,netflix_0054.png,4,1,3,koclip_ft
8906,netflix_0054.png,2,2,3,koclip_ft
8907,netflix_0054.png,2,1,3,koclip_ft
8908,netflix_0054.png,2,3,3,koclip_ft
8919,netflix_0059.png,4,1,3,koclip_ft
8920,netflix_0059.png,3,4,3,koclip_ft
8921,netflix_0059.png,3,3,3,koclip_ft
8922,netflix_0059.png,4,4,3,koclip_ft
8923,netflix_0059.png,3,1,3,koclip_ft
8924,netflix_0059.png,3,1,3,koclip_ft
8925,netflix_0059.png,2,2,3,koclip_ft
8926,netflix_0059.png,1,2,3,koclip_ft
8927,netflix_0059.png,3,2,3,koclip_ft
8928,netflix_0059.png,2,2,3,koclip_ft
8929,netflix_0059.png,4,3,3,koclip_ft
8930,netflix_0059.png,4,1,3,koclip_ft
8931,netflix_0059.png,1,3,3,koclip_ft
8932,netflix_0059.png,1,2,3,koclip_ft
8933,netflix_0059.png,2,2,3,koclip_ft
8961,netflix_0069.png,1,4,3,koclip_ft
8962,netflix_0069.png,1,3,3,koclip_ft
8963,netflix_0069.png,1,3,3,koclip_ft
8964,netflix_0069.png,2,2,3,koclip_ft
8965,netflix_0069.png,2,2,3,koclip_ft
8978,netflix_0073.png,0,0,3,koclip_ft
8979,netflix_0073.png,0,1,3,koclip_ft
8980,netflix_0073.png,1,4,3,koclip_ft
8981,netflix_0073.png,1,4,3,koclip_ft
8987,netflix_0079.png,4,4,3,koclip_ft
8988,netflix_0079.png,4,1,3,koclip_ft
8989,netflix_0079.png,4,4,3,koclip_ft
8990,netflix_0079.png,4,0,3,koclip_ft
8991,netflix_0079.png,4,4,3,koclip_ft
8999,netflix_0086.png,4,3,3,koclip_ft
9000,netflix_0086.png,4,4,3,koclip_ft
9001,netflix_0086.png,4,4,3,koclip_ft
9002,netflix_0086.png,1,4,3,koclip_ft
9003,netflix_0086.png,4,3,3,koclip_ft
9004,netflix_0088.png,4,1,3,koclip_ft
9005,netflix_0088.png,3,1,3,koclip_ft
9006,netflix_0088.png,1,1,3,koclip_ft
9007,netflix_0088.png,1,0,3,koclip_ft
9008,netflix_0088.png,1,2,3,koclip_ft
9039,netflix_0097.png,4,2,3,koclip_ft
9040,netflix_0097.png,4,0,3,koclip_ft
9041,netflix_0097.png,3,4,3,koclip_ft
9042,netflix_0097.png,3,4,3,koclip_ft
9043,netflix_0097.png,2,2,3,koclip_ft
9044,netflix_0098.png,4,4,3,koclip_ft
9045,netflix_0098.png,4,4,3,koclip_ft
9046,netflix_0098.png,4,4,3,koclip_ft
9047,netflix_0098.png,1,1,3,koclip_ft
9048,netflix_0098.png,4,4,3,koclip_ft
9049,netflix_0098.png,4,4,3,koclip_ft
9050,netflix_0098.png,0,2,3,koclip_ft
9051,netflix_0098.png,0,4,3,koclip_ft
9052,netflix_0098.png,0,3,3,koclip_ft
9053,netflix_0098.png,0,4,3,koclip_ft
9054,netflix_0098.png,0,3,3,koclip_ft
9055,netflix_0098.png,2,1,3,koclip_ft
9056,netflix_0098.png,1,2,3,koclip_ft
9057,netflix_0098.png,0,2,3,koclip_ft
9058,netflix_0098.png,0,1,3,koclip_ft
9059,netflix_0098.png,0,0,3,koclip_ft
9060,netflix_0099.png,4,1,3,koclip_ft
9061,netflix_0099.png,4,4,3,koclip_ft
9067,apple_0002.png,1,4,3,koclip_ft
9068,apple_0002.png,1,4,3,koclip_ft
9069,apple_0002.png,1,4,3,koclip_ft
9070,apple_0002.png,2,2,3,koclip_ft
9071,apple_0002.png,1,1,3,koclip_ft
9100,apple_0010.png,4,4,3,koclip_ft
9101,apple_0010.png,3,3,3,koclip_ft
9102,apple_0010.png,2,4,3,koclip_ft
9103,apple_0010.png,1,1,3,koclip_ft
9104,apple_0010.png,1,2,3,koclip_ft
9105,apple_0010.png,1,2,3,koclip_ft
9106,apple_0010.png,0,1,3,koclip_ft
9107,apple_0010.png,1,1,3,koclip_ft
9108,apple_0010.png,1,2,3,koclip_ft
9109,apple_0010.png,1,2,3,koclip_ft
9110,apple_0010.png,1,1,3,koclip_ft
9111,apple_0010.png,1,0,3,koclip_ft
9112,apple_0010.png,0,0,3,koclip_ft
9113,apple_0010.png,2,2,3,koclip_ft
9114,apple_0010.png,2,4,3,koclip_ft
9115,apple_0010.png,2,0,3,koclip_ft
9116,apple_0010.png,2,0,3,koclip_ft
9117,apple_0010.png,2,0,3,koclip_ft
9121,apple_0013.png,4,1,3,koclip_ft
9122,apple_0013.png,4,4,3,koclip_ft
9123,apple_0013.png,4,1,3,koclip_ft
9124,apple_0013.png,4,1,3,koclip_ft
9125,apple_0013.png,4,4,3,koclip_ft
9126,apple_0013.png,4,1,3,koclip_ft
9127,apple_0013.png,4,1,3,koclip_ft
9128,apple_0013.png,4,0,3,koclip_ft
9129,apple_0013.png,4,0,3,koclip_ft
9130,apple_0013.png,4,1,3,koclip_ft
9133,apple_0021.png,4,4,3,koclip_ft
9134,apple_0021.png,4,4,3,koclip_ft
9135,apple_0021.png,4,4,3,koclip_ft
9136,apple_0021.png,2,2,3,koclip_ft
9137,apple_0021.png,3,4,3,koclip_ft
9142,apple_0024.png,4,4,3,koclip_ft
9143,apple_0024.png,4,4,3,koclip_ft
9144,apple_0024.png,4,1,3,koclip_ft
9145,apple_0024.png,1,1,3,koclip_ft
9146,apple_0024.png,2,2,3,koclip_ft
9199,apple_0045.png,4,4,3,koclip_ft
9200,apple_0045.png,3,0,3,koclip_ft
9201,apple_0045.png,4,0,3,koclip_ft
9202,apple_0045.png,4,4,3,koclip_ft
9203,apple_0045.png,3,4,3,koclip_ft
9228,apple_0051.png,4,4,3,koclip_ft
9229,apple_0051.png,4,1,3,koclip_ft
9230,apple_0051.png,4,4,3,koclip_ft
9231,apple_0051.png,4,4,3,koclip_ft
9249,apple_0061.png,4,4,3,koclip_ft
9250,apple_0061.png,4,4,3,koclip_ft
9251,apple_0061.png,3,4,3,koclip_ft
9252,apple_0061.png,4,4,3,koclip_ft
9253,apple_0061.png,3,3,3,koclip_ft
9254,apple_0064.png,4,4,3,koclip_ft
9255,apple_0064.png,4,4,3,koclip_ft
9267,apple_0070.png,4,4,3,koclip_ft
9268,apple_0070.png,4,4,3,koclip_ft
9269,apple_0070.png,3,1,3,koclip_ft
9270,apple_0070.png,1,0,3,koclip_ft
9271,apple_0070.png,0,0,3,koclip_ft
9287,apple_0076.png,4,2,3,koclip_ft
9288,apple_0076.png,4,1,3,koclip_ft
9289,apple_0076.png,0,3,3,koclip_ft
9290,apple_0076.png,3,1,3,koclip_ft
9291,apple_0076.png,2,2,3,koclip_ft
9292,apple_0076.png,1,2,3,koclip_ft
9293,apple_0076.png,2,2,3,koclip_ft
9294,apple_0076.png,2,2,3,koclip_ft
9295,apple_0076.png,0,1,3,koclip_ft
9296,apple_0076.png,4,2,3,koclip_ft
9297,apple_0076.png,1,1,3,koclip_ft
9298,apple_0076.png,3,2,3,koclip_ft
9299,apple_0076.png,0,4,3,koclip_ft
9300,apple_0076.png,0,0,3,koclip_ft
9301,apple_0076.png,1,3,3,koclip_ft
9302,apple_0076.png,0,4,3,koclip_ft
9303,apple_0076.png,3,3,3,koclip_ft
9304,apple_0076.png,0,4,3,koclip_ft
9305,apple_0076.png,0,4,3,koclip_ft
9316,apple_0088.png,4,4,3,koclip_ft
9317,apple_0088.png,4,4,3,koclip_ft
9318,apple_0088.png,0,1,3,koclip_ft
9319,apple_0088.png,2,4,3,koclip_ft
9320,apple_0088.png,3,1,3,koclip_ft
9321,apple_0090.png,4,4,3,koclip_ft
9322,apple_0090.png,4,4,3,koclip_ft
9323,apple_0090.png,1,4,3,koclip_ft
9324,apple_0091.png,4,4,3,koclip_ft
9325,apple_0091.png,4,4,3,koclip_ft
9326,apple_0091.png,1,4,3,koclip_ft
9327,apple_0091.png,3,4,3,koclip_ft
9328,apple_0091.png,1,2,3,koclip_ft
9351,apple_0099.png,4,4,3,koclip_ft
9352,apple_0099.png,4,0,3,koclip_ft
9353,apple_0099.png,2,2,3,koclip_ft
9354,apple_0099.png,3,4,3,koclip_ft
9355,galaxy_0002.png,4,4,3,koclip_ft
9356,galaxy_0002.png,4,0,3,koclip_ft
9357,galaxy_0002.png,4,4,3,koclip_ft
9358,galaxy_0002.png,0,0,3,koclip_ft
9359,galaxy_0002.png,1,1,3,koclip_ft
9400,galaxy_0013.png,4,3,3,koclip_ft
9401,galaxy_0013.png,4,4,3,koclip_ft
9402,galaxy_0013.png,1,3,3,koclip_ft
9403,galaxy_0013.png,3,4,3,koclip_ft
9404,galaxy_0013.png,2,2,3,koclip_ft
9497,galaxy_0030.png,4,1,3,koclip_ft
9498,galaxy_0030.png,3,4,3,koclip_ft
9499,galaxy_0030.png,4,4,3,koclip_ft
9500,galaxy_0030.png,4,4,3,koclip_ft
9501,galaxy_0030.png,4,4,3,koclip_ft
9502,galaxy_0030.png,0,1,3,koclip_ft
9572,galaxy_0051.png,1,3,3,koclip_ft
9573,galaxy_0051.png,3,1,3,koclip_ft
9574,galaxy_0051.png,1,4,3,koclip_ft
9575,galaxy_0051.png,1,4,3,koclip_ft
9587,galaxy_0059.png,1,0,3,koclip_ft
9588,galaxy_0059.png,4,4,3,koclip_ft
9589,galaxy_0059.png,3,0,3,koclip_ft
9590,galaxy_0059.png,4,4,3,koclip_ft
9591,galaxy_0059.png,2,4,3,koclip_ft
9620,galaxy_0066.png,1,1,3,koclip_ft
9621,galaxy_0066.png,4,4,3,koclip_ft
9622,galaxy_0066.png,1,1,3,koclip_ft
9623,galaxy_0066.png,3,3,3,koclip_ft
9624,galaxy_0066.png,4,4,3,koclip_ft
9629,galaxy_0068.png,2,1,3,koclip_ft
9630,galaxy_0068.png,4,4,3,koclip_ft
9631,galaxy_0068.png,4,4,3,koclip_ft
9632,galaxy_0068.png,2,1,3,koclip_ft
9633,galaxy_0069.png,1,4,3,koclip_ft
9634,galaxy_0069.png,4,4,3,koclip_ft
9635,galaxy_0069.png,2,2,3,koclip_ft
9636,galaxy_0069.png,3,3,3,koclip_ft
9679,galaxy_0080.png,4,3,3,koclip_ft
9680,galaxy_0080.png,1,1,3,koclip_ft
9681,galaxy_0080.png,3,4,3,koclip_ft
9682,galaxy_0080.png,4,4,3,koclip_ft
9712,galaxy_0086.png,4,1,3,koclip_ft
9713,galaxy_0086.png,4,4,3,koclip_ft
9714,galaxy_0086.png,4,4,3,koclip_ft
9715,galaxy_0086.png,4,4,3,koclip_ft
9716,galaxy_0086.png,1,1,3,koclip_ft
9722,galaxy_0088.png,4,3,3,koclip_ft
9723,galaxy_0088.png,3,3,3,koclip_ft
9724,galaxy_0088.png,1,2,3,koclip_ft
9725,galaxy_0088.png,2,2,3,koclip_ft
9726,galaxy_0088.png,4,3,3,koclip_ft
9727,galaxy_0089.png,3,1,3,koclip_ft
9728,galaxy_0089.png,4,4,3,koclip_ft
9729,galaxy_0089.png,4,4,3,koclip_ft
9730,galaxy_0089.png,1,4,3,koclip_ft
9731,galaxy_0089.png,4,4,3,koclip_ft
9732,galaxy_0089.png,2,1,3,koclip_ft
9733,galaxy_0089.png,4,4,3,koclip_ft
9734,galaxy_0089.png,4,0,3,koclip_ft
9735,galaxy_0089.png,4,1,3,koclip_ft
9736,galaxy_0089.png,1,1,3,koclip_ft
9745,galaxy_0091.png,4,0,3,koclip_ft
9746,galaxy_0091.png,4,0,3,koclip_ft
9747,galaxy_0091.png,4,1,3,koclip_ft
9748,galaxy_0091.png,4,1,3,koclip_ft
9749,galaxy_0091.png,3,1,3,koclip_ft
9750,galaxy_0091.png,4,4,3,koclip_ft
9751,galaxy_0091.png,4,4,3,koclip_ft
9752,galaxy_0091.png,4,4,3,koclip_ft
9753,galaxy_0091.png,3,4,3,koclip_ft
9754,galaxy_0091.png,3,4,3,koclip_ft
9755,galaxy_0091.png,3,3,3,koclip_ft
9756,galaxy_0091.png,3,3,3,koclip_ft
9757,galaxy_0091.png,3,4,3,koclip_ft
9758,galaxy_0091.png,1,2,3,koclip_ft
9761,galaxy_0093.png,3,3,3,koclip_ft
9762,galaxy_0093.png,2,2,3,koclip_ft
9763,galaxy_0093.png,4,3,3,koclip_ft
9764,galaxy_0093.png,3,2,3,koclip_ft
9765,galaxy_0093.png,2,4,3,koclip_ft
9771,galaxy_0097.png,4,4,3,koclip_ft
9772,galaxy_0097.png,4,4,3,koclip_ft
9773,galaxy_0097.png,3,1,3,koclip_ft
9774,galaxy_0097.png,1,4,3,koclip_ft
9775,galaxy_0098.png,4,2,3,koclip_ft
9776,galaxy_0098.png,4,3,3,koclip_ft
9777,galaxy_0098.png,2,2,3,koclip_ft
9778,galaxy_0098.png,2,2,3,koclip_ft
9817,iphone16_0005.png,4,3,3,koclip_ft
9818,iphone16_0005.png,4,3,3,koclip_ft
9819,iphone16_0005.png,3,3,3,koclip_ft
9820,iphone16_0005.png,4,3,3,koclip_ft
9821,iphone16_0005.png,4,3,3,koclip_ft
9822,iphone16_0005.png,3,3,3,koclip_ft
9823,iphone16_0005.png,3,4,3,koclip_ft
9824,iphone16_0005.png,4,4,3,koclip_ft
9825,iphone16_0005.png,3,3,3,koclip_ft
9826,iphone16_0005.png,3,3,3,koclip_ft
9827,iphone16_0005.png,3,3,3,koclip_ft
9828,iphone16_0005.png,4,4,3,koclip_ft
9829,iphone16_0005.png,0,0,3,koclip_ft
9830,iphone16_0005.png,4,4,3,koclip_ft
9831,iphone16_0005.png,0,0,3,koclip_ft
9832,iphone16_0005.png,0,0,3,koclip_ft
9833,iphone16_0005.png,0,4,3,koclip_ft
9834,iphone16_0005.png,0,4,3,koclip_ft
9862,iphone16_0013.png,4,4,3,koclip_ft
9863,iphone16_0013.png,1,2,3,koclip_ft
9864,iphone16_0013.png,4,4,3,koclip_ft
9865,iphone16_0013.png,2,2,3,koclip_ft
9866,iphone16_0013.png,0,4,3,koclip_ft
9867,iphone16_0013.png,2,1,3,koclip_ft
9872,iphone16_0015.png,4,1,3,koclip_ft
9873,iphone16_0015.png,3,3,3,koclip_ft
9874,iphone16_0015.png,0,4,3,koclip_ft
9875,iphone16_0015.png,4,1,3,koclip_ft
9895,iphone16_0024.png,1,0,3,koclip_ft
9896,iphone16_0024.png,1,4,3,koclip_ft
9897,iphone16_0024.png,1,0,3,koclip_ft
9898,iphone16_0024.png,3,4,3,koclip_ft
9899,iphone16_0024.png,4,4,3,koclip_ft
9909,iphone16_0030.png,4,4,3,koclip_ft
9910,iphone16_0030.png,1,4,3,koclip_ft
9925,iphone16_0035.png,4,4,3,koclip_ft
9926,iphone16_0035.png,4,4,3,koclip_ft
9927,iphone16_0035.png,4,4,3,koclip_ft
9928,iphone16_0036.png,4,4,3,koclip_ft
9929,iphone16_0036.png,4,0,3,koclip_ft
9930,iphone16_0036.png,3,1,3,koclip_ft
9931,iphone16_0036.png,4,4,3,koclip_ft
9978,iphone16_0049.png,4,4,3,koclip_ft
9979,iphone16_0049.png,4,4,3,koclip_ft
9980,iphone16_0049.png,4,4,3,koclip_ft
9981,iphone16_0049.png,3,1,3,koclip_ft
9982,iphone16_0049.png,3,4,3,koclip_ft
10002,iphone16_0056.png,4,4,3,koclip_ft
10003,iphone16_0056.png,4,4,3,koclip_ft
10004,iphone16_0056.png,1,2,3,koclip_ft
10005,iphone16_0056.png,2,2,3,koclip_ft
10006,iphone16_0056.png,3,2,3,koclip_ft
10048,iphone16_0064.png,4,4,3,koclip_ft
10049,iphone16_0064.png,4,4,3,koclip_ft
10050,iphone16_0064.png,3,0,3,koclip_ft
10051,iphone16_0064.png,3,2,3,koclip_ft
10052,iphone16_0064.png,1,0,3,koclip_ft
10077,iphone16_0073.png,4,4,3,koclip_ft
10078,iphone16_0073.png,3,3,3,koclip_ft
10079,iphone16_0073.png,1,4,3,koclip_ft
10080,iphone16_0073.png,0,3,3,koclip_ft
10081,iphone16_0073.png,0,3,3,koclip_ft
10082,iphone16_0073.png,3,0,3,koclip_ft
10083,iphone16_0073.png,4,4,3,koclip_ft
10084,iphone16_0073.png,2,3,3,koclip_ft
10085,iphone16_0073.png,4,4,3,koclip_ft
10086,iphone16_0073.png,0,4,3,koclip_ft
10087,iphone16_0073.png,0,4,3,koclip_ft
10088,iphone16_0073.png,4,3,3,koclip_ft
10089,iphone16_0073.png,0,4,3,koclip_ft
10090,iphone16_0073.png,4,4,3,koclip_ft
10091,iphone16_0073.png,0,4,3,koclip_ft
10092,iphone16_0073.png,0,4,3,koclip_ft
10093,iphone16_0073.png,1,3,3,koclip_ft
10094,iphone16_0073.png,0,3,3,koclip_ft
10095,iphone16_0073.png,4,3,3,koclip_ft
10096,iphone16_0073.png,0,0,3,koclip_ft
10097,iphone16_0073.png,3,4,3,koclip_ft
10098,iphone16_0073.png,0,4,3,koclip_ft
10099,iphone16_0073.png,0,4,3,koclip_ft
10100,iphone16_0073.png,4,4,3,koclip_ft
10101,iphone16_0073.png,0,4,3,koclip_ft
10102,iphone16_0073.png,0,4,3,koclip_ft
10103,iphone16_0073.png,0,4,3,koclip_ft
10104,iphone16_0073.png,0,0,3,koclip_ft
10105,iphone16_0073.png,0,4,3,koclip_ft
10116,iphone16_0077.png,4,4,3,koclip_ft
10152,iphone16_0080.png,3,0,3,koclip_ft
10153,iphone16_0080.png,4,4,3,koclip_ft
10154,iphone16_0080.png,3,4,3,koclip_ft
10155,iphone16_0080.png,4,4,3,koclip_ft
10156,iphone16_0080.png,2,2,3,koclip_ft
10162,iphone16_0083.png,4,4,3,koclip_ft
10163,iphone16_0083.png,4,4,3,koclip_ft
10164,iphone16_0083.png,2,2,3,koclip_ft
10165,iphone16_0083.png,1,1,3,koclip_ft
10166,iphone16_0083.png,0,1,3,koclip_ft
10167,iphone16_0084.png,4,4,3,koclip_ft
10168,iphone16_0084.png,3,2,3,koclip_ft
10169,iphone16_0084.png,1,3,3,koclip_ft
10170,iphone16_0084.png,1,3,3,koclip_ft
10171,iphone16_0084.png,4,4,3,koclip_ft
10194,iphone16_0089.png,4,3,3,koclip_ft
10195,iphone16_0089.png,4,4,3,koclip_ft
10196,iphone16_0089.png,4,4,3,koclip_ft
10197,iphone16_0089.png,3,4,3,koclip_ft
10198,iphone16_0089.png,4,4,3,koclip_ft
10229,iphone16_0093.png,0,1,3,koclip_ft
10230,iphone16_0093.png,1,1,3,koclip_ft
10231,iphone16_0093.png,0,4,3,koclip_ft
10232,iphone16_0093.png,4,3,3,koclip_ft
10233,iphone16_0093.png,3,2,3,koclip_ft
10257,iphone16_0099.png,1,0,3,koclip_ft
10258,iphone16_0099.png,0,0,3,koclip_ft
10259,iphone16_0099.png,4,3,3,koclip_ft
10260,iphone16_0099.png,3,2,3,koclip_ft
10292,healthstagram_0010.png,3,3,3,koclip_ft
10293,healthstagram_0010.png,4,3,3,koclip_ft
10294,healthstagram_0010.png,4,2,3,koclip_ft
10295,healthstagram_0010.png,4,1,3,koclip_ft
10296,healthstagram_0010.png,3,3,3,koclip_ft
10297,healthstagram_0010.png,3,3,3,koclip_ft
10298,healthstagram_0010.png,1,2,3,koclip_ft
10299,healthstagram_0010.png,2,2,3,koclip_ft
10300,healthstagram_0010.png,4,3,3,koclip_ft
10301,healthstagram_0010.png,2,4,3,koclip_ft
10302,healthstagram_0010.png,2,4,3,koclip_ft
10303,healthstagram_0010.png,2,2,3,koclip_ft
10304,healthstagram_0010.png,3,4,3,koclip_ft
10305,healthstagram_0010.png,0,0,3,koclip_ft
10306,healthstagram_0010.png,2,3,3,koclip_ft
10307,healthstagram_0010.png,2,4,3,koclip_ft
10308,healthstagram_0010.png,3,4,3,koclip_ft
10309,healthstagram_0010.png,3,3,3,koclip_ft
10310,healthstagram_0010.png,4,4,3,koclip_ft
10311,healthstagram_0010.png,1,4,3,koclip_ft
10314,healthstagram_0012.png,4,4,3,koclip_ft
10315,healthstagram_0012.png,4,4,3,koclip_ft
10316,healthstagram_0012.png,3,3,3,koclip_ft
10317,healthstagram_0012.png,4,0,3,koclip_ft
10318,healthstagram_0012.png,2,2,3,koclip_ft
10319,healthstagram_0012.png,3,2,3,koclip_ft
10320,healthstagram_0012.png,2,2,3,koclip_ft
10321,healthstagram_0012.png,2,2,3,koclip_ft
10322,healthstagram_0012.png,1,4,3,koclip_ft
10323,healthstagram_0012.png,1,3,3,koclip_ft
10324,healthstagram_0012.png,1,4,3,koclip_ft
10380,healthstagram_0024.png,3,2,3,koclip_ft
10381,healthstagram_0024.png,4,4,3,koclip_ft
10382,healthstagram_0024.png,3,2,3,koclip_ft
10383,healthstagram_0024.png,2,2,3,koclip_ft
10384,healthstagram_0024.png,4,3,3,koclip_ft
10385,healthstagram_0024.png,4,4,3,koclip_ft
10386,healthstagram_0024.png,3,2,3,koclip_ft
10387,healthstagram_0024.png,3,3,3,koclip_ft
10388,healthstagram_0024.png,0,1,3,koclip_ft
10389,healthstagram_0024.png,4,0,3,koclip_ft
10390,healthstagram_0024.png,1,1,3,koclip_ft
10391,healthstagram_0024.png,3,3,3,koclip_ft
10392,healthstagram_0024.png,4,4,3,koclip_ft
10393,healthstagram_0024.png,1,0,3,koclip_ft
10394,healthstagram_0024.png,2,2,3,koclip_ft
10395,healthstagram_0024.png,1,2,3,koclip_ft
10396,healthstagram_0024.png,0,3,3,koclip_ft
10397,healthstagram_0024.png,2,3,3,koclip_ft
10398,healthstagram_0024.png,3,4,3,koclip_ft
10399,healthstagram_0024.png,2,2,3,koclip_ft
10400,healthstagram_0024.png,3,3,3,koclip_ft
10401,healthstagram_0024.png,1,3,3,koclip_ft
10402,healthstagram_0024.png,3,3,3,koclip_ft
10403,healthstagram_0024.png,2,2,3,koclip_ft
10404,healthstagram_0024.png,2,4,3,koclip_ft
10405,healthstagram_0024.png,4,4,3,koclip_ft
10406,healthstagram_0024.png,3,2,3,koclip_ft
10407,healthstagram_0025.png,1,1,3,koclip_ft
10441,healthstagram_0038.png,4,4,3,koclip_ft
10442,healthstagram_0038.png,4,4,3,koclip_ft
10443,healthstagram_0038.png,1,2,3,koclip_ft
10444,healthstagram_0038.png,2,2,3,koclip_ft
10445,healthstagram_0038.png,4,0,3,koclip_ft
10446,healthstagram_0038.png,0,4,3,koclip_ft
10447,healthstagram_0038.png,3,3,3,koclip_ft
10448,healthstagram_0038.png,3,2,3,koclip_ft
10449,healthstagram_0038.png,1,2,3,koclip_ft
10450,healthstagram_0038.png,1,3,3,koclip_ft
10451,healthstagram_0038.png,2,2,3,koclip_ft
10452,healthstagram_0038.png,1,0,3,koclip_ft
10453,healthstagram_0038.png,0,1,3,koclip_ft
10454,healthstagram_0038.png,0,0,3,koclip_ft
10455,healthstagram_0038.png,3,3,3,koclip_ft
10456,healthstagram_0038.png,2,3,3,koclip_ft
10457,healthstagram_0038.png,2,2,3,koclip_ft
10458,healthstagram_0038.png,1,3,3,koclip_ft
10459,healthstagram_0038.png,1,2,3,koclip_ft
10460,healthstagram_0038.png,0,2,3,koclip_ft
10461,healthstagram_0038.png,0,3,3,koclip_ft
10462,healthstagram_0038.png,1,1,3,koclip_ft
10463,healthstagram_0038.png,2,2,3,koclip_ft
10464,healthstagram_0038.png,1,1,3,koclip_ft
10465,healthstagram_0038.png,4,4,3,koclip_ft
10466,healthstagram_0038.png,4,4,3,koclip_ft
10467,healthstagram_0038.png,4,2,3,koclip_ft
10468,healthstagram_0038.png,0,0,3,koclip_ft
10469,healthstagram_0038.png,0,0,3,koclip_ft
10470,healthstagram_0038.png,0,0,3,koclip_ft
10506,healthstagram_0042.png,1,1,3,koclip_ft
10507,healthstagram_0042.png,2,2,3,koclip_ft
10508,healthstagram_0042.png,1,1,3,koclip_ft
10509,healthstagram_0042.png,0,4,3,koclip_ft
10510,healthstagram_0042.png,0,3,3,koclip_ft
10511,healthstagram_0046.png,4,3,3,koclip_ft
10560,healthstagram_0061.png,0,4,3,koclip_ft
10561,healthstagram_0061.png,0,4,3,koclip_ft
10562,healthstagram_0061.png,0,4,3,koclip_ft
10563,healthstagram_0061.png,0,0,3,koclip_ft
10564,healthstagram_0061.png,0,3,3,koclip_ft
10565,healthstagram_0061.png,0,4,3,koclip_ft
10566,healthstagram_0061.png,0,4,3,koclip_ft
10567,healthstagram_0061.png,0,2,3,koclip_ft
10568,healthstagram_0061.png,4,3,3,koclip_ft
10569,healthstagram_0061.png,2,3,3,koclip_ft
10570,healthstagram_0061.png,2,2,3,koclip_ft
10571,healthstagram_0061.png,2,2,3,koclip_ft
10572,healthstagram_0061.png,1,3,3,koclip_ft
10573,healthstagram_0061.png,0,0,3,koclip_ft
10574,healthstagram_0061.png,0,1,3,koclip_ft
10575,healthstagram_0061.png,1,4,3,koclip_ft
10576,healthstagram_0061.png,0,3,3,koclip_ft
10577,healthstagram_0061.png,0,0,3,koclip_ft
10578,healthstagram_0061.png,1,4,3,koclip_ft
10579,healthstagram_0061.png,4,4,3,koclip_ft
10580,healthstagram_0061.png,4,4,3,koclip_ft
10581,healthstagram_0061.png,0,0,3,koclip_ft
10582,healthstagram_0061.png,1,1,3,koclip_ft
10583,healthstagram_0061.png,2,3,3,koclip_ft
10584,healthstagram_0061.png,4,1,3,koclip_ft
10585,healthstagram_0061.png,3,1,3,koclip_ft
10586,healthstagram_0061.png,0,0,3,koclip_ft
10587,healthstagram_0061.png,1,0,3,koclip_ft
10588,healthstagram_0061.png,3,0,3,koclip_ft
10636,healthstagram_0074.png,4,1,3,koclip_ft
10648,healthstagram_0084.png,3,0,3,koclip_ft
10649,healthstagram_0084.png,3,1,3,koclip_ft
10728,healthstagram_0092.png,4,2,3,koclip_ft
10729,healthstagram_0092.png,1,3,3,koclip_ft
10730,healthstagram_0092.png,2,3,3,koclip_ft
10731,healthstagram_0092.png,3,2,3,koclip_ft
10732,healthstagram_0092.png,3,1,3,koclip_ft
10733,healthstagram_0092.png,2,3,3,koclip_ft
10734,healthstagram_0092.png,2,2,3,koclip_ft
10735,healthstagram_0092.png,1,2,3,koclip_ft
10736,healthstagram_0092.png,2,2,3,koclip_ft
10737,healthstagram_0092.png,4,0,3,koclip_ft
10738,healthstagram_0092.png,0,0,3,koclip_ft
10739,healthstagram_0092.png,1,3,3,koclip_ft
10740,healthstagram_0092.png,2,2,3,koclip_ft
10741,healthstagram_0092.png,1,1,3,koclip_ft
10742,healthstagram_0092.png,1,2,3,koclip_ft
10743,healthstagram_0092.png,1,3,3,koclip_ft
10744,healthstagram_0092.png,2,2,3,koclip_ft
10745,healthstagram_0092.png,2,1,3,koclip_ft
10746,healthstagram_0092.png,4,4,3,koclip_ft
10747,healthstagram_0092.png,4,4,3,koclip_ft
10748,healthstagram_0092.png,2,2,3,koclip_ft
10749,healthstagram_0092.png,4,4,3,koclip_ft
10750,healthstagram_0092.png,4,4,3,koclip_ft
10751,healthstagram_0092.png,4,3,3,koclip_ft
10752,healthstagram_0092.png,1,2,3,koclip_ft
10753,healthstagram_0092.png,1,0,3,koclip_ft
10754,healthstagram_0092.png,4,2,3,koclip_ft
10755,healthstagram_0092.png,3,3,3,koclip_ft
10756,healthstagram_0092.png,3,3,3,koclip_ft
10757,healthstagram_0092.png,1,1,3,koclip_ft
10790,ounwan_0004.png,0,2,3,koclip_ft
10791,ounwan_0004.png,0,4,3,koclip_ft
10792,ounwan_0004.png,3,3,3,koclip_ft
10793,ounwan_0004.png,3,2,3,koclip_ft
10794,ounwan_0004.png,4,3,3,koclip_ft
10795,ounwan_0004.png,4,3,3,koclip_ft
10796,ounwan_0004.png,4,4,3,koclip_ft
10797,ounwan_0004.png,4,2,3,koclip_ft
10798,ounwan_0004.png,3,2,3,koclip_ft
10938,ounwan_0025.png,1,0,3,koclip_ft
10939,ounwan_0029.png,1,2,3,koclip_ft
10940,ounwan_0029.png,1,1,3,koclip_ft
10941,ounwan_0029.png,1,1,3,koclip_ft
10942,ounwan_0029.png,3,3,3,koclip_ft
10943,ounwan_0029.png,1,1,3,koclip_ft
10944,ounwan_0029.png,1,1,3,koclip_ft
10945,ounwan_0029.png,1,1,3,koclip_ft
10946,ounwan_0029.png,1,1,3,koclip_ft
11142,ounwan_0063.png,0,1,3,koclip_ft
11143,ounwan_0063.png,0,1,3,koclip_ft
11144,ounwan_0063.png,0,1,3,koclip_ft
11145,ounwan_0063.png,0,2,3,koclip_ft
11146,ounwan_0063.png,0,0,3,koclip_ft
11147,ounwan_0063.png,1,2,3,koclip_ft
11148,ounwan_0063.png,1,1,3,koclip_ft
11149,ounwan_0063.png,1,1,3,koclip_ft
11150,ounwan_0063.png,1,2,3,koclip_ft
11151,ounwan_0063.png,2,2,3,koclip_ft
11152,ounwan_0063.png,0,2,3,koclip_ft
11153,ounwan_0063.png,1,3,3,koclip_ft
11277,ounwan_0079.png,2,3,3,koclip_ft
11278,ounwan_0079.png,4,4,3,koclip_ft
11279,ounwan_0079.png,2,2,3,koclip_ft
11303,ounwan_0082.png,1,2,3,koclip_ft
11304,ounwan_0082.png,4,2,3,koclip_ft
11305,ounwan_0082.png,2,2,3,koclip_ft
11306,ounwan_0082.png,3,3,3,koclip_ft
11318,ounwan_0088.png,4,0,3,koclip_ft
11319,ounwan_0088.png,3,4,3,koclip_ft
11320,ounwan_0088.png,2,1,3,koclip_ft
11321,ounwan_0088.png,0,4,3,koclip_ft
11322,ounwan_0088.png,3,4,3,koclip_ft
11323,ounwan_0088.png,4,3,3,koclip_ft
11324,ounwan_0088.png,0,0,3,koclip_ft
11325,ounwan_0088.png,0,0,3,koclip_ft
11326,ounwan_0088.png,1,0,3,koclip_ft
11507,dietfood_0021.png,0,4,3,koclip_ft
11508,dietfood_0021.png,0,0,3,koclip_ft
11509,dietfood_0021.png,0,4,3,koclip_ft
11510,dietfood_0021.png,2,3,3,koclip_ft
11511,dietfood_0021.png,2,3,3,koclip_ft
11512,dietfood_0021.png,0,4,3,koclip_ft
11519,dietfood_0025.png,4,3,3,koclip_ft
11520,dietfood_0025.png,4,3,3,koclip_ft
11521,dietfood_0025.png,4,4,3,koclip_ft
11522,dietfood_0025.png,4,3,3,koclip_ft
11523,dietfood_0025.png,3,3,3,koclip_ft
11524,dietfood_0025.png,4,4,3,koclip_ft
11525,dietfood_0025.png,4,4,3,koclip_ft
11526,dietfood_0025.png,2,3,3,koclip_ft
11527,dietfood_0025.png,3,2,3,koclip_ft
11528,dietfood_0025.png,4,2,3,koclip_ft
11582,dietfood_0033.png,4,3,3,koclip_ft
11583,dietfood_0033.png,3,3,3,koclip_ft
11584,dietfood_0033.png,3,3,3,koclip_ft
11585,dietfood_0033.png,2,2,3,koclip_ft
11586,dietfood_0033.png,4,2,3,koclip_ft
11587,dietfood_0033.png,2,3,3,koclip_ft
11588,dietfood_0033.png,4,3,3,koclip_ft
11589,dietfood_0033.png,3,3,3,koclip_ft
11590,dietfood_0033.png,3,4,3,koclip_ft
11591,dietfood_0033.png,2,2,3,koclip_ft
11615,dietfood_0036.png,4,4,3,koclip_ft
11616,dietfood_0036.png,2,3,3,koclip_ft
11617,dietfood_0036.png,3,3,3,koclip_ft
11618,dietfood_0036.png,2,2,3,koclip_ft
11619,dietfood_0036.png,2,3,3,koclip_ft
11620,dietfood_0036.png,2,3,3,koclip_ft
11621,dietfood_0036.png,1,4,3,koclip_ft
11622,dietfood_0036.png,1,2,3,koclip_ft
11623,dietfood_0036.png,1,2,3,koclip_ft
11624,dietfood_0036.png,2,2,3,koclip_ft
11625,dietfood_0036.png,1,2,3,koclip_ft
11680,dietfood_0052.png,3,1,3,koclip_ft
11681,dietfood_0052.png,4,4,3,koclip_ft
11682,dietfood_0052.png,4,3,3,koclip_ft
11683,dietfood_0052.png,3,3,3,koclip_ft
11684,dietfood_0052.png,2,4,3,koclip_ft
11685,dietfood_0052.png,3,4,3,koclip_ft
11686,dietfood_0052.png,2,2,3,koclip_ft
11687,dietfood_0052.png,0,4,3,koclip_ft
11801,dietfood_0069.png,2,0,3,koclip_ft
11802,dietfood_0069.png,4,4,3,koclip_ft
11803,dietfood_0069.png,4,4,3,koclip_ft
11804,dietfood_0069.png,1,3,3,koclip_ft
11805,dietfood_0069.png,2,3,3,koclip_ft
11869,dietfood_0078.png,4,4,3,koclip_ft
11870,dietfood_0078.png,4,4,3,koclip_ft
11871,dietfood_0078.png,4,4,3,koclip_ft
11872,dietfood_0078.png,3,3,3,koclip_ft
11911,dietfood_0085.png,4,0,3,koclip_ft
11912,dietfood_0085.png,4,0,3,koclip_ft
11913,dietfood_0085.png,3,3,3,koclip_ft
11914,dietfood_0085.png,3,3,3,koclip_ft
11915,dietfood_0085.png,3,3,3,koclip_ft
11955,dietfood_0093.png,4,3,3,koclip_ft
11956,dietfood_0093.png,4,2,3,koclip_ft
11957,dietfood_0093.png,3,4,3,koclip_ft
11958,dietfood_0093.png,2,3,3,koclip_ft
11959,dietfood_0093.png,3,3,3,koclip_ft
11960,dietfood_0093.png,2,3,3,koclip_ft
11961,dietfood_0093.png,4,3,3,koclip_ft
11962,dietfood_0093.png,3,3,3,koclip_ft
11963,dietfood_0093.png,3,2,3,koclip_ft
11964,dietfood_0093.png,3,2,3,koclip_ft
11965,dietfood_0093.png,3,2,3,koclip_ft
11966,dietfood_0093.png,2,2,3,koclip_ft
11967,dietfood_0093.png,1,2,3,koclip_ft
11968,dietfood_0093.png,1,4,3,koclip_ft
11969,dietfood_0093.png,3,2,3,koclip_ft
11970,dietfood_0093.png,3,2,3,koclip_ft
11971,dietfood_0093.png,3,2,3,koclip_ft
11972,dietfood_0093.png,2,3,3,koclip_ft
11973,dietfood_0093.png,2,4,3,koclip_ft
11974,dietfood_0093.png,4,4,3,koclip_ft
11975,dietfood_0093.png,2,4,3,koclip_ft
11980,dietfood_0095.png,0,0,3,koclip_ft
11981,dietfood_0095.png,3,3,3,koclip_ft
11982,dietfood_0095.png,4,3,3,koclip_ft
11983,dietfood_0095.png,4,4,3,koclip_ft
11989,dietfood_0097.png,4,3,3,koclip_ft
11990,dietfood_0097.png,3,3,3,koclip_ft
11991,dietfood_0097.png,4,4,3,koclip_ft
11992,dietfood_0097.png,4,4,3,koclip_ft
11993,dietfood_0097.png,4,4,3,koclip_ft
11994,dietfood_0097.png,4,4,3,koclip_ft
11995,dietfood_0097.png,4,4,3,koclip_ft
11996,dietfood_0097.png,3,3,3,koclip_ft
11997,dietfood_0097.png,4,4,3,koclip_ft
11998,dietfood_0097.png,4,4,3,koclip_ft
11999,dietfood_0097.png,3,3,3,koclip_ft
34,ai_0009.png,2,2,4,koclip_ft
35,ai_0009.png,3,1,4,koclip_ft
36,ai_0009.png,3,1,4,koclip_ft
37,ai_0009.png,2,0,4,koclip_ft
38,ai_0009.png,1,1,4,koclip_ft
39,ai_0009.png,2,1,4,koclip_ft
40,ai_0009.png,1,1,4,koclip_ft
41,ai_0009.png,4,0,4,koclip_ft
42,ai_0009.png,4,4,4,koclip_ft
43,ai_0009.png,3,1,4,koclip_ft
44,ai_0009.png,3,2,4,koclip_ft
157,ai_0018.png,4,4,4,koclip_ft
158,ai_0018.png,4,1,4,koclip_ft
159,ai_0018.png,4,2,4,koclip_ft
160,ai_0018.png,4,2,4,koclip_ft
161,ai_0018.png,3,4,4,koclip_ft
162,ai_0018.png,4,4,4,koclip_ft
163,ai_0018.png,4,4,4,koclip_ft
164,ai_0018.png,4,4,4,koclip_ft
165,ai_0018.png,1,3,4,koclip_ft
166,ai_0018.png,1,1,4,koclip_ft
167,ai_0018.png,2,2,4,koclip_ft
168,ai_0018.png,2,3,4,koclip_ft
169,ai_0018.png,2,2,4,koclip_ft
170,ai_0018.png,3,2,4,koclip_ft
171,ai_0018.png,4,4,4,koclip_ft
172,ai_0018.png,3,2,4,koclip_ft
173,ai_0018.png,2,0,4,koclip_ft
174,ai_0018.png,2,4,4,koclip_ft
175,ai_0018.png,3,3,4,koclip_ft
176,ai_0018.png,2,2,4,koclip_ft
177,ai_0018.png,4,1,4,koclip_ft
178,ai_0018.png,4,1,4,koclip_ft
179,ai_0018.png,4,1,4,koclip_ft
180,ai_0018.png,4,1,4,koclip_ft
181,ai_0018.png,3,2,4,koclip_ft
182,ai_0018.png,3,1,4,koclip_ft
183,ai_0018.png,3,1,4,koclip_ft
184,ai_0018.png,1,1,4,koclip_ft
185,ai_0018.png,3,0,4,koclip_ft
186,ai_0018.png,3,0,4,koclip_ft
263,domesticTravel_0007.png,3,2,4,koclip_ft
321,domesticTravel_0017.png,4,4,4,koclip_ft
322,domesticTravel_0017.png,4,4,4,koclip_ft
323,domesticTravel_0017.png,4,4,4,koclip_ft
324,domesticTravel_0020.png,2,2,4,koclip_ft
353,fall_0002.png,4,0,4,koclip_ft
354,fall_0002.png,1,1,4,koclip_ft
355,fall_0002.png,0,0,4,koclip_ft
356,fall_0002.png,1,1,4,koclip_ft
357,fall_0002.png,4,0,4,koclip_ft
358,fall_0002.png,4,0,4,koclip_ft
359,fall_0002.png,3,4,4,koclip_ft
360,fall_0002.png,2,2,4,koclip_ft
361,fall_0002.png,2,3,4,koclip_ft
362,fall_0002.png,1,3,4,koclip_ft
363,fall_0002.png,1,2,4,koclip_ft
364,fall_0002.png,3,4,4,koclip_ft
365,fall_0002.png,3,4,4,koclip_ft
366,fall_0002.png,1,4,4,koclip_ft
417,fall_0010.png,4,0,4,koclip_ft
418,fall_0010.png,1,4,4,koclip_ft
419,fall_0010.png,4,0,4,koclip_ft
420,fall_0010.png,4,0,4,koclip_ft
421,fall_0010.png,1,4,4,koclip_ft
422,fall_0010.png,1,4,4,koclip_ft
423,fall_0012.png,4,4,4,koclip_ft
424,fall_0012.png,2,2,4,koclip_ft
425,fall_0012.png,4,3,4,koclip_ft
426,fall_0012.png,1,2,4,koclip_ft
427,fall_0012.png,1,4,4,koclip_ft
428,fall_0012.png,1,4,4,koclip_ft
429,fall_0012.png,2,3,4,koclip_ft
430,fall_0012.png,1,2,4,koclip_ft
431,fall_0012.png,1,4,4,koclip_ft
432,fall_0012.png,3,4,4,koclip_ft
433,fall_0012.png,4,4,4,koclip_ft
434,fall_0012.png,2,1,4,koclip_ft
435,fall_0012.png,3,2,4,koclip_ft
436,fall_0012.png,1,3,4,koclip_ft
437,fall_0012.png,1,3,4,koclip_ft
438,fall_0012.png,2,1,4,koclip_ft
537,fall_0022.png,4,1,4,koclip_ft
538,fall_0022.png,3,0,4,koclip_ft
539,fall_0022.png,4,4,4,koclip_ft
540,fall_0022.png,4,4,4,koclip_ft
541,fall_0022.png,4,4,4,koclip_ft
542,fall_0022.png,3,3,4,koclip_ft
543,fall_0022.png,0,0,4,koclip_ft
544,fall_0022.png,3,4,4,koclip_ft
545,fall_0022.png,2,0,4,koclip_ft
546,fall_0022.png,3,2,4,koclip_ft
547,fall_0022.png,3,4,4,koclip_ft
548,fall_0022.png,3,4,4,koclip_ft
549,fall_0022.png,3,3,4,koclip_ft
550,fall_0022.png,3,2,4,koclip_ft
551,fall_0022.png,2,2,4,koclip_ft
552,fall_0022.png,2,0,4,koclip_ft
553,fall_0022.png,1,3,4,koclip_ft
554,fall_0022.png,1,1,4,koclip_ft
555,fall_0022.png,2,2,4,koclip_ft
556,fall_0022.png,3,4,4,koclip_ft
557,fall_0022.png,4,4,4,koclip_ft
558,fall_0022.png,2,4,4,koclip_ft
702,fashion_0021.png,1,1,4,koclip_ft
703,fashion_0021.png,1,0,4,koclip_ft
704,fashion_0021.png,3,4,4,koclip_ft
705,fashion_0021.png,2,4,4,koclip_ft
706,fashion_0021.png,2,4,4,koclip_ft
707,fashion_0021.png,0,4,4,koclip_ft
708,fashion_0021.png,0,4,4,koclip_ft
709,fashion_0021.png,3,2,4,koclip_ft
710,fashion_0021.png,2,4,4,koclip_ft
711,fashion_0021.png,2,3,4,koclip_ft
712,fashion_0021.png,4,4,4,koclip_ft
713,fashion_0021.png,3,3,4,koclip_ft
714,fashion_0021.png,2,1,4,koclip_ft
715,movie_0001.png,4,1,4,koclip_ft
716,movie_0001.png,4,4,4,koclip_ft
717,movie_0001.png,4,2,4,koclip_ft
718,movie_0001.png,4,4,4,koclip_ft
719,movie_0001.png,3,1,4,koclip_ft
720,movie_0001.png,2,1,4,koclip_ft
721,movie_0001.png,2,0,4,koclip_ft
722,movie_0001.png,1,1,4,koclip_ft
723,movie_0001.png,1,1,4,koclip_ft
724,movie_0001.png,4,1,4,koclip_ft
725,movie_0001.png,3,3,4,koclip_ft
753,movie_0005.png,4,1,4,koclip_ft
754,movie_0005.png,4,1,4,koclip_ft
755,movie_0005.png,4,1,4,koclip_ft
756,movie_0005.png,1,2,4,koclip_ft
757,movie_0005.png,2,2,4,koclip_ft
758,movie_0005.png,1,1,4,koclip_ft
759,movie_0005.png,1,2,4,koclip_ft
760,movie_0005.png,1,4,4,koclip_ft
761,movie_0005.png,1,1,4,koclip_ft
762,movie_0005.png,3,1,4,koclip_ft
782,movie_0010.png,4,1,4,koclip_ft
783,movie_0010.png,4,2,4,koclip_ft
784,movie_0010.png,4,2,4,koclip_ft
785,movie_0010.png,4,2,4,koclip_ft
786,movie_0010.png,3,2,4,koclip_ft
787,movie_0010.png,1,4,4,koclip_ft
788,movie_0010.png,3,2,4,koclip_ft
789,movie_0010.png,3,2,4,koclip_ft
790,movie_0010.png,3,1,4,koclip_ft
791,movie_0010.png,3,1,4,koclip_ft
792,movie_0010.png,4,1,4,koclip_ft
793,movie_0010.png,3,3,4,koclip_ft
805,movie_0014.png,4,3,4,koclip_ft
806,movie_0014.png,4,1,4,koclip_ft
807,movie_0014.png,1,2,4,koclip_ft
808,movie_0014.png,1,2,4,koclip_ft
809,movie_0014.png,2,2,4,koclip_ft
810,movie_0014.png,2,2,4,koclip_ft
811,movie_0014.png,4,3,4,koclip_ft
812,movie_0014.png,2,2,4,koclip_ft
888,movie_0021.png,1,1,4,koclip_ft
889,movie_0021.png,1,1,4,koclip_ft
890,movie_0021.png,1,1,4,koclip_ft
891,movie_0021.png,2,1,4,koclip_ft
892,movie_0021.png,4,4,4,koclip_ft
893,movie_0021.png,4,4,4,koclip_ft
894,movie_0021.png,3,4,4,koclip_ft
895,movie_0021.png,2,3,4,koclip_ft
896,movie_0021.png,1,1,4,koclip_ft
897,movie_0021.png,1,1,4,koclip_ft
898,movie_0021.png,4,4,4,koclip_ft
899,movie_0021.png,4,4,4,koclip_ft
900,movie_0021.png,3,3,4,koclip_ft
901,movie_0021.png,3,3,4,koclip_ft
902,movie_0021.png,3,2,4,koclip_ft
903,movie_0021.png,1,2,4,koclip_ft
904,movie_0021.png,1,1,4,koclip_ft
905,movie_0021.png,1,1,4,koclip_ft
906,movie_0021.png,4,4,4,koclip_ft
907,movie_0021.png,4,4,4,koclip_ft
908,movie_0021.png,2,1,4,koclip_ft
909,movie_0021.png,1,1,4,koclip_ft
910,movie_0021.png,1,2,4,koclip_ft
911,movie_0021.png,2,3,4,koclip_ft
912,movie_0021.png,1,1,4,koclip_ft
913,movie_0021.png,1,1,4,koclip_ft
914,movie_0021.png,1,1,4,koclip_ft
915,movie_0021.png,1,0,4,koclip_ft
916,movie_0021.png,4,4,4,koclip_ft
917,movie_0021.png,0,0,4,koclip_ft
935,olive_0002.png,1,1,4,koclip_ft
936,olive_0002.png,1,2,4,koclip_ft
937,olive_0002.png,2,1,4,koclip_ft
938,olive_0002.png,1,2,4,koclip_ft
939,olive_0002.png,1,1,4,koclip_ft
940,olive_0002.png,0,4,4,koclip_ft
941,olive_0002.png,0,3,4,koclip_ft
942,olive_0002.png,0,2,4,koclip_ft
943,olive_0002.png,2,2,4,koclip_ft
944,olive_0002.png,2,2,4,koclip_ft
945,olive_0002.png,0,0,4,koclip_ft
946,olive_0002.png,2,2,4,koclip_ft
947,olive_0002.png,3,1,4,koclip_ft
1068,olive_0019.png,4,4,4,koclip_ft
1170,restaurant_0011.png,1,1,4,koclip_ft
1171,restaurant_0011.png,2,1,4,koclip_ft
1172,restaurant_0011.png,3,0,4,koclip_ft
1173,restaurant_0011.png,4,4,4,koclip_ft
1174,restaurant_0011.png,4,0,4,koclip_ft
1175,restaurant_0011.png,2,3,4,koclip_ft
1176,restaurant_0011.png,3,3,4,koclip_ft
1380,zerokal_0005.png,0,1,4,koclip_ft
1381,zerokal_0005.png,4,1,4,koclip_ft
1382,zerokal_0005.png,4,3,4,koclip_ft
1383,zerokal_0005.png,1,1,4,koclip_ft
1384,zerokal_0005.png,1,3,4,koclip_ft
1385,zerokal_0005.png,2,3,4,koclip_ft
1386,zerokal_0005.png,0,0,4,koclip_ft
1387,zerokal_0005.png,1,1,4,koclip_ft
1388,zerokal_0005.png,4,1,4,koclip_ft
1389,zerokal_0005.png,4,0,4,koclip_ft
1390,zerokal_0006.png,1,3,4,koclip_ft
1391,zerokal_0006.png,4,4,4,koclip_ft
1392,zerokal_0006.png,4,4,4,koclip_ft
1393,zerokal_0006.png,1,0,4,koclip_ft
1394,zerokal_0006.png,4,4,4,koclip_ft
1395,zerokal_0006.png,1,3,4,koclip_ft
1396,zerokal_0006.png,1,0,4,koclip_ft
1397,zerokal_0006.png,1,1,4,koclip_ft
1398,zerokal_0006.png,1,0,4,koclip_ft
1399,zerokal_0006.png,1,0,4,koclip_ft
1400,zerokal_0006.png,1,1,4,koclip_ft
1401,zerokal_0006.png,1,0,4,koclip_ft
1402,zerokal_0006.png,3,4,4,koclip_ft
1403,zerokal_0006.png,3,3,4,koclip_ft
1404,zerokal_0006.png,1,3,4,koclip_ft
1405,zerokal_0006.png,1,3,4,koclip_ft
1406,zerokal_0006.png,2,4,4,koclip_ft
1407,zerokal_0006.png,4,4,4,koclip_ft
1435,zerokal_0010.png,2,1,4,koclip_ft
1436,zerokal_0010.png,4,1,4,koclip_ft
1578,travelgram_0017.png,4,3,4,koclip_ft
1579,travelgram_0017.png,4,3,4,koclip_ft
1580,travelgram_0017.png,4,4,4,koclip_ft
1581,travelgram_0017.png,4,4,4,koclip_ft
1582,travelgram_0017.png,4,4,4,koclip_ft
1630,travelgram_0025.png,2,2,4,koclip_ft
1631,travelgram_0025.png,4,4,4,koclip_ft
1632,travelgram_0025.png,0,4,4,koclip_ft
1633,travelgram_0025.png,0,4,4,koclip_ft
1639,travelgram_0033.png,2,2,4,koclip_ft
1640,travelgram_0033.png,4,0,4,koclip_ft
1641,travelgram_0033.png,3,0,4,koclip_ft
1642,travelgram_0033.png,4,0,4,koclip_ft
1692,travelgram_0054.png,1,3,4,koclip_ft
1693,travelgram_0054.png,2,4,4,koclip_ft
1694,travelgram_0054.png,2,3,4,koclip_ft
1737,travelgram_0064.png,4,0,4,koclip_ft
1738,travelgram_0064.png,3,3,4,koclip_ft
1739,travelgram_0064.png,3,3,4,koclip_ft
1740,travelgram_0064.png,4,0,4,koclip_ft
1744,travelgram_0068.png,4,4,4,koclip_ft
1745,travelgram_0068.png,4,4,4,koclip_ft
1762,travelgram_0071.png,0,2,4,koclip_ft
1763,travelgram_0071.png,0,4,4,koclip_ft
1764,travelgram_0071.png,0,0,4,koclip_ft
1765,travelgram_0071.png,0,0,4,koclip_ft
1766,travelgram_0071.png,1,4,4,koclip_ft
1778,travelgram_0081.png,1,4,4,koclip_ft
1779,travelgram_0081.png,1,2,4,koclip_ft
1780,travelgram_0081.png,0,4,4,koclip_ft
1781,travelgram_0081.png,2,3,4,koclip_ft
1782,travelgram_0081.png,2,2,4,koclip_ft
1783,travelgram_0081.png,1,1,4,koclip_ft
1784,travelgram_0081.png,1,2,4,koclip_ft
1785,travelgram_0081.png,1,3,4,koclip_ft
1786,travelgram_0081.png,2,2,4,koclip_ft
1787,travelgram_0081.png,2,3,4,koclip_ft
1788,travelgram_0082.png,4,4,4,koclip_ft
1789,travelgram_0082.png,4,4,4,koclip_ft
1790,travelgram_0082.png,3,4,4,koclip_ft
1791,travelgram_0082.png,3,3,4,koclip_ft
1792,travelgram_0082.png,3,3,4,koclip_ft
1793,travelgram_0082.png,3,3,4,koclip_ft
1794,travelgram_0082.png,3,3,4,koclip_ft
1795,travelgram_0082.png,2,2,4,koclip_ft
1796,travelgram_0082.png,3,0,4,koclip_ft
1797,travelgram_0082.png,2,3,4,koclip_ft
1798,travelgram_0082.png,2,2,4,koclip_ft
1799,travelgram_0082.png,3,4,4,koclip_ft
1800,travelgram_0082.png,2,3,4,koclip_ft
1801,travelgram_0082.png,1,1,4,koclip_ft
1802,travelgram_0082.png,1,3,4,koclip_ft
1803,travelgram_0082.png,1,3,4,koclip_ft
1804,travelgram_0082.png,1,3,4,koclip_ft
1805,travelgram_0082.png,1,1,4,koclip_ft
1806,travelgram_0082.png,2,4,4,koclip_ft
1807,travelgram_0082.png,2,4,4,koclip_ft
1808,travelgram_0082.png,2,2,4,koclip_ft
1809,travelgram_0082.png,2,2,4,koclip_ft
1810,travelgram_0082.png,2,1,4,koclip_ft
1811,travelgram_0082.png,1,1,4,koclip_ft
1812,travelgram_0082.png,1,0,4,koclip_ft
1813,travelgram_0082.png,1,0,4,koclip_ft
1814,travelgram_0082.png,1,1,4,koclip_ft
1815,travelgram_0082.png,0,1,4,koclip_ft
1816,travelgram_0082.png,2,2,4,koclip_ft
1854,travelgram_0092.png,3,4,4,koclip_ft
1855,travelgram_0092.png,3,3,4,koclip_ft
1856,travelgram_0092.png,4,0,4,koclip_ft
1867,travelgram_0098.png,3,4,4,koclip_ft
1868,travelgram_0098.png,3,4,4,koclip_ft
1869,travelgram_0100.png,3,3,4,koclip_ft
1870,travelgram_0100.png,3,3,4,koclip_ft
1871,travelgram_0100.png,4,4,4,koclip_ft
1872,travelgram_0100.png,3,3,4,koclip_ft
1873,travelgram_0100.png,2,2,4,koclip_ft
1905,solotravel_0012.png,3,0,4,koclip_ft
1906,solotravel_0012.png,3,3,4,koclip_ft
1907,solotravel_0012.png,2,3,4,koclip_ft
1908,solotravel_0012.png,2,4,4,koclip_ft
1909,solotravel_0012.png,1,1,4,koclip_ft
1920,solotravel_0020.png,4,2,4,koclip_ft
1921,solotravel_0020.png,4,4,4,koclip_ft
1922,solotravel_0020.png,4,3,4,koclip_ft
1923,solotravel_0020.png,4,2,4,koclip_ft
1924,solotravel_0020.png,2,1,4,koclip_ft
1985,solotravel_0040.png,1,3,4,koclip_ft
1986,solotravel_0040.png,2,1,4,koclip_ft
1987,solotravel_0040.png,3,3,4,koclip_ft
1988,solotravel_0040.png,2,2,4,koclip_ft
1989,solotravel_0040.png,1,1,4,koclip_ft
1990,solotravel_0040.png,3,2,4,koclip_ft
1991,solotravel_0040.png,4,4,4,koclip_ft
1992,solotravel_0040.png,1,4,4,koclip_ft
2027,solotravel_0047.png,3,4,4,koclip_ft
2028,solotravel_0047.png,4,0,4,koclip_ft
2029,solotravel_0047.png,1,0,4,koclip_ft
2030,solotravel_0047.png,2,0,4,koclip_ft
2031,solotravel_0047.png,1,4,4,koclip_ft
2032,solotravel_0047.png,1,4,4,koclip_ft
2033,solotravel_0047.png,2,1,4,koclip_ft
2034,solotravel_0047.png,2,2,4,koclip_ft
2035,solotravel_0047.png,0,1,4,koclip_ft
2036,solotravel_0047.png,0,2,4,koclip_ft
2037,solotravel_0047.png,0,1,4,koclip_ft
2038,solotravel_0048.png,4,4,4,koclip_ft
2039,solotravel_0048.png,4,2,4,koclip_ft
2040,solotravel_0048.png,4,4,4,koclip_ft
2041,solotravel_0048.png,3,3,4,koclip_ft
2042,solotravel_0048.png,3,4,4,koclip_ft
2043,solotravel_0048.png,4,4,4,koclip_ft
2044,solotravel_0048.png,2,4,4,koclip_ft
2045,solotravel_0048.png,4,4,4,koclip_ft
2046,solotravel_0048.png,4,1,4,koclip_ft
2047,solotravel_0048.png,3,4,4,koclip_ft
2048,solotravel_0048.png,3,3,4,koclip_ft
2049,solotravel_0048.png,3,3,4,koclip_ft
2050,solotravel_0048.png,4,4,4,koclip_ft
2051,solotravel_0048.png,1,2,4,koclip_ft
2140,solotravel_0069.png,4,4,4,koclip_ft
2141,solotravel_0069.png,3,1,4,koclip_ft
2142,solotravel_0069.png,4,4,4,koclip_ft
2143,solotravel_0069.png,0,2,4,koclip_ft
2144,solotravel_0069.png,0,1,4,koclip_ft
2145,solotravel_0069.png,0,0,4,koclip_ft
2146,solotravel_0069.png,1,1,4,koclip_ft
2147,solotravel_0069.png,0,4,4,koclip_ft
2148,solotravel_0069.png,1,1,4,koclip_ft
2149,solotravel_0069.png,0,1,4,koclip_ft
2150,solotravel_0069.png,0,1,4,koclip_ft
2151,solotravel_0070.png,1,4,4,koclip_ft
2152,solotravel_0070.png,4,4,4,koclip_ft
2153,solotravel_0070.png,4,4,4,koclip_ft
2176,solotravel_0076.png,4,4,4,koclip_ft
2177,solotravel_0076.png,4,4,4,koclip_ft
2178,solotravel_0076.png,4,3,4,koclip_ft
2204,solotravel_0084.png,3,1,4,koclip_ft
2205,solotravel_0084.png,4,1,4,koclip_ft
2206,solotravel_0084.png,3,0,4,koclip_ft
2207,solotravel_0084.png,3,1,4,koclip_ft
2208,solotravel_0084.png,4,4,4,koclip_ft
2236,solotravel_0096.png,4,3,4,koclip_ft
2237,solotravel_0096.png,4,4,4,koclip_ft
2238,solotravel_0096.png,3,2,4,koclip_ft
2239,solotravel_0096.png,1,4,4,koclip_ft
2240,solotravel_0096.png,2,3,4,koclip_ft
2253,travel_0002.png,4,4,4,koclip_ft
2254,travel_0002.png,4,4,4,koclip_ft
2255,travel_0002.png,3,4,4,koclip_ft
2256,travel_0002.png,1,4,4,koclip_ft
2257,travel_0002.png,3,3,4,koclip_ft
2268,travel_0005.png,4,4,4,koclip_ft
2269,travel_0005.png,0,0,4,koclip_ft
2270,travel_0005.png,0,1,4,koclip_ft
2271,travel_0005.png,1,0,4,koclip_ft
2272,travel_0005.png,3,1,4,koclip_ft
2273,travel_0005.png,3,3,4,koclip_ft
2274,travel_0005.png,1,1,4,koclip_ft
2275,travel_0005.png,0,4,4,koclip_ft
2276,travel_0005.png,1,2,4,koclip_ft
2277,travel_0005.png,1,3,4,koclip_ft
2278,travel_0005.png,0,1,4,koclip_ft
2281,travel_0009.png,4,3,4,koclip_ft
2282,travel_0009.png,3,3,4,koclip_ft
2283,travel_0009.png,3,2,4,koclip_ft
2284,travel_0009.png,3,3,4,koclip_ft
2416,travel_0047.png,0,1,4,koclip_ft
2417,travel_0047.png,4,3,4,koclip_ft
2418,travel_0047.png,3,2,4,koclip_ft
2419,travel_0047.png,1,4,4,koclip_ft
2420,travel_0047.png,2,3,4,koclip_ft
2436,travel_0050.png,4,4,4,koclip_ft
2437,travel_0050.png,3,3,4,koclip_ft
2438,travel_0050.png,2,2,4,koclip_ft
2439,travel_0050.png,2,2,4,koclip_ft
2440,travel_0050.png,3,3,4,koclip_ft
2441,travel_0051.png,4,1,4,koclip_ft
2442,travel_0051.png,4,1,4,koclip_ft
2443,travel_0051.png,4,3,4,koclip_ft
2444,travel_0051.png,3,2,4,koclip_ft
2445,travel_0051.png,2,2,4,koclip_ft
2446,travel_0051.png,4,1,4,koclip_ft
2447,travel_0051.png,3,3,4,koclip_ft
2448,travel_0051.png,3,3,4,koclip_ft
2449,travel_0051.png,4,1,4,koclip_ft
2450,travel_0051.png,4,3,4,koclip_ft
2451,travel_0051.png,1,2,4,koclip_ft
2452,travel_0051.png,2,2,4,koclip_ft
2453,travel_0051.png,3,2,4,koclip_ft
2454,travel_0051.png,1,2,4,koclip_ft
2455,travel_0051.png,4,4,4,koclip_ft
2456,travel_0051.png,3,1,4,koclip_ft
2457,travel_0051.png,4,4,4,koclip_ft
2458,travel_0051.png,4,1,4,koclip_ft
2459,travel_0051.png,4,4,4,koclip_ft
2460,travel_0051.png,3,2,4,koclip_ft
2461,travel_0053.png,1,0,4,koclip_ft
2462,travel_0053.png,3,3,4,koclip_ft
2463,travel_0053.png,1,3,4,koclip_ft
2464,travel_0053.png,1,0,4,koclip_ft
2465,travel_0053.png,2,0,4,koclip_ft
2466,travel_0053.png,1,1,4,koclip_ft
2467,travel_0053.png,1,3,4,koclip_ft
2468,travel_0056.png,1,1,4,koclip_ft
2469,travel_0056.png,3,4,4,koclip_ft
2470,travel_0056.png,2,0,4,koclip_ft
2471,travel_0056.png,0,4,4,koclip_ft
2472,travel_0056.png,0,0,4,koclip_ft
2486,travel_0061.png,0,0,4,koclip_ft
2487,travel_0061.png,0,2,4,koclip_ft
2488,travel_0061.png,1,1,4,koclip_ft
2489,travel_0061.png,0,4,4,koclip_ft
2490,travel_0061.png,0,4,4,koclip_ft
2491,travel_0061.png,1,1,4,koclip_ft
2492,travel_0061.png,0,0,4,koclip_ft
2493,travel_0061.png,1,1,4,koclip_ft
2494,travel_0061.png,0,0,4,koclip_ft
2495,travel_0061.png,3,3,4,koclip_ft
2496,travel_0061.png,1,1,4,koclip_ft
2497,travel_0061.png,0,4,4,koclip_ft
2498,travel_0061.png,0,3,4,koclip_ft
2499,travel_0061.png,0,3,4,koclip_ft
2500,travel_0061.png,0,0,4,koclip_ft
2501,travel_0061.png,0,0,4,koclip_ft
2502,travel_0061.png,0,0,4,koclip_ft
2503,travel_0061.png,0,4,4,koclip_ft
2504,travel_0061.png,0,1,4,koclip_ft
2505,travel_0061.png,0,0,4,koclip_ft
2506,travel_0061.png,1,4,4,koclip_ft
2507,travel_0061.png,0,1,4,koclip_ft
2508,travel_0061.png,2,3,4,koclip_ft
2509,travel_0061.png,2,3,4,koclip_ft
2510,travel_0061.png,1,1,4,koclip_ft
2511,travel_0061.png,1,1,4,koclip_ft
2563,travel_0076.png,3,2,4,koclip_ft
2564,travel_0076.png,2,2,4,koclip_ft
2565,travel_0076.png,4,2,4,koclip_ft
2566,travel_0076.png,3,3,4,koclip_ft
2567,travel_0076.png,4,3,4,koclip_ft
2568,travel_0076.png,2,2,4,koclip_ft
2569,travel_0076.png,4,1,4,koclip_ft
2570,travel_0076.png,1,1,4,koclip_ft
2571,travel_0076.png,4,3,4,koclip_ft
2572,travel_0076.png,2,2,4,koclip_ft
2573,travel_0076.png,2,2,4,koclip_ft
2574,travel_0076.png,1,2,4,koclip_ft
2575,travel_0076.png,2,2,4,koclip_ft
2576,travel_0076.png,4,3,4,koclip_ft
2587,travel_0079.png,4,4,4,koclip_ft
2588,travel_0079.png,3,0,4,koclip_ft
2589,travel_0079.png,4,4,4,koclip_ft
2590,travel_0079.png,0,1,4,koclip_ft
2604,travel_0085.png,4,3,4,koclip_ft
2605,travel_0085.png,4,0,4,koclip_ft
2606,travel_0085.png,2,1,4,koclip_ft
2607,travel_0085.png,0,0,4,koclip_ft
2608,travel_0085.png,1,4,4,koclip_ft
2612,travel_0087.png,3,3,4,koclip_ft
2613,travel_0087.png,2,2,4,koclip_ft
2614,travel_0087.png,3,2,4,koclip_ft
2615,travel_0087.png,1,4,4,koclip_ft
2616,travel_0087.png,2,1,4,koclip_ft
2617,travel_0090.png,0,0,4,koclip_ft
2618,travel_0090.png,4,3,4,koclip_ft
2619,travel_0090.png,3,3,4,koclip_ft
2620,travel_0090.png,3,3,4,koclip_ft
2621,travel_0090.png,2,2,4,koclip_ft
2622,travel_0090.png,4,1,4,koclip_ft
2623,travel_0090.png,4,2,4,koclip_ft
2624,travel_0090.png,0,2,4,koclip_ft
2732,foodstagram_0019.png,1,2,4,koclip_ft
2834,foodstagram_0035.png,4,4,4,koclip_ft
2835,foodstagram_0035.png,4,4,4,koclip_ft
2836,foodstagram_0035.png,4,4,4,koclip_ft
2837,foodstagram_0035.png,3,4,4,koclip_ft
2838,foodstagram_0035.png,3,3,4,koclip_ft
2852,foodstagram_0041.png,3,1,4,koclip_ft
2853,foodstagram_0041.png,2,1,4,koclip_ft
2854,foodstagram_0041.png,4,1,4,koclip_ft
2855,foodstagram_0041.png,4,4,4,koclip_ft
2856,foodstagram_0041.png,3,1,4,koclip_ft
2858,foodstagram_0044.png,4,4,4,koclip_ft
2859,foodstagram_0044.png,3,3,4,koclip_ft
2860,foodstagram_0044.png,4,3,4,koclip_ft
2861,foodstagram_0044.png,4,3,4,koclip_ft
2862,foodstagram_0044.png,1,4,4,koclip_ft
2888,foodstagram_0056.png,4,1,4,koclip_ft
2889,foodstagram_0056.png,4,1,4,koclip_ft
2890,foodstagram_0056.png,4,3,4,koclip_ft
2891,foodstagram_0056.png,1,1,4,koclip_ft
2892,foodstagram_0056.png,4,3,4,koclip_ft
2893,foodstagram_0056.png,1,1,4,koclip_ft
2931,foodstagram_0061.png,4,4,4,koclip_ft
2932,foodstagram_0061.png,4,4,4,koclip_ft
2933,foodstagram_0061.png,1,1,4,koclip_ft
2934,foodstagram_0061.png,1,1,4,koclip_ft
3004,foodstagram_0072.png,4,1,4,koclip_ft
3005,foodstagram_0072.png,4,1,4,koclip_ft
3006,foodstagram_0072.png,4,4,4,koclip_ft
3007,foodstagram_0072.png,3,1,4,koclip_ft
3014,foodstagram_0074.png,4,3,4,koclip_ft
3015,foodstagram_0074.png,3,3,4,koclip_ft
3016,foodstagram_0074.png,4,4,4,koclip_ft
3017,foodstagram_0074.png,4,3,4,koclip_ft
3018,foodstagram_0074.png,4,4,4,koclip_ft
3030,foodstagram_0081.png,3,2,4,koclip_ft
3031,foodstagram_0081.png,4,4,4,koclip_ft
3051,foodstagram_0089.png,4,4,4,koclip_ft
3057,foodstagram_0092.png,4,0,4,koclip_ft
3058,foodstagram_0092.png,4,1,4,koclip_ft
3059,foodstagram_0092.png,4,0,4,koclip_ft
3060,foodstagram_0092.png,4,3,4,koclip_ft
3061,foodstagram_0092.png,2,1,4,koclip_ft
3170,meokstagram_0010.png,4,0,4,koclip_ft
3171,meokstagram_0010.png,3,3,4,koclip_ft
3172,meokstagram_0011.png,4,3,4,koclip_ft
3173,meokstagram_0011.png,4,3,4,koclip_ft
3174,meokstagram_0011.png,3,3,4,koclip_ft
3175,meokstagram_0011.png,3,3,4,koclip_ft
3176,meokstagram_0011.png,4,4,4,koclip_ft
3177,meokstagram_0011.png,4,4,4,koclip_ft
3178,meokstagram_0011.png,2,4,4,koclip_ft
3200,meokstagram_0017.png,4,4,4,koclip_ft
3201,meokstagram_0017.png,4,0,4,koclip_ft
3202,meokstagram_0018.png,4,2,4,koclip_ft
3203,meokstagram_0018.png,4,1,4,koclip_ft
3204,meokstagram_0018.png,4,2,4,koclip_ft
3205,meokstagram_0018.png,4,1,4,koclip_ft
3206,meokstagram_0018.png,3,3,4,koclip_ft
3207,meokstagram_0018.png,4,2,4,koclip_ft
3208,meokstagram_0018.png,4,0,4,koclip_ft
3209,meokstagram_0018.png,4,0,4,koclip_ft
3210,meokstagram_0018.png,4,3,4,koclip_ft
3211,meokstagram_0018.png,4,2,4,koclip_ft
3212,meokstagram_0018.png,4,3,4,koclip_ft
3213,meokstagram_0018.png,4,1,4,koclip_ft
3214,meokstagram_0018.png,4,3,4,koclip_ft
3215,meokstagram_0018.png,4,3,4,koclip_ft
3216,meokstagram_0018.png,1,4,4,koclip_ft
3217,meokstagram_0018.png,1,4,4,koclip_ft
3218,meokstagram_0018.png,3,0,4,koclip_ft
3219,meokstagram_0018.png,3,4,4,koclip_ft
3220,meokstagram_0018.png,4,3,4,koclip_ft
3221,meokstagram_0018.png,4,3,4,koclip_ft
3222,meokstagram_0018.png,4,1,4,koclip_ft
3223,meokstagram_0018.png,4,1,4,koclip_ft
3224,meokstagram_0018.png,1,4,4,koclip_ft
3225,meokstagram_0018.png,4,2,4,koclip_ft
3226,meokstagram_0018.png,4,2,4,koclip_ft
3227,meokstagram_0018.png,1,4,4,koclip_ft
3228,meokstagram_0018.png,1,4,4,koclip_ft
3247,meokstagram_0026.png,4,3,4,koclip_ft
3286,meokstagram_0035.png,4,3,4,koclip_ft
3287,meokstagram_0035.png,3,3,4,koclip_ft
3288,meokstagram_0035.png,4,0,4,koclip_ft
3289,meokstagram_0035.png,3,1,4,koclip_ft
3290,meokstagram_0035.png,4,3,4,koclip_ft
3295,meokstagram_0040.png,4,4,4,koclip_ft
3296,meokstagram_0040.png,4,1,4,koclip_ft
3297,meokstagram_0040.png,3,1,4,koclip_ft
3298,meokstagram_0040.png,3,1,4,koclip_ft
3299,meokstagram_0040.png,3,2,4,koclip_ft
3300,meokstagram_0040.png,4,3,4,koclip_ft
3301,meokstagram_0040.png,4,2,4,koclip_ft
3314,meokstagram_0043.png,4,1,4,koclip_ft
3315,meokstagram_0043.png,4,1,4,koclip_ft
3339,meokstagram_0046.png,1,1,4,koclip_ft
3340,meokstagram_0046.png,4,3,4,koclip_ft
3341,meokstagram_0046.png,3,3,4,koclip_ft
3342,meokstagram_0046.png,3,3,4,koclip_ft
3343,meokstagram_0046.png,0,0,4,koclip_ft
3473,meokstagram_0066.png,4,1,4,koclip_ft
3474,meokstagram_0066.png,2,2,4,koclip_ft
3475,meokstagram_0066.png,3,1,4,koclip_ft
3476,meokstagram_0066.png,3,2,4,koclip_ft
3477,meokstagram_0067.png,4,0,4,koclip_ft
3478,meokstagram_0067.png,3,3,4,koclip_ft
3479,meokstagram_0067.png,4,2,4,koclip_ft
3480,meokstagram_0067.png,2,3,4,koclip_ft
3481,meokstagram_0067.png,2,1,4,koclip_ft
3506,meokstagram_0072.png,1,4,4,koclip_ft
3507,meokstagram_0072.png,4,0,4,koclip_ft
3508,meokstagram_0072.png,3,3,4,koclip_ft
3509,meokstagram_0072.png,3,3,4,koclip_ft
3510,meokstagram_0072.png,1,0,4,koclip_ft
3511,meokstagram_0072.png,1,1,4,koclip_ft
3512,meokstagram_0072.png,2,0,4,koclip_ft
3513,meokstagram_0072.png,1,0,4,koclip_ft
3514,meokstagram_0072.png,1,3,4,koclip_ft
3515,meokstagram_0072.png,4,3,4,koclip_ft
3516,meokstagram_0072.png,3,3,4,koclip_ft
3517,meokstagram_0072.png,3,1,4,koclip_ft
3518,meokstagram_0072.png,1,3,4,koclip_ft
3519,meokstagram_0072.png,1,1,4,koclip_ft
3520,meokstagram_0072.png,0,0,4,koclip_ft
3521,meokstagram_0072.png,1,0,4,koclip_ft
3522,meokstagram_0072.png,1,2,4,koclip_ft
3523,meokstagram_0072.png,1,0,4,koclip_ft
3524,meokstagram_0072.png,3,3,4,koclip_ft
3525,meokstagram_0072.png,4,3,4,koclip_ft
3526,meokstagram_0072.png,3,3,4,koclip_ft
3527,meokstagram_0072.png,3,3,4,koclip_ft
3528,meokstagram_0072.png,4,4,4,koclip_ft
3548,meokstagram_0074.png,3,0,4,koclip_ft
3549,meokstagram_0074.png,1,0,4,koclip_ft
3550,meokstagram_0074.png,3,0,4,koclip_ft
3551,meokstagram_0074.png,4,4,4,koclip_ft
3552,meokstagram_0074.png,4,4,4,koclip_ft
3554,meokstagram_0077.png,4,4,4,koclip_ft
3555,meokstagram_0077.png,3,3,4,koclip_ft
3556,meokstagram_0077.png,2,3,4,koclip_ft
3557,meokstagram_0077.png,2,3,4,koclip_ft
3558,meokstagram_0077.png,3,3,4,koclip_ft
3559,meokstagram_0077.png,3,3,4,koclip_ft
3560,meokstagram_0079.png,1,3,4,koclip_ft
3561,meokstagram_0079.png,0,3,4,koclip_ft
3562,meokstagram_0079.png,0,0,4,koclip_ft
3563,meokstagram_0080.png,4,4,4,koclip_ft
3564,meokstagram_0080.png,4,4,4,koclip_ft
3565,meokstagram_0080.png,3,4,4,koclip_ft
3566,meokstagram_0080.png,3,2,4,koclip_ft
3567,meokstagram_0080.png,2,3,4,koclip_ft
3590,meokstagram_0091.png,1,4,4,koclip_ft
3591,meokstagram_0091.png,3,4,4,koclip_ft
3592,meokstagram_0091.png,0,1,4,koclip_ft
3593,meokstagram_0091.png,1,4,4,koclip_ft
3594,meokstagram_0091.png,4,4,4,koclip_ft
3595,meokstagram_0091.png,2,3,4,koclip_ft
3596,meokstagram_0091.png,3,3,4,koclip_ft
3615,meokstagram_0097.png,3,4,4,koclip_ft
3616,meokstagram_0097.png,1,4,4,koclip_ft
3617,meokstagram_0097.png,4,2,4,koclip_ft
3623,meokstagram_0099.png,4,4,4,koclip_ft
3624,meokstagram_0099.png,1,4,4,koclip_ft
3625,meokstagram_0099.png,2,3,4,koclip_ft
3626,meokstagram_0099.png,3,3,4,koclip_ft
3627,meokstagram_0099.png,2,2,4,koclip_ft
3633,jmt_0002.png,4,4,4,koclip_ft
3634,jmt_0002.png,3,4,4,koclip_ft
3635,jmt_0002.png,1,1,4,koclip_ft
3636,jmt_0002.png,2,2,4,koclip_ft
3637,jmt_0002.png,1,3,4,koclip_ft
3643,jmt_0004.png,4,3,4,koclip_ft
3644,jmt_0004.png,4,0,4,koclip_ft
3645,jmt_0004.png,1,3,4,koclip_ft
3646,jmt_0004.png,4,4,4,koclip_ft
3647,jmt_0004.png,2,2,4,koclip_ft
3663,jmt_0012.png,4,4,4,koclip_ft
3664,jmt_0012.png,3,3,4,koclip_ft
3665,jmt_0012.png,2,2,4,koclip_ft
3666,jmt_0012.png,1,1,4,koclip_ft
3667,jmt_0012.png,1,3,4,koclip_ft
3673,jmt_0014.png,1,1,4,koclip_ft
3674,jmt_0014.png,4,4,4,koclip_ft
3675,jmt_0014.png,4,4,4,koclip_ft
3676,jmt_0014.png,1,1,4,koclip_ft
3677,jmt_0014.png,1,1,4,koclip_ft
3684,jmt_0017.png,4,2,4,koclip_ft
3688,jmt_0020.png,1,1,4,koclip_ft
3689,jmt_0020.png,2,1,4,koclip_ft
3690,jmt_0020.png,0,1,4,koclip_ft
3691,jmt_0020.png,4,4,4,koclip_ft
3692,jmt_0020.png,4,4,4,koclip_ft
3693,jmt_0020.png,1,0,4,koclip_ft
3694,jmt_0020.png,2,1,4,koclip_ft
3695,jmt_0020.png,2,2,4,koclip_ft
3696,jmt_0022.png,4,4,4,koclip_ft
3697,jmt_0022.png,4,2,4,koclip_ft
3698,jmt_0022.png,3,3,4,koclip_ft
3732,jmt_0035.png,3,4,4,koclip_ft
3733,jmt_0035.png,4,4,4,koclip_ft
3734,jmt_0036.png,4,1,4,koclip_ft
3783,jmt_0054.png,4,2,4,koclip_ft
3784,jmt_0054.png,2,2,4,koclip_ft
3785,jmt_0054.png,0,3,4,koclip_ft
3786,jmt_0054.png,1,2,4,koclip_ft
3787,jmt_0054.png,1,2,4,koclip_ft
3788,jmt_0054.png,1,2,4,koclip_ft
3789,jmt_0054.png,2,3,4,koclip_ft
3790,jmt_0054.png,4,1,4,koclip_ft
3791,jmt_0054.png,4,4,4,koclip_ft
3830,jmt_0071.png,1,1,4,koclip_ft
3831,jmt_0071.png,4,3,4,koclip_ft
3832,jmt_0071.png,4,3,4,koclip_ft
3833,jmt_0071.png,4,2,4,koclip_ft
3834,jmt_0071.png,3,3,4,koclip_ft
3860,jmt_0073.png,4,4,4,koclip_ft
3861,jmt_0074.png,4,0,4,koclip_ft
3862,jmt_0074.png,3,2,4,koclip_ft
3863,jmt_0074.png,2,2,4,koclip_ft
3864,jmt_0074.png,1,1,4,koclip_ft
3865,jmt_0074.png,3,3,4,koclip_ft
3885,jmt_0080.png,4,4,4,koclip_ft
3896,jmt_0085.png,0,0,4,koclip_ft
3897,jmt_0085.png,4,1,4,koclip_ft
3898,jmt_0085.png,3,0,4,koclip_ft
3899,jmt_0085.png,1,1,4,koclip_ft
3900,jmt_0085.png,0,0,4,koclip_ft
3932,jmt_0095.png,1,1,4,koclip_ft
3933,jmt_0095.png,2,2,4,koclip_ft
3934,jmt_0095.png,3,3,4,koclip_ft
3935,jmt_0095.png,4,4,4,koclip_ft
3966,makeup_0004.png,0,0,4,koclip_ft
3967,makeup_0004.png,4,4,4,koclip_ft
3968,makeup_0004.png,4,4,4,koclip_ft
3969,makeup_0005.png,1,1,4,koclip_ft
3970,makeup_0005.png,4,4,4,koclip_ft
3971,makeup_0005.png,3,3,4,koclip_ft
3972,makeup_0005.png,4,4,4,koclip_ft
3973,makeup_0005.png,1,0,4,koclip_ft
3982,makeup_0009.png,3,1,4,koclip_ft
3983,makeup_0009.png,2,2,4,koclip_ft
3984,makeup_0009.png,4,4,4,koclip_ft
3985,makeup_0009.png,4,4,4,koclip_ft
3986,makeup_0009.png,1,3,4,koclip_ft
3987,makeup_0011.png,3,3,4,koclip_ft
3988,makeup_0011.png,4,4,4,koclip_ft
4032,makeup_0030.png,4,4,4,koclip_ft
4033,makeup_0030.png,3,3,4,koclip_ft
4034,makeup_0030.png,4,4,4,koclip_ft
4035,makeup_0030.png,3,3,4,koclip_ft
4036,makeup_0030.png,4,3,4,koclip_ft
4037,makeup_0030.png,3,3,4,koclip_ft
4038,makeup_0030.png,1,4,4,koclip_ft
4039,makeup_0030.png,1,4,4,koclip_ft
4040,makeup_0030.png,2,4,4,koclip_ft
4041,makeup_0030.png,2,3,4,koclip_ft
4042,makeup_0030.png,2,0,4,koclip_ft
4043,makeup_0030.png,2,0,4,koclip_ft
4044,makeup_0030.png,2,4,4,koclip_ft
4045,makeup_0030.png,3,3,4,koclip_ft
4046,makeup_0030.png,3,3,4,koclip_ft
4047,makeup_0030.png,3,3,4,koclip_ft
4048,makeup_0030.png,2,2,4,koclip_ft
4049,makeup_0030.png,2,2,4,koclip_ft
4050,makeup_0030.png,2,2,4,koclip_ft
4163,makeup_0053.png,0,1,4,koclip_ft
4164,makeup_0053.png,4,3,4,koclip_ft
4165,makeup_0053.png,4,4,4,koclip_ft
4166,makeup_0053.png,4,4,4,koclip_ft
4185,makeup_0059.png,3,3,4,koclip_ft
4186,makeup_0059.png,3,3,4,koclip_ft
4187,makeup_0059.png,3,3,4,koclip_ft
4188,makeup_0059.png,3,2,4,koclip_ft
4189,makeup_0059.png,2,4,4,koclip_ft
4205,makeup_0065.png,4,4,4,koclip_ft
4206,makeup_0065.png,4,4,4,koclip_ft
4207,makeup_0065.png,3,2,4,koclip_ft
4208,makeup_0065.png,4,2,4,koclip_ft
4209,makeup_0065.png,3,4,4,koclip_ft
4220,makeup_0068.png,3,2,4,koclip_ft
4221,makeup_0068.png,2,3,4,koclip_ft
4222,makeup_0068.png,1,2,4,koclip_ft
4223,makeup_0068.png,3,1,4,koclip_ft
4224,makeup_0068.png,4,2,4,koclip_ft
4245,makeup_0074.png,4,4,4,koclip_ft
4334,makeup_0094.png,4,0,4,koclip_ft
4335,makeup_0094.png,4,3,4,koclip_ft
4336,makeup_0094.png,3,1,4,koclip_ft
4337,makeup_0094.png,4,4,4,koclip_ft
4338,makeup_0094.png,1,4,4,koclip_ft
4345,dailymakeup_0002.png,4,4,4,koclip_ft
4346,dailymakeup_0002.png,2,1,4,koclip_ft
4347,dailymakeup_0002.png,1,1,4,koclip_ft
4348,dailymakeup_0002.png,0,4,4,koclip_ft
4356,dailymakeup_0006.png,4,4,4,koclip_ft
4357,dailymakeup_0006.png,1,4,4,koclip_ft
4358,dailymakeup_0006.png,0,0,4,koclip_ft
4359,dailymakeup_0006.png,0,0,4,koclip_ft
4360,dailymakeup_0006.png,0,0,4,koclip_ft
4362,dailymakeup_0008.png,3,2,4,koclip_ft
4363,dailymakeup_0008.png,4,4,4,koclip_ft
4368,dailymakeup_0011.png,2,2,4,koclip_ft
4369,dailymakeup_0011.png,4,3,4,koclip_ft
4370,dailymakeup_0011.png,2,1,4,koclip_ft
4371,dailymakeup_0011.png,3,3,4,koclip_ft
4372,dailymakeup_0011.png,3,3,4,koclip_ft
4373,dailymakeup_0012.png,3,2,4,koclip_ft
4429,dailymakeup_0023.png,4,4,4,koclip_ft
4430,dailymakeup_0023.png,2,1,4,koclip_ft
4431,dailymakeup_0023.png,3,3,4,koclip_ft
4432,dailymakeup_0023.png,1,1,4,koclip_ft
4433,dailymakeup_0023.png,1,4,4,koclip_ft
4476,dailymakeup_0031.png,2,3,4,koclip_ft
4477,dailymakeup_0031.png,1,1,4,koclip_ft
4478,dailymakeup_0031.png,1,1,4,koclip_ft
4479,dailymakeup_0031.png,3,1,4,koclip_ft
4480,dailymakeup_0031.png,3,3,4,koclip_ft
4481,dailymakeup_0031.png,4,3,4,koclip_ft
4482,dailymakeup_0031.png,1,2,4,koclip_ft
4483,dailymakeup_0031.png,2,2,4,koclip_ft
4484,dailymakeup_0031.png,3,3,4,koclip_ft
4485,dailymakeup_0031.png,1,1,4,koclip_ft
4486,dailymakeup_0031.png,3,4,4,koclip_ft
4487,dailymakeup_0031.png,1,1,4,koclip_ft
4544,dailymakeup_0039.png,3,3,4,koclip_ft
4545,dailymakeup_0039.png,4,4,4,koclip_ft
4546,dailymakeup_0039.png,4,2,4,koclip_ft
4547,dailymakeup_0039.png,3,1,4,koclip_ft
4548,dailymakeup_0039.png,1,2,4,koclip_ft
4549,dailymakeup_0039.png,1,3,4,koclip_ft
4550,dailymakeup_0039.png,1,2,4,koclip_ft
4551,dailymakeup_0039.png,2,2,4,koclip_ft
4571,dailymakeup_0043.png,4,4,4,koclip_ft
4572,dailymakeup_0043.png,1,1,4,koclip_ft
4573,dailymakeup_0043.png,3,2,4,koclip_ft
4574,dailymakeup_0043.png,1,2,4,koclip_ft
4586,dailymakeup_0049.png,2,0,4,koclip_ft
4587,dailymakeup_0049.png,3,3,4,koclip_ft
4588,dailymakeup_0049.png,1,4,4,koclip_ft
4589,dailymakeup_0049.png,4,2,4,koclip_ft
4590,dailymakeup_0049.png,3,1,4,koclip_ft
4591,dailymakeup_0049.png,1,1,4,koclip_ft
4626,dailymakeup_0054.png,3,2,4,koclip_ft
4627,dailymakeup_0054.png,4,4,4,koclip_ft
4628,dailymakeup_0054.png,2,4,4,koclip_ft
4629,dailymakeup_0054.png,1,1,4,koclip_ft
4630,dailymakeup_0054.png,3,4,4,koclip_ft
4631,dailymakeup_0054.png,2,2,4,koclip_ft
4632,dailymakeup_0054.png,3,3,4,koclip_ft
4633,dailymakeup_0054.png,3,2,4,koclip_ft
4634,dailymakeup_0054.png,4,4,4,koclip_ft
4635,dailymakeup_0054.png,3,3,4,koclip_ft
4636,dailymakeup_0054.png,3,4,4,koclip_ft
4675,dailymakeup_0068.png,1,2,4,koclip_ft
4676,dailymakeup_0068.png,3,3,4,koclip_ft
4677,dailymakeup_0068.png,3,3,4,koclip_ft
4678,dailymakeup_0068.png,4,3,4,koclip_ft
4679,dailymakeup_0068.png,3,3,4,koclip_ft
4680,dailymakeup_0068.png,4,3,4,koclip_ft
4681,dailymakeup_0068.png,4,3,4,koclip_ft
4682,dailymakeup_0068.png,2,4,4,koclip_ft
4683,dailymakeup_0068.png,3,3,4,koclip_ft
4684,dailymakeup_0068.png,4,3,4,koclip_ft
4685,dailymakeup_0068.png,4,4,4,koclip_ft
4686,dailymakeup_0068.png,1,2,4,koclip_ft
4687,dailymakeup_0068.png,3,3,4,koclip_ft
4688,dailymakeup_0068.png,1,1,4,koclip_ft
4689,dailymakeup_0068.png,2,1,4,koclip_ft
4705,dailymakeup_0072.png,1,1,4,koclip_ft
4706,dailymakeup_0072.png,1,1,4,koclip_ft
4707,dailymakeup_0072.png,1,0,4,koclip_ft
4708,dailymakeup_0072.png,4,0,4,koclip_ft
4709,dailymakeup_0072.png,4,4,4,koclip_ft
4710,dailymakeup_0072.png,3,4,4,koclip_ft
4711,dailymakeup_0072.png,3,4,4,koclip_ft
4712,dailymakeup_0072.png,3,3,4,koclip_ft
4713,dailymakeup_0072.png,3,3,4,koclip_ft
4714,dailymakeup_0072.png,3,4,4,koclip_ft
4715,dailymakeup_0072.png,3,1,4,koclip_ft
4716,dailymakeup_0072.png,3,4,4,koclip_ft
4718,dailymakeup_0074.png,4,4,4,koclip_ft
4719,dailymakeup_0074.png,3,3,4,koclip_ft
4720,dailymakeup_0074.png,3,3,4,koclip_ft
4721,dailymakeup_0074.png,3,2,4,koclip_ft
4727,dailymakeup_0076.png,4,1,4,koclip_ft
4728,dailymakeup_0076.png,4,4,4,koclip_ft
4729,dailymakeup_0076.png,4,4,4,koclip_ft
4762,dailymakeup_0088.png,4,4,4,koclip_ft
4763,dailymakeup_0088.png,3,1,4,koclip_ft
4764,dailymakeup_0088.png,3,3,4,koclip_ft
4770,dailymakeup_0090.png,4,2,4,koclip_ft
4771,dailymakeup_0090.png,4,2,4,koclip_ft
4772,dailymakeup_0090.png,2,4,4,koclip_ft
4773,dailymakeup_0090.png,3,2,4,koclip_ft
4774,dailymakeup_0090.png,2,2,4,koclip_ft
4775,dailymakeup_0090.png,1,1,4,koclip_ft
4776,dailymakeup_0090.png,3,3,4,koclip_ft
4777,dailymakeup_0090.png,4,4,4,koclip_ft
4778,dailymakeup_0090.png,0,4,4,koclip_ft
4779,dailymakeup_0090.png,0,1,4,koclip_ft
4780,dailymakeup_0090.png,0,4,4,koclip_ft
4807,kkuankku_0001.png,0,1,4,koclip_ft
4808,kkuankku_0001.png,2,2,4,koclip_ft
4809,kkuankku_0001.png,4,3,4,koclip_ft
4810,kkuankku_0001.png,3,3,4,koclip_ft
4811,kkuankku_0002.png,0,4,4,koclip_ft
4812,kkuankku_0002.png,3,3,4,koclip_ft
4813,kkuankku_0002.png,1,3,4,koclip_ft
4814,kkuankku_0002.png,3,3,4,koclip_ft
4815,kkuankku_0002.png,3,3,4,koclip_ft
4816,kkuankku_0002.png,4,3,4,koclip_ft
4817,kkuankku_0002.png,2,4,4,koclip_ft
4818,kkuankku_0002.png,3,3,4,koclip_ft
4819,kkuankku_0002.png,3,3,4,koclip_ft
4820,kkuankku_0002.png,3,3,4,koclip_ft
4847,kkuankku_0006.png,1,1,4,koclip_ft
4848,kkuankku_0006.png,0,3,4,koclip_ft
4849,kkuankku_0006.png,1,0,4,koclip_ft
4850,kkuankku_0006.png,4,4,4,koclip_ft
4851,kkuankku_0006.png,4,4,4,koclip_ft
4852,kkuankku_0006.png,2,4,4,koclip_ft
4853,kkuankku_0006.png,2,0,4,koclip_ft
4854,kkuankku_0006.png,4,4,4,koclip_ft
4855,kkuankku_0006.png,3,4,4,koclip_ft
4887,kkuankku_0013.png,4,4,4,koclip_ft
4888,kkuankku_0013.png,4,4,4,koclip_ft
4889,kkuankku_0013.png,3,3,4,koclip_ft
4890,kkuankku_0013.png,3,4,4,koclip_ft
4891,kkuankku_0013.png,3,3,4,koclip_ft
4906,kkuankku_0020.png,4,0,4,koclip_ft
4907,kkuankku_0020.png,4,0,4,koclip_ft
4908,kkuankku_0020.png,3,3,4,koclip_ft
4909,kkuankku_0020.png,3,4,4,koclip_ft
4954,kkuankku_0039.png,3,3,4,koclip_ft
4955,kkuankku_0039.png,4,4,4,koclip_ft
4956,kkuankku_0039.png,3,4,4,koclip_ft
4957,kkuankku_0039.png,4,4,4,koclip_ft
4958,kkuankku_0039.png,3,3,4,koclip_ft
4959,kkuankku_0039.png,3,3,4,koclip_ft
4960,kkuankku_0039.png,3,4,4,koclip_ft
4961,kkuankku_0039.png,3,3,4,koclip_ft
4962,kkuankku_0040.png,4,2,4,koclip_ft
4963,kkuankku_0040.png,4,4,4,koclip_ft
4964,kkuankku_0040.png,2,4,4,koclip_ft
4965,kkuankku_0040.png,3,3,4,koclip_ft
4966,kkuankku_0040.png,2,4,4,koclip_ft
4967,kkuankku_0040.png,3,3,4,koclip_ft
4968,kkuankku_0040.png,3,3,4,koclip_ft
4969,kkuankku_0040.png,3,3,4,koclip_ft
4970,kkuankku_0040.png,1,2,4,koclip_ft
4971,kkuankku_0040.png,0,1,4,koclip_ft
4972,kkuankku_0040.png,0,0,4,koclip_ft
5001,kkuankku_0057.png,3,3,4,koclip_ft
5002,kkuankku_0057.png,4,4,4,koclip_ft
5003,kkuankku_0057.png,4,4,4,koclip_ft
5004,kkuankku_0057.png,3,3,4,koclip_ft
5005,kkuankku_0057.png,3,3,4,koclip_ft
5006,kkuankku_0057.png,4,3,4,koclip_ft
5007,kkuankku_0057.png,4,3,4,koclip_ft
5008,kkuankku_0057.png,4,3,4,koclip_ft
5009,kkuankku_0057.png,3,3,4,koclip_ft
5010,kkuankku_0057.png,4,4,4,koclip_ft
5011,kkuankku_0060.png,4,4,4,koclip_ft
5012,kkuankku_0060.png,4,4,4,koclip_ft
5013,kkuankku_0060.png,3,3,4,koclip_ft
5014,kkuankku_0060.png,3,4,4,koclip_ft
5015,kkuankku_0060.png,3,3,4,koclip_ft
5016,kkuankku_0060.png,2,2,4,koclip_ft
5017,kkuankku_0060.png,4,4,4,koclip_ft
5018,kkuankku_0060.png,4,4,4,koclip_ft
5019,kkuankku_0060.png,4,4,4,koclip_ft
5020,kkuankku_0060.png,1,4,4,koclip_ft
5021,kkuankku_0060.png,1,4,4,koclip_ft
5022,kkuankku_0060.png,0,4,4,koclip_ft
5023,kkuankku_0060.png,0,4,4,koclip_ft
5024,kkuankku_0060.png,0,4,4,koclip_ft
5025,kkuankku_0060.png,0,3,4,koclip_ft
5026,kkuankku_0060.png,0,4,4,koclip_ft
5027,kkuankku_0060.png,1,1,4,koclip_ft
5110,kkuankku_0094.png,3,3,4,koclip_ft
5111,kkuankku_0094.png,3,3,4,koclip_ft
5112,kkuankku_0094.png,4,3,4,koclip_ft
5113,kkuankku_0094.png,3,3,4,koclip_ft
5114,kkuankku_0094.png,2,3,4,koclip_ft
5235,dailylook_0010.png,4,4,4,koclip_ft
5236,dailylook_0010.png,3,2,4,koclip_ft
5237,dailylook_0010.png,3,3,4,koclip_ft
5238,dailylook_0010.png,3,3,4,koclip_ft
5239,dailylook_0010.png,4,3,4,koclip_ft
5240,dailylook_0010.png,3,3,4,koclip_ft
5241,dailylook_0010.png,4,4,4,koclip_ft
5242,dailylook_0010.png,4,3,4,koclip_ft
5243,dailylook_0010.png,0,4,4,koclip_ft
5244,dailylook_0010.png,1,4,4,koclip_ft
5245,dailylook_0010.png,1,1,4,koclip_ft
5246,dailylook_0010.png,1,4,4,koclip_ft
5247,dailylook_0010.png,1,4,4,koclip_ft
5248,dailylook_0010.png,0,4,4,koclip_ft
5249,dailylook_0010.png,1,4,4,koclip_ft
5250,dailylook_0010.png,1,4,4,koclip_ft
5251,dailylook_0010.png,1,4,4,koclip_ft
5252,dailylook_0010.png,1,4,4,koclip_ft
5253,dailylook_0010.png,2,2,4,koclip_ft
5278,dailylook_0018.png,4,2,4,koclip_ft
5279,dailylook_0018.png,4,4,4,koclip_ft
5280,dailylook_0018.png,3,3,4,koclip_ft
5281,dailylook_0018.png,3,3,4,koclip_ft
5282,dailylook_0018.png,3,3,4,koclip_ft
5283,dailylook_0018.png,1,4,4,koclip_ft
5406,dailylook_0055.png,1,0,4,koclip_ft
5407,dailylook_0055.png,2,3,4,koclip_ft
5408,dailylook_0055.png,2,3,4,koclip_ft
5409,dailylook_0055.png,0,3,4,koclip_ft
5410,dailylook_0055.png,0,3,4,koclip_ft
5411,dailylook_0055.png,0,4,4,koclip_ft
5412,dailylook_0055.png,1,2,4,koclip_ft
5413,dailylook_0055.png,1,3,4,koclip_ft
5414,dailylook_0055.png,1,3,4,koclip_ft
5415,dailylook_0055.png,1,3,4,koclip_ft
5416,dailylook_0055.png,3,3,4,koclip_ft
5417,dailylook_0055.png,1,3,4,koclip_ft
5437,dailylook_0063.png,4,4,4,koclip_ft
5438,dailylook_0063.png,1,4,4,koclip_ft
5439,dailylook_0063.png,3,3,4,koclip_ft
5440,dailylook_0063.png,0,0,4,koclip_ft
5441,dailylook_0063.png,3,3,4,koclip_ft
5442,dailylook_0063.png,4,4,4,koclip_ft
5443,dailylook_0063.png,3,3,4,koclip_ft
5444,dailylook_0063.png,2,2,4,koclip_ft
5445,dailylook_0063.png,3,3,4,koclip_ft
5446,dailylook_0063.png,3,3,4,koclip_ft
5447,dailylook_0063.png,3,3,4,koclip_ft
5448,dailylook_0063.png,3,3,4,koclip_ft
5449,dailylook_0063.png,3,3,4,koclip_ft
5450,dailylook_0063.png,3,3,4,koclip_ft
5451,dailylook_0066.png,1,1,4,koclip_ft
5455,dailylook_0070.png,1,3,4,koclip_ft
5456,dailylook_0070.png,1,3,4,koclip_ft
5457,dailylook_0070.png,1,3,4,koclip_ft
5458,dailylook_0070.png,1,3,4,koclip_ft
5479,dailylook_0078.png,4,4,4,koclip_ft
5480,dailylook_0078.png,2,2,4,koclip_ft
5481,dailylook_0078.png,3,3,4,koclip_ft
5482,dailylook_0078.png,3,3,4,koclip_ft
5483,dailylook_0078.png,0,0,4,koclip_ft
5624,ootd_0016.png,1,2,4,koclip_ft
5625,ootd_0016.png,1,1,4,koclip_ft
5626,ootd_0016.png,1,2,4,koclip_ft
5627,ootd_0016.png,3,2,4,koclip_ft
5628,ootd_0016.png,2,2,4,koclip_ft
5629,ootd_0016.png,3,2,4,koclip_ft
5630,ootd_0016.png,2,2,4,koclip_ft
5631,ootd_0016.png,1,1,4,koclip_ft
5632,ootd_0016.png,3,1,4,koclip_ft
5633,ootd_0016.png,2,2,4,koclip_ft
5634,ootd_0016.png,3,3,4,koclip_ft
5635,ootd_0016.png,3,3,4,koclip_ft
5636,ootd_0016.png,4,4,4,koclip_ft
5637,ootd_0016.png,3,3,4,koclip_ft
5663,ootd_0034.png,4,0,4,koclip_ft
5664,ootd_0034.png,0,0,4,koclip_ft
5665,ootd_0034.png,2,2,4,koclip_ft
5666,ootd_0034.png,1,3,4,koclip_ft
5667,ootd_0034.png,2,2,4,koclip_ft
5668,ootd_0034.png,3,3,4,koclip_ft
5669,ootd_0034.png,3,1,4,koclip_ft
5670,ootd_0034.png,1,3,4,koclip_ft
5671,ootd_0034.png,3,3,4,koclip_ft
5672,ootd_0034.png,0,3,4,koclip_ft
5673,ootd_0034.png,2,2,4,koclip_ft
5674,ootd_0034.png,2,1,4,koclip_ft
5675,ootd_0034.png,0,3,4,koclip_ft
5676,ootd_0034.png,1,1,4,koclip_ft
5677,ootd_0034.png,1,2,4,koclip_ft
5678,ootd_0034.png,0,1,4,koclip_ft
5679,ootd_0034.png,1,1,4,koclip_ft
5680,ootd_0034.png,1,0,4,koclip_ft
5681,ootd_0034.png,1,1,4,koclip_ft
5682,ootd_0034.png,1,0,4,koclip_ft
5683,ootd_0034.png,1,1,4,koclip_ft
5684,ootd_0034.png,1,1,4,koclip_ft
5685,ootd_0034.png,0,2,4,koclip_ft
5686,ootd_0035.png,4,4,4,koclip_ft
5687,ootd_0035.png,2,1,4,koclip_ft
5688,ootd_0035.png,2,4,4,koclip_ft
5701,ootd_0040.png,3,3,4,koclip_ft
5702,ootd_0040.png,3,3,4,koclip_ft
5703,ootd_0040.png,4,3,4,koclip_ft
5704,ootd_0040.png,3,3,4,koclip_ft
5705,ootd_0040.png,2,2,4,koclip_ft
5706,ootd_0040.png,4,3,4,koclip_ft
5737,ootd_0044.png,3,3,4,koclip_ft
5738,ootd_0044.png,4,3,4,koclip_ft
5739,ootd_0044.png,4,3,4,koclip_ft
5740,ootd_0044.png,3,3,4,koclip_ft
5741,ootd_0044.png,3,2,4,koclip_ft
5742,ootd_0044.png,1,1,4,koclip_ft
5797,ootd_0061.png,0,1,4,koclip_ft
5798,ootd_0061.png,0,3,4,koclip_ft
5799,ootd_0061.png,0,2,4,koclip_ft
5800,ootd_0061.png,2,2,4,koclip_ft
5801,ootd_0061.png,2,3,4,koclip_ft
5802,ootd_0071.png,1,1,4,koclip_ft
5803,ootd_0071.png,4,0,4,koclip_ft
5804,ootd_0071.png,4,0,4,koclip_ft
5805,ootd_0071.png,3,3,4,koclip_ft
5806,ootd_0074.png,1,1,4,koclip_ft
5815,ootd_0079.png,3,1,4,koclip_ft
5816,ootd_0079.png,2,0,4,koclip_ft
5817,ootd_0079.png,2,1,4,koclip_ft
5818,ootd_0079.png,2,3,4,koclip_ft
5819,ootd_0079.png,4,2,4,koclip_ft
5820,ootd_0080.png,3,3,4,koclip_ft
5821,ootd_0080.png,3,3,4,koclip_ft
5822,ootd_0080.png,3,2,4,koclip_ft
5823,ootd_0080.png,3,3,4,koclip_ft
5824,ootd_0080.png,3,3,4,koclip_ft
5825,ootd_0080.png,3,3,4,koclip_ft
5826,ootd_0080.png,3,3,4,koclip_ft
5827,ootd_0080.png,3,3,4,koclip_ft
5828,ootd_0080.png,4,3,4,koclip_ft
5829,ootd_0080.png,2,2,4,koclip_ft
5830,ootd_0080.png,4,4,4,koclip_ft
5831,ootd_0080.png,4,4,4,koclip_ft
5832,ootd_0080.png,4,4,4,koclip_ft
5833,ootd_0080.png,4,2,4,koclip_ft
5834,ootd_0080.png,2,3,4,koclip_ft
5924,fashionista_0001.png,4,0,4,koclip_ft
5925,fashionista_0001.png,2,3,4,koclip_ft
5926,fashionista_0001.png,1,2,4,koclip_ft
5927,fashionista_0001.png,4,4,4,koclip_ft
5928,fashionista_0001.png,3,3,4,koclip_ft
5984,fashionista_0032.png,4,0,4,koclip_ft
5985,fashionista_0032.png,3,2,4,koclip_ft
5986,fashionista_0032.png,3,3,4,koclip_ft
5987,fashionista_0032.png,3,3,4,koclip_ft
5988,fashionista_0032.png,3,3,4,koclip_ft
5993,fashionista_0035.png,4,4,4,koclip_ft
5994,fashionista_0035.png,3,3,4,koclip_ft
5995,fashionista_0035.png,4,1,4,koclip_ft
5996,fashionista_0035.png,3,2,4,koclip_ft
5997,fashionista_0035.png,2,2,4,koclip_ft
5998,fashionista_0037.png,4,1,4,koclip_ft
5999,fashionista_0037.png,3,1,4,koclip_ft
6000,fashionista_0037.png,2,1,4,koclip_ft
6109,fashionista_0052.png,1,3,4,koclip_ft
6110,fashionista_0052.png,1,1,4,koclip_ft
6111,fashionista_0052.png,0,0,4,koclip_ft
6112,fashionista_0052.png,2,3,4,koclip_ft
6113,fashionista_0052.png,3,3,4,koclip_ft
6114,fashionista_0052.png,1,1,4,koclip_ft
6115,fashionista_0052.png,0,1,4,koclip_ft
6116,fashionista_0052.png,0,1,4,koclip_ft
6117,fashionista_0052.png,0,0,4,koclip_ft
6118,fashionista_0052.png,2,4,4,koclip_ft
6119,fashionista_0052.png,0,1,4,koclip_ft
6120,fashionista_0052.png,3,1,4,koclip_ft
6121,fashionista_0052.png,3,3,4,koclip_ft
6122,fashionista_0052.png,2,0,4,koclip_ft
6123,fashionista_0052.png,2,2,4,koclip_ft
6124,fashionista_0052.png,0,0,4,koclip_ft
6125,fashionista_0052.png,3,3,4,koclip_ft
6126,fashionista_0052.png,4,4,4,koclip_ft
6127,fashionista_0052.png,2,3,4,koclip_ft
6128,fashionista_0052.png,2,2,4,koclip_ft
6129,fashionista_0052.png,3,4,4,koclip_ft
6130,fashionista_0052.png,0,4,4,koclip_ft
6131,fashionista_0052.png,0,4,4,koclip_ft
6132,fashionista_0052.png,1,1,4,koclip_ft
6133,fashionista_0052.png,2,2,4,koclip_ft
6134,fashionista_0052.png,2,3,4,koclip_ft
6135,fashionista_0052.png,3,3,4,koclip_ft
6136,fashionista_0052.png,1,2,4,koclip_ft
6137,fashionista_0052.png,0,0,4,koclip_ft
6138,fashionista_0052.png,2,4,4,koclip_ft
6200,fashionista_0063.png,2,2,4,koclip_ft
6201,fashionista_0063.png,2,2,4,koclip_ft
6202,fashionista_0063.png,2,2,4,koclip_ft
6203,fashionista_0063.png,2,2,4,koclip_ft
6204,fashionista_0063.png,1,2,4,koclip_ft
6205,fashionista_0063.png,2,2,4,koclip_ft
6206,fashionista_0063.png,2,2,4,koclip_ft
6207,fashionista_0063.png,4,2,4,koclip_ft
6208,fashionista_0063.png,3,4,4,koclip_ft
6209,fashionista_0063.png,4,4,4,koclip_ft
6210,fashionista_0063.png,4,4,4,koclip_ft
6211,fashionista_0063.png,2,3,4,koclip_ft
6212,fashionista_0063.png,2,3,4,koclip_ft
6213,fashionista_0063.png,2,2,4,koclip_ft
6214,fashionista_0063.png,2,3,4,koclip_ft
6215,fashionista_0063.png,1,3,4,koclip_ft
6216,fashionista_0063.png,2,2,4,koclip_ft
6217,fashionista_0063.png,0,0,4,koclip_ft
6218,fashionista_0063.png,2,2,4,koclip_ft
6219,fashionista_0063.png,1,2,4,koclip_ft
6220,fashionista_0063.png,1,2,4,koclip_ft
6221,fashionista_0063.png,1,1,4,koclip_ft
6222,fashionista_0063.png,3,2,4,koclip_ft
6223,fashionista_0063.png,2,2,4,koclip_ft
6224,fashionista_0065.png,0,0,4,koclip_ft
6225,fashionista_0065.png,0,0,4,koclip_ft
6226,fashionista_0065.png,3,2,4,koclip_ft
6227,fashionista_0065.png,3,2,4,koclip_ft
6228,fashionista_0065.png,2,2,4,koclip_ft
6229,fashionista_0065.png,3,3,4,koclip_ft
6230,fashionista_0065.png,4,4,4,koclip_ft
6231,fashionista_0065.png,4,4,4,koclip_ft
6232,fashionista_0065.png,4,4,4,koclip_ft
6233,fashionista_0065.png,1,1,4,koclip_ft
6234,fashionista_0065.png,3,3,4,koclip_ft
6235,fashionista_0065.png,2,2,4,koclip_ft
6236,fashionista_0065.png,2,0,4,koclip_ft
6237,fashionista_0065.png,1,0,4,koclip_ft
6238,fashionista_0065.png,0,0,4,koclip_ft
6239,fashionista_0065.png,3,3,4,koclip_ft
6240,fashionista_0065.png,2,2,4,koclip_ft
6241,fashionista_0065.png,2,1,4,koclip_ft
6242,fashionista_0065.png,2,2,4,koclip_ft
6243,fashionista_0065.png,2,2,4,koclip_ft
6244,fashionista_0065.png,3,3,4,koclip_ft
6245,fashionista_0065.png,0,0,4,koclip_ft
6246,fashionista_0065.png,2,2,4,koclip_ft
6247,fashionista_0065.png,2,2,4,koclip_ft
6248,fashionista_0065.png,1,1,4,koclip_ft
6249,fashionista_0065.png,0,4,4,koclip_ft
6250,fashionista_0065.png,0,0,4,koclip_ft
6251,fashionista_0065.png,0,0,4,koclip_ft
6252,fashionista_0065.png,0,0,4,koclip_ft
6253,fashionista_0066.png,3,1,4,koclip_ft
6313,fashionista_0084.png,2,2,4,koclip_ft
6314,fashionista_0084.png,2,2,4,koclip_ft
6315,fashionista_0084.png,4,4,4,koclip_ft
6316,fashionista_0084.png,4,4,4,koclip_ft
6317,fashionista_0084.png,3,3,4,koclip_ft
6318,fashionista_0084.png,4,4,4,koclip_ft
6319,fashionista_0084.png,4,4,4,koclip_ft
6320,fashionista_0084.png,3,3,4,koclip_ft
6321,fashionista_0084.png,1,3,4,koclip_ft
6322,fashionista_0084.png,2,2,4,koclip_ft
6323,fashionista_0084.png,3,3,4,koclip_ft
6324,fashionista_0084.png,1,0,4,koclip_ft
6325,fashionista_0084.png,0,0,4,koclip_ft
6326,fashionista_0084.png,1,1,4,koclip_ft
6327,fashionista_0084.png,1,0,4,koclip_ft
6328,fashionista_0084.png,1,0,4,koclip_ft
6329,fashionista_0084.png,1,0,4,koclip_ft
6330,fashionista_0084.png,1,0,4,koclip_ft
6331,fashionista_0084.png,0,0,4,koclip_ft
6332,fashionista_0084.png,0,0,4,koclip_ft
6333,fashionista_0084.png,0,0,4,koclip_ft
6334,fashionista_0084.png,1,0,4,koclip_ft
6335,fashionista_0084.png,1,0,4,koclip_ft
6336,fashionista_0085.png,4,4,4,koclip_ft
6366,fashionista_0091.png,3,3,4,koclip_ft
6367,fashionista_0091.png,3,3,4,koclip_ft
6368,fashionista_0091.png,3,3,4,koclip_ft
6369,fashionista_0091.png,4,3,4,koclip_ft
6370,fashionista_0091.png,3,3,4,koclip_ft
6371,fashionista_0091.png,3,3,4,koclip_ft
6372,fashionista_0091.png,3,3,4,koclip_ft
6373,fashionista_0091.png,3,3,4,koclip_ft
6374,fashionista_0091.png,4,3,4,koclip_ft
6375,fashionista_0091.png,3,3,4,koclip_ft
6376,fashionista_0091.png,2,2,4,koclip_ft
6377,fashionista_0091.png,3,3,4,koclip_ft
6378,fashionista_0091.png,4,4,4,koclip_ft
6379,fashionista_0091.png,3,4,4,koclip_ft
6380,fashionista_0091.png,1,4,4,koclip_ft
6381,fashionista_0091.png,3,3,4,koclip_ft
6382,fashionista_0091.png,3,3,4,koclip_ft
6383,fashionista_0091.png,3,3,4,koclip_ft
6384,fashionista_0091.png,1,1,4,koclip_ft
6385,fashionista_0091.png,0,0,4,koclip_ft
6386,fashionista_0091.png,2,2,4,koclip_ft
6387,fashionista_0091.png,4,3,4,koclip_ft
6388,fashionista_0091.png,3,3,4,koclip_ft
6389,fashionista_0091.png,0,0,4,koclip_ft
6390,fashionista_0091.png,0,0,4,koclip_ft
6391,fashionista_0091.png,0,0,4,koclip_ft
6392,fashionista_0091.png,4,0,4,koclip_ft
6393,fashionista_0091.png,4,1,4,koclip_ft
6394,fashionista_0091.png,4,2,4,koclip_ft
6395,fashionista_0091.png,1,4,4,koclip_ft
6426,fashionista_0099.png,0,4,4,koclip_ft
6427,fashionista_0099.png,3,2,4,koclip_ft
6428,fashionista_0099.png,4,4,4,koclip_ft
6429,fashionista_0099.png,3,3,4,koclip_ft
6430,fashionista_0099.png,3,1,4,koclip_ft
6431,fashionista_0099.png,3,3,4,koclip_ft
6432,fashionista_0099.png,3,2,4,koclip_ft
6433,fashionista_0099.png,1,4,4,koclip_ft
6434,fashionista_0099.png,1,2,4,koclip_ft
6435,fashionista_0099.png,3,3,4,koclip_ft
6436,fashionista_0099.png,3,3,4,koclip_ft
6437,fashionista_0099.png,1,4,4,koclip_ft
6507,neungsohwa_0009.png,4,4,4,koclip_ft
6508,neungsohwa_0009.png,4,4,4,koclip_ft
6509,neungsohwa_0009.png,2,2,4,koclip_ft
6512,neungsohwa_0013.png,4,4,4,koclip_ft
6513,neungsohwa_0013.png,4,4,4,koclip_ft
6514,neungsohwa_0013.png,0,0,4,koclip_ft
6515,neungsohwa_0013.png,3,2,4,koclip_ft
6516,neungsohwa_0013.png,4,4,4,koclip_ft
6560,neungsohwa_0022.png,4,4,4,koclip_ft
6561,neungsohwa_0022.png,4,4,4,koclip_ft
6562,neungsohwa_0022.png,0,2,4,koclip_ft
6563,neungsohwa_0024.png,4,4,4,koclip_ft
6564,neungsohwa_0024.png,4,4,4,koclip_ft
6565,neungsohwa_0024.png,4,4,4,koclip_ft
6566,neungsohwa_0024.png,4,4,4,koclip_ft
6567,neungsohwa_0024.png,2,2,4,koclip_ft
6568,neungsohwa_0024.png,3,4,4,koclip_ft
6569,neungsohwa_0024.png,1,1,4,koclip_ft
6570,neungsohwa_0024.png,1,1,4,koclip_ft
6580,neungsohwa_0028.png,4,4,4,koclip_ft
6616,neungsohwa_0043.png,1,4,4,koclip_ft
6617,neungsohwa_0043.png,4,4,4,koclip_ft
6618,neungsohwa_0043.png,4,4,4,koclip_ft
6619,neungsohwa_0043.png,3,2,4,koclip_ft
6710,neungsohwa_0069.png,4,4,4,koclip_ft
6711,neungsohwa_0069.png,1,1,4,koclip_ft
6712,neungsohwa_0069.png,1,4,4,koclip_ft
6719,neungsohwa_0075.png,1,1,4,koclip_ft
6720,neungsohwa_0075.png,4,4,4,koclip_ft
6769,neungsohwa_0090.png,4,4,4,koclip_ft
6770,neungsohwa_0090.png,4,4,4,koclip_ft
6771,neungsohwa_0090.png,3,3,4,koclip_ft
6772,neungsohwa_0090.png,0,4,4,koclip_ft
6778,neungsohwa_0093.png,4,1,4,koclip_ft
6779,neungsohwa_0093.png,4,0,4,koclip_ft
6780,neungsohwa_0093.png,4,2,4,koclip_ft
6781,neungsohwa_0093.png,4,4,4,koclip_ft
6782,neungsohwa_0093.png,4,4,4,koclip_ft
6839,danpung_0005.png,4,4,4,koclip_ft
6840,danpung_0005.png,4,3,4,koclip_ft
6841,danpung_0006.png,2,1,4,koclip_ft
6842,danpung_0006.png,3,3,4,koclip_ft
6911,danpung_0021.png,4,1,4,koclip_ft
6912,danpung_0021.png,0,4,4,koclip_ft
6913,danpung_0021.png,3,0,4,koclip_ft
6914,danpung_0021.png,4,4,4,koclip_ft
6915,danpung_0021.png,3,3,4,koclip_ft
6971,danpung_0033.png,3,3,4,koclip_ft
6972,danpung_0033.png,2,3,4,koclip_ft
6973,danpung_0033.png,4,1,4,koclip_ft
6974,danpung_0033.png,3,2,4,koclip_ft
6975,danpung_0033.png,4,4,4,koclip_ft
6976,danpung_0033.png,3,2,4,koclip_ft
6977,danpung_0033.png,3,3,4,koclip_ft
6978,danpung_0033.png,2,2,4,koclip_ft
6979,danpung_0033.png,4,4,4,koclip_ft
6980,danpung_0033.png,4,4,4,koclip_ft
6988,danpung_0036.png,4,4,4,koclip_ft
6989,danpung_0036.png,4,4,4,koclip_ft
6990,danpung_0036.png,4,4,4,koclip_ft
6991,danpung_0036.png,1,3,4,koclip_ft
7044,danpung_0043.png,4,0,4,koclip_ft
7045,danpung_0043.png,2,3,4,koclip_ft
7046,danpung_0043.png,1,4,4,koclip_ft
7047,danpung_0043.png,1,4,4,koclip_ft
7048,danpung_0043.png,1,0,4,koclip_ft
7049,danpung_0043.png,4,4,4,koclip_ft
7050,danpung_0043.png,2,3,4,koclip_ft
7075,danpung_0054.png,0,1,4,koclip_ft
7193,danpung_0072.png,1,1,4,koclip_ft
7194,danpung_0072.png,1,4,4,koclip_ft
7195,danpung_0072.png,4,3,4,koclip_ft
7200,danpung_0076.png,4,1,4,koclip_ft
7259,danpung_0088.png,3,2,4,koclip_ft
7260,danpung_0088.png,2,2,4,koclip_ft
7261,danpung_0088.png,4,3,4,koclip_ft
7270,danpung_0093.png,4,4,4,koclip_ft
7271,danpung_0093.png,3,3,4,koclip_ft
7296,cherryblossom_0005.png,4,2,4,koclip_ft
7306,cherryblossom_0012.png,3,3,4,koclip_ft
7317,cherryblossom_0018.png,4,4,4,koclip_ft
7318,cherryblossom_0018.png,0,3,4,koclip_ft
7331,cherryblossom_0025.png,0,4,4,koclip_ft
7332,cherryblossom_0025.png,0,4,4,koclip_ft
7333,cherryblossom_0025.png,1,3,4,koclip_ft
7334,cherryblossom_0025.png,1,3,4,koclip_ft
7335,cherryblossom_0025.png,1,0,4,koclip_ft
7336,cherryblossom_0025.png,0,4,4,koclip_ft
7337,cherryblossom_0025.png,0,3,4,koclip_ft
7338,cherryblossom_0025.png,0,2,4,koclip_ft
7339,cherryblossom_0025.png,2,3,4,koclip_ft
7340,cherryblossom_0025.png,1,3,4,koclip_ft
7341,cherryblossom_0025.png,0,4,4,koclip_ft
7342,cherryblossom_0025.png,0,3,4,koclip_ft
7343,cherryblossom_0025.png,1,3,4,koclip_ft
7344,cherryblossom_0025.png,1,1,4,koclip_ft
7345,cherryblossom_0025.png,0,4,4,koclip_ft
7346,cherryblossom_0025.png,1,4,4,koclip_ft
7347,cherryblossom_0025.png,1,3,4,koclip_ft
7348,cherryblossom_0025.png,1,2,4,koclip_ft
7349,cherryblossom_0025.png,1,3,4,koclip_ft
7350,cherryblossom_0025.png,1,2,4,koclip_ft
7359,cherryblossom_0028.png,1,0,4,koclip_ft
7360,cherryblossom_0028.png,4,4,4,koclip_ft
7361,cherryblossom_0028.png,2,4,4,koclip_ft
7410,cherryblossom_0040.png,0,4,4,koclip_ft
7411,cherryblossom_0040.png,0,0,4,koclip_ft
7412,cherryblossom_0040.png,0,4,4,koclip_ft
7413,cherryblossom_0040.png,0,4,4,koclip_ft
7414,cherryblossom_0040.png,1,0,4,koclip_ft
7419,cherryblossom_0043.png,4,3,4,koclip_ft
7420,cherryblossom_0043.png,1,4,4,koclip_ft
7421,cherryblossom_0043.png,1,0,4,koclip_ft
7422,cherryblossom_0043.png,4,4,4,koclip_ft
7423,cherryblossom_0043.png,4,4,4,koclip_ft
7424,cherryblossom_0044.png,4,3,4,koclip_ft
7425,cherryblossom_0044.png,4,4,4,koclip_ft
7426,cherryblossom_0044.png,3,4,4,koclip_ft
7427,cherryblossom_0044.png,1,2,4,koclip_ft
7469,cherryblossom_0055.png,3,0,4,koclip_ft
7470,cherryblossom_0055.png,2,2,4,koclip_ft
7471,cherryblossom_0055.png,2,4,4,koclip_ft
7472,cherryblossom_0055.png,1,3,4,koclip_ft
7518,cherryblossom_0069.png,4,4,4,koclip_ft
7519,cherryblossom_0069.png,3,0,4,koclip_ft
7532,cherryblossom_0079.png,4,4,4,koclip_ft
7533,cherryblossom_0079.png,4,3,4,koclip_ft
7534,cherryblossom_0079.png,3,2,4,koclip_ft
7535,cherryblossom_0079.png,3,3,4,koclip_ft
7536,cherryblossom_0079.png,3,3,4,koclip_ft
7537,cherryblossom_0079.png,4,4,4,koclip_ft
7538,cherryblossom_0079.png,3,3,4,koclip_ft
7539,cherryblossom_0079.png,4,4,4,koclip_ft
7540,cherryblossom_0079.png,4,4,4,koclip_ft
7541,cherryblossom_0079.png,4,0,4,koclip_ft
7542,cherryblossom_0079.png,4,4,4,koclip_ft
7543,cherryblossom_0079.png,3,4,4,koclip_ft
7544,cherryblossom_0079.png,3,4,4,koclip_ft
7550,cherryblossom_0082.png,1,0,4,koclip_ft
7551,cherryblossom_0082.png,1,4,4,koclip_ft
7552,cherryblossom_0082.png,4,4,4,koclip_ft
7553,cherryblossom_0082.png,4,4,4,koclip_ft
7591,cherryblossom_0095.png,3,2,4,koclip_ft
7592,cherryblossom_0095.png,4,4,4,koclip_ft
7593,cherryblossom_0095.png,4,4,4,koclip_ft
7594,cherryblossom_0096.png,4,0,4,koclip_ft
7595,cherryblossom_0096.png,3,4,4,koclip_ft
7596,cherryblossom_0096.png,4,4,4,koclip_ft
7597,cherryblossom_0096.png,4,4,4,koclip_ft
7598,cherryblossom_0096.png,2,4,4,koclip_ft
7634,kpop_0002.png,3,3,4,koclip_ft
7635,kpop_0002.png,4,3,4,koclip_ft
7636,kpop_0002.png,4,4,4,koclip_ft
7637,kpop_0002.png,1,4,4,koclip_ft
7638,kpop_0002.png,1,4,4,koclip_ft
7709,kpop_0012.png,4,4,4,koclip_ft
7710,kpop_0012.png,4,4,4,koclip_ft
7711,kpop_0012.png,4,3,4,koclip_ft
7712,kpop_0012.png,4,1,4,koclip_ft
7713,kpop_0012.png,4,3,4,koclip_ft
7714,kpop_0012.png,4,3,4,koclip_ft
7715,kpop_0012.png,1,2,4,koclip_ft
7778,kpop_0025.png,4,0,4,koclip_ft
7779,kpop_0025.png,4,1,4,koclip_ft
7780,kpop_0025.png,4,3,4,koclip_ft
7781,kpop_0025.png,3,4,4,koclip_ft
7782,kpop_0025.png,3,4,4,koclip_ft
7783,kpop_0025.png,4,4,4,koclip_ft
7784,kpop_0025.png,1,4,4,koclip_ft
7785,kpop_0025.png,1,4,4,koclip_ft
7786,kpop_0025.png,1,4,4,koclip_ft
7787,kpop_0025.png,1,4,4,koclip_ft
7788,kpop_0025.png,1,4,4,koclip_ft
7789,kpop_0025.png,1,3,4,koclip_ft
7790,kpop_0025.png,1,4,4,koclip_ft
7791,kpop_0025.png,1,4,4,koclip_ft
7792,kpop_0025.png,2,2,4,koclip_ft
7793,kpop_0025.png,2,2,4,koclip_ft
7794,kpop_0025.png,2,1,4,koclip_ft
7795,kpop_0025.png,1,4,4,koclip_ft
7796,kpop_0025.png,1,3,4,koclip_ft
7797,kpop_0025.png,3,3,4,koclip_ft
7798,kpop_0025.png,3,4,4,koclip_ft
7799,kpop_0025.png,2,2,4,koclip_ft
7833,kpop_0032.png,4,0,4,koclip_ft
7834,kpop_0032.png,4,0,4,koclip_ft
7835,kpop_0032.png,4,1,4,koclip_ft
7836,kpop_0032.png,4,4,4,koclip_ft
7837,kpop_0032.png,4,4,4,koclip_ft
7838,kpop_0032.png,4,0,4,koclip_ft
7839,kpop_0032.png,3,3,4,koclip_ft
7840,kpop_0032.png,3,4,4,koclip_ft
7841,kpop_0032.png,2,2,4,koclip_ft
7842,kpop_0032.png,2,4,4,koclip_ft
7843,kpop_0032.png,3,3,4,koclip_ft
7844,kpop_0032.png,3,4,4,koclip_ft
7845,kpop_0032.png,2,2,4,koclip_ft
7846,kpop_0033.png,4,4,4,koclip_ft
7847,kpop_0033.png,3,0,4,koclip_ft
7848,kpop_0033.png,2,3,4,koclip_ft
7889,kpop_0039.png,4,4,4,koclip_ft
7890,kpop_0039.png,4,4,4,koclip_ft
7891,kpop_0039.png,4,4,4,koclip_ft
7892,kpop_0039.png,4,4,4,koclip_ft
7893,kpop_0039.png,3,3,4,koclip_ft
7894,kpop_0039.png,2,3,4,koclip_ft
7895,kpop_0039.png,4,4,4,koclip_ft
7950,kpop_0045.png,4,4,4,koclip_ft
7951,kpop_0045.png,4,4,4,koclip_ft
7952,kpop_0045.png,4,4,4,koclip_ft
7953,kpop_0045.png,4,0,4,koclip_ft
7954,kpop_0045.png,4,4,4,koclip_ft
7955,kpop_0045.png,1,4,4,koclip_ft
7956,kpop_0045.png,1,3,4,koclip_ft
7957,kpop_0045.png,2,2,4,koclip_ft
7958,kpop_0045.png,1,0,4,koclip_ft
7959,kpop_0045.png,1,1,4,koclip_ft
7960,kpop_0045.png,2,1,4,koclip_ft
7961,kpop_0045.png,2,0,4,koclip_ft
7962,kpop_0045.png,4,4,4,koclip_ft
7963,kpop_0045.png,4,4,4,koclip_ft
7964,kpop_0045.png,4,3,4,koclip_ft
7965,kpop_0045.png,3,3,4,koclip_ft
7993,kpop_0048.png,4,0,4,koclip_ft
7994,kpop_0048.png,4,0,4,koclip_ft
7995,kpop_0048.png,3,3,4,koclip_ft
7996,kpop_0048.png,3,3,4,koclip_ft
7997,kpop_0048.png,3,3,4,koclip_ft
7998,kpop_0049.png,4,0,4,koclip_ft
7999,kpop_0049.png,4,1,4,koclip_ft
8000,kpop_0049.png,4,4,4,koclip_ft
8001,kpop_0049.png,4,3,4,koclip_ft
8002,kpop_0049.png,3,3,4,koclip_ft
8003,kpop_0049.png,4,3,4,koclip_ft
8004,kpop_0049.png,4,3,4,koclip_ft
8005,kpop_0049.png,4,4,4,koclip_ft
8006,kpop_0049.png,4,3,4,koclip_ft
8007,kpop_0049.png,4,3,4,koclip_ft
8008,kpop_0049.png,4,4,4,koclip_ft
8009,kpop_0049.png,2,2,4,koclip_ft
8010,kpop_0049.png,2,2,4,koclip_ft
8021,kpop_0053.png,0,3,4,koclip_ft
8022,kpop_0053.png,0,1,4,koclip_ft
8023,kpop_0053.png,0,0,4,koclip_ft
8024,kpop_0053.png,1,3,4,koclip_ft
8025,kpop_0053.png,3,3,4,koclip_ft
8026,kpop_0054.png,1,4,4,koclip_ft
8027,kpop_0054.png,1,4,4,koclip_ft
8028,kpop_0054.png,1,2,4,koclip_ft
8029,kpop_0054.png,2,3,4,koclip_ft
8030,kpop_0054.png,0,0,4,koclip_ft
8048,kpop_0056.png,4,4,4,koclip_ft
8049,kpop_0056.png,2,2,4,koclip_ft
8050,kpop_0056.png,3,3,4,koclip_ft
8051,kpop_0056.png,4,3,4,koclip_ft
8052,kpop_0056.png,3,4,4,koclip_ft
8053,kpop_0056.png,4,1,4,koclip_ft
8054,kpop_0056.png,4,4,4,koclip_ft
8055,kpop_0056.png,4,4,4,koclip_ft
8056,kpop_0056.png,4,4,4,koclip_ft
8057,kpop_0056.png,3,4,4,koclip_ft
8058,kpop_0056.png,3,2,4,koclip_ft
8059,kpop_0056.png,4,4,4,koclip_ft
8060,kpop_0056.png,4,3,4,koclip_ft
8061,kpop_0056.png,3,3,4,koclip_ft
8062,kpop_0056.png,3,4,4,koclip_ft
8063,kpop_0056.png,2,2,4,koclip_ft
8064,kpop_0056.png,2,2,4,koclip_ft
8065,kpop_0057.png,0,4,4,koclip_ft
8066,kpop_0057.png,0,4,4,koclip_ft
8067,kpop_0057.png,0,0,4,koclip_ft
8068,kpop_0057.png,3,3,4,koclip_ft
8069,kpop_0057.png,0,1,4,koclip_ft
8079,kpop_0060.png,4,2,4,koclip_ft
8080,kpop_0060.png,4,0,4,koclip_ft
8081,kpop_0060.png,4,4,4,koclip_ft
8082,kpop_0060.png,3,3,4,koclip_ft
8151,kpop_0071.png,0,4,4,koclip_ft
8152,kpop_0071.png,0,0,4,koclip_ft
8153,kpop_0071.png,0,2,4,koclip_ft
8154,kpop_0071.png,0,3,4,koclip_ft
8155,kpop_0071.png,1,1,4,koclip_ft
8199,kpop_0077.png,1,3,4,koclip_ft
8200,kpop_0077.png,3,3,4,koclip_ft
8201,kpop_0077.png,3,2,4,koclip_ft
8202,kpop_0077.png,3,3,4,koclip_ft
8203,kpop_0077.png,4,4,4,koclip_ft
8204,kpop_0077.png,4,1,4,koclip_ft
8205,kpop_0077.png,4,0,4,koclip_ft
8206,kpop_0077.png,3,1,4,koclip_ft
8207,kpop_0077.png,4,1,4,koclip_ft
8208,kpop_0077.png,4,3,4,koclip_ft
8209,kpop_0077.png,3,3,4,koclip_ft
8210,kpop_0077.png,2,3,4,koclip_ft
8211,kpop_0077.png,1,3,4,koclip_ft
8212,kpop_0077.png,3,3,4,koclip_ft
8213,kpop_0077.png,4,4,4,koclip_ft
8218,kpop_0079.png,4,4,4,koclip_ft
8219,kpop_0079.png,4,4,4,koclip_ft
8220,kpop_0079.png,3,3,4,koclip_ft
8221,kpop_0079.png,4,4,4,koclip_ft
8222,kpop_0079.png,4,4,4,koclip_ft
8236,kpop_0082.png,4,4,4,koclip_ft
8237,kpop_0082.png,4,4,4,koclip_ft
8238,kpop_0082.png,3,4,4,koclip_ft
8239,kpop_0082.png,4,2,4,koclip_ft
8240,kpop_0082.png,3,3,4,koclip_ft
8241,kpop_0082.png,3,3,4,koclip_ft
8242,kpop_0082.png,3,2,4,koclip_ft
8243,kpop_0082.png,3,4,4,koclip_ft
8244,kpop_0082.png,4,2,4,koclip_ft
8245,kpop_0082.png,2,4,4,koclip_ft
8246,kpop_0082.png,1,0,4,koclip_ft
8263,kpop_0087.png,4,4,4,koclip_ft
8264,kpop_0087.png,4,1,4,koclip_ft
8265,kpop_0087.png,3,1,4,koclip_ft
8266,kpop_0087.png,3,0,4,koclip_ft
8267,kpop_0087.png,3,3,4,koclip_ft
8268,kpop_0087.png,1,0,4,koclip_ft
8269,kpop_0087.png,2,2,4,koclip_ft
8270,kpop_0087.png,1,4,4,koclip_ft
8385,spotify_0002.png,1,0,4,koclip_ft
8386,spotify_0002.png,0,4,4,koclip_ft
8387,spotify_0002.png,0,4,4,koclip_ft
8388,spotify_0002.png,0,4,4,koclip_ft
8400,spotify_0008.png,3,2,4,koclip_ft
8401,spotify_0008.png,4,4,4,koclip_ft
8402,spotify_0008.png,4,3,4,koclip_ft
8403,spotify_0008.png,3,2,4,koclip_ft
8404,spotify_0008.png,2,4,4,koclip_ft
8421,spotify_0015.png,3,3,4,koclip_ft
8422,spotify_0015.png,3,2,4,koclip_ft
8423,spotify_0015.png,4,4,4,koclip_ft
8424,spotify_0015.png,4,4,4,koclip_ft
8450,spotify_0024.png,4,4,4,koclip_ft
8451,spotify_0024.png,4,4,4,koclip_ft
8452,spotify_0024.png,3,3,4,koclip_ft
8453,spotify_0024.png,2,2,4,koclip_ft
8483,spotify_0040.png,4,4,4,koclip_ft
8484,spotify_0040.png,4,4,4,koclip_ft
8485,spotify_0040.png,2,4,4,koclip_ft
8486,spotify_0040.png,2,1,4,koclip_ft
8558,spotify_0059.png,3,3,4,koclip_ft
8559,spotify_0059.png,3,2,4,koclip_ft
8560,spotify_0059.png,2,3,4,koclip_ft
8561,spotify_0059.png,2,2,4,koclip_ft
8562,spotify_0059.png,2,2,4,koclip_ft
8588,spotify_0066.png,3,3,4,koclip_ft
8589,spotify_0066.png,2,3,4,koclip_ft
8590,spotify_0066.png,2,2,4,koclip_ft
8591,spotify_0066.png,4,0,4,koclip_ft
8592,spotify_0066.png,4,4,4,koclip_ft
8599,spotify_0072.png,4,2,4,koclip_ft
8600,spotify_0072.png,3,1,4,koclip_ft
8601,spotify_0072.png,1,1,4,koclip_ft
8602,spotify_0072.png,3,4,4,koclip_ft
8603,spotify_0072.png,4,0,4,koclip_ft
8633,spotify_0089.png,1,1,4,koclip_ft
8634,spotify_0089.png,3,3,4,koclip_ft
8635,spotify_0089.png,2,1,4,koclip_ft
8636,spotify_0089.png,2,2,4,koclip_ft
8637,spotify_0089.png,2,2,4,koclip_ft
8638,spotify_0093.png,4,3,4,koclip_ft
8639,spotify_0093.png,4,4,4,koclip_ft
8640,spotify_0093.png,4,1,4,koclip_ft
8641,spotify_0093.png,1,2,4,koclip_ft
8642,spotify_0093.png,1,1,4,koclip_ft
8643,spotify_0093.png,1,1,4,koclip_ft
8644,spotify_0093.png,0,4,4,koclip_ft
8645,spotify_0093.png,0,2,4,koclip_ft
8646,spotify_0093.png,3,1,4,koclip_ft
8647,spotify_0093.png,0,3,4,koclip_ft
8648,spotify_0093.png,3,1,4,koclip_ft
8649,spotify_0093.png,3,4,4,koclip_ft
8655,spotify_0095.png,2,2,4,koclip_ft
8656,spotify_0095.png,3,1,4,koclip_ft
8657,spotify_0095.png,3,2,4,koclip_ft
8658,spotify_0095.png,2,2,4,koclip_ft
8659,spotify_0095.png,4,4,4,koclip_ft
8680,netflix_0002.png,4,1,4,koclip_ft
8681,netflix_0002.png,1,2,4,koclip_ft
8682,netflix_0002.png,1,4,4,koclip_ft
8683,netflix_0002.png,0,0,4,koclip_ft
8684,netflix_0002.png,1,4,4,koclip_ft
8690,netflix_0004.png,4,4,4,koclip_ft
8691,netflix_0004.png,4,4,4,koclip_ft
8692,netflix_0004.png,4,1,4,koclip_ft
8693,netflix_0004.png,3,2,4,koclip_ft
8694,netflix_0004.png,3,1,4,koclip_ft
8695,netflix_0004.png,1,2,4,koclip_ft
8696,netflix_0004.png,2,2,4,koclip_ft
8697,netflix_0004.png,1,4,4,koclip_ft
8698,netflix_0004.png,1,2,4,koclip_ft
8699,netflix_0004.png,1,2,4,koclip_ft
8704,netflix_0006.png,3,4,4,koclip_ft
8705,netflix_0006.png,0,4,4,koclip_ft
8706,netflix_0006.png,0,4,4,koclip_ft
8707,netflix_0006.png,1,4,4,koclip_ft
8708,netflix_0006.png,1,4,4,koclip_ft
8727,netflix_0013.png,4,4,4,koclip_ft
8772,netflix_0021.png,1,4,4,koclip_ft
8773,netflix_0021.png,1,4,4,koclip_ft
8774,netflix_0021.png,1,1,4,koclip_ft
8800,netflix_0031.png,4,4,4,koclip_ft
8801,netflix_0031.png,3,4,4,koclip_ft
8802,netflix_0031.png,3,4,4,koclip_ft
8803,netflix_0031.png,4,4,4,koclip_ft
8804,netflix_0031.png,3,1,4,koclip_ft
8805,netflix_0031.png,3,1,4,koclip_ft
8806,netflix_0031.png,2,1,4,koclip_ft
8809,netflix_0034.png,2,0,4,koclip_ft
8810,netflix_0034.png,4,4,4,koclip_ft
8811,netflix_0034.png,1,1,4,koclip_ft
8812,netflix_0034.png,3,2,4,koclip_ft
8813,netflix_0034.png,3,1,4,koclip_ft
8826,netflix_0038.png,4,4,4,koclip_ft
8827,netflix_0038.png,1,4,4,koclip_ft
8828,netflix_0038.png,1,4,4,koclip_ft
8829,netflix_0038.png,4,4,4,koclip_ft
8830,netflix_0038.png,0,4,4,koclip_ft
8848,netflix_0042.png,4,3,4,koclip_ft
8849,netflix_0042.png,2,1,4,koclip_ft
8850,netflix_0042.png,1,2,4,koclip_ft
8867,netflix_0048.png,4,4,4,koclip_ft
8868,netflix_0048.png,3,0,4,koclip_ft
8869,netflix_0048.png,3,1,4,koclip_ft
8870,netflix_0048.png,2,0,4,koclip_ft
8871,netflix_0048.png,2,3,4,koclip_ft
8957,netflix_0068.png,4,2,4,koclip_ft
8958,netflix_0068.png,2,2,4,koclip_ft
8959,netflix_0068.png,4,4,4,koclip_ft
8960,netflix_0068.png,4,4,4,koclip_ft
8966,netflix_0070.png,4,0,4,koclip_ft
8967,netflix_0070.png,4,4,4,koclip_ft
8968,netflix_0070.png,4,4,4,koclip_ft
9022,netflix_0092.png,1,1,4,koclip_ft
9023,netflix_0092.png,4,4,4,koclip_ft
9024,netflix_0092.png,1,4,4,koclip_ft
9025,netflix_0093.png,1,4,4,koclip_ft
9026,netflix_0093.png,3,4,4,koclip_ft
9027,netflix_0093.png,1,4,4,koclip_ft
9028,netflix_0093.png,4,0,4,koclip_ft
9029,netflix_0093.png,2,1,4,koclip_ft
9030,netflix_0095.png,4,0,4,koclip_ft
9031,netflix_0095.png,3,4,4,koclip_ft
9032,netflix_0095.png,4,4,4,koclip_ft
9033,netflix_0095.png,4,1,4,koclip_ft
9034,netflix_0095.png,4,4,4,koclip_ft
9035,netflix_0095.png,1,2,4,koclip_ft
9036,netflix_0096.png,2,0,4,koclip_ft
9037,netflix_0096.png,0,4,4,koclip_ft
9038,netflix_0096.png,1,4,4,koclip_ft
9147,apple_0026.png,4,4,4,koclip_ft
9148,apple_0026.png,4,4,4,koclip_ft
9149,apple_0026.png,3,4,4,koclip_ft
9150,apple_0026.png,4,4,4,koclip_ft
9151,apple_0026.png,4,4,4,koclip_ft
9152,apple_0026.png,4,4,4,koclip_ft
9153,apple_0026.png,1,4,4,koclip_ft
9184,apple_0040.png,4,4,4,koclip_ft
9185,apple_0040.png,4,4,4,koclip_ft
9186,apple_0040.png,4,4,4,koclip_ft
9187,apple_0040.png,4,4,4,koclip_ft
9188,apple_0041.png,4,4,4,koclip_ft
9189,apple_0041.png,4,4,4,koclip_ft
9190,apple_0041.png,4,4,4,koclip_ft
9191,apple_0041.png,3,2,4,koclip_ft
9192,apple_0041.png,4,4,4,koclip_ft
9193,apple_0042.png,4,4,4,koclip_ft
9194,apple_0042.png,3,4,4,koclip_ft
9195,apple_0042.png,2,1,4,koclip_ft
9196,apple_0042.png,0,0,4,koclip_ft
9197,apple_0042.png,2,2,4,koclip_ft
9208,apple_0047.png,4,4,4,koclip_ft
9209,apple_0047.png,4,4,4,koclip_ft
9210,apple_0047.png,3,4,4,koclip_ft
9211,apple_0047.png,2,4,4,koclip_ft
9212,apple_0047.png,3,3,4,koclip_ft
9213,apple_0047.png,4,4,4,koclip_ft
9223,apple_0050.png,4,4,4,koclip_ft
9224,apple_0050.png,4,4,4,koclip_ft
9225,apple_0050.png,4,4,4,koclip_ft
9226,apple_0050.png,2,2,4,koclip_ft
9227,apple_0050.png,4,4,4,koclip_ft
9232,apple_0052.png,4,2,4,koclip_ft
9233,apple_0052.png,4,4,4,koclip_ft
9234,apple_0052.png,4,4,4,koclip_ft
9235,apple_0052.png,4,1,4,koclip_ft
9236,apple_0052.png,4,4,4,koclip_ft
9237,apple_0055.png,4,1,4,koclip_ft
9238,apple_0055.png,3,0,4,koclip_ft
9239,apple_0055.png,4,0,4,koclip_ft
9240,apple_0055.png,4,4,4,koclip_ft
9241,apple_0055.png,3,3,4,koclip_ft
9344,apple_0097.png,4,4,4,koclip_ft
9345,apple_0097.png,4,4,4,koclip_ft
9346,apple_0098.png,4,4,4,koclip_ft
9347,apple_0098.png,4,4,4,koclip_ft
9348,apple_0098.png,1,0,4,koclip_ft
9349,apple_0098.png,2,4,4,koclip_ft
9350,apple_0098.png,3,2,4,koclip_ft
9379,galaxy_0007.png,4,4,4,koclip_ft
9380,galaxy_0007.png,1,0,4,koclip_ft
9381,galaxy_0007.png,0,4,4,koclip_ft
9382,galaxy_0007.png,1,2,4,koclip_ft
9383,galaxy_0007.png,1,1,4,koclip_ft
9384,galaxy_0007.png,4,4,4,koclip_ft
9424,galaxy_0018.png,1,1,4,koclip_ft
9425,galaxy_0018.png,1,1,4,koclip_ft
9426,galaxy_0018.png,1,1,4,koclip_ft
9447,galaxy_0023.png,4,4,4,koclip_ft
9448,galaxy_0023.png,1,4,4,koclip_ft
9449,galaxy_0023.png,1,2,4,koclip_ft
9450,galaxy_0023.png,2,3,4,koclip_ft
9451,galaxy_0023.png,2,2,4,koclip_ft
9452,galaxy_0025.png,1,4,4,koclip_ft
9453,galaxy_0025.png,1,1,4,koclip_ft
9454,galaxy_0025.png,4,4,4,koclip_ft
9455,galaxy_0025.png,4,4,4,koclip_ft
9456,galaxy_0025.png,2,2,4,koclip_ft
9487,galaxy_0028.png,0,0,4,koclip_ft
9488,galaxy_0028.png,2,2,4,koclip_ft
9489,galaxy_0028.png,4,4,4,koclip_ft
9490,galaxy_0028.png,3,1,4,koclip_ft
9491,galaxy_0028.png,1,1,4,koclip_ft
9532,galaxy_0035.png,4,4,4,koclip_ft
9533,galaxy_0035.png,3,3,4,koclip_ft
9540,galaxy_0039.png,4,1,4,koclip_ft
9541,galaxy_0039.png,4,4,4,koclip_ft
9542,galaxy_0039.png,4,2,4,koclip_ft
9543,galaxy_0039.png,3,1,4,koclip_ft
9544,galaxy_0039.png,4,4,4,koclip_ft
9596,galaxy_0061.png,2,2,4,koclip_ft
9597,galaxy_0061.png,3,4,4,koclip_ft
9598,galaxy_0061.png,4,1,4,koclip_ft
9599,galaxy_0061.png,1,2,4,koclip_ft
9600,galaxy_0061.png,3,1,4,koclip_ft
9601,galaxy_0063.png,4,4,4,koclip_ft
9602,galaxy_0063.png,4,4,4,koclip_ft
9603,galaxy_0063.png,4,4,4,koclip_ft
9604,galaxy_0063.png,4,4,4,koclip_ft
9605,galaxy_0063.png,3,4,4,koclip_ft
9606,galaxy_0063.png,1,4,4,koclip_ft
9607,galaxy_0063.png,1,1,4,koclip_ft
9608,galaxy_0063.png,0,1,4,koclip_ft
9609,galaxy_0063.png,4,4,4,koclip_ft
9610,galaxy_0063.png,3,2,4,koclip_ft
9611,galaxy_0063.png,3,2,4,koclip_ft
9637,galaxy_0070.png,4,4,4,koclip_ft
9638,galaxy_0070.png,4,4,4,koclip_ft
9639,galaxy_0070.png,3,4,4,koclip_ft
9640,galaxy_0070.png,3,1,4,koclip_ft
9644,galaxy_0073.png,4,1,4,koclip_ft
9645,galaxy_0073.png,4,4,4,koclip_ft
9646,galaxy_0073.png,4,1,4,koclip_ft
9647,galaxy_0073.png,4,4,4,koclip_ft
9648,galaxy_0073.png,4,4,4,koclip_ft
9649,galaxy_0073.png,4,4,4,koclip_ft
9650,galaxy_0073.png,1,2,4,koclip_ft
9651,galaxy_0073.png,1,1,4,koclip_ft
9652,galaxy_0073.png,0,1,4,koclip_ft
9662,galaxy_0077.png,0,0,4,koclip_ft
9663,galaxy_0077.png,3,2,4,koclip_ft
9664,galaxy_0077.png,4,4,4,koclip_ft
9665,galaxy_0077.png,4,1,4,koclip_ft
9666,galaxy_0077.png,1,1,4,koclip_ft
9667,galaxy_0078.png,2,4,4,koclip_ft
9668,galaxy_0078.png,3,1,4,koclip_ft
9669,galaxy_0078.png,1,0,4,koclip_ft
9670,galaxy_0078.png,0,3,4,koclip_ft
9671,galaxy_0078.png,4,3,4,koclip_ft
9672,galaxy_0078.png,2,2,4,koclip_ft
9673,galaxy_0078.png,2,4,4,koclip_ft
9674,galaxy_0078.png,0,4,4,koclip_ft
9683,galaxy_0081.png,4,4,4,koclip_ft
9684,galaxy_0081.png,4,4,4,koclip_ft
9685,galaxy_0081.png,4,4,4,koclip_ft
9686,galaxy_0081.png,4,4,4,koclip_ft
9687,galaxy_0081.png,4,4,4,koclip_ft
9688,galaxy_0081.png,1,4,4,koclip_ft
9689,galaxy_0081.png,1,1,4,koclip_ft
9690,galaxy_0081.png,1,1,4,koclip_ft
9691,galaxy_0081.png,4,4,4,koclip_ft
9692,galaxy_0081.png,2,2,4,koclip_ft
9693,galaxy_0081.png,3,2,4,koclip_ft
9695,galaxy_0083.png,3,3,4,koclip_ft
9696,galaxy_0083.png,1,1,4,koclip_ft
9697,galaxy_0083.png,4,4,4,koclip_ft
9698,galaxy_0083.png,4,4,4,koclip_ft
9779,iphone16_0001.png,4,3,4,koclip_ft
9780,iphone16_0001.png,3,3,4,koclip_ft
9781,iphone16_0001.png,3,3,4,koclip_ft
9782,iphone16_0001.png,1,4,4,koclip_ft
9783,iphone16_0001.png,2,2,4,koclip_ft
9784,iphone16_0001.png,3,3,4,koclip_ft
9785,iphone16_0001.png,0,1,4,koclip_ft
9786,iphone16_0001.png,0,1,4,koclip_ft
9787,iphone16_0001.png,0,0,4,koclip_ft
9788,iphone16_0001.png,0,1,4,koclip_ft
9789,iphone16_0001.png,1,4,4,koclip_ft
9790,iphone16_0001.png,0,2,4,koclip_ft
9791,iphone16_0001.png,0,1,4,koclip_ft
9792,iphone16_0001.png,0,0,4,koclip_ft
9793,iphone16_0001.png,0,0,4,koclip_ft
9794,iphone16_0001.png,0,0,4,koclip_ft
9795,iphone16_0001.png,0,0,4,koclip_ft
9796,iphone16_0001.png,0,0,4,koclip_ft
9797,iphone16_0001.png,0,0,4,koclip_ft
9798,iphone16_0001.png,0,0,4,koclip_ft
9799,iphone16_0001.png,0,0,4,koclip_ft
9800,iphone16_0001.png,1,4,4,koclip_ft
9801,iphone16_0001.png,1,1,4,koclip_ft
9802,iphone16_0001.png,2,3,4,koclip_ft
9803,iphone16_0001.png,2,3,4,koclip_ft
9804,iphone16_0001.png,2,2,4,koclip_ft
9805,iphone16_0001.png,2,0,4,koclip_ft
9806,iphone16_0001.png,1,3,4,koclip_ft
9807,iphone16_0002.png,1,0,4,koclip_ft
9808,iphone16_0002.png,4,4,4,koclip_ft
9809,iphone16_0002.png,3,0,4,koclip_ft
9810,iphone16_0002.png,2,4,4,koclip_ft
9811,iphone16_0002.png,2,0,4,koclip_ft
9849,iphone16_0010.png,4,4,4,koclip_ft
9850,iphone16_0010.png,0,0,4,koclip_ft
9851,iphone16_0010.png,0,0,4,koclip_ft
9868,iphone16_0014.png,0,0,4,koclip_ft
9869,iphone16_0014.png,4,4,4,koclip_ft
9870,iphone16_0014.png,2,3,4,koclip_ft
9871,iphone16_0014.png,4,4,4,koclip_ft
9876,iphone16_0016.png,4,4,4,koclip_ft
9877,iphone16_0016.png,4,4,4,koclip_ft
9878,iphone16_0016.png,1,4,4,koclip_ft
9879,iphone16_0016.png,1,0,4,koclip_ft
9880,iphone16_0016.png,3,2,4,koclip_ft
9881,iphone16_0017.png,4,4,4,koclip_ft
9882,iphone16_0017.png,4,4,4,koclip_ft
9884,iphone16_0020.png,1,4,4,koclip_ft
9885,iphone16_0020.png,0,4,4,koclip_ft
9886,iphone16_0020.png,1,1,4,koclip_ft
9887,iphone16_0020.png,2,1,4,koclip_ft
9888,iphone16_0020.png,2,2,4,koclip_ft
9889,iphone16_0022.png,4,4,4,koclip_ft
9890,iphone16_0022.png,1,4,4,koclip_ft
9891,iphone16_0022.png,1,1,4,koclip_ft
9892,iphone16_0022.png,0,0,4,koclip_ft
9893,iphone16_0022.png,3,3,4,koclip_ft
9911,iphone16_0032.png,3,3,4,koclip_ft
9912,iphone16_0032.png,4,0,4,koclip_ft
9913,iphone16_0032.png,3,0,4,koclip_ft
9914,iphone16_0032.png,4,0,4,koclip_ft
9915,iphone16_0032.png,4,4,4,koclip_ft
9916,iphone16_0032.png,4,0,4,koclip_ft
9917,iphone16_0032.png,4,0,4,koclip_ft
9918,iphone16_0032.png,3,0,4,koclip_ft
9938,iphone16_0039.png,0,4,4,koclip_ft
9973,iphone16_0048.png,4,4,4,koclip_ft
9974,iphone16_0048.png,4,4,4,koclip_ft
9975,iphone16_0048.png,0,3,4,koclip_ft
9976,iphone16_0048.png,1,1,4,koclip_ft
9977,iphone16_0048.png,2,4,4,koclip_ft
9983,iphone16_0051.png,1,4,4,koclip_ft
9984,iphone16_0051.png,4,4,4,koclip_ft
9985,iphone16_0051.png,2,2,4,koclip_ft
9986,iphone16_0051.png,2,2,4,koclip_ft
9987,iphone16_0051.png,0,1,4,koclip_ft
9988,iphone16_0052.png,4,4,4,koclip_ft
9989,iphone16_0052.png,1,4,4,koclip_ft
9990,iphone16_0052.png,1,0,4,koclip_ft
9991,iphone16_0052.png,0,0,4,koclip_ft
9992,iphone16_0052.png,3,1,4,koclip_ft
9998,iphone16_0054.png,1,1,4,koclip_ft
9999,iphone16_0054.png,4,4,4,koclip_ft
10000,iphone16_0054.png,4,0,4,koclip_ft
10001,iphone16_0054.png,2,3,4,koclip_ft
10043,iphone16_0063.png,4,4,4,koclip_ft
10044,iphone16_0063.png,4,2,4,koclip_ft
10045,iphone16_0063.png,3,1,4,koclip_ft
10046,iphone16_0063.png,1,3,4,koclip_ft
10047,iphone16_0063.png,1,3,4,koclip_ft
10053,iphone16_0065.png,4,4,4,koclip_ft
10054,iphone16_0065.png,4,4,4,koclip_ft
10126,iphone16_0079.png,1,3,4,koclip_ft
10127,iphone16_0079.png,1,4,4,koclip_ft
10128,iphone16_0079.png,4,4,4,koclip_ft
10129,iphone16_0079.png,0,1,4,koclip_ft
10130,iphone16_0079.png,0,3,4,koclip_ft
10131,iphone16_0079.png,0,0,4,koclip_ft
10132,iphone16_0079.png,0,4,4,koclip_ft
10133,iphone16_0079.png,3,4,4,koclip_ft
10134,iphone16_0079.png,1,0,4,koclip_ft
10135,iphone16_0079.png,4,1,4,koclip_ft
10136,iphone16_0079.png,4,1,4,koclip_ft
10137,iphone16_0079.png,4,1,4,koclip_ft
10138,iphone16_0079.png,3,4,4,koclip_ft
10139,iphone16_0079.png,4,4,4,koclip_ft
10140,iphone16_0079.png,4,3,4,koclip_ft
10141,iphone16_0079.png,4,3,4,koclip_ft
10142,iphone16_0079.png,4,4,4,koclip_ft
10143,iphone16_0079.png,3,4,4,koclip_ft
10144,iphone16_0079.png,4,1,4,koclip_ft
10145,iphone16_0079.png,0,4,4,koclip_ft
10146,iphone16_0079.png,0,3,4,koclip_ft
10147,iphone16_0079.png,0,0,4,koclip_ft
10148,iphone16_0079.png,2,1,4,koclip_ft
10149,iphone16_0079.png,3,1,4,koclip_ft
10150,iphone16_0079.png,0,3,4,koclip_ft
10151,iphone16_0079.png,3,3,4,koclip_ft
10157,iphone16_0081.png,0,4,4,koclip_ft
10158,iphone16_0081.png,2,1,4,koclip_ft
10159,iphone16_0081.png,3,2,4,koclip_ft
10160,iphone16_0081.png,4,1,4,koclip_ft
10161,iphone16_0081.png,4,4,4,koclip_ft
10182,iphone16_0086.png,3,3,4,koclip_ft
10183,iphone16_0086.png,4,4,4,koclip_ft
10184,iphone16_0086.png,3,3,4,koclip_ft
10185,iphone16_0086.png,2,3,4,koclip_ft
10186,iphone16_0086.png,2,2,4,koclip_ft
10187,iphone16_0086.png,2,1,4,koclip_ft
10188,iphone16_0086.png,1,1,4,koclip_ft
10189,iphone16_0088.png,4,3,4,koclip_ft
10190,iphone16_0088.png,4,0,4,koclip_ft
10191,iphone16_0088.png,4,0,4,koclip_ft
10192,iphone16_0088.png,3,4,4,koclip_ft
10193,iphone16_0088.png,4,4,4,koclip_ft
10199,iphone16_0090.png,1,2,4,koclip_ft
10200,iphone16_0090.png,4,4,4,koclip_ft
10247,iphone16_0097.png,4,4,4,koclip_ft
10248,iphone16_0097.png,4,4,4,koclip_ft
10249,iphone16_0097.png,3,4,4,koclip_ft
10250,iphone16_0097.png,4,4,4,koclip_ft
10251,iphone16_0097.png,2,4,4,koclip_ft
10252,iphone16_0098.png,4,4,4,koclip_ft
10253,iphone16_0098.png,0,4,4,koclip_ft
10254,iphone16_0098.png,3,0,4,koclip_ft
10255,iphone16_0098.png,0,0,4,koclip_ft
10256,iphone16_0098.png,4,1,4,koclip_ft
10273,healthstagram_0006.png,3,3,4,koclip_ft
10408,healthstagram_0027.png,0,0,4,koclip_ft
10698,healthstagram_0091.png,1,1,4,koclip_ft
10699,healthstagram_0091.png,4,4,4,koclip_ft
10700,healthstagram_0091.png,0,0,4,koclip_ft
10701,healthstagram_0091.png,0,1,4,koclip_ft
10702,healthstagram_0091.png,1,1,4,koclip_ft
10703,healthstagram_0091.png,2,2,4,koclip_ft
10704,healthstagram_0091.png,0,1,4,koclip_ft
10705,healthstagram_0091.png,0,1,4,koclip_ft
10706,healthstagram_0091.png,0,0,4,koclip_ft
10707,healthstagram_0091.png,0,0,4,koclip_ft
10708,healthstagram_0091.png,0,1,4,koclip_ft
10709,healthstagram_0091.png,0,0,4,koclip_ft
10710,healthstagram_0091.png,0,3,4,koclip_ft
10711,healthstagram_0091.png,0,3,4,koclip_ft
10712,healthstagram_0091.png,2,2,4,koclip_ft
10713,healthstagram_0091.png,0,3,4,koclip_ft
10714,healthstagram_0091.png,4,2,4,koclip_ft
10715,healthstagram_0091.png,4,0,4,koclip_ft
10716,healthstagram_0091.png,4,4,4,koclip_ft
10717,healthstagram_0091.png,3,3,4,koclip_ft
10718,healthstagram_0091.png,3,2,4,koclip_ft
10719,healthstagram_0091.png,0,0,4,koclip_ft
10720,healthstagram_0091.png,1,1,4,koclip_ft
10721,healthstagram_0091.png,0,4,4,koclip_ft
10722,healthstagram_0091.png,1,0,4,koclip_ft
10723,healthstagram_0091.png,0,0,4,koclip_ft
10724,healthstagram_0091.png,0,0,4,koclip_ft
10725,healthstagram_0091.png,3,3,4,koclip_ft
10726,healthstagram_0091.png,0,1,4,koclip_ft
10727,healthstagram_0091.png,0,1,4,koclip_ft
10763,healthstagram_0095.png,4,3,4,koclip_ft
10764,healthstagram_0095.png,4,4,4,koclip_ft
10765,healthstagram_0095.png,4,4,4,koclip_ft
10766,healthstagram_0095.png,3,2,4,koclip_ft
10767,healthstagram_0095.png,4,0,4,koclip_ft
10768,healthstagram_0095.png,4,4,4,koclip_ft
10769,healthstagram_0095.png,4,4,4,koclip_ft
10770,healthstagram_0095.png,0,0,4,koclip_ft
10771,healthstagram_0095.png,0,0,4,koclip_ft
10772,healthstagram_0095.png,4,2,4,koclip_ft
10773,healthstagram_0095.png,4,4,4,koclip_ft
10774,healthstagram_0095.png,1,3,4,koclip_ft
10775,healthstagram_0095.png,0,1,4,koclip_ft
10776,healthstagram_0095.png,4,3,4,koclip_ft
10777,healthstagram_0095.png,4,4,4,koclip_ft
10852,ounwan_0014.png,1,1,4,koclip_ft
10853,ounwan_0014.png,3,3,4,koclip_ft
10854,ounwan_0014.png,0,0,4,koclip_ft
10855,ounwan_0014.png,4,4,4,koclip_ft
10856,ounwan_0014.png,4,2,4,koclip_ft
10857,ounwan_0014.png,4,0,4,koclip_ft
10858,ounwan_0014.png,4,4,4,koclip_ft
10859,ounwan_0014.png,4,3,4,koclip_ft
10860,ounwan_0014.png,2,2,4,koclip_ft
10861,ounwan_0014.png,3,4,4,koclip_ft
10862,ounwan_0014.png,2,2,4,koclip_ft
10863,ounwan_0014.png,1,1,4,koclip_ft
10864,ounwan_0014.png,0,2,4,koclip_ft
10865,ounwan_0014.png,2,2,4,koclip_ft
10866,ounwan_0014.png,2,2,4,koclip_ft
10867,ounwan_0014.png,2,2,4,koclip_ft
10868,ounwan_0014.png,3,2,4,koclip_ft
10869,ounwan_0014.png,3,2,4,koclip_ft
10870,ounwan_0014.png,2,3,4,koclip_ft
10871,ounwan_0014.png,2,3,4,koclip_ft
10872,ounwan_0014.png,2,2,4,koclip_ft
10873,ounwan_0014.png,2,2,4,koclip_ft
10874,ounwan_0014.png,4,4,4,koclip_ft
10875,ounwan_0014.png,0,0,4,koclip_ft
10876,ounwan_0014.png,1,2,4,koclip_ft
10877,ounwan_0014.png,1,1,4,koclip_ft
10878,ounwan_0014.png,3,2,4,koclip_ft
10879,ounwan_0014.png,1,1,4,koclip_ft
10880,ounwan_0014.png,2,2,4,koclip_ft
10881,ounwan_0014.png,2,3,4,koclip_ft
10936,ounwan_0021.png,4,3,4,koclip_ft
10976,ounwan_0038.png,4,4,4,koclip_ft
10977,ounwan_0038.png,3,3,4,koclip_ft
10978,ounwan_0038.png,4,4,4,koclip_ft
10979,ounwan_0038.png,2,2,4,koclip_ft
10980,ounwan_0038.png,0,0,4,koclip_ft
10981,ounwan_0038.png,4,0,4,koclip_ft
10982,ounwan_0038.png,1,2,4,koclip_ft
10983,ounwan_0038.png,3,3,4,koclip_ft
10984,ounwan_0038.png,3,4,4,koclip_ft
10985,ounwan_0038.png,1,3,4,koclip_ft
10986,ounwan_0038.png,2,2,4,koclip_ft
10987,ounwan_0038.png,4,2,4,koclip_ft
10988,ounwan_0038.png,2,3,4,koclip_ft
10989,ounwan_0038.png,2,2,4,koclip_ft
10990,ounwan_0038.png,0,1,4,koclip_ft
10991,ounwan_0038.png,2,2,4,koclip_ft
10992,ounwan_0038.png,0,1,4,koclip_ft
10993,ounwan_0038.png,0,0,4,koclip_ft
10994,ounwan_0038.png,4,1,4,koclip_ft
10995,ounwan_0038.png,4,0,4,koclip_ft
10996,ounwan_0038.png,0,0,4,koclip_ft
10997,ounwan_0038.png,0,2,4,koclip_ft
10998,ounwan_0038.png,4,4,4,koclip_ft
10999,ounwan_0038.png,4,4,4,koclip_ft
11000,ounwan_0038.png,3,4,4,koclip_ft
11001,ounwan_0038.png,0,0,4,koclip_ft
11002,ounwan_0038.png,0,2,4,koclip_ft
11004,ounwan_0042.png,4,3,4,koclip_ft
11029,ounwan_0044.png,3,3,4,koclip_ft
11030,ounwan_0044.png,4,4,4,koclip_ft
11031,ounwan_0044.png,3,2,4,koclip_ft
11032,ounwan_0044.png,2,2,4,koclip_ft
11033,ounwan_0044.png,2,1,4,koclip_ft
11034,ounwan_0044.png,3,4,4,koclip_ft
11035,ounwan_0044.png,3,3,4,koclip_ft
11036,ounwan_0044.png,3,3,4,koclip_ft
11037,ounwan_0044.png,1,3,4,koclip_ft
11038,ounwan_0044.png,2,3,4,koclip_ft
11039,ounwan_0044.png,4,4,4,koclip_ft
11040,ounwan_0044.png,2,2,4,koclip_ft
11041,ounwan_0044.png,0,0,4,koclip_ft
11042,ounwan_0044.png,1,0,4,koclip_ft
11043,ounwan_0044.png,3,3,4,koclip_ft
11044,ounwan_0044.png,1,1,4,koclip_ft
11045,ounwan_0047.png,3,3,4,koclip_ft
11046,ounwan_0047.png,3,4,4,koclip_ft
11047,ounwan_0047.png,4,4,4,koclip_ft
11048,ounwan_0047.png,1,4,4,koclip_ft
11049,ounwan_0049.png,4,3,4,koclip_ft
11050,ounwan_0049.png,1,3,4,koclip_ft
11051,ounwan_0049.png,4,0,4,koclip_ft
11052,ounwan_0049.png,0,0,4,koclip_ft
11053,ounwan_0049.png,3,2,4,koclip_ft
11054,ounwan_0049.png,4,2,4,koclip_ft
11055,ounwan_0049.png,3,3,4,koclip_ft
11056,ounwan_0049.png,4,4,4,koclip_ft
11057,ounwan_0049.png,3,3,4,koclip_ft
11058,ounwan_0049.png,4,4,4,koclip_ft
11059,ounwan_0049.png,2,2,4,koclip_ft
11060,ounwan_0049.png,2,2,4,koclip_ft
11061,ounwan_0049.png,0,1,4,koclip_ft
11062,ounwan_0049.png,2,2,4,koclip_ft
11063,ounwan_0049.png,4,4,4,koclip_ft
11064,ounwan_0049.png,0,4,4,koclip_ft
11066,ounwan_0053.png,3,3,4,koclip_ft
11067,ounwan_0053.png,2,4,4,koclip_ft
11068,ounwan_0053.png,4,4,4,koclip_ft
11069,ounwan_0053.png,4,4,4,koclip_ft
11070,ounwan_0053.png,4,4,4,koclip_ft
11071,ounwan_0053.png,3,1,4,koclip_ft
11072,ounwan_0053.png,2,0,4,koclip_ft
11073,ounwan_0053.png,4,4,4,koclip_ft
11074,ounwan_0053.png,4,2,4,koclip_ft
11075,ounwan_0053.png,4,4,4,koclip_ft
11076,ounwan_0053.png,2,2,4,koclip_ft
11077,ounwan_0053.png,3,2,4,koclip_ft
11078,ounwan_0053.png,1,0,4,koclip_ft
11079,ounwan_0053.png,1,3,4,koclip_ft
11080,ounwan_0053.png,1,4,4,koclip_ft
11081,ounwan_0053.png,1,1,4,koclip_ft
11082,ounwan_0053.png,0,0,4,koclip_ft
11083,ounwan_0053.png,0,0,4,koclip_ft
11084,ounwan_0053.png,1,1,4,koclip_ft
11085,ounwan_0053.png,0,0,4,koclip_ft
11086,ounwan_0053.png,4,4,4,koclip_ft
11087,ounwan_0053.png,4,4,4,koclip_ft
11088,ounwan_0053.png,2,2,4,koclip_ft
11089,ounwan_0053.png,1,0,4,koclip_ft
11090,ounwan_0053.png,0,0,4,koclip_ft
11091,ounwan_0053.png,0,0,4,koclip_ft
11092,ounwan_0053.png,1,2,4,koclip_ft
11093,ounwan_0053.png,0,1,4,koclip_ft
11094,ounwan_0053.png,1,2,4,koclip_ft
11096,ounwan_0056.png,3,1,4,koclip_ft
11097,ounwan_0056.png,1,1,4,koclip_ft
11098,ounwan_0056.png,1,1,4,koclip_ft
11099,ounwan_0056.png,1,1,4,koclip_ft
11100,ounwan_0056.png,4,1,4,koclip_ft
11101,ounwan_0056.png,1,1,4,koclip_ft
11102,ounwan_0056.png,1,1,4,koclip_ft
11103,ounwan_0056.png,1,1,4,koclip_ft
11104,ounwan_0056.png,4,4,4,koclip_ft
11105,ounwan_0056.png,4,4,4,koclip_ft
11106,ounwan_0056.png,0,0,4,koclip_ft
11107,ounwan_0056.png,0,0,4,koclip_ft
11108,ounwan_0056.png,0,0,4,koclip_ft
11109,ounwan_0056.png,0,0,4,koclip_ft
11110,ounwan_0056.png,1,1,4,koclip_ft
11111,ounwan_0056.png,1,1,4,koclip_ft
11112,ounwan_0056.png,2,2,4,koclip_ft
11113,ounwan_0056.png,1,1,4,koclip_ft
11114,ounwan_0056.png,2,2,4,koclip_ft
11115,ounwan_0056.png,0,1,4,koclip_ft
11116,ounwan_0056.png,2,2,4,koclip_ft
11117,ounwan_0056.png,3,4,4,koclip_ft
11118,ounwan_0056.png,2,2,4,koclip_ft
11119,ounwan_0056.png,3,3,4,koclip_ft
11133,ounwan_0058.png,1,3,4,koclip_ft
11134,ounwan_0058.png,0,1,4,koclip_ft
11185,ounwan_0066.png,3,3,4,koclip_ft
11216,ounwan_0072.png,4,4,4,koclip_ft
11217,ounwan_0072.png,3,3,4,koclip_ft
11360,ounwan_0092.png,3,2,4,koclip_ft
11361,ounwan_0092.png,4,3,4,koclip_ft
11435,dietfood_0006.png,4,4,4,koclip_ft
11436,dietfood_0006.png,3,3,4,koclip_ft
11437,dietfood_0006.png,3,2,4,koclip_ft
11438,dietfood_0006.png,4,2,4,koclip_ft
11439,dietfood_0006.png,4,0,4,koclip_ft
11445,dietfood_0008.png,4,3,4,koclip_ft
11446,dietfood_0008.png,4,3,4,koclip_ft
11447,dietfood_0008.png,3,2,4,koclip_ft
11448,dietfood_0008.png,4,0,4,koclip_ft
11449,dietfood_0008.png,4,4,4,koclip_ft
11459,dietfood_0012.png,4,4,4,koclip_ft
11460,dietfood_0012.png,3,4,4,koclip_ft
11461,dietfood_0012.png,4,2,4,koclip_ft
11462,dietfood_0012.png,4,2,4,koclip_ft
11463,dietfood_0012.png,3,3,4,koclip_ft
11469,dietfood_0014.png,4,4,4,koclip_ft
11470,dietfood_0014.png,2,4,4,koclip_ft
11471,dietfood_0014.png,3,4,4,koclip_ft
11472,dietfood_0014.png,3,4,4,koclip_ft
11473,dietfood_0014.png,1,4,4,koclip_ft
11474,dietfood_0014.png,4,3,4,koclip_ft
11475,dietfood_0014.png,1,4,4,koclip_ft
11476,dietfood_0014.png,2,2,4,koclip_ft
11514,dietfood_0024.png,1,3,4,koclip_ft
11515,dietfood_0024.png,1,4,4,koclip_ft
11516,dietfood_0024.png,0,0,4,koclip_ft
11517,dietfood_0024.png,0,0,4,koclip_ft
11518,dietfood_0024.png,0,0,4,koclip_ft
11529,dietfood_0026.png,4,3,4,koclip_ft
11530,dietfood_0026.png,4,3,4,koclip_ft
11531,dietfood_0026.png,3,3,4,koclip_ft
11532,dietfood_0026.png,2,3,4,koclip_ft
11533,dietfood_0026.png,3,3,4,koclip_ft
11534,dietfood_0026.png,2,2,4,koclip_ft
11535,dietfood_0026.png,1,2,4,koclip_ft
11536,dietfood_0026.png,4,4,4,koclip_ft
11537,dietfood_0026.png,1,4,4,koclip_ft
11538,dietfood_0026.png,2,4,4,koclip_ft
11539,dietfood_0026.png,3,4,4,koclip_ft
11540,dietfood_0026.png,2,4,4,koclip_ft
11541,dietfood_0026.png,3,3,4,koclip_ft
11542,dietfood_0026.png,4,3,4,koclip_ft
11543,dietfood_0026.png,3,3,4,koclip_ft
11544,dietfood_0026.png,4,3,4,koclip_ft
11545,dietfood_0026.png,4,3,4,koclip_ft
11546,dietfood_0026.png,1,2,4,koclip_ft
11547,dietfood_0026.png,1,2,4,koclip_ft
11548,dietfood_0026.png,0,3,4,koclip_ft
11650,dietfood_0045.png,4,4,4,koclip_ft
11651,dietfood_0045.png,4,3,4,koclip_ft
11652,dietfood_0045.png,3,3,4,koclip_ft
11653,dietfood_0045.png,4,4,4,koclip_ft
11654,dietfood_0045.png,3,2,4,koclip_ft
11688,dietfood_0053.png,3,4,4,koclip_ft
11689,dietfood_0053.png,3,3,4,koclip_ft
11690,dietfood_0053.png,4,3,4,koclip_ft
11691,dietfood_0053.png,2,2,4,koclip_ft
11692,dietfood_0053.png,2,2,4,koclip_ft
11693,dietfood_0053.png,1,2,4,koclip_ft
11694,dietfood_0053.png,3,3,4,koclip_ft
11695,dietfood_0053.png,3,4,4,koclip_ft
11701,dietfood_0055.png,4,4,4,koclip_ft
11702,dietfood_0055.png,4,4,4,koclip_ft
11703,dietfood_0055.png,4,4,4,koclip_ft
11704,dietfood_0055.png,2,1,4,koclip_ft
11705,dietfood_0055.png,4,2,4,koclip_ft
11738,dietfood_0061.png,3,0,4,koclip_ft
11739,dietfood_0061.png,3,4,4,koclip_ft
11740,dietfood_0061.png,3,2,4,koclip_ft
11741,dietfood_0061.png,3,2,4,koclip_ft
11742,dietfood_0061.png,3,2,4,koclip_ft
11743,dietfood_0061.png,1,4,4,koclip_ft
11744,dietfood_0061.png,2,2,4,koclip_ft
11745,dietfood_0061.png,3,3,4,koclip_ft
11746,dietfood_0061.png,4,2,4,koclip_ft
11747,dietfood_0061.png,3,4,4,koclip_ft
11748,dietfood_0061.png,3,3,4,koclip_ft
11749,dietfood_0061.png,2,2,4,koclip_ft
11750,dietfood_0061.png,4,4,4,koclip_ft
11751,dietfood_0061.png,2,3,4,koclip_ft
11752,dietfood_0061.png,2,2,4,koclip_ft
11753,dietfood_0061.png,3,2,4,koclip_ft
11754,dietfood_0061.png,4,3,4,koclip_ft
11760,dietfood_0063.png,4,1,4,koclip_ft
11761,dietfood_0063.png,3,3,4,koclip_ft
11762,dietfood_0063.png,4,4,4,koclip_ft
11763,dietfood_0063.png,3,4,4,koclip_ft
11764,dietfood_0063.png,2,2,4,koclip_ft
11765,dietfood_0064.png,4,2,4,koclip_ft
11766,dietfood_0064.png,4,2,4,koclip_ft
11767,dietfood_0064.png,3,4,4,koclip_ft
11768,dietfood_0064.png,4,4,4,koclip_ft
11769,dietfood_0064.png,1,1,4,koclip_ft
11770,dietfood_0064.png,2,2,4,koclip_ft
11771,dietfood_0064.png,4,4,4,koclip_ft
11772,dietfood_0064.png,1,2,4,koclip_ft
11773,dietfood_0064.png,1,1,4,koclip_ft
11774,dietfood_0065.png,4,4,4,koclip_ft
11775,dietfood_0065.png,3,4,4,koclip_ft
11776,dietfood_0065.png,3,4,4,koclip_ft
11777,dietfood_0065.png,2,3,4,koclip_ft
11778,dietfood_0065.png,3,4,4,koclip_ft
11779,dietfood_0065.png,3,3,4,koclip_ft
11780,dietfood_0065.png,4,4,4,koclip_ft
11781,dietfood_0065.png,2,2,4,koclip_ft
11782,dietfood_0065.png,3,3,4,koclip_ft
11783,dietfood_0067.png,0,4,4,koclip_ft
11784,dietfood_0067.png,0,4,4,koclip_ft
11785,dietfood_0067.png,0,4,4,koclip_ft
11786,dietfood_0067.png,0,3,4,koclip_ft
11787,dietfood_0067.png,0,4,4,koclip_ft
11818,dietfood_0071.png,4,0,4,koclip_ft
11819,dietfood_0071.png,4,4,4,koclip_ft
11820,dietfood_0071.png,4,0,4,koclip_ft
11821,dietfood_0071.png,2,4,4,koclip_ft
11822,dietfood_0071.png,3,0,4,koclip_ft
11828,dietfood_0073.png,0,0,4,koclip_ft
11829,dietfood_0073.png,3,3,4,koclip_ft
11830,dietfood_0073.png,4,4,4,koclip_ft
11831,dietfood_0073.png,1,4,4,koclip_ft
11832,dietfood_0073.png,4,4,4,koclip_ft
11833,dietfood_0074.png,1,4,4,koclip_ft
11834,dietfood_0074.png,3,0,4,koclip_ft
11835,dietfood_0074.png,3,0,4,koclip_ft
11836,dietfood_0074.png,4,3,4,koclip_ft
11837,dietfood_0074.png,2,3,4,koclip_ft
11838,dietfood_0075.png,4,3,4,koclip_ft
11839,dietfood_0075.png,4,4,4,koclip_ft
11840,dietfood_0075.png,4,2,4,koclip_ft
11841,dietfood_0075.png,3,2,4,koclip_ft
11842,dietfood_0075.png,3,4,4,koclip_ft
11843,dietfood_0075.png,4,4,4,koclip_ft
11844,dietfood_0075.png,4,4,4,koclip_ft
11845,dietfood_0075.png,3,3,4,koclip_ft
11846,dietfood_0075.png,4,4,4,koclip_ft
11847,dietfood_0075.png,4,4,4,koclip_ft
11848,dietfood_0075.png,4,4,4,koclip_ft
11849,dietfood_0075.png,4,4,4,koclip_ft
11850,dietfood_0075.png,0,4,4,koclip_ft
11851,dietfood_0075.png,2,2,4,koclip_ft
11873,dietfood_0079.png,4,3,4,koclip_ft
11874,dietfood_0079.png,4,0,4,koclip_ft
11875,dietfood_0079.png,2,3,4,koclip_ft
11876,dietfood_0079.png,4,4,4,koclip_ft
11877,dietfood_0079.png,4,4,4,koclip_ft
11878,dietfood_0080.png,4,4,4,koclip_ft
11879,dietfood_0080.png,2,2,4,koclip_ft
11880,dietfood_0080.png,4,4,4,koclip_ft
11881,dietfood_0080.png,3,2,4,koclip_ft
11882,dietfood_0080.png,2,2,4,koclip_ft
11948,dietfood_0091.png,3,1,4,koclip_ft
11949,dietfood_0091.png,4,3,4,koclip_ft
11976,dietfood_0094.png,3,4,4,koclip_ft
11977,dietfood_0094.png,1,4,4,koclip_ft
11978,dietfood_0094.png,3,3,4,koclip_ft
11979,dietfood_0094.png,2,4,4,koclip_ft
12007,dietfood_0100.png,0,4,4,koclip_ft
12008,dietfood_0100.png,1,4,4,koclip_ft
12009,dietfood_0100.png,1,3,4,koclip_ft
12010,dietfood_0100.png,2,3,4,koclip_ft
12011,dietfood_0100.png,3,2,4,koclip_ft
