sample_id,post_id,true_label,pred_label,fold,model
78,ai_0013.png,4,4,0,clip_frozen
79,ai_0013.png,4,4,0,clip_frozen
80,ai_0013.png,4,2,0,clip_frozen
81,ai_0013.png,4,4,0,clip_frozen
82,ai_0013.png,1,4,0,clip_frozen
83,ai_0013.png,1,4,0,clip_frozen
84,ai_0013.png,1,2,0,clip_frozen
85,ai_0013.png,2,4,0,clip_frozen
86,ai_0013.png,2,4,0,clip_frozen
87,ai_0013.png,1,4,0,clip_frozen
88,ai_0013.png,1,4,0,clip_frozen
112,ai_0015.png,3,4,0,clip_frozen
113,ai_0015.png,2,4,0,clip_frozen
114,ai_0015.png,2,4,0,clip_frozen
115,ai_0015.png,2,4,0,clip_frozen
116,ai_0015.png,3,4,0,clip_frozen
117,ai_0015.png,4,4,0,clip_frozen
118,ai_0015.png,4,4,0,clip_frozen
119,ai_0015.png,3,4,0,clip_frozen
120,ai_0015.png,0,4,0,clip_frozen
264,domesticTravel_0008.png,4,1,0,clip_frozen
265,domesticTravel_0008.png,4,1,0,clip_frozen
325,domesticTravel_0021.png,1,1,0,clip_frozen
326,domesticTravel_0021.png,1,1,0,clip_frozen
327,domesticTravel_0021.png,0,1,0,clip_frozen
328,domesticTravel_0021.png,4,2,0,clip_frozen
329,domesticTravel_0021.png,1,1,0,clip_frozen
330,domesticTravel_0021.png,3,1,0,clip_frozen
331,domesticTravel_0021.png,4,1,0,clip_frozen
332,domesticTravel_0021.png,4,1,0,clip_frozen
333,domesticTravel_0021.png,4,1,0,clip_frozen
334,domesticTravel_0021.png,4,1,0,clip_frozen
335,domesticTravel_0021.png,4,1,0,clip_frozen
336,domesticTravel_0021.png,1,1,0,clip_frozen
337,domesticTravel_0021.png,1,1,0,clip_frozen
338,domesticTravel_0021.png,0,1,0,clip_frozen
339,domesticTravel_0021.png,1,1,0,clip_frozen
340,domesticTravel_0021.png,3,1,0,clip_frozen
341,domesticTravel_0021.png,4,1,0,clip_frozen
342,domesticTravel_0021.png,1,1,0,clip_frozen
343,domesticTravel_0021.png,2,1,0,clip_frozen
344,domesticTravel_0021.png,3,3,0,clip_frozen
345,domesticTravel_0021.png,2,3,0,clip_frozen
346,fall_0001.png,4,1,0,clip_frozen
347,fall_0001.png,3,1,0,clip_frozen
348,fall_0001.png,3,1,0,clip_frozen
349,fall_0001.png,2,1,0,clip_frozen
350,fall_0001.png,0,1,0,clip_frozen
351,fall_0001.png,1,1,0,clip_frozen
352,fall_0001.png,4,1,0,clip_frozen
373,fall_0005.png,2,1,0,clip_frozen
374,fall_0005.png,2,1,0,clip_frozen
375,fall_0005.png,4,1,0,clip_frozen
376,fall_0005.png,1,1,0,clip_frozen
412,fall_0009.png,4,1,0,clip_frozen
413,fall_0009.png,4,1,0,clip_frozen
414,fall_0009.png,3,1,0,clip_frozen
415,fall_0009.png,3,1,0,clip_frozen
416,fall_0009.png,4,1,0,clip_frozen
469,fall_0014.png,4,4,0,clip_frozen
470,fall_0014.png,4,4,0,clip_frozen
471,fall_0014.png,4,4,0,clip_frozen
472,fall_0014.png,4,4,0,clip_frozen
473,fall_0014.png,4,4,0,clip_frozen
474,fall_0014.png,4,4,0,clip_frozen
475,fall_0014.png,3,3,0,clip_frozen
476,fall_0014.png,3,4,0,clip_frozen
477,fall_0014.png,2,4,0,clip_frozen
478,fall_0014.png,1,4,0,clip_frozen
479,fall_0014.png,2,4,0,clip_frozen
480,fall_0014.png,2,4,0,clip_frozen
481,fall_0014.png,2,4,0,clip_frozen
482,fall_0014.png,1,4,0,clip_frozen
483,fall_0014.png,2,4,0,clip_frozen
484,fall_0014.png,2,4,0,clip_frozen
485,fall_0014.png,1,4,0,clip_frozen
486,fall_0014.png,1,4,0,clip_frozen
487,fall_0014.png,1,4,0,clip_frozen
511,fall_0017.png,4,4,0,clip_frozen
512,fall_0017.png,4,4,0,clip_frozen
513,fall_0017.png,4,4,0,clip_frozen
514,fall_0017.png,4,4,0,clip_frozen
515,fall_0017.png,4,4,0,clip_frozen
516,fall_0017.png,4,4,0,clip_frozen
517,fall_0017.png,4,4,0,clip_frozen
518,fall_0017.png,2,4,0,clip_frozen
519,fall_0017.png,4,4,0,clip_frozen
520,fall_0017.png,4,4,0,clip_frozen
567,fashion_0002.png,4,3,0,clip_frozen
568,fashion_0002.png,4,3,0,clip_frozen
569,fashion_0002.png,4,3,0,clip_frozen
570,fashion_0002.png,4,3,0,clip_frozen
571,fashion_0002.png,3,3,0,clip_frozen
572,fashion_0002.png,1,3,0,clip_frozen
573,fashion_0002.png,4,4,0,clip_frozen
574,fashion_0002.png,4,3,0,clip_frozen
575,fashion_0002.png,4,3,0,clip_frozen
576,fashion_0002.png,4,4,0,clip_frozen
577,fashion_0002.png,4,4,0,clip_frozen
578,fashion_0002.png,3,4,0,clip_frozen
579,fashion_0002.png,4,4,0,clip_frozen
580,fashion_0002.png,4,4,0,clip_frozen
581,fashion_0002.png,4,3,0,clip_frozen
582,fashion_0002.png,3,4,0,clip_frozen
583,fashion_0002.png,3,3,0,clip_frozen
584,fashion_0002.png,3,4,0,clip_frozen
585,fashion_0002.png,4,0,0,clip_frozen
586,fashion_0002.png,4,0,0,clip_frozen
587,fashion_0002.png,4,0,0,clip_frozen
588,fashion_0002.png,4,0,0,clip_frozen
589,fashion_0003.png,4,1,0,clip_frozen
590,fashion_0003.png,4,1,0,clip_frozen
591,fashion_0003.png,1,0,0,clip_frozen
592,fashion_0003.png,3,0,0,clip_frozen
593,fashion_0003.png,3,0,0,clip_frozen
594,fashion_0003.png,4,1,0,clip_frozen
595,fashion_0003.png,1,1,0,clip_frozen
596,fashion_0003.png,1,1,0,clip_frozen
597,fashion_0003.png,4,1,0,clip_frozen
598,fashion_0003.png,4,1,0,clip_frozen
599,fashion_0003.png,2,1,0,clip_frozen
600,fashion_0003.png,3,1,0,clip_frozen
601,fashion_0003.png,3,1,0,clip_frozen
602,fashion_0003.png,3,0,0,clip_frozen
603,fashion_0003.png,2,0,0,clip_frozen
604,fashion_0005.png,3,3,0,clip_frozen
605,fashion_0005.png,4,3,0,clip_frozen
606,fashion_0005.png,3,3,0,clip_frozen
607,fashion_0005.png,2,3,0,clip_frozen
608,fashion_0005.png,3,0,0,clip_frozen
918,movie_0022.png,4,0,0,clip_frozen
919,movie_0022.png,0,0,0,clip_frozen
920,movie_0022.png,1,4,0,clip_frozen
921,movie_0022.png,0,1,0,clip_frozen
922,movie_0022.png,0,1,0,clip_frozen
923,movie_0022.png,0,1,0,clip_frozen
924,movie_0022.png,0,1,0,clip_frozen
925,movie_0022.png,0,0,0,clip_frozen
926,movie_0022.png,0,0,0,clip_frozen
927,movie_0022.png,0,0,0,clip_frozen
928,movie_0022.png,2,1,0,clip_frozen
929,movie_0022.png,0,1,0,clip_frozen
930,movie_0022.png,1,0,0,clip_frozen
931,movie_0022.png,4,0,0,clip_frozen
932,movie_0022.png,3,0,0,clip_frozen
933,movie_0022.png,4,0,0,clip_frozen
934,movie_0022.png,3,0,0,clip_frozen
997,olive_0011.png,2,4,0,clip_frozen
998,olive_0011.png,4,4,0,clip_frozen
999,olive_0011.png,2,4,0,clip_frozen
1000,olive_0011.png,3,4,0,clip_frozen
1001,olive_0011.png,2,4,0,clip_frozen
1002,olive_0011.png,4,4,0,clip_frozen
1003,olive_0011.png,1,4,0,clip_frozen
1004,olive_0011.png,1,4,0,clip_frozen
1005,olive_0011.png,4,4,0,clip_frozen
1006,olive_0011.png,3,4,0,clip_frozen
1007,olive_0011.png,2,4,0,clip_frozen
1008,olive_0011.png,1,4,0,clip_frozen
1009,olive_0011.png,1,4,0,clip_frozen
1010,olive_0011.png,1,4,0,clip_frozen
1011,olive_0011.png,1,4,0,clip_frozen
1012,olive_0011.png,2,4,0,clip_frozen
1013,olive_0011.png,0,4,0,clip_frozen
1014,olive_0011.png,2,3,0,clip_frozen
1015,olive_0011.png,1,4,0,clip_frozen
1016,olive_0011.png,1,4,0,clip_frozen
1017,olive_0011.png,3,4,0,clip_frozen
1018,olive_0012.png,4,4,0,clip_frozen
1038,olive_0015.png,4,3,0,clip_frozen
1039,olive_0015.png,4,4,0,clip_frozen
1040,olive_0015.png,2,3,0,clip_frozen
1041,olive_0015.png,3,3,0,clip_frozen
1042,olive_0015.png,3,3,0,clip_frozen
1043,olive_0015.png,3,4,0,clip_frozen
1044,olive_0015.png,1,4,0,clip_frozen
1045,olive_0015.png,1,4,0,clip_frozen
1046,olive_0015.png,2,4,0,clip_frozen
1047,olive_0015.png,1,4,0,clip_frozen
1048,olive_0015.png,2,4,0,clip_frozen
1049,olive_0015.png,2,4,0,clip_frozen
1050,olive_0015.png,1,4,0,clip_frozen
1051,olive_0015.png,1,4,0,clip_frozen
1052,olive_0015.png,3,4,0,clip_frozen
1053,olive_0015.png,1,3,0,clip_frozen
1054,olive_0015.png,3,4,0,clip_frozen
1055,olive_0015.png,3,3,0,clip_frozen
1056,olive_0015.png,3,3,0,clip_frozen
1057,olive_0015.png,2,4,0,clip_frozen
1058,olive_0015.png,2,3,0,clip_frozen
1059,olive_0015.png,2,4,0,clip_frozen
1060,olive_0015.png,2,3,0,clip_frozen
1061,olive_0015.png,2,4,0,clip_frozen
1161,restaurant_0009.png,4,4,0,clip_frozen
1162,restaurant_0009.png,1,4,0,clip_frozen
1163,restaurant_0009.png,3,4,0,clip_frozen
1164,restaurant_0009.png,2,4,0,clip_frozen
1165,restaurant_0009.png,0,3,0,clip_frozen
1166,restaurant_0009.png,1,0,0,clip_frozen
1167,restaurant_0010.png,4,4,0,clip_frozen
1168,restaurant_0010.png,4,4,0,clip_frozen
1169,restaurant_0010.png,3,4,0,clip_frozen
1177,restaurant_0013.png,1,4,0,clip_frozen
1178,restaurant_0013.png,1,4,0,clip_frozen
1179,restaurant_0013.png,4,3,0,clip_frozen
1180,restaurant_0013.png,4,3,0,clip_frozen
1181,restaurant_0013.png,3,4,0,clip_frozen
1182,restaurant_0013.png,3,4,0,clip_frozen
1183,restaurant_0013.png,3,4,0,clip_frozen
1184,restaurant_0013.png,3,4,0,clip_frozen
1185,restaurant_0013.png,4,3,0,clip_frozen
1186,restaurant_0013.png,4,4,0,clip_frozen
1187,restaurant_0013.png,4,4,0,clip_frozen
1188,restaurant_0013.png,4,4,0,clip_frozen
1189,restaurant_0013.png,4,4,0,clip_frozen
1190,restaurant_0013.png,4,4,0,clip_frozen
1191,restaurant_0013.png,4,4,0,clip_frozen
1192,restaurant_0013.png,4,3,0,clip_frozen
1193,restaurant_0013.png,4,3,0,clip_frozen
1194,restaurant_0013.png,4,4,0,clip_frozen
1195,restaurant_0013.png,4,3,0,clip_frozen
1196,restaurant_0013.png,3,4,0,clip_frozen
1197,restaurant_0013.png,3,4,0,clip_frozen
1198,restaurant_0013.png,1,4,0,clip_frozen
1199,restaurant_0013.png,2,4,0,clip_frozen
1200,restaurant_0013.png,4,3,0,clip_frozen
1201,restaurant_0013.png,2,4,0,clip_frozen
1202,restaurant_0013.png,1,4,0,clip_frozen
1203,restaurant_0013.png,2,3,0,clip_frozen
1204,restaurant_0013.png,3,3,0,clip_frozen
1205,restaurant_0013.png,3,3,0,clip_frozen
1206,restaurant_0013.png,1,4,0,clip_frozen
1208,restaurant_0016.png,1,1,0,clip_frozen
1209,restaurant_0016.png,1,1,0,clip_frozen
1210,restaurant_0016.png,2,4,0,clip_frozen
1211,restaurant_0016.png,4,4,0,clip_frozen
1212,restaurant_0016.png,4,4,0,clip_frozen
1213,restaurant_0016.png,0,4,0,clip_frozen
1214,restaurant_0016.png,0,4,0,clip_frozen
1215,restaurant_0016.png,0,1,0,clip_frozen
1216,restaurant_0016.png,3,3,0,clip_frozen
1217,restaurant_0016.png,3,3,0,clip_frozen
1218,restaurant_0017.png,4,4,0,clip_frozen
1219,restaurant_0017.png,4,4,0,clip_frozen
1220,restaurant_0017.png,3,4,0,clip_frozen
1221,restaurant_0017.png,4,4,0,clip_frozen
1222,restaurant_0017.png,4,4,0,clip_frozen
1223,restaurant_0017.png,4,4,0,clip_frozen
1224,restaurant_0017.png,3,4,0,clip_frozen
1225,restaurant_0017.png,3,3,0,clip_frozen
1226,restaurant_0017.png,2,3,0,clip_frozen
1227,restaurant_0017.png,3,4,0,clip_frozen
1228,restaurant_0017.png,3,4,0,clip_frozen
1229,restaurant_0017.png,3,4,0,clip_frozen
1230,restaurant_0017.png,3,3,0,clip_frozen
1231,restaurant_0017.png,4,3,0,clip_frozen
1232,restaurant_0017.png,2,3,0,clip_frozen
1233,restaurant_0017.png,3,4,0,clip_frozen
1234,restaurant_0017.png,0,4,0,clip_frozen
1235,restaurant_0017.png,1,4,0,clip_frozen
1236,restaurant_0017.png,1,4,0,clip_frozen
1237,restaurant_0017.png,1,4,0,clip_frozen
1238,restaurant_0017.png,1,4,0,clip_frozen
1239,restaurant_0017.png,1,4,0,clip_frozen
1240,restaurant_0017.png,1,4,0,clip_frozen
1241,restaurant_0017.png,1,4,0,clip_frozen
1346,zerokal_0002.png,4,4,0,clip_frozen
1347,zerokal_0002.png,4,4,0,clip_frozen
1348,zerokal_0002.png,4,4,0,clip_frozen
1349,zerokal_0002.png,3,4,0,clip_frozen
1350,zerokal_0002.png,2,3,0,clip_frozen
1351,zerokal_0002.png,2,4,0,clip_frozen
1432,zerokal_0009.png,3,4,0,clip_frozen
1433,zerokal_0009.png,4,4,0,clip_frozen
1434,zerokal_0009.png,4,4,0,clip_frozen
1447,zerokal_0012.png,4,4,0,clip_frozen
1448,zerokal_0012.png,3,4,0,clip_frozen
1449,zerokal_0012.png,4,4,0,clip_frozen
1450,zerokal_0012.png,4,4,0,clip_frozen
1451,zerokal_0012.png,4,4,0,clip_frozen
1518,travelgram_0005.png,4,1,0,clip_frozen
1519,travelgram_0005.png,4,2,0,clip_frozen
1520,travelgram_0005.png,4,0,0,clip_frozen
1521,travelgram_0005.png,4,2,0,clip_frozen
1522,travelgram_0005.png,2,1,0,clip_frozen
1523,travelgram_0010.png,4,1,0,clip_frozen
1524,travelgram_0011.png,2,0,0,clip_frozen
1613,travelgram_0023.png,2,2,0,clip_frozen
1614,travelgram_0023.png,2,3,0,clip_frozen
1615,travelgram_0023.png,0,1,0,clip_frozen
1616,travelgram_0023.png,3,1,0,clip_frozen
1617,travelgram_0023.png,4,1,0,clip_frozen
1618,travelgram_0024.png,4,0,0,clip_frozen
1619,travelgram_0024.png,4,1,0,clip_frozen
1620,travelgram_0024.png,4,1,0,clip_frozen
1621,travelgram_0024.png,3,1,0,clip_frozen
1622,travelgram_0024.png,4,0,0,clip_frozen
1623,travelgram_0024.png,3,0,0,clip_frozen
1624,travelgram_0024.png,4,1,0,clip_frozen
1625,travelgram_0024.png,2,1,0,clip_frozen
1626,travelgram_0024.png,3,1,0,clip_frozen
1627,travelgram_0024.png,2,1,0,clip_frozen
1628,travelgram_0024.png,4,1,0,clip_frozen
1629,travelgram_0024.png,3,1,0,clip_frozen
1652,travelgram_0038.png,4,3,0,clip_frozen
1653,travelgram_0038.png,4,3,0,clip_frozen
1654,travelgram_0038.png,4,3,0,clip_frozen
1655,travelgram_0038.png,3,3,0,clip_frozen
1656,travelgram_0038.png,3,3,0,clip_frozen
1657,travelgram_0040.png,4,1,0,clip_frozen
1658,travelgram_0040.png,4,1,0,clip_frozen
1659,travelgram_0040.png,4,1,0,clip_frozen
1660,travelgram_0040.png,1,1,0,clip_frozen
1661,travelgram_0040.png,1,1,0,clip_frozen
1662,travelgram_0040.png,3,1,0,clip_frozen
1663,travelgram_0040.png,4,1,0,clip_frozen
1664,travelgram_0040.png,3,1,0,clip_frozen
1665,travelgram_0040.png,2,1,0,clip_frozen
1666,travelgram_0040.png,2,1,0,clip_frozen
1667,travelgram_0040.png,1,1,0,clip_frozen
1668,travelgram_0040.png,2,1,0,clip_frozen
1669,travelgram_0040.png,4,1,0,clip_frozen
1670,travelgram_0040.png,4,1,0,clip_frozen
1671,travelgram_0040.png,2,1,0,clip_frozen
1687,travelgram_0052.png,1,3,0,clip_frozen
1688,travelgram_0052.png,2,3,0,clip_frozen
1689,travelgram_0052.png,3,3,0,clip_frozen
1690,travelgram_0052.png,1,4,0,clip_frozen
1767,travelgram_0072.png,1,4,0,clip_frozen
1768,travelgram_0072.png,0,2,0,clip_frozen
1769,travelgram_0072.png,3,4,0,clip_frozen
1770,travelgram_0072.png,0,4,0,clip_frozen
1771,travelgram_0072.png,3,4,0,clip_frozen
1818,travelgram_0085.png,3,4,0,clip_frozen
1819,travelgram_0085.png,3,4,0,clip_frozen
1820,travelgram_0085.png,3,3,0,clip_frozen
1821,travelgram_0085.png,3,3,0,clip_frozen
1822,travelgram_0085.png,3,2,0,clip_frozen
1823,travelgram_0085.png,2,3,0,clip_frozen
1824,travelgram_0085.png,3,3,0,clip_frozen
1825,travelgram_0085.png,3,3,0,clip_frozen
1826,travelgram_0085.png,2,3,0,clip_frozen
1827,travelgram_0085.png,1,1,0,clip_frozen
1828,travelgram_0085.png,3,3,0,clip_frozen
1829,travelgram_0085.png,3,2,0,clip_frozen
1830,travelgram_0085.png,0,1,0,clip_frozen
1831,travelgram_0085.png,3,3,0,clip_frozen
1832,travelgram_0085.png,1,3,0,clip_frozen
1833,travelgram_0085.png,3,2,0,clip_frozen
1834,travelgram_0085.png,2,3,0,clip_frozen
1835,travelgram_0085.png,2,3,0,clip_frozen
1836,travelgram_0085.png,2,2,0,clip_frozen
1837,travelgram_0085.png,3,3,0,clip_frozen
1838,travelgram_0085.png,3,3,0,clip_frozen
1839,travelgram_0085.png,2,2,0,clip_frozen
1840,travelgram_0085.png,2,2,0,clip_frozen
1841,travelgram_0085.png,1,3,0,clip_frozen
1842,travelgram_0085.png,1,2,0,clip_frozen
1843,travelgram_0085.png,0,2,0,clip_frozen
1844,travelgram_0085.png,1,3,0,clip_frozen
1845,travelgram_0085.png,0,3,0,clip_frozen
1846,travelgram_0085.png,4,3,0,clip_frozen
1847,travelgram_0085.png,4,3,0,clip_frozen
1849,travelgram_0088.png,4,1,0,clip_frozen
1850,travelgram_0088.png,1,0,0,clip_frozen
1851,travelgram_0088.png,3,1,0,clip_frozen
1852,travelgram_0088.png,3,1,0,clip_frozen
1853,travelgram_0088.png,4,1,0,clip_frozen
1884,solotravel_0008.png,3,3,0,clip_frozen
1885,solotravel_0008.png,3,4,0,clip_frozen
1886,solotravel_0008.png,3,3,0,clip_frozen
1887,solotravel_0008.png,3,3,0,clip_frozen
1888,solotravel_0008.png,4,3,0,clip_frozen
1889,solotravel_0008.png,3,3,0,clip_frozen
1890,solotravel_0008.png,1,4,0,clip_frozen
1891,solotravel_0008.png,4,4,0,clip_frozen
1892,solotravel_0008.png,1,4,0,clip_frozen
1893,solotravel_0008.png,1,4,0,clip_frozen
1894,solotravel_0008.png,1,4,0,clip_frozen
1895,solotravel_0008.png,1,4,0,clip_frozen
1896,solotravel_0008.png,2,3,0,clip_frozen
1897,solotravel_0008.png,4,3,0,clip_frozen
1898,solotravel_0008.png,3,3,0,clip_frozen
1910,solotravel_0015.png,4,4,0,clip_frozen
1911,solotravel_0015.png,4,3,0,clip_frozen
1912,solotravel_0015.png,3,3,0,clip_frozen
1913,solotravel_0015.png,1,4,0,clip_frozen
1914,solotravel_0015.png,2,3,0,clip_frozen
1915,solotravel_0018.png,1,1,0,clip_frozen
1916,solotravel_0018.png,2,1,0,clip_frozen
1917,solotravel_0018.png,4,1,0,clip_frozen
1918,solotravel_0018.png,2,1,0,clip_frozen
1919,solotravel_0018.png,3,0,0,clip_frozen
1925,solotravel_0021.png,4,4,0,clip_frozen
1926,solotravel_0021.png,4,2,0,clip_frozen
1936,solotravel_0026.png,3,4,0,clip_frozen
1937,solotravel_0026.png,4,4,0,clip_frozen
1938,solotravel_0026.png,3,4,0,clip_frozen
1939,solotravel_0026.png,3,4,0,clip_frozen
1940,solotravel_0026.png,3,4,0,clip_frozen
1946,solotravel_0029.png,3,1,0,clip_frozen
1947,solotravel_0029.png,4,1,0,clip_frozen
1993,solotravel_0041.png,0,2,0,clip_frozen
1994,solotravel_0041.png,0,3,0,clip_frozen
1995,solotravel_0041.png,0,3,0,clip_frozen
1996,solotravel_0041.png,0,4,0,clip_frozen
1997,solotravel_0041.png,1,4,0,clip_frozen
1998,solotravel_0041.png,0,3,0,clip_frozen
1999,solotravel_0042.png,4,3,0,clip_frozen
2000,solotravel_0042.png,4,3,0,clip_frozen
2001,solotravel_0042.png,4,3,0,clip_frozen
2002,solotravel_0042.png,3,3,0,clip_frozen
2003,solotravel_0042.png,3,3,0,clip_frozen
2009,solotravel_0044.png,4,1,0,clip_frozen
2010,solotravel_0044.png,3,1,0,clip_frozen
2011,solotravel_0044.png,4,1,0,clip_frozen
2061,solotravel_0052.png,0,3,0,clip_frozen
2062,solotravel_0052.png,2,4,0,clip_frozen
2063,solotravel_0052.png,4,3,0,clip_frozen
2064,solotravel_0052.png,4,4,0,clip_frozen
2065,solotravel_0052.png,2,3,0,clip_frozen
2066,solotravel_0054.png,4,1,0,clip_frozen
2067,solotravel_0054.png,2,1,0,clip_frozen
2068,solotravel_0054.png,2,1,0,clip_frozen
2154,solotravel_0071.png,1,1,0,clip_frozen
2155,solotravel_0071.png,3,1,0,clip_frozen
2156,solotravel_0071.png,1,1,0,clip_frozen
2157,solotravel_0071.png,1,1,0,clip_frozen
2158,solotravel_0071.png,1,1,0,clip_frozen
2159,solotravel_0074.png,3,4,0,clip_frozen
2160,solotravel_0074.png,3,3,0,clip_frozen
2161,solotravel_0074.png,1,2,0,clip_frozen
2162,solotravel_0074.png,2,4,0,clip_frozen
2163,solotravel_0074.png,3,4,0,clip_frozen
2164,solotravel_0074.png,3,4,0,clip_frozen
2179,solotravel_0077.png,1,0,0,clip_frozen
2180,solotravel_0077.png,0,0,0,clip_frozen
2181,solotravel_0077.png,0,0,0,clip_frozen
2182,solotravel_0077.png,0,0,0,clip_frozen
2183,solotravel_0077.png,0,0,0,clip_frozen
2209,solotravel_0086.png,0,0,0,clip_frozen
2210,solotravel_0086.png,0,0,0,clip_frozen
2211,solotravel_0086.png,1,0,0,clip_frozen
2212,solotravel_0086.png,0,0,0,clip_frozen
2213,solotravel_0086.png,0,0,0,clip_frozen
2214,solotravel_0087.png,3,4,0,clip_frozen
2215,solotravel_0087.png,4,4,0,clip_frozen
2216,solotravel_0087.png,4,4,0,clip_frozen
2217,solotravel_0087.png,4,4,0,clip_frozen
2218,solotravel_0087.png,1,4,0,clip_frozen
2223,solotravel_0090.png,4,4,0,clip_frozen
2224,solotravel_0090.png,4,4,0,clip_frozen
2225,solotravel_0090.png,4,4,0,clip_frozen
2226,solotravel_0090.png,3,4,0,clip_frozen
2227,solotravel_0090.png,2,4,0,clip_frozen
2228,solotravel_0090.png,3,4,0,clip_frozen
2229,solotravel_0090.png,0,3,0,clip_frozen
2230,solotravel_0090.png,1,4,0,clip_frozen
2249,travel_0001.png,3,0,0,clip_frozen
2250,travel_0001.png,4,1,0,clip_frozen
2251,travel_0001.png,1,1,0,clip_frozen
2252,travel_0001.png,4,1,0,clip_frozen
2263,travel_0004.png,4,4,0,clip_frozen
2264,travel_0004.png,2,4,0,clip_frozen
2265,travel_0004.png,4,4,0,clip_frozen
2266,travel_0004.png,3,4,0,clip_frozen
2267,travel_0004.png,2,4,0,clip_frozen
2360,travel_0031.png,3,1,0,clip_frozen
2361,travel_0031.png,4,1,0,clip_frozen
2362,travel_0031.png,1,0,0,clip_frozen
2363,travel_0031.png,0,1,0,clip_frozen
2364,travel_0031.png,0,0,0,clip_frozen
2365,travel_0031.png,1,1,0,clip_frozen
2366,travel_0031.png,1,0,0,clip_frozen
2367,travel_0031.png,0,1,0,clip_frozen
2368,travel_0031.png,1,1,0,clip_frozen
2377,travel_0034.png,1,3,0,clip_frozen
2378,travel_0034.png,4,4,0,clip_frozen
2379,travel_0034.png,4,4,0,clip_frozen
2380,travel_0034.png,3,3,0,clip_frozen
2517,travel_0063.png,1,0,0,clip_frozen
2518,travel_0063.png,0,1,0,clip_frozen
2519,travel_0063.png,1,0,0,clip_frozen
2520,travel_0063.png,1,0,0,clip_frozen
2521,travel_0063.png,1,1,0,clip_frozen
2538,travel_0074.png,1,3,0,clip_frozen
2539,travel_0074.png,0,3,0,clip_frozen
2540,travel_0074.png,1,3,0,clip_frozen
2541,travel_0074.png,1,3,0,clip_frozen
2542,travel_0074.png,1,3,0,clip_frozen
2543,travel_0074.png,1,3,0,clip_frozen
2544,travel_0074.png,0,3,0,clip_frozen
2545,travel_0074.png,3,3,0,clip_frozen
2546,travel_0074.png,1,3,0,clip_frozen
2547,travel_0074.png,1,3,0,clip_frozen
2548,travel_0074.png,1,3,0,clip_frozen
2549,travel_0074.png,1,3,0,clip_frozen
2550,travel_0074.png,0,4,0,clip_frozen
2551,travel_0074.png,0,3,0,clip_frozen
2552,travel_0074.png,0,3,0,clip_frozen
2553,travel_0074.png,0,3,0,clip_frozen
2554,travel_0074.png,0,3,0,clip_frozen
2555,travel_0074.png,1,3,0,clip_frozen
2556,travel_0074.png,1,3,0,clip_frozen
2557,travel_0074.png,0,3,0,clip_frozen
2558,travel_0074.png,3,3,0,clip_frozen
2559,travel_0074.png,0,3,0,clip_frozen
2560,travel_0074.png,0,3,0,clip_frozen
2561,travel_0074.png,1,3,0,clip_frozen
2562,travel_0074.png,0,3,0,clip_frozen
2579,travel_0078.png,4,3,0,clip_frozen
2580,travel_0078.png,3,3,0,clip_frozen
2581,travel_0078.png,3,4,0,clip_frozen
2582,travel_0078.png,3,4,0,clip_frozen
2583,travel_0078.png,3,4,0,clip_frozen
2584,travel_0078.png,1,4,0,clip_frozen
2585,travel_0078.png,2,4,0,clip_frozen
2586,travel_0078.png,1,4,0,clip_frozen
2598,travel_0083.png,4,1,0,clip_frozen
2599,travel_0083.png,3,1,0,clip_frozen
2600,travel_0083.png,4,1,0,clip_frozen
2601,travel_0083.png,4,1,0,clip_frozen
2602,travel_0083.png,4,1,0,clip_frozen
2603,travel_0084.png,4,4,0,clip_frozen
2659,foodstagram_0009.png,3,4,0,clip_frozen
2660,foodstagram_0009.png,4,3,0,clip_frozen
2661,foodstagram_0009.png,4,3,0,clip_frozen
2662,foodstagram_0009.png,3,3,0,clip_frozen
2663,foodstagram_0009.png,4,4,0,clip_frozen
2689,foodstagram_0013.png,4,4,0,clip_frozen
2690,foodstagram_0013.png,1,4,0,clip_frozen
2691,foodstagram_0013.png,4,4,0,clip_frozen
2692,foodstagram_0013.png,4,4,0,clip_frozen
2693,foodstagram_0013.png,4,4,0,clip_frozen
2694,foodstagram_0013.png,4,4,0,clip_frozen
2702,foodstagram_0018.png,1,1,0,clip_frozen
2703,foodstagram_0018.png,4,1,0,clip_frozen
2704,foodstagram_0018.png,1,1,0,clip_frozen
2705,foodstagram_0018.png,3,1,0,clip_frozen
2706,foodstagram_0018.png,2,1,0,clip_frozen
2707,foodstagram_0018.png,3,4,0,clip_frozen
2708,foodstagram_0018.png,3,3,0,clip_frozen
2709,foodstagram_0018.png,3,3,0,clip_frozen
2710,foodstagram_0018.png,3,3,0,clip_frozen
2711,foodstagram_0018.png,2,4,0,clip_frozen
2712,foodstagram_0018.png,3,3,0,clip_frozen
2713,foodstagram_0018.png,3,3,0,clip_frozen
2714,foodstagram_0018.png,1,1,0,clip_frozen
2715,foodstagram_0018.png,1,1,0,clip_frozen
2716,foodstagram_0018.png,0,1,0,clip_frozen
2717,foodstagram_0018.png,1,1,0,clip_frozen
2718,foodstagram_0018.png,1,1,0,clip_frozen
2719,foodstagram_0018.png,1,1,0,clip_frozen
2720,foodstagram_0018.png,3,4,0,clip_frozen
2721,foodstagram_0018.png,1,1,0,clip_frozen
2722,foodstagram_0018.png,1,1,0,clip_frozen
2723,foodstagram_0018.png,2,0,0,clip_frozen
2724,foodstagram_0018.png,2,1,0,clip_frozen
2725,foodstagram_0018.png,1,1,0,clip_frozen
2726,foodstagram_0018.png,3,1,0,clip_frozen
2727,foodstagram_0018.png,2,1,0,clip_frozen
2728,foodstagram_0018.png,3,1,0,clip_frozen
2729,foodstagram_0018.png,3,4,0,clip_frozen
2730,foodstagram_0018.png,4,1,0,clip_frozen
2731,foodstagram_0018.png,0,1,0,clip_frozen
2768,foodstagram_0023.png,3,4,0,clip_frozen
2769,foodstagram_0023.png,3,4,0,clip_frozen
2770,foodstagram_0023.png,1,4,0,clip_frozen
2803,foodstagram_0027.png,2,4,0,clip_frozen
2804,foodstagram_0027.png,4,4,0,clip_frozen
2805,foodstagram_0027.png,4,3,0,clip_frozen
2806,foodstagram_0027.png,3,4,0,clip_frozen
2807,foodstagram_0027.png,4,4,0,clip_frozen
2808,foodstagram_0027.png,3,4,0,clip_frozen
2809,foodstagram_0027.png,3,4,0,clip_frozen
2810,foodstagram_0027.png,2,4,0,clip_frozen
2811,foodstagram_0027.png,0,4,0,clip_frozen
2812,foodstagram_0027.png,4,4,0,clip_frozen
2813,foodstagram_0027.png,2,4,0,clip_frozen
2814,foodstagram_0027.png,3,4,0,clip_frozen
2815,foodstagram_0027.png,4,0,0,clip_frozen
2816,foodstagram_0027.png,2,4,0,clip_frozen
2817,foodstagram_0030.png,4,4,0,clip_frozen
2818,foodstagram_0030.png,4,4,0,clip_frozen
2819,foodstagram_0030.png,4,0,0,clip_frozen
2820,foodstagram_0030.png,4,4,0,clip_frozen
2821,foodstagram_0030.png,0,4,0,clip_frozen
2832,foodstagram_0034.png,4,4,0,clip_frozen
2833,foodstagram_0034.png,4,4,0,clip_frozen
2839,foodstagram_0036.png,4,4,0,clip_frozen
2848,foodstagram_0040.png,4,4,0,clip_frozen
2849,foodstagram_0040.png,4,4,0,clip_frozen
2850,foodstagram_0040.png,3,4,0,clip_frozen
2851,foodstagram_0040.png,1,4,0,clip_frozen
2857,foodstagram_0042.png,2,4,0,clip_frozen
2863,foodstagram_0045.png,3,4,0,clip_frozen
2864,foodstagram_0045.png,3,4,0,clip_frozen
2865,foodstagram_0045.png,3,4,0,clip_frozen
2871,foodstagram_0050.png,4,1,0,clip_frozen
2872,foodstagram_0050.png,3,1,0,clip_frozen
2873,foodstagram_0050.png,2,1,0,clip_frozen
2874,foodstagram_0050.png,1,1,0,clip_frozen
2927,foodstagram_0060.png,4,3,0,clip_frozen
2928,foodstagram_0060.png,3,3,0,clip_frozen
2929,foodstagram_0060.png,3,4,0,clip_frozen
2930,foodstagram_0060.png,3,3,0,clip_frozen
2939,foodstagram_0063.png,4,4,0,clip_frozen
2940,foodstagram_0063.png,4,4,0,clip_frozen
2941,foodstagram_0063.png,4,4,0,clip_frozen
2942,foodstagram_0063.png,4,4,0,clip_frozen
2943,foodstagram_0063.png,4,4,0,clip_frozen
2944,foodstagram_0064.png,4,4,0,clip_frozen
2945,foodstagram_0064.png,2,4,0,clip_frozen
2946,foodstagram_0064.png,2,4,0,clip_frozen
2947,foodstagram_0064.png,2,4,0,clip_frozen
2948,foodstagram_0064.png,3,4,0,clip_frozen
2954,foodstagram_0066.png,4,4,0,clip_frozen
2955,foodstagram_0066.png,3,1,0,clip_frozen
2956,foodstagram_0066.png,3,1,0,clip_frozen
2957,foodstagram_0066.png,3,4,0,clip_frozen
2958,foodstagram_0066.png,3,4,0,clip_frozen
2959,foodstagram_0066.png,4,4,0,clip_frozen
2960,foodstagram_0066.png,4,1,0,clip_frozen
2961,foodstagram_0066.png,1,4,0,clip_frozen
2962,foodstagram_0066.png,1,1,0,clip_frozen
2963,foodstagram_0066.png,4,0,0,clip_frozen
2964,foodstagram_0066.png,3,4,0,clip_frozen
2965,foodstagram_0066.png,4,4,0,clip_frozen
2966,foodstagram_0066.png,4,4,0,clip_frozen
2967,foodstagram_0066.png,3,0,0,clip_frozen
2968,foodstagram_0066.png,3,4,0,clip_frozen
2969,foodstagram_0066.png,2,0,0,clip_frozen
2970,foodstagram_0066.png,3,4,0,clip_frozen
2971,foodstagram_0066.png,3,4,0,clip_frozen
2972,foodstagram_0066.png,2,4,0,clip_frozen
2973,foodstagram_0066.png,2,1,0,clip_frozen
2974,foodstagram_0066.png,0,1,0,clip_frozen
2975,foodstagram_0066.png,0,4,0,clip_frozen
2976,foodstagram_0066.png,1,4,0,clip_frozen
2977,foodstagram_0066.png,0,4,0,clip_frozen
2978,foodstagram_0066.png,0,4,0,clip_frozen
3001,foodstagram_0069.png,4,4,0,clip_frozen
3002,foodstagram_0069.png,0,4,0,clip_frozen
3003,foodstagram_0069.png,3,4,0,clip_frozen
3032,foodstagram_0082.png,0,4,0,clip_frozen
3043,foodstagram_0086.png,4,4,0,clip_frozen
3044,foodstagram_0086.png,4,4,0,clip_frozen
3045,foodstagram_0086.png,4,4,0,clip_frozen
3229,meokstagram_0019.png,1,4,0,clip_frozen
3230,meokstagram_0019.png,3,1,0,clip_frozen
3231,meokstagram_0019.png,4,4,0,clip_frozen
3232,meokstagram_0019.png,4,4,0,clip_frozen
3233,meokstagram_0019.png,4,1,0,clip_frozen
3251,meokstagram_0029.png,4,4,0,clip_frozen
3252,meokstagram_0029.png,4,4,0,clip_frozen
3253,meokstagram_0029.png,3,4,0,clip_frozen
3254,meokstagram_0029.png,4,4,0,clip_frozen
3255,meokstagram_0029.png,3,4,0,clip_frozen
3261,meokstagram_0032.png,1,2,0,clip_frozen
3262,meokstagram_0032.png,4,2,0,clip_frozen
3263,meokstagram_0032.png,1,2,0,clip_frozen
3264,meokstagram_0032.png,0,3,0,clip_frozen
3265,meokstagram_0032.png,1,2,0,clip_frozen
3285,meokstagram_0034.png,3,4,0,clip_frozen
3294,meokstagram_0037.png,4,4,0,clip_frozen
3302,meokstagram_0041.png,4,4,0,clip_frozen
3303,meokstagram_0041.png,4,4,0,clip_frozen
3304,meokstagram_0041.png,4,4,0,clip_frozen
3305,meokstagram_0041.png,3,3,0,clip_frozen
3306,meokstagram_0041.png,4,4,0,clip_frozen
3307,meokstagram_0041.png,4,3,0,clip_frozen
3308,meokstagram_0041.png,3,3,0,clip_frozen
3309,meokstagram_0041.png,3,3,0,clip_frozen
3310,meokstagram_0041.png,3,4,0,clip_frozen
3311,meokstagram_0041.png,3,3,0,clip_frozen
3312,meokstagram_0041.png,3,4,0,clip_frozen
3313,meokstagram_0041.png,3,4,0,clip_frozen
3316,meokstagram_0045.png,3,4,0,clip_frozen
3317,meokstagram_0045.png,0,4,0,clip_frozen
3318,meokstagram_0045.png,4,4,0,clip_frozen
3319,meokstagram_0045.png,1,4,0,clip_frozen
3320,meokstagram_0045.png,4,4,0,clip_frozen
3321,meokstagram_0045.png,3,4,0,clip_frozen
3322,meokstagram_0045.png,3,4,0,clip_frozen
3323,meokstagram_0045.png,3,4,0,clip_frozen
3324,meokstagram_0045.png,2,4,0,clip_frozen
3325,meokstagram_0045.png,1,4,0,clip_frozen
3326,meokstagram_0045.png,2,3,0,clip_frozen
3327,meokstagram_0045.png,0,4,0,clip_frozen
3328,meokstagram_0045.png,0,4,0,clip_frozen
3329,meokstagram_0045.png,3,4,0,clip_frozen
3330,meokstagram_0045.png,3,4,0,clip_frozen
3331,meokstagram_0045.png,4,4,0,clip_frozen
3332,meokstagram_0045.png,4,4,0,clip_frozen
3333,meokstagram_0045.png,4,4,0,clip_frozen
3334,meokstagram_0045.png,4,4,0,clip_frozen
3335,meokstagram_0045.png,4,4,0,clip_frozen
3336,meokstagram_0045.png,1,4,0,clip_frozen
3337,meokstagram_0045.png,1,4,0,clip_frozen
3338,meokstagram_0045.png,1,4,0,clip_frozen
3355,meokstagram_0049.png,0,4,0,clip_frozen
3356,meokstagram_0049.png,0,4,0,clip_frozen
3357,meokstagram_0049.png,0,4,0,clip_frozen
3358,meokstagram_0049.png,0,4,0,clip_frozen
3359,meokstagram_0049.png,0,4,0,clip_frozen
3360,meokstagram_0049.png,0,4,0,clip_frozen
3361,meokstagram_0049.png,0,4,0,clip_frozen
3362,meokstagram_0049.png,1,4,0,clip_frozen
3363,meokstagram_0049.png,1,4,0,clip_frozen
3364,meokstagram_0049.png,2,4,0,clip_frozen
3365,meokstagram_0049.png,1,4,0,clip_frozen
3366,meokstagram_0049.png,0,4,0,clip_frozen
3367,meokstagram_0049.png,0,4,0,clip_frozen
3368,meokstagram_0049.png,0,4,0,clip_frozen
3369,meokstagram_0049.png,0,4,0,clip_frozen
3370,meokstagram_0049.png,0,4,0,clip_frozen
3371,meokstagram_0049.png,0,4,0,clip_frozen
3372,meokstagram_0049.png,0,4,0,clip_frozen
3373,meokstagram_0049.png,0,4,0,clip_frozen
3374,meokstagram_0049.png,0,4,0,clip_frozen
3375,meokstagram_0049.png,0,4,0,clip_frozen
3376,meokstagram_0049.png,0,4,0,clip_frozen
3377,meokstagram_0049.png,0,4,0,clip_frozen
3378,meokstagram_0049.png,0,4,0,clip_frozen
3379,meokstagram_0049.png,0,4,0,clip_frozen
3380,meokstagram_0049.png,0,4,0,clip_frozen
3381,meokstagram_0049.png,0,4,0,clip_frozen
3382,meokstagram_0049.png,1,4,0,clip_frozen
3383,meokstagram_0049.png,0,4,0,clip_frozen
3384,meokstagram_0050.png,4,1,0,clip_frozen
3385,meokstagram_0050.png,3,1,0,clip_frozen
3568,meokstagram_0083.png,3,4,0,clip_frozen
3569,meokstagram_0083.png,3,4,0,clip_frozen
3570,meokstagram_0083.png,4,4,0,clip_frozen
3571,meokstagram_0083.png,4,4,0,clip_frozen
3572,meokstagram_0083.png,4,4,0,clip_frozen
3576,meokstagram_0085.png,4,4,0,clip_frozen
3577,meokstagram_0086.png,4,4,0,clip_frozen
3578,meokstagram_0086.png,1,4,0,clip_frozen
3579,meokstagram_0086.png,1,4,0,clip_frozen
3580,meokstagram_0086.png,1,4,0,clip_frozen
3581,meokstagram_0086.png,0,4,0,clip_frozen
3612,meokstagram_0096.png,1,4,0,clip_frozen
3613,meokstagram_0096.png,4,4,0,clip_frozen
3614,meokstagram_0096.png,4,4,0,clip_frozen
3678,jmt_0015.png,4,4,0,clip_frozen
3679,jmt_0015.png,4,4,0,clip_frozen
3680,jmt_0015.png,4,4,0,clip_frozen
3681,jmt_0015.png,2,4,0,clip_frozen
3682,jmt_0015.png,3,3,0,clip_frozen
3683,jmt_0016.png,4,4,0,clip_frozen
3713,jmt_0031.png,0,1,0,clip_frozen
3714,jmt_0031.png,1,4,0,clip_frozen
3715,jmt_0031.png,4,4,0,clip_frozen
3716,jmt_0031.png,2,1,0,clip_frozen
3717,jmt_0031.png,2,0,0,clip_frozen
3737,jmt_0038.png,0,4,0,clip_frozen
3738,jmt_0038.png,4,4,0,clip_frozen
3739,jmt_0038.png,4,4,0,clip_frozen
3740,jmt_0038.png,3,4,0,clip_frozen
3741,jmt_0039.png,4,4,0,clip_frozen
3742,jmt_0039.png,1,1,0,clip_frozen
3743,jmt_0039.png,3,4,0,clip_frozen
3744,jmt_0039.png,3,4,0,clip_frozen
3745,jmt_0039.png,2,0,0,clip_frozen
3795,jmt_0057.png,0,1,0,clip_frozen
3796,jmt_0057.png,2,1,0,clip_frozen
3797,jmt_0057.png,0,1,0,clip_frozen
3799,jmt_0060.png,4,3,0,clip_frozen
3800,jmt_0060.png,4,4,0,clip_frozen
3801,jmt_0060.png,4,4,0,clip_frozen
3802,jmt_0060.png,3,4,0,clip_frozen
3803,jmt_0060.png,3,0,0,clip_frozen
3814,jmt_0063.png,4,4,0,clip_frozen
3815,jmt_0063.png,4,4,0,clip_frozen
3816,jmt_0063.png,2,4,0,clip_frozen
3817,jmt_0063.png,3,4,0,clip_frozen
3823,jmt_0068.png,4,4,0,clip_frozen
3824,jmt_0068.png,4,4,0,clip_frozen
3866,jmt_0075.png,4,4,0,clip_frozen
3867,jmt_0075.png,4,4,0,clip_frozen
3868,jmt_0075.png,1,4,0,clip_frozen
3869,jmt_0075.png,4,4,0,clip_frozen
3870,jmt_0075.png,1,4,0,clip_frozen
3871,jmt_0075.png,4,4,0,clip_frozen
3872,jmt_0075.png,2,4,0,clip_frozen
3873,jmt_0075.png,3,4,0,clip_frozen
3874,jmt_0075.png,2,4,0,clip_frozen
3875,jmt_0075.png,2,4,0,clip_frozen
3876,jmt_0077.png,1,1,0,clip_frozen
3877,jmt_0077.png,1,0,0,clip_frozen
3878,jmt_0077.png,4,3,0,clip_frozen
3879,jmt_0077.png,3,1,0,clip_frozen
3880,jmt_0077.png,2,1,0,clip_frozen
3901,jmt_0086.png,0,1,0,clip_frozen
3902,jmt_0086.png,4,1,0,clip_frozen
3903,jmt_0086.png,3,4,0,clip_frozen
3904,jmt_0086.png,4,1,0,clip_frozen
3905,jmt_0086.png,4,0,0,clip_frozen
3911,jmt_0089.png,4,1,0,clip_frozen
3912,jmt_0089.png,1,1,0,clip_frozen
3913,jmt_0089.png,1,1,0,clip_frozen
3914,jmt_0089.png,4,1,0,clip_frozen
3915,jmt_0089.png,1,1,0,clip_frozen
3930,jmt_0094.png,2,4,0,clip_frozen
3931,jmt_0094.png,4,4,0,clip_frozen
3961,makeup_0003.png,1,4,0,clip_frozen
3962,makeup_0003.png,4,3,0,clip_frozen
3963,makeup_0003.png,4,3,0,clip_frozen
3964,makeup_0003.png,4,3,0,clip_frozen
3965,makeup_0003.png,3,3,0,clip_frozen
3974,makeup_0006.png,4,3,0,clip_frozen
3975,makeup_0006.png,1,3,0,clip_frozen
3976,makeup_0006.png,3,3,0,clip_frozen
3977,makeup_0006.png,0,3,0,clip_frozen
3978,makeup_0006.png,3,3,0,clip_frozen
3989,makeup_0012.png,4,3,0,clip_frozen
3990,makeup_0012.png,4,3,0,clip_frozen
3991,makeup_0015.png,4,0,0,clip_frozen
3992,makeup_0015.png,4,0,0,clip_frozen
3999,makeup_0018.png,4,3,0,clip_frozen
4011,makeup_0026.png,4,3,0,clip_frozen
4027,makeup_0028.png,4,1,0,clip_frozen
4028,makeup_0028.png,3,1,0,clip_frozen
4029,makeup_0028.png,1,1,0,clip_frozen
4030,makeup_0028.png,4,1,0,clip_frozen
4031,makeup_0028.png,2,1,0,clip_frozen
4080,makeup_0035.png,4,3,0,clip_frozen
4081,makeup_0035.png,2,3,0,clip_frozen
4082,makeup_0035.png,3,3,0,clip_frozen
4083,makeup_0035.png,4,3,0,clip_frozen
4084,makeup_0035.png,3,3,0,clip_frozen
4085,makeup_0035.png,2,3,0,clip_frozen
4086,makeup_0035.png,3,3,0,clip_frozen
4087,makeup_0035.png,3,3,0,clip_frozen
4088,makeup_0035.png,3,3,0,clip_frozen
4089,makeup_0035.png,1,3,0,clip_frozen
4090,makeup_0035.png,2,3,0,clip_frozen
4091,makeup_0035.png,1,3,0,clip_frozen
4092,makeup_0035.png,2,3,0,clip_frozen
4093,makeup_0035.png,3,3,0,clip_frozen
4094,makeup_0035.png,1,3,0,clip_frozen
4095,makeup_0035.png,1,3,0,clip_frozen
4104,makeup_0038.png,4,3,0,clip_frozen
4105,makeup_0038.png,4,3,0,clip_frozen
4106,makeup_0038.png,4,3,0,clip_frozen
4107,makeup_0038.png,4,3,0,clip_frozen
4108,makeup_0038.png,4,3,0,clip_frozen
4109,makeup_0038.png,3,3,0,clip_frozen
4110,makeup_0038.png,2,3,0,clip_frozen
4111,makeup_0038.png,3,3,0,clip_frozen
4112,makeup_0038.png,1,3,0,clip_frozen
4113,makeup_0038.png,1,3,0,clip_frozen
4114,makeup_0039.png,4,1,0,clip_frozen
4115,makeup_0039.png,1,1,0,clip_frozen
4116,makeup_0039.png,3,1,0,clip_frozen
4117,makeup_0039.png,3,3,0,clip_frozen
4118,makeup_0039.png,4,1,0,clip_frozen
4171,makeup_0055.png,4,4,0,clip_frozen
4172,makeup_0055.png,4,4,0,clip_frozen
4173,makeup_0055.png,4,4,0,clip_frozen
4174,makeup_0055.png,4,3,0,clip_frozen
4175,makeup_0055.png,4,3,0,clip_frozen
4195,makeup_0062.png,4,3,0,clip_frozen
4196,makeup_0062.png,4,3,0,clip_frozen
4197,makeup_0062.png,1,3,0,clip_frozen
4198,makeup_0062.png,3,3,0,clip_frozen
4199,makeup_0062.png,1,3,0,clip_frozen
4225,makeup_0070.png,4,3,0,clip_frozen
4238,makeup_0072.png,4,4,0,clip_frozen
4239,makeup_0072.png,1,4,0,clip_frozen
4240,makeup_0072.png,4,4,0,clip_frozen
4241,makeup_0072.png,3,3,0,clip_frozen
4242,makeup_0072.png,4,4,0,clip_frozen
4243,makeup_0073.png,4,1,0,clip_frozen
4244,makeup_0073.png,1,1,0,clip_frozen
4246,makeup_0076.png,4,4,0,clip_frozen
4247,makeup_0076.png,4,3,0,clip_frozen
4248,makeup_0076.png,3,3,0,clip_frozen
4249,makeup_0076.png,2,3,0,clip_frozen
4250,makeup_0076.png,4,3,0,clip_frozen
4311,makeup_0086.png,2,1,0,clip_frozen
4312,makeup_0086.png,3,1,0,clip_frozen
4313,makeup_0086.png,3,1,0,clip_frozen
4314,makeup_0086.png,1,1,0,clip_frozen
4315,makeup_0086.png,1,1,0,clip_frozen
4327,makeup_0090.png,4,0,0,clip_frozen
4328,makeup_0090.png,3,4,0,clip_frozen
4341,makeup_0100.png,4,3,0,clip_frozen
4342,makeup_0100.png,3,3,0,clip_frozen
4343,makeup_0100.png,4,3,0,clip_frozen
4344,dailymakeup_0001.png,4,3,0,clip_frozen
4350,dailymakeup_0004.png,1,4,0,clip_frozen
4351,dailymakeup_0004.png,1,3,0,clip_frozen
4352,dailymakeup_0004.png,3,3,0,clip_frozen
4374,dailymakeup_0013.png,3,3,0,clip_frozen
4375,dailymakeup_0013.png,1,3,0,clip_frozen
4376,dailymakeup_0013.png,1,3,0,clip_frozen
4377,dailymakeup_0013.png,1,3,0,clip_frozen
4378,dailymakeup_0013.png,1,3,0,clip_frozen
4379,dailymakeup_0013.png,1,3,0,clip_frozen
4380,dailymakeup_0013.png,1,1,0,clip_frozen
4381,dailymakeup_0013.png,0,3,0,clip_frozen
4382,dailymakeup_0013.png,0,3,0,clip_frozen
4383,dailymakeup_0013.png,1,1,0,clip_frozen
4384,dailymakeup_0013.png,1,1,0,clip_frozen
4385,dailymakeup_0013.png,2,3,0,clip_frozen
4386,dailymakeup_0013.png,1,1,0,clip_frozen
4387,dailymakeup_0013.png,1,3,0,clip_frozen
4388,dailymakeup_0013.png,1,1,0,clip_frozen
4389,dailymakeup_0013.png,4,3,0,clip_frozen
4390,dailymakeup_0013.png,3,3,0,clip_frozen
4391,dailymakeup_0013.png,3,3,0,clip_frozen
4392,dailymakeup_0013.png,4,3,0,clip_frozen
4393,dailymakeup_0013.png,4,3,0,clip_frozen
4394,dailymakeup_0013.png,4,3,0,clip_frozen
4395,dailymakeup_0014.png,3,3,0,clip_frozen
4396,dailymakeup_0014.png,1,3,0,clip_frozen
4397,dailymakeup_0014.png,1,1,0,clip_frozen
4398,dailymakeup_0014.png,1,1,0,clip_frozen
4399,dailymakeup_0014.png,2,3,0,clip_frozen
4411,dailymakeup_0018.png,3,3,0,clip_frozen
4412,dailymakeup_0018.png,3,3,0,clip_frozen
4413,dailymakeup_0018.png,2,3,0,clip_frozen
4427,dailymakeup_0022.png,4,1,0,clip_frozen
4428,dailymakeup_0022.png,2,3,0,clip_frozen
4439,dailymakeup_0025.png,4,3,0,clip_frozen
4440,dailymakeup_0025.png,3,3,0,clip_frozen
4441,dailymakeup_0025.png,3,3,0,clip_frozen
4442,dailymakeup_0025.png,2,3,0,clip_frozen
4443,dailymakeup_0025.png,2,3,0,clip_frozen
4452,dailymakeup_0027.png,4,3,0,clip_frozen
4453,dailymakeup_0027.png,1,3,0,clip_frozen
4454,dailymakeup_0027.png,0,3,0,clip_frozen
4455,dailymakeup_0027.png,0,3,0,clip_frozen
4456,dailymakeup_0027.png,0,3,0,clip_frozen
4457,dailymakeup_0028.png,2,3,0,clip_frozen
4458,dailymakeup_0028.png,2,3,0,clip_frozen
4459,dailymakeup_0028.png,4,3,0,clip_frozen
4460,dailymakeup_0028.png,1,3,0,clip_frozen
4461,dailymakeup_0028.png,4,3,0,clip_frozen
4462,dailymakeup_0028.png,2,3,0,clip_frozen
4463,dailymakeup_0028.png,2,3,0,clip_frozen
4464,dailymakeup_0028.png,0,1,0,clip_frozen
4465,dailymakeup_0028.png,0,3,0,clip_frozen
4466,dailymakeup_0028.png,4,3,0,clip_frozen
4467,dailymakeup_0028.png,3,3,0,clip_frozen
4468,dailymakeup_0028.png,3,3,0,clip_frozen
4469,dailymakeup_0028.png,3,3,0,clip_frozen
4470,dailymakeup_0028.png,0,3,0,clip_frozen
4471,dailymakeup_0028.png,0,3,0,clip_frozen
4472,dailymakeup_0028.png,1,3,0,clip_frozen
4473,dailymakeup_0028.png,0,2,0,clip_frozen
4474,dailymakeup_0028.png,0,3,0,clip_frozen
4521,dailymakeup_0037.png,3,3,0,clip_frozen
4522,dailymakeup_0037.png,4,3,0,clip_frozen
4523,dailymakeup_0037.png,3,3,0,clip_frozen
4524,dailymakeup_0037.png,2,3,0,clip_frozen
4525,dailymakeup_0037.png,0,1,0,clip_frozen
4526,dailymakeup_0037.png,3,3,0,clip_frozen
4527,dailymakeup_0037.png,4,3,0,clip_frozen
4528,dailymakeup_0037.png,2,3,0,clip_frozen
4529,dailymakeup_0037.png,3,3,0,clip_frozen
4530,dailymakeup_0037.png,4,3,0,clip_frozen
4531,dailymakeup_0037.png,3,3,0,clip_frozen
4532,dailymakeup_0037.png,3,3,0,clip_frozen
4533,dailymakeup_0037.png,4,3,0,clip_frozen
4534,dailymakeup_0037.png,2,3,0,clip_frozen
4535,dailymakeup_0037.png,1,3,0,clip_frozen
4536,dailymakeup_0037.png,1,3,0,clip_frozen
4537,dailymakeup_0037.png,3,3,0,clip_frozen
4538,dailymakeup_0037.png,1,3,0,clip_frozen
4539,dailymakeup_0037.png,1,3,0,clip_frozen
4540,dailymakeup_0037.png,2,3,0,clip_frozen
4541,dailymakeup_0037.png,1,3,0,clip_frozen
4542,dailymakeup_0037.png,3,3,0,clip_frozen
4543,dailymakeup_0037.png,2,3,0,clip_frozen
4552,dailymakeup_0040.png,3,3,0,clip_frozen
4553,dailymakeup_0041.png,4,3,0,clip_frozen
4592,dailymakeup_0051.png,4,1,0,clip_frozen
4593,dailymakeup_0051.png,4,1,0,clip_frozen
4594,dailymakeup_0051.png,4,1,0,clip_frozen
4595,dailymakeup_0051.png,3,1,0,clip_frozen
4596,dailymakeup_0051.png,2,1,0,clip_frozen
4597,dailymakeup_0051.png,2,1,0,clip_frozen
4598,dailymakeup_0051.png,1,3,0,clip_frozen
4599,dailymakeup_0051.png,1,1,0,clip_frozen
4600,dailymakeup_0051.png,4,1,0,clip_frozen
4601,dailymakeup_0051.png,2,1,0,clip_frozen
4602,dailymakeup_0051.png,0,1,0,clip_frozen
4603,dailymakeup_0051.png,0,1,0,clip_frozen
4604,dailymakeup_0051.png,1,3,0,clip_frozen
4605,dailymakeup_0051.png,1,1,0,clip_frozen
4606,dailymakeup_0051.png,2,1,0,clip_frozen
4607,dailymakeup_0051.png,0,1,0,clip_frozen
4608,dailymakeup_0051.png,1,1,0,clip_frozen
4609,dailymakeup_0051.png,1,1,0,clip_frozen
4610,dailymakeup_0051.png,1,1,0,clip_frozen
4611,dailymakeup_0051.png,0,1,0,clip_frozen
4612,dailymakeup_0051.png,0,1,0,clip_frozen
4613,dailymakeup_0051.png,3,1,0,clip_frozen
4614,dailymakeup_0051.png,3,1,0,clip_frozen
4615,dailymakeup_0051.png,3,1,0,clip_frozen
4616,dailymakeup_0051.png,2,1,0,clip_frozen
4617,dailymakeup_0051.png,1,1,0,clip_frozen
4618,dailymakeup_0051.png,2,1,0,clip_frozen
4619,dailymakeup_0051.png,1,1,0,clip_frozen
4620,dailymakeup_0051.png,0,1,0,clip_frozen
4674,dailymakeup_0067.png,4,3,0,clip_frozen
4700,dailymakeup_0070.png,2,3,0,clip_frozen
4701,dailymakeup_0070.png,3,3,0,clip_frozen
4702,dailymakeup_0070.png,1,1,0,clip_frozen
4703,dailymakeup_0070.png,3,1,0,clip_frozen
4704,dailymakeup_0070.png,1,1,0,clip_frozen
4734,dailymakeup_0079.png,3,3,0,clip_frozen
4735,dailymakeup_0079.png,4,4,0,clip_frozen
4736,dailymakeup_0079.png,3,3,0,clip_frozen
4785,dailymakeup_0092.png,3,3,0,clip_frozen
4786,dailymakeup_0092.png,3,3,0,clip_frozen
4787,dailymakeup_0092.png,2,1,0,clip_frozen
4788,dailymakeup_0092.png,3,3,0,clip_frozen
4789,dailymakeup_0092.png,1,1,0,clip_frozen
4803,dailymakeup_0098.png,0,3,0,clip_frozen
4804,dailymakeup_0098.png,1,3,0,clip_frozen
4805,dailymakeup_0098.png,1,3,0,clip_frozen
4806,dailymakeup_0098.png,3,3,0,clip_frozen
4856,kkuankku_0007.png,3,3,0,clip_frozen
4857,kkuankku_0007.png,4,3,0,clip_frozen
4858,kkuankku_0007.png,3,3,0,clip_frozen
4859,kkuankku_0007.png,2,3,0,clip_frozen
4860,kkuankku_0007.png,3,3,0,clip_frozen
4861,kkuankku_0007.png,3,3,0,clip_frozen
4862,kkuankku_0007.png,4,3,0,clip_frozen
4863,kkuankku_0007.png,2,3,0,clip_frozen
4864,kkuankku_0007.png,1,3,0,clip_frozen
4865,kkuankku_0007.png,4,3,0,clip_frozen
4866,kkuankku_0007.png,3,3,0,clip_frozen
4867,kkuankku_0007.png,3,3,0,clip_frozen
4868,kkuankku_0007.png,1,3,0,clip_frozen
4869,kkuankku_0007.png,4,3,0,clip_frozen
4870,kkuankku_0007.png,3,3,0,clip_frozen
4871,kkuankku_0007.png,1,3,0,clip_frozen
4872,kkuankku_0007.png,2,3,0,clip_frozen
4873,kkuankku_0007.png,3,3,0,clip_frozen
4874,kkuankku_0007.png,3,3,0,clip_frozen
4875,kkuankku_0007.png,3,3,0,clip_frozen
4876,kkuankku_0007.png,2,3,0,clip_frozen
4877,kkuankku_0007.png,1,3,0,clip_frozen
4878,kkuankku_0008.png,4,3,0,clip_frozen
4879,kkuankku_0008.png,4,3,0,clip_frozen
4880,kkuankku_0008.png,3,4,0,clip_frozen
4881,kkuankku_0008.png,3,3,0,clip_frozen
4882,kkuankku_0008.png,4,3,0,clip_frozen
4883,kkuankku_0008.png,0,3,0,clip_frozen
4884,kkuankku_0008.png,3,2,0,clip_frozen
4885,kkuankku_0008.png,1,2,0,clip_frozen
4886,kkuankku_0011.png,2,3,0,clip_frozen
4892,kkuankku_0014.png,4,3,0,clip_frozen
4893,kkuankku_0014.png,2,3,0,clip_frozen
4894,kkuankku_0014.png,3,3,0,clip_frozen
4895,kkuankku_0017.png,4,3,0,clip_frozen
4896,kkuankku_0017.png,4,3,0,clip_frozen
4897,kkuankku_0017.png,3,3,0,clip_frozen
4898,kkuankku_0017.png,3,3,0,clip_frozen
4899,kkuankku_0017.png,2,3,0,clip_frozen
4910,kkuankku_0025.png,4,1,0,clip_frozen
4911,kkuankku_0025.png,3,1,0,clip_frozen
4912,kkuankku_0025.png,4,1,0,clip_frozen
4913,kkuankku_0025.png,3,1,0,clip_frozen
4914,kkuankku_0025.png,2,1,0,clip_frozen
4915,kkuankku_0026.png,4,3,0,clip_frozen
4916,kkuankku_0026.png,4,3,0,clip_frozen
4917,kkuankku_0026.png,4,3,0,clip_frozen
4918,kkuankku_0026.png,3,4,0,clip_frozen
4988,kkuankku_0051.png,2,3,0,clip_frozen
4989,kkuankku_0051.png,3,3,0,clip_frozen
4990,kkuankku_0051.png,4,3,0,clip_frozen
4991,kkuankku_0051.png,1,3,0,clip_frozen
5069,kkuankku_0071.png,1,3,0,clip_frozen
5178,kkuankku_0100.png,4,3,0,clip_frozen
5179,kkuankku_0100.png,3,3,0,clip_frozen
5180,kkuankku_0100.png,3,3,0,clip_frozen
5181,kkuankku_0100.png,4,3,0,clip_frozen
5182,kkuankku_0100.png,3,3,0,clip_frozen
5183,kkuankku_0100.png,3,3,0,clip_frozen
5184,kkuankku_0100.png,3,3,0,clip_frozen
5185,kkuankku_0100.png,3,3,0,clip_frozen
5186,kkuankku_0100.png,2,3,0,clip_frozen
5187,kkuankku_0100.png,2,3,0,clip_frozen
5188,kkuankku_0100.png,2,3,0,clip_frozen
5189,kkuankku_0100.png,4,3,0,clip_frozen
5190,kkuankku_0100.png,2,2,0,clip_frozen
5191,kkuankku_0100.png,3,3,0,clip_frozen
5192,kkuankku_0100.png,3,3,0,clip_frozen
5193,kkuankku_0100.png,3,3,0,clip_frozen
5194,kkuankku_0100.png,3,3,0,clip_frozen
5195,kkuankku_0100.png,1,3,0,clip_frozen
5196,kkuankku_0100.png,1,3,0,clip_frozen
5197,kkuankku_0100.png,4,3,0,clip_frozen
5198,kkuankku_0100.png,3,2,0,clip_frozen
5199,kkuankku_0100.png,2,3,0,clip_frozen
5200,kkuankku_0100.png,2,3,0,clip_frozen
5201,kkuankku_0100.png,1,3,0,clip_frozen
5202,kkuankku_0100.png,1,3,0,clip_frozen
5203,kkuankku_0100.png,1,3,0,clip_frozen
5302,dailylook_0024.png,4,1,0,clip_frozen
5303,dailylook_0024.png,3,1,0,clip_frozen
5304,dailylook_0024.png,4,3,0,clip_frozen
5305,dailylook_0024.png,3,1,0,clip_frozen
5317,dailylook_0029.png,3,1,0,clip_frozen
5318,dailylook_0029.png,4,1,0,clip_frozen
5319,dailylook_0029.png,1,1,0,clip_frozen
5320,dailylook_0029.png,1,1,0,clip_frozen
5321,dailylook_0029.png,3,3,0,clip_frozen
5322,dailylook_0029.png,1,1,0,clip_frozen
5339,dailylook_0042.png,1,1,0,clip_frozen
5340,dailylook_0042.png,2,0,0,clip_frozen
5341,dailylook_0042.png,4,0,0,clip_frozen
5342,dailylook_0042.png,2,1,0,clip_frozen
5343,dailylook_0042.png,0,1,0,clip_frozen
5344,dailylook_0043.png,4,3,0,clip_frozen
5345,dailylook_0043.png,3,3,0,clip_frozen
5346,dailylook_0043.png,4,3,0,clip_frozen
5347,dailylook_0043.png,2,2,0,clip_frozen
5348,dailylook_0043.png,4,3,0,clip_frozen
5349,dailylook_0043.png,3,2,0,clip_frozen
5350,dailylook_0043.png,1,4,0,clip_frozen
5351,dailylook_0043.png,3,3,0,clip_frozen
5375,dailylook_0049.png,4,3,0,clip_frozen
5376,dailylook_0049.png,3,3,0,clip_frozen
5377,dailylook_0049.png,4,3,0,clip_frozen
5378,dailylook_0049.png,4,3,0,clip_frozen
5379,dailylook_0049.png,4,3,0,clip_frozen
5380,dailylook_0049.png,3,3,0,clip_frozen
5381,dailylook_0049.png,4,3,0,clip_frozen
5382,dailylook_0049.png,3,3,0,clip_frozen
5383,dailylook_0049.png,4,3,0,clip_frozen
5384,dailylook_0049.png,4,3,0,clip_frozen
5385,dailylook_0049.png,3,3,0,clip_frozen
5386,dailylook_0049.png,2,3,0,clip_frozen
5387,dailylook_0049.png,2,3,0,clip_frozen
5388,dailylook_0049.png,3,3,0,clip_frozen
5389,dailylook_0049.png,3,3,0,clip_frozen
5390,dailylook_0049.png,3,3,0,clip_frozen
5391,dailylook_0049.png,2,3,0,clip_frozen
5392,dailylook_0049.png,2,3,0,clip_frozen
5393,dailylook_0049.png,4,3,0,clip_frozen
5394,dailylook_0049.png,4,3,0,clip_frozen
5426,dailylook_0060.png,4,1,0,clip_frozen
5427,dailylook_0060.png,3,3,0,clip_frozen
5428,dailylook_0060.png,3,1,0,clip_frozen
5429,dailylook_0060.png,0,1,0,clip_frozen
5430,dailylook_0060.png,3,1,0,clip_frozen
5484,dailylook_0080.png,3,3,0,clip_frozen
5485,dailylook_0080.png,4,3,0,clip_frozen
5486,dailylook_0080.png,4,2,0,clip_frozen
5487,dailylook_0080.png,1,4,0,clip_frozen
5488,dailylook_0080.png,1,3,0,clip_frozen
5500,dailylook_0088.png,2,4,0,clip_frozen
5501,dailylook_0088.png,3,4,0,clip_frozen
5502,dailylook_0088.png,2,4,0,clip_frozen
5503,dailylook_0088.png,3,4,0,clip_frozen
5504,dailylook_0088.png,1,4,0,clip_frozen
5505,dailylook_0088.png,0,4,0,clip_frozen
5506,dailylook_0088.png,0,4,0,clip_frozen
5507,dailylook_0088.png,0,4,0,clip_frozen
5508,dailylook_0088.png,3,4,0,clip_frozen
5509,dailylook_0088.png,4,2,0,clip_frozen
5510,dailylook_0088.png,4,4,0,clip_frozen
5511,dailylook_0088.png,3,4,0,clip_frozen
5512,dailylook_0088.png,3,3,0,clip_frozen
5513,dailylook_0088.png,3,4,0,clip_frozen
5514,dailylook_0088.png,3,4,0,clip_frozen
5515,dailylook_0088.png,3,4,0,clip_frozen
5516,dailylook_0088.png,4,4,0,clip_frozen
5517,dailylook_0088.png,4,4,0,clip_frozen
5518,dailylook_0088.png,4,4,0,clip_frozen
5519,dailylook_0088.png,0,4,0,clip_frozen
5520,dailylook_0088.png,1,4,0,clip_frozen
5521,dailylook_0088.png,3,4,0,clip_frozen
5522,dailylook_0088.png,2,3,0,clip_frozen
5523,dailylook_0088.png,3,4,0,clip_frozen
5526,dailylook_0091.png,3,3,0,clip_frozen
5527,dailylook_0091.png,1,3,0,clip_frozen
5528,dailylook_0091.png,1,3,0,clip_frozen
5529,dailylook_0091.png,3,3,0,clip_frozen
5530,dailylook_0091.png,4,3,0,clip_frozen
5531,dailylook_0091.png,2,3,0,clip_frozen
5532,dailylook_0091.png,4,3,0,clip_frozen
5533,dailylook_0091.png,3,3,0,clip_frozen
5534,dailylook_0091.png,2,3,0,clip_frozen
5535,dailylook_0091.png,4,3,0,clip_frozen
5536,dailylook_0091.png,2,3,0,clip_frozen
5537,dailylook_0091.png,4,3,0,clip_frozen
5538,dailylook_0091.png,4,3,0,clip_frozen
5539,dailylook_0091.png,4,3,0,clip_frozen
5540,dailylook_0091.png,3,3,0,clip_frozen
5541,dailylook_0091.png,3,3,0,clip_frozen
5542,dailylook_0091.png,3,3,0,clip_frozen
5543,dailylook_0091.png,3,3,0,clip_frozen
5544,dailylook_0091.png,2,3,0,clip_frozen
5545,dailylook_0091.png,1,3,0,clip_frozen
5546,dailylook_0091.png,3,3,0,clip_frozen
5547,dailylook_0091.png,3,3,0,clip_frozen
5548,dailylook_0091.png,3,3,0,clip_frozen
5549,dailylook_0091.png,3,3,0,clip_frozen
5550,dailylook_0091.png,3,3,0,clip_frozen
5551,dailylook_0091.png,2,3,0,clip_frozen
5552,dailylook_0091.png,3,3,0,clip_frozen
5568,dailylook_0093.png,3,1,0,clip_frozen
5569,dailylook_0093.png,3,3,0,clip_frozen
5570,dailylook_0093.png,3,1,0,clip_frozen
5571,dailylook_0093.png,3,1,0,clip_frozen
5601,ootd_0006.png,0,1,0,clip_frozen
5602,ootd_0006.png,2,0,0,clip_frozen
5603,ootd_0006.png,2,1,0,clip_frozen
5661,ootd_0026.png,4,1,0,clip_frozen
5662,ootd_0026.png,3,1,0,clip_frozen
5754,ootd_0051.png,3,3,0,clip_frozen
5755,ootd_0051.png,4,2,0,clip_frozen
5756,ootd_0051.png,4,2,0,clip_frozen
5757,ootd_0051.png,4,1,0,clip_frozen
5758,ootd_0051.png,4,1,0,clip_frozen
5845,ootd_0086.png,3,3,0,clip_frozen
5846,ootd_0086.png,2,1,0,clip_frozen
5847,ootd_0086.png,1,1,0,clip_frozen
5848,ootd_0086.png,3,1,0,clip_frozen
5849,ootd_0086.png,3,3,0,clip_frozen
5850,ootd_0086.png,3,1,0,clip_frozen
5851,ootd_0086.png,3,1,0,clip_frozen
5852,ootd_0086.png,0,1,0,clip_frozen
5853,ootd_0086.png,0,1,0,clip_frozen
5854,ootd_0086.png,0,1,0,clip_frozen
5855,ootd_0086.png,3,1,0,clip_frozen
5856,ootd_0086.png,2,1,0,clip_frozen
5857,ootd_0086.png,2,3,0,clip_frozen
5858,ootd_0086.png,0,1,0,clip_frozen
5859,ootd_0086.png,0,1,0,clip_frozen
5860,ootd_0086.png,2,1,0,clip_frozen
5861,ootd_0086.png,2,1,0,clip_frozen
5862,ootd_0086.png,1,1,0,clip_frozen
5863,ootd_0086.png,1,1,0,clip_frozen
5864,ootd_0086.png,1,1,0,clip_frozen
5865,ootd_0086.png,1,0,0,clip_frozen
5866,ootd_0086.png,3,3,0,clip_frozen
5867,ootd_0086.png,3,0,0,clip_frozen
5868,ootd_0086.png,2,1,0,clip_frozen
5871,ootd_0089.png,4,1,0,clip_frozen
5872,ootd_0089.png,4,1,0,clip_frozen
5873,ootd_0089.png,3,1,0,clip_frozen
5874,ootd_0089.png,2,1,0,clip_frozen
5875,ootd_0090.png,4,3,0,clip_frozen
5876,ootd_0090.png,3,3,0,clip_frozen
5877,ootd_0090.png,3,3,0,clip_frozen
5878,ootd_0090.png,2,3,0,clip_frozen
5879,ootd_0090.png,4,3,0,clip_frozen
5880,ootd_0090.png,3,3,0,clip_frozen
5898,ootd_0094.png,0,3,0,clip_frozen
5899,ootd_0094.png,3,3,0,clip_frozen
5900,ootd_0094.png,4,3,0,clip_frozen
5901,ootd_0094.png,3,3,0,clip_frozen
5902,ootd_0094.png,2,3,0,clip_frozen
5934,fashionista_0004.png,4,4,0,clip_frozen
5935,fashionista_0004.png,2,3,0,clip_frozen
5936,fashionista_0004.png,2,3,0,clip_frozen
5937,fashionista_0004.png,3,2,0,clip_frozen
5938,fashionista_0004.png,2,3,0,clip_frozen
5939,fashionista_0005.png,4,1,0,clip_frozen
5940,fashionista_0005.png,4,1,0,clip_frozen
5941,fashionista_0005.png,4,1,0,clip_frozen
5942,fashionista_0005.png,3,1,0,clip_frozen
5943,fashionista_0005.png,2,1,0,clip_frozen
5952,fashionista_0017.png,1,1,0,clip_frozen
5953,fashionista_0017.png,0,0,0,clip_frozen
5954,fashionista_0017.png,4,1,0,clip_frozen
5955,fashionista_0017.png,3,0,0,clip_frozen
5956,fashionista_0017.png,0,1,0,clip_frozen
5959,fashionista_0024.png,3,1,0,clip_frozen
5960,fashionista_0024.png,3,3,0,clip_frozen
5961,fashionista_0024.png,3,0,0,clip_frozen
5962,fashionista_0024.png,2,1,0,clip_frozen
5963,fashionista_0024.png,1,1,0,clip_frozen
6096,fashionista_0050.png,0,1,0,clip_frozen
6097,fashionista_0050.png,0,1,0,clip_frozen
6098,fashionista_0050.png,2,1,0,clip_frozen
6099,fashionista_0050.png,1,1,0,clip_frozen
6100,fashionista_0050.png,0,1,0,clip_frozen
6337,fashionista_0088.png,1,3,0,clip_frozen
6338,fashionista_0088.png,0,3,0,clip_frozen
6339,fashionista_0088.png,2,3,0,clip_frozen
6340,fashionista_0088.png,2,3,0,clip_frozen
6341,fashionista_0088.png,2,2,0,clip_frozen
6342,fashionista_0088.png,1,3,0,clip_frozen
6343,fashionista_0088.png,4,3,0,clip_frozen
6344,fashionista_0088.png,4,3,0,clip_frozen
6345,fashionista_0088.png,0,3,0,clip_frozen
6346,fashionista_0088.png,1,3,0,clip_frozen
6347,fashionista_0088.png,1,3,0,clip_frozen
6348,fashionista_0088.png,2,3,0,clip_frozen
6349,fashionista_0088.png,0,3,0,clip_frozen
6350,fashionista_0088.png,0,3,0,clip_frozen
6351,fashionista_0088.png,0,3,0,clip_frozen
6352,fashionista_0088.png,1,3,0,clip_frozen
6353,fashionista_0088.png,1,3,0,clip_frozen
6354,fashionista_0088.png,1,3,0,clip_frozen
6355,fashionista_0088.png,2,3,0,clip_frozen
6356,fashionista_0088.png,2,3,0,clip_frozen
6357,fashionista_0088.png,3,3,0,clip_frozen
6358,fashionista_0088.png,0,3,0,clip_frozen
6359,fashionista_0088.png,2,3,0,clip_frozen
6360,fashionista_0088.png,1,3,0,clip_frozen
6361,fashionista_0088.png,0,3,0,clip_frozen
6362,fashionista_0088.png,4,3,0,clip_frozen
6363,fashionista_0088.png,3,3,0,clip_frozen
6364,fashionista_0088.png,0,3,0,clip_frozen
6365,fashionista_0088.png,0,3,0,clip_frozen
6531,neungsohwa_0020.png,2,1,0,clip_frozen
6532,neungsohwa_0020.png,2,0,0,clip_frozen
6533,neungsohwa_0020.png,2,1,0,clip_frozen
6534,neungsohwa_0020.png,0,1,0,clip_frozen
6535,neungsohwa_0020.png,3,1,0,clip_frozen
6536,neungsohwa_0020.png,3,1,0,clip_frozen
6537,neungsohwa_0020.png,4,1,0,clip_frozen
6538,neungsohwa_0020.png,2,1,0,clip_frozen
6539,neungsohwa_0020.png,0,0,0,clip_frozen
6540,neungsohwa_0020.png,1,0,0,clip_frozen
6541,neungsohwa_0020.png,1,1,0,clip_frozen
6542,neungsohwa_0020.png,2,0,0,clip_frozen
6543,neungsohwa_0020.png,1,0,0,clip_frozen
6544,neungsohwa_0020.png,2,0,0,clip_frozen
6545,neungsohwa_0020.png,4,1,0,clip_frozen
6546,neungsohwa_0020.png,3,0,0,clip_frozen
6547,neungsohwa_0020.png,1,1,0,clip_frozen
6548,neungsohwa_0020.png,1,0,0,clip_frozen
6549,neungsohwa_0020.png,1,1,0,clip_frozen
6550,neungsohwa_0020.png,0,1,0,clip_frozen
6551,neungsohwa_0021.png,3,0,0,clip_frozen
6552,neungsohwa_0021.png,1,1,0,clip_frozen
6553,neungsohwa_0021.png,2,1,0,clip_frozen
6554,neungsohwa_0021.png,3,1,0,clip_frozen
6555,neungsohwa_0021.png,4,0,0,clip_frozen
6556,neungsohwa_0021.png,4,0,0,clip_frozen
6557,neungsohwa_0021.png,2,0,0,clip_frozen
6558,neungsohwa_0021.png,3,1,0,clip_frozen
6559,neungsohwa_0021.png,3,0,0,clip_frozen
6590,neungsohwa_0034.png,4,0,0,clip_frozen
6591,neungsohwa_0034.png,2,1,0,clip_frozen
6592,neungsohwa_0034.png,3,1,0,clip_frozen
6593,neungsohwa_0034.png,2,1,0,clip_frozen
6594,neungsohwa_0034.png,3,1,0,clip_frozen
6595,neungsohwa_0034.png,1,0,0,clip_frozen
6596,neungsohwa_0034.png,1,1,0,clip_frozen
6655,neungsohwa_0050.png,4,1,0,clip_frozen
6656,neungsohwa_0050.png,3,0,0,clip_frozen
6657,neungsohwa_0050.png,4,1,0,clip_frozen
6658,neungsohwa_0050.png,0,0,0,clip_frozen
6659,neungsohwa_0051.png,1,1,0,clip_frozen
6660,neungsohwa_0051.png,0,0,0,clip_frozen
6661,neungsohwa_0051.png,3,1,0,clip_frozen
6662,neungsohwa_0051.png,3,1,0,clip_frozen
6680,neungsohwa_0057.png,1,1,0,clip_frozen
6703,neungsohwa_0066.png,0,0,0,clip_frozen
6704,neungsohwa_0066.png,3,0,0,clip_frozen
6705,neungsohwa_0066.png,0,0,0,clip_frozen
6706,neungsohwa_0066.png,0,4,0,clip_frozen
6713,neungsohwa_0073.png,4,0,0,clip_frozen
6736,neungsohwa_0080.png,2,1,0,clip_frozen
6737,neungsohwa_0080.png,0,1,0,clip_frozen
6738,neungsohwa_0080.png,4,1,0,clip_frozen
6749,neungsohwa_0085.png,4,1,0,clip_frozen
6750,neungsohwa_0085.png,4,0,0,clip_frozen
6751,neungsohwa_0085.png,2,1,0,clip_frozen
6752,neungsohwa_0085.png,2,1,0,clip_frozen
6753,neungsohwa_0085.png,1,0,0,clip_frozen
6764,neungsohwa_0089.png,4,1,0,clip_frozen
6765,neungsohwa_0089.png,4,1,0,clip_frozen
6766,neungsohwa_0089.png,1,1,0,clip_frozen
6767,neungsohwa_0089.png,4,1,0,clip_frozen
6768,neungsohwa_0089.png,1,1,0,clip_frozen
6843,danpung_0007.png,1,1,0,clip_frozen
6844,danpung_0007.png,0,1,0,clip_frozen
6847,danpung_0009.png,3,1,0,clip_frozen
6848,danpung_0009.png,1,0,0,clip_frozen
6849,danpung_0009.png,4,1,0,clip_frozen
6850,danpung_0009.png,3,1,0,clip_frozen
6851,danpung_0009.png,4,1,0,clip_frozen
6852,danpung_0009.png,3,1,0,clip_frozen
6853,danpung_0009.png,2,1,0,clip_frozen
6854,danpung_0009.png,4,1,0,clip_frozen
6863,danpung_0012.png,3,1,0,clip_frozen
6864,danpung_0012.png,4,1,0,clip_frozen
6865,danpung_0012.png,3,1,0,clip_frozen
6866,danpung_0012.png,2,1,0,clip_frozen
6867,danpung_0012.png,2,1,0,clip_frozen
6868,danpung_0012.png,3,1,0,clip_frozen
6869,danpung_0012.png,1,3,0,clip_frozen
6910,danpung_0020.png,1,1,0,clip_frozen
6966,danpung_0031.png,1,1,0,clip_frozen
6967,danpung_0031.png,4,1,0,clip_frozen
6968,danpung_0031.png,3,1,0,clip_frozen
6969,danpung_0031.png,2,1,0,clip_frozen
6970,danpung_0031.png,2,1,0,clip_frozen
7021,danpung_0040.png,4,0,0,clip_frozen
7022,danpung_0040.png,2,0,0,clip_frozen
7023,danpung_0040.png,2,1,0,clip_frozen
7024,danpung_0040.png,4,0,0,clip_frozen
7025,danpung_0040.png,4,1,0,clip_frozen
7026,danpung_0040.png,4,0,0,clip_frozen
7027,danpung_0040.png,3,1,0,clip_frozen
7028,danpung_0040.png,3,1,0,clip_frozen
7029,danpung_0040.png,3,1,0,clip_frozen
7030,danpung_0040.png,0,0,0,clip_frozen
7031,danpung_0040.png,1,1,0,clip_frozen
7032,danpung_0040.png,2,1,0,clip_frozen
7033,danpung_0040.png,3,1,0,clip_frozen
7034,danpung_0040.png,1,1,0,clip_frozen
7035,danpung_0040.png,1,1,0,clip_frozen
7036,danpung_0040.png,1,1,0,clip_frozen
7080,danpung_0058.png,4,4,0,clip_frozen
7081,danpung_0058.png,4,4,0,clip_frozen
7082,danpung_0058.png,4,4,0,clip_frozen
7083,danpung_0058.png,1,4,0,clip_frozen
7084,danpung_0058.png,0,4,0,clip_frozen
7085,danpung_0058.png,3,4,0,clip_frozen
7086,danpung_0058.png,0,4,0,clip_frozen
7087,danpung_0058.png,4,4,0,clip_frozen
7088,danpung_0058.png,2,4,0,clip_frozen
7089,danpung_0058.png,1,4,0,clip_frozen
7090,danpung_0058.png,0,4,0,clip_frozen
7091,danpung_0058.png,4,4,0,clip_frozen
7092,danpung_0058.png,3,4,0,clip_frozen
7093,danpung_0058.png,4,4,0,clip_frozen
7094,danpung_0058.png,4,4,0,clip_frozen
7095,danpung_0058.png,4,4,0,clip_frozen
7096,danpung_0058.png,3,1,0,clip_frozen
7120,danpung_0064.png,4,1,0,clip_frozen
7121,danpung_0064.png,4,1,0,clip_frozen
7122,danpung_0064.png,4,1,0,clip_frozen
7123,danpung_0064.png,3,1,0,clip_frozen
7124,danpung_0064.png,3,1,0,clip_frozen
7125,danpung_0064.png,3,0,0,clip_frozen
7126,danpung_0064.png,3,0,0,clip_frozen
7127,danpung_0064.png,4,0,0,clip_frozen
7128,danpung_0064.png,2,0,0,clip_frozen
7129,danpung_0064.png,1,0,0,clip_frozen
7130,danpung_0064.png,3,0,0,clip_frozen
7131,danpung_0064.png,4,0,0,clip_frozen
7132,danpung_0064.png,3,0,0,clip_frozen
7133,danpung_0066.png,4,1,0,clip_frozen
7134,danpung_0066.png,1,0,0,clip_frozen
7135,danpung_0066.png,1,1,0,clip_frozen
7136,danpung_0066.png,1,1,0,clip_frozen
7198,danpung_0075.png,2,1,0,clip_frozen
7199,danpung_0075.png,1,0,0,clip_frozen
7262,danpung_0089.png,3,1,0,clip_frozen
7263,danpung_0089.png,3,0,0,clip_frozen
7264,danpung_0089.png,3,1,0,clip_frozen
7265,danpung_0089.png,4,1,0,clip_frozen
7266,danpung_0090.png,3,1,0,clip_frozen
7267,danpung_0090.png,3,1,0,clip_frozen
7268,danpung_0090.png,2,1,0,clip_frozen
7269,danpung_0090.png,3,1,0,clip_frozen
7300,cherryblossom_0009.png,0,0,0,clip_frozen
7301,cherryblossom_0009.png,4,3,0,clip_frozen
7302,cherryblossom_0009.png,4,3,0,clip_frozen
7319,cherryblossom_0019.png,4,1,0,clip_frozen
7320,cherryblossom_0019.png,1,1,0,clip_frozen
7321,cherryblossom_0019.png,2,1,0,clip_frozen
7322,cherryblossom_0019.png,1,1,0,clip_frozen
7428,cherryblossom_0045.png,0,0,0,clip_frozen
7429,cherryblossom_0045.png,0,1,0,clip_frozen
7430,cherryblossom_0045.png,0,1,0,clip_frozen
7431,cherryblossom_0045.png,0,0,0,clip_frozen
7432,cherryblossom_0045.png,0,1,0,clip_frozen
7438,cherryblossom_0049.png,4,4,0,clip_frozen
7439,cherryblossom_0049.png,2,4,0,clip_frozen
7440,cherryblossom_0049.png,1,1,0,clip_frozen
7441,cherryblossom_0049.png,4,4,0,clip_frozen
7442,cherryblossom_0049.png,4,4,0,clip_frozen
7443,cherryblossom_0049.png,3,4,0,clip_frozen
7444,cherryblossom_0049.png,2,4,0,clip_frozen
7463,cherryblossom_0053.png,4,2,0,clip_frozen
7464,cherryblossom_0053.png,4,3,0,clip_frozen
7465,cherryblossom_0053.png,2,3,0,clip_frozen
7466,cherryblossom_0053.png,3,3,0,clip_frozen
7467,cherryblossom_0053.png,1,3,0,clip_frozen
7493,cherryblossom_0058.png,0,1,0,clip_frozen
7494,cherryblossom_0058.png,3,1,0,clip_frozen
7495,cherryblossom_0058.png,4,1,0,clip_frozen
7514,cherryblossom_0067.png,3,4,0,clip_frozen
7515,cherryblossom_0067.png,3,0,0,clip_frozen
7516,cherryblossom_0067.png,4,0,0,clip_frozen
7517,cherryblossom_0067.png,4,0,0,clip_frozen
7554,cherryblossom_0083.png,4,3,0,clip_frozen
7555,cherryblossom_0083.png,3,3,0,clip_frozen
7556,cherryblossom_0083.png,3,3,0,clip_frozen
7557,cherryblossom_0083.png,1,3,0,clip_frozen
7558,cherryblossom_0083.png,4,3,0,clip_frozen
7564,cherryblossom_0085.png,2,1,0,clip_frozen
7565,cherryblossom_0085.png,3,0,0,clip_frozen
7566,cherryblossom_0085.png,4,0,0,clip_frozen
7567,cherryblossom_0085.png,4,0,0,clip_frozen
7578,cherryblossom_0091.png,4,1,0,clip_frozen
7579,cherryblossom_0091.png,3,0,0,clip_frozen
7580,cherryblossom_0091.png,4,0,0,clip_frozen
7581,cherryblossom_0091.png,4,0,0,clip_frozen
7716,kpop_0013.png,1,0,0,clip_frozen
7717,kpop_0013.png,3,0,0,clip_frozen
7718,kpop_0013.png,2,0,0,clip_frozen
7719,kpop_0013.png,3,0,0,clip_frozen
7720,kpop_0013.png,3,1,0,clip_frozen
7721,kpop_0014.png,4,0,0,clip_frozen
7722,kpop_0014.png,4,0,0,clip_frozen
7723,kpop_0014.png,4,4,0,clip_frozen
7724,kpop_0014.png,4,4,0,clip_frozen
7725,kpop_0014.png,4,4,0,clip_frozen
7726,kpop_0014.png,3,3,0,clip_frozen
7727,kpop_0014.png,4,4,0,clip_frozen
7728,kpop_0014.png,4,4,0,clip_frozen
7729,kpop_0014.png,4,4,0,clip_frozen
7744,kpop_0018.png,4,4,0,clip_frozen
7745,kpop_0018.png,4,4,0,clip_frozen
7746,kpop_0018.png,1,4,0,clip_frozen
7747,kpop_0018.png,1,4,0,clip_frozen
7753,kpop_0021.png,4,4,0,clip_frozen
7754,kpop_0021.png,3,3,0,clip_frozen
7755,kpop_0021.png,4,3,0,clip_frozen
7756,kpop_0021.png,1,4,0,clip_frozen
7757,kpop_0021.png,4,3,0,clip_frozen
7758,kpop_0021.png,4,4,0,clip_frozen
7759,kpop_0021.png,1,1,0,clip_frozen
7760,kpop_0021.png,1,1,0,clip_frozen
7761,kpop_0021.png,4,4,0,clip_frozen
7762,kpop_0021.png,1,4,0,clip_frozen
7763,kpop_0021.png,1,0,0,clip_frozen
7764,kpop_0021.png,4,0,0,clip_frozen
7765,kpop_0021.png,4,1,0,clip_frozen
7766,kpop_0021.png,1,0,0,clip_frozen
7767,kpop_0021.png,3,1,0,clip_frozen
7768,kpop_0021.png,4,4,0,clip_frozen
7769,kpop_0022.png,4,0,0,clip_frozen
7770,kpop_0022.png,4,4,0,clip_frozen
7771,kpop_0022.png,4,0,0,clip_frozen
7772,kpop_0022.png,4,4,0,clip_frozen
7804,kpop_0027.png,4,3,0,clip_frozen
7805,kpop_0027.png,3,2,0,clip_frozen
7806,kpop_0027.png,2,2,0,clip_frozen
7849,kpop_0034.png,4,0,0,clip_frozen
7850,kpop_0034.png,4,0,0,clip_frozen
7851,kpop_0034.png,3,4,0,clip_frozen
7852,kpop_0034.png,3,0,0,clip_frozen
7853,kpop_0034.png,4,0,0,clip_frozen
7896,kpop_0040.png,0,0,0,clip_frozen
7897,kpop_0040.png,3,3,0,clip_frozen
7898,kpop_0041.png,1,4,0,clip_frozen
7899,kpop_0041.png,4,3,0,clip_frozen
7900,kpop_0041.png,3,3,0,clip_frozen
7901,kpop_0041.png,4,4,0,clip_frozen
7902,kpop_0041.png,1,4,0,clip_frozen
7903,kpop_0041.png,1,3,0,clip_frozen
7904,kpop_0041.png,3,4,0,clip_frozen
7905,kpop_0041.png,3,3,0,clip_frozen
7906,kpop_0041.png,3,3,0,clip_frozen
7907,kpop_0041.png,1,3,0,clip_frozen
7908,kpop_0041.png,4,3,0,clip_frozen
7909,kpop_0041.png,2,3,0,clip_frozen
7910,kpop_0041.png,3,3,0,clip_frozen
7911,kpop_0041.png,3,3,0,clip_frozen
7912,kpop_0041.png,3,3,0,clip_frozen
7913,kpop_0041.png,3,4,0,clip_frozen
7914,kpop_0041.png,4,3,0,clip_frozen
7915,kpop_0041.png,1,3,0,clip_frozen
7916,kpop_0041.png,4,4,0,clip_frozen
7917,kpop_0041.png,0,4,0,clip_frozen
7918,kpop_0041.png,4,4,0,clip_frozen
7919,kpop_0041.png,3,4,0,clip_frozen
7920,kpop_0041.png,3,4,0,clip_frozen
7921,kpop_0041.png,2,4,0,clip_frozen
7922,kpop_0041.png,4,4,0,clip_frozen
7923,kpop_0041.png,3,3,0,clip_frozen
7924,kpop_0041.png,1,3,0,clip_frozen
7925,kpop_0041.png,1,3,0,clip_frozen
7926,kpop_0041.png,3,4,0,clip_frozen
7927,kpop_0041.png,4,4,0,clip_frozen
7977,kpop_0047.png,1,0,0,clip_frozen
7978,kpop_0047.png,4,0,0,clip_frozen
7979,kpop_0047.png,4,0,0,clip_frozen
7980,kpop_0047.png,4,1,0,clip_frozen
7981,kpop_0047.png,1,0,0,clip_frozen
7982,kpop_0047.png,3,0,0,clip_frozen
7983,kpop_0047.png,3,0,0,clip_frozen
7984,kpop_0047.png,3,0,0,clip_frozen
7985,kpop_0047.png,3,0,0,clip_frozen
7986,kpop_0047.png,4,3,0,clip_frozen
7987,kpop_0047.png,1,0,0,clip_frozen
7988,kpop_0047.png,3,3,0,clip_frozen
7989,kpop_0047.png,3,1,0,clip_frozen
7990,kpop_0047.png,4,0,0,clip_frozen
7991,kpop_0047.png,1,0,0,clip_frozen
7992,kpop_0047.png,1,0,0,clip_frozen
8088,kpop_0062.png,4,4,0,clip_frozen
8089,kpop_0062.png,3,0,0,clip_frozen
8090,kpop_0062.png,3,4,0,clip_frozen
8091,kpop_0062.png,1,4,0,clip_frozen
8092,kpop_0062.png,0,0,0,clip_frozen
8146,kpop_0070.png,4,2,0,clip_frozen
8147,kpop_0070.png,1,1,0,clip_frozen
8148,kpop_0070.png,1,3,0,clip_frozen
8149,kpop_0070.png,1,2,0,clip_frozen
8150,kpop_0070.png,3,3,0,clip_frozen
8156,kpop_0072.png,4,3,0,clip_frozen
8157,kpop_0072.png,4,4,0,clip_frozen
8158,kpop_0072.png,4,3,0,clip_frozen
8159,kpop_0072.png,4,4,0,clip_frozen
8160,kpop_0072.png,4,4,0,clip_frozen
8161,kpop_0072.png,4,4,0,clip_frozen
8162,kpop_0072.png,1,3,0,clip_frozen
8163,kpop_0072.png,0,4,0,clip_frozen
8164,kpop_0072.png,1,4,0,clip_frozen
8165,kpop_0072.png,0,4,0,clip_frozen
8166,kpop_0072.png,0,4,0,clip_frozen
8167,kpop_0072.png,1,4,0,clip_frozen
8168,kpop_0072.png,0,4,0,clip_frozen
8169,kpop_0072.png,1,4,0,clip_frozen
8170,kpop_0072.png,0,3,0,clip_frozen
8171,kpop_0072.png,1,4,0,clip_frozen
8172,kpop_0072.png,1,4,0,clip_frozen
8173,kpop_0072.png,1,3,0,clip_frozen
8174,kpop_0072.png,3,4,0,clip_frozen
8175,kpop_0072.png,3,3,0,clip_frozen
8176,kpop_0072.png,3,3,0,clip_frozen
8177,kpop_0072.png,4,4,0,clip_frozen
8178,kpop_0072.png,2,4,0,clip_frozen
8251,kpop_0085.png,4,3,0,clip_frozen
8252,kpop_0085.png,4,3,0,clip_frozen
8253,kpop_0085.png,3,3,0,clip_frozen
8306,kpop_0093.png,4,4,0,clip_frozen
8307,kpop_0093.png,4,4,0,clip_frozen
8308,kpop_0093.png,4,4,0,clip_frozen
8309,kpop_0093.png,3,4,0,clip_frozen
8310,kpop_0093.png,4,4,0,clip_frozen
8315,kpop_0095.png,4,3,0,clip_frozen
8316,kpop_0095.png,1,3,0,clip_frozen
8395,spotify_0006.png,1,1,0,clip_frozen
8396,spotify_0006.png,1,1,0,clip_frozen
8397,spotify_0006.png,1,1,0,clip_frozen
8398,spotify_0006.png,1,0,0,clip_frozen
8399,spotify_0006.png,1,0,0,clip_frozen
8410,spotify_0010.png,1,4,0,clip_frozen
8411,spotify_0010.png,1,4,0,clip_frozen
8412,spotify_0010.png,4,4,0,clip_frozen
8413,spotify_0010.png,3,4,0,clip_frozen
8414,spotify_0010.png,1,4,0,clip_frozen
8415,spotify_0010.png,1,4,0,clip_frozen
8416,spotify_0010.png,1,4,0,clip_frozen
8417,spotify_0010.png,3,4,0,clip_frozen
8418,spotify_0010.png,4,0,0,clip_frozen
8419,spotify_0011.png,4,4,0,clip_frozen
8420,spotify_0011.png,1,4,0,clip_frozen
8425,spotify_0016.png,4,4,0,clip_frozen
8426,spotify_0016.png,4,0,0,clip_frozen
8427,spotify_0016.png,1,4,0,clip_frozen
8428,spotify_0016.png,1,4,0,clip_frozen
8429,spotify_0016.png,3,4,0,clip_frozen
8430,spotify_0017.png,4,4,0,clip_frozen
8431,spotify_0017.png,4,4,0,clip_frozen
8432,spotify_0017.png,3,4,0,clip_frozen
8433,spotify_0017.png,2,4,0,clip_frozen
8434,spotify_0017.png,4,4,0,clip_frozen
8435,spotify_0017.png,4,4,0,clip_frozen
8436,spotify_0017.png,4,4,0,clip_frozen
8437,spotify_0017.png,4,4,0,clip_frozen
8438,spotify_0017.png,4,4,0,clip_frozen
8439,spotify_0017.png,0,4,0,clip_frozen
8454,spotify_0026.png,1,4,0,clip_frozen
8455,spotify_0026.png,3,4,0,clip_frozen
8456,spotify_0026.png,4,4,0,clip_frozen
8457,spotify_0026.png,4,4,0,clip_frozen
8458,spotify_0029.png,4,4,0,clip_frozen
8459,spotify_0029.png,3,4,0,clip_frozen
8460,spotify_0029.png,3,4,0,clip_frozen
8461,spotify_0029.png,2,4,0,clip_frozen
8462,spotify_0029.png,2,4,0,clip_frozen
8463,spotify_0029.png,3,4,0,clip_frozen
8464,spotify_0029.png,3,4,0,clip_frozen
8465,spotify_0029.png,4,2,0,clip_frozen
8466,spotify_0029.png,3,3,0,clip_frozen
8467,spotify_0029.png,3,4,0,clip_frozen
8468,spotify_0029.png,2,4,0,clip_frozen
8469,spotify_0029.png,3,2,0,clip_frozen
8470,spotify_0029.png,1,2,0,clip_frozen
8471,spotify_0029.png,2,2,0,clip_frozen
8472,spotify_0029.png,0,2,0,clip_frozen
8495,spotify_0044.png,1,1,0,clip_frozen
8496,spotify_0044.png,1,1,0,clip_frozen
8497,spotify_0044.png,1,1,0,clip_frozen
8498,spotify_0044.png,0,1,0,clip_frozen
8521,spotify_0050.png,1,0,0,clip_frozen
8522,spotify_0050.png,4,0,0,clip_frozen
8523,spotify_0050.png,4,1,0,clip_frozen
8593,spotify_0067.png,1,0,0,clip_frozen
8594,spotify_0067.png,0,0,0,clip_frozen
8595,spotify_0067.png,1,4,0,clip_frozen
8596,spotify_0067.png,2,4,0,clip_frozen
8597,spotify_0067.png,2,4,0,clip_frozen
8618,spotify_0079.png,3,4,0,clip_frozen
8619,spotify_0079.png,3,4,0,clip_frozen
8620,spotify_0079.png,2,3,0,clip_frozen
8621,spotify_0079.png,1,4,0,clip_frozen
8665,spotify_0098.png,3,1,0,clip_frozen
8666,spotify_0098.png,0,1,0,clip_frozen
8667,spotify_0098.png,4,1,0,clip_frozen
8668,spotify_0098.png,3,1,0,clip_frozen
8669,spotify_0098.png,1,1,0,clip_frozen
8700,netflix_0005.png,4,4,0,clip_frozen
8701,netflix_0005.png,4,0,0,clip_frozen
8702,netflix_0005.png,4,4,0,clip_frozen
8703,netflix_0005.png,3,4,0,clip_frozen
8714,netflix_0008.png,4,3,0,clip_frozen
8715,netflix_0008.png,4,3,0,clip_frozen
8716,netflix_0008.png,4,3,0,clip_frozen
8717,netflix_0008.png,4,3,0,clip_frozen
8718,netflix_0008.png,4,3,0,clip_frozen
8724,netflix_0012.png,1,1,0,clip_frozen
8725,netflix_0012.png,1,1,0,clip_frozen
8726,netflix_0012.png,0,1,0,clip_frozen
8728,netflix_0014.png,4,4,0,clip_frozen
8729,netflix_0014.png,4,4,0,clip_frozen
8730,netflix_0014.png,2,4,0,clip_frozen
8731,netflix_0014.png,0,4,0,clip_frozen
8732,netflix_0014.png,0,4,0,clip_frozen
8733,netflix_0014.png,0,3,0,clip_frozen
8734,netflix_0014.png,0,4,0,clip_frozen
8735,netflix_0014.png,0,4,0,clip_frozen
8736,netflix_0014.png,4,4,0,clip_frozen
8737,netflix_0014.png,3,4,0,clip_frozen
8738,netflix_0014.png,4,4,0,clip_frozen
8739,netflix_0014.png,2,4,0,clip_frozen
8740,netflix_0014.png,2,4,0,clip_frozen
8741,netflix_0014.png,4,4,0,clip_frozen
8742,netflix_0014.png,3,4,0,clip_frozen
8781,netflix_0023.png,4,4,0,clip_frozen
8782,netflix_0025.png,4,4,0,clip_frozen
8783,netflix_0025.png,4,4,0,clip_frozen
8784,netflix_0025.png,4,4,0,clip_frozen
8785,netflix_0025.png,3,4,0,clip_frozen
8786,netflix_0025.png,4,4,0,clip_frozen
8787,netflix_0027.png,4,3,0,clip_frozen
8788,netflix_0027.png,4,3,0,clip_frozen
8789,netflix_0027.png,4,4,0,clip_frozen
8790,netflix_0027.png,3,3,0,clip_frozen
8821,netflix_0037.png,4,3,0,clip_frozen
8822,netflix_0037.png,4,3,0,clip_frozen
8823,netflix_0037.png,4,3,0,clip_frozen
8824,netflix_0037.png,0,4,0,clip_frozen
8825,netflix_0037.png,0,3,0,clip_frozen
8877,netflix_0050.png,4,3,0,clip_frozen
8878,netflix_0050.png,4,3,0,clip_frozen
8879,netflix_0050.png,3,4,0,clip_frozen
8880,netflix_0050.png,3,4,0,clip_frozen
8881,netflix_0050.png,2,4,0,clip_frozen
8887,netflix_0052.png,2,3,0,clip_frozen
8888,netflix_0052.png,4,4,0,clip_frozen
8889,netflix_0052.png,3,3,0,clip_frozen
8890,netflix_0052.png,2,4,0,clip_frozen
8914,netflix_0058.png,4,4,0,clip_frozen
8915,netflix_0058.png,1,4,0,clip_frozen
8916,netflix_0058.png,1,4,0,clip_frozen
8917,netflix_0058.png,2,4,0,clip_frozen
8918,netflix_0058.png,3,0,0,clip_frozen
8952,netflix_0065.png,4,1,0,clip_frozen
8953,netflix_0065.png,3,1,0,clip_frozen
8954,netflix_0065.png,4,3,0,clip_frozen
8955,netflix_0065.png,1,1,0,clip_frozen
8956,netflix_0065.png,1,1,0,clip_frozen
8969,netflix_0071.png,1,4,0,clip_frozen
8970,netflix_0071.png,3,4,0,clip_frozen
8971,netflix_0071.png,3,0,0,clip_frozen
8972,netflix_0071.png,1,4,0,clip_frozen
8973,netflix_0071.png,1,4,0,clip_frozen
8974,netflix_0071.png,1,4,0,clip_frozen
8975,netflix_0071.png,1,4,0,clip_frozen
8976,netflix_0071.png,4,4,0,clip_frozen
8977,netflix_0071.png,4,4,0,clip_frozen
9014,netflix_0090.png,3,4,0,clip_frozen
9015,netflix_0090.png,1,1,0,clip_frozen
9016,netflix_0090.png,3,0,0,clip_frozen
9017,netflix_0090.png,1,0,0,clip_frozen
9018,netflix_0091.png,4,2,0,clip_frozen
9019,netflix_0091.png,4,4,0,clip_frozen
9020,netflix_0091.png,1,4,0,clip_frozen
9021,netflix_0091.png,0,4,0,clip_frozen
9077,apple_0005.png,1,4,0,clip_frozen
9078,apple_0005.png,3,4,0,clip_frozen
9079,apple_0005.png,3,4,0,clip_frozen
9080,apple_0005.png,3,4,0,clip_frozen
9081,apple_0005.png,1,4,0,clip_frozen
9082,apple_0005.png,4,4,0,clip_frozen
9083,apple_0005.png,1,4,0,clip_frozen
9084,apple_0005.png,0,4,0,clip_frozen
9085,apple_0005.png,0,4,0,clip_frozen
9086,apple_0005.png,0,4,0,clip_frozen
9087,apple_0005.png,0,4,0,clip_frozen
9088,apple_0005.png,0,4,0,clip_frozen
9089,apple_0005.png,4,4,0,clip_frozen
9090,apple_0005.png,4,4,0,clip_frozen
9091,apple_0005.png,3,4,0,clip_frozen
9092,apple_0005.png,2,4,0,clip_frozen
9093,apple_0005.png,2,4,0,clip_frozen
9094,apple_0005.png,4,4,0,clip_frozen
9095,apple_0005.png,1,4,0,clip_frozen
9096,apple_0005.png,1,4,0,clip_frozen
9097,apple_0005.png,2,4,0,clip_frozen
9098,apple_0005.png,4,4,0,clip_frozen
9099,apple_0005.png,4,4,0,clip_frozen
9131,apple_0017.png,4,4,0,clip_frozen
9132,apple_0017.png,3,4,0,clip_frozen
9174,apple_0037.png,4,4,0,clip_frozen
9175,apple_0037.png,3,4,0,clip_frozen
9176,apple_0037.png,4,4,0,clip_frozen
9177,apple_0037.png,3,4,0,clip_frozen
9178,apple_0037.png,1,4,0,clip_frozen
9198,apple_0044.png,1,4,0,clip_frozen
9242,apple_0057.png,4,4,0,clip_frozen
9243,apple_0057.png,4,4,0,clip_frozen
9244,apple_0057.png,3,4,0,clip_frozen
9245,apple_0057.png,2,4,0,clip_frozen
9246,apple_0059.png,4,4,0,clip_frozen
9247,apple_0059.png,4,4,0,clip_frozen
9248,apple_0059.png,3,4,0,clip_frozen
9259,apple_0069.png,3,4,0,clip_frozen
9260,apple_0069.png,4,4,0,clip_frozen
9261,apple_0069.png,4,4,0,clip_frozen
9262,apple_0069.png,4,4,0,clip_frozen
9263,apple_0069.png,4,4,0,clip_frozen
9264,apple_0069.png,4,4,0,clip_frozen
9265,apple_0069.png,2,4,0,clip_frozen
9266,apple_0069.png,1,4,0,clip_frozen
9272,apple_0072.png,4,4,0,clip_frozen
9273,apple_0072.png,4,4,0,clip_frozen
9274,apple_0072.png,4,4,0,clip_frozen
9275,apple_0072.png,4,4,0,clip_frozen
9276,apple_0072.png,3,4,0,clip_frozen
9277,apple_0072.png,3,4,0,clip_frozen
9283,apple_0075.png,4,4,0,clip_frozen
9284,apple_0075.png,4,4,0,clip_frozen
9285,apple_0075.png,4,4,0,clip_frozen
9286,apple_0075.png,4,4,0,clip_frozen
9311,apple_0084.png,4,4,0,clip_frozen
9312,apple_0084.png,3,4,0,clip_frozen
9313,apple_0084.png,3,4,0,clip_frozen
9314,apple_0084.png,2,4,0,clip_frozen
9315,apple_0084.png,2,4,0,clip_frozen
9337,apple_0095.png,4,4,0,clip_frozen
9338,apple_0095.png,4,4,0,clip_frozen
9339,apple_0095.png,2,4,0,clip_frozen
9360,galaxy_0003.png,1,1,0,clip_frozen
9361,galaxy_0003.png,4,0,0,clip_frozen
9362,galaxy_0003.png,3,1,0,clip_frozen
9363,galaxy_0003.png,4,1,0,clip_frozen
9364,galaxy_0003.png,4,1,0,clip_frozen
9365,galaxy_0003.png,2,0,0,clip_frozen
9366,galaxy_0003.png,1,1,0,clip_frozen
9367,galaxy_0003.png,2,0,0,clip_frozen
9368,galaxy_0003.png,4,1,0,clip_frozen
9369,galaxy_0003.png,1,0,0,clip_frozen
9370,galaxy_0003.png,1,1,0,clip_frozen
9371,galaxy_0003.png,1,0,0,clip_frozen
9372,galaxy_0003.png,1,1,0,clip_frozen
9385,galaxy_0008.png,4,1,0,clip_frozen
9386,galaxy_0008.png,1,2,0,clip_frozen
9387,galaxy_0008.png,4,3,0,clip_frozen
9388,galaxy_0008.png,2,2,0,clip_frozen
9389,galaxy_0008.png,0,3,0,clip_frozen
9390,galaxy_0010.png,1,4,0,clip_frozen
9391,galaxy_0010.png,2,4,0,clip_frozen
9392,galaxy_0010.png,3,4,0,clip_frozen
9393,galaxy_0010.png,4,4,0,clip_frozen
9394,galaxy_0010.png,0,4,0,clip_frozen
9417,galaxy_0017.png,4,4,0,clip_frozen
9418,galaxy_0017.png,2,4,0,clip_frozen
9419,galaxy_0017.png,4,4,0,clip_frozen
9420,galaxy_0017.png,1,4,0,clip_frozen
9421,galaxy_0017.png,1,4,0,clip_frozen
9422,galaxy_0017.png,4,4,0,clip_frozen
9423,galaxy_0017.png,2,4,0,clip_frozen
9457,galaxy_0026.png,3,4,0,clip_frozen
9458,galaxy_0026.png,4,4,0,clip_frozen
9459,galaxy_0026.png,4,4,0,clip_frozen
9460,galaxy_0026.png,4,4,0,clip_frozen
9461,galaxy_0026.png,3,4,0,clip_frozen
9462,galaxy_0026.png,3,4,0,clip_frozen
9463,galaxy_0026.png,4,4,0,clip_frozen
9464,galaxy_0026.png,4,4,0,clip_frozen
9465,galaxy_0026.png,4,4,0,clip_frozen
9466,galaxy_0026.png,2,4,0,clip_frozen
9467,galaxy_0026.png,2,4,0,clip_frozen
9468,galaxy_0026.png,2,4,0,clip_frozen
9469,galaxy_0026.png,1,4,0,clip_frozen
9470,galaxy_0026.png,1,4,0,clip_frozen
9471,galaxy_0026.png,1,4,0,clip_frozen
9472,galaxy_0026.png,1,4,0,clip_frozen
9473,galaxy_0026.png,1,4,0,clip_frozen
9474,galaxy_0026.png,1,4,0,clip_frozen
9475,galaxy_0026.png,1,4,0,clip_frozen
9546,galaxy_0041.png,4,4,0,clip_frozen
9547,galaxy_0041.png,4,4,0,clip_frozen
9548,galaxy_0041.png,4,4,0,clip_frozen
9549,galaxy_0041.png,1,4,0,clip_frozen
9550,galaxy_0043.png,4,4,0,clip_frozen
9551,galaxy_0043.png,4,4,0,clip_frozen
9552,galaxy_0043.png,4,4,0,clip_frozen
9553,galaxy_0043.png,3,4,0,clip_frozen
9554,galaxy_0043.png,2,4,0,clip_frozen
9561,galaxy_0048.png,4,4,0,clip_frozen
9562,galaxy_0048.png,4,4,0,clip_frozen
9563,galaxy_0048.png,4,4,0,clip_frozen
9564,galaxy_0048.png,3,4,0,clip_frozen
9565,galaxy_0048.png,2,4,0,clip_frozen
9566,galaxy_0050.png,4,3,0,clip_frozen
9567,galaxy_0050.png,4,3,0,clip_frozen
9568,galaxy_0050.png,3,3,0,clip_frozen
9569,galaxy_0050.png,1,4,0,clip_frozen
9570,galaxy_0050.png,2,3,0,clip_frozen
9571,galaxy_0050.png,3,3,0,clip_frozen
9576,galaxy_0053.png,0,1,0,clip_frozen
9577,galaxy_0054.png,1,4,0,clip_frozen
9578,galaxy_0054.png,1,0,0,clip_frozen
9579,galaxy_0054.png,1,4,0,clip_frozen
9580,galaxy_0054.png,2,4,0,clip_frozen
9581,galaxy_0054.png,2,4,0,clip_frozen
9582,galaxy_0057.png,4,4,0,clip_frozen
9583,galaxy_0057.png,2,4,0,clip_frozen
9584,galaxy_0057.png,3,4,0,clip_frozen
9585,galaxy_0057.png,2,4,0,clip_frozen
9586,galaxy_0057.png,2,4,0,clip_frozen
9612,galaxy_0064.png,4,4,0,clip_frozen
9613,galaxy_0064.png,4,4,0,clip_frozen
9614,galaxy_0064.png,3,4,0,clip_frozen
9615,galaxy_0064.png,4,4,0,clip_frozen
9616,galaxy_0064.png,4,4,0,clip_frozen
9617,galaxy_0065.png,1,4,0,clip_frozen
9618,galaxy_0065.png,1,4,0,clip_frozen
9619,galaxy_0065.png,2,4,0,clip_frozen
9653,galaxy_0074.png,3,1,0,clip_frozen
9654,galaxy_0074.png,3,1,0,clip_frozen
9655,galaxy_0074.png,1,2,0,clip_frozen
9656,galaxy_0074.png,3,0,0,clip_frozen
9657,galaxy_0074.png,1,0,0,clip_frozen
9658,galaxy_0074.png,1,0,0,clip_frozen
9699,galaxy_0084.png,1,4,0,clip_frozen
9700,galaxy_0084.png,4,3,0,clip_frozen
9701,galaxy_0084.png,4,4,0,clip_frozen
9702,galaxy_0084.png,4,4,0,clip_frozen
9703,galaxy_0084.png,4,4,0,clip_frozen
9704,galaxy_0084.png,2,3,0,clip_frozen
9705,galaxy_0084.png,1,3,0,clip_frozen
9706,galaxy_0084.png,1,3,0,clip_frozen
9707,galaxy_0084.png,0,3,0,clip_frozen
9708,galaxy_0084.png,1,3,0,clip_frozen
9709,galaxy_0084.png,1,3,0,clip_frozen
9710,galaxy_0084.png,1,3,0,clip_frozen
9711,galaxy_0084.png,2,3,0,clip_frozen
9717,galaxy_0087.png,3,1,0,clip_frozen
9718,galaxy_0087.png,4,0,0,clip_frozen
9719,galaxy_0087.png,2,1,0,clip_frozen
9720,galaxy_0087.png,3,1,0,clip_frozen
9721,galaxy_0087.png,2,0,0,clip_frozen
9737,galaxy_0090.png,0,4,0,clip_frozen
9738,galaxy_0090.png,1,4,0,clip_frozen
9739,galaxy_0090.png,1,4,0,clip_frozen
9740,galaxy_0090.png,1,4,0,clip_frozen
9741,galaxy_0090.png,4,4,0,clip_frozen
9742,galaxy_0090.png,2,4,0,clip_frozen
9743,galaxy_0090.png,1,4,0,clip_frozen
9744,galaxy_0090.png,2,4,0,clip_frozen
9759,galaxy_0092.png,4,1,0,clip_frozen
9760,galaxy_0092.png,3,1,0,clip_frozen
9812,iphone16_0003.png,0,1,0,clip_frozen
9813,iphone16_0003.png,2,4,0,clip_frozen
9814,iphone16_0003.png,2,1,0,clip_frozen
9815,iphone16_0003.png,4,1,0,clip_frozen
9816,iphone16_0003.png,4,0,0,clip_frozen
9835,iphone16_0006.png,4,0,0,clip_frozen
9836,iphone16_0006.png,4,0,0,clip_frozen
9837,iphone16_0006.png,4,0,0,clip_frozen
9838,iphone16_0006.png,3,0,0,clip_frozen
9839,iphone16_0007.png,1,0,0,clip_frozen
9840,iphone16_0007.png,1,0,0,clip_frozen
9841,iphone16_0007.png,4,0,0,clip_frozen
9842,iphone16_0007.png,0,0,0,clip_frozen
9843,iphone16_0007.png,0,0,0,clip_frozen
9900,iphone16_0026.png,1,0,0,clip_frozen
9901,iphone16_0026.png,4,0,0,clip_frozen
9902,iphone16_0026.png,2,0,0,clip_frozen
9903,iphone16_0026.png,2,1,0,clip_frozen
9904,iphone16_0026.png,4,0,0,clip_frozen
9955,iphone16_0043.png,0,0,0,clip_frozen
9956,iphone16_0043.png,0,0,0,clip_frozen
9957,iphone16_0043.png,0,0,0,clip_frozen
9958,iphone16_0043.png,1,0,0,clip_frozen
9959,iphone16_0043.png,0,0,0,clip_frozen
9964,iphone16_0047.png,4,0,0,clip_frozen
9965,iphone16_0047.png,4,0,0,clip_frozen
9966,iphone16_0047.png,3,0,0,clip_frozen
9967,iphone16_0047.png,2,4,0,clip_frozen
9968,iphone16_0047.png,3,0,0,clip_frozen
9969,iphone16_0047.png,2,0,0,clip_frozen
9970,iphone16_0047.png,2,0,0,clip_frozen
9971,iphone16_0047.png,3,0,0,clip_frozen
9972,iphone16_0047.png,4,0,0,clip_frozen
10007,iphone16_0057.png,4,0,0,clip_frozen
10008,iphone16_0057.png,0,0,0,clip_frozen
10009,iphone16_0057.png,0,0,0,clip_frozen
10010,iphone16_0057.png,0,0,0,clip_frozen
10011,iphone16_0057.png,0,0,0,clip_frozen
10012,iphone16_0057.png,4,0,0,clip_frozen
10013,iphone16_0057.png,4,0,0,clip_frozen
10014,iphone16_0057.png,4,0,0,clip_frozen
10015,iphone16_0057.png,2,0,0,clip_frozen
10016,iphone16_0057.png,4,0,0,clip_frozen
10017,iphone16_0057.png,1,0,0,clip_frozen
10018,iphone16_0057.png,4,0,0,clip_frozen
10028,iphone16_0059.png,0,0,0,clip_frozen
10029,iphone16_0059.png,4,0,0,clip_frozen
10030,iphone16_0059.png,3,0,0,clip_frozen
10031,iphone16_0059.png,1,0,0,clip_frozen
10032,iphone16_0059.png,0,0,0,clip_frozen
10055,iphone16_0066.png,4,0,0,clip_frozen
10056,iphone16_0066.png,4,0,0,clip_frozen
10057,iphone16_0066.png,1,4,0,clip_frozen
10058,iphone16_0066.png,2,0,0,clip_frozen
10059,iphone16_0066.png,2,0,0,clip_frozen
10060,iphone16_0067.png,0,0,0,clip_frozen
10061,iphone16_0067.png,0,0,0,clip_frozen
10062,iphone16_0067.png,0,0,0,clip_frozen
10063,iphone16_0067.png,0,0,0,clip_frozen
10064,iphone16_0067.png,4,0,0,clip_frozen
10073,iphone16_0072.png,4,0,0,clip_frozen
10074,iphone16_0072.png,1,0,0,clip_frozen
10075,iphone16_0072.png,4,0,0,clip_frozen
10076,iphone16_0072.png,0,0,0,clip_frozen
10234,iphone16_0094.png,4,0,0,clip_frozen
10235,iphone16_0094.png,4,0,0,clip_frozen
10236,iphone16_0094.png,4,0,0,clip_frozen
10237,iphone16_0094.png,4,0,0,clip_frozen
10238,iphone16_0094.png,2,0,0,clip_frozen
10239,iphone16_0094.png,3,0,0,clip_frozen
10240,iphone16_0094.png,2,0,0,clip_frozen
10241,iphone16_0094.png,1,0,0,clip_frozen
10282,healthstagram_0009.png,4,1,0,clip_frozen
10283,healthstagram_0009.png,4,1,0,clip_frozen
10284,healthstagram_0009.png,4,2,0,clip_frozen
10285,healthstagram_0009.png,3,1,0,clip_frozen
10286,healthstagram_0009.png,4,1,0,clip_frozen
10287,healthstagram_0009.png,3,1,0,clip_frozen
10288,healthstagram_0009.png,4,1,0,clip_frozen
10289,healthstagram_0009.png,1,1,0,clip_frozen
10290,healthstagram_0009.png,3,2,0,clip_frozen
10291,healthstagram_0009.png,1,1,0,clip_frozen
10414,healthstagram_0031.png,2,1,0,clip_frozen
10415,healthstagram_0031.png,2,1,0,clip_frozen
10416,healthstagram_0031.png,4,2,0,clip_frozen
10417,healthstagram_0031.png,4,1,0,clip_frozen
10418,healthstagram_0031.png,4,1,0,clip_frozen
10419,healthstagram_0031.png,1,1,0,clip_frozen
10420,healthstagram_0031.png,3,1,0,clip_frozen
10421,healthstagram_0035.png,4,0,0,clip_frozen
10422,healthstagram_0035.png,1,0,0,clip_frozen
10423,healthstagram_0035.png,0,0,0,clip_frozen
10424,healthstagram_0035.png,1,0,0,clip_frozen
10425,healthstagram_0035.png,4,1,0,clip_frozen
10426,healthstagram_0035.png,0,1,0,clip_frozen
10427,healthstagram_0035.png,1,2,0,clip_frozen
10428,healthstagram_0035.png,1,1,0,clip_frozen
10429,healthstagram_0035.png,4,2,0,clip_frozen
10430,healthstagram_0035.png,3,2,0,clip_frozen
10431,healthstagram_0035.png,2,0,0,clip_frozen
10432,healthstagram_0035.png,4,1,0,clip_frozen
10433,healthstagram_0035.png,4,0,0,clip_frozen
10434,healthstagram_0035.png,3,1,0,clip_frozen
10435,healthstagram_0035.png,4,1,0,clip_frozen
10471,healthstagram_0040.png,0,1,0,clip_frozen
10472,healthstagram_0040.png,3,1,0,clip_frozen
10473,healthstagram_0040.png,3,1,0,clip_frozen
10474,healthstagram_0040.png,2,0,0,clip_frozen
10475,healthstagram_0040.png,3,1,0,clip_frozen
10476,healthstagram_0040.png,2,1,0,clip_frozen
10477,healthstagram_0040.png,2,1,0,clip_frozen
10478,healthstagram_0040.png,4,2,0,clip_frozen
10479,healthstagram_0040.png,4,2,0,clip_frozen
10480,healthstagram_0040.png,4,1,0,clip_frozen
10481,healthstagram_0040.png,4,1,0,clip_frozen
10482,healthstagram_0040.png,3,0,0,clip_frozen
10483,healthstagram_0040.png,4,1,0,clip_frozen
10484,healthstagram_0040.png,4,0,0,clip_frozen
10485,healthstagram_0040.png,2,0,0,clip_frozen
10486,healthstagram_0040.png,1,0,0,clip_frozen
10487,healthstagram_0040.png,1,1,0,clip_frozen
10488,healthstagram_0040.png,1,1,0,clip_frozen
10489,healthstagram_0040.png,4,0,0,clip_frozen
10512,healthstagram_0049.png,1,0,0,clip_frozen
10532,healthstagram_0056.png,4,4,0,clip_frozen
10533,healthstagram_0056.png,4,2,0,clip_frozen
10534,healthstagram_0056.png,2,3,0,clip_frozen
10535,healthstagram_0056.png,4,1,0,clip_frozen
10536,healthstagram_0056.png,3,3,0,clip_frozen
10537,healthstagram_0056.png,0,0,0,clip_frozen
10538,healthstagram_0056.png,0,1,0,clip_frozen
10539,healthstagram_0056.png,1,1,0,clip_frozen
10540,healthstagram_0056.png,4,2,0,clip_frozen
10541,healthstagram_0056.png,4,2,0,clip_frozen
10542,healthstagram_0056.png,2,2,0,clip_frozen
10543,healthstagram_0056.png,3,0,0,clip_frozen
10544,healthstagram_0056.png,4,2,0,clip_frozen
10545,healthstagram_0056.png,2,2,0,clip_frozen
10546,healthstagram_0056.png,2,2,0,clip_frozen
10547,healthstagram_0056.png,3,0,0,clip_frozen
10548,healthstagram_0056.png,4,1,0,clip_frozen
10589,healthstagram_0064.png,4,1,0,clip_frozen
10590,healthstagram_0064.png,1,0,0,clip_frozen
10591,healthstagram_0064.png,2,0,0,clip_frozen
10592,healthstagram_0064.png,3,0,0,clip_frozen
10593,healthstagram_0064.png,3,2,0,clip_frozen
10620,healthstagram_0069.png,2,2,0,clip_frozen
10621,healthstagram_0073.png,4,1,0,clip_frozen
10622,healthstagram_0073.png,4,1,0,clip_frozen
10623,healthstagram_0073.png,4,2,0,clip_frozen
10624,healthstagram_0073.png,4,1,0,clip_frozen
10625,healthstagram_0073.png,4,2,0,clip_frozen
10626,healthstagram_0073.png,4,1,0,clip_frozen
10627,healthstagram_0073.png,2,1,0,clip_frozen
10628,healthstagram_0073.png,2,1,0,clip_frozen
10629,healthstagram_0073.png,2,1,0,clip_frozen
10630,healthstagram_0073.png,2,1,0,clip_frozen
10631,healthstagram_0073.png,1,1,0,clip_frozen
10632,healthstagram_0073.png,2,1,0,clip_frozen
10633,healthstagram_0073.png,4,1,0,clip_frozen
10634,healthstagram_0073.png,4,0,0,clip_frozen
10635,healthstagram_0073.png,3,0,0,clip_frozen
10641,healthstagram_0080.png,2,1,0,clip_frozen
10642,healthstagram_0080.png,4,1,0,clip_frozen
10643,healthstagram_0080.png,3,2,0,clip_frozen
10644,healthstagram_0080.png,4,1,0,clip_frozen
10645,healthstagram_0080.png,2,1,0,clip_frozen
10647,healthstagram_0083.png,1,0,0,clip_frozen
10679,healthstagram_0087.png,4,1,0,clip_frozen
10680,healthstagram_0087.png,3,1,0,clip_frozen
10681,healthstagram_0087.png,2,1,0,clip_frozen
10682,healthstagram_0087.png,2,2,0,clip_frozen
10683,healthstagram_0087.png,1,1,0,clip_frozen
10684,healthstagram_0087.png,2,2,0,clip_frozen
10685,healthstagram_0087.png,4,1,0,clip_frozen
10686,healthstagram_0087.png,1,1,0,clip_frozen
10687,healthstagram_0087.png,1,1,0,clip_frozen
10688,healthstagram_0087.png,4,2,0,clip_frozen
10689,healthstagram_0087.png,2,3,0,clip_frozen
10690,healthstagram_0087.png,2,3,0,clip_frozen
10778,healthstagram_0099.png,4,1,0,clip_frozen
10779,healthstagram_0099.png,1,1,0,clip_frozen
10780,healthstagram_0099.png,2,1,0,clip_frozen
10781,healthstagram_0099.png,0,1,0,clip_frozen
10782,healthstagram_0099.png,1,1,0,clip_frozen
10799,ounwan_0006.png,4,1,0,clip_frozen
10800,ounwan_0006.png,1,1,0,clip_frozen
10801,ounwan_0006.png,1,1,0,clip_frozen
10802,ounwan_0006.png,0,1,0,clip_frozen
10803,ounwan_0006.png,1,1,0,clip_frozen
10804,ounwan_0006.png,0,1,0,clip_frozen
10805,ounwan_0006.png,2,1,0,clip_frozen
10806,ounwan_0006.png,0,1,0,clip_frozen
10807,ounwan_0006.png,0,1,0,clip_frozen
10808,ounwan_0006.png,0,1,0,clip_frozen
10809,ounwan_0006.png,2,1,0,clip_frozen
10810,ounwan_0006.png,2,1,0,clip_frozen
10811,ounwan_0006.png,4,1,0,clip_frozen
10812,ounwan_0006.png,0,1,0,clip_frozen
10813,ounwan_0006.png,0,1,0,clip_frozen
10814,ounwan_0006.png,2,1,0,clip_frozen
10815,ounwan_0006.png,2,1,0,clip_frozen
10816,ounwan_0006.png,3,1,0,clip_frozen
10817,ounwan_0006.png,0,1,0,clip_frozen
10963,ounwan_0034.png,4,1,0,clip_frozen
10964,ounwan_0034.png,4,1,0,clip_frozen
10965,ounwan_0034.png,3,1,0,clip_frozen
10966,ounwan_0034.png,3,1,0,clip_frozen
10967,ounwan_0034.png,2,1,0,clip_frozen
11120,ounwan_0057.png,1,2,0,clip_frozen
11121,ounwan_0057.png,1,1,0,clip_frozen
11122,ounwan_0057.png,1,3,0,clip_frozen
11123,ounwan_0057.png,2,1,0,clip_frozen
11124,ounwan_0057.png,2,1,0,clip_frozen
11125,ounwan_0057.png,2,1,0,clip_frozen
11126,ounwan_0057.png,2,1,0,clip_frozen
11127,ounwan_0057.png,2,1,0,clip_frozen
11128,ounwan_0057.png,1,3,0,clip_frozen
11129,ounwan_0057.png,0,2,0,clip_frozen
11130,ounwan_0057.png,2,3,0,clip_frozen
11131,ounwan_0057.png,1,3,0,clip_frozen
11132,ounwan_0057.png,0,3,0,clip_frozen
11135,ounwan_0059.png,3,3,0,clip_frozen
11140,ounwan_0062.png,4,2,0,clip_frozen
11141,ounwan_0062.png,4,2,0,clip_frozen
11154,ounwan_0064.png,3,1,0,clip_frozen
11155,ounwan_0064.png,3,1,0,clip_frozen
11156,ounwan_0065.png,1,1,0,clip_frozen
11157,ounwan_0065.png,0,0,0,clip_frozen
11158,ounwan_0065.png,0,1,0,clip_frozen
11159,ounwan_0065.png,0,1,0,clip_frozen
11160,ounwan_0065.png,0,0,0,clip_frozen
11161,ounwan_0065.png,3,0,0,clip_frozen
11162,ounwan_0065.png,0,1,0,clip_frozen
11163,ounwan_0065.png,1,1,0,clip_frozen
11164,ounwan_0065.png,2,1,0,clip_frozen
11165,ounwan_0065.png,3,1,0,clip_frozen
11166,ounwan_0065.png,1,1,0,clip_frozen
11167,ounwan_0065.png,0,0,0,clip_frozen
11168,ounwan_0065.png,0,0,0,clip_frozen
11169,ounwan_0065.png,0,1,0,clip_frozen
11170,ounwan_0065.png,0,0,0,clip_frozen
11171,ounwan_0065.png,2,0,0,clip_frozen
11172,ounwan_0065.png,1,0,0,clip_frozen
11173,ounwan_0065.png,0,1,0,clip_frozen
11174,ounwan_0065.png,3,0,0,clip_frozen
11175,ounwan_0065.png,0,0,0,clip_frozen
11176,ounwan_0065.png,1,0,0,clip_frozen
11177,ounwan_0065.png,3,0,0,clip_frozen
11178,ounwan_0065.png,1,0,0,clip_frozen
11179,ounwan_0065.png,0,0,0,clip_frozen
11180,ounwan_0065.png,1,0,0,clip_frozen
11181,ounwan_0065.png,0,0,0,clip_frozen
11182,ounwan_0065.png,0,0,0,clip_frozen
11183,ounwan_0065.png,1,0,0,clip_frozen
11184,ounwan_0065.png,0,0,0,clip_frozen
11218,ounwan_0073.png,2,1,0,clip_frozen
11219,ounwan_0073.png,2,1,0,clip_frozen
11220,ounwan_0073.png,4,2,0,clip_frozen
11221,ounwan_0073.png,4,2,0,clip_frozen
11222,ounwan_0073.png,1,1,0,clip_frozen
11223,ounwan_0073.png,4,1,0,clip_frozen
11224,ounwan_0073.png,2,1,0,clip_frozen
11225,ounwan_0073.png,3,2,0,clip_frozen
11226,ounwan_0073.png,4,1,0,clip_frozen
11227,ounwan_0073.png,2,1,0,clip_frozen
11228,ounwan_0073.png,3,0,0,clip_frozen
11229,ounwan_0073.png,4,0,0,clip_frozen
11230,ounwan_0073.png,2,0,0,clip_frozen
11231,ounwan_0073.png,4,2,0,clip_frozen
11232,ounwan_0073.png,3,1,0,clip_frozen
11233,ounwan_0073.png,4,1,0,clip_frozen
11234,ounwan_0073.png,2,1,0,clip_frozen
11235,ounwan_0073.png,2,0,0,clip_frozen
11236,ounwan_0073.png,4,1,0,clip_frozen
11237,ounwan_0073.png,4,1,0,clip_frozen
11238,ounwan_0073.png,2,0,0,clip_frozen
11239,ounwan_0073.png,4,1,0,clip_frozen
11240,ounwan_0073.png,1,1,0,clip_frozen
11241,ounwan_0073.png,0,1,0,clip_frozen
11242,ounwan_0073.png,2,1,0,clip_frozen
11243,ounwan_0073.png,4,1,0,clip_frozen
11244,ounwan_0073.png,4,0,0,clip_frozen
11245,ounwan_0073.png,2,1,0,clip_frozen
11246,ounwan_0073.png,3,1,0,clip_frozen
11247,ounwan_0073.png,0,0,0,clip_frozen
11248,ounwan_0075.png,0,2,0,clip_frozen
11249,ounwan_0075.png,1,3,0,clip_frozen
11250,ounwan_0075.png,4,1,0,clip_frozen
11251,ounwan_0075.png,1,1,0,clip_frozen
11252,ounwan_0075.png,1,1,0,clip_frozen
11253,ounwan_0075.png,2,1,0,clip_frozen
11254,ounwan_0075.png,1,1,0,clip_frozen
11255,ounwan_0075.png,1,1,0,clip_frozen
11256,ounwan_0075.png,0,1,0,clip_frozen
11257,ounwan_0075.png,0,3,0,clip_frozen
11258,ounwan_0075.png,1,1,0,clip_frozen
11259,ounwan_0075.png,0,1,0,clip_frozen
11260,ounwan_0075.png,1,2,0,clip_frozen
11261,ounwan_0075.png,1,2,0,clip_frozen
11262,ounwan_0075.png,0,2,0,clip_frozen
11263,ounwan_0075.png,0,1,0,clip_frozen
11264,ounwan_0075.png,0,2,0,clip_frozen
11265,ounwan_0075.png,0,2,0,clip_frozen
11266,ounwan_0075.png,0,2,0,clip_frozen
11267,ounwan_0075.png,0,3,0,clip_frozen
11275,ounwan_0078.png,4,0,0,clip_frozen
11276,ounwan_0078.png,4,1,0,clip_frozen
11298,ounwan_0081.png,3,1,0,clip_frozen
11299,ounwan_0081.png,4,2,0,clip_frozen
11300,ounwan_0081.png,2,2,0,clip_frozen
11301,ounwan_0081.png,2,0,0,clip_frozen
11302,ounwan_0081.png,3,0,0,clip_frozen
11355,ounwan_0091.png,3,1,0,clip_frozen
11356,ounwan_0091.png,2,1,0,clip_frozen
11357,ounwan_0091.png,2,1,0,clip_frozen
11358,ounwan_0091.png,4,0,0,clip_frozen
11359,ounwan_0091.png,4,1,0,clip_frozen
11369,ounwan_0095.png,3,2,0,clip_frozen
11370,ounwan_0095.png,4,1,0,clip_frozen
11371,ounwan_0095.png,3,3,0,clip_frozen
11372,ounwan_0095.png,3,3,0,clip_frozen
11373,ounwan_0095.png,3,1,0,clip_frozen
11374,ounwan_0095.png,4,1,0,clip_frozen
11375,ounwan_0095.png,3,2,0,clip_frozen
11376,ounwan_0095.png,4,1,0,clip_frozen
11377,ounwan_0095.png,2,1,0,clip_frozen
11378,ounwan_0095.png,0,0,0,clip_frozen
11379,ounwan_0095.png,0,2,0,clip_frozen
11399,dietfood_0001.png,4,1,0,clip_frozen
11400,dietfood_0001.png,3,1,0,clip_frozen
11401,dietfood_0001.png,4,1,0,clip_frozen
11402,dietfood_0001.png,3,4,0,clip_frozen
11403,dietfood_0001.png,4,1,0,clip_frozen
11404,dietfood_0001.png,2,1,0,clip_frozen
11405,dietfood_0001.png,1,1,0,clip_frozen
11450,dietfood_0009.png,4,1,0,clip_frozen
11451,dietfood_0009.png,4,1,0,clip_frozen
11452,dietfood_0009.png,2,1,0,clip_frozen
11456,dietfood_0011.png,0,4,0,clip_frozen
11457,dietfood_0011.png,0,4,0,clip_frozen
11458,dietfood_0011.png,0,4,0,clip_frozen
11483,dietfood_0016.png,4,4,0,clip_frozen
11484,dietfood_0016.png,1,4,0,clip_frozen
11485,dietfood_0016.png,4,4,0,clip_frozen
11486,dietfood_0017.png,4,4,0,clip_frozen
11487,dietfood_0017.png,3,4,0,clip_frozen
11488,dietfood_0017.png,4,4,0,clip_frozen
11489,dietfood_0017.png,3,4,0,clip_frozen
11490,dietfood_0017.png,2,4,0,clip_frozen
11491,dietfood_0017.png,2,4,0,clip_frozen
11502,dietfood_0020.png,4,4,0,clip_frozen
11503,dietfood_0020.png,3,4,0,clip_frozen
11504,dietfood_0020.png,4,4,0,clip_frozen
11505,dietfood_0020.png,4,4,0,clip_frozen
11506,dietfood_0020.png,3,4,0,clip_frozen
11513,dietfood_0022.png,4,4,0,clip_frozen
11626,dietfood_0038.png,4,4,0,clip_frozen
11627,dietfood_0038.png,4,4,0,clip_frozen
11628,dietfood_0038.png,3,3,0,clip_frozen
11629,dietfood_0038.png,3,3,0,clip_frozen
11630,dietfood_0038.png,2,4,0,clip_frozen
11631,dietfood_0038.png,3,4,0,clip_frozen
11632,dietfood_0038.png,3,4,0,clip_frozen
11633,dietfood_0038.png,3,3,0,clip_frozen
11634,dietfood_0038.png,4,4,0,clip_frozen
11635,dietfood_0038.png,3,3,0,clip_frozen
11636,dietfood_0041.png,2,0,0,clip_frozen
11637,dietfood_0041.png,2,4,0,clip_frozen
11638,dietfood_0041.png,3,4,0,clip_frozen
11639,dietfood_0041.png,3,4,0,clip_frozen
11645,dietfood_0044.png,4,4,0,clip_frozen
11646,dietfood_0044.png,4,4,0,clip_frozen
11647,dietfood_0044.png,3,4,0,clip_frozen
11648,dietfood_0044.png,3,4,0,clip_frozen
11649,dietfood_0044.png,3,4,0,clip_frozen
11755,dietfood_0062.png,4,4,0,clip_frozen
11756,dietfood_0062.png,4,4,0,clip_frozen
11757,dietfood_0062.png,4,4,0,clip_frozen
11758,dietfood_0062.png,3,4,0,clip_frozen
11759,dietfood_0062.png,4,4,0,clip_frozen
11806,dietfood_0070.png,3,4,0,clip_frozen
11807,dietfood_0070.png,2,4,0,clip_frozen
11808,dietfood_0070.png,2,4,0,clip_frozen
11809,dietfood_0070.png,3,4,0,clip_frozen
11810,dietfood_0070.png,3,4,0,clip_frozen
11811,dietfood_0070.png,1,4,0,clip_frozen
11812,dietfood_0070.png,3,4,0,clip_frozen
11813,dietfood_0070.png,1,4,0,clip_frozen
11814,dietfood_0070.png,4,3,0,clip_frozen
11815,dietfood_0070.png,4,4,0,clip_frozen
11816,dietfood_0070.png,4,4,0,clip_frozen
11817,dietfood_0070.png,4,4,0,clip_frozen
11864,dietfood_0077.png,3,4,0,clip_frozen
11865,dietfood_0077.png,3,4,0,clip_frozen
11866,dietfood_0077.png,4,4,0,clip_frozen
11867,dietfood_0077.png,2,4,0,clip_frozen
11868,dietfood_0077.png,3,4,0,clip_frozen
11886,dietfood_0082.png,4,4,0,clip_frozen
11887,dietfood_0082.png,4,4,0,clip_frozen
11888,dietfood_0082.png,4,4,0,clip_frozen
11889,dietfood_0082.png,4,4,0,clip_frozen
11890,dietfood_0082.png,0,4,0,clip_frozen
11891,dietfood_0082.png,4,3,0,clip_frozen
11892,dietfood_0082.png,4,3,0,clip_frozen
11893,dietfood_0082.png,2,4,0,clip_frozen
11894,dietfood_0082.png,4,4,0,clip_frozen
11895,dietfood_0082.png,3,4,0,clip_frozen
11896,dietfood_0082.png,3,3,0,clip_frozen
11897,dietfood_0082.png,4,4,0,clip_frozen
11898,dietfood_0082.png,4,4,0,clip_frozen
11899,dietfood_0082.png,2,4,0,clip_frozen
11900,dietfood_0082.png,2,4,0,clip_frozen
11942,dietfood_0089.png,2,4,0,clip_frozen
11943,dietfood_0089.png,2,4,0,clip_frozen
11944,dietfood_0089.png,4,4,0,clip_frozen
11945,dietfood_0089.png,1,4,0,clip_frozen
11946,dietfood_0089.png,1,4,0,clip_frozen
11947,dietfood_0089.png,2,4,0,clip_frozen
11950,dietfood_0092.png,3,4,0,clip_frozen
11951,dietfood_0092.png,3,4,0,clip_frozen
11952,dietfood_0092.png,4,4,0,clip_frozen
11953,dietfood_0092.png,2,4,0,clip_frozen
11954,dietfood_0092.png,2,4,0,clip_frozen
15,ai_0005.png,4,4,1,clip_frozen
16,ai_0005.png,1,4,1,clip_frozen
17,ai_0005.png,0,4,1,clip_frozen
18,ai_0005.png,0,4,1,clip_frozen
19,ai_0005.png,0,4,1,clip_frozen
45,ai_0010.png,2,4,1,clip_frozen
46,ai_0010.png,4,4,1,clip_frozen
47,ai_0010.png,4,4,1,clip_frozen
48,ai_0010.png,3,1,1,clip_frozen
49,ai_0010.png,4,1,1,clip_frozen
50,ai_0010.png,4,4,1,clip_frozen
51,ai_0010.png,3,4,1,clip_frozen
52,ai_0010.png,2,3,1,clip_frozen
53,ai_0010.png,1,4,1,clip_frozen
54,ai_0010.png,3,1,1,clip_frozen
55,ai_0012.png,3,1,1,clip_frozen
56,ai_0012.png,3,1,1,clip_frozen
57,ai_0012.png,4,1,1,clip_frozen
58,ai_0012.png,1,1,1,clip_frozen
59,ai_0012.png,1,1,1,clip_frozen
60,ai_0012.png,0,1,1,clip_frozen
61,ai_0012.png,0,1,1,clip_frozen
62,ai_0012.png,1,1,1,clip_frozen
63,ai_0012.png,1,1,1,clip_frozen
64,ai_0012.png,1,1,1,clip_frozen
65,ai_0012.png,1,1,1,clip_frozen
66,ai_0012.png,0,1,1,clip_frozen
67,ai_0012.png,1,1,1,clip_frozen
68,ai_0012.png,1,1,1,clip_frozen
69,ai_0012.png,4,1,1,clip_frozen
70,ai_0012.png,4,1,1,clip_frozen
71,ai_0012.png,2,1,1,clip_frozen
72,ai_0012.png,2,1,1,clip_frozen
73,ai_0012.png,2,1,1,clip_frozen
74,ai_0012.png,4,1,1,clip_frozen
75,ai_0012.png,3,1,1,clip_frozen
76,ai_0012.png,2,1,1,clip_frozen
77,ai_0012.png,3,1,1,clip_frozen
121,ai_0016.png,4,1,1,clip_frozen
122,ai_0016.png,4,1,1,clip_frozen
123,ai_0016.png,4,4,1,clip_frozen
124,ai_0016.png,4,4,1,clip_frozen
125,ai_0016.png,4,1,1,clip_frozen
126,ai_0016.png,4,4,1,clip_frozen
127,ai_0016.png,4,3,1,clip_frozen
128,ai_0016.png,4,1,1,clip_frozen
129,ai_0016.png,4,1,1,clip_frozen
130,ai_0016.png,1,1,1,clip_frozen
131,ai_0016.png,2,1,1,clip_frozen
132,ai_0016.png,2,1,1,clip_frozen
133,ai_0016.png,4,1,1,clip_frozen
134,ai_0016.png,1,1,1,clip_frozen
135,ai_0016.png,0,3,1,clip_frozen
136,ai_0016.png,1,3,1,clip_frozen
137,ai_0016.png,2,4,1,clip_frozen
138,ai_0017.png,4,4,1,clip_frozen
139,ai_0017.png,3,4,1,clip_frozen
140,ai_0017.png,4,4,1,clip_frozen
141,ai_0017.png,4,4,1,clip_frozen
142,ai_0017.png,4,4,1,clip_frozen
143,ai_0017.png,3,4,1,clip_frozen
144,ai_0017.png,3,4,1,clip_frozen
145,ai_0017.png,2,4,1,clip_frozen
146,ai_0017.png,1,4,1,clip_frozen
147,ai_0017.png,1,4,1,clip_frozen
148,ai_0017.png,1,4,1,clip_frozen
149,ai_0017.png,1,4,1,clip_frozen
150,ai_0017.png,1,4,1,clip_frozen
151,ai_0017.png,1,4,1,clip_frozen
152,ai_0017.png,1,4,1,clip_frozen
153,ai_0017.png,1,4,1,clip_frozen
154,ai_0017.png,1,4,1,clip_frozen
155,ai_0017.png,1,4,1,clip_frozen
156,ai_0017.png,1,4,1,clip_frozen
257,domesticTravel_0005.png,3,1,1,clip_frozen
302,domesticTravel_0015.png,4,1,1,clip_frozen
303,domesticTravel_0015.png,1,1,1,clip_frozen
304,domesticTravel_0015.png,4,1,1,clip_frozen
305,domesticTravel_0015.png,3,1,1,clip_frozen
367,fall_0003.png,0,1,1,clip_frozen
368,fall_0003.png,0,1,1,clip_frozen
369,fall_0003.png,0,1,1,clip_frozen
370,fall_0003.png,0,1,1,clip_frozen
371,fall_0003.png,0,1,1,clip_frozen
372,fall_0003.png,0,1,1,clip_frozen
377,fall_0006.png,4,4,1,clip_frozen
488,fall_0015.png,4,4,1,clip_frozen
489,fall_0015.png,3,4,1,clip_frozen
490,fall_0015.png,3,4,1,clip_frozen
491,fall_0015.png,1,4,1,clip_frozen
492,fall_0015.png,2,4,1,clip_frozen
493,fall_0015.png,3,4,1,clip_frozen
494,fall_0015.png,3,4,1,clip_frozen
495,fall_0015.png,2,4,1,clip_frozen
496,fall_0015.png,4,4,1,clip_frozen
497,fall_0015.png,4,1,1,clip_frozen
521,fall_0021.png,3,4,1,clip_frozen
522,fall_0021.png,4,4,1,clip_frozen
523,fall_0021.png,3,4,1,clip_frozen
524,fall_0021.png,3,4,1,clip_frozen
525,fall_0021.png,2,1,1,clip_frozen
526,fall_0021.png,3,1,1,clip_frozen
527,fall_0021.png,3,4,1,clip_frozen
528,fall_0021.png,2,4,1,clip_frozen
529,fall_0021.png,2,1,1,clip_frozen
530,fall_0021.png,3,1,1,clip_frozen
531,fall_0021.png,4,4,1,clip_frozen
532,fall_0021.png,4,1,1,clip_frozen
533,fall_0021.png,4,4,1,clip_frozen
534,fall_0021.png,3,4,1,clip_frozen
535,fall_0021.png,4,1,1,clip_frozen
536,fall_0021.png,2,4,1,clip_frozen
559,fall_0023.png,4,1,1,clip_frozen
560,fall_0023.png,3,1,1,clip_frozen
561,fall_0023.png,3,1,1,clip_frozen
562,fall_0023.png,4,1,1,clip_frozen
563,fall_0023.png,4,1,1,clip_frozen
564,fall_0023.png,1,1,1,clip_frozen
565,fashion_0001.png,4,1,1,clip_frozen
566,fashion_0001.png,4,1,1,clip_frozen
726,movie_0004.png,1,1,1,clip_frozen
727,movie_0004.png,1,1,1,clip_frozen
728,movie_0004.png,1,1,1,clip_frozen
729,movie_0004.png,1,1,1,clip_frozen
730,movie_0004.png,4,1,1,clip_frozen
731,movie_0004.png,4,1,1,clip_frozen
732,movie_0004.png,4,1,1,clip_frozen
733,movie_0004.png,3,1,1,clip_frozen
734,movie_0004.png,1,1,1,clip_frozen
735,movie_0004.png,1,1,1,clip_frozen
736,movie_0004.png,4,1,1,clip_frozen
737,movie_0004.png,4,1,1,clip_frozen
738,movie_0004.png,2,1,1,clip_frozen
739,movie_0004.png,3,1,1,clip_frozen
740,movie_0004.png,2,1,1,clip_frozen
741,movie_0004.png,2,1,1,clip_frozen
742,movie_0004.png,1,1,1,clip_frozen
743,movie_0004.png,1,1,1,clip_frozen
744,movie_0004.png,4,1,1,clip_frozen
745,movie_0004.png,4,1,1,clip_frozen
746,movie_0004.png,1,1,1,clip_frozen
747,movie_0004.png,1,1,1,clip_frozen
748,movie_0004.png,1,1,1,clip_frozen
749,movie_0004.png,1,1,1,clip_frozen
750,movie_0004.png,4,1,1,clip_frozen
751,movie_0004.png,4,1,1,clip_frozen
752,movie_0004.png,0,1,1,clip_frozen
874,movie_0018.png,4,4,1,clip_frozen
875,movie_0018.png,4,4,1,clip_frozen
876,movie_0018.png,3,4,1,clip_frozen
962,olive_0007.png,4,4,1,clip_frozen
963,olive_0007.png,3,1,1,clip_frozen
964,olive_0007.png,3,1,1,clip_frozen
965,olive_0007.png,4,1,1,clip_frozen
966,olive_0007.png,4,1,1,clip_frozen
967,olive_0007.png,4,1,1,clip_frozen
968,olive_0007.png,1,1,1,clip_frozen
969,olive_0007.png,1,4,1,clip_frozen
970,olive_0007.png,1,1,1,clip_frozen
971,olive_0007.png,1,1,1,clip_frozen
972,olive_0007.png,4,1,1,clip_frozen
973,olive_0007.png,4,1,1,clip_frozen
974,olive_0007.png,4,1,1,clip_frozen
975,olive_0007.png,1,1,1,clip_frozen
976,olive_0007.png,1,1,1,clip_frozen
977,olive_0007.png,4,1,1,clip_frozen
978,olive_0007.png,3,1,1,clip_frozen
979,olive_0007.png,2,1,1,clip_frozen
980,olive_0007.png,2,1,1,clip_frozen
981,olive_0007.png,2,1,1,clip_frozen
982,olive_0007.png,2,1,1,clip_frozen
983,olive_0007.png,1,1,1,clip_frozen
984,olive_0007.png,1,4,1,clip_frozen
985,olive_0007.png,2,4,1,clip_frozen
986,olive_0007.png,1,1,1,clip_frozen
987,olive_0007.png,3,1,1,clip_frozen
988,olive_0010.png,1,4,1,clip_frozen
989,olive_0010.png,1,4,1,clip_frozen
990,olive_0010.png,2,4,1,clip_frozen
991,olive_0010.png,4,4,1,clip_frozen
992,olive_0010.png,3,4,1,clip_frozen
993,olive_0010.png,3,4,1,clip_frozen
994,olive_0010.png,1,4,1,clip_frozen
995,olive_0010.png,2,4,1,clip_frozen
996,olive_0010.png,3,4,1,clip_frozen
1037,olive_0014.png,4,1,1,clip_frozen
1069,olive_0020.png,4,4,1,clip_frozen
1070,olive_0020.png,4,4,1,clip_frozen
1071,olive_0020.png,4,4,1,clip_frozen
1072,olive_0020.png,4,4,1,clip_frozen
1073,olive_0020.png,4,4,1,clip_frozen
1074,olive_0020.png,4,4,1,clip_frozen
1075,olive_0020.png,3,4,1,clip_frozen
1076,olive_0020.png,3,4,1,clip_frozen
1077,olive_0020.png,2,4,1,clip_frozen
1078,olive_0020.png,2,4,1,clip_frozen
1079,olive_0020.png,2,4,1,clip_frozen
1080,olive_0020.png,2,4,1,clip_frozen
1081,olive_0020.png,1,4,1,clip_frozen
1082,olive_0020.png,1,4,1,clip_frozen
1083,olive_0020.png,2,4,1,clip_frozen
1084,olive_0020.png,3,4,1,clip_frozen
1085,olive_0020.png,3,4,1,clip_frozen
1086,olive_0020.png,4,4,1,clip_frozen
1087,olive_0020.png,4,4,1,clip_frozen
1088,olive_0020.png,2,4,1,clip_frozen
1089,olive_0020.png,2,4,1,clip_frozen
1090,olive_0020.png,1,4,1,clip_frozen
1091,olive_0020.png,4,4,1,clip_frozen
1092,olive_0020.png,4,4,1,clip_frozen
1093,olive_0020.png,2,1,1,clip_frozen
1094,olive_0020.png,3,4,1,clip_frozen
1095,olive_0020.png,3,4,1,clip_frozen
1096,olive_0020.png,3,1,1,clip_frozen
1112,restaurant_0001.png,4,1,1,clip_frozen
1113,restaurant_0001.png,3,1,1,clip_frozen
1114,restaurant_0001.png,3,1,1,clip_frozen
1115,restaurant_0001.png,3,1,1,clip_frozen
1116,restaurant_0001.png,2,1,1,clip_frozen
1117,restaurant_0001.png,2,1,1,clip_frozen
1118,restaurant_0001.png,2,1,1,clip_frozen
1119,restaurant_0001.png,1,1,1,clip_frozen
1120,restaurant_0001.png,1,1,1,clip_frozen
1121,restaurant_0001.png,2,1,1,clip_frozen
1122,restaurant_0001.png,4,1,1,clip_frozen
1123,restaurant_0001.png,4,1,1,clip_frozen
1124,restaurant_0001.png,4,1,1,clip_frozen
1125,restaurant_0001.png,4,1,1,clip_frozen
1126,restaurant_0001.png,2,1,1,clip_frozen
1127,restaurant_0001.png,2,1,1,clip_frozen
1128,restaurant_0001.png,1,1,1,clip_frozen
1129,restaurant_0001.png,1,1,1,clip_frozen
1130,restaurant_0001.png,4,1,1,clip_frozen
1131,restaurant_0001.png,2,1,1,clip_frozen
1132,restaurant_0001.png,4,1,1,clip_frozen
1133,restaurant_0002.png,3,1,1,clip_frozen
1134,restaurant_0002.png,4,1,1,clip_frozen
1135,restaurant_0002.png,4,4,1,clip_frozen
1136,restaurant_0002.png,4,1,1,clip_frozen
1137,restaurant_0002.png,3,1,1,clip_frozen
1138,restaurant_0002.png,4,1,1,clip_frozen
1139,restaurant_0002.png,4,1,1,clip_frozen
1140,restaurant_0002.png,3,4,1,clip_frozen
1141,restaurant_0002.png,4,1,1,clip_frozen
1142,restaurant_0002.png,4,1,1,clip_frozen
1143,restaurant_0002.png,4,1,1,clip_frozen
1207,restaurant_0015.png,4,1,1,clip_frozen
1242,restaurant_0018.png,3,1,1,clip_frozen
1243,restaurant_0018.png,3,1,1,clip_frozen
1244,restaurant_0018.png,1,1,1,clip_frozen
1245,restaurant_0018.png,3,1,1,clip_frozen
1246,restaurant_0018.png,1,1,1,clip_frozen
1247,restaurant_0018.png,1,1,1,clip_frozen
1248,restaurant_0018.png,1,1,1,clip_frozen
1249,restaurant_0018.png,1,1,1,clip_frozen
1250,restaurant_0018.png,0,1,1,clip_frozen
1251,restaurant_0018.png,0,1,1,clip_frozen
1252,restaurant_0018.png,0,1,1,clip_frozen
1253,restaurant_0018.png,0,1,1,clip_frozen
1254,restaurant_0018.png,0,1,1,clip_frozen
1255,restaurant_0018.png,1,1,1,clip_frozen
1256,restaurant_0018.png,0,1,1,clip_frozen
1257,restaurant_0018.png,0,1,1,clip_frozen
1258,restaurant_0018.png,1,1,1,clip_frozen
1259,restaurant_0018.png,0,1,1,clip_frozen
1260,restaurant_0018.png,0,1,1,clip_frozen
1261,restaurant_0018.png,2,1,1,clip_frozen
1262,restaurant_0018.png,1,1,1,clip_frozen
1263,restaurant_0018.png,2,1,1,clip_frozen
1264,restaurant_0018.png,4,1,1,clip_frozen
1265,restaurant_0018.png,4,1,1,clip_frozen
1266,restaurant_0018.png,3,3,1,clip_frozen
1267,restaurant_0018.png,4,1,1,clip_frozen
1293,restaurant_0021.png,1,1,1,clip_frozen
1294,restaurant_0021.png,1,1,1,clip_frozen
1295,restaurant_0021.png,2,1,1,clip_frozen
1296,restaurant_0021.png,2,4,1,clip_frozen
1297,restaurant_0021.png,0,1,1,clip_frozen
1298,restaurant_0021.png,3,1,1,clip_frozen
1299,restaurant_0021.png,2,1,1,clip_frozen
1300,restaurant_0021.png,4,1,1,clip_frozen
1301,restaurant_0021.png,0,3,1,clip_frozen
1302,restaurant_0021.png,2,1,1,clip_frozen
1303,restaurant_0021.png,0,1,1,clip_frozen
1304,restaurant_0021.png,0,1,1,clip_frozen
1305,restaurant_0021.png,1,1,1,clip_frozen
1306,restaurant_0021.png,4,1,1,clip_frozen
1307,restaurant_0021.png,2,1,1,clip_frozen
1308,restaurant_0021.png,2,1,1,clip_frozen
1309,restaurant_0021.png,1,1,1,clip_frozen
1310,restaurant_0021.png,3,1,1,clip_frozen
1311,restaurant_0021.png,0,1,1,clip_frozen
1312,restaurant_0021.png,1,4,1,clip_frozen
1313,restaurant_0021.png,0,4,1,clip_frozen
1314,restaurant_0021.png,0,1,1,clip_frozen
1315,restaurant_0021.png,3,1,1,clip_frozen
1316,restaurant_0021.png,0,4,1,clip_frozen
1317,restaurant_0021.png,1,4,1,clip_frozen
1318,restaurant_0021.png,4,1,1,clip_frozen
1319,restaurant_0022.png,4,4,1,clip_frozen
1320,restaurant_0022.png,1,3,1,clip_frozen
1321,restaurant_0022.png,1,3,1,clip_frozen
1322,restaurant_0022.png,4,3,1,clip_frozen
1323,restaurant_0022.png,3,4,1,clip_frozen
1324,restaurant_0022.png,3,3,1,clip_frozen
1325,restaurant_0023.png,4,1,1,clip_frozen
1326,restaurant_0023.png,3,1,1,clip_frozen
1327,restaurant_0023.png,4,1,1,clip_frozen
1328,restaurant_0023.png,3,1,1,clip_frozen
1329,restaurant_0023.png,2,1,1,clip_frozen
1330,restaurant_0023.png,3,1,1,clip_frozen
1331,restaurant_0023.png,1,1,1,clip_frozen
1332,restaurant_0023.png,2,1,1,clip_frozen
1333,restaurant_0023.png,1,1,1,clip_frozen
1334,restaurant_0023.png,4,1,1,clip_frozen
1335,restaurant_0023.png,3,1,1,clip_frozen
1336,restaurant_0023.png,1,1,1,clip_frozen
1337,restaurant_0023.png,1,1,1,clip_frozen
1338,restaurant_0023.png,1,1,1,clip_frozen
1339,restaurant_0023.png,1,1,1,clip_frozen
1340,restaurant_0023.png,1,1,1,clip_frozen
1341,restaurant_0023.png,0,1,1,clip_frozen
1342,zerokal_0001.png,4,4,1,clip_frozen
1343,zerokal_0001.png,3,4,1,clip_frozen
1344,zerokal_0001.png,3,4,1,clip_frozen
1345,zerokal_0001.png,2,4,1,clip_frozen
1356,zerokal_0004.png,3,1,1,clip_frozen
1357,zerokal_0004.png,2,1,1,clip_frozen
1358,zerokal_0004.png,4,1,1,clip_frozen
1359,zerokal_0004.png,3,1,1,clip_frozen
1360,zerokal_0004.png,2,1,1,clip_frozen
1361,zerokal_0004.png,3,1,1,clip_frozen
1362,zerokal_0004.png,4,1,1,clip_frozen
1363,zerokal_0004.png,2,1,1,clip_frozen
1364,zerokal_0004.png,2,1,1,clip_frozen
1365,zerokal_0004.png,3,1,1,clip_frozen
1366,zerokal_0004.png,2,1,1,clip_frozen
1367,zerokal_0004.png,2,1,1,clip_frozen
1368,zerokal_0004.png,2,1,1,clip_frozen
1369,zerokal_0004.png,3,1,1,clip_frozen
1370,zerokal_0004.png,4,1,1,clip_frozen
1371,zerokal_0004.png,1,1,1,clip_frozen
1372,zerokal_0004.png,2,1,1,clip_frozen
1373,zerokal_0004.png,4,1,1,clip_frozen
1374,zerokal_0004.png,3,1,1,clip_frozen
1375,zerokal_0004.png,1,1,1,clip_frozen
1376,zerokal_0004.png,3,1,1,clip_frozen
1377,zerokal_0004.png,4,1,1,clip_frozen
1378,zerokal_0004.png,4,1,1,clip_frozen
1379,zerokal_0004.png,2,1,1,clip_frozen
1452,zerokal_0013.png,0,4,1,clip_frozen
1453,zerokal_0013.png,4,4,1,clip_frozen
1454,zerokal_0013.png,4,4,1,clip_frozen
1455,zerokal_0013.png,1,4,1,clip_frozen
1456,zerokal_0013.png,1,4,1,clip_frozen
1457,zerokal_0013.png,1,4,1,clip_frozen
1458,zerokal_0013.png,0,4,1,clip_frozen
1459,zerokal_0013.png,0,4,1,clip_frozen
1460,zerokal_0013.png,4,4,1,clip_frozen
1461,zerokal_0013.png,4,4,1,clip_frozen
1462,zerokal_0014.png,4,4,1,clip_frozen
1463,zerokal_0014.png,4,4,1,clip_frozen
1464,zerokal_0014.png,4,4,1,clip_frozen
1465,zerokal_0014.png,3,3,1,clip_frozen
1466,zerokal_0014.png,4,4,1,clip_frozen
1467,zerokal_0014.png,3,4,1,clip_frozen
1468,zerokal_0015.png,3,1,1,clip_frozen
1469,zerokal_0015.png,3,1,1,clip_frozen
1470,zerokal_0015.png,4,1,1,clip_frozen
1471,zerokal_0015.png,4,1,1,clip_frozen
1472,zerokal_0015.png,4,1,1,clip_frozen
1473,zerokal_0015.png,2,1,1,clip_frozen
1474,zerokal_0015.png,1,1,1,clip_frozen
1475,zerokal_0015.png,2,1,1,clip_frozen
1476,zerokal_0015.png,1,1,1,clip_frozen
1477,zerokal_0015.png,3,1,1,clip_frozen
1478,zerokal_0015.png,3,1,1,clip_frozen
1479,zerokal_0015.png,3,1,1,clip_frozen
1480,zerokal_0015.png,1,1,1,clip_frozen
1481,zerokal_0015.png,1,1,1,clip_frozen
1482,zerokal_0017.png,0,4,1,clip_frozen
1483,zerokal_0017.png,4,4,1,clip_frozen
1484,zerokal_0017.png,4,4,1,clip_frozen
1485,zerokal_0017.png,1,4,1,clip_frozen
1486,zerokal_0017.png,1,4,1,clip_frozen
1487,zerokal_0017.png,1,4,1,clip_frozen
1488,zerokal_0017.png,0,4,1,clip_frozen
1489,zerokal_0017.png,1,4,1,clip_frozen
1490,zerokal_0017.png,3,4,1,clip_frozen
1491,zerokal_0017.png,4,4,1,clip_frozen
1513,travelgram_0001.png,1,1,1,clip_frozen
1514,travelgram_0001.png,2,1,1,clip_frozen
1515,travelgram_0001.png,3,1,1,clip_frozen
1516,travelgram_0001.png,4,1,1,clip_frozen
1517,travelgram_0001.png,2,1,1,clip_frozen
1525,travelgram_0012.png,2,1,1,clip_frozen
1526,travelgram_0012.png,1,1,1,clip_frozen
1527,travelgram_0012.png,3,1,1,clip_frozen
1528,travelgram_0012.png,4,3,1,clip_frozen
1529,travelgram_0012.png,2,1,1,clip_frozen
1530,travelgram_0012.png,2,1,1,clip_frozen
1531,travelgram_0012.png,1,1,1,clip_frozen
1532,travelgram_0012.png,4,1,1,clip_frozen
1533,travelgram_0012.png,0,1,1,clip_frozen
1534,travelgram_0012.png,2,1,1,clip_frozen
1535,travelgram_0012.png,4,1,1,clip_frozen
1536,travelgram_0012.png,1,1,1,clip_frozen
1537,travelgram_0012.png,1,1,1,clip_frozen
1538,travelgram_0012.png,1,1,1,clip_frozen
1539,travelgram_0012.png,1,1,1,clip_frozen
1540,travelgram_0012.png,1,1,1,clip_frozen
1541,travelgram_0012.png,1,1,1,clip_frozen
1542,travelgram_0012.png,1,1,1,clip_frozen
1543,travelgram_0012.png,1,1,1,clip_frozen
1544,travelgram_0012.png,0,1,1,clip_frozen
1545,travelgram_0012.png,2,1,1,clip_frozen
1546,travelgram_0012.png,2,1,1,clip_frozen
1547,travelgram_0012.png,3,1,1,clip_frozen
1548,travelgram_0012.png,3,1,1,clip_frozen
1549,travelgram_0013.png,4,1,1,clip_frozen
1550,travelgram_0013.png,4,1,1,clip_frozen
1551,travelgram_0013.png,3,1,1,clip_frozen
1552,travelgram_0013.png,1,1,1,clip_frozen
1553,travelgram_0013.png,2,1,1,clip_frozen
1554,travelgram_0016.png,4,1,1,clip_frozen
1555,travelgram_0016.png,2,1,1,clip_frozen
1556,travelgram_0016.png,1,1,1,clip_frozen
1557,travelgram_0016.png,4,1,1,clip_frozen
1558,travelgram_0016.png,3,1,1,clip_frozen
1559,travelgram_0016.png,2,1,1,clip_frozen
1560,travelgram_0016.png,0,1,1,clip_frozen
1561,travelgram_0016.png,4,1,1,clip_frozen
1562,travelgram_0016.png,3,1,1,clip_frozen
1563,travelgram_0016.png,4,1,1,clip_frozen
1564,travelgram_0016.png,4,1,1,clip_frozen
1565,travelgram_0016.png,4,1,1,clip_frozen
1566,travelgram_0016.png,4,1,1,clip_frozen
1567,travelgram_0016.png,1,1,1,clip_frozen
1568,travelgram_0016.png,4,1,1,clip_frozen
1569,travelgram_0016.png,4,1,1,clip_frozen
1570,travelgram_0016.png,4,1,1,clip_frozen
1571,travelgram_0016.png,3,1,1,clip_frozen
1572,travelgram_0016.png,4,1,1,clip_frozen
1573,travelgram_0016.png,4,1,1,clip_frozen
1574,travelgram_0016.png,4,1,1,clip_frozen
1575,travelgram_0016.png,3,1,1,clip_frozen
1576,travelgram_0016.png,1,1,1,clip_frozen
1577,travelgram_0016.png,1,1,1,clip_frozen
1583,travelgram_0021.png,4,1,1,clip_frozen
1584,travelgram_0021.png,4,1,1,clip_frozen
1585,travelgram_0021.png,4,1,1,clip_frozen
1586,travelgram_0021.png,4,1,1,clip_frozen
1587,travelgram_0021.png,2,1,1,clip_frozen
1588,travelgram_0021.png,3,1,1,clip_frozen
1589,travelgram_0021.png,1,1,1,clip_frozen
1590,travelgram_0021.png,3,1,1,clip_frozen
1591,travelgram_0021.png,1,1,1,clip_frozen
1592,travelgram_0021.png,2,1,1,clip_frozen
1593,travelgram_0021.png,1,1,1,clip_frozen
1594,travelgram_0021.png,3,1,1,clip_frozen
1595,travelgram_0021.png,4,1,1,clip_frozen
1596,travelgram_0021.png,4,1,1,clip_frozen
1597,travelgram_0021.png,4,1,1,clip_frozen
1598,travelgram_0021.png,4,1,1,clip_frozen
1599,travelgram_0021.png,3,1,1,clip_frozen
1600,travelgram_0021.png,3,1,1,clip_frozen
1601,travelgram_0021.png,1,1,1,clip_frozen
1602,travelgram_0021.png,0,1,1,clip_frozen
1603,travelgram_0021.png,2,1,1,clip_frozen
1604,travelgram_0021.png,1,1,1,clip_frozen
1605,travelgram_0021.png,1,1,1,clip_frozen
1606,travelgram_0021.png,1,1,1,clip_frozen
1607,travelgram_0021.png,1,1,1,clip_frozen
1608,travelgram_0021.png,0,1,1,clip_frozen
1609,travelgram_0021.png,1,1,1,clip_frozen
1610,travelgram_0021.png,4,1,1,clip_frozen
1611,travelgram_0021.png,3,1,1,clip_frozen
1612,travelgram_0021.png,4,1,1,clip_frozen
1682,travelgram_0050.png,3,1,1,clip_frozen
1683,travelgram_0050.png,3,1,1,clip_frozen
1684,travelgram_0050.png,2,1,1,clip_frozen
1685,travelgram_0050.png,4,1,1,clip_frozen
1686,travelgram_0050.png,1,1,1,clip_frozen
1700,travelgram_0056.png,3,1,1,clip_frozen
1701,travelgram_0056.png,3,1,1,clip_frozen
1702,travelgram_0056.png,4,1,1,clip_frozen
1703,travelgram_0056.png,4,1,1,clip_frozen
1704,travelgram_0056.png,3,1,1,clip_frozen
1705,travelgram_0056.png,4,1,1,clip_frozen
1706,travelgram_0056.png,3,1,1,clip_frozen
1707,travelgram_0056.png,4,1,1,clip_frozen
1708,travelgram_0056.png,4,1,1,clip_frozen
1709,travelgram_0056.png,4,1,1,clip_frozen
1710,travelgram_0056.png,4,1,1,clip_frozen
1711,travelgram_0056.png,4,1,1,clip_frozen
1712,travelgram_0056.png,4,1,1,clip_frozen
1713,travelgram_0056.png,4,1,1,clip_frozen
1714,travelgram_0056.png,4,1,1,clip_frozen
1715,travelgram_0056.png,3,1,1,clip_frozen
1716,travelgram_0056.png,4,1,1,clip_frozen
1717,travelgram_0056.png,2,1,1,clip_frozen
1718,travelgram_0056.png,4,1,1,clip_frozen
1719,travelgram_0056.png,3,1,1,clip_frozen
1720,travelgram_0056.png,3,1,1,clip_frozen
1721,travelgram_0056.png,3,1,1,clip_frozen
1722,travelgram_0056.png,3,1,1,clip_frozen
1723,travelgram_0056.png,2,1,1,clip_frozen
1724,travelgram_0056.png,4,1,1,clip_frozen
1725,travelgram_0056.png,4,1,1,clip_frozen
1726,travelgram_0056.png,4,1,1,clip_frozen
1727,travelgram_0056.png,4,1,1,clip_frozen
1728,travelgram_0056.png,4,1,1,clip_frozen
1729,travelgram_0056.png,4,1,1,clip_frozen
1730,travelgram_0057.png,0,1,1,clip_frozen
1731,travelgram_0057.png,1,1,1,clip_frozen
1741,travelgram_0065.png,0,1,1,clip_frozen
1742,travelgram_0067.png,3,1,1,clip_frozen
1743,travelgram_0067.png,4,1,1,clip_frozen
1746,travelgram_0069.png,4,1,1,clip_frozen
1747,travelgram_0069.png,4,1,1,clip_frozen
1748,travelgram_0069.png,1,1,1,clip_frozen
1749,travelgram_0069.png,0,1,1,clip_frozen
1750,travelgram_0069.png,1,1,1,clip_frozen
1772,travelgram_0075.png,4,4,1,clip_frozen
1773,travelgram_0075.png,4,4,1,clip_frozen
1774,travelgram_0075.png,4,4,1,clip_frozen
1775,travelgram_0075.png,3,4,1,clip_frozen
1776,travelgram_0075.png,4,4,1,clip_frozen
1777,travelgram_0075.png,4,4,1,clip_frozen
1817,travelgram_0083.png,3,1,1,clip_frozen
1857,travelgram_0096.png,3,1,1,clip_frozen
1858,travelgram_0096.png,3,1,1,clip_frozen
1859,travelgram_0096.png,4,1,1,clip_frozen
1860,travelgram_0096.png,3,1,1,clip_frozen
1861,travelgram_0096.png,4,1,1,clip_frozen
1862,travelgram_0097.png,1,1,1,clip_frozen
1863,travelgram_0097.png,2,1,1,clip_frozen
1864,travelgram_0097.png,1,1,1,clip_frozen
1865,travelgram_0097.png,0,1,1,clip_frozen
1866,travelgram_0097.png,2,1,1,clip_frozen
1874,solotravel_0001.png,1,1,1,clip_frozen
1875,solotravel_0001.png,4,1,1,clip_frozen
1876,solotravel_0001.png,4,1,1,clip_frozen
1877,solotravel_0001.png,2,1,1,clip_frozen
1878,solotravel_0002.png,4,1,1,clip_frozen
1879,solotravel_0002.png,2,1,1,clip_frozen
1880,solotravel_0002.png,4,1,1,clip_frozen
1904,solotravel_0010.png,1,1,1,clip_frozen
1941,solotravel_0027.png,4,4,1,clip_frozen
1942,solotravel_0027.png,4,4,1,clip_frozen
1943,solotravel_0027.png,2,4,1,clip_frozen
1944,solotravel_0027.png,1,4,1,clip_frozen
1945,solotravel_0027.png,3,4,1,clip_frozen
1948,solotravel_0031.png,4,1,1,clip_frozen
1949,solotravel_0031.png,3,1,1,clip_frozen
1950,solotravel_0031.png,2,1,1,clip_frozen
1951,solotravel_0031.png,4,1,1,clip_frozen
1952,solotravel_0031.png,3,1,1,clip_frozen
1953,solotravel_0031.png,2,1,1,clip_frozen
2052,solotravel_0049.png,4,3,1,clip_frozen
2053,solotravel_0049.png,0,3,1,clip_frozen
2054,solotravel_0049.png,1,3,1,clip_frozen
2055,solotravel_0049.png,3,3,1,clip_frozen
2056,solotravel_0049.png,4,3,1,clip_frozen
2057,solotravel_0050.png,1,1,1,clip_frozen
2083,solotravel_0061.png,1,4,1,clip_frozen
2084,solotravel_0061.png,0,4,1,clip_frozen
2085,solotravel_0061.png,0,1,1,clip_frozen
2086,solotravel_0061.png,0,3,1,clip_frozen
2087,solotravel_0061.png,3,3,1,clip_frozen
2088,solotravel_0061.png,3,4,1,clip_frozen
2089,solotravel_0061.png,2,4,1,clip_frozen
2090,solotravel_0061.png,1,1,1,clip_frozen
2091,solotravel_0061.png,2,3,1,clip_frozen
2092,solotravel_0061.png,2,3,1,clip_frozen
2093,solotravel_0061.png,2,1,1,clip_frozen
2094,solotravel_0061.png,0,1,1,clip_frozen
2095,solotravel_0061.png,0,1,1,clip_frozen
2116,solotravel_0066.png,3,4,1,clip_frozen
2117,solotravel_0066.png,3,4,1,clip_frozen
2118,solotravel_0066.png,4,4,1,clip_frozen
2119,solotravel_0066.png,2,4,1,clip_frozen
2120,solotravel_0066.png,2,4,1,clip_frozen
2165,solotravel_0075.png,4,4,1,clip_frozen
2166,solotravel_0075.png,4,4,1,clip_frozen
2167,solotravel_0075.png,4,4,1,clip_frozen
2168,solotravel_0075.png,3,4,1,clip_frozen
2169,solotravel_0075.png,4,4,1,clip_frozen
2170,solotravel_0075.png,3,4,1,clip_frozen
2171,solotravel_0075.png,3,3,1,clip_frozen
2172,solotravel_0075.png,1,4,1,clip_frozen
2173,solotravel_0075.png,3,4,1,clip_frozen
2174,solotravel_0075.png,2,4,1,clip_frozen
2175,solotravel_0075.png,2,4,1,clip_frozen
2189,solotravel_0081.png,4,4,1,clip_frozen
2190,solotravel_0081.png,4,4,1,clip_frozen
2191,solotravel_0081.png,2,4,1,clip_frozen
2192,solotravel_0081.png,3,4,1,clip_frozen
2193,solotravel_0081.png,2,4,1,clip_frozen
2231,solotravel_0091.png,3,4,1,clip_frozen
2232,solotravel_0091.png,4,4,1,clip_frozen
2233,solotravel_0091.png,4,4,1,clip_frozen
2234,solotravel_0091.png,2,4,1,clip_frozen
2235,solotravel_0091.png,2,4,1,clip_frozen
2244,solotravel_0099.png,4,4,1,clip_frozen
2245,solotravel_0099.png,3,4,1,clip_frozen
2246,solotravel_0099.png,4,4,1,clip_frozen
2247,solotravel_0099.png,4,4,1,clip_frozen
2248,solotravel_0099.png,1,1,1,clip_frozen
2258,travel_0003.png,4,4,1,clip_frozen
2259,travel_0003.png,4,4,1,clip_frozen
2260,travel_0003.png,2,4,1,clip_frozen
2261,travel_0003.png,2,4,1,clip_frozen
2262,travel_0003.png,1,4,1,clip_frozen
2335,travel_0022.png,4,1,1,clip_frozen
2336,travel_0022.png,3,1,1,clip_frozen
2337,travel_0022.png,3,1,1,clip_frozen
2338,travel_0022.png,3,1,1,clip_frozen
2339,travel_0022.png,2,1,1,clip_frozen
2340,travel_0022.png,1,1,1,clip_frozen
2341,travel_0022.png,1,1,1,clip_frozen
2342,travel_0022.png,1,1,1,clip_frozen
2343,travel_0022.png,3,1,1,clip_frozen
2344,travel_0022.png,1,1,1,clip_frozen
2345,travel_0022.png,0,1,1,clip_frozen
2346,travel_0022.png,2,1,1,clip_frozen
2347,travel_0022.png,2,1,1,clip_frozen
2348,travel_0022.png,2,1,1,clip_frozen
2349,travel_0022.png,2,1,1,clip_frozen
2374,travel_0033.png,0,1,1,clip_frozen
2375,travel_0033.png,1,1,1,clip_frozen
2376,travel_0033.png,1,1,1,clip_frozen
2407,travel_0046.png,3,4,1,clip_frozen
2408,travel_0046.png,3,3,1,clip_frozen
2409,travel_0046.png,4,4,1,clip_frozen
2410,travel_0046.png,4,4,1,clip_frozen
2411,travel_0046.png,4,4,1,clip_frozen
2412,travel_0046.png,0,4,1,clip_frozen
2413,travel_0046.png,2,4,1,clip_frozen
2414,travel_0046.png,3,4,1,clip_frozen
2415,travel_0046.png,1,4,1,clip_frozen
2425,travel_0049.png,2,1,1,clip_frozen
2426,travel_0049.png,1,1,1,clip_frozen
2427,travel_0049.png,4,1,1,clip_frozen
2428,travel_0049.png,4,1,1,clip_frozen
2429,travel_0049.png,3,1,1,clip_frozen
2430,travel_0049.png,1,1,1,clip_frozen
2431,travel_0049.png,4,1,1,clip_frozen
2432,travel_0049.png,4,1,1,clip_frozen
2433,travel_0049.png,4,1,1,clip_frozen
2434,travel_0049.png,3,1,1,clip_frozen
2435,travel_0049.png,4,1,1,clip_frozen
2473,travel_0057.png,1,1,1,clip_frozen
2474,travel_0057.png,4,1,1,clip_frozen
2475,travel_0057.png,3,1,1,clip_frozen
2476,travel_0057.png,1,1,1,clip_frozen
2477,travel_0057.png,1,1,1,clip_frozen
2483,travel_0059.png,4,4,1,clip_frozen
2484,travel_0059.png,3,4,1,clip_frozen
2485,travel_0059.png,3,4,1,clip_frozen
2512,travel_0062.png,4,4,1,clip_frozen
2513,travel_0062.png,4,4,1,clip_frozen
2514,travel_0062.png,4,4,1,clip_frozen
2515,travel_0062.png,4,4,1,clip_frozen
2516,travel_0062.png,2,4,1,clip_frozen
2537,travel_0073.png,4,4,1,clip_frozen
2577,travel_0077.png,1,1,1,clip_frozen
2578,travel_0077.png,2,1,1,clip_frozen
2635,travel_0093.png,3,1,1,clip_frozen
2636,travel_0093.png,4,1,1,clip_frozen
2637,travel_0093.png,1,1,1,clip_frozen
2638,travel_0093.png,1,1,1,clip_frozen
2639,travel_0093.png,1,1,1,clip_frozen
2640,travel_0093.png,1,1,1,clip_frozen
2641,travel_0093.png,1,1,1,clip_frozen
2642,travel_0093.png,1,1,1,clip_frozen
2643,travel_0093.png,1,1,1,clip_frozen
2644,travel_0093.png,4,1,1,clip_frozen
2645,travel_0093.png,2,1,1,clip_frozen
2650,foodstagram_0003.png,4,4,1,clip_frozen
2651,foodstagram_0003.png,4,4,1,clip_frozen
2652,foodstagram_0003.png,4,4,1,clip_frozen
2653,foodstagram_0003.png,2,4,1,clip_frozen
2657,foodstagram_0006.png,4,1,1,clip_frozen
2658,foodstagram_0006.png,4,1,1,clip_frozen
2697,foodstagram_0015.png,4,1,1,clip_frozen
2698,foodstagram_0015.png,4,1,1,clip_frozen
2699,foodstagram_0015.png,4,1,1,clip_frozen
2700,foodstagram_0015.png,4,1,1,clip_frozen
2701,foodstagram_0015.png,4,1,1,clip_frozen
2733,foodstagram_0020.png,1,1,1,clip_frozen
2734,foodstagram_0020.png,4,1,1,clip_frozen
2735,foodstagram_0020.png,1,1,1,clip_frozen
2736,foodstagram_0020.png,1,1,1,clip_frozen
2737,foodstagram_0020.png,2,1,1,clip_frozen
2738,foodstagram_0020.png,0,1,1,clip_frozen
2739,foodstagram_0020.png,1,1,1,clip_frozen
2740,foodstagram_0020.png,1,1,1,clip_frozen
2741,foodstagram_0020.png,1,1,1,clip_frozen
2742,foodstagram_0020.png,1,1,1,clip_frozen
2743,foodstagram_0020.png,1,1,1,clip_frozen
2744,foodstagram_0020.png,1,3,1,clip_frozen
2745,foodstagram_0020.png,1,1,1,clip_frozen
2746,foodstagram_0020.png,1,1,1,clip_frozen
2747,foodstagram_0020.png,1,1,1,clip_frozen
2748,foodstagram_0020.png,1,1,1,clip_frozen
2749,foodstagram_0020.png,1,1,1,clip_frozen
2750,foodstagram_0020.png,2,1,1,clip_frozen
2751,foodstagram_0020.png,2,1,1,clip_frozen
2752,foodstagram_0020.png,1,1,1,clip_frozen
2753,foodstagram_0020.png,0,1,1,clip_frozen
2754,foodstagram_0020.png,3,1,1,clip_frozen
2755,foodstagram_0020.png,3,1,1,clip_frozen
2756,foodstagram_0020.png,3,1,1,clip_frozen
2757,foodstagram_0020.png,3,1,1,clip_frozen
2758,foodstagram_0020.png,1,3,1,clip_frozen
2759,foodstagram_0020.png,1,1,1,clip_frozen
2760,foodstagram_0020.png,0,1,1,clip_frozen
2761,foodstagram_0020.png,1,1,1,clip_frozen
2762,foodstagram_0020.png,3,1,1,clip_frozen
2767,foodstagram_0022.png,4,4,1,clip_frozen
2771,foodstagram_0025.png,4,4,1,clip_frozen
2772,foodstagram_0025.png,1,1,1,clip_frozen
2773,foodstagram_0025.png,3,1,1,clip_frozen
2774,foodstagram_0025.png,4,1,1,clip_frozen
2866,foodstagram_0048.png,3,1,1,clip_frozen
2867,foodstagram_0048.png,4,1,1,clip_frozen
2868,foodstagram_0048.png,2,1,1,clip_frozen
2869,foodstagram_0048.png,2,1,1,clip_frozen
2870,foodstagram_0048.png,4,1,1,clip_frozen
2875,foodstagram_0051.png,1,3,1,clip_frozen
2876,foodstagram_0051.png,4,4,1,clip_frozen
2877,foodstagram_0051.png,4,4,1,clip_frozen
2878,foodstagram_0051.png,4,4,1,clip_frozen
2879,foodstagram_0051.png,3,3,1,clip_frozen
2880,foodstagram_0052.png,1,4,1,clip_frozen
2881,foodstagram_0052.png,4,4,1,clip_frozen
2894,foodstagram_0057.png,1,1,1,clip_frozen
2895,foodstagram_0057.png,1,4,1,clip_frozen
2896,foodstagram_0057.png,1,1,1,clip_frozen
2897,foodstagram_0057.png,0,1,1,clip_frozen
2898,foodstagram_0057.png,2,1,1,clip_frozen
2899,foodstagram_0057.png,2,4,1,clip_frozen
2900,foodstagram_0057.png,3,1,1,clip_frozen
2901,foodstagram_0057.png,3,1,1,clip_frozen
2902,foodstagram_0057.png,3,1,1,clip_frozen
2903,foodstagram_0057.png,3,1,1,clip_frozen
2904,foodstagram_0057.png,4,4,1,clip_frozen
2905,foodstagram_0057.png,3,3,1,clip_frozen
2906,foodstagram_0057.png,3,3,1,clip_frozen
2907,foodstagram_0057.png,1,4,1,clip_frozen
2908,foodstagram_0057.png,3,1,1,clip_frozen
2909,foodstagram_0057.png,3,1,1,clip_frozen
2910,foodstagram_0057.png,0,4,1,clip_frozen
2911,foodstagram_0057.png,0,4,1,clip_frozen
2912,foodstagram_0057.png,0,4,1,clip_frozen
2913,foodstagram_0057.png,0,1,1,clip_frozen
2914,foodstagram_0057.png,1,1,1,clip_frozen
2915,foodstagram_0057.png,1,1,1,clip_frozen
2916,foodstagram_0057.png,3,1,1,clip_frozen
2935,foodstagram_0062.png,4,1,1,clip_frozen
2936,foodstagram_0062.png,4,1,1,clip_frozen
2937,foodstagram_0062.png,3,1,1,clip_frozen
2938,foodstagram_0062.png,4,1,1,clip_frozen
2949,foodstagram_0065.png,4,1,1,clip_frozen
2950,foodstagram_0065.png,4,1,1,clip_frozen
2951,foodstagram_0065.png,2,1,1,clip_frozen
2952,foodstagram_0065.png,4,1,1,clip_frozen
2953,foodstagram_0065.png,4,1,1,clip_frozen
3020,foodstagram_0078.png,4,4,1,clip_frozen
3021,foodstagram_0078.png,3,3,1,clip_frozen
3022,foodstagram_0078.png,3,3,1,clip_frozen
3023,foodstagram_0078.png,1,4,1,clip_frozen
3024,foodstagram_0078.png,3,4,1,clip_frozen
3046,foodstagram_0088.png,4,4,1,clip_frozen
3047,foodstagram_0088.png,4,4,1,clip_frozen
3048,foodstagram_0088.png,4,4,1,clip_frozen
3049,foodstagram_0088.png,1,4,1,clip_frozen
3050,foodstagram_0088.png,4,3,1,clip_frozen
3062,foodstagram_0093.png,0,4,1,clip_frozen
3063,foodstagram_0093.png,4,1,1,clip_frozen
3064,foodstagram_0093.png,4,4,1,clip_frozen
3065,foodstagram_0093.png,1,4,1,clip_frozen
3066,foodstagram_0093.png,4,4,1,clip_frozen
3067,foodstagram_0093.png,3,4,1,clip_frozen
3068,foodstagram_0093.png,4,4,1,clip_frozen
3069,foodstagram_0093.png,2,1,1,clip_frozen
3070,foodstagram_0093.png,3,1,1,clip_frozen
3071,foodstagram_0093.png,4,1,1,clip_frozen
3072,foodstagram_0093.png,4,4,1,clip_frozen
3073,foodstagram_0093.png,3,4,1,clip_frozen
3074,foodstagram_0093.png,2,1,1,clip_frozen
3075,foodstagram_0093.png,1,1,1,clip_frozen
3076,foodstagram_0093.png,3,1,1,clip_frozen
3077,foodstagram_0093.png,4,1,1,clip_frozen
3078,foodstagram_0093.png,0,1,1,clip_frozen
3079,foodstagram_0093.png,0,4,1,clip_frozen
3080,foodstagram_0093.png,3,1,1,clip_frozen
3081,foodstagram_0093.png,2,1,1,clip_frozen
3082,foodstagram_0093.png,4,1,1,clip_frozen
3083,foodstagram_0093.png,3,4,1,clip_frozen
3084,foodstagram_0093.png,3,4,1,clip_frozen
3085,foodstagram_0093.png,3,1,1,clip_frozen
3086,foodstagram_0093.png,4,1,1,clip_frozen
3087,foodstagram_0093.png,2,4,1,clip_frozen
3088,foodstagram_0093.png,0,1,1,clip_frozen
3089,foodstagram_0093.png,0,1,1,clip_frozen
3090,foodstagram_0095.png,4,3,1,clip_frozen
3091,foodstagram_0095.png,4,3,1,clip_frozen
3092,foodstagram_0095.png,3,4,1,clip_frozen
3093,foodstagram_0095.png,4,3,1,clip_frozen
3094,foodstagram_0095.png,2,4,1,clip_frozen
3095,foodstagram_0095.png,3,3,1,clip_frozen
3096,foodstagram_0095.png,3,3,1,clip_frozen
3097,foodstagram_0095.png,3,3,1,clip_frozen
3098,foodstagram_0095.png,3,3,1,clip_frozen
3099,foodstagram_0095.png,4,4,1,clip_frozen
3100,foodstagram_0095.png,3,3,1,clip_frozen
3101,foodstagram_0095.png,2,4,1,clip_frozen
3102,foodstagram_0096.png,4,4,1,clip_frozen
3103,foodstagram_0096.png,0,4,1,clip_frozen
3104,foodstagram_0096.png,4,3,1,clip_frozen
3105,foodstagram_0096.png,3,4,1,clip_frozen
3106,foodstagram_0096.png,1,3,1,clip_frozen
3107,meokstagram_0003.png,4,1,1,clip_frozen
3108,meokstagram_0003.png,3,1,1,clip_frozen
3109,meokstagram_0003.png,3,1,1,clip_frozen
3110,meokstagram_0003.png,1,1,1,clip_frozen
3111,meokstagram_0003.png,3,1,1,clip_frozen
3112,meokstagram_0003.png,3,3,1,clip_frozen
3113,meokstagram_0003.png,4,3,1,clip_frozen
3114,meokstagram_0003.png,3,1,1,clip_frozen
3115,meokstagram_0003.png,1,3,1,clip_frozen
3135,meokstagram_0008.png,3,4,1,clip_frozen
3136,meokstagram_0008.png,3,4,1,clip_frozen
3137,meokstagram_0008.png,4,4,1,clip_frozen
3138,meokstagram_0008.png,4,1,1,clip_frozen
3139,meokstagram_0008.png,4,4,1,clip_frozen
3236,meokstagram_0022.png,4,1,1,clip_frozen
3237,meokstagram_0022.png,4,1,1,clip_frozen
3238,meokstagram_0022.png,4,1,1,clip_frozen
3239,meokstagram_0022.png,3,1,1,clip_frozen
3240,meokstagram_0022.png,2,1,1,clip_frozen
3241,meokstagram_0022.png,2,1,1,clip_frozen
3256,meokstagram_0031.png,1,1,1,clip_frozen
3257,meokstagram_0031.png,4,1,1,clip_frozen
3258,meokstagram_0031.png,3,4,1,clip_frozen
3259,meokstagram_0031.png,0,1,1,clip_frozen
3260,meokstagram_0031.png,2,1,1,clip_frozen
3394,meokstagram_0054.png,1,1,1,clip_frozen
3395,meokstagram_0054.png,0,1,1,clip_frozen
3396,meokstagram_0054.png,0,1,1,clip_frozen
3397,meokstagram_0054.png,1,1,1,clip_frozen
3398,meokstagram_0054.png,1,4,1,clip_frozen
3399,meokstagram_0055.png,2,4,1,clip_frozen
3400,meokstagram_0055.png,3,4,1,clip_frozen
3401,meokstagram_0055.png,3,4,1,clip_frozen
3402,meokstagram_0055.png,0,4,1,clip_frozen
3403,meokstagram_0055.png,0,4,1,clip_frozen
3404,meokstagram_0055.png,0,4,1,clip_frozen
3405,meokstagram_0055.png,0,4,1,clip_frozen
3406,meokstagram_0055.png,0,4,1,clip_frozen
3407,meokstagram_0055.png,0,4,1,clip_frozen
3408,meokstagram_0055.png,0,4,1,clip_frozen
3409,meokstagram_0055.png,0,4,1,clip_frozen
3410,meokstagram_0055.png,4,4,1,clip_frozen
3411,meokstagram_0055.png,3,4,1,clip_frozen
3412,meokstagram_0055.png,3,4,1,clip_frozen
3413,meokstagram_0055.png,1,4,1,clip_frozen
3414,meokstagram_0055.png,3,4,1,clip_frozen
3415,meokstagram_0055.png,3,4,1,clip_frozen
3416,meokstagram_0055.png,3,4,1,clip_frozen
3417,meokstagram_0055.png,2,4,1,clip_frozen
3418,meokstagram_0055.png,3,4,1,clip_frozen
3419,meokstagram_0055.png,3,4,1,clip_frozen
3420,meokstagram_0055.png,3,4,1,clip_frozen
3448,meokstagram_0060.png,3,4,1,clip_frozen
3449,meokstagram_0060.png,1,4,1,clip_frozen
3450,meokstagram_0060.png,3,4,1,clip_frozen
3451,meokstagram_0060.png,1,3,1,clip_frozen
3486,meokstagram_0070.png,4,4,1,clip_frozen
3487,meokstagram_0070.png,4,1,1,clip_frozen
3488,meokstagram_0070.png,4,4,1,clip_frozen
3489,meokstagram_0070.png,4,4,1,clip_frozen
3490,meokstagram_0070.png,3,1,1,clip_frozen
3491,meokstagram_0070.png,1,4,1,clip_frozen
3492,meokstagram_0070.png,1,4,1,clip_frozen
3553,meokstagram_0075.png,4,4,1,clip_frozen
3582,meokstagram_0089.png,1,4,1,clip_frozen
3583,meokstagram_0089.png,4,4,1,clip_frozen
3584,meokstagram_0089.png,3,4,1,clip_frozen
3597,meokstagram_0093.png,2,4,1,clip_frozen
3598,meokstagram_0093.png,1,4,1,clip_frozen
3599,meokstagram_0093.png,1,4,1,clip_frozen
3600,meokstagram_0093.png,1,4,1,clip_frozen
3601,meokstagram_0093.png,3,4,1,clip_frozen
3618,meokstagram_0098.png,0,4,1,clip_frozen
3619,meokstagram_0098.png,3,1,1,clip_frozen
3620,meokstagram_0098.png,3,4,1,clip_frozen
3621,meokstagram_0098.png,2,1,1,clip_frozen
3622,meokstagram_0098.png,4,1,1,clip_frozen
3699,jmt_0024.png,3,1,1,clip_frozen
3700,jmt_0024.png,4,1,1,clip_frozen
3701,jmt_0025.png,3,1,1,clip_frozen
3702,jmt_0025.png,4,1,1,clip_frozen
3708,jmt_0028.png,2,4,1,clip_frozen
3709,jmt_0028.png,4,4,1,clip_frozen
3710,jmt_0028.png,4,3,1,clip_frozen
3711,jmt_0028.png,0,4,1,clip_frozen
3712,jmt_0028.png,1,4,1,clip_frozen
3718,jmt_0032.png,4,3,1,clip_frozen
3719,jmt_0032.png,1,3,1,clip_frozen
3720,jmt_0032.png,2,3,1,clip_frozen
3721,jmt_0032.png,2,1,1,clip_frozen
3722,jmt_0033.png,4,1,1,clip_frozen
3723,jmt_0033.png,3,4,1,clip_frozen
3724,jmt_0033.png,2,1,1,clip_frozen
3725,jmt_0033.png,2,4,1,clip_frozen
3726,jmt_0033.png,3,4,1,clip_frozen
3746,jmt_0040.png,3,4,1,clip_frozen
3747,jmt_0040.png,3,4,1,clip_frozen
3748,jmt_0040.png,3,1,1,clip_frozen
3749,jmt_0040.png,1,1,1,clip_frozen
3750,jmt_0040.png,1,1,1,clip_frozen
3756,jmt_0042.png,4,1,1,clip_frozen
3757,jmt_0042.png,2,1,1,clip_frozen
3758,jmt_0042.png,1,1,1,clip_frozen
3759,jmt_0042.png,2,1,1,clip_frozen
3760,jmt_0042.png,4,1,1,clip_frozen
3766,jmt_0044.png,1,4,1,clip_frozen
3767,jmt_0044.png,4,4,1,clip_frozen
3768,jmt_0044.png,4,4,1,clip_frozen
3769,jmt_0044.png,4,4,1,clip_frozen
3770,jmt_0044.png,3,3,1,clip_frozen
3798,jmt_0059.png,4,1,1,clip_frozen
3809,jmt_0062.png,4,4,1,clip_frozen
3810,jmt_0062.png,4,4,1,clip_frozen
3811,jmt_0062.png,1,4,1,clip_frozen
3812,jmt_0062.png,0,4,1,clip_frozen
3813,jmt_0062.png,1,4,1,clip_frozen
3891,jmt_0083.png,4,1,1,clip_frozen
3892,jmt_0083.png,4,1,1,clip_frozen
3893,jmt_0083.png,4,4,1,clip_frozen
3894,jmt_0083.png,1,1,1,clip_frozen
3895,jmt_0083.png,0,1,1,clip_frozen
3920,jmt_0091.png,1,4,1,clip_frozen
3921,jmt_0091.png,4,3,1,clip_frozen
3922,jmt_0091.png,4,3,1,clip_frozen
3923,jmt_0091.png,3,3,1,clip_frozen
3924,jmt_0091.png,1,3,1,clip_frozen
3925,jmt_0092.png,0,1,1,clip_frozen
3926,jmt_0092.png,3,1,1,clip_frozen
3927,jmt_0092.png,1,1,1,clip_frozen
3928,jmt_0092.png,2,1,1,clip_frozen
3929,jmt_0092.png,3,1,1,clip_frozen
3941,jmt_0097.png,3,3,1,clip_frozen
3942,jmt_0097.png,3,4,1,clip_frozen
3943,jmt_0097.png,4,1,1,clip_frozen
3944,jmt_0097.png,3,1,1,clip_frozen
3945,jmt_0097.png,4,1,1,clip_frozen
4005,makeup_0020.png,2,1,1,clip_frozen
4006,makeup_0020.png,4,1,1,clip_frozen
4007,makeup_0023.png,1,1,1,clip_frozen
4008,makeup_0023.png,4,1,1,clip_frozen
4009,makeup_0023.png,4,1,1,clip_frozen
4010,makeup_0023.png,1,1,1,clip_frozen
4119,makeup_0040.png,1,1,1,clip_frozen
4120,makeup_0040.png,1,3,1,clip_frozen
4121,makeup_0040.png,4,3,1,clip_frozen
4122,makeup_0040.png,3,1,1,clip_frozen
4123,makeup_0040.png,4,1,1,clip_frozen
4124,makeup_0040.png,3,3,1,clip_frozen
4125,makeup_0040.png,3,3,1,clip_frozen
4126,makeup_0040.png,2,3,1,clip_frozen
4127,makeup_0040.png,2,1,1,clip_frozen
4158,makeup_0051.png,1,3,1,clip_frozen
4159,makeup_0051.png,4,3,1,clip_frozen
4160,makeup_0051.png,4,3,1,clip_frozen
4161,makeup_0051.png,4,3,1,clip_frozen
4162,makeup_0051.png,2,3,1,clip_frozen
4167,makeup_0054.png,4,1,1,clip_frozen
4168,makeup_0054.png,4,1,1,clip_frozen
4169,makeup_0054.png,4,4,1,clip_frozen
4170,makeup_0054.png,2,1,1,clip_frozen
4181,makeup_0058.png,4,1,1,clip_frozen
4182,makeup_0058.png,3,1,1,clip_frozen
4183,makeup_0058.png,3,1,1,clip_frozen
4184,makeup_0058.png,2,1,1,clip_frozen
4190,makeup_0061.png,3,4,1,clip_frozen
4191,makeup_0061.png,4,4,1,clip_frozen
4192,makeup_0061.png,4,4,1,clip_frozen
4193,makeup_0061.png,4,1,1,clip_frozen
4194,makeup_0061.png,1,4,1,clip_frozen
4210,makeup_0066.png,4,4,1,clip_frozen
4211,makeup_0066.png,2,4,1,clip_frozen
4212,makeup_0066.png,2,3,1,clip_frozen
4213,makeup_0066.png,3,4,1,clip_frozen
4214,makeup_0066.png,1,3,1,clip_frozen
4215,makeup_0067.png,4,1,1,clip_frozen
4216,makeup_0067.png,3,1,1,clip_frozen
4217,makeup_0067.png,4,1,1,clip_frozen
4218,makeup_0067.png,2,1,1,clip_frozen
4219,makeup_0067.png,3,1,1,clip_frozen
4260,makeup_0079.png,2,1,1,clip_frozen
4261,makeup_0079.png,3,1,1,clip_frozen
4262,makeup_0079.png,4,1,1,clip_frozen
4263,makeup_0079.png,4,1,1,clip_frozen
4264,makeup_0079.png,3,1,1,clip_frozen
4278,makeup_0082.png,4,3,1,clip_frozen
4279,makeup_0082.png,1,3,1,clip_frozen
4280,makeup_0082.png,4,3,1,clip_frozen
4281,makeup_0082.png,1,1,1,clip_frozen
4302,makeup_0085.png,0,1,1,clip_frozen
4303,makeup_0085.png,0,1,1,clip_frozen
4304,makeup_0085.png,0,1,1,clip_frozen
4305,makeup_0085.png,0,1,1,clip_frozen
4306,makeup_0085.png,4,1,1,clip_frozen
4307,makeup_0085.png,4,1,1,clip_frozen
4308,makeup_0085.png,3,1,1,clip_frozen
4309,makeup_0085.png,3,1,1,clip_frozen
4310,makeup_0085.png,4,1,1,clip_frozen
4353,dailymakeup_0005.png,3,1,1,clip_frozen
4354,dailymakeup_0005.png,3,1,1,clip_frozen
4355,dailymakeup_0005.png,3,1,1,clip_frozen
4422,dailymakeup_0021.png,3,1,1,clip_frozen
4423,dailymakeup_0021.png,3,1,1,clip_frozen
4424,dailymakeup_0021.png,3,1,1,clip_frozen
4425,dailymakeup_0021.png,1,1,1,clip_frozen
4426,dailymakeup_0021.png,0,1,1,clip_frozen
4434,dailymakeup_0024.png,2,1,1,clip_frozen
4435,dailymakeup_0024.png,4,1,1,clip_frozen
4436,dailymakeup_0024.png,3,1,1,clip_frozen
4437,dailymakeup_0024.png,2,1,1,clip_frozen
4438,dailymakeup_0024.png,3,1,1,clip_frozen
4444,dailymakeup_0026.png,2,1,1,clip_frozen
4445,dailymakeup_0026.png,3,1,1,clip_frozen
4446,dailymakeup_0026.png,4,1,1,clip_frozen
4447,dailymakeup_0026.png,3,1,1,clip_frozen
4448,dailymakeup_0026.png,1,1,1,clip_frozen
4449,dailymakeup_0026.png,2,1,1,clip_frozen
4450,dailymakeup_0026.png,2,1,1,clip_frozen
4451,dailymakeup_0026.png,2,1,1,clip_frozen
4475,dailymakeup_0029.png,4,1,1,clip_frozen
4515,dailymakeup_0035.png,4,1,1,clip_frozen
4516,dailymakeup_0035.png,3,1,1,clip_frozen
4517,dailymakeup_0035.png,3,1,1,clip_frozen
4518,dailymakeup_0035.png,3,1,1,clip_frozen
4519,dailymakeup_0035.png,4,1,1,clip_frozen
4520,dailymakeup_0036.png,4,1,1,clip_frozen
4637,dailymakeup_0055.png,4,3,1,clip_frozen
4638,dailymakeup_0055.png,3,3,1,clip_frozen
4639,dailymakeup_0055.png,1,1,1,clip_frozen
4640,dailymakeup_0055.png,1,3,1,clip_frozen
4670,dailymakeup_0064.png,1,1,1,clip_frozen
4671,dailymakeup_0065.png,3,1,1,clip_frozen
4672,dailymakeup_0065.png,3,1,1,clip_frozen
4673,dailymakeup_0065.png,3,1,1,clip_frozen
4690,dailymakeup_0069.png,2,1,1,clip_frozen
4691,dailymakeup_0069.png,1,1,1,clip_frozen
4692,dailymakeup_0069.png,1,1,1,clip_frozen
4693,dailymakeup_0069.png,1,1,1,clip_frozen
4694,dailymakeup_0069.png,2,1,1,clip_frozen
4695,dailymakeup_0069.png,1,1,1,clip_frozen
4696,dailymakeup_0069.png,1,1,1,clip_frozen
4697,dailymakeup_0069.png,2,1,1,clip_frozen
4698,dailymakeup_0069.png,2,1,1,clip_frozen
4699,dailymakeup_0069.png,1,1,1,clip_frozen
4738,dailymakeup_0081.png,4,3,1,clip_frozen
4739,dailymakeup_0081.png,3,3,1,clip_frozen
4740,dailymakeup_0081.png,3,3,1,clip_frozen
4741,dailymakeup_0081.png,3,3,1,clip_frozen
4747,dailymakeup_0083.png,4,1,1,clip_frozen
4765,dailymakeup_0089.png,1,1,1,clip_frozen
4766,dailymakeup_0089.png,2,1,1,clip_frozen
4767,dailymakeup_0089.png,4,1,1,clip_frozen
4768,dailymakeup_0089.png,0,1,1,clip_frozen
4769,dailymakeup_0089.png,3,1,1,clip_frozen
4790,dailymakeup_0093.png,4,1,1,clip_frozen
4791,dailymakeup_0094.png,2,1,1,clip_frozen
4792,dailymakeup_0094.png,4,1,1,clip_frozen
4798,dailymakeup_0097.png,1,1,1,clip_frozen
4799,dailymakeup_0097.png,1,1,1,clip_frozen
4800,dailymakeup_0097.png,1,1,1,clip_frozen
4801,dailymakeup_0097.png,2,1,1,clip_frozen
4802,dailymakeup_0097.png,1,1,1,clip_frozen
4844,kkuankku_0005.png,3,1,1,clip_frozen
4845,kkuankku_0005.png,4,1,1,clip_frozen
4846,kkuankku_0005.png,4,1,1,clip_frozen
4900,kkuankku_0018.png,4,1,1,clip_frozen
4901,kkuankku_0018.png,4,1,1,clip_frozen
4902,kkuankku_0018.png,3,1,1,clip_frozen
4903,kkuankku_0018.png,3,1,1,clip_frozen
4904,kkuankku_0018.png,2,1,1,clip_frozen
4905,kkuankku_0018.png,4,1,1,clip_frozen
4980,kkuankku_0043.png,2,3,1,clip_frozen
4981,kkuankku_0043.png,4,3,1,clip_frozen
4982,kkuankku_0043.png,3,1,1,clip_frozen
4983,kkuankku_0043.png,3,1,1,clip_frozen
4984,kkuankku_0047.png,4,1,1,clip_frozen
4985,kkuankku_0047.png,4,1,1,clip_frozen
4986,kkuankku_0047.png,3,1,1,clip_frozen
4987,kkuankku_0047.png,4,1,1,clip_frozen
4996,kkuankku_0054.png,4,4,1,clip_frozen
4997,kkuankku_0054.png,3,4,1,clip_frozen
4998,kkuankku_0054.png,3,4,1,clip_frozen
4999,kkuankku_0054.png,3,4,1,clip_frozen
5000,kkuankku_0054.png,2,4,1,clip_frozen
5046,kkuankku_0066.png,4,3,1,clip_frozen
5047,kkuankku_0066.png,4,3,1,clip_frozen
5048,kkuankku_0066.png,4,1,1,clip_frozen
5049,kkuankku_0066.png,4,1,1,clip_frozen
5050,kkuankku_0066.png,3,1,1,clip_frozen
5051,kkuankku_0066.png,4,1,1,clip_frozen
5052,kkuankku_0066.png,3,1,1,clip_frozen
5053,kkuankku_0066.png,4,1,1,clip_frozen
5054,kkuankku_0066.png,3,3,1,clip_frozen
5055,kkuankku_0066.png,4,3,1,clip_frozen
5056,kkuankku_0066.png,4,3,1,clip_frozen
5057,kkuankku_0066.png,2,3,1,clip_frozen
5058,kkuankku_0066.png,1,3,1,clip_frozen
5059,kkuankku_0066.png,4,1,1,clip_frozen
5060,kkuankku_0066.png,2,1,1,clip_frozen
5061,kkuankku_0066.png,4,3,1,clip_frozen
5062,kkuankku_0066.png,3,1,1,clip_frozen
5063,kkuankku_0066.png,4,1,1,clip_frozen
5064,kkuankku_0066.png,3,1,1,clip_frozen
5080,kkuankku_0078.png,4,1,1,clip_frozen
5081,kkuankku_0078.png,1,1,1,clip_frozen
5082,kkuankku_0078.png,2,1,1,clip_frozen
5095,kkuankku_0088.png,4,4,1,clip_frozen
5096,kkuankku_0088.png,4,3,1,clip_frozen
5097,kkuankku_0088.png,2,3,1,clip_frozen
5098,kkuankku_0088.png,3,1,1,clip_frozen
5099,kkuankku_0088.png,3,3,1,clip_frozen
5100,kkuankku_0088.png,3,3,1,clip_frozen
5101,kkuankku_0088.png,3,1,1,clip_frozen
5102,kkuankku_0088.png,4,3,1,clip_frozen
5103,kkuankku_0088.png,4,3,1,clip_frozen
5104,kkuankku_0088.png,4,1,1,clip_frozen
5136,kkuankku_0098.png,3,1,1,clip_frozen
5137,kkuankku_0098.png,3,4,1,clip_frozen
5138,kkuankku_0098.png,1,1,1,clip_frozen
5139,kkuankku_0098.png,4,1,1,clip_frozen
5140,kkuankku_0098.png,3,1,1,clip_frozen
5141,kkuankku_0098.png,1,4,1,clip_frozen
5142,kkuankku_0098.png,0,4,1,clip_frozen
5143,kkuankku_0098.png,1,4,1,clip_frozen
5144,kkuankku_0098.png,0,4,1,clip_frozen
5145,kkuankku_0098.png,2,4,1,clip_frozen
5146,kkuankku_0098.png,2,1,1,clip_frozen
5147,kkuankku_0098.png,0,4,1,clip_frozen
5148,kkuankku_0098.png,4,1,1,clip_frozen
5149,kkuankku_0098.png,2,4,1,clip_frozen
5150,kkuankku_0098.png,3,1,1,clip_frozen
5151,kkuankku_0098.png,3,3,1,clip_frozen
5204,dailylook_0004.png,4,1,1,clip_frozen
5205,dailylook_0004.png,4,1,1,clip_frozen
5206,dailylook_0004.png,3,1,1,clip_frozen
5207,dailylook_0004.png,4,1,1,clip_frozen
5226,dailylook_0009.png,3,4,1,clip_frozen
5227,dailylook_0009.png,3,4,1,clip_frozen
5228,dailylook_0009.png,4,4,1,clip_frozen
5229,dailylook_0009.png,4,4,1,clip_frozen
5230,dailylook_0009.png,3,4,1,clip_frozen
5231,dailylook_0009.png,3,4,1,clip_frozen
5232,dailylook_0009.png,3,4,1,clip_frozen
5233,dailylook_0009.png,2,4,1,clip_frozen
5234,dailylook_0009.png,3,4,1,clip_frozen
5264,dailylook_0014.png,4,1,1,clip_frozen
5265,dailylook_0014.png,1,1,1,clip_frozen
5266,dailylook_0014.png,3,3,1,clip_frozen
5267,dailylook_0014.png,3,1,1,clip_frozen
5268,dailylook_0014.png,3,3,1,clip_frozen
5269,dailylook_0015.png,3,1,1,clip_frozen
5270,dailylook_0015.png,3,1,1,clip_frozen
5271,dailylook_0015.png,3,1,1,clip_frozen
5272,dailylook_0015.png,1,1,1,clip_frozen
5273,dailylook_0015.png,3,1,1,clip_frozen
5297,dailylook_0021.png,3,3,1,clip_frozen
5298,dailylook_0021.png,3,1,1,clip_frozen
5299,dailylook_0021.png,3,3,1,clip_frozen
5300,dailylook_0021.png,2,1,1,clip_frozen
5301,dailylook_0021.png,2,1,1,clip_frozen
5334,dailylook_0041.png,1,1,1,clip_frozen
5335,dailylook_0041.png,4,1,1,clip_frozen
5336,dailylook_0041.png,4,1,1,clip_frozen
5337,dailylook_0041.png,4,1,1,clip_frozen
5338,dailylook_0041.png,3,3,1,clip_frozen
5357,dailylook_0045.png,3,1,1,clip_frozen
5358,dailylook_0045.png,3,1,1,clip_frozen
5359,dailylook_0045.png,3,1,1,clip_frozen
5360,dailylook_0045.png,3,1,1,clip_frozen
5361,dailylook_0045.png,3,1,1,clip_frozen
5395,dailylook_0050.png,4,1,1,clip_frozen
5396,dailylook_0050.png,4,1,1,clip_frozen
5397,dailylook_0050.png,3,1,1,clip_frozen
5398,dailylook_0050.png,4,1,1,clip_frozen
5399,dailylook_0050.png,4,1,1,clip_frozen
5400,dailylook_0050.png,3,1,1,clip_frozen
5418,dailylook_0057.png,4,1,1,clip_frozen
5419,dailylook_0057.png,4,1,1,clip_frozen
5420,dailylook_0057.png,4,1,1,clip_frozen
5421,dailylook_0057.png,2,1,1,clip_frozen
5422,dailylook_0057.png,2,1,1,clip_frozen
5423,dailylook_0057.png,4,1,1,clip_frozen
5424,dailylook_0057.png,4,1,1,clip_frozen
5425,dailylook_0057.png,3,1,1,clip_frozen
5489,dailylook_0081.png,4,1,1,clip_frozen
5490,dailylook_0081.png,3,1,1,clip_frozen
5491,dailylook_0081.png,3,1,1,clip_frozen
5492,dailylook_0081.png,4,1,1,clip_frozen
5493,dailylook_0081.png,3,1,1,clip_frozen
5604,ootd_0007.png,4,1,1,clip_frozen
5605,ootd_0007.png,2,1,1,clip_frozen
5712,ootd_0043.png,0,1,1,clip_frozen
5713,ootd_0043.png,3,1,1,clip_frozen
5714,ootd_0043.png,3,1,1,clip_frozen
5715,ootd_0043.png,2,1,1,clip_frozen
5716,ootd_0043.png,4,1,1,clip_frozen
5717,ootd_0043.png,3,1,1,clip_frozen
5718,ootd_0043.png,2,1,1,clip_frozen
5719,ootd_0043.png,2,1,1,clip_frozen
5720,ootd_0043.png,1,1,1,clip_frozen
5721,ootd_0043.png,1,1,1,clip_frozen
5722,ootd_0043.png,3,1,1,clip_frozen
5723,ootd_0043.png,4,1,1,clip_frozen
5724,ootd_0043.png,3,1,1,clip_frozen
5725,ootd_0043.png,0,1,1,clip_frozen
5726,ootd_0043.png,4,1,1,clip_frozen
5727,ootd_0043.png,1,1,1,clip_frozen
5728,ootd_0043.png,4,1,1,clip_frozen
5729,ootd_0043.png,0,1,1,clip_frozen
5730,ootd_0043.png,0,1,1,clip_frozen
5731,ootd_0043.png,3,1,1,clip_frozen
5732,ootd_0043.png,3,1,1,clip_frozen
5733,ootd_0043.png,4,1,1,clip_frozen
5734,ootd_0043.png,0,1,1,clip_frozen
5735,ootd_0043.png,0,1,1,clip_frozen
5736,ootd_0043.png,4,1,1,clip_frozen
5743,ootd_0046.png,0,1,1,clip_frozen
5744,ootd_0046.png,1,1,1,clip_frozen
5745,ootd_0046.png,2,1,1,clip_frozen
5746,ootd_0046.png,2,1,1,clip_frozen
5747,ootd_0046.png,3,1,1,clip_frozen
5748,ootd_0046.png,2,1,1,clip_frozen
5749,ootd_0046.png,3,1,1,clip_frozen
5750,ootd_0046.png,1,1,1,clip_frozen
5751,ootd_0046.png,3,1,1,clip_frozen
5752,ootd_0046.png,3,1,1,clip_frozen
5753,ootd_0046.png,3,1,1,clip_frozen
5780,ootd_0053.png,3,1,1,clip_frozen
5781,ootd_0053.png,3,1,1,clip_frozen
5782,ootd_0053.png,4,1,1,clip_frozen
5783,ootd_0053.png,3,1,1,clip_frozen
5784,ootd_0055.png,1,1,1,clip_frozen
5785,ootd_0055.png,3,1,1,clip_frozen
5786,ootd_0055.png,2,1,1,clip_frozen
5787,ootd_0055.png,3,1,1,clip_frozen
5788,ootd_0055.png,2,1,1,clip_frozen
5789,ootd_0055.png,3,1,1,clip_frozen
5790,ootd_0055.png,3,1,1,clip_frozen
5791,ootd_0055.png,1,1,1,clip_frozen
5835,ootd_0081.png,0,1,1,clip_frozen
5836,ootd_0081.png,3,1,1,clip_frozen
5837,ootd_0081.png,3,1,1,clip_frozen
5838,ootd_0081.png,3,1,1,clip_frozen
5839,ootd_0081.png,2,1,1,clip_frozen
5869,ootd_0087.png,3,1,1,clip_frozen
5870,ootd_0087.png,0,1,1,clip_frozen
5903,ootd_0096.png,4,1,1,clip_frozen
5904,ootd_0096.png,4,1,1,clip_frozen
5905,ootd_0096.png,4,1,1,clip_frozen
5906,ootd_0096.png,1,1,1,clip_frozen
5907,ootd_0096.png,1,1,1,clip_frozen
5908,ootd_0096.png,1,1,1,clip_frozen
5909,ootd_0096.png,2,1,1,clip_frozen
5910,ootd_0096.png,3,1,1,clip_frozen
5911,ootd_0096.png,3,1,1,clip_frozen
5912,ootd_0096.png,3,1,1,clip_frozen
5913,ootd_0096.png,3,1,1,clip_frozen
5914,ootd_0096.png,2,1,1,clip_frozen
5915,ootd_0096.png,3,1,1,clip_frozen
5964,fashionista_0026.png,0,1,1,clip_frozen
5965,fashionista_0026.png,0,1,1,clip_frozen
5966,fashionista_0026.png,0,1,1,clip_frozen
5967,fashionista_0026.png,0,1,1,clip_frozen
5968,fashionista_0026.png,3,1,1,clip_frozen
5983,fashionista_0029.png,4,1,1,clip_frozen
6172,fashionista_0060.png,2,1,1,clip_frozen
6173,fashionista_0060.png,2,1,1,clip_frozen
6174,fashionista_0060.png,4,1,1,clip_frozen
6175,fashionista_0060.png,4,1,1,clip_frozen
6176,fashionista_0060.png,2,1,1,clip_frozen
6177,fashionista_0060.png,4,1,1,clip_frozen
6178,fashionista_0060.png,4,1,1,clip_frozen
6179,fashionista_0060.png,2,1,1,clip_frozen
6180,fashionista_0060.png,2,1,1,clip_frozen
6181,fashionista_0060.png,0,1,1,clip_frozen
6182,fashionista_0060.png,0,1,1,clip_frozen
6183,fashionista_0060.png,1,1,1,clip_frozen
6184,fashionista_0060.png,2,1,1,clip_frozen
6185,fashionista_0060.png,0,1,1,clip_frozen
6186,fashionista_0060.png,3,1,1,clip_frozen
6187,fashionista_0060.png,0,1,1,clip_frozen
6188,fashionista_0060.png,0,1,1,clip_frozen
6189,fashionista_0060.png,0,1,1,clip_frozen
6190,fashionista_0060.png,0,1,1,clip_frozen
6191,fashionista_0060.png,0,1,1,clip_frozen
6192,fashionista_0060.png,0,1,1,clip_frozen
6193,fashionista_0060.png,0,1,1,clip_frozen
6194,fashionista_0060.png,0,1,1,clip_frozen
6195,fashionista_0060.png,0,1,1,clip_frozen
6196,fashionista_0060.png,0,1,1,clip_frozen
6197,fashionista_0060.png,0,1,1,clip_frozen
6198,fashionista_0060.png,0,1,1,clip_frozen
6199,fashionista_0060.png,0,1,1,clip_frozen
6290,fashionista_0082.png,1,1,1,clip_frozen
6291,fashionista_0082.png,0,1,1,clip_frozen
6292,fashionista_0082.png,0,1,1,clip_frozen
6293,fashionista_0082.png,0,1,1,clip_frozen
6294,fashionista_0082.png,0,1,1,clip_frozen
6295,fashionista_0082.png,0,1,1,clip_frozen
6296,fashionista_0082.png,1,1,1,clip_frozen
6297,fashionista_0082.png,0,1,1,clip_frozen
6298,fashionista_0082.png,1,1,1,clip_frozen
6299,fashionista_0082.png,0,1,1,clip_frozen
6300,fashionista_0082.png,1,1,1,clip_frozen
6301,fashionista_0082.png,2,1,1,clip_frozen
6302,fashionista_0082.png,2,1,1,clip_frozen
6303,fashionista_0082.png,3,1,1,clip_frozen
6304,fashionista_0082.png,0,1,1,clip_frozen
6305,fashionista_0082.png,2,1,1,clip_frozen
6306,fashionista_0082.png,0,1,1,clip_frozen
6307,fashionista_0082.png,4,1,1,clip_frozen
6308,fashionista_0082.png,0,1,1,clip_frozen
6309,fashionista_0082.png,0,1,1,clip_frozen
6310,fashionista_0082.png,4,1,1,clip_frozen
6311,fashionista_0082.png,0,1,1,clip_frozen
6312,fashionista_0082.png,4,1,1,clip_frozen
6438,fashionista_0100.png,0,1,1,clip_frozen
6439,fashionista_0100.png,3,1,1,clip_frozen
6440,fashionista_0100.png,0,1,1,clip_frozen
6441,fashionista_0100.png,1,1,1,clip_frozen
6442,fashionista_0100.png,2,1,1,clip_frozen
6443,fashionista_0100.png,1,1,1,clip_frozen
6444,fashionista_0100.png,1,1,1,clip_frozen
6445,fashionista_0100.png,3,1,1,clip_frozen
6446,fashionista_0100.png,3,1,1,clip_frozen
6447,fashionista_0100.png,3,1,1,clip_frozen
6448,fashionista_0100.png,0,1,1,clip_frozen
6449,fashionista_0100.png,3,1,1,clip_frozen
6450,fashionista_0100.png,1,1,1,clip_frozen
6451,fashionista_0100.png,0,1,1,clip_frozen
6452,fashionista_0100.png,3,1,1,clip_frozen
6453,fashionista_0100.png,0,1,1,clip_frozen
6454,fashionista_0100.png,0,1,1,clip_frozen
6455,fashionista_0100.png,0,1,1,clip_frozen
6456,fashionista_0100.png,0,1,1,clip_frozen
6457,fashionista_0100.png,0,1,1,clip_frozen
6458,fashionista_0100.png,0,1,1,clip_frozen
6459,fashionista_0100.png,0,1,1,clip_frozen
6460,fashionista_0100.png,0,1,1,clip_frozen
6461,fashionista_0100.png,0,1,1,clip_frozen
6462,fashionista_0100.png,0,1,1,clip_frozen
6466,neungsohwa_0006.png,4,1,1,clip_frozen
6467,neungsohwa_0006.png,4,1,1,clip_frozen
6468,neungsohwa_0006.png,1,1,1,clip_frozen
6469,neungsohwa_0006.png,1,1,1,clip_frozen
6470,neungsohwa_0007.png,4,1,1,clip_frozen
6471,neungsohwa_0007.png,1,1,1,clip_frozen
6472,neungsohwa_0007.png,3,1,1,clip_frozen
6473,neungsohwa_0007.png,4,1,1,clip_frozen
6474,neungsohwa_0007.png,4,1,1,clip_frozen
6475,neungsohwa_0007.png,3,1,1,clip_frozen
6476,neungsohwa_0007.png,2,1,1,clip_frozen
6477,neungsohwa_0007.png,4,1,1,clip_frozen
6478,neungsohwa_0007.png,3,1,1,clip_frozen
6479,neungsohwa_0007.png,0,1,1,clip_frozen
6480,neungsohwa_0007.png,2,1,1,clip_frozen
6481,neungsohwa_0007.png,3,1,1,clip_frozen
6482,neungsohwa_0007.png,0,1,1,clip_frozen
6483,neungsohwa_0007.png,1,1,1,clip_frozen
6484,neungsohwa_0007.png,0,1,1,clip_frozen
6485,neungsohwa_0007.png,0,1,1,clip_frozen
6486,neungsohwa_0007.png,2,1,1,clip_frozen
6487,neungsohwa_0007.png,0,1,1,clip_frozen
6488,neungsohwa_0007.png,1,1,1,clip_frozen
6489,neungsohwa_0007.png,2,1,1,clip_frozen
6490,neungsohwa_0007.png,2,1,1,clip_frozen
6491,neungsohwa_0007.png,3,1,1,clip_frozen
6492,neungsohwa_0007.png,3,1,1,clip_frozen
6493,neungsohwa_0008.png,3,1,1,clip_frozen
6494,neungsohwa_0008.png,4,1,1,clip_frozen
6495,neungsohwa_0008.png,3,1,1,clip_frozen
6496,neungsohwa_0008.png,1,1,1,clip_frozen
6497,neungsohwa_0008.png,1,1,1,clip_frozen
6498,neungsohwa_0008.png,4,1,1,clip_frozen
6499,neungsohwa_0008.png,2,1,1,clip_frozen
6500,neungsohwa_0008.png,4,1,1,clip_frozen
6501,neungsohwa_0008.png,3,1,1,clip_frozen
6502,neungsohwa_0008.png,3,1,1,clip_frozen
6503,neungsohwa_0008.png,3,1,1,clip_frozen
6504,neungsohwa_0008.png,2,1,1,clip_frozen
6505,neungsohwa_0008.png,4,1,1,clip_frozen
6506,neungsohwa_0008.png,4,1,1,clip_frozen
6510,neungsohwa_0011.png,4,1,1,clip_frozen
6511,neungsohwa_0011.png,1,1,1,clip_frozen
6520,neungsohwa_0015.png,1,1,1,clip_frozen
6521,neungsohwa_0015.png,4,1,1,clip_frozen
6597,neungsohwa_0035.png,3,1,1,clip_frozen
6598,neungsohwa_0035.png,4,1,1,clip_frozen
6628,neungsohwa_0047.png,0,1,1,clip_frozen
6629,neungsohwa_0047.png,0,1,1,clip_frozen
6707,neungsohwa_0068.png,1,1,1,clip_frozen
6708,neungsohwa_0068.png,1,1,1,clip_frozen
6709,neungsohwa_0068.png,1,1,1,clip_frozen
6714,neungsohwa_0074.png,4,1,1,clip_frozen
6715,neungsohwa_0074.png,4,1,1,clip_frozen
6716,neungsohwa_0074.png,4,1,1,clip_frozen
6717,neungsohwa_0074.png,0,1,1,clip_frozen
6718,neungsohwa_0074.png,0,1,1,clip_frozen
6731,neungsohwa_0079.png,0,4,1,clip_frozen
6732,neungsohwa_0079.png,0,4,1,clip_frozen
6733,neungsohwa_0079.png,1,4,1,clip_frozen
6734,neungsohwa_0079.png,3,1,1,clip_frozen
6735,neungsohwa_0079.png,0,4,1,clip_frozen
6742,neungsohwa_0083.png,1,1,1,clip_frozen
6743,neungsohwa_0083.png,4,1,1,clip_frozen
6744,neungsohwa_0083.png,1,1,1,clip_frozen
6745,neungsohwa_0083.png,1,1,1,clip_frozen
6746,neungsohwa_0084.png,4,1,1,clip_frozen
6747,neungsohwa_0084.png,4,1,1,clip_frozen
6748,neungsohwa_0084.png,1,1,1,clip_frozen
6754,neungsohwa_0086.png,4,1,1,clip_frozen
6755,neungsohwa_0086.png,4,1,1,clip_frozen
6756,neungsohwa_0086.png,4,1,1,clip_frozen
6757,neungsohwa_0086.png,3,1,1,clip_frozen
6758,neungsohwa_0086.png,2,1,1,clip_frozen
6773,neungsohwa_0091.png,3,4,1,clip_frozen
6774,neungsohwa_0091.png,1,4,1,clip_frozen
6775,neungsohwa_0091.png,4,4,1,clip_frozen
6776,neungsohwa_0091.png,2,4,1,clip_frozen
6777,neungsohwa_0091.png,3,4,1,clip_frozen
6783,neungsohwa_0095.png,3,1,1,clip_frozen
6784,neungsohwa_0095.png,4,1,1,clip_frozen
6785,neungsohwa_0095.png,0,1,1,clip_frozen
6786,neungsohwa_0095.png,0,1,1,clip_frozen
6787,neungsohwa_0095.png,0,1,1,clip_frozen
6788,neungsohwa_0095.png,0,1,1,clip_frozen
6789,neungsohwa_0095.png,0,1,1,clip_frozen
6790,neungsohwa_0095.png,0,1,1,clip_frozen
6791,neungsohwa_0096.png,0,1,1,clip_frozen
6792,neungsohwa_0096.png,1,1,1,clip_frozen
6793,neungsohwa_0096.png,3,1,1,clip_frozen
6798,neungsohwa_0099.png,1,1,1,clip_frozen
6799,neungsohwa_0099.png,3,1,1,clip_frozen
6800,neungsohwa_0099.png,4,1,1,clip_frozen
6801,neungsohwa_0099.png,2,1,1,clip_frozen
6855,danpung_0010.png,3,1,1,clip_frozen
6856,danpung_0010.png,4,1,1,clip_frozen
6857,danpung_0010.png,4,1,1,clip_frozen
6858,danpung_0010.png,3,1,1,clip_frozen
6859,danpung_0010.png,3,1,1,clip_frozen
6860,danpung_0011.png,4,1,1,clip_frozen
6861,danpung_0011.png,3,1,1,clip_frozen
6862,danpung_0011.png,3,1,1,clip_frozen
6916,danpung_0022.png,3,1,1,clip_frozen
6917,danpung_0022.png,0,1,1,clip_frozen
6918,danpung_0022.png,4,1,1,clip_frozen
6919,danpung_0023.png,4,1,1,clip_frozen
6920,danpung_0023.png,3,1,1,clip_frozen
6921,danpung_0023.png,4,1,1,clip_frozen
6922,danpung_0023.png,3,1,1,clip_frozen
6923,danpung_0023.png,4,1,1,clip_frozen
6924,danpung_0023.png,2,1,1,clip_frozen
6925,danpung_0023.png,4,1,1,clip_frozen
6926,danpung_0023.png,3,1,1,clip_frozen
6927,danpung_0023.png,4,1,1,clip_frozen
6928,danpung_0023.png,3,1,1,clip_frozen
6929,danpung_0023.png,2,1,1,clip_frozen
6930,danpung_0023.png,4,1,1,clip_frozen
6931,danpung_0023.png,1,1,1,clip_frozen
6932,danpung_0023.png,1,1,1,clip_frozen
6933,danpung_0023.png,2,1,1,clip_frozen
6934,danpung_0023.png,3,1,1,clip_frozen
6935,danpung_0023.png,2,1,1,clip_frozen
6936,danpung_0023.png,2,1,1,clip_frozen
6937,danpung_0024.png,4,1,1,clip_frozen
6938,danpung_0024.png,0,1,1,clip_frozen
6939,danpung_0024.png,3,1,1,clip_frozen
6940,danpung_0024.png,3,1,1,clip_frozen
6941,danpung_0024.png,3,1,1,clip_frozen
6942,danpung_0024.png,4,1,1,clip_frozen
6943,danpung_0024.png,4,1,1,clip_frozen
6944,danpung_0024.png,1,1,1,clip_frozen
6945,danpung_0024.png,4,1,1,clip_frozen
6981,danpung_0035.png,3,1,1,clip_frozen
6982,danpung_0035.png,4,1,1,clip_frozen
6983,danpung_0035.png,3,1,1,clip_frozen
6984,danpung_0035.png,2,1,1,clip_frozen
6985,danpung_0035.png,2,1,1,clip_frozen
6986,danpung_0035.png,3,1,1,clip_frozen
6987,danpung_0035.png,2,1,1,clip_frozen
7054,danpung_0046.png,4,4,1,clip_frozen
7055,danpung_0046.png,4,4,1,clip_frozen
7056,danpung_0046.png,4,4,1,clip_frozen
7057,danpung_0046.png,3,4,1,clip_frozen
7058,danpung_0046.png,1,4,1,clip_frozen
7059,danpung_0046.png,1,4,1,clip_frozen
7060,danpung_0046.png,1,4,1,clip_frozen
7074,danpung_0053.png,2,1,1,clip_frozen
7196,danpung_0073.png,4,1,1,clip_frozen
7197,danpung_0073.png,4,1,1,clip_frozen
7215,danpung_0079.png,4,4,1,clip_frozen
7216,danpung_0079.png,3,3,1,clip_frozen
7217,danpung_0079.png,3,4,1,clip_frozen
7218,danpung_0079.png,3,4,1,clip_frozen
7219,danpung_0079.png,3,4,1,clip_frozen
7220,danpung_0079.png,3,4,1,clip_frozen
7221,danpung_0079.png,4,4,1,clip_frozen
7222,danpung_0079.png,3,3,1,clip_frozen
7223,danpung_0079.png,3,4,1,clip_frozen
7224,danpung_0079.png,3,4,1,clip_frozen
7232,danpung_0083.png,4,4,1,clip_frozen
7233,danpung_0083.png,4,4,1,clip_frozen
7234,danpung_0083.png,4,4,1,clip_frozen
7235,danpung_0083.png,2,4,1,clip_frozen
7236,danpung_0083.png,3,4,1,clip_frozen
7237,danpung_0083.png,3,4,1,clip_frozen
7238,danpung_0083.png,4,4,1,clip_frozen
7253,danpung_0087.png,4,1,1,clip_frozen
7254,danpung_0087.png,4,1,1,clip_frozen
7255,danpung_0087.png,2,1,1,clip_frozen
7256,danpung_0087.png,3,1,1,clip_frozen
7257,danpung_0087.png,2,1,1,clip_frozen
7258,danpung_0087.png,0,1,1,clip_frozen
7272,danpung_0095.png,4,1,1,clip_frozen
7273,danpung_0095.png,0,1,1,clip_frozen
7274,danpung_0095.png,0,1,1,clip_frozen
7294,cherryblossom_0002.png,3,1,1,clip_frozen
7295,cherryblossom_0002.png,4,1,1,clip_frozen
7303,cherryblossom_0011.png,4,1,1,clip_frozen
7304,cherryblossom_0011.png,4,1,1,clip_frozen
7305,cherryblossom_0011.png,4,1,1,clip_frozen
7323,cherryblossom_0022.png,1,1,1,clip_frozen
7324,cherryblossom_0022.png,4,1,1,clip_frozen
7325,cherryblossom_0022.png,4,1,1,clip_frozen
7394,cherryblossom_0034.png,4,1,1,clip_frozen
7395,cherryblossom_0034.png,3,1,1,clip_frozen
7396,cherryblossom_0034.png,4,1,1,clip_frozen
7397,cherryblossom_0035.png,4,1,1,clip_frozen
7398,cherryblossom_0035.png,3,1,1,clip_frozen
7399,cherryblossom_0035.png,1,1,1,clip_frozen
7400,cherryblossom_0036.png,2,1,1,clip_frozen
7401,cherryblossom_0036.png,4,1,1,clip_frozen
7402,cherryblossom_0036.png,3,1,1,clip_frozen
7403,cherryblossom_0036.png,4,1,1,clip_frozen
7404,cherryblossom_0036.png,2,1,1,clip_frozen
7405,cherryblossom_0036.png,1,1,1,clip_frozen
7456,cherryblossom_0051.png,0,3,1,clip_frozen
7457,cherryblossom_0051.png,0,4,1,clip_frozen
7458,cherryblossom_0051.png,0,1,1,clip_frozen
7459,cherryblossom_0051.png,0,1,1,clip_frozen
7460,cherryblossom_0051.png,0,3,1,clip_frozen
7492,cherryblossom_0057.png,4,1,1,clip_frozen
7496,cherryblossom_0059.png,4,1,1,clip_frozen
7497,cherryblossom_0059.png,4,1,1,clip_frozen
7498,cherryblossom_0059.png,2,1,1,clip_frozen
7509,cherryblossom_0065.png,1,1,1,clip_frozen
7510,cherryblossom_0065.png,4,1,1,clip_frozen
7511,cherryblossom_0065.png,4,1,1,clip_frozen
7512,cherryblossom_0066.png,4,1,1,clip_frozen
7513,cherryblossom_0066.png,3,1,1,clip_frozen
7520,cherryblossom_0070.png,4,1,1,clip_frozen
7521,cherryblossom_0076.png,4,1,1,clip_frozen
7522,cherryblossom_0076.png,1,1,1,clip_frozen
7523,cherryblossom_0076.png,1,1,1,clip_frozen
7524,cherryblossom_0076.png,0,1,1,clip_frozen
7528,cherryblossom_0078.png,3,1,1,clip_frozen
7529,cherryblossom_0078.png,4,1,1,clip_frozen
7530,cherryblossom_0078.png,2,1,1,clip_frozen
7531,cherryblossom_0078.png,1,1,1,clip_frozen
7582,cherryblossom_0092.png,4,1,1,clip_frozen
7583,cherryblossom_0092.png,2,1,1,clip_frozen
7584,cherryblossom_0093.png,4,1,1,clip_frozen
7585,cherryblossom_0093.png,4,1,1,clip_frozen
7586,cherryblossom_0093.png,3,1,1,clip_frozen
7587,cherryblossom_0093.png,4,1,1,clip_frozen
7588,cherryblossom_0093.png,2,1,1,clip_frozen
7589,cherryblossom_0094.png,4,1,1,clip_frozen
7590,cherryblossom_0094.png,4,1,1,clip_frozen
7605,cherryblossom_0098.png,4,1,1,clip_frozen
7606,cherryblossom_0098.png,3,1,1,clip_frozen
7639,kpop_0003.png,4,1,1,clip_frozen
7640,kpop_0003.png,4,1,1,clip_frozen
7641,kpop_0003.png,3,1,1,clip_frozen
7642,kpop_0003.png,3,1,1,clip_frozen
7643,kpop_0003.png,4,3,1,clip_frozen
7644,kpop_0004.png,0,1,1,clip_frozen
7645,kpop_0004.png,0,1,1,clip_frozen
7646,kpop_0004.png,1,1,1,clip_frozen
7647,kpop_0004.png,3,1,1,clip_frozen
7652,kpop_0006.png,0,1,1,clip_frozen
7653,kpop_0006.png,0,1,1,clip_frozen
7654,kpop_0006.png,1,1,1,clip_frozen
7655,kpop_0006.png,4,1,1,clip_frozen
7656,kpop_0006.png,4,1,1,clip_frozen
7657,kpop_0007.png,4,1,1,clip_frozen
7658,kpop_0007.png,4,1,1,clip_frozen
7659,kpop_0007.png,4,1,1,clip_frozen
7660,kpop_0007.png,3,1,1,clip_frozen
7661,kpop_0007.png,2,1,1,clip_frozen
7662,kpop_0007.png,3,1,1,clip_frozen
7663,kpop_0007.png,4,1,1,clip_frozen
7664,kpop_0007.png,1,1,1,clip_frozen
7665,kpop_0007.png,2,1,1,clip_frozen
7666,kpop_0007.png,1,1,1,clip_frozen
7667,kpop_0007.png,1,1,1,clip_frozen
7668,kpop_0007.png,1,1,1,clip_frozen
7669,kpop_0007.png,1,1,1,clip_frozen
7735,kpop_0016.png,4,4,1,clip_frozen
7736,kpop_0016.png,3,4,1,clip_frozen
7737,kpop_0016.png,3,4,1,clip_frozen
7738,kpop_0016.png,2,4,1,clip_frozen
7739,kpop_0016.png,4,4,1,clip_frozen
7740,kpop_0017.png,4,1,1,clip_frozen
7741,kpop_0017.png,4,1,1,clip_frozen
7742,kpop_0017.png,2,1,1,clip_frozen
7743,kpop_0017.png,3,1,1,clip_frozen
7817,kpop_0030.png,4,4,1,clip_frozen
7818,kpop_0030.png,4,1,1,clip_frozen
7819,kpop_0030.png,4,1,1,clip_frozen
7820,kpop_0030.png,4,4,1,clip_frozen
7821,kpop_0030.png,3,1,1,clip_frozen
7822,kpop_0030.png,3,4,1,clip_frozen
7823,kpop_0030.png,3,1,1,clip_frozen
7824,kpop_0030.png,2,1,1,clip_frozen
7825,kpop_0030.png,0,4,1,clip_frozen
7826,kpop_0030.png,1,4,1,clip_frozen
7827,kpop_0030.png,2,4,1,clip_frozen
7828,kpop_0030.png,1,1,1,clip_frozen
7870,kpop_0036.png,4,1,1,clip_frozen
7871,kpop_0036.png,4,1,1,clip_frozen
7872,kpop_0036.png,3,1,1,clip_frozen
7873,kpop_0036.png,3,1,1,clip_frozen
7874,kpop_0036.png,3,1,1,clip_frozen
7966,kpop_0046.png,4,1,1,clip_frozen
7967,kpop_0046.png,4,1,1,clip_frozen
7968,kpop_0046.png,4,1,1,clip_frozen
7969,kpop_0046.png,4,1,1,clip_frozen
7970,kpop_0046.png,4,1,1,clip_frozen
7971,kpop_0046.png,3,1,1,clip_frozen
7972,kpop_0046.png,2,1,1,clip_frozen
7973,kpop_0046.png,3,1,1,clip_frozen
7974,kpop_0046.png,2,1,1,clip_frozen
7975,kpop_0046.png,2,1,1,clip_frozen
7976,kpop_0046.png,3,1,1,clip_frozen
8015,kpop_0051.png,4,1,1,clip_frozen
8016,kpop_0051.png,4,1,1,clip_frozen
8017,kpop_0051.png,4,1,1,clip_frozen
8018,kpop_0051.png,3,1,1,clip_frozen
8019,kpop_0051.png,0,1,1,clip_frozen
8020,kpop_0051.png,1,1,1,clip_frozen
8031,kpop_0055.png,4,1,1,clip_frozen
8032,kpop_0055.png,4,1,1,clip_frozen
8033,kpop_0055.png,4,1,1,clip_frozen
8034,kpop_0055.png,4,1,1,clip_frozen
8035,kpop_0055.png,3,1,1,clip_frozen
8036,kpop_0055.png,3,1,1,clip_frozen
8037,kpop_0055.png,2,1,1,clip_frozen
8038,kpop_0055.png,4,1,1,clip_frozen
8039,kpop_0055.png,3,1,1,clip_frozen
8040,kpop_0055.png,0,1,1,clip_frozen
8041,kpop_0055.png,1,1,1,clip_frozen
8042,kpop_0055.png,2,1,1,clip_frozen
8043,kpop_0055.png,1,1,1,clip_frozen
8044,kpop_0055.png,1,1,1,clip_frozen
8045,kpop_0055.png,1,1,1,clip_frozen
8046,kpop_0055.png,4,1,1,clip_frozen
8047,kpop_0055.png,4,1,1,clip_frozen
8070,kpop_0058.png,1,1,1,clip_frozen
8071,kpop_0058.png,1,1,1,clip_frozen
8072,kpop_0058.png,1,1,1,clip_frozen
8073,kpop_0058.png,1,1,1,clip_frozen
8112,kpop_0066.png,3,1,1,clip_frozen
8113,kpop_0066.png,2,1,1,clip_frozen
8114,kpop_0066.png,4,1,1,clip_frozen
8115,kpop_0066.png,4,1,1,clip_frozen
8116,kpop_0066.png,4,1,1,clip_frozen
8117,kpop_0066.png,4,1,1,clip_frozen
8118,kpop_0066.png,4,1,1,clip_frozen
8119,kpop_0066.png,4,1,1,clip_frozen
8120,kpop_0066.png,3,1,1,clip_frozen
8121,kpop_0066.png,3,1,1,clip_frozen
8122,kpop_0066.png,2,1,1,clip_frozen
8123,kpop_0066.png,3,1,1,clip_frozen
8124,kpop_0066.png,4,1,1,clip_frozen
8125,kpop_0066.png,2,1,1,clip_frozen
8126,kpop_0066.png,3,1,1,clip_frozen
8127,kpop_0066.png,3,1,1,clip_frozen
8128,kpop_0066.png,1,1,1,clip_frozen
8129,kpop_0066.png,1,1,1,clip_frozen
8130,kpop_0066.png,1,1,1,clip_frozen
8135,kpop_0068.png,0,1,1,clip_frozen
8136,kpop_0068.png,0,1,1,clip_frozen
8137,kpop_0068.png,0,1,1,clip_frozen
8138,kpop_0068.png,0,1,1,clip_frozen
8139,kpop_0068.png,1,1,1,clip_frozen
8179,kpop_0073.png,4,1,1,clip_frozen
8180,kpop_0073.png,1,1,1,clip_frozen
8181,kpop_0073.png,4,1,1,clip_frozen
8182,kpop_0073.png,3,1,1,clip_frozen
8183,kpop_0073.png,3,1,1,clip_frozen
8189,kpop_0075.png,4,1,1,clip_frozen
8190,kpop_0075.png,3,1,1,clip_frozen
8191,kpop_0075.png,2,4,1,clip_frozen
8192,kpop_0075.png,3,4,1,clip_frozen
8193,kpop_0075.png,1,4,1,clip_frozen
8276,kpop_0089.png,4,1,1,clip_frozen
8277,kpop_0089.png,4,1,1,clip_frozen
8278,kpop_0089.png,4,1,1,clip_frozen
8279,kpop_0089.png,2,1,1,clip_frozen
8280,kpop_0089.png,2,1,1,clip_frozen
8281,kpop_0089.png,3,1,1,clip_frozen
8282,kpop_0089.png,1,1,1,clip_frozen
8283,kpop_0090.png,4,1,1,clip_frozen
8284,kpop_0090.png,4,1,1,clip_frozen
8285,kpop_0090.png,3,1,1,clip_frozen
8286,kpop_0090.png,2,1,1,clip_frozen
8287,kpop_0090.png,4,1,1,clip_frozen
8288,kpop_0091.png,3,1,1,clip_frozen
8289,kpop_0091.png,2,1,1,clip_frozen
8290,kpop_0091.png,1,1,1,clip_frozen
8291,kpop_0091.png,4,1,1,clip_frozen
8292,kpop_0091.png,2,1,1,clip_frozen
8323,kpop_0097.png,4,1,1,clip_frozen
8324,kpop_0097.png,3,4,1,clip_frozen
8325,kpop_0097.png,4,1,1,clip_frozen
8326,kpop_0097.png,4,1,1,clip_frozen
8327,kpop_0097.png,4,1,1,clip_frozen
8328,kpop_0097.png,3,4,1,clip_frozen
8329,kpop_0097.png,4,1,1,clip_frozen
8330,kpop_0097.png,3,4,1,clip_frozen
8331,kpop_0097.png,3,1,1,clip_frozen
8332,kpop_0097.png,3,1,1,clip_frozen
8333,kpop_0097.png,3,1,1,clip_frozen
8334,kpop_0097.png,2,1,1,clip_frozen
8335,kpop_0097.png,3,1,1,clip_frozen
8336,kpop_0097.png,2,1,1,clip_frozen
8363,kpop_0099.png,4,1,1,clip_frozen
8364,kpop_0099.png,3,1,1,clip_frozen
8365,kpop_0099.png,3,1,1,clip_frozen
8366,kpop_0099.png,4,1,1,clip_frozen
8367,kpop_0099.png,4,1,1,clip_frozen
8368,kpop_0099.png,4,1,1,clip_frozen
8369,kpop_0099.png,4,1,1,clip_frozen
8370,kpop_0099.png,4,1,1,clip_frozen
8371,kpop_0099.png,4,1,1,clip_frozen
8372,kpop_0099.png,3,1,1,clip_frozen
8373,kpop_0099.png,2,1,1,clip_frozen
8374,kpop_0099.png,2,1,1,clip_frozen
8375,kpop_0099.png,4,1,1,clip_frozen
8376,kpop_0100.png,4,1,1,clip_frozen
8377,kpop_0100.png,4,1,1,clip_frozen
8378,kpop_0100.png,4,1,1,clip_frozen
8379,kpop_0100.png,4,1,1,clip_frozen
8380,kpop_0100.png,3,1,1,clip_frozen
8440,spotify_0020.png,2,3,1,clip_frozen
8441,spotify_0020.png,1,1,1,clip_frozen
8442,spotify_0020.png,2,3,1,clip_frozen
8443,spotify_0020.png,1,3,1,clip_frozen
8444,spotify_0020.png,3,3,1,clip_frozen
8445,spotify_0021.png,2,1,1,clip_frozen
8446,spotify_0021.png,1,1,1,clip_frozen
8447,spotify_0021.png,1,1,1,clip_frozen
8448,spotify_0021.png,1,1,1,clip_frozen
8449,spotify_0021.png,1,1,1,clip_frozen
8487,spotify_0041.png,1,1,1,clip_frozen
8488,spotify_0041.png,3,1,1,clip_frozen
8489,spotify_0041.png,2,4,1,clip_frozen
8490,spotify_0041.png,2,1,1,clip_frozen
8491,spotify_0041.png,2,1,1,clip_frozen
8517,spotify_0047.png,4,1,1,clip_frozen
8518,spotify_0047.png,3,1,1,clip_frozen
8519,spotify_0047.png,4,1,1,clip_frozen
8520,spotify_0047.png,4,1,1,clip_frozen
8524,spotify_0051.png,2,1,1,clip_frozen
8525,spotify_0051.png,1,1,1,clip_frozen
8526,spotify_0051.png,2,1,1,clip_frozen
8527,spotify_0051.png,1,1,1,clip_frozen
8528,spotify_0051.png,4,1,1,clip_frozen
8529,spotify_0052.png,4,4,1,clip_frozen
8530,spotify_0052.png,3,4,1,clip_frozen
8531,spotify_0052.png,2,4,1,clip_frozen
8532,spotify_0052.png,4,4,1,clip_frozen
8533,spotify_0052.png,1,4,1,clip_frozen
8563,spotify_0060.png,3,1,1,clip_frozen
8564,spotify_0060.png,3,1,1,clip_frozen
8565,spotify_0060.png,4,1,1,clip_frozen
8566,spotify_0060.png,4,1,1,clip_frozen
8584,spotify_0065.png,1,1,1,clip_frozen
8585,spotify_0065.png,1,1,1,clip_frozen
8586,spotify_0065.png,1,1,1,clip_frozen
8587,spotify_0065.png,0,1,1,clip_frozen
8598,spotify_0070.png,3,1,1,clip_frozen
8604,spotify_0073.png,2,1,1,clip_frozen
8605,spotify_0073.png,3,1,1,clip_frozen
8606,spotify_0073.png,1,1,1,clip_frozen
8607,spotify_0073.png,0,1,1,clip_frozen
8608,spotify_0074.png,0,1,1,clip_frozen
8609,spotify_0074.png,0,1,1,clip_frozen
8610,spotify_0074.png,2,1,1,clip_frozen
8611,spotify_0074.png,2,1,1,clip_frozen
8650,spotify_0094.png,4,1,1,clip_frozen
8651,spotify_0094.png,4,1,1,clip_frozen
8652,spotify_0094.png,1,1,1,clip_frozen
8653,spotify_0094.png,1,1,1,clip_frozen
8654,spotify_0094.png,1,4,1,clip_frozen
8685,netflix_0003.png,4,4,1,clip_frozen
8686,netflix_0003.png,4,1,1,clip_frozen
8687,netflix_0003.png,4,4,1,clip_frozen
8688,netflix_0003.png,2,4,1,clip_frozen
8689,netflix_0003.png,2,4,1,clip_frozen
8753,netflix_0020.png,1,4,1,clip_frozen
8754,netflix_0020.png,0,4,1,clip_frozen
8755,netflix_0020.png,1,4,1,clip_frozen
8756,netflix_0020.png,1,4,1,clip_frozen
8757,netflix_0020.png,0,4,1,clip_frozen
8758,netflix_0020.png,0,4,1,clip_frozen
8759,netflix_0020.png,0,4,1,clip_frozen
8760,netflix_0020.png,0,4,1,clip_frozen
8761,netflix_0020.png,0,4,1,clip_frozen
8762,netflix_0020.png,0,4,1,clip_frozen
8763,netflix_0020.png,1,4,1,clip_frozen
8764,netflix_0020.png,1,4,1,clip_frozen
8765,netflix_0020.png,2,4,1,clip_frozen
8766,netflix_0020.png,1,4,1,clip_frozen
8767,netflix_0020.png,1,4,1,clip_frozen
8768,netflix_0020.png,0,4,1,clip_frozen
8769,netflix_0020.png,0,4,1,clip_frozen
8770,netflix_0020.png,1,4,1,clip_frozen
8771,netflix_0020.png,0,4,1,clip_frozen
8831,netflix_0041.png,4,4,1,clip_frozen
8832,netflix_0041.png,4,4,1,clip_frozen
8833,netflix_0041.png,4,4,1,clip_frozen
8834,netflix_0041.png,4,4,1,clip_frozen
8835,netflix_0041.png,2,4,1,clip_frozen
8836,netflix_0041.png,2,4,1,clip_frozen
8837,netflix_0041.png,1,4,1,clip_frozen
8838,netflix_0041.png,1,4,1,clip_frozen
8839,netflix_0041.png,1,4,1,clip_frozen
8840,netflix_0041.png,1,4,1,clip_frozen
8841,netflix_0041.png,1,4,1,clip_frozen
8842,netflix_0041.png,1,4,1,clip_frozen
8843,netflix_0041.png,1,4,1,clip_frozen
8844,netflix_0041.png,0,4,1,clip_frozen
8845,netflix_0041.png,3,4,1,clip_frozen
8846,netflix_0041.png,4,4,1,clip_frozen
8847,netflix_0041.png,3,4,1,clip_frozen
8891,netflix_0053.png,4,4,1,clip_frozen
8892,netflix_0053.png,4,4,1,clip_frozen
8893,netflix_0053.png,3,4,1,clip_frozen
8894,netflix_0053.png,4,4,1,clip_frozen
8895,netflix_0053.png,1,4,1,clip_frozen
8896,netflix_0053.png,1,4,1,clip_frozen
8897,netflix_0053.png,1,4,1,clip_frozen
8898,netflix_0053.png,1,4,1,clip_frozen
8899,netflix_0053.png,1,4,1,clip_frozen
8900,netflix_0053.png,2,4,1,clip_frozen
8901,netflix_0053.png,1,4,1,clip_frozen
8902,netflix_0053.png,1,4,1,clip_frozen
8903,netflix_0053.png,4,4,1,clip_frozen
8909,netflix_0055.png,2,1,1,clip_frozen
8910,netflix_0055.png,1,1,1,clip_frozen
8911,netflix_0055.png,4,1,1,clip_frozen
8912,netflix_0055.png,4,1,1,clip_frozen
8913,netflix_0055.png,1,1,1,clip_frozen
8982,netflix_0076.png,4,4,1,clip_frozen
8983,netflix_0076.png,3,4,1,clip_frozen
8984,netflix_0076.png,4,4,1,clip_frozen
8985,netflix_0076.png,3,4,1,clip_frozen
8986,netflix_0076.png,2,4,1,clip_frozen
8992,netflix_0081.png,4,1,1,clip_frozen
8993,netflix_0081.png,1,1,1,clip_frozen
8994,netflix_0081.png,0,1,1,clip_frozen
8995,netflix_0081.png,2,1,1,clip_frozen
8996,netflix_0081.png,2,1,1,clip_frozen
8997,netflix_0083.png,4,1,1,clip_frozen
8998,netflix_0083.png,3,1,1,clip_frozen
9009,netflix_0089.png,1,1,1,clip_frozen
9010,netflix_0089.png,2,1,1,clip_frozen
9011,netflix_0089.png,1,1,1,clip_frozen
9012,netflix_0089.png,1,1,1,clip_frozen
9013,netflix_0089.png,0,1,1,clip_frozen
9062,apple_0001.png,1,1,1,clip_frozen
9063,apple_0001.png,3,1,1,clip_frozen
9064,apple_0001.png,1,1,1,clip_frozen
9065,apple_0001.png,0,1,1,clip_frozen
9066,apple_0001.png,1,1,1,clip_frozen
9118,apple_0012.png,4,4,1,clip_frozen
9119,apple_0012.png,4,4,1,clip_frozen
9120,apple_0012.png,4,4,1,clip_frozen
9164,apple_0033.png,4,4,1,clip_frozen
9165,apple_0033.png,4,4,1,clip_frozen
9166,apple_0033.png,4,4,1,clip_frozen
9167,apple_0033.png,4,4,1,clip_frozen
9168,apple_0033.png,4,4,1,clip_frozen
9204,apple_0046.png,4,4,1,clip_frozen
9205,apple_0046.png,4,4,1,clip_frozen
9206,apple_0046.png,1,4,1,clip_frozen
9207,apple_0046.png,3,4,1,clip_frozen
9256,apple_0065.png,4,1,1,clip_frozen
9257,apple_0065.png,4,1,1,clip_frozen
9258,apple_0065.png,3,1,1,clip_frozen
9278,apple_0074.png,4,4,1,clip_frozen
9279,apple_0074.png,3,4,1,clip_frozen
9280,apple_0074.png,4,4,1,clip_frozen
9281,apple_0074.png,3,4,1,clip_frozen
9282,apple_0074.png,1,4,1,clip_frozen
9330,apple_0093.png,1,4,1,clip_frozen
9331,apple_0093.png,1,4,1,clip_frozen
9332,apple_0093.png,4,4,1,clip_frozen
9333,apple_0093.png,4,4,1,clip_frozen
9334,apple_0093.png,4,4,1,clip_frozen
9335,apple_0093.png,2,4,1,clip_frozen
9336,apple_0093.png,1,4,1,clip_frozen
9374,galaxy_0006.png,4,1,1,clip_frozen
9375,galaxy_0006.png,4,1,1,clip_frozen
9376,galaxy_0006.png,4,1,1,clip_frozen
9377,galaxy_0006.png,0,1,1,clip_frozen
9378,galaxy_0006.png,1,1,1,clip_frozen
9413,galaxy_0016.png,4,1,1,clip_frozen
9414,galaxy_0016.png,4,1,1,clip_frozen
9415,galaxy_0016.png,2,1,1,clip_frozen
9416,galaxy_0016.png,1,1,1,clip_frozen
9476,galaxy_0027.png,1,1,1,clip_frozen
9477,galaxy_0027.png,4,1,1,clip_frozen
9478,galaxy_0027.png,3,1,1,clip_frozen
9479,galaxy_0027.png,4,1,1,clip_frozen
9480,galaxy_0027.png,2,1,1,clip_frozen
9481,galaxy_0027.png,1,1,1,clip_frozen
9482,galaxy_0027.png,1,1,1,clip_frozen
9483,galaxy_0027.png,1,1,1,clip_frozen
9484,galaxy_0027.png,3,1,1,clip_frozen
9485,galaxy_0027.png,2,1,1,clip_frozen
9486,galaxy_0027.png,4,1,1,clip_frozen
9503,galaxy_0031.png,0,1,1,clip_frozen
9504,galaxy_0031.png,1,1,1,clip_frozen
9505,galaxy_0031.png,1,1,1,clip_frozen
9506,galaxy_0031.png,4,1,1,clip_frozen
9507,galaxy_0031.png,2,1,1,clip_frozen
9508,galaxy_0031.png,2,1,1,clip_frozen
9509,galaxy_0031.png,4,1,1,clip_frozen
9510,galaxy_0031.png,4,1,1,clip_frozen
9511,galaxy_0031.png,4,1,1,clip_frozen
9512,galaxy_0031.png,4,1,1,clip_frozen
9513,galaxy_0031.png,3,1,1,clip_frozen
9514,galaxy_0031.png,4,1,1,clip_frozen
9515,galaxy_0031.png,2,1,1,clip_frozen
9516,galaxy_0031.png,2,1,1,clip_frozen
9517,galaxy_0031.png,2,1,1,clip_frozen
9518,galaxy_0031.png,0,1,1,clip_frozen
9519,galaxy_0031.png,0,1,1,clip_frozen
9520,galaxy_0031.png,3,1,1,clip_frozen
9521,galaxy_0032.png,3,1,1,clip_frozen
9522,galaxy_0032.png,1,1,1,clip_frozen
9523,galaxy_0032.png,4,1,1,clip_frozen
9524,galaxy_0032.png,4,1,1,clip_frozen
9525,galaxy_0033.png,4,1,1,clip_frozen
9526,galaxy_0033.png,4,1,1,clip_frozen
9527,galaxy_0033.png,3,1,1,clip_frozen
9528,galaxy_0033.png,4,1,1,clip_frozen
9529,galaxy_0033.png,4,1,1,clip_frozen
9530,galaxy_0034.png,4,4,1,clip_frozen
9531,galaxy_0034.png,4,4,1,clip_frozen
9534,galaxy_0036.png,0,1,1,clip_frozen
9535,galaxy_0036.png,1,1,1,clip_frozen
9536,galaxy_0036.png,1,1,1,clip_frozen
9537,galaxy_0036.png,0,1,1,clip_frozen
9538,galaxy_0036.png,0,1,1,clip_frozen
9539,galaxy_0036.png,1,1,1,clip_frozen
9625,galaxy_0067.png,3,1,1,clip_frozen
9626,galaxy_0067.png,1,1,1,clip_frozen
9627,galaxy_0067.png,4,1,1,clip_frozen
9628,galaxy_0067.png,4,1,1,clip_frozen
9675,galaxy_0079.png,3,1,1,clip_frozen
9676,galaxy_0079.png,4,1,1,clip_frozen
9677,galaxy_0079.png,1,4,1,clip_frozen
9678,galaxy_0079.png,4,1,1,clip_frozen
9694,galaxy_0082.png,4,4,1,clip_frozen
9883,iphone16_0019.png,1,1,1,clip_frozen
9894,iphone16_0023.png,3,1,1,clip_frozen
9905,iphone16_0028.png,4,1,1,clip_frozen
9906,iphone16_0028.png,4,1,1,clip_frozen
9907,iphone16_0028.png,4,1,1,clip_frozen
9908,iphone16_0028.png,4,1,1,clip_frozen
9932,iphone16_0037.png,4,1,1,clip_frozen
9939,iphone16_0041.png,0,1,1,clip_frozen
9940,iphone16_0041.png,0,1,1,clip_frozen
9941,iphone16_0041.png,1,1,1,clip_frozen
9942,iphone16_0041.png,1,1,1,clip_frozen
9943,iphone16_0041.png,1,1,1,clip_frozen
9944,iphone16_0041.png,1,1,1,clip_frozen
9945,iphone16_0041.png,1,1,1,clip_frozen
9946,iphone16_0041.png,1,1,1,clip_frozen
9947,iphone16_0041.png,0,1,1,clip_frozen
9948,iphone16_0041.png,1,1,1,clip_frozen
9949,iphone16_0042.png,4,1,1,clip_frozen
9950,iphone16_0042.png,4,1,1,clip_frozen
9951,iphone16_0042.png,1,1,1,clip_frozen
9952,iphone16_0042.png,1,1,1,clip_frozen
9953,iphone16_0042.png,3,1,1,clip_frozen
9954,iphone16_0042.png,4,1,1,clip_frozen
9993,iphone16_0053.png,4,1,1,clip_frozen
9994,iphone16_0053.png,2,1,1,clip_frozen
9995,iphone16_0053.png,3,1,1,clip_frozen
9996,iphone16_0053.png,4,1,1,clip_frozen
9997,iphone16_0053.png,2,4,1,clip_frozen
10033,iphone16_0060.png,1,1,1,clip_frozen
10034,iphone16_0060.png,0,1,1,clip_frozen
10035,iphone16_0060.png,3,1,1,clip_frozen
10036,iphone16_0060.png,0,1,1,clip_frozen
10037,iphone16_0060.png,2,1,1,clip_frozen
10065,iphone16_0069.png,4,1,1,clip_frozen
10066,iphone16_0069.png,4,1,1,clip_frozen
10067,iphone16_0069.png,4,1,1,clip_frozen
10068,iphone16_0069.png,4,1,1,clip_frozen
10069,iphone16_0069.png,4,1,1,clip_frozen
10111,iphone16_0076.png,4,1,1,clip_frozen
10112,iphone16_0076.png,4,1,1,clip_frozen
10113,iphone16_0076.png,4,1,1,clip_frozen
10114,iphone16_0076.png,1,1,1,clip_frozen
10115,iphone16_0076.png,1,1,1,clip_frozen
10242,iphone16_0096.png,4,1,1,clip_frozen
10243,iphone16_0096.png,4,1,1,clip_frozen
10244,iphone16_0096.png,3,1,1,clip_frozen
10245,iphone16_0096.png,1,1,1,clip_frozen
10246,iphone16_0096.png,1,1,1,clip_frozen
10274,healthstagram_0008.png,4,1,1,clip_frozen
10275,healthstagram_0008.png,4,1,1,clip_frozen
10276,healthstagram_0008.png,3,1,1,clip_frozen
10277,healthstagram_0008.png,3,1,1,clip_frozen
10278,healthstagram_0008.png,3,1,1,clip_frozen
10279,healthstagram_0008.png,2,1,1,clip_frozen
10280,healthstagram_0008.png,2,1,1,clip_frozen
10281,healthstagram_0008.png,2,1,1,clip_frozen
10312,healthstagram_0011.png,4,1,1,clip_frozen
10313,healthstagram_0011.png,1,1,1,clip_frozen
10354,healthstagram_0022.png,3,1,1,clip_frozen
10355,healthstagram_0022.png,3,1,1,clip_frozen
10356,healthstagram_0022.png,3,1,1,clip_frozen
10357,healthstagram_0022.png,1,1,1,clip_frozen
10358,healthstagram_0022.png,1,1,1,clip_frozen
10359,healthstagram_0022.png,4,1,1,clip_frozen
10360,healthstagram_0022.png,4,1,1,clip_frozen
10361,healthstagram_0022.png,4,1,1,clip_frozen
10362,healthstagram_0022.png,2,1,1,clip_frozen
10363,healthstagram_0022.png,3,1,1,clip_frozen
10364,healthstagram_0022.png,2,1,1,clip_frozen
10365,healthstagram_0022.png,4,1,1,clip_frozen
10366,healthstagram_0022.png,0,1,1,clip_frozen
10367,healthstagram_0022.png,0,1,1,clip_frozen
10368,healthstagram_0022.png,2,1,1,clip_frozen
10369,healthstagram_0022.png,3,1,1,clip_frozen
10370,healthstagram_0022.png,3,1,1,clip_frozen
10371,healthstagram_0022.png,2,1,1,clip_frozen
10372,healthstagram_0022.png,0,1,1,clip_frozen
10373,healthstagram_0022.png,3,1,1,clip_frozen
10374,healthstagram_0022.png,3,1,1,clip_frozen
10375,healthstagram_0022.png,1,1,1,clip_frozen
10376,healthstagram_0022.png,0,1,1,clip_frozen
10377,healthstagram_0022.png,2,1,1,clip_frozen
10378,healthstagram_0022.png,2,1,1,clip_frozen
10379,healthstagram_0022.png,0,1,1,clip_frozen
10409,healthstagram_0029.png,4,1,1,clip_frozen
10410,healthstagram_0029.png,1,1,1,clip_frozen
10411,healthstagram_0029.png,1,1,1,clip_frozen
10412,healthstagram_0029.png,0,1,1,clip_frozen
10413,healthstagram_0029.png,2,1,1,clip_frozen
10436,healthstagram_0036.png,4,1,1,clip_frozen
10437,healthstagram_0036.png,4,1,1,clip_frozen
10438,healthstagram_0036.png,4,1,1,clip_frozen
10439,healthstagram_0036.png,4,1,1,clip_frozen
10440,healthstagram_0036.png,3,1,1,clip_frozen
10490,healthstagram_0041.png,4,1,1,clip_frozen
10491,healthstagram_0041.png,3,1,1,clip_frozen
10492,healthstagram_0041.png,1,1,1,clip_frozen
10493,healthstagram_0041.png,1,1,1,clip_frozen
10494,healthstagram_0041.png,0,1,1,clip_frozen
10495,healthstagram_0041.png,2,1,1,clip_frozen
10496,healthstagram_0041.png,1,1,1,clip_frozen
10497,healthstagram_0041.png,1,1,1,clip_frozen
10498,healthstagram_0041.png,2,1,1,clip_frozen
10499,healthstagram_0041.png,2,1,1,clip_frozen
10500,healthstagram_0041.png,0,1,1,clip_frozen
10501,healthstagram_0041.png,0,1,1,clip_frozen
10502,healthstagram_0041.png,0,1,1,clip_frozen
10503,healthstagram_0041.png,2,1,1,clip_frozen
10504,healthstagram_0041.png,2,1,1,clip_frozen
10505,healthstagram_0041.png,0,1,1,clip_frozen
10549,healthstagram_0057.png,4,1,1,clip_frozen
10550,healthstagram_0057.png,4,1,1,clip_frozen
10551,healthstagram_0057.png,4,1,1,clip_frozen
10552,healthstagram_0057.png,3,1,1,clip_frozen
10553,healthstagram_0057.png,4,1,1,clip_frozen
10554,healthstagram_0057.png,4,1,1,clip_frozen
10555,healthstagram_0057.png,3,1,1,clip_frozen
10556,healthstagram_0057.png,3,1,1,clip_frozen
10557,healthstagram_0057.png,3,1,1,clip_frozen
10558,healthstagram_0057.png,4,1,1,clip_frozen
10559,healthstagram_0057.png,2,1,1,clip_frozen
10637,healthstagram_0075.png,0,1,1,clip_frozen
10638,healthstagram_0075.png,3,1,1,clip_frozen
10639,healthstagram_0075.png,3,1,1,clip_frozen
10640,healthstagram_0076.png,4,1,1,clip_frozen
10697,healthstagram_0090.png,0,1,1,clip_frozen
10822,ounwan_0011.png,4,1,1,clip_frozen
10823,ounwan_0011.png,4,1,1,clip_frozen
10824,ounwan_0011.png,3,1,1,clip_frozen
10825,ounwan_0011.png,4,1,1,clip_frozen
10826,ounwan_0011.png,3,1,1,clip_frozen
10827,ounwan_0011.png,2,1,1,clip_frozen
10828,ounwan_0011.png,2,1,1,clip_frozen
10829,ounwan_0011.png,4,1,1,clip_frozen
10830,ounwan_0011.png,3,1,1,clip_frozen
10831,ounwan_0011.png,1,1,1,clip_frozen
10832,ounwan_0011.png,3,1,1,clip_frozen
10833,ounwan_0011.png,2,1,1,clip_frozen
10834,ounwan_0011.png,4,1,1,clip_frozen
10835,ounwan_0011.png,2,1,1,clip_frozen
10836,ounwan_0011.png,2,1,1,clip_frozen
10837,ounwan_0011.png,3,1,1,clip_frozen
10838,ounwan_0011.png,4,1,1,clip_frozen
10839,ounwan_0011.png,4,1,1,clip_frozen
10840,ounwan_0011.png,4,1,1,clip_frozen
10841,ounwan_0011.png,3,1,1,clip_frozen
10842,ounwan_0011.png,2,1,1,clip_frozen
10843,ounwan_0011.png,1,1,1,clip_frozen
10844,ounwan_0011.png,2,1,1,clip_frozen
10845,ounwan_0011.png,1,1,1,clip_frozen
10846,ounwan_0011.png,1,1,1,clip_frozen
10882,ounwan_0015.png,4,1,1,clip_frozen
10883,ounwan_0015.png,1,1,1,clip_frozen
10884,ounwan_0015.png,1,1,1,clip_frozen
10885,ounwan_0015.png,4,1,1,clip_frozen
10886,ounwan_0015.png,1,1,1,clip_frozen
10887,ounwan_0015.png,4,1,1,clip_frozen
10888,ounwan_0015.png,3,1,1,clip_frozen
10889,ounwan_0015.png,2,1,1,clip_frozen
10890,ounwan_0015.png,2,1,1,clip_frozen
10891,ounwan_0015.png,4,1,1,clip_frozen
10892,ounwan_0015.png,2,1,1,clip_frozen
10893,ounwan_0015.png,4,1,1,clip_frozen
10894,ounwan_0015.png,4,1,1,clip_frozen
10895,ounwan_0015.png,2,1,1,clip_frozen
10896,ounwan_0015.png,2,1,1,clip_frozen
10897,ounwan_0015.png,3,1,1,clip_frozen
10903,ounwan_0018.png,4,1,1,clip_frozen
10904,ounwan_0018.png,3,1,1,clip_frozen
10905,ounwan_0018.png,2,1,1,clip_frozen
10906,ounwan_0018.png,2,1,1,clip_frozen
10907,ounwan_0018.png,4,1,1,clip_frozen
10908,ounwan_0018.png,4,1,1,clip_frozen
10909,ounwan_0018.png,2,1,1,clip_frozen
10910,ounwan_0019.png,0,4,1,clip_frozen
10911,ounwan_0019.png,0,4,1,clip_frozen
10912,ounwan_0019.png,0,1,1,clip_frozen
10913,ounwan_0019.png,0,4,1,clip_frozen
10947,ounwan_0033.png,4,1,1,clip_frozen
10948,ounwan_0033.png,0,1,1,clip_frozen
10949,ounwan_0033.png,2,1,1,clip_frozen
10950,ounwan_0033.png,3,1,1,clip_frozen
10951,ounwan_0033.png,1,1,1,clip_frozen
10952,ounwan_0033.png,2,1,1,clip_frozen
10953,ounwan_0033.png,4,1,1,clip_frozen
10954,ounwan_0033.png,3,1,1,clip_frozen
10955,ounwan_0033.png,3,1,1,clip_frozen
10956,ounwan_0033.png,4,1,1,clip_frozen
10957,ounwan_0033.png,2,1,1,clip_frozen
10958,ounwan_0033.png,1,1,1,clip_frozen
10959,ounwan_0033.png,1,1,1,clip_frozen
10960,ounwan_0033.png,3,1,1,clip_frozen
10961,ounwan_0033.png,3,1,1,clip_frozen
10962,ounwan_0033.png,2,1,1,clip_frozen
10971,ounwan_0036.png,4,1,1,clip_frozen
10972,ounwan_0036.png,4,1,1,clip_frozen
10973,ounwan_0036.png,4,1,1,clip_frozen
10974,ounwan_0036.png,2,1,1,clip_frozen
10975,ounwan_0036.png,4,1,1,clip_frozen
11005,ounwan_0043.png,4,1,1,clip_frozen
11006,ounwan_0043.png,3,1,1,clip_frozen
11007,ounwan_0043.png,2,1,1,clip_frozen
11008,ounwan_0043.png,4,1,1,clip_frozen
11009,ounwan_0043.png,2,1,1,clip_frozen
11010,ounwan_0043.png,3,1,1,clip_frozen
11011,ounwan_0043.png,3,1,1,clip_frozen
11012,ounwan_0043.png,3,1,1,clip_frozen
11013,ounwan_0043.png,3,1,1,clip_frozen
11014,ounwan_0043.png,3,1,1,clip_frozen
11015,ounwan_0043.png,4,1,1,clip_frozen
11016,ounwan_0043.png,2,1,1,clip_frozen
11017,ounwan_0043.png,1,1,1,clip_frozen
11018,ounwan_0043.png,1,1,1,clip_frozen
11019,ounwan_0043.png,0,1,1,clip_frozen
11020,ounwan_0043.png,0,1,1,clip_frozen
11021,ounwan_0043.png,0,1,1,clip_frozen
11022,ounwan_0043.png,1,1,1,clip_frozen
11023,ounwan_0043.png,4,1,1,clip_frozen
11024,ounwan_0043.png,4,1,1,clip_frozen
11025,ounwan_0043.png,2,1,1,clip_frozen
11026,ounwan_0043.png,1,1,1,clip_frozen
11027,ounwan_0043.png,0,1,1,clip_frozen
11028,ounwan_0043.png,2,1,1,clip_frozen
11065,ounwan_0050.png,3,1,1,clip_frozen
11095,ounwan_0054.png,4,1,1,clip_frozen
11136,ounwan_0061.png,2,1,1,clip_frozen
11137,ounwan_0061.png,3,1,1,clip_frozen
11138,ounwan_0061.png,2,1,1,clip_frozen
11139,ounwan_0061.png,3,1,1,clip_frozen
11197,ounwan_0069.png,3,1,1,clip_frozen
11198,ounwan_0069.png,4,1,1,clip_frozen
11199,ounwan_0069.png,2,1,1,clip_frozen
11200,ounwan_0069.png,4,1,1,clip_frozen
11201,ounwan_0069.png,4,1,1,clip_frozen
11202,ounwan_0069.png,3,1,1,clip_frozen
11203,ounwan_0069.png,1,1,1,clip_frozen
11204,ounwan_0069.png,2,1,1,clip_frozen
11205,ounwan_0069.png,1,1,1,clip_frozen
11206,ounwan_0069.png,0,1,1,clip_frozen
11207,ounwan_0069.png,0,1,1,clip_frozen
11208,ounwan_0069.png,1,1,1,clip_frozen
11209,ounwan_0069.png,2,1,1,clip_frozen
11210,ounwan_0069.png,0,1,1,clip_frozen
11211,ounwan_0069.png,4,1,1,clip_frozen
11212,ounwan_0069.png,3,1,1,clip_frozen
11213,ounwan_0069.png,0,1,1,clip_frozen
11214,ounwan_0069.png,3,1,1,clip_frozen
11215,ounwan_0071.png,1,1,1,clip_frozen
11268,ounwan_0077.png,2,1,1,clip_frozen
11269,ounwan_0077.png,1,1,1,clip_frozen
11270,ounwan_0077.png,1,1,1,clip_frozen
11271,ounwan_0077.png,1,1,1,clip_frozen
11272,ounwan_0077.png,1,1,1,clip_frozen
11273,ounwan_0077.png,2,1,1,clip_frozen
11274,ounwan_0077.png,1,1,1,clip_frozen
11313,ounwan_0086.png,4,1,1,clip_frozen
11314,ounwan_0086.png,4,1,1,clip_frozen
11315,ounwan_0086.png,3,1,1,clip_frozen
11316,ounwan_0086.png,3,1,1,clip_frozen
11317,ounwan_0086.png,4,1,1,clip_frozen
11327,ounwan_0089.png,4,1,1,clip_frozen
11328,ounwan_0089.png,3,1,1,clip_frozen
11329,ounwan_0089.png,2,1,1,clip_frozen
11330,ounwan_0089.png,1,1,1,clip_frozen
11331,ounwan_0089.png,1,1,1,clip_frozen
11332,ounwan_0089.png,2,1,1,clip_frozen
11333,ounwan_0089.png,2,1,1,clip_frozen
11334,ounwan_0089.png,1,1,1,clip_frozen
11335,ounwan_0089.png,1,1,1,clip_frozen
11336,ounwan_0089.png,1,1,1,clip_frozen
11337,ounwan_0089.png,1,1,1,clip_frozen
11338,ounwan_0089.png,0,1,1,clip_frozen
11339,ounwan_0089.png,1,1,1,clip_frozen
11340,ounwan_0089.png,1,1,1,clip_frozen
11341,ounwan_0089.png,1,1,1,clip_frozen
11342,ounwan_0089.png,1,1,1,clip_frozen
11343,ounwan_0089.png,3,1,1,clip_frozen
11344,ounwan_0089.png,2,1,1,clip_frozen
11345,ounwan_0089.png,3,1,1,clip_frozen
11346,ounwan_0089.png,4,1,1,clip_frozen
11347,ounwan_0089.png,1,1,1,clip_frozen
11348,ounwan_0089.png,1,1,1,clip_frozen
11349,ounwan_0089.png,3,1,1,clip_frozen
11350,ounwan_0089.png,1,1,1,clip_frozen
11351,ounwan_0089.png,4,1,1,clip_frozen
11352,ounwan_0089.png,2,1,1,clip_frozen
11353,ounwan_0089.png,1,1,1,clip_frozen
11362,ounwan_0093.png,0,1,1,clip_frozen
11363,ounwan_0093.png,1,1,1,clip_frozen
11364,ounwan_0093.png,2,1,1,clip_frozen
11365,ounwan_0093.png,4,1,1,clip_frozen
11366,ounwan_0094.png,3,1,1,clip_frozen
11367,ounwan_0094.png,3,1,1,clip_frozen
11368,ounwan_0094.png,2,1,1,clip_frozen
11453,dietfood_0010.png,3,4,1,clip_frozen
11454,dietfood_0010.png,4,4,1,clip_frozen
11455,dietfood_0010.png,2,4,1,clip_frozen
11464,dietfood_0013.png,3,4,1,clip_frozen
11465,dietfood_0013.png,2,3,1,clip_frozen
11466,dietfood_0013.png,1,3,1,clip_frozen
11467,dietfood_0013.png,2,3,1,clip_frozen
11468,dietfood_0013.png,3,3,1,clip_frozen
11492,dietfood_0018.png,1,4,1,clip_frozen
11493,dietfood_0018.png,3,4,1,clip_frozen
11494,dietfood_0018.png,3,4,1,clip_frozen
11495,dietfood_0018.png,4,4,1,clip_frozen
11496,dietfood_0018.png,3,4,1,clip_frozen
11567,dietfood_0029.png,0,3,1,clip_frozen
11568,dietfood_0029.png,0,3,1,clip_frozen
11569,dietfood_0029.png,0,3,1,clip_frozen
11570,dietfood_0029.png,0,3,1,clip_frozen
11571,dietfood_0029.png,0,3,1,clip_frozen
11572,dietfood_0031.png,4,1,1,clip_frozen
11573,dietfood_0031.png,2,1,1,clip_frozen
11574,dietfood_0031.png,3,1,1,clip_frozen
11575,dietfood_0031.png,1,1,1,clip_frozen
11576,dietfood_0031.png,0,1,1,clip_frozen
11640,dietfood_0042.png,4,4,1,clip_frozen
11641,dietfood_0042.png,4,4,1,clip_frozen
11642,dietfood_0042.png,3,4,1,clip_frozen
11643,dietfood_0042.png,4,4,1,clip_frozen
11644,dietfood_0042.png,2,4,1,clip_frozen
11675,dietfood_0051.png,3,1,1,clip_frozen
11676,dietfood_0051.png,3,1,1,clip_frozen
11677,dietfood_0051.png,4,1,1,clip_frozen
11678,dietfood_0051.png,3,1,1,clip_frozen
11679,dietfood_0051.png,2,1,1,clip_frozen
11711,dietfood_0058.png,4,4,1,clip_frozen
11712,dietfood_0058.png,4,3,1,clip_frozen
11713,dietfood_0058.png,3,4,1,clip_frozen
11714,dietfood_0058.png,4,4,1,clip_frozen
11715,dietfood_0058.png,4,3,1,clip_frozen
11716,dietfood_0058.png,4,3,1,clip_frozen
11717,dietfood_0058.png,4,3,1,clip_frozen
11718,dietfood_0058.png,4,4,1,clip_frozen
11719,dietfood_0058.png,4,4,1,clip_frozen
11720,dietfood_0058.png,3,4,1,clip_frozen
11721,dietfood_0058.png,3,3,1,clip_frozen
11722,dietfood_0058.png,3,4,1,clip_frozen
11723,dietfood_0058.png,2,4,1,clip_frozen
11724,dietfood_0058.png,4,3,1,clip_frozen
11725,dietfood_0058.png,4,4,1,clip_frozen
11726,dietfood_0058.png,3,4,1,clip_frozen
11727,dietfood_0058.png,2,4,1,clip_frozen
11728,dietfood_0058.png,3,3,1,clip_frozen
11729,dietfood_0058.png,2,4,1,clip_frozen
11730,dietfood_0058.png,4,4,1,clip_frozen
11788,dietfood_0068.png,4,4,1,clip_frozen
11789,dietfood_0068.png,3,4,1,clip_frozen
11790,dietfood_0068.png,4,4,1,clip_frozen
11791,dietfood_0068.png,4,4,1,clip_frozen
11792,dietfood_0068.png,4,4,1,clip_frozen
11793,dietfood_0068.png,2,4,1,clip_frozen
11794,dietfood_0068.png,1,4,1,clip_frozen
11795,dietfood_0068.png,2,4,1,clip_frozen
11796,dietfood_0068.png,4,4,1,clip_frozen
11797,dietfood_0068.png,3,4,1,clip_frozen
11798,dietfood_0068.png,3,4,1,clip_frozen
11799,dietfood_0068.png,1,4,1,clip_frozen
11800,dietfood_0068.png,1,4,1,clip_frozen
11823,dietfood_0072.png,4,4,1,clip_frozen
11824,dietfood_0072.png,3,4,1,clip_frozen
11825,dietfood_0072.png,3,4,1,clip_frozen
11826,dietfood_0072.png,3,4,1,clip_frozen
11827,dietfood_0072.png,3,4,1,clip_frozen
11852,dietfood_0076.png,0,4,1,clip_frozen
11853,dietfood_0076.png,0,4,1,clip_frozen
11854,dietfood_0076.png,4,4,1,clip_frozen
11855,dietfood_0076.png,3,4,1,clip_frozen
11856,dietfood_0076.png,3,4,1,clip_frozen
11857,dietfood_0076.png,1,4,1,clip_frozen
11858,dietfood_0076.png,2,4,1,clip_frozen
11859,dietfood_0076.png,1,4,1,clip_frozen
11860,dietfood_0076.png,1,4,1,clip_frozen
11861,dietfood_0076.png,2,4,1,clip_frozen
11862,dietfood_0076.png,4,4,1,clip_frozen
11863,dietfood_0076.png,1,4,1,clip_frozen
11883,dietfood_0081.png,0,1,1,clip_frozen
11884,dietfood_0081.png,0,1,1,clip_frozen
11885,dietfood_0081.png,0,1,1,clip_frozen
11901,dietfood_0083.png,4,4,1,clip_frozen
11902,dietfood_0083.png,4,4,1,clip_frozen
11903,dietfood_0083.png,4,4,1,clip_frozen
11904,dietfood_0083.png,3,4,1,clip_frozen
11905,dietfood_0083.png,1,4,1,clip_frozen
11906,dietfood_0084.png,4,4,1,clip_frozen
11907,dietfood_0084.png,4,4,1,clip_frozen
11908,dietfood_0084.png,4,4,1,clip_frozen
11909,dietfood_0084.png,4,4,1,clip_frozen
11910,dietfood_0084.png,4,4,1,clip_frozen
11924,dietfood_0087.png,4,4,1,clip_frozen
11925,dietfood_0087.png,4,4,1,clip_frozen
11926,dietfood_0087.png,4,4,1,clip_frozen
11927,dietfood_0087.png,2,4,1,clip_frozen
11928,dietfood_0087.png,2,4,1,clip_frozen
11929,dietfood_0087.png,2,3,1,clip_frozen
11930,dietfood_0087.png,4,4,1,clip_frozen
11931,dietfood_0087.png,1,3,1,clip_frozen
11932,dietfood_0087.png,4,4,1,clip_frozen
11933,dietfood_0087.png,3,4,1,clip_frozen
11934,dietfood_0087.png,2,4,1,clip_frozen
11935,dietfood_0087.png,4,4,1,clip_frozen
11936,dietfood_0087.png,3,4,1,clip_frozen
11937,dietfood_0087.png,3,4,1,clip_frozen
11938,dietfood_0087.png,3,4,1,clip_frozen
11939,dietfood_0087.png,3,3,1,clip_frozen
11940,dietfood_0087.png,2,4,1,clip_frozen
11941,dietfood_0087.png,2,4,1,clip_frozen
12005,dietfood_0099.png,4,4,1,clip_frozen
12006,dietfood_0099.png,4,4,1,clip_frozen
1,ai_0001.png,4,4,2,clip_frozen
2,ai_0001.png,3,4,2,clip_frozen
3,ai_0001.png,4,4,2,clip_frozen
4,ai_0001.png,3,4,2,clip_frozen
5,ai_0001.png,3,4,2,clip_frozen
20,ai_0006.png,3,3,2,clip_frozen
89,ai_0014.png,4,4,2,clip_frozen
90,ai_0014.png,1,4,2,clip_frozen
91,ai_0014.png,4,4,2,clip_frozen
92,ai_0014.png,1,4,2,clip_frozen
93,ai_0014.png,1,4,2,clip_frozen
94,ai_0014.png,0,3,2,clip_frozen
95,ai_0014.png,0,4,2,clip_frozen
96,ai_0014.png,1,4,2,clip_frozen
97,ai_0014.png,0,4,2,clip_frozen
98,ai_0014.png,3,4,2,clip_frozen
99,ai_0014.png,3,4,2,clip_frozen
100,ai_0014.png,2,4,2,clip_frozen
101,ai_0014.png,1,3,2,clip_frozen
102,ai_0014.png,1,4,2,clip_frozen
103,ai_0014.png,4,4,2,clip_frozen
104,ai_0014.png,3,3,2,clip_frozen
105,ai_0014.png,2,2,2,clip_frozen
106,ai_0014.png,3,4,2,clip_frozen
107,ai_0014.png,2,4,2,clip_frozen
108,ai_0014.png,4,4,2,clip_frozen
109,ai_0014.png,2,4,2,clip_frozen
110,ai_0014.png,0,4,2,clip_frozen
111,ai_0014.png,1,4,2,clip_frozen
214,ai_0020.png,4,1,2,clip_frozen
215,ai_0020.png,3,1,2,clip_frozen
216,ai_0020.png,2,1,2,clip_frozen
217,ai_0020.png,3,1,2,clip_frozen
218,ai_0020.png,1,1,2,clip_frozen
219,ai_0020.png,1,1,2,clip_frozen
220,ai_0020.png,1,1,2,clip_frozen
221,ai_0020.png,4,1,2,clip_frozen
222,domesticTravel_0003.png,1,1,2,clip_frozen
223,domesticTravel_0003.png,3,1,2,clip_frozen
224,domesticTravel_0003.png,3,3,2,clip_frozen
225,domesticTravel_0003.png,2,3,2,clip_frozen
226,domesticTravel_0003.png,3,1,2,clip_frozen
227,domesticTravel_0003.png,4,1,2,clip_frozen
228,domesticTravel_0003.png,2,1,2,clip_frozen
229,domesticTravel_0003.png,3,1,2,clip_frozen
230,domesticTravel_0003.png,1,1,2,clip_frozen
231,domesticTravel_0003.png,2,1,2,clip_frozen
232,domesticTravel_0003.png,1,1,2,clip_frozen
233,domesticTravel_0003.png,2,1,2,clip_frozen
234,domesticTravel_0003.png,0,1,2,clip_frozen
235,domesticTravel_0003.png,3,1,2,clip_frozen
236,domesticTravel_0003.png,1,1,2,clip_frozen
258,domesticTravel_0006.png,4,1,2,clip_frozen
259,domesticTravel_0006.png,0,1,2,clip_frozen
260,domesticTravel_0006.png,4,1,2,clip_frozen
261,domesticTravel_0006.png,1,1,2,clip_frozen
262,domesticTravel_0006.png,0,1,2,clip_frozen
279,domesticTravel_0011.png,1,1,2,clip_frozen
280,domesticTravel_0011.png,4,1,2,clip_frozen
281,domesticTravel_0011.png,4,1,2,clip_frozen
282,domesticTravel_0011.png,3,1,2,clip_frozen
283,domesticTravel_0011.png,3,1,2,clip_frozen
284,domesticTravel_0011.png,3,1,2,clip_frozen
285,domesticTravel_0011.png,2,1,2,clip_frozen
286,domesticTravel_0011.png,4,0,2,clip_frozen
287,domesticTravel_0011.png,4,1,2,clip_frozen
288,domesticTravel_0011.png,3,1,2,clip_frozen
290,domesticTravel_0014.png,4,1,2,clip_frozen
291,domesticTravel_0014.png,3,1,2,clip_frozen
292,domesticTravel_0014.png,4,1,2,clip_frozen
293,domesticTravel_0014.png,3,1,2,clip_frozen
294,domesticTravel_0014.png,3,4,2,clip_frozen
295,domesticTravel_0014.png,2,4,2,clip_frozen
296,domesticTravel_0014.png,2,1,2,clip_frozen
297,domesticTravel_0014.png,3,1,2,clip_frozen
298,domesticTravel_0014.png,3,1,2,clip_frozen
299,domesticTravel_0014.png,1,1,2,clip_frozen
300,domesticTravel_0014.png,4,1,2,clip_frozen
301,domesticTravel_0014.png,4,1,2,clip_frozen
306,domesticTravel_0016.png,4,1,2,clip_frozen
307,domesticTravel_0016.png,4,1,2,clip_frozen
308,domesticTravel_0016.png,4,1,2,clip_frozen
309,domesticTravel_0016.png,1,1,2,clip_frozen
310,domesticTravel_0016.png,3,1,2,clip_frozen
311,domesticTravel_0016.png,3,1,2,clip_frozen
312,domesticTravel_0016.png,3,3,2,clip_frozen
313,domesticTravel_0016.png,2,3,2,clip_frozen
314,domesticTravel_0016.png,0,1,2,clip_frozen
315,domesticTravel_0016.png,0,1,2,clip_frozen
316,domesticTravel_0016.png,0,1,2,clip_frozen
317,domesticTravel_0016.png,2,1,2,clip_frozen
318,domesticTravel_0016.png,1,0,2,clip_frozen
319,domesticTravel_0016.png,2,0,2,clip_frozen
320,domesticTravel_0016.png,4,4,2,clip_frozen
439,fall_0013.png,4,1,2,clip_frozen
440,fall_0013.png,4,1,2,clip_frozen
441,fall_0013.png,3,1,2,clip_frozen
442,fall_0013.png,3,4,2,clip_frozen
443,fall_0013.png,4,1,2,clip_frozen
444,fall_0013.png,4,1,2,clip_frozen
445,fall_0013.png,4,1,2,clip_frozen
446,fall_0013.png,4,4,2,clip_frozen
447,fall_0013.png,4,1,2,clip_frozen
448,fall_0013.png,4,1,2,clip_frozen
449,fall_0013.png,4,1,2,clip_frozen
450,fall_0013.png,4,1,2,clip_frozen
451,fall_0013.png,3,1,2,clip_frozen
452,fall_0013.png,0,1,2,clip_frozen
453,fall_0013.png,0,1,2,clip_frozen
454,fall_0013.png,1,1,2,clip_frozen
455,fall_0013.png,1,1,2,clip_frozen
456,fall_0013.png,1,1,2,clip_frozen
457,fall_0013.png,1,4,2,clip_frozen
458,fall_0013.png,1,1,2,clip_frozen
459,fall_0013.png,1,1,2,clip_frozen
460,fall_0013.png,1,1,2,clip_frozen
461,fall_0013.png,0,1,2,clip_frozen
462,fall_0013.png,1,1,2,clip_frozen
463,fall_0013.png,0,1,2,clip_frozen
464,fall_0013.png,1,1,2,clip_frozen
465,fall_0013.png,0,1,2,clip_frozen
466,fall_0013.png,1,4,2,clip_frozen
467,fall_0013.png,1,1,2,clip_frozen
468,fall_0013.png,1,1,2,clip_frozen
498,fall_0016.png,3,1,2,clip_frozen
499,fall_0016.png,4,1,2,clip_frozen
500,fall_0016.png,4,1,2,clip_frozen
501,fall_0016.png,4,0,2,clip_frozen
502,fall_0016.png,4,0,2,clip_frozen
503,fall_0016.png,2,1,2,clip_frozen
504,fall_0016.png,0,1,2,clip_frozen
505,fall_0016.png,4,1,2,clip_frozen
506,fall_0016.png,3,1,2,clip_frozen
507,fall_0016.png,4,1,2,clip_frozen
508,fall_0016.png,4,1,2,clip_frozen
509,fall_0016.png,1,1,2,clip_frozen
510,fall_0016.png,4,0,2,clip_frozen
663,fashion_0016.png,4,4,2,clip_frozen
664,fashion_0016.png,4,4,2,clip_frozen
665,fashion_0016.png,3,4,2,clip_frozen
666,fashion_0016.png,2,0,2,clip_frozen
667,fashion_0016.png,3,4,2,clip_frozen
668,fashion_0016.png,4,4,2,clip_frozen
669,fashion_0016.png,3,4,2,clip_frozen
670,fashion_0016.png,3,1,2,clip_frozen
671,fashion_0016.png,1,1,2,clip_frozen
672,fashion_0016.png,3,4,2,clip_frozen
673,fashion_0016.png,4,0,2,clip_frozen
674,fashion_0016.png,4,4,2,clip_frozen
675,fashion_0016.png,3,4,2,clip_frozen
676,fashion_0016.png,4,4,2,clip_frozen
677,fashion_0016.png,4,4,2,clip_frozen
678,fashion_0016.png,3,4,2,clip_frozen
679,fashion_0016.png,4,3,2,clip_frozen
680,fashion_0016.png,4,0,2,clip_frozen
681,fashion_0016.png,2,4,2,clip_frozen
682,fashion_0016.png,4,0,2,clip_frozen
683,fashion_0016.png,3,4,2,clip_frozen
684,fashion_0018.png,3,0,2,clip_frozen
685,fashion_0018.png,2,0,2,clip_frozen
686,fashion_0018.png,1,0,2,clip_frozen
687,fashion_0018.png,1,0,2,clip_frozen
688,fashion_0018.png,4,0,2,clip_frozen
689,fashion_0018.png,4,0,2,clip_frozen
690,fashion_0018.png,3,0,2,clip_frozen
691,fashion_0018.png,2,0,2,clip_frozen
692,fashion_0018.png,4,0,2,clip_frozen
693,fashion_0018.png,4,1,2,clip_frozen
694,fashion_0018.png,3,3,2,clip_frozen
695,fashion_0018.png,3,1,2,clip_frozen
696,fashion_0018.png,1,1,2,clip_frozen
697,fashion_0018.png,1,1,2,clip_frozen
698,fashion_0018.png,3,0,2,clip_frozen
699,fashion_0018.png,3,0,2,clip_frozen
700,fashion_0018.png,3,0,2,clip_frozen
701,fashion_0018.png,4,1,2,clip_frozen
794,movie_0011.png,4,4,2,clip_frozen
795,movie_0011.png,4,3,2,clip_frozen
796,movie_0011.png,3,3,2,clip_frozen
797,movie_0011.png,1,4,2,clip_frozen
798,movie_0011.png,4,4,2,clip_frozen
799,movie_0011.png,4,3,2,clip_frozen
800,movie_0011.png,4,3,2,clip_frozen
801,movie_0011.png,2,4,2,clip_frozen
802,movie_0011.png,1,3,2,clip_frozen
803,movie_0011.png,3,4,2,clip_frozen
804,movie_0011.png,3,4,2,clip_frozen
813,movie_0015.png,4,1,2,clip_frozen
814,movie_0015.png,4,1,2,clip_frozen
815,movie_0015.png,4,1,2,clip_frozen
816,movie_0015.png,2,1,2,clip_frozen
817,movie_0015.png,1,3,2,clip_frozen
818,movie_0015.png,1,1,2,clip_frozen
819,movie_0015.png,1,1,2,clip_frozen
820,movie_0015.png,2,1,2,clip_frozen
821,movie_0015.png,1,1,2,clip_frozen
822,movie_0015.png,2,1,2,clip_frozen
823,movie_0015.png,2,1,2,clip_frozen
824,movie_0015.png,1,1,2,clip_frozen
825,movie_0015.png,2,1,2,clip_frozen
826,movie_0015.png,1,1,2,clip_frozen
827,movie_0015.png,1,1,2,clip_frozen
828,movie_0015.png,1,1,2,clip_frozen
829,movie_0015.png,1,1,2,clip_frozen
830,movie_0015.png,2,1,2,clip_frozen
831,movie_0015.png,2,1,2,clip_frozen
832,movie_0015.png,1,1,2,clip_frozen
833,movie_0015.png,1,1,2,clip_frozen
834,movie_0015.png,1,1,2,clip_frozen
835,movie_0015.png,1,1,2,clip_frozen
836,movie_0015.png,0,1,2,clip_frozen
837,movie_0015.png,1,2,2,clip_frozen
838,movie_0015.png,3,1,2,clip_frozen
839,movie_0015.png,1,3,2,clip_frozen
840,movie_0015.png,1,3,2,clip_frozen
841,movie_0015.png,3,3,2,clip_frozen
842,movie_0015.png,0,1,2,clip_frozen
843,movie_0016.png,3,1,2,clip_frozen
844,movie_0016.png,2,1,2,clip_frozen
845,movie_0016.png,4,1,2,clip_frozen
846,movie_0016.png,1,1,2,clip_frozen
847,movie_0016.png,2,1,2,clip_frozen
848,movie_0016.png,1,1,2,clip_frozen
849,movie_0016.png,2,3,2,clip_frozen
877,movie_0020.png,4,1,2,clip_frozen
878,movie_0020.png,3,4,2,clip_frozen
879,movie_0020.png,2,1,2,clip_frozen
880,movie_0020.png,1,1,2,clip_frozen
881,movie_0020.png,0,4,2,clip_frozen
882,movie_0020.png,0,4,2,clip_frozen
883,movie_0020.png,2,3,2,clip_frozen
884,movie_0020.png,1,4,2,clip_frozen
885,movie_0020.png,1,4,2,clip_frozen
886,movie_0020.png,0,3,2,clip_frozen
887,movie_0020.png,1,3,2,clip_frozen
1019,olive_0013.png,4,1,2,clip_frozen
1020,olive_0013.png,4,1,2,clip_frozen
1021,olive_0013.png,4,1,2,clip_frozen
1022,olive_0013.png,4,4,2,clip_frozen
1023,olive_0013.png,3,1,2,clip_frozen
1024,olive_0013.png,4,4,2,clip_frozen
1025,olive_0013.png,3,1,2,clip_frozen
1026,olive_0013.png,1,1,2,clip_frozen
1027,olive_0013.png,1,4,2,clip_frozen
1028,olive_0013.png,4,1,2,clip_frozen
1029,olive_0013.png,4,1,2,clip_frozen
1030,olive_0013.png,4,1,2,clip_frozen
1031,olive_0013.png,4,1,2,clip_frozen
1032,olive_0013.png,4,1,2,clip_frozen
1033,olive_0013.png,3,1,2,clip_frozen
1034,olive_0013.png,2,1,2,clip_frozen
1035,olive_0013.png,2,4,2,clip_frozen
1036,olive_0013.png,3,1,2,clip_frozen
1097,olive_0021.png,2,4,2,clip_frozen
1098,olive_0021.png,4,4,2,clip_frozen
1099,olive_0021.png,4,4,2,clip_frozen
1100,olive_0021.png,3,4,2,clip_frozen
1101,olive_0021.png,1,4,2,clip_frozen
1102,olive_0021.png,3,4,2,clip_frozen
1103,olive_0021.png,4,4,2,clip_frozen
1104,olive_0021.png,3,4,2,clip_frozen
1105,olive_0021.png,3,4,2,clip_frozen
1106,olive_0021.png,2,4,2,clip_frozen
1107,olive_0021.png,3,4,2,clip_frozen
1108,olive_0021.png,1,4,2,clip_frozen
1109,olive_0021.png,4,4,2,clip_frozen
1110,olive_0021.png,4,4,2,clip_frozen
1111,olive_0022.png,3,3,2,clip_frozen
1268,restaurant_0020.png,4,1,2,clip_frozen
1269,restaurant_0020.png,3,1,2,clip_frozen
1270,restaurant_0020.png,4,1,2,clip_frozen
1271,restaurant_0020.png,2,4,2,clip_frozen
1272,restaurant_0020.png,3,1,2,clip_frozen
1273,restaurant_0020.png,3,0,2,clip_frozen
1274,restaurant_0020.png,2,0,2,clip_frozen
1275,restaurant_0020.png,3,4,2,clip_frozen
1276,restaurant_0020.png,3,0,2,clip_frozen
1277,restaurant_0020.png,2,0,2,clip_frozen
1278,restaurant_0020.png,4,0,2,clip_frozen
1279,restaurant_0020.png,2,0,2,clip_frozen
1280,restaurant_0020.png,2,0,2,clip_frozen
1281,restaurant_0020.png,2,0,2,clip_frozen
1282,restaurant_0020.png,3,1,2,clip_frozen
1283,restaurant_0020.png,3,1,2,clip_frozen
1284,restaurant_0020.png,3,1,2,clip_frozen
1285,restaurant_0020.png,3,1,2,clip_frozen
1286,restaurant_0020.png,3,0,2,clip_frozen
1287,restaurant_0020.png,1,4,2,clip_frozen
1288,restaurant_0020.png,1,4,2,clip_frozen
1289,restaurant_0020.png,1,1,2,clip_frozen
1290,restaurant_0020.png,1,1,2,clip_frozen
1291,restaurant_0020.png,3,1,2,clip_frozen
1292,restaurant_0020.png,0,0,2,clip_frozen
1415,zerokal_0008.png,4,1,2,clip_frozen
1416,zerokal_0008.png,4,1,2,clip_frozen
1417,zerokal_0008.png,4,1,2,clip_frozen
1418,zerokal_0008.png,3,1,2,clip_frozen
1419,zerokal_0008.png,3,1,2,clip_frozen
1420,zerokal_0008.png,4,1,2,clip_frozen
1421,zerokal_0008.png,3,1,2,clip_frozen
1422,zerokal_0008.png,3,1,2,clip_frozen
1423,zerokal_0008.png,2,1,2,clip_frozen
1424,zerokal_0008.png,1,1,2,clip_frozen
1425,zerokal_0008.png,1,1,2,clip_frozen
1426,zerokal_0008.png,0,1,2,clip_frozen
1427,zerokal_0008.png,2,1,2,clip_frozen
1428,zerokal_0008.png,1,1,2,clip_frozen
1429,zerokal_0008.png,1,1,2,clip_frozen
1430,zerokal_0008.png,1,1,2,clip_frozen
1431,zerokal_0008.png,4,1,2,clip_frozen
1492,zerokal_0018.png,4,4,2,clip_frozen
1493,zerokal_0018.png,4,4,2,clip_frozen
1494,zerokal_0018.png,4,4,2,clip_frozen
1495,zerokal_0018.png,1,4,2,clip_frozen
1496,zerokal_0018.png,1,4,2,clip_frozen
1497,zerokal_0018.png,3,4,2,clip_frozen
1498,zerokal_0018.png,2,4,2,clip_frozen
1499,zerokal_0018.png,1,4,2,clip_frozen
1648,travelgram_0037.png,4,1,2,clip_frozen
1649,travelgram_0037.png,3,1,2,clip_frozen
1650,travelgram_0037.png,2,1,2,clip_frozen
1651,travelgram_0037.png,3,3,2,clip_frozen
1751,travelgram_0070.png,0,1,2,clip_frozen
1752,travelgram_0070.png,0,1,2,clip_frozen
1753,travelgram_0070.png,0,1,2,clip_frozen
1754,travelgram_0070.png,0,4,2,clip_frozen
1755,travelgram_0070.png,0,1,2,clip_frozen
1756,travelgram_0070.png,0,1,2,clip_frozen
1757,travelgram_0070.png,0,1,2,clip_frozen
1758,travelgram_0070.png,0,1,2,clip_frozen
1759,travelgram_0070.png,0,1,2,clip_frozen
1760,travelgram_0070.png,0,1,2,clip_frozen
1761,travelgram_0070.png,0,0,2,clip_frozen
1899,solotravel_0009.png,2,4,2,clip_frozen
1900,solotravel_0009.png,4,4,2,clip_frozen
1901,solotravel_0009.png,2,4,2,clip_frozen
1902,solotravel_0009.png,3,4,2,clip_frozen
1903,solotravel_0009.png,4,4,2,clip_frozen
1935,solotravel_0025.png,4,1,2,clip_frozen
1954,solotravel_0033.png,4,3,2,clip_frozen
1955,solotravel_0033.png,1,3,2,clip_frozen
1956,solotravel_0033.png,2,4,2,clip_frozen
1957,solotravel_0033.png,3,4,2,clip_frozen
1958,solotravel_0033.png,2,3,2,clip_frozen
1964,solotravel_0037.png,4,3,2,clip_frozen
1965,solotravel_0037.png,3,3,2,clip_frozen
1966,solotravel_0037.png,1,3,2,clip_frozen
1967,solotravel_0037.png,4,3,2,clip_frozen
2004,solotravel_0043.png,4,3,2,clip_frozen
2005,solotravel_0043.png,4,3,2,clip_frozen
2006,solotravel_0043.png,4,3,2,clip_frozen
2007,solotravel_0043.png,1,3,2,clip_frozen
2008,solotravel_0043.png,4,3,2,clip_frozen
2069,solotravel_0055.png,3,4,2,clip_frozen
2070,solotravel_0055.png,3,4,2,clip_frozen
2071,solotravel_0055.png,3,4,2,clip_frozen
2072,solotravel_0055.png,2,4,2,clip_frozen
2073,solotravel_0055.png,1,4,2,clip_frozen
2074,solotravel_0057.png,1,4,2,clip_frozen
2075,solotravel_0057.png,4,3,2,clip_frozen
2111,solotravel_0065.png,3,3,2,clip_frozen
2112,solotravel_0065.png,4,3,2,clip_frozen
2113,solotravel_0065.png,3,4,2,clip_frozen
2114,solotravel_0065.png,3,4,2,clip_frozen
2115,solotravel_0065.png,4,4,2,clip_frozen
2121,solotravel_0067.png,4,3,2,clip_frozen
2122,solotravel_0067.png,4,3,2,clip_frozen
2123,solotravel_0067.png,3,3,2,clip_frozen
2124,solotravel_0067.png,3,3,2,clip_frozen
2125,solotravel_0067.png,2,2,2,clip_frozen
2184,solotravel_0079.png,4,4,2,clip_frozen
2185,solotravel_0079.png,3,4,2,clip_frozen
2186,solotravel_0079.png,3,4,2,clip_frozen
2187,solotravel_0079.png,2,4,2,clip_frozen
2188,solotravel_0079.png,2,4,2,clip_frozen
2194,solotravel_0082.png,4,4,2,clip_frozen
2195,solotravel_0082.png,3,4,2,clip_frozen
2196,solotravel_0082.png,4,4,2,clip_frozen
2197,solotravel_0082.png,0,4,2,clip_frozen
2198,solotravel_0082.png,0,3,2,clip_frozen
2285,travel_0012.png,4,1,2,clip_frozen
2286,travel_0012.png,2,1,2,clip_frozen
2287,travel_0012.png,3,1,2,clip_frozen
2288,travel_0012.png,3,1,2,clip_frozen
2289,travel_0012.png,3,1,2,clip_frozen
2290,travel_0013.png,2,2,2,clip_frozen
2291,travel_0013.png,3,3,2,clip_frozen
2292,travel_0013.png,1,0,2,clip_frozen
2293,travel_0013.png,4,0,2,clip_frozen
2294,travel_0013.png,1,3,2,clip_frozen
2295,travel_0013.png,2,3,2,clip_frozen
2296,travel_0013.png,2,2,2,clip_frozen
2297,travel_0013.png,0,1,2,clip_frozen
2298,travel_0013.png,4,0,2,clip_frozen
2299,travel_0013.png,0,1,2,clip_frozen
2300,travel_0013.png,4,1,2,clip_frozen
2301,travel_0013.png,0,1,2,clip_frozen
2302,travel_0013.png,1,1,2,clip_frozen
2303,travel_0013.png,0,1,2,clip_frozen
2304,travel_0013.png,1,1,2,clip_frozen
2305,travel_0013.png,3,1,2,clip_frozen
2306,travel_0013.png,0,1,2,clip_frozen
2307,travel_0013.png,4,1,2,clip_frozen
2308,travel_0013.png,0,1,2,clip_frozen
2309,travel_0013.png,4,0,2,clip_frozen
2310,travel_0013.png,0,1,2,clip_frozen
2311,travel_0013.png,3,1,2,clip_frozen
2312,travel_0013.png,0,1,2,clip_frozen
2313,travel_0013.png,0,1,2,clip_frozen
2314,travel_0013.png,1,1,2,clip_frozen
2315,travel_0013.png,4,1,2,clip_frozen
2316,travel_0013.png,4,1,2,clip_frozen
2317,travel_0013.png,3,1,2,clip_frozen
2318,travel_0013.png,4,1,2,clip_frozen
2319,travel_0013.png,0,1,2,clip_frozen
2320,travel_0015.png,4,3,2,clip_frozen
2321,travel_0018.png,1,0,2,clip_frozen
2322,travel_0018.png,0,0,2,clip_frozen
2323,travel_0018.png,0,0,2,clip_frozen
2324,travel_0018.png,1,0,2,clip_frozen
2325,travel_0018.png,0,0,2,clip_frozen
2326,travel_0018.png,0,0,2,clip_frozen
2331,travel_0020.png,4,3,2,clip_frozen
2332,travel_0020.png,4,4,2,clip_frozen
2333,travel_0020.png,3,4,2,clip_frozen
2334,travel_0020.png,2,4,2,clip_frozen
2350,travel_0023.png,3,1,2,clip_frozen
2351,travel_0023.png,4,1,2,clip_frozen
2352,travel_0023.png,4,1,2,clip_frozen
2353,travel_0023.png,3,1,2,clip_frozen
2381,travel_0036.png,0,0,2,clip_frozen
2382,travel_0036.png,0,0,2,clip_frozen
2383,travel_0036.png,0,1,2,clip_frozen
2384,travel_0038.png,3,4,2,clip_frozen
2385,travel_0038.png,4,1,2,clip_frozen
2386,travel_0038.png,4,3,2,clip_frozen
2387,travel_0038.png,2,3,2,clip_frozen
2388,travel_0038.png,0,3,2,clip_frozen
2392,travel_0044.png,3,4,2,clip_frozen
2393,travel_0044.png,3,3,2,clip_frozen
2394,travel_0044.png,4,3,2,clip_frozen
2527,travel_0067.png,4,1,2,clip_frozen
2528,travel_0067.png,4,1,2,clip_frozen
2529,travel_0067.png,2,1,2,clip_frozen
2530,travel_0067.png,4,0,2,clip_frozen
2531,travel_0069.png,3,4,2,clip_frozen
2532,travel_0069.png,4,1,2,clip_frozen
2533,travel_0069.png,3,1,2,clip_frozen
2534,travel_0069.png,4,1,2,clip_frozen
2535,travel_0071.png,4,0,2,clip_frozen
2536,travel_0071.png,4,1,2,clip_frozen
2609,travel_0086.png,1,1,2,clip_frozen
2610,travel_0086.png,1,1,2,clip_frozen
2611,travel_0086.png,1,3,2,clip_frozen
2625,travel_0092.png,0,1,2,clip_frozen
2626,travel_0092.png,0,0,2,clip_frozen
2627,travel_0092.png,4,1,2,clip_frozen
2628,travel_0092.png,1,1,2,clip_frozen
2629,travel_0092.png,1,1,2,clip_frozen
2630,travel_0092.png,1,1,2,clip_frozen
2631,travel_0092.png,0,0,2,clip_frozen
2632,travel_0092.png,0,0,2,clip_frozen
2633,travel_0092.png,1,0,2,clip_frozen
2634,travel_0092.png,0,1,2,clip_frozen
2647,travel_0097.png,4,4,2,clip_frozen
2648,travel_0097.png,3,4,2,clip_frozen
2649,travel_0097.png,2,3,2,clip_frozen
2654,foodstagram_0005.png,1,3,2,clip_frozen
2655,foodstagram_0005.png,0,1,2,clip_frozen
2656,foodstagram_0005.png,3,3,2,clip_frozen
2664,foodstagram_0011.png,0,4,2,clip_frozen
2665,foodstagram_0011.png,4,4,2,clip_frozen
2763,foodstagram_0021.png,4,3,2,clip_frozen
2764,foodstagram_0021.png,3,4,2,clip_frozen
2765,foodstagram_0021.png,2,4,2,clip_frozen
2766,foodstagram_0021.png,4,3,2,clip_frozen
2840,foodstagram_0037.png,4,4,2,clip_frozen
2841,foodstagram_0037.png,2,4,2,clip_frozen
2842,foodstagram_0039.png,4,4,2,clip_frozen
2843,foodstagram_0039.png,4,4,2,clip_frozen
2844,foodstagram_0039.png,4,4,2,clip_frozen
2845,foodstagram_0039.png,4,4,2,clip_frozen
2846,foodstagram_0039.png,4,4,2,clip_frozen
2847,foodstagram_0039.png,4,4,2,clip_frozen
2882,foodstagram_0054.png,3,4,2,clip_frozen
2883,foodstagram_0055.png,4,1,2,clip_frozen
2884,foodstagram_0055.png,4,1,2,clip_frozen
2885,foodstagram_0055.png,3,1,2,clip_frozen
2886,foodstagram_0055.png,3,0,2,clip_frozen
2887,foodstagram_0055.png,3,0,2,clip_frozen
2922,foodstagram_0059.png,3,3,2,clip_frozen
2923,foodstagram_0059.png,4,4,2,clip_frozen
2924,foodstagram_0059.png,4,4,2,clip_frozen
2925,foodstagram_0059.png,3,4,2,clip_frozen
2926,foodstagram_0059.png,3,4,2,clip_frozen
2979,foodstagram_0067.png,1,4,2,clip_frozen
2980,foodstagram_0067.png,1,4,2,clip_frozen
2981,foodstagram_0067.png,2,4,2,clip_frozen
2982,foodstagram_0067.png,2,4,2,clip_frozen
2983,foodstagram_0067.png,2,3,2,clip_frozen
2984,foodstagram_0067.png,1,4,2,clip_frozen
2985,foodstagram_0067.png,3,4,2,clip_frozen
2986,foodstagram_0067.png,3,3,2,clip_frozen
2987,foodstagram_0067.png,1,4,2,clip_frozen
2988,foodstagram_0067.png,1,4,2,clip_frozen
2989,foodstagram_0067.png,0,4,2,clip_frozen
2990,foodstagram_0067.png,1,4,2,clip_frozen
2991,foodstagram_0067.png,1,4,2,clip_frozen
2992,foodstagram_0067.png,0,4,2,clip_frozen
2993,foodstagram_0067.png,3,4,2,clip_frozen
2994,foodstagram_0067.png,2,4,2,clip_frozen
2995,foodstagram_0067.png,3,3,2,clip_frozen
2996,foodstagram_0067.png,1,4,2,clip_frozen
2997,foodstagram_0067.png,3,3,2,clip_frozen
3008,foodstagram_0073.png,4,4,2,clip_frozen
3009,foodstagram_0073.png,4,4,2,clip_frozen
3010,foodstagram_0073.png,4,4,2,clip_frozen
3011,foodstagram_0073.png,4,4,2,clip_frozen
3012,foodstagram_0073.png,4,4,2,clip_frozen
3013,foodstagram_0073.png,3,4,2,clip_frozen
3019,foodstagram_0075.png,4,4,2,clip_frozen
3025,foodstagram_0079.png,4,1,2,clip_frozen
3026,foodstagram_0079.png,1,4,2,clip_frozen
3027,foodstagram_0079.png,3,4,2,clip_frozen
3028,foodstagram_0079.png,1,4,2,clip_frozen
3029,foodstagram_0079.png,1,1,2,clip_frozen
3052,foodstagram_0091.png,4,4,2,clip_frozen
3053,foodstagram_0091.png,4,4,2,clip_frozen
3054,foodstagram_0091.png,3,3,2,clip_frozen
3055,foodstagram_0091.png,3,4,2,clip_frozen
3056,foodstagram_0091.png,3,4,2,clip_frozen
3116,meokstagram_0004.png,2,3,2,clip_frozen
3117,meokstagram_0004.png,0,4,2,clip_frozen
3118,meokstagram_0004.png,3,3,2,clip_frozen
3119,meokstagram_0004.png,1,4,2,clip_frozen
3120,meokstagram_0004.png,1,4,2,clip_frozen
3121,meokstagram_0004.png,1,4,2,clip_frozen
3122,meokstagram_0004.png,0,4,2,clip_frozen
3123,meokstagram_0004.png,0,4,2,clip_frozen
3140,meokstagram_0009.png,4,4,2,clip_frozen
3141,meokstagram_0009.png,4,4,2,clip_frozen
3142,meokstagram_0009.png,3,4,2,clip_frozen
3143,meokstagram_0009.png,0,3,2,clip_frozen
3144,meokstagram_0009.png,3,3,2,clip_frozen
3145,meokstagram_0009.png,4,4,2,clip_frozen
3146,meokstagram_0009.png,3,4,2,clip_frozen
3147,meokstagram_0009.png,4,4,2,clip_frozen
3148,meokstagram_0009.png,1,4,2,clip_frozen
3149,meokstagram_0009.png,1,4,2,clip_frozen
3150,meokstagram_0009.png,2,4,2,clip_frozen
3151,meokstagram_0009.png,4,4,2,clip_frozen
3152,meokstagram_0009.png,3,3,2,clip_frozen
3153,meokstagram_0009.png,1,4,2,clip_frozen
3154,meokstagram_0009.png,1,3,2,clip_frozen
3155,meokstagram_0009.png,2,4,2,clip_frozen
3156,meokstagram_0009.png,2,4,2,clip_frozen
3157,meokstagram_0009.png,3,4,2,clip_frozen
3158,meokstagram_0009.png,3,4,2,clip_frozen
3159,meokstagram_0009.png,0,4,2,clip_frozen
3160,meokstagram_0009.png,1,4,2,clip_frozen
3161,meokstagram_0009.png,1,4,2,clip_frozen
3162,meokstagram_0009.png,1,4,2,clip_frozen
3163,meokstagram_0009.png,2,4,2,clip_frozen
3164,meokstagram_0009.png,1,4,2,clip_frozen
3165,meokstagram_0009.png,0,4,2,clip_frozen
3166,meokstagram_0009.png,0,4,2,clip_frozen
3167,meokstagram_0009.png,0,4,2,clip_frozen
3168,meokstagram_0009.png,0,4,2,clip_frozen
3169,meokstagram_0009.png,0,4,2,clip_frozen
3189,meokstagram_0014.png,2,1,2,clip_frozen
3190,meokstagram_0014.png,3,4,2,clip_frozen
3191,meokstagram_0014.png,3,1,2,clip_frozen
3192,meokstagram_0014.png,2,1,2,clip_frozen
3193,meokstagram_0014.png,1,1,2,clip_frozen
3194,meokstagram_0014.png,1,3,2,clip_frozen
3242,meokstagram_0025.png,1,4,2,clip_frozen
3243,meokstagram_0025.png,3,4,2,clip_frozen
3244,meokstagram_0025.png,2,4,2,clip_frozen
3245,meokstagram_0025.png,3,4,2,clip_frozen
3246,meokstagram_0025.png,1,4,2,clip_frozen
3291,meokstagram_0036.png,4,4,2,clip_frozen
3292,meokstagram_0036.png,4,4,2,clip_frozen
3293,meokstagram_0036.png,2,4,2,clip_frozen
3386,meokstagram_0051.png,0,4,2,clip_frozen
3387,meokstagram_0051.png,3,4,2,clip_frozen
3388,meokstagram_0051.png,0,4,2,clip_frozen
3389,meokstagram_0051.png,0,4,2,clip_frozen
3390,meokstagram_0051.png,1,3,2,clip_frozen
3391,meokstagram_0052.png,4,4,2,clip_frozen
3392,meokstagram_0052.png,4,4,2,clip_frozen
3393,meokstagram_0052.png,4,4,2,clip_frozen
3421,meokstagram_0056.png,0,4,2,clip_frozen
3422,meokstagram_0056.png,0,4,2,clip_frozen
3423,meokstagram_0056.png,0,4,2,clip_frozen
3424,meokstagram_0056.png,1,3,2,clip_frozen
3425,meokstagram_0056.png,0,4,2,clip_frozen
3426,meokstagram_0057.png,3,4,2,clip_frozen
3427,meokstagram_0057.png,4,4,2,clip_frozen
3428,meokstagram_0057.png,2,4,2,clip_frozen
3429,meokstagram_0057.png,3,4,2,clip_frozen
3430,meokstagram_0057.png,3,4,2,clip_frozen
3431,meokstagram_0057.png,2,4,2,clip_frozen
3432,meokstagram_0057.png,2,4,2,clip_frozen
3433,meokstagram_0057.png,3,4,2,clip_frozen
3434,meokstagram_0057.png,4,4,2,clip_frozen
3435,meokstagram_0057.png,3,4,2,clip_frozen
3436,meokstagram_0057.png,1,4,2,clip_frozen
3437,meokstagram_0057.png,2,4,2,clip_frozen
3438,meokstagram_0057.png,3,4,2,clip_frozen
3439,meokstagram_0057.png,4,4,2,clip_frozen
3440,meokstagram_0057.png,2,4,2,clip_frozen
3441,meokstagram_0057.png,3,4,2,clip_frozen
3442,meokstagram_0058.png,4,4,2,clip_frozen
3443,meokstagram_0059.png,3,4,2,clip_frozen
3444,meokstagram_0059.png,0,4,2,clip_frozen
3445,meokstagram_0059.png,0,4,2,clip_frozen
3446,meokstagram_0059.png,3,4,2,clip_frozen
3447,meokstagram_0059.png,4,4,2,clip_frozen
3452,meokstagram_0061.png,2,4,2,clip_frozen
3453,meokstagram_0061.png,1,3,2,clip_frozen
3454,meokstagram_0061.png,3,4,2,clip_frozen
3455,meokstagram_0061.png,4,4,2,clip_frozen
3456,meokstagram_0061.png,4,4,2,clip_frozen
3457,meokstagram_0061.png,2,4,2,clip_frozen
3458,meokstagram_0061.png,2,4,2,clip_frozen
3459,meokstagram_0061.png,1,4,2,clip_frozen
3460,meokstagram_0061.png,1,3,2,clip_frozen
3461,meokstagram_0061.png,1,3,2,clip_frozen
3462,meokstagram_0061.png,1,3,2,clip_frozen
3463,meokstagram_0061.png,3,3,2,clip_frozen
3464,meokstagram_0061.png,3,3,2,clip_frozen
3465,meokstagram_0061.png,4,4,2,clip_frozen
3466,meokstagram_0061.png,1,4,2,clip_frozen
3467,meokstagram_0061.png,1,4,2,clip_frozen
3468,meokstagram_0061.png,1,4,2,clip_frozen
3469,meokstagram_0061.png,1,4,2,clip_frozen
3482,meokstagram_0069.png,4,4,2,clip_frozen
3483,meokstagram_0069.png,4,4,2,clip_frozen
3484,meokstagram_0069.png,3,4,2,clip_frozen
3485,meokstagram_0069.png,1,4,2,clip_frozen
3493,meokstagram_0071.png,4,4,2,clip_frozen
3494,meokstagram_0071.png,4,4,2,clip_frozen
3495,meokstagram_0071.png,4,4,2,clip_frozen
3496,meokstagram_0071.png,4,4,2,clip_frozen
3497,meokstagram_0071.png,1,4,2,clip_frozen
3498,meokstagram_0071.png,0,4,2,clip_frozen
3499,meokstagram_0071.png,4,4,2,clip_frozen
3500,meokstagram_0071.png,1,4,2,clip_frozen
3501,meokstagram_0071.png,3,4,2,clip_frozen
3502,meokstagram_0071.png,2,4,2,clip_frozen
3503,meokstagram_0071.png,2,4,2,clip_frozen
3504,meokstagram_0071.png,1,4,2,clip_frozen
3505,meokstagram_0071.png,0,4,2,clip_frozen
3529,meokstagram_0073.png,4,4,2,clip_frozen
3530,meokstagram_0073.png,1,4,2,clip_frozen
3531,meokstagram_0073.png,1,4,2,clip_frozen
3532,meokstagram_0073.png,4,4,2,clip_frozen
3533,meokstagram_0073.png,4,4,2,clip_frozen
3534,meokstagram_0073.png,4,4,2,clip_frozen
3535,meokstagram_0073.png,4,4,2,clip_frozen
3536,meokstagram_0073.png,3,4,2,clip_frozen
3537,meokstagram_0073.png,4,4,2,clip_frozen
3538,meokstagram_0073.png,4,4,2,clip_frozen
3539,meokstagram_0073.png,3,4,2,clip_frozen
3540,meokstagram_0073.png,3,4,2,clip_frozen
3541,meokstagram_0073.png,3,4,2,clip_frozen
3542,meokstagram_0073.png,4,4,2,clip_frozen
3543,meokstagram_0073.png,3,3,2,clip_frozen
3544,meokstagram_0073.png,2,4,2,clip_frozen
3545,meokstagram_0073.png,0,4,2,clip_frozen
3546,meokstagram_0073.png,2,4,2,clip_frozen
3547,meokstagram_0073.png,2,4,2,clip_frozen
3573,meokstagram_0084.png,4,4,2,clip_frozen
3574,meokstagram_0084.png,4,4,2,clip_frozen
3575,meokstagram_0084.png,4,4,2,clip_frozen
3607,meokstagram_0095.png,4,4,2,clip_frozen
3608,meokstagram_0095.png,1,4,2,clip_frozen
3609,meokstagram_0095.png,1,4,2,clip_frozen
3610,meokstagram_0095.png,3,4,2,clip_frozen
3611,meokstagram_0095.png,3,4,2,clip_frozen
3628,meokstagram_0100.png,1,4,2,clip_frozen
3629,meokstagram_0100.png,1,4,2,clip_frozen
3630,meokstagram_0100.png,1,4,2,clip_frozen
3631,meokstagram_0100.png,1,4,2,clip_frozen
3632,meokstagram_0100.png,2,4,2,clip_frozen
3638,jmt_0003.png,0,4,2,clip_frozen
3639,jmt_0003.png,3,4,2,clip_frozen
3640,jmt_0003.png,2,4,2,clip_frozen
3641,jmt_0003.png,0,4,2,clip_frozen
3642,jmt_0003.png,4,4,2,clip_frozen
3648,jmt_0006.png,3,3,2,clip_frozen
3649,jmt_0006.png,1,4,2,clip_frozen
3656,jmt_0009.png,4,4,2,clip_frozen
3657,jmt_0009.png,4,4,2,clip_frozen
3658,jmt_0011.png,3,1,2,clip_frozen
3659,jmt_0011.png,4,1,2,clip_frozen
3660,jmt_0011.png,2,0,2,clip_frozen
3661,jmt_0011.png,1,3,2,clip_frozen
3662,jmt_0011.png,1,3,2,clip_frozen
3668,jmt_0013.png,4,4,2,clip_frozen
3669,jmt_0013.png,2,4,2,clip_frozen
3670,jmt_0013.png,4,4,2,clip_frozen
3671,jmt_0013.png,3,4,2,clip_frozen
3672,jmt_0013.png,4,4,2,clip_frozen
3727,jmt_0034.png,1,4,2,clip_frozen
3728,jmt_0034.png,4,3,2,clip_frozen
3729,jmt_0034.png,4,4,2,clip_frozen
3730,jmt_0034.png,4,4,2,clip_frozen
3731,jmt_0034.png,3,4,2,clip_frozen
3735,jmt_0037.png,4,4,2,clip_frozen
3736,jmt_0037.png,4,4,2,clip_frozen
3776,jmt_0048.png,1,0,2,clip_frozen
3777,jmt_0048.png,0,1,2,clip_frozen
3778,jmt_0048.png,1,0,2,clip_frozen
3780,jmt_0051.png,4,4,2,clip_frozen
3781,jmt_0051.png,1,4,2,clip_frozen
3782,jmt_0053.png,4,4,2,clip_frozen
3825,jmt_0069.png,4,4,2,clip_frozen
3826,jmt_0069.png,4,4,2,clip_frozen
3827,jmt_0069.png,3,4,2,clip_frozen
3828,jmt_0069.png,4,4,2,clip_frozen
3829,jmt_0069.png,3,3,2,clip_frozen
3881,jmt_0079.png,4,0,2,clip_frozen
3882,jmt_0079.png,4,0,2,clip_frozen
3883,jmt_0079.png,4,0,2,clip_frozen
3884,jmt_0079.png,3,0,2,clip_frozen
3886,jmt_0081.png,3,4,2,clip_frozen
3887,jmt_0081.png,2,4,2,clip_frozen
3888,jmt_0081.png,4,4,2,clip_frozen
3889,jmt_0081.png,4,4,2,clip_frozen
3890,jmt_0081.png,3,4,2,clip_frozen
3906,jmt_0087.png,4,4,2,clip_frozen
3907,jmt_0087.png,4,4,2,clip_frozen
3908,jmt_0087.png,4,3,2,clip_frozen
3909,jmt_0087.png,4,3,2,clip_frozen
3910,jmt_0087.png,4,3,2,clip_frozen
3936,jmt_0096.png,4,3,2,clip_frozen
3937,jmt_0096.png,3,4,2,clip_frozen
3938,jmt_0096.png,1,4,2,clip_frozen
3939,jmt_0096.png,3,4,2,clip_frozen
3940,jmt_0096.png,2,4,2,clip_frozen
3946,jmt_0099.png,2,4,2,clip_frozen
3947,jmt_0099.png,4,4,2,clip_frozen
3948,jmt_0099.png,3,4,2,clip_frozen
3949,jmt_0100.png,4,0,2,clip_frozen
3950,jmt_0100.png,4,0,2,clip_frozen
3951,jmt_0100.png,4,0,2,clip_frozen
3952,jmt_0100.png,3,0,2,clip_frozen
3953,jmt_0100.png,3,0,2,clip_frozen
3954,jmt_0100.png,2,0,2,clip_frozen
3955,jmt_0100.png,2,0,2,clip_frozen
3956,jmt_0100.png,3,0,2,clip_frozen
3957,jmt_0100.png,3,0,2,clip_frozen
3958,jmt_0100.png,1,0,2,clip_frozen
3959,jmt_0100.png,3,0,2,clip_frozen
3960,makeup_0002.png,4,3,2,clip_frozen
3979,makeup_0008.png,3,3,2,clip_frozen
3980,makeup_0008.png,4,3,2,clip_frozen
3981,makeup_0008.png,4,3,2,clip_frozen
4000,makeup_0019.png,4,1,2,clip_frozen
4001,makeup_0019.png,2,1,2,clip_frozen
4002,makeup_0019.png,3,1,2,clip_frozen
4003,makeup_0019.png,1,1,2,clip_frozen
4004,makeup_0019.png,3,3,2,clip_frozen
4051,makeup_0031.png,2,3,2,clip_frozen
4052,makeup_0031.png,3,3,2,clip_frozen
4053,makeup_0031.png,3,3,2,clip_frozen
4054,makeup_0031.png,4,3,2,clip_frozen
4055,makeup_0031.png,0,3,2,clip_frozen
4056,makeup_0031.png,0,3,2,clip_frozen
4057,makeup_0031.png,3,3,2,clip_frozen
4058,makeup_0031.png,4,3,2,clip_frozen
4059,makeup_0031.png,2,3,2,clip_frozen
4060,makeup_0031.png,4,3,2,clip_frozen
4061,makeup_0031.png,4,3,2,clip_frozen
4062,makeup_0031.png,0,3,2,clip_frozen
4076,makeup_0034.png,2,3,2,clip_frozen
4077,makeup_0034.png,4,3,2,clip_frozen
4078,makeup_0034.png,4,3,2,clip_frozen
4079,makeup_0034.png,3,4,2,clip_frozen
4096,makeup_0036.png,4,1,2,clip_frozen
4097,makeup_0036.png,4,1,2,clip_frozen
4098,makeup_0036.png,4,1,2,clip_frozen
4099,makeup_0036.png,1,1,2,clip_frozen
4100,makeup_0036.png,0,1,2,clip_frozen
4101,makeup_0037.png,3,3,2,clip_frozen
4102,makeup_0037.png,3,1,2,clip_frozen
4103,makeup_0037.png,2,1,2,clip_frozen
4141,makeup_0048.png,4,4,2,clip_frozen
4142,makeup_0048.png,4,1,2,clip_frozen
4143,makeup_0048.png,3,4,2,clip_frozen
4144,makeup_0048.png,1,1,2,clip_frozen
4145,makeup_0048.png,4,1,2,clip_frozen
4146,makeup_0049.png,4,3,2,clip_frozen
4147,makeup_0049.png,4,3,2,clip_frozen
4148,makeup_0049.png,2,3,2,clip_frozen
4149,makeup_0049.png,1,3,2,clip_frozen
4150,makeup_0049.png,4,3,2,clip_frozen
4151,makeup_0049.png,1,3,2,clip_frozen
4152,makeup_0049.png,3,3,2,clip_frozen
4153,makeup_0049.png,1,3,2,clip_frozen
4154,makeup_0049.png,1,3,2,clip_frozen
4155,makeup_0049.png,3,3,2,clip_frozen
4156,makeup_0049.png,1,3,2,clip_frozen
4157,makeup_0049.png,0,3,2,clip_frozen
4255,makeup_0078.png,4,3,2,clip_frozen
4256,makeup_0078.png,4,3,2,clip_frozen
4257,makeup_0078.png,3,3,2,clip_frozen
4258,makeup_0078.png,3,3,2,clip_frozen
4259,makeup_0078.png,2,3,2,clip_frozen
4321,makeup_0089.png,4,1,2,clip_frozen
4322,makeup_0089.png,2,1,2,clip_frozen
4323,makeup_0089.png,4,1,2,clip_frozen
4324,makeup_0089.png,4,1,2,clip_frozen
4325,makeup_0089.png,4,1,2,clip_frozen
4326,makeup_0089.png,4,1,2,clip_frozen
4339,makeup_0099.png,4,4,2,clip_frozen
4340,makeup_0099.png,4,1,2,clip_frozen
4349,dailymakeup_0003.png,4,1,2,clip_frozen
4364,dailymakeup_0010.png,3,1,2,clip_frozen
4365,dailymakeup_0010.png,3,3,2,clip_frozen
4366,dailymakeup_0010.png,4,1,2,clip_frozen
4367,dailymakeup_0010.png,3,3,2,clip_frozen
4414,dailymakeup_0019.png,4,3,2,clip_frozen
4415,dailymakeup_0019.png,3,3,2,clip_frozen
4416,dailymakeup_0019.png,1,3,2,clip_frozen
4417,dailymakeup_0019.png,1,3,2,clip_frozen
4505,dailymakeup_0033.png,3,1,2,clip_frozen
4506,dailymakeup_0033.png,4,1,2,clip_frozen
4507,dailymakeup_0033.png,2,1,2,clip_frozen
4508,dailymakeup_0033.png,2,1,2,clip_frozen
4509,dailymakeup_0033.png,1,4,2,clip_frozen
4510,dailymakeup_0033.png,1,4,2,clip_frozen
4511,dailymakeup_0033.png,1,3,2,clip_frozen
4512,dailymakeup_0033.png,3,3,2,clip_frozen
4513,dailymakeup_0033.png,1,1,2,clip_frozen
4514,dailymakeup_0033.png,1,1,2,clip_frozen
4554,dailymakeup_0042.png,1,3,2,clip_frozen
4555,dailymakeup_0042.png,2,3,2,clip_frozen
4556,dailymakeup_0042.png,2,3,2,clip_frozen
4557,dailymakeup_0042.png,4,3,2,clip_frozen
4558,dailymakeup_0042.png,1,3,2,clip_frozen
4559,dailymakeup_0042.png,1,3,2,clip_frozen
4560,dailymakeup_0042.png,2,3,2,clip_frozen
4561,dailymakeup_0042.png,1,3,2,clip_frozen
4562,dailymakeup_0042.png,3,3,2,clip_frozen
4563,dailymakeup_0042.png,4,3,2,clip_frozen
4564,dailymakeup_0042.png,4,3,2,clip_frozen
4565,dailymakeup_0042.png,2,3,2,clip_frozen
4566,dailymakeup_0042.png,3,3,2,clip_frozen
4567,dailymakeup_0042.png,1,3,2,clip_frozen
4568,dailymakeup_0042.png,3,3,2,clip_frozen
4569,dailymakeup_0042.png,4,3,2,clip_frozen
4570,dailymakeup_0042.png,4,3,2,clip_frozen
4575,dailymakeup_0045.png,4,3,2,clip_frozen
4576,dailymakeup_0045.png,1,1,2,clip_frozen
4577,dailymakeup_0045.png,1,1,2,clip_frozen
4578,dailymakeup_0045.png,1,1,2,clip_frozen
4579,dailymakeup_0045.png,1,1,2,clip_frozen
4580,dailymakeup_0045.png,3,1,2,clip_frozen
4581,dailymakeup_0045.png,2,1,2,clip_frozen
4582,dailymakeup_0046.png,4,3,2,clip_frozen
4583,dailymakeup_0046.png,4,3,2,clip_frozen
4584,dailymakeup_0046.png,2,3,2,clip_frozen
4655,dailymakeup_0058.png,4,3,2,clip_frozen
4656,dailymakeup_0058.png,4,3,2,clip_frozen
4657,dailymakeup_0058.png,4,3,2,clip_frozen
4658,dailymakeup_0058.png,4,3,2,clip_frozen
4659,dailymakeup_0058.png,4,3,2,clip_frozen
4660,dailymakeup_0058.png,3,1,2,clip_frozen
4664,dailymakeup_0060.png,4,1,2,clip_frozen
4717,dailymakeup_0073.png,4,3,2,clip_frozen
4722,dailymakeup_0075.png,1,1,2,clip_frozen
4723,dailymakeup_0075.png,2,1,2,clip_frozen
4724,dailymakeup_0075.png,3,1,2,clip_frozen
4725,dailymakeup_0075.png,1,1,2,clip_frozen
4726,dailymakeup_0075.png,0,1,2,clip_frozen
4742,dailymakeup_0082.png,2,1,2,clip_frozen
4743,dailymakeup_0082.png,3,3,2,clip_frozen
4744,dailymakeup_0082.png,3,1,2,clip_frozen
4745,dailymakeup_0082.png,4,1,2,clip_frozen
4746,dailymakeup_0082.png,3,1,2,clip_frozen
4748,dailymakeup_0084.png,2,1,2,clip_frozen
4749,dailymakeup_0084.png,0,1,2,clip_frozen
4750,dailymakeup_0084.png,2,1,2,clip_frozen
4751,dailymakeup_0084.png,3,3,2,clip_frozen
4752,dailymakeup_0084.png,2,1,2,clip_frozen
4753,dailymakeup_0084.png,1,1,2,clip_frozen
4754,dailymakeup_0084.png,1,1,2,clip_frozen
4755,dailymakeup_0084.png,3,1,2,clip_frozen
4756,dailymakeup_0084.png,3,1,2,clip_frozen
4757,dailymakeup_0084.png,1,1,2,clip_frozen
4781,dailymakeup_0091.png,3,1,2,clip_frozen
4782,dailymakeup_0091.png,1,1,2,clip_frozen
4783,dailymakeup_0091.png,2,1,2,clip_frozen
4784,dailymakeup_0091.png,1,1,2,clip_frozen
4793,dailymakeup_0096.png,3,3,2,clip_frozen
4794,dailymakeup_0096.png,4,3,2,clip_frozen
4795,dailymakeup_0096.png,3,1,2,clip_frozen
4796,dailymakeup_0096.png,2,3,2,clip_frozen
4797,dailymakeup_0096.png,3,3,2,clip_frozen
4821,kkuankku_0003.png,3,3,2,clip_frozen
4822,kkuankku_0003.png,3,3,2,clip_frozen
4823,kkuankku_0003.png,3,3,2,clip_frozen
4824,kkuankku_0003.png,4,3,2,clip_frozen
4825,kkuankku_0003.png,2,3,2,clip_frozen
4942,kkuankku_0034.png,4,1,2,clip_frozen
4943,kkuankku_0034.png,2,1,2,clip_frozen
4944,kkuankku_0034.png,4,1,2,clip_frozen
4945,kkuankku_0034.png,3,1,2,clip_frozen
4946,kkuankku_0034.png,3,1,2,clip_frozen
4992,kkuankku_0052.png,4,3,2,clip_frozen
4993,kkuankku_0052.png,4,3,2,clip_frozen
4994,kkuankku_0052.png,3,4,2,clip_frozen
4995,kkuankku_0052.png,4,3,2,clip_frozen
5065,kkuankku_0069.png,4,3,2,clip_frozen
5066,kkuankku_0069.png,3,3,2,clip_frozen
5067,kkuankku_0069.png,3,3,2,clip_frozen
5068,kkuankku_0069.png,1,3,2,clip_frozen
5070,kkuankku_0072.png,2,3,2,clip_frozen
5071,kkuankku_0072.png,3,3,2,clip_frozen
5072,kkuankku_0072.png,3,3,2,clip_frozen
5073,kkuankku_0072.png,2,3,2,clip_frozen
5074,kkuankku_0072.png,2,3,2,clip_frozen
5075,kkuankku_0072.png,4,3,2,clip_frozen
5076,kkuankku_0072.png,4,3,2,clip_frozen
5077,kkuankku_0072.png,3,3,2,clip_frozen
5078,kkuankku_0072.png,3,3,2,clip_frozen
5079,kkuankku_0072.png,3,3,2,clip_frozen
5083,kkuankku_0079.png,4,3,2,clip_frozen
5084,kkuankku_0079.png,4,3,2,clip_frozen
5085,kkuankku_0079.png,4,3,2,clip_frozen
5086,kkuankku_0079.png,4,4,2,clip_frozen
5087,kkuankku_0079.png,2,3,2,clip_frozen
5088,kkuankku_0079.png,3,3,2,clip_frozen
5089,kkuankku_0079.png,1,3,2,clip_frozen
5105,kkuankku_0089.png,4,3,2,clip_frozen
5106,kkuankku_0089.png,4,4,2,clip_frozen
5107,kkuankku_0089.png,4,3,2,clip_frozen
5108,kkuankku_0089.png,3,3,2,clip_frozen
5109,kkuankku_0089.png,3,3,2,clip_frozen
5115,kkuankku_0097.png,2,3,2,clip_frozen
5116,kkuankku_0097.png,1,3,2,clip_frozen
5117,kkuankku_0097.png,4,3,2,clip_frozen
5118,kkuankku_0097.png,4,3,2,clip_frozen
5119,kkuankku_0097.png,4,3,2,clip_frozen
5120,kkuankku_0097.png,4,3,2,clip_frozen
5121,kkuankku_0097.png,3,3,2,clip_frozen
5122,kkuankku_0097.png,3,3,2,clip_frozen
5123,kkuankku_0097.png,1,3,2,clip_frozen
5124,kkuankku_0097.png,1,3,2,clip_frozen
5125,kkuankku_0097.png,1,3,2,clip_frozen
5126,kkuankku_0097.png,3,3,2,clip_frozen
5127,kkuankku_0097.png,4,3,2,clip_frozen
5128,kkuankku_0097.png,2,3,2,clip_frozen
5129,kkuankku_0097.png,2,3,2,clip_frozen
5130,kkuankku_0097.png,3,3,2,clip_frozen
5131,kkuankku_0097.png,1,3,2,clip_frozen
5132,kkuankku_0097.png,4,3,2,clip_frozen
5133,kkuankku_0097.png,4,3,2,clip_frozen
5134,kkuankku_0097.png,3,3,2,clip_frozen
5135,kkuankku_0097.png,3,3,2,clip_frozen
5152,kkuankku_0099.png,4,3,2,clip_frozen
5153,kkuankku_0099.png,3,3,2,clip_frozen
5154,kkuankku_0099.png,3,3,2,clip_frozen
5155,kkuankku_0099.png,3,3,2,clip_frozen
5156,kkuankku_0099.png,4,3,2,clip_frozen
5157,kkuankku_0099.png,3,3,2,clip_frozen
5158,kkuankku_0099.png,3,3,2,clip_frozen
5159,kkuankku_0099.png,4,3,2,clip_frozen
5160,kkuankku_0099.png,3,3,2,clip_frozen
5161,kkuankku_0099.png,4,3,2,clip_frozen
5162,kkuankku_0099.png,4,3,2,clip_frozen
5163,kkuankku_0099.png,2,3,2,clip_frozen
5164,kkuankku_0099.png,1,3,2,clip_frozen
5165,kkuankku_0099.png,2,3,2,clip_frozen
5166,kkuankku_0099.png,1,4,2,clip_frozen
5167,kkuankku_0099.png,0,2,2,clip_frozen
5168,kkuankku_0099.png,4,4,2,clip_frozen
5169,kkuankku_0099.png,4,3,2,clip_frozen
5170,kkuankku_0099.png,4,3,2,clip_frozen
5171,kkuankku_0099.png,4,3,2,clip_frozen
5172,kkuankku_0099.png,4,3,2,clip_frozen
5173,kkuankku_0099.png,4,3,2,clip_frozen
5174,kkuankku_0099.png,3,3,2,clip_frozen
5175,kkuankku_0099.png,3,3,2,clip_frozen
5176,kkuankku_0099.png,2,3,2,clip_frozen
5177,kkuankku_0099.png,3,4,2,clip_frozen
5208,dailylook_0005.png,2,3,2,clip_frozen
5209,dailylook_0005.png,1,2,2,clip_frozen
5210,dailylook_0005.png,4,3,2,clip_frozen
5211,dailylook_0005.png,1,1,2,clip_frozen
5212,dailylook_0005.png,4,1,2,clip_frozen
5213,dailylook_0005.png,3,3,2,clip_frozen
5214,dailylook_0005.png,1,1,2,clip_frozen
5215,dailylook_0005.png,2,1,2,clip_frozen
5216,dailylook_0005.png,0,1,2,clip_frozen
5217,dailylook_0005.png,1,1,2,clip_frozen
5218,dailylook_0005.png,1,3,2,clip_frozen
5219,dailylook_0005.png,2,1,2,clip_frozen
5220,dailylook_0005.png,2,2,2,clip_frozen
5221,dailylook_0005.png,1,2,2,clip_frozen
5222,dailylook_0008.png,3,3,2,clip_frozen
5223,dailylook_0008.png,4,4,2,clip_frozen
5224,dailylook_0008.png,4,3,2,clip_frozen
5225,dailylook_0008.png,3,3,2,clip_frozen
5254,dailylook_0011.png,1,3,2,clip_frozen
5255,dailylook_0011.png,2,3,2,clip_frozen
5256,dailylook_0011.png,3,3,2,clip_frozen
5257,dailylook_0011.png,3,3,2,clip_frozen
5258,dailylook_0011.png,1,3,2,clip_frozen
5259,dailylook_0012.png,4,3,2,clip_frozen
5260,dailylook_0012.png,3,3,2,clip_frozen
5261,dailylook_0012.png,3,3,2,clip_frozen
5262,dailylook_0012.png,3,3,2,clip_frozen
5263,dailylook_0012.png,3,3,2,clip_frozen
5274,dailylook_0017.png,3,3,2,clip_frozen
5275,dailylook_0017.png,3,3,2,clip_frozen
5276,dailylook_0017.png,3,3,2,clip_frozen
5277,dailylook_0017.png,1,3,2,clip_frozen
5289,dailylook_0020.png,4,2,2,clip_frozen
5290,dailylook_0020.png,4,2,2,clip_frozen
5291,dailylook_0020.png,1,2,2,clip_frozen
5292,dailylook_0020.png,1,2,2,clip_frozen
5293,dailylook_0020.png,0,2,2,clip_frozen
5294,dailylook_0020.png,0,2,2,clip_frozen
5295,dailylook_0020.png,0,2,2,clip_frozen
5296,dailylook_0020.png,1,2,2,clip_frozen
5311,dailylook_0026.png,3,3,2,clip_frozen
5312,dailylook_0026.png,3,3,2,clip_frozen
5313,dailylook_0026.png,2,3,2,clip_frozen
5314,dailylook_0026.png,3,3,2,clip_frozen
5315,dailylook_0026.png,4,3,2,clip_frozen
5316,dailylook_0026.png,3,3,2,clip_frozen
5328,dailylook_0038.png,4,3,2,clip_frozen
5329,dailylook_0038.png,2,3,2,clip_frozen
5330,dailylook_0038.png,3,3,2,clip_frozen
5331,dailylook_0038.png,4,3,2,clip_frozen
5332,dailylook_0038.png,4,3,2,clip_frozen
5333,dailylook_0038.png,3,4,2,clip_frozen
5362,dailylook_0046.png,3,1,2,clip_frozen
5363,dailylook_0046.png,3,3,2,clip_frozen
5364,dailylook_0046.png,4,1,2,clip_frozen
5365,dailylook_0046.png,3,1,2,clip_frozen
5366,dailylook_0046.png,2,1,2,clip_frozen
5367,dailylook_0048.png,4,4,2,clip_frozen
5368,dailylook_0048.png,3,3,2,clip_frozen
5369,dailylook_0048.png,4,3,2,clip_frozen
5370,dailylook_0048.png,2,3,2,clip_frozen
5371,dailylook_0048.png,4,4,2,clip_frozen
5372,dailylook_0048.png,1,4,2,clip_frozen
5373,dailylook_0048.png,1,4,2,clip_frozen
5374,dailylook_0048.png,1,3,2,clip_frozen
5401,dailylook_0054.png,1,2,2,clip_frozen
5402,dailylook_0054.png,2,2,2,clip_frozen
5403,dailylook_0054.png,3,2,2,clip_frozen
5404,dailylook_0054.png,4,1,2,clip_frozen
5405,dailylook_0054.png,2,1,2,clip_frozen
5431,dailylook_0061.png,1,1,2,clip_frozen
5432,dailylook_0062.png,4,3,2,clip_frozen
5433,dailylook_0062.png,3,3,2,clip_frozen
5434,dailylook_0062.png,4,3,2,clip_frozen
5435,dailylook_0062.png,3,3,2,clip_frozen
5436,dailylook_0062.png,3,3,2,clip_frozen
5459,dailylook_0071.png,1,1,2,clip_frozen
5460,dailylook_0071.png,3,3,2,clip_frozen
5461,dailylook_0071.png,2,1,2,clip_frozen
5462,dailylook_0071.png,1,1,2,clip_frozen
5463,dailylook_0071.png,0,1,2,clip_frozen
5464,dailylook_0073.png,4,1,2,clip_frozen
5465,dailylook_0073.png,2,1,2,clip_frozen
5466,dailylook_0073.png,4,3,2,clip_frozen
5467,dailylook_0073.png,4,1,2,clip_frozen
5468,dailylook_0074.png,4,3,2,clip_frozen
5469,dailylook_0074.png,4,3,2,clip_frozen
5470,dailylook_0074.png,4,3,2,clip_frozen
5471,dailylook_0074.png,3,3,2,clip_frozen
5472,dailylook_0074.png,3,3,2,clip_frozen
5473,dailylook_0074.png,2,3,2,clip_frozen
5474,dailylook_0077.png,4,3,2,clip_frozen
5475,dailylook_0077.png,4,3,2,clip_frozen
5476,dailylook_0077.png,4,3,2,clip_frozen
5477,dailylook_0077.png,4,3,2,clip_frozen
5478,dailylook_0077.png,3,3,2,clip_frozen
5494,dailylook_0083.png,3,1,2,clip_frozen
5495,dailylook_0083.png,4,3,2,clip_frozen
5496,dailylook_0083.png,4,1,2,clip_frozen
5497,dailylook_0083.png,4,3,2,clip_frozen
5498,dailylook_0083.png,0,1,2,clip_frozen
5499,dailylook_0087.png,3,4,2,clip_frozen
5524,dailylook_0089.png,4,1,2,clip_frozen
5525,dailylook_0089.png,0,1,2,clip_frozen
5595,ootd_0005.png,4,1,2,clip_frozen
5596,ootd_0005.png,4,3,2,clip_frozen
5597,ootd_0005.png,3,1,2,clip_frozen
5598,ootd_0005.png,3,3,2,clip_frozen
5599,ootd_0005.png,3,3,2,clip_frozen
5600,ootd_0005.png,4,3,2,clip_frozen
5606,ootd_0008.png,3,3,2,clip_frozen
5607,ootd_0008.png,3,3,2,clip_frozen
5608,ootd_0008.png,3,3,2,clip_frozen
5609,ootd_0008.png,2,3,2,clip_frozen
5610,ootd_0008.png,3,3,2,clip_frozen
5616,ootd_0014.png,4,1,2,clip_frozen
5638,ootd_0017.png,1,1,2,clip_frozen
5639,ootd_0017.png,0,1,2,clip_frozen
5640,ootd_0017.png,1,1,2,clip_frozen
5641,ootd_0017.png,2,1,2,clip_frozen
5642,ootd_0017.png,2,1,2,clip_frozen
5643,ootd_0017.png,3,1,2,clip_frozen
5644,ootd_0017.png,3,1,2,clip_frozen
5645,ootd_0017.png,2,1,2,clip_frozen
5646,ootd_0017.png,1,1,2,clip_frozen
5647,ootd_0017.png,3,3,2,clip_frozen
5648,ootd_0017.png,3,3,2,clip_frozen
5649,ootd_0017.png,0,1,2,clip_frozen
5650,ootd_0017.png,0,1,2,clip_frozen
5651,ootd_0017.png,3,1,2,clip_frozen
5652,ootd_0017.png,0,1,2,clip_frozen
5653,ootd_0017.png,0,1,2,clip_frozen
5654,ootd_0017.png,3,3,2,clip_frozen
5840,ootd_0083.png,4,0,2,clip_frozen
5841,ootd_0083.png,3,1,2,clip_frozen
5842,ootd_0083.png,4,3,2,clip_frozen
5843,ootd_0083.png,4,3,2,clip_frozen
5844,ootd_0083.png,3,1,2,clip_frozen
5944,fashionista_0007.png,2,1,2,clip_frozen
5945,fashionista_0007.png,3,1,2,clip_frozen
5946,fashionista_0007.png,4,1,2,clip_frozen
5947,fashionista_0008.png,1,1,2,clip_frozen
5948,fashionista_0008.png,3,1,2,clip_frozen
5949,fashionista_0008.png,3,1,2,clip_frozen
5950,fashionista_0008.png,4,1,2,clip_frozen
5951,fashionista_0008.png,2,1,2,clip_frozen
5957,fashionista_0021.png,0,0,2,clip_frozen
5958,fashionista_0021.png,1,1,2,clip_frozen
5969,fashionista_0027.png,4,3,2,clip_frozen
5970,fashionista_0027.png,4,3,2,clip_frozen
5971,fashionista_0027.png,3,3,2,clip_frozen
5972,fashionista_0027.png,4,3,2,clip_frozen
5973,fashionista_0027.png,4,3,2,clip_frozen
5974,fashionista_0027.png,3,3,2,clip_frozen
5975,fashionista_0027.png,2,3,2,clip_frozen
5976,fashionista_0027.png,3,3,2,clip_frozen
5977,fashionista_0027.png,4,3,2,clip_frozen
5978,fashionista_0027.png,4,3,2,clip_frozen
5979,fashionista_0027.png,3,3,2,clip_frozen
5980,fashionista_0027.png,3,3,2,clip_frozen
5981,fashionista_0027.png,3,3,2,clip_frozen
5982,fashionista_0027.png,4,3,2,clip_frozen
5989,fashionista_0034.png,4,3,2,clip_frozen
5990,fashionista_0034.png,4,1,2,clip_frozen
5991,fashionista_0034.png,2,1,2,clip_frozen
5992,fashionista_0034.png,1,3,2,clip_frozen
6001,fashionista_0040.png,1,1,2,clip_frozen
6002,fashionista_0040.png,2,1,2,clip_frozen
6003,fashionista_0040.png,1,0,2,clip_frozen
6004,fashionista_0040.png,2,0,2,clip_frozen
6005,fashionista_0040.png,4,0,2,clip_frozen
6006,fashionista_0041.png,3,1,2,clip_frozen
6007,fashionista_0041.png,4,0,2,clip_frozen
6008,fashionista_0042.png,1,1,2,clip_frozen
6009,fashionista_0042.png,1,1,2,clip_frozen
6010,fashionista_0042.png,3,1,2,clip_frozen
6011,fashionista_0042.png,0,1,2,clip_frozen
6012,fashionista_0042.png,2,1,2,clip_frozen
6013,fashionista_0042.png,2,1,2,clip_frozen
6014,fashionista_0042.png,1,1,2,clip_frozen
6015,fashionista_0042.png,2,1,2,clip_frozen
6016,fashionista_0042.png,2,1,2,clip_frozen
6017,fashionista_0042.png,1,1,2,clip_frozen
6018,fashionista_0042.png,0,1,2,clip_frozen
6019,fashionista_0042.png,0,1,2,clip_frozen
6020,fashionista_0042.png,3,3,2,clip_frozen
6021,fashionista_0042.png,3,1,2,clip_frozen
6022,fashionista_0042.png,2,3,2,clip_frozen
6023,fashionista_0042.png,3,1,2,clip_frozen
6024,fashionista_0042.png,2,3,2,clip_frozen
6025,fashionista_0042.png,3,1,2,clip_frozen
6026,fashionista_0042.png,3,3,2,clip_frozen
6027,fashionista_0042.png,3,1,2,clip_frozen
6028,fashionista_0042.png,2,1,2,clip_frozen
6029,fashionista_0042.png,4,1,2,clip_frozen
6030,fashionista_0042.png,3,1,2,clip_frozen
6031,fashionista_0042.png,1,1,2,clip_frozen
6032,fashionista_0042.png,0,1,2,clip_frozen
6033,fashionista_0042.png,3,2,2,clip_frozen
6034,fashionista_0042.png,3,0,2,clip_frozen
6035,fashionista_0042.png,3,3,2,clip_frozen
6036,fashionista_0042.png,2,0,2,clip_frozen
6037,fashionista_0042.png,0,1,2,clip_frozen
6038,fashionista_0044.png,1,1,2,clip_frozen
6039,fashionista_0044.png,0,1,2,clip_frozen
6040,fashionista_0044.png,3,2,2,clip_frozen
6041,fashionista_0044.png,2,2,2,clip_frozen
6042,fashionista_0044.png,2,2,2,clip_frozen
6043,fashionista_0044.png,3,3,2,clip_frozen
6044,fashionista_0044.png,4,1,2,clip_frozen
6045,fashionista_0044.png,4,2,2,clip_frozen
6046,fashionista_0044.png,4,2,2,clip_frozen
6047,fashionista_0044.png,1,1,2,clip_frozen
6048,fashionista_0044.png,3,3,2,clip_frozen
6049,fashionista_0044.png,3,1,2,clip_frozen
6050,fashionista_0044.png,2,3,2,clip_frozen
6051,fashionista_0044.png,1,3,2,clip_frozen
6052,fashionista_0044.png,0,2,2,clip_frozen
6053,fashionista_0044.png,3,1,2,clip_frozen
6054,fashionista_0044.png,2,2,2,clip_frozen
6055,fashionista_0044.png,2,1,2,clip_frozen
6056,fashionista_0044.png,3,1,2,clip_frozen
6057,fashionista_0044.png,2,3,2,clip_frozen
6058,fashionista_0044.png,3,1,2,clip_frozen
6059,fashionista_0044.png,0,1,2,clip_frozen
6060,fashionista_0044.png,2,1,2,clip_frozen
6061,fashionista_0044.png,3,1,2,clip_frozen
6062,fashionista_0044.png,1,1,2,clip_frozen
6063,fashionista_0044.png,0,1,2,clip_frozen
6064,fashionista_0044.png,1,1,2,clip_frozen
6065,fashionista_0044.png,2,1,2,clip_frozen
6066,fashionista_0044.png,2,1,2,clip_frozen
6283,fashionista_0078.png,0,1,2,clip_frozen
6284,fashionista_0078.png,3,0,2,clip_frozen
6285,fashionista_0078.png,3,0,2,clip_frozen
6286,fashionista_0078.png,3,0,2,clip_frozen
6287,fashionista_0078.png,3,0,2,clip_frozen
6288,fashionista_0078.png,3,0,2,clip_frozen
6289,fashionista_0078.png,4,0,2,clip_frozen
6463,neungsohwa_0005.png,4,1,2,clip_frozen
6464,neungsohwa_0005.png,3,1,2,clip_frozen
6465,neungsohwa_0005.png,1,1,2,clip_frozen
6522,neungsohwa_0016.png,4,1,2,clip_frozen
6523,neungsohwa_0016.png,1,1,2,clip_frozen
6524,neungsohwa_0016.png,4,1,2,clip_frozen
6525,neungsohwa_0016.png,4,1,2,clip_frozen
6577,neungsohwa_0027.png,4,1,2,clip_frozen
6578,neungsohwa_0027.png,0,1,2,clip_frozen
6579,neungsohwa_0027.png,1,0,2,clip_frozen
6581,neungsohwa_0029.png,4,1,2,clip_frozen
6582,neungsohwa_0029.png,3,1,2,clip_frozen
6583,neungsohwa_0029.png,4,1,2,clip_frozen
6584,neungsohwa_0029.png,2,1,2,clip_frozen
6585,neungsohwa_0029.png,0,1,2,clip_frozen
6586,neungsohwa_0030.png,3,0,2,clip_frozen
6587,neungsohwa_0030.png,4,1,2,clip_frozen
6607,neungsohwa_0040.png,4,1,2,clip_frozen
6608,neungsohwa_0040.png,2,0,2,clip_frozen
6609,neungsohwa_0040.png,4,1,2,clip_frozen
6610,neungsohwa_0040.png,1,1,2,clip_frozen
6611,neungsohwa_0041.png,4,0,2,clip_frozen
6612,neungsohwa_0041.png,4,0,2,clip_frozen
6613,neungsohwa_0041.png,1,0,2,clip_frozen
6614,neungsohwa_0041.png,4,1,2,clip_frozen
6615,neungsohwa_0041.png,2,1,2,clip_frozen
6620,neungsohwa_0044.png,1,1,2,clip_frozen
6621,neungsohwa_0044.png,4,1,2,clip_frozen
6622,neungsohwa_0044.png,1,1,2,clip_frozen
6623,neungsohwa_0045.png,1,1,2,clip_frozen
6624,neungsohwa_0045.png,3,1,2,clip_frozen
6625,neungsohwa_0045.png,0,1,2,clip_frozen
6626,neungsohwa_0045.png,4,1,2,clip_frozen
6627,neungsohwa_0045.png,2,1,2,clip_frozen
6638,neungsohwa_0049.png,3,1,2,clip_frozen
6639,neungsohwa_0049.png,4,1,2,clip_frozen
6640,neungsohwa_0049.png,4,1,2,clip_frozen
6641,neungsohwa_0049.png,4,1,2,clip_frozen
6642,neungsohwa_0049.png,3,1,2,clip_frozen
6643,neungsohwa_0049.png,2,0,2,clip_frozen
6644,neungsohwa_0049.png,3,0,2,clip_frozen
6645,neungsohwa_0049.png,3,0,2,clip_frozen
6646,neungsohwa_0049.png,3,0,2,clip_frozen
6647,neungsohwa_0049.png,4,1,2,clip_frozen
6648,neungsohwa_0049.png,1,1,2,clip_frozen
6649,neungsohwa_0049.png,2,1,2,clip_frozen
6650,neungsohwa_0049.png,2,1,2,clip_frozen
6651,neungsohwa_0049.png,2,1,2,clip_frozen
6652,neungsohwa_0049.png,2,1,2,clip_frozen
6653,neungsohwa_0049.png,1,1,2,clip_frozen
6654,neungsohwa_0049.png,0,1,2,clip_frozen
6663,neungsohwa_0053.png,1,4,2,clip_frozen
6664,neungsohwa_0053.png,2,4,2,clip_frozen
6665,neungsohwa_0053.png,0,4,2,clip_frozen
6666,neungsohwa_0053.png,0,4,2,clip_frozen
6667,neungsohwa_0053.png,1,4,2,clip_frozen
6668,neungsohwa_0053.png,0,4,2,clip_frozen
6669,neungsohwa_0053.png,0,4,2,clip_frozen
6670,neungsohwa_0053.png,0,4,2,clip_frozen
6671,neungsohwa_0053.png,0,4,2,clip_frozen
6672,neungsohwa_0053.png,3,4,2,clip_frozen
6673,neungsohwa_0053.png,0,4,2,clip_frozen
6674,neungsohwa_0053.png,0,4,2,clip_frozen
6681,neungsohwa_0058.png,4,3,2,clip_frozen
6682,neungsohwa_0058.png,4,3,2,clip_frozen
6683,neungsohwa_0058.png,4,3,2,clip_frozen
6684,neungsohwa_0058.png,4,4,2,clip_frozen
6685,neungsohwa_0059.png,1,1,2,clip_frozen
6686,neungsohwa_0059.png,4,1,2,clip_frozen
6687,neungsohwa_0059.png,2,1,2,clip_frozen
6688,neungsohwa_0059.png,3,1,2,clip_frozen
6689,neungsohwa_0059.png,1,0,2,clip_frozen
6690,neungsohwa_0059.png,1,0,2,clip_frozen
6691,neungsohwa_0060.png,4,1,2,clip_frozen
6698,neungsohwa_0065.png,4,1,2,clip_frozen
6699,neungsohwa_0065.png,4,1,2,clip_frozen
6700,neungsohwa_0065.png,4,1,2,clip_frozen
6701,neungsohwa_0065.png,1,1,2,clip_frozen
6702,neungsohwa_0065.png,1,1,2,clip_frozen
6721,neungsohwa_0076.png,3,4,2,clip_frozen
6722,neungsohwa_0076.png,3,4,2,clip_frozen
6723,neungsohwa_0076.png,4,4,2,clip_frozen
6724,neungsohwa_0076.png,2,4,2,clip_frozen
6725,neungsohwa_0076.png,1,4,2,clip_frozen
6739,neungsohwa_0082.png,2,1,2,clip_frozen
6740,neungsohwa_0082.png,4,1,2,clip_frozen
6741,neungsohwa_0082.png,3,1,2,clip_frozen
6759,neungsohwa_0087.png,1,1,2,clip_frozen
6760,neungsohwa_0087.png,4,1,2,clip_frozen
6761,neungsohwa_0087.png,3,1,2,clip_frozen
6762,neungsohwa_0087.png,2,1,2,clip_frozen
6763,neungsohwa_0087.png,1,0,2,clip_frozen
6794,neungsohwa_0098.png,2,1,2,clip_frozen
6795,neungsohwa_0098.png,1,1,2,clip_frozen
6796,neungsohwa_0098.png,0,1,2,clip_frozen
6797,neungsohwa_0098.png,1,1,2,clip_frozen
6817,danpung_0001.png,4,3,2,clip_frozen
6818,danpung_0001.png,3,3,2,clip_frozen
6819,danpung_0001.png,3,3,2,clip_frozen
6820,danpung_0001.png,3,3,2,clip_frozen
6821,danpung_0001.png,1,3,2,clip_frozen
6822,danpung_0001.png,3,1,2,clip_frozen
6823,danpung_0001.png,4,3,2,clip_frozen
6824,danpung_0001.png,2,1,2,clip_frozen
6825,danpung_0001.png,1,3,2,clip_frozen
6826,danpung_0001.png,3,1,2,clip_frozen
6827,danpung_0001.png,1,1,2,clip_frozen
6828,danpung_0001.png,0,3,2,clip_frozen
6829,danpung_0001.png,2,3,2,clip_frozen
6830,danpung_0001.png,2,1,2,clip_frozen
6831,danpung_0001.png,1,3,2,clip_frozen
6832,danpung_0001.png,1,3,2,clip_frozen
6833,danpung_0001.png,0,1,2,clip_frozen
6834,danpung_0003.png,4,1,2,clip_frozen
6835,danpung_0003.png,3,4,2,clip_frozen
6836,danpung_0003.png,1,1,2,clip_frozen
6837,danpung_0003.png,3,3,2,clip_frozen
6838,danpung_0003.png,4,4,2,clip_frozen
6880,danpung_0015.png,4,1,2,clip_frozen
6881,danpung_0015.png,4,1,2,clip_frozen
6882,danpung_0015.png,4,1,2,clip_frozen
6883,danpung_0015.png,3,1,2,clip_frozen
6893,danpung_0017.png,1,1,2,clip_frozen
6894,danpung_0017.png,2,1,2,clip_frozen
6895,danpung_0017.png,4,1,2,clip_frozen
6896,danpung_0018.png,3,0,2,clip_frozen
6897,danpung_0018.png,1,1,2,clip_frozen
6898,danpung_0018.png,1,1,2,clip_frozen
6899,danpung_0018.png,4,1,2,clip_frozen
6900,danpung_0018.png,3,1,2,clip_frozen
6901,danpung_0018.png,4,1,2,clip_frozen
6902,danpung_0018.png,2,1,2,clip_frozen
6903,danpung_0018.png,4,1,2,clip_frozen
6904,danpung_0018.png,2,1,2,clip_frozen
6905,danpung_0018.png,2,1,2,clip_frozen
6906,danpung_0018.png,4,1,2,clip_frozen
6907,danpung_0018.png,4,1,2,clip_frozen
6908,danpung_0018.png,3,0,2,clip_frozen
6909,danpung_0018.png,2,1,2,clip_frozen
6946,danpung_0030.png,4,1,2,clip_frozen
6947,danpung_0030.png,4,1,2,clip_frozen
6948,danpung_0030.png,4,1,2,clip_frozen
6949,danpung_0030.png,3,1,2,clip_frozen
6950,danpung_0030.png,3,1,2,clip_frozen
6951,danpung_0030.png,4,1,2,clip_frozen
6952,danpung_0030.png,4,1,2,clip_frozen
6953,danpung_0030.png,2,1,2,clip_frozen
6954,danpung_0030.png,3,1,2,clip_frozen
6955,danpung_0030.png,2,0,2,clip_frozen
6956,danpung_0030.png,1,1,2,clip_frozen
6957,danpung_0030.png,3,1,2,clip_frozen
6958,danpung_0030.png,4,1,2,clip_frozen
6959,danpung_0030.png,3,1,2,clip_frozen
6960,danpung_0030.png,3,1,2,clip_frozen
6961,danpung_0030.png,4,1,2,clip_frozen
6962,danpung_0030.png,3,1,2,clip_frozen
6963,danpung_0030.png,2,3,2,clip_frozen
6964,danpung_0030.png,2,3,2,clip_frozen
6965,danpung_0030.png,0,1,2,clip_frozen
6992,danpung_0037.png,4,1,2,clip_frozen
6993,danpung_0037.png,3,1,2,clip_frozen
6994,danpung_0037.png,1,1,2,clip_frozen
6995,danpung_0037.png,1,1,2,clip_frozen
6996,danpung_0037.png,1,1,2,clip_frozen
6997,danpung_0037.png,0,1,2,clip_frozen
6998,danpung_0037.png,1,1,2,clip_frozen
6999,danpung_0037.png,3,1,2,clip_frozen
7000,danpung_0037.png,0,1,2,clip_frozen
7001,danpung_0037.png,3,1,2,clip_frozen
7002,danpung_0037.png,4,1,2,clip_frozen
7003,danpung_0037.png,2,1,2,clip_frozen
7004,danpung_0037.png,3,0,2,clip_frozen
7005,danpung_0037.png,4,1,2,clip_frozen
7006,danpung_0037.png,4,1,2,clip_frozen
7007,danpung_0037.png,4,1,2,clip_frozen
7008,danpung_0037.png,4,1,2,clip_frozen
7009,danpung_0037.png,4,1,2,clip_frozen
7010,danpung_0037.png,4,1,2,clip_frozen
7011,danpung_0037.png,4,1,2,clip_frozen
7012,danpung_0037.png,4,1,2,clip_frozen
7013,danpung_0037.png,4,1,2,clip_frozen
7014,danpung_0037.png,1,1,2,clip_frozen
7015,danpung_0037.png,3,1,2,clip_frozen
7016,danpung_0037.png,3,1,2,clip_frozen
7017,danpung_0039.png,4,1,2,clip_frozen
7018,danpung_0039.png,4,1,2,clip_frozen
7019,danpung_0039.png,3,1,2,clip_frozen
7020,danpung_0039.png,3,1,2,clip_frozen
7051,danpung_0044.png,1,4,2,clip_frozen
7052,danpung_0044.png,0,4,2,clip_frozen
7053,danpung_0044.png,1,4,2,clip_frozen
7061,danpung_0047.png,0,1,2,clip_frozen
7145,danpung_0068.png,2,1,2,clip_frozen
7146,danpung_0068.png,4,1,2,clip_frozen
7147,danpung_0068.png,2,1,2,clip_frozen
7148,danpung_0068.png,2,1,2,clip_frozen
7149,danpung_0068.png,3,4,2,clip_frozen
7150,danpung_0068.png,3,1,2,clip_frozen
7151,danpung_0068.png,2,4,2,clip_frozen
7152,danpung_0068.png,4,1,2,clip_frozen
7153,danpung_0068.png,3,1,2,clip_frozen
7154,danpung_0068.png,4,4,2,clip_frozen
7155,danpung_0068.png,2,1,2,clip_frozen
7156,danpung_0068.png,3,4,2,clip_frozen
7157,danpung_0068.png,2,1,2,clip_frozen
7158,danpung_0068.png,3,4,2,clip_frozen
7159,danpung_0068.png,4,1,2,clip_frozen
7160,danpung_0068.png,1,1,2,clip_frozen
7161,danpung_0068.png,1,1,2,clip_frozen
7162,danpung_0068.png,4,1,2,clip_frozen
7163,danpung_0068.png,2,1,2,clip_frozen
7164,danpung_0068.png,2,4,2,clip_frozen
7165,danpung_0068.png,3,4,2,clip_frozen
7166,danpung_0068.png,3,0,2,clip_frozen
7167,danpung_0068.png,3,4,2,clip_frozen
7168,danpung_0068.png,2,4,2,clip_frozen
7169,danpung_0068.png,3,4,2,clip_frozen
7170,danpung_0068.png,0,1,2,clip_frozen
7171,danpung_0068.png,1,4,2,clip_frozen
7172,danpung_0069.png,0,3,2,clip_frozen
7173,danpung_0069.png,3,4,2,clip_frozen
7174,danpung_0069.png,0,4,2,clip_frozen
7175,danpung_0069.png,4,4,2,clip_frozen
7176,danpung_0069.png,2,4,2,clip_frozen
7177,danpung_0069.png,4,4,2,clip_frozen
7178,danpung_0069.png,2,4,2,clip_frozen
7179,danpung_0069.png,3,4,2,clip_frozen
7180,danpung_0069.png,0,3,2,clip_frozen
7181,danpung_0069.png,4,4,2,clip_frozen
7182,danpung_0069.png,0,4,2,clip_frozen
7183,danpung_0069.png,0,4,2,clip_frozen
7184,danpung_0069.png,0,4,2,clip_frozen
7185,danpung_0069.png,4,4,2,clip_frozen
7186,danpung_0069.png,4,4,2,clip_frozen
7187,danpung_0069.png,1,3,2,clip_frozen
7188,danpung_0069.png,3,4,2,clip_frozen
7189,danpung_0069.png,2,3,2,clip_frozen
7190,danpung_0069.png,3,3,2,clip_frozen
7191,danpung_0069.png,2,3,2,clip_frozen
7192,danpung_0069.png,4,4,2,clip_frozen
7248,danpung_0086.png,1,1,2,clip_frozen
7249,danpung_0086.png,1,1,2,clip_frozen
7250,danpung_0086.png,1,1,2,clip_frozen
7251,danpung_0086.png,1,1,2,clip_frozen
7252,danpung_0086.png,1,3,2,clip_frozen
7275,danpung_0098.png,4,0,2,clip_frozen
7276,danpung_0098.png,2,0,2,clip_frozen
7277,danpung_0098.png,4,0,2,clip_frozen
7278,danpung_0098.png,4,0,2,clip_frozen
7279,danpung_0098.png,4,0,2,clip_frozen
7280,danpung_0098.png,4,0,2,clip_frozen
7281,danpung_0098.png,4,1,2,clip_frozen
7282,danpung_0098.png,4,0,2,clip_frozen
7283,danpung_0098.png,2,1,2,clip_frozen
7284,danpung_0098.png,1,0,2,clip_frozen
7285,danpung_0098.png,4,0,2,clip_frozen
7286,danpung_0098.png,1,0,2,clip_frozen
7287,danpung_0098.png,2,0,2,clip_frozen
7288,danpung_0098.png,4,0,2,clip_frozen
7289,danpung_0098.png,1,0,2,clip_frozen
7290,danpung_0098.png,3,0,2,clip_frozen
7291,danpung_0098.png,3,0,2,clip_frozen
7292,danpung_0098.png,4,0,2,clip_frozen
7293,danpung_0098.png,2,0,2,clip_frozen
7297,cherryblossom_0006.png,4,1,2,clip_frozen
7298,cherryblossom_0006.png,3,1,2,clip_frozen
7299,cherryblossom_0006.png,4,3,2,clip_frozen
7307,cherryblossom_0014.png,3,1,2,clip_frozen
7308,cherryblossom_0014.png,4,3,2,clip_frozen
7309,cherryblossom_0015.png,3,1,2,clip_frozen
7310,cherryblossom_0015.png,3,1,2,clip_frozen
7311,cherryblossom_0015.png,4,1,2,clip_frozen
7312,cherryblossom_0015.png,2,1,2,clip_frozen
7313,cherryblossom_0015.png,3,3,2,clip_frozen
7326,cherryblossom_0024.png,4,1,2,clip_frozen
7327,cherryblossom_0024.png,4,1,2,clip_frozen
7328,cherryblossom_0024.png,1,1,2,clip_frozen
7329,cherryblossom_0024.png,0,0,2,clip_frozen
7330,cherryblossom_0024.png,2,1,2,clip_frozen
7351,cherryblossom_0026.png,0,4,2,clip_frozen
7352,cherryblossom_0026.png,1,4,2,clip_frozen
7353,cherryblossom_0026.png,0,4,2,clip_frozen
7374,cherryblossom_0033.png,4,1,2,clip_frozen
7375,cherryblossom_0033.png,4,1,2,clip_frozen
7376,cherryblossom_0033.png,1,1,2,clip_frozen
7377,cherryblossom_0033.png,0,1,2,clip_frozen
7378,cherryblossom_0033.png,0,1,2,clip_frozen
7379,cherryblossom_0033.png,0,1,2,clip_frozen
7380,cherryblossom_0033.png,0,1,2,clip_frozen
7381,cherryblossom_0033.png,3,4,2,clip_frozen
7382,cherryblossom_0033.png,3,1,2,clip_frozen
7383,cherryblossom_0033.png,4,1,2,clip_frozen
7384,cherryblossom_0033.png,3,4,2,clip_frozen
7385,cherryblossom_0033.png,2,1,2,clip_frozen
7386,cherryblossom_0033.png,3,3,2,clip_frozen
7387,cherryblossom_0033.png,2,1,2,clip_frozen
7388,cherryblossom_0033.png,3,4,2,clip_frozen
7389,cherryblossom_0033.png,3,1,2,clip_frozen
7390,cherryblossom_0033.png,2,1,2,clip_frozen
7391,cherryblossom_0033.png,4,1,2,clip_frozen
7392,cherryblossom_0033.png,1,0,2,clip_frozen
7393,cherryblossom_0033.png,4,0,2,clip_frozen
7415,cherryblossom_0041.png,4,1,2,clip_frozen
7416,cherryblossom_0041.png,3,1,2,clip_frozen
7417,cherryblossom_0041.png,2,3,2,clip_frozen
7418,cherryblossom_0041.png,4,1,2,clip_frozen
7461,cherryblossom_0052.png,1,1,2,clip_frozen
7462,cherryblossom_0052.png,4,1,2,clip_frozen
7468,cherryblossom_0054.png,4,1,2,clip_frozen
7473,cherryblossom_0056.png,3,0,2,clip_frozen
7474,cherryblossom_0056.png,3,1,2,clip_frozen
7475,cherryblossom_0056.png,3,0,2,clip_frozen
7476,cherryblossom_0056.png,3,1,2,clip_frozen
7477,cherryblossom_0056.png,3,1,2,clip_frozen
7478,cherryblossom_0056.png,0,1,2,clip_frozen
7479,cherryblossom_0056.png,0,1,2,clip_frozen
7480,cherryblossom_0056.png,0,1,2,clip_frozen
7481,cherryblossom_0056.png,0,1,2,clip_frozen
7482,cherryblossom_0056.png,1,0,2,clip_frozen
7483,cherryblossom_0056.png,0,0,2,clip_frozen
7484,cherryblossom_0056.png,0,0,2,clip_frozen
7485,cherryblossom_0056.png,1,0,2,clip_frozen
7486,cherryblossom_0056.png,4,1,2,clip_frozen
7487,cherryblossom_0056.png,2,1,2,clip_frozen
7488,cherryblossom_0056.png,0,1,2,clip_frozen
7489,cherryblossom_0056.png,1,1,2,clip_frozen
7490,cherryblossom_0056.png,4,1,2,clip_frozen
7491,cherryblossom_0056.png,4,1,2,clip_frozen
7499,cherryblossom_0061.png,4,1,2,clip_frozen
7500,cherryblossom_0061.png,4,1,2,clip_frozen
7501,cherryblossom_0061.png,0,0,2,clip_frozen
7502,cherryblossom_0061.png,0,1,2,clip_frozen
7503,cherryblossom_0061.png,0,1,2,clip_frozen
7504,cherryblossom_0062.png,4,1,2,clip_frozen
7505,cherryblossom_0062.png,4,1,2,clip_frozen
7506,cherryblossom_0062.png,4,1,2,clip_frozen
7507,cherryblossom_0062.png,1,1,2,clip_frozen
7508,cherryblossom_0062.png,3,1,2,clip_frozen
7559,cherryblossom_0084.png,2,1,2,clip_frozen
7560,cherryblossom_0084.png,4,1,2,clip_frozen
7561,cherryblossom_0084.png,1,1,2,clip_frozen
7562,cherryblossom_0084.png,3,1,2,clip_frozen
7563,cherryblossom_0084.png,2,1,2,clip_frozen
7572,cherryblossom_0088.png,4,1,2,clip_frozen
7573,cherryblossom_0088.png,4,1,2,clip_frozen
7574,cherryblossom_0088.png,4,1,2,clip_frozen
7607,cherryblossom_0099.png,4,1,2,clip_frozen
7608,cherryblossom_0099.png,4,1,2,clip_frozen
7609,cherryblossom_0099.png,3,1,2,clip_frozen
7610,cherryblossom_0099.png,4,1,2,clip_frozen
7611,cherryblossom_0099.png,1,4,2,clip_frozen
7612,cherryblossom_0099.png,3,1,2,clip_frozen
7613,cherryblossom_0099.png,4,0,2,clip_frozen
7614,cherryblossom_0099.png,4,1,2,clip_frozen
7615,cherryblossom_0099.png,4,0,2,clip_frozen
7616,cherryblossom_0099.png,3,1,2,clip_frozen
7617,cherryblossom_0099.png,2,1,2,clip_frozen
7618,cherryblossom_0099.png,1,1,2,clip_frozen
7619,cherryblossom_0099.png,1,1,2,clip_frozen
7620,cherryblossom_0099.png,3,1,2,clip_frozen
7621,cherryblossom_0099.png,3,1,2,clip_frozen
7622,cherryblossom_0099.png,1,1,2,clip_frozen
7623,cherryblossom_0099.png,1,1,2,clip_frozen
7624,cherryblossom_0099.png,2,1,2,clip_frozen
7625,cherryblossom_0099.png,2,1,2,clip_frozen
7626,cherryblossom_0099.png,1,1,2,clip_frozen
7627,cherryblossom_0099.png,2,1,2,clip_frozen
7628,cherryblossom_0100.png,0,0,2,clip_frozen
7629,cherryblossom_0100.png,4,3,2,clip_frozen
7630,cherryblossom_0100.png,1,1,2,clip_frozen
7705,kpop_0010.png,0,1,2,clip_frozen
7706,kpop_0010.png,4,1,2,clip_frozen
7707,kpop_0010.png,4,1,2,clip_frozen
7708,kpop_0010.png,3,1,2,clip_frozen
7748,kpop_0020.png,1,0,2,clip_frozen
7749,kpop_0020.png,2,0,2,clip_frozen
7750,kpop_0020.png,3,1,2,clip_frozen
7751,kpop_0020.png,3,0,2,clip_frozen
7752,kpop_0020.png,3,3,2,clip_frozen
7773,kpop_0023.png,4,1,2,clip_frozen
7774,kpop_0023.png,4,1,2,clip_frozen
7775,kpop_0023.png,4,1,2,clip_frozen
7776,kpop_0023.png,4,1,2,clip_frozen
7777,kpop_0023.png,3,3,2,clip_frozen
7807,kpop_0028.png,0,4,2,clip_frozen
7808,kpop_0028.png,0,4,2,clip_frozen
7809,kpop_0028.png,0,1,2,clip_frozen
7810,kpop_0028.png,1,3,2,clip_frozen
7811,kpop_0028.png,0,4,2,clip_frozen
7829,kpop_0031.png,1,0,2,clip_frozen
7830,kpop_0031.png,3,1,2,clip_frozen
7831,kpop_0031.png,3,1,2,clip_frozen
7832,kpop_0031.png,3,1,2,clip_frozen
7875,kpop_0038.png,0,4,2,clip_frozen
7876,kpop_0038.png,0,4,2,clip_frozen
7877,kpop_0038.png,0,4,2,clip_frozen
7878,kpop_0038.png,0,4,2,clip_frozen
7879,kpop_0038.png,0,4,2,clip_frozen
7880,kpop_0038.png,0,3,2,clip_frozen
7881,kpop_0038.png,0,4,2,clip_frozen
7882,kpop_0038.png,0,4,2,clip_frozen
7883,kpop_0038.png,0,4,2,clip_frozen
7884,kpop_0038.png,0,4,2,clip_frozen
7885,kpop_0038.png,0,4,2,clip_frozen
7886,kpop_0038.png,0,4,2,clip_frozen
7887,kpop_0038.png,0,4,2,clip_frozen
7888,kpop_0038.png,0,4,2,clip_frozen
8074,kpop_0059.png,4,1,2,clip_frozen
8075,kpop_0059.png,4,1,2,clip_frozen
8076,kpop_0059.png,4,1,2,clip_frozen
8077,kpop_0059.png,4,1,2,clip_frozen
8078,kpop_0059.png,3,3,2,clip_frozen
8083,kpop_0061.png,3,3,2,clip_frozen
8084,kpop_0061.png,3,3,2,clip_frozen
8085,kpop_0061.png,4,1,2,clip_frozen
8086,kpop_0061.png,1,4,2,clip_frozen
8087,kpop_0061.png,3,1,2,clip_frozen
8107,kpop_0065.png,4,1,2,clip_frozen
8108,kpop_0065.png,2,1,2,clip_frozen
8109,kpop_0065.png,1,1,2,clip_frozen
8110,kpop_0065.png,0,1,2,clip_frozen
8111,kpop_0065.png,3,1,2,clip_frozen
8140,kpop_0069.png,3,4,2,clip_frozen
8141,kpop_0069.png,3,3,2,clip_frozen
8142,kpop_0069.png,2,4,2,clip_frozen
8143,kpop_0069.png,4,4,2,clip_frozen
8144,kpop_0069.png,0,4,2,clip_frozen
8145,kpop_0069.png,0,4,2,clip_frozen
8184,kpop_0074.png,4,4,2,clip_frozen
8185,kpop_0074.png,4,4,2,clip_frozen
8186,kpop_0074.png,4,4,2,clip_frozen
8187,kpop_0074.png,4,4,2,clip_frozen
8188,kpop_0074.png,4,4,2,clip_frozen
8194,kpop_0076.png,4,4,2,clip_frozen
8195,kpop_0076.png,4,4,2,clip_frozen
8196,kpop_0076.png,3,4,2,clip_frozen
8197,kpop_0076.png,3,3,2,clip_frozen
8198,kpop_0076.png,3,3,2,clip_frozen
8214,kpop_0078.png,4,4,2,clip_frozen
8215,kpop_0078.png,4,1,2,clip_frozen
8216,kpop_0078.png,4,4,2,clip_frozen
8217,kpop_0078.png,4,3,2,clip_frozen
8233,kpop_0081.png,3,4,2,clip_frozen
8234,kpop_0081.png,4,3,2,clip_frozen
8235,kpop_0081.png,3,4,2,clip_frozen
8247,kpop_0083.png,4,4,2,clip_frozen
8248,kpop_0083.png,4,4,2,clip_frozen
8249,kpop_0083.png,1,4,2,clip_frozen
8250,kpop_0083.png,3,3,2,clip_frozen
8271,kpop_0088.png,4,0,2,clip_frozen
8272,kpop_0088.png,4,1,2,clip_frozen
8273,kpop_0088.png,4,1,2,clip_frozen
8274,kpop_0088.png,4,1,2,clip_frozen
8275,kpop_0088.png,3,3,2,clip_frozen
8293,kpop_0092.png,4,3,2,clip_frozen
8294,kpop_0092.png,4,3,2,clip_frozen
8295,kpop_0092.png,4,3,2,clip_frozen
8296,kpop_0092.png,3,3,2,clip_frozen
8297,kpop_0092.png,3,2,2,clip_frozen
8298,kpop_0092.png,3,3,2,clip_frozen
8299,kpop_0092.png,3,4,2,clip_frozen
8300,kpop_0092.png,3,4,2,clip_frozen
8301,kpop_0092.png,3,3,2,clip_frozen
8302,kpop_0092.png,3,2,2,clip_frozen
8303,kpop_0092.png,3,3,2,clip_frozen
8304,kpop_0092.png,2,2,2,clip_frozen
8305,kpop_0092.png,2,3,2,clip_frozen
8311,kpop_0094.png,3,4,2,clip_frozen
8312,kpop_0094.png,3,4,2,clip_frozen
8313,kpop_0094.png,3,4,2,clip_frozen
8314,kpop_0094.png,3,0,2,clip_frozen
8337,kpop_0098.png,3,1,2,clip_frozen
8338,kpop_0098.png,4,3,2,clip_frozen
8339,kpop_0098.png,4,4,2,clip_frozen
8340,kpop_0098.png,4,1,2,clip_frozen
8341,kpop_0098.png,1,1,2,clip_frozen
8342,kpop_0098.png,1,2,2,clip_frozen
8343,kpop_0098.png,3,3,2,clip_frozen
8344,kpop_0098.png,4,3,2,clip_frozen
8345,kpop_0098.png,4,4,2,clip_frozen
8346,kpop_0098.png,3,3,2,clip_frozen
8347,kpop_0098.png,3,1,2,clip_frozen
8348,kpop_0098.png,4,3,2,clip_frozen
8349,kpop_0098.png,1,1,2,clip_frozen
8350,kpop_0098.png,1,1,2,clip_frozen
8351,kpop_0098.png,1,3,2,clip_frozen
8352,kpop_0098.png,3,1,2,clip_frozen
8353,kpop_0098.png,1,1,2,clip_frozen
8354,kpop_0098.png,1,1,2,clip_frozen
8355,kpop_0098.png,3,1,2,clip_frozen
8356,kpop_0098.png,4,4,2,clip_frozen
8357,kpop_0098.png,2,3,2,clip_frozen
8358,kpop_0098.png,2,4,2,clip_frozen
8359,kpop_0098.png,3,1,2,clip_frozen
8360,kpop_0098.png,0,1,2,clip_frozen
8361,kpop_0098.png,3,1,2,clip_frozen
8362,kpop_0098.png,4,3,2,clip_frozen
8381,spotify_0001.png,4,1,2,clip_frozen
8382,spotify_0001.png,4,1,2,clip_frozen
8383,spotify_0001.png,3,1,2,clip_frozen
8384,spotify_0001.png,0,0,2,clip_frozen
8389,spotify_0004.png,4,4,2,clip_frozen
8390,spotify_0004.png,4,4,2,clip_frozen
8391,spotify_0004.png,4,4,2,clip_frozen
8392,spotify_0004.png,4,4,2,clip_frozen
8492,spotify_0043.png,4,1,2,clip_frozen
8493,spotify_0043.png,2,4,2,clip_frozen
8494,spotify_0043.png,1,4,2,clip_frozen
8499,spotify_0045.png,4,4,2,clip_frozen
8500,spotify_0045.png,4,4,2,clip_frozen
8501,spotify_0045.png,2,4,2,clip_frozen
8502,spotify_0045.png,3,4,2,clip_frozen
8503,spotify_0046.png,4,4,2,clip_frozen
8504,spotify_0046.png,4,4,2,clip_frozen
8505,spotify_0046.png,2,4,2,clip_frozen
8506,spotify_0046.png,3,4,2,clip_frozen
8507,spotify_0046.png,3,4,2,clip_frozen
8508,spotify_0046.png,4,4,2,clip_frozen
8509,spotify_0046.png,2,1,2,clip_frozen
8510,spotify_0046.png,3,1,2,clip_frozen
8511,spotify_0046.png,4,4,2,clip_frozen
8512,spotify_0046.png,4,4,2,clip_frozen
8513,spotify_0046.png,4,4,2,clip_frozen
8514,spotify_0046.png,1,4,2,clip_frozen
8515,spotify_0046.png,1,4,2,clip_frozen
8516,spotify_0046.png,1,4,2,clip_frozen
8544,spotify_0056.png,4,4,2,clip_frozen
8545,spotify_0056.png,4,4,2,clip_frozen
8546,spotify_0056.png,4,4,2,clip_frozen
8547,spotify_0056.png,4,4,2,clip_frozen
8548,spotify_0056.png,4,4,2,clip_frozen
8549,spotify_0056.png,3,4,2,clip_frozen
8550,spotify_0056.png,3,4,2,clip_frozen
8551,spotify_0056.png,2,4,2,clip_frozen
8552,spotify_0056.png,1,4,2,clip_frozen
8553,spotify_0056.png,2,4,2,clip_frozen
8554,spotify_0056.png,2,4,2,clip_frozen
8555,spotify_0056.png,2,4,2,clip_frozen
8556,spotify_0056.png,1,4,2,clip_frozen
8557,spotify_0056.png,0,4,2,clip_frozen
8612,spotify_0076.png,4,4,2,clip_frozen
8613,spotify_0076.png,4,4,2,clip_frozen
8614,spotify_0076.png,2,4,2,clip_frozen
8615,spotify_0076.png,1,4,2,clip_frozen
8616,spotify_0076.png,2,4,2,clip_frozen
8626,spotify_0084.png,1,1,2,clip_frozen
8632,spotify_0087.png,0,4,2,clip_frozen
8709,netflix_0007.png,4,4,2,clip_frozen
8710,netflix_0007.png,4,4,2,clip_frozen
8711,netflix_0007.png,1,4,2,clip_frozen
8712,netflix_0007.png,3,4,2,clip_frozen
8713,netflix_0007.png,4,4,2,clip_frozen
8719,netflix_0009.png,1,3,2,clip_frozen
8720,netflix_0009.png,3,3,2,clip_frozen
8721,netflix_0009.png,1,4,2,clip_frozen
8722,netflix_0009.png,4,4,2,clip_frozen
8723,netflix_0009.png,1,4,2,clip_frozen
8796,netflix_0030.png,2,4,2,clip_frozen
8797,netflix_0030.png,1,4,2,clip_frozen
8798,netflix_0030.png,1,4,2,clip_frozen
8799,netflix_0030.png,4,4,2,clip_frozen
8807,netflix_0032.png,4,4,2,clip_frozen
8808,netflix_0032.png,3,3,2,clip_frozen
8851,netflix_0043.png,3,4,2,clip_frozen
8852,netflix_0043.png,1,4,2,clip_frozen
8862,netflix_0047.png,4,4,2,clip_frozen
8863,netflix_0047.png,4,4,2,clip_frozen
8864,netflix_0047.png,3,4,2,clip_frozen
8865,netflix_0047.png,4,4,2,clip_frozen
8866,netflix_0047.png,3,4,2,clip_frozen
8872,netflix_0049.png,4,4,2,clip_frozen
8873,netflix_0049.png,4,4,2,clip_frozen
8874,netflix_0049.png,3,4,2,clip_frozen
8875,netflix_0049.png,3,4,2,clip_frozen
8876,netflix_0049.png,2,4,2,clip_frozen
8934,netflix_0062.png,4,4,2,clip_frozen
8935,netflix_0062.png,4,4,2,clip_frozen
8936,netflix_0062.png,4,4,2,clip_frozen
8937,netflix_0062.png,4,4,2,clip_frozen
8938,netflix_0062.png,4,4,2,clip_frozen
8939,netflix_0062.png,4,4,2,clip_frozen
8940,netflix_0062.png,4,4,2,clip_frozen
8941,netflix_0062.png,4,4,2,clip_frozen
8942,netflix_0062.png,4,4,2,clip_frozen
8943,netflix_0062.png,4,4,2,clip_frozen
8944,netflix_0062.png,2,4,2,clip_frozen
8945,netflix_0062.png,2,4,2,clip_frozen
8946,netflix_0062.png,3,4,2,clip_frozen
8947,netflix_0062.png,3,4,2,clip_frozen
8948,netflix_0062.png,2,4,2,clip_frozen
8949,netflix_0063.png,4,3,2,clip_frozen
8950,netflix_0063.png,3,3,2,clip_frozen
8951,netflix_0063.png,4,3,2,clip_frozen
9072,apple_0003.png,0,4,2,clip_frozen
9073,apple_0003.png,0,4,2,clip_frozen
9074,apple_0003.png,0,4,2,clip_frozen
9075,apple_0003.png,1,4,2,clip_frozen
9076,apple_0003.png,0,4,2,clip_frozen
9138,apple_0023.png,4,4,2,clip_frozen
9139,apple_0023.png,0,4,2,clip_frozen
9140,apple_0023.png,0,4,2,clip_frozen
9141,apple_0023.png,4,2,2,clip_frozen
9154,apple_0027.png,4,4,2,clip_frozen
9155,apple_0027.png,4,4,2,clip_frozen
9156,apple_0027.png,0,4,2,clip_frozen
9157,apple_0027.png,4,4,2,clip_frozen
9158,apple_0027.png,4,4,2,clip_frozen
9159,apple_0028.png,4,4,2,clip_frozen
9160,apple_0028.png,4,4,2,clip_frozen
9161,apple_0028.png,3,4,2,clip_frozen
9162,apple_0028.png,4,4,2,clip_frozen
9163,apple_0028.png,1,4,2,clip_frozen
9169,apple_0035.png,3,4,2,clip_frozen
9170,apple_0035.png,4,4,2,clip_frozen
9171,apple_0035.png,3,4,2,clip_frozen
9172,apple_0035.png,4,4,2,clip_frozen
9173,apple_0035.png,4,4,2,clip_frozen
9179,apple_0038.png,4,4,2,clip_frozen
9180,apple_0038.png,4,4,2,clip_frozen
9181,apple_0038.png,3,4,2,clip_frozen
9182,apple_0038.png,1,4,2,clip_frozen
9183,apple_0038.png,1,4,2,clip_frozen
9214,apple_0048.png,4,4,2,clip_frozen
9215,apple_0048.png,3,4,2,clip_frozen
9216,apple_0048.png,1,4,2,clip_frozen
9217,apple_0048.png,1,4,2,clip_frozen
9218,apple_0048.png,1,4,2,clip_frozen
9219,apple_0048.png,2,4,2,clip_frozen
9220,apple_0048.png,2,4,2,clip_frozen
9221,apple_0048.png,3,4,2,clip_frozen
9222,apple_0048.png,1,4,2,clip_frozen
9306,apple_0080.png,4,4,2,clip_frozen
9307,apple_0080.png,3,4,2,clip_frozen
9308,apple_0080.png,2,4,2,clip_frozen
9309,apple_0080.png,2,4,2,clip_frozen
9310,apple_0080.png,1,4,2,clip_frozen
9329,apple_0092.png,4,4,2,clip_frozen
9340,apple_0096.png,4,4,2,clip_frozen
9341,apple_0096.png,4,4,2,clip_frozen
9342,apple_0096.png,4,4,2,clip_frozen
9343,apple_0096.png,4,4,2,clip_frozen
9373,galaxy_0004.png,4,1,2,clip_frozen
9395,galaxy_0012.png,4,4,2,clip_frozen
9396,galaxy_0012.png,4,4,2,clip_frozen
9397,galaxy_0012.png,3,1,2,clip_frozen
9398,galaxy_0012.png,1,4,2,clip_frozen
9399,galaxy_0012.png,1,4,2,clip_frozen
9405,galaxy_0014.png,4,4,2,clip_frozen
9406,galaxy_0014.png,3,4,2,clip_frozen
9407,galaxy_0014.png,0,4,2,clip_frozen
9408,galaxy_0014.png,0,4,2,clip_frozen
9409,galaxy_0014.png,1,4,2,clip_frozen
9410,galaxy_0015.png,4,4,2,clip_frozen
9411,galaxy_0015.png,4,4,2,clip_frozen
9412,galaxy_0015.png,3,4,2,clip_frozen
9427,galaxy_0020.png,1,4,2,clip_frozen
9428,galaxy_0020.png,1,4,2,clip_frozen
9429,galaxy_0020.png,4,4,2,clip_frozen
9430,galaxy_0020.png,1,4,2,clip_frozen
9431,galaxy_0022.png,4,4,2,clip_frozen
9432,galaxy_0022.png,0,4,2,clip_frozen
9433,galaxy_0022.png,4,4,2,clip_frozen
9434,galaxy_0022.png,0,4,2,clip_frozen
9435,galaxy_0022.png,3,4,2,clip_frozen
9436,galaxy_0022.png,4,4,2,clip_frozen
9437,galaxy_0022.png,4,4,2,clip_frozen
9438,galaxy_0022.png,1,4,2,clip_frozen
9439,galaxy_0022.png,0,4,2,clip_frozen
9440,galaxy_0022.png,0,4,2,clip_frozen
9441,galaxy_0022.png,0,4,2,clip_frozen
9442,galaxy_0022.png,2,4,2,clip_frozen
9443,galaxy_0022.png,1,4,2,clip_frozen
9444,galaxy_0022.png,1,4,2,clip_frozen
9445,galaxy_0022.png,0,4,2,clip_frozen
9446,galaxy_0022.png,0,4,2,clip_frozen
9492,galaxy_0029.png,4,4,2,clip_frozen
9493,galaxy_0029.png,4,4,2,clip_frozen
9494,galaxy_0029.png,3,4,2,clip_frozen
9495,galaxy_0029.png,0,4,2,clip_frozen
9496,galaxy_0029.png,1,4,2,clip_frozen
9545,galaxy_0040.png,0,1,2,clip_frozen
9555,galaxy_0044.png,0,4,2,clip_frozen
9556,galaxy_0044.png,4,4,2,clip_frozen
9557,galaxy_0044.png,3,4,2,clip_frozen
9558,galaxy_0044.png,3,4,2,clip_frozen
9559,galaxy_0044.png,2,4,2,clip_frozen
9560,galaxy_0044.png,4,4,2,clip_frozen
9592,galaxy_0060.png,2,1,2,clip_frozen
9593,galaxy_0060.png,1,1,2,clip_frozen
9594,galaxy_0060.png,4,1,2,clip_frozen
9595,galaxy_0060.png,3,1,2,clip_frozen
9641,galaxy_0071.png,4,4,2,clip_frozen
9642,galaxy_0071.png,1,4,2,clip_frozen
9643,galaxy_0071.png,2,4,2,clip_frozen
9659,galaxy_0075.png,4,1,2,clip_frozen
9660,galaxy_0075.png,4,1,2,clip_frozen
9661,galaxy_0075.png,2,1,2,clip_frozen
9766,galaxy_0096.png,2,0,2,clip_frozen
9767,galaxy_0096.png,1,1,2,clip_frozen
9768,galaxy_0096.png,0,0,2,clip_frozen
9769,galaxy_0096.png,2,0,2,clip_frozen
9770,galaxy_0096.png,1,0,2,clip_frozen
9844,iphone16_0008.png,4,0,2,clip_frozen
9845,iphone16_0008.png,4,1,2,clip_frozen
9846,iphone16_0008.png,3,4,2,clip_frozen
9847,iphone16_0008.png,3,1,2,clip_frozen
9848,iphone16_0008.png,2,1,2,clip_frozen
9852,iphone16_0011.png,3,4,2,clip_frozen
9853,iphone16_0011.png,4,0,2,clip_frozen
9854,iphone16_0011.png,4,0,2,clip_frozen
9855,iphone16_0011.png,4,4,2,clip_frozen
9856,iphone16_0011.png,2,0,2,clip_frozen
9857,iphone16_0011.png,1,4,2,clip_frozen
9858,iphone16_0011.png,1,4,2,clip_frozen
9859,iphone16_0011.png,1,4,2,clip_frozen
9860,iphone16_0011.png,0,4,2,clip_frozen
9861,iphone16_0011.png,2,0,2,clip_frozen
9919,iphone16_0033.png,4,0,2,clip_frozen
9920,iphone16_0033.png,3,0,2,clip_frozen
9921,iphone16_0034.png,1,0,2,clip_frozen
9922,iphone16_0034.png,0,0,2,clip_frozen
9923,iphone16_0034.png,4,0,2,clip_frozen
9924,iphone16_0034.png,0,0,2,clip_frozen
9933,iphone16_0038.png,3,0,2,clip_frozen
9934,iphone16_0038.png,4,0,2,clip_frozen
9935,iphone16_0038.png,1,0,2,clip_frozen
9936,iphone16_0038.png,0,0,2,clip_frozen
9937,iphone16_0038.png,2,0,2,clip_frozen
9960,iphone16_0046.png,3,0,2,clip_frozen
9961,iphone16_0046.png,4,0,2,clip_frozen
9962,iphone16_0046.png,2,0,2,clip_frozen
9963,iphone16_0046.png,1,0,2,clip_frozen
10019,iphone16_0058.png,4,0,2,clip_frozen
10020,iphone16_0058.png,4,0,2,clip_frozen
10021,iphone16_0058.png,3,0,2,clip_frozen
10022,iphone16_0058.png,4,0,2,clip_frozen
10023,iphone16_0058.png,4,0,2,clip_frozen
10024,iphone16_0058.png,4,0,2,clip_frozen
10025,iphone16_0058.png,4,0,2,clip_frozen
10026,iphone16_0058.png,4,0,2,clip_frozen
10027,iphone16_0058.png,3,0,2,clip_frozen
10038,iphone16_0062.png,4,0,2,clip_frozen
10039,iphone16_0062.png,4,0,2,clip_frozen
10040,iphone16_0062.png,1,0,2,clip_frozen
10041,iphone16_0062.png,0,0,2,clip_frozen
10042,iphone16_0062.png,3,0,2,clip_frozen
10070,iphone16_0071.png,4,4,2,clip_frozen
10071,iphone16_0071.png,4,4,2,clip_frozen
10072,iphone16_0071.png,1,4,2,clip_frozen
10106,iphone16_0075.png,1,0,2,clip_frozen
10107,iphone16_0075.png,4,0,2,clip_frozen
10108,iphone16_0075.png,4,0,2,clip_frozen
10109,iphone16_0075.png,3,0,2,clip_frozen
10110,iphone16_0075.png,1,0,2,clip_frozen
10117,iphone16_0078.png,4,0,2,clip_frozen
10118,iphone16_0078.png,4,0,2,clip_frozen
10119,iphone16_0078.png,1,0,2,clip_frozen
10120,iphone16_0078.png,3,0,2,clip_frozen
10121,iphone16_0078.png,4,0,2,clip_frozen
10122,iphone16_0078.png,1,0,2,clip_frozen
10123,iphone16_0078.png,1,0,2,clip_frozen
10124,iphone16_0078.png,3,0,2,clip_frozen
10125,iphone16_0078.png,2,0,2,clip_frozen
10172,iphone16_0085.png,0,0,2,clip_frozen
10173,iphone16_0085.png,4,4,2,clip_frozen
10174,iphone16_0085.png,0,4,2,clip_frozen
10175,iphone16_0085.png,2,0,2,clip_frozen
10176,iphone16_0085.png,0,0,2,clip_frozen
10177,iphone16_0085.png,1,4,2,clip_frozen
10178,iphone16_0085.png,2,0,2,clip_frozen
10179,iphone16_0085.png,0,0,2,clip_frozen
10180,iphone16_0085.png,0,0,2,clip_frozen
10181,iphone16_0085.png,4,0,2,clip_frozen
10201,iphone16_0092.png,4,0,2,clip_frozen
10202,iphone16_0092.png,3,0,2,clip_frozen
10203,iphone16_0092.png,3,0,2,clip_frozen
10204,iphone16_0092.png,4,0,2,clip_frozen
10205,iphone16_0092.png,2,0,2,clip_frozen
10206,iphone16_0092.png,3,0,2,clip_frozen
10207,iphone16_0092.png,1,0,2,clip_frozen
10208,iphone16_0092.png,1,0,2,clip_frozen
10209,iphone16_0092.png,0,0,2,clip_frozen
10210,iphone16_0092.png,1,0,2,clip_frozen
10211,iphone16_0092.png,3,0,2,clip_frozen
10212,iphone16_0092.png,2,0,2,clip_frozen
10213,iphone16_0092.png,1,0,2,clip_frozen
10214,iphone16_0092.png,0,0,2,clip_frozen
10215,iphone16_0092.png,0,0,2,clip_frozen
10216,iphone16_0092.png,0,0,2,clip_frozen
10217,iphone16_0092.png,0,0,2,clip_frozen
10218,iphone16_0092.png,0,0,2,clip_frozen
10219,iphone16_0092.png,0,0,2,clip_frozen
10220,iphone16_0092.png,0,0,2,clip_frozen
10221,iphone16_0092.png,0,0,2,clip_frozen
10222,iphone16_0092.png,1,0,2,clip_frozen
10223,iphone16_0092.png,1,0,2,clip_frozen
10224,iphone16_0092.png,3,0,2,clip_frozen
10225,iphone16_0092.png,3,0,2,clip_frozen
10226,iphone16_0092.png,2,0,2,clip_frozen
10227,iphone16_0092.png,0,0,2,clip_frozen
10228,iphone16_0092.png,3,0,2,clip_frozen
10261,iphone16_0100.png,4,4,2,clip_frozen
10262,iphone16_0100.png,4,4,2,clip_frozen
10263,iphone16_0100.png,4,4,2,clip_frozen
10264,iphone16_0100.png,3,4,2,clip_frozen
10265,iphone16_0100.png,3,4,2,clip_frozen
10266,iphone16_0100.png,3,4,2,clip_frozen
10267,iphone16_0100.png,2,4,2,clip_frozen
10268,iphone16_0100.png,4,4,2,clip_frozen
10269,iphone16_0100.png,2,4,2,clip_frozen
10270,iphone16_0100.png,1,4,2,clip_frozen
10271,iphone16_0100.png,2,4,2,clip_frozen
10272,healthstagram_0001.png,1,0,2,clip_frozen
10325,healthstagram_0018.png,2,1,2,clip_frozen
10326,healthstagram_0018.png,3,1,2,clip_frozen
10327,healthstagram_0018.png,2,0,2,clip_frozen
10328,healthstagram_0018.png,4,1,2,clip_frozen
10329,healthstagram_0018.png,3,1,2,clip_frozen
10330,healthstagram_0018.png,2,0,2,clip_frozen
10331,healthstagram_0018.png,4,0,2,clip_frozen
10332,healthstagram_0018.png,4,0,2,clip_frozen
10333,healthstagram_0018.png,4,0,2,clip_frozen
10334,healthstagram_0018.png,4,1,2,clip_frozen
10335,healthstagram_0018.png,3,0,2,clip_frozen
10336,healthstagram_0018.png,2,0,2,clip_frozen
10337,healthstagram_0018.png,4,0,2,clip_frozen
10338,healthstagram_0018.png,2,0,2,clip_frozen
10339,healthstagram_0018.png,1,0,2,clip_frozen
10340,healthstagram_0018.png,4,1,2,clip_frozen
10341,healthstagram_0018.png,4,0,2,clip_frozen
10342,healthstagram_0018.png,3,1,2,clip_frozen
10343,healthstagram_0018.png,2,1,2,clip_frozen
10344,healthstagram_0018.png,1,0,2,clip_frozen
10345,healthstagram_0018.png,0,0,2,clip_frozen
10346,healthstagram_0018.png,1,0,2,clip_frozen
10347,healthstagram_0018.png,1,1,2,clip_frozen
10348,healthstagram_0018.png,0,0,2,clip_frozen
10349,healthstagram_0018.png,4,1,2,clip_frozen
10350,healthstagram_0018.png,4,0,2,clip_frozen
10351,healthstagram_0018.png,2,1,2,clip_frozen
10352,healthstagram_0018.png,2,1,2,clip_frozen
10353,healthstagram_0018.png,4,0,2,clip_frozen
10513,healthstagram_0052.png,0,1,2,clip_frozen
10514,healthstagram_0052.png,0,0,2,clip_frozen
10515,healthstagram_0052.png,2,0,2,clip_frozen
10516,healthstagram_0052.png,3,1,2,clip_frozen
10517,healthstagram_0052.png,3,1,2,clip_frozen
10518,healthstagram_0052.png,3,0,2,clip_frozen
10519,healthstagram_0052.png,0,1,2,clip_frozen
10520,healthstagram_0052.png,0,1,2,clip_frozen
10521,healthstagram_0052.png,0,1,2,clip_frozen
10522,healthstagram_0052.png,0,1,2,clip_frozen
10523,healthstagram_0052.png,0,1,2,clip_frozen
10524,healthstagram_0052.png,0,0,2,clip_frozen
10525,healthstagram_0052.png,0,0,2,clip_frozen
10526,healthstagram_0052.png,0,1,2,clip_frozen
10527,healthstagram_0052.png,0,0,2,clip_frozen
10528,healthstagram_0052.png,0,1,2,clip_frozen
10529,healthstagram_0052.png,1,1,2,clip_frozen
10530,healthstagram_0052.png,0,0,2,clip_frozen
10531,healthstagram_0052.png,3,0,2,clip_frozen
10594,healthstagram_0067.png,2,0,2,clip_frozen
10595,healthstagram_0067.png,1,0,2,clip_frozen
10596,healthstagram_0067.png,1,0,2,clip_frozen
10597,healthstagram_0067.png,4,0,2,clip_frozen
10598,healthstagram_0067.png,4,0,2,clip_frozen
10599,healthstagram_0067.png,4,0,2,clip_frozen
10600,healthstagram_0067.png,0,0,2,clip_frozen
10601,healthstagram_0067.png,4,0,2,clip_frozen
10602,healthstagram_0067.png,3,0,2,clip_frozen
10603,healthstagram_0067.png,4,0,2,clip_frozen
10604,healthstagram_0067.png,3,0,2,clip_frozen
10605,healthstagram_0067.png,4,0,2,clip_frozen
10606,healthstagram_0067.png,4,2,2,clip_frozen
10607,healthstagram_0067.png,4,2,2,clip_frozen
10608,healthstagram_0067.png,3,1,2,clip_frozen
10609,healthstagram_0067.png,2,0,2,clip_frozen
10610,healthstagram_0067.png,2,0,2,clip_frozen
10611,healthstagram_0067.png,4,0,2,clip_frozen
10612,healthstagram_0067.png,4,0,2,clip_frozen
10613,healthstagram_0067.png,4,0,2,clip_frozen
10614,healthstagram_0067.png,4,0,2,clip_frozen
10615,healthstagram_0067.png,3,0,2,clip_frozen
10616,healthstagram_0067.png,4,0,2,clip_frozen
10617,healthstagram_0067.png,3,0,2,clip_frozen
10618,healthstagram_0067.png,4,0,2,clip_frozen
10619,healthstagram_0067.png,2,0,2,clip_frozen
10646,healthstagram_0082.png,3,1,2,clip_frozen
10650,healthstagram_0085.png,2,2,2,clip_frozen
10651,healthstagram_0085.png,1,1,2,clip_frozen
10652,healthstagram_0085.png,4,3,2,clip_frozen
10653,healthstagram_0085.png,4,1,2,clip_frozen
10654,healthstagram_0085.png,0,1,2,clip_frozen
10655,healthstagram_0085.png,0,1,2,clip_frozen
10656,healthstagram_0085.png,0,1,2,clip_frozen
10657,healthstagram_0085.png,1,1,2,clip_frozen
10658,healthstagram_0085.png,1,1,2,clip_frozen
10659,healthstagram_0085.png,2,1,2,clip_frozen
10660,healthstagram_0085.png,1,0,2,clip_frozen
10661,healthstagram_0085.png,1,1,2,clip_frozen
10662,healthstagram_0085.png,1,1,2,clip_frozen
10663,healthstagram_0085.png,1,1,2,clip_frozen
10664,healthstagram_0085.png,1,1,2,clip_frozen
10665,healthstagram_0085.png,3,3,2,clip_frozen
10666,healthstagram_0085.png,1,1,2,clip_frozen
10667,healthstagram_0085.png,1,1,2,clip_frozen
10668,healthstagram_0085.png,1,2,2,clip_frozen
10669,healthstagram_0085.png,1,1,2,clip_frozen
10670,healthstagram_0085.png,1,2,2,clip_frozen
10671,healthstagram_0085.png,1,1,2,clip_frozen
10672,healthstagram_0085.png,1,1,2,clip_frozen
10673,healthstagram_0085.png,1,1,2,clip_frozen
10674,healthstagram_0085.png,1,1,2,clip_frozen
10675,healthstagram_0085.png,1,3,2,clip_frozen
10676,healthstagram_0085.png,3,1,2,clip_frozen
10677,healthstagram_0085.png,1,1,2,clip_frozen
10678,healthstagram_0085.png,3,0,2,clip_frozen
10691,healthstagram_0088.png,0,1,2,clip_frozen
10692,healthstagram_0088.png,4,0,2,clip_frozen
10693,healthstagram_0088.png,0,1,2,clip_frozen
10694,healthstagram_0088.png,3,4,2,clip_frozen
10695,healthstagram_0088.png,2,0,2,clip_frozen
10696,healthstagram_0088.png,1,1,2,clip_frozen
10758,healthstagram_0094.png,3,1,2,clip_frozen
10759,healthstagram_0094.png,4,0,2,clip_frozen
10760,healthstagram_0094.png,3,0,2,clip_frozen
10761,healthstagram_0094.png,0,0,2,clip_frozen
10762,healthstagram_0094.png,4,1,2,clip_frozen
10783,ounwan_0002.png,4,1,2,clip_frozen
10784,ounwan_0002.png,4,1,2,clip_frozen
10785,ounwan_0002.png,3,1,2,clip_frozen
10786,ounwan_0002.png,1,1,2,clip_frozen
10787,ounwan_0002.png,1,1,2,clip_frozen
10788,ounwan_0002.png,0,1,2,clip_frozen
10789,ounwan_0002.png,4,0,2,clip_frozen
10818,ounwan_0009.png,4,2,2,clip_frozen
10819,ounwan_0009.png,1,1,2,clip_frozen
10820,ounwan_0009.png,1,1,2,clip_frozen
10821,ounwan_0009.png,3,2,2,clip_frozen
10847,ounwan_0012.png,1,1,2,clip_frozen
10848,ounwan_0012.png,4,1,2,clip_frozen
10849,ounwan_0012.png,3,1,2,clip_frozen
10850,ounwan_0012.png,2,1,2,clip_frozen
10851,ounwan_0013.png,3,1,2,clip_frozen
10898,ounwan_0017.png,3,1,2,clip_frozen
10899,ounwan_0017.png,1,1,2,clip_frozen
10900,ounwan_0017.png,2,1,2,clip_frozen
10901,ounwan_0017.png,4,1,2,clip_frozen
10902,ounwan_0017.png,3,1,2,clip_frozen
10914,ounwan_0020.png,4,1,2,clip_frozen
10915,ounwan_0020.png,4,1,2,clip_frozen
10916,ounwan_0020.png,1,1,2,clip_frozen
10917,ounwan_0020.png,1,1,2,clip_frozen
10918,ounwan_0020.png,4,1,2,clip_frozen
10919,ounwan_0020.png,4,3,2,clip_frozen
10920,ounwan_0020.png,0,2,2,clip_frozen
10921,ounwan_0020.png,1,2,2,clip_frozen
10922,ounwan_0020.png,1,1,2,clip_frozen
10923,ounwan_0020.png,1,1,2,clip_frozen
10924,ounwan_0020.png,2,3,2,clip_frozen
10925,ounwan_0020.png,0,2,2,clip_frozen
10926,ounwan_0020.png,2,1,2,clip_frozen
10927,ounwan_0020.png,2,2,2,clip_frozen
10928,ounwan_0020.png,2,1,2,clip_frozen
10929,ounwan_0020.png,4,2,2,clip_frozen
10930,ounwan_0020.png,2,1,2,clip_frozen
10931,ounwan_0020.png,1,2,2,clip_frozen
10932,ounwan_0020.png,0,1,2,clip_frozen
10933,ounwan_0020.png,0,1,2,clip_frozen
10934,ounwan_0020.png,1,2,2,clip_frozen
10935,ounwan_0020.png,1,2,2,clip_frozen
10937,ounwan_0024.png,3,1,2,clip_frozen
10968,ounwan_0035.png,4,2,2,clip_frozen
10969,ounwan_0035.png,2,2,2,clip_frozen
10970,ounwan_0035.png,4,1,2,clip_frozen
11003,ounwan_0039.png,4,1,2,clip_frozen
11186,ounwan_0067.png,4,2,2,clip_frozen
11187,ounwan_0067.png,3,1,2,clip_frozen
11188,ounwan_0067.png,2,1,2,clip_frozen
11189,ounwan_0067.png,2,1,2,clip_frozen
11190,ounwan_0067.png,4,1,2,clip_frozen
11191,ounwan_0067.png,1,1,2,clip_frozen
11192,ounwan_0067.png,3,1,2,clip_frozen
11193,ounwan_0067.png,2,1,2,clip_frozen
11194,ounwan_0067.png,2,1,2,clip_frozen
11195,ounwan_0067.png,3,1,2,clip_frozen
11196,ounwan_0068.png,3,1,2,clip_frozen
11280,ounwan_0080.png,4,1,2,clip_frozen
11281,ounwan_0080.png,4,1,2,clip_frozen
11282,ounwan_0080.png,1,1,2,clip_frozen
11283,ounwan_0080.png,2,1,2,clip_frozen
11284,ounwan_0080.png,2,3,2,clip_frozen
11285,ounwan_0080.png,1,1,2,clip_frozen
11286,ounwan_0080.png,1,1,2,clip_frozen
11287,ounwan_0080.png,1,1,2,clip_frozen
11288,ounwan_0080.png,3,3,2,clip_frozen
11289,ounwan_0080.png,1,1,2,clip_frozen
11290,ounwan_0080.png,2,1,2,clip_frozen
11291,ounwan_0080.png,1,1,2,clip_frozen
11292,ounwan_0080.png,2,1,2,clip_frozen
11293,ounwan_0080.png,1,1,2,clip_frozen
11294,ounwan_0080.png,1,1,2,clip_frozen
11295,ounwan_0080.png,1,1,2,clip_frozen
11296,ounwan_0080.png,1,1,2,clip_frozen
11297,ounwan_0080.png,1,1,2,clip_frozen
11307,ounwan_0085.png,3,1,2,clip_frozen
11308,ounwan_0085.png,4,1,2,clip_frozen
11309,ounwan_0085.png,4,1,2,clip_frozen
11310,ounwan_0085.png,3,1,2,clip_frozen
11311,ounwan_0085.png,4,1,2,clip_frozen
11312,ounwan_0085.png,4,1,2,clip_frozen
11354,ounwan_0090.png,3,1,2,clip_frozen
11380,ounwan_0096.png,4,1,2,clip_frozen
11381,ounwan_0096.png,3,3,2,clip_frozen
11382,ounwan_0096.png,4,1,2,clip_frozen
11383,ounwan_0096.png,4,1,2,clip_frozen
11384,ounwan_0096.png,1,1,2,clip_frozen
11385,ounwan_0096.png,4,1,2,clip_frozen
11386,ounwan_0099.png,1,1,2,clip_frozen
11387,ounwan_0099.png,3,1,2,clip_frozen
11388,ounwan_0099.png,3,1,2,clip_frozen
11389,ounwan_0099.png,1,3,2,clip_frozen
11390,ounwan_0099.png,2,3,2,clip_frozen
11391,ounwan_0099.png,2,1,2,clip_frozen
11392,ounwan_0099.png,2,1,2,clip_frozen
11393,ounwan_0099.png,1,1,2,clip_frozen
11394,ounwan_0099.png,2,1,2,clip_frozen
11395,ounwan_0099.png,2,1,2,clip_frozen
11396,ounwan_0099.png,2,1,2,clip_frozen
11397,ounwan_0099.png,2,1,2,clip_frozen
11398,ounwan_0099.png,3,3,2,clip_frozen
11406,dietfood_0002.png,4,4,2,clip_frozen
11407,dietfood_0002.png,4,4,2,clip_frozen
11408,dietfood_0002.png,4,4,2,clip_frozen
11409,dietfood_0002.png,4,4,2,clip_frozen
11410,dietfood_0002.png,4,4,2,clip_frozen
11411,dietfood_0004.png,4,4,2,clip_frozen
11412,dietfood_0004.png,4,4,2,clip_frozen
11413,dietfood_0004.png,4,4,2,clip_frozen
11414,dietfood_0004.png,3,4,2,clip_frozen
11415,dietfood_0004.png,3,4,2,clip_frozen
11416,dietfood_0004.png,3,4,2,clip_frozen
11417,dietfood_0004.png,4,4,2,clip_frozen
11418,dietfood_0004.png,3,4,2,clip_frozen
11419,dietfood_0004.png,3,4,2,clip_frozen
11420,dietfood_0004.png,4,4,2,clip_frozen
11421,dietfood_0004.png,3,4,2,clip_frozen
11422,dietfood_0004.png,2,4,2,clip_frozen
11423,dietfood_0004.png,1,4,2,clip_frozen
11424,dietfood_0004.png,2,4,2,clip_frozen
11425,dietfood_0004.png,4,4,2,clip_frozen
11426,dietfood_0004.png,3,4,2,clip_frozen
11427,dietfood_0004.png,4,4,2,clip_frozen
11428,dietfood_0005.png,4,4,2,clip_frozen
11429,dietfood_0005.png,4,4,2,clip_frozen
11430,dietfood_0005.png,3,4,2,clip_frozen
11431,dietfood_0005.png,4,4,2,clip_frozen
11432,dietfood_0005.png,2,4,2,clip_frozen
11433,dietfood_0005.png,2,4,2,clip_frozen
11434,dietfood_0005.png,3,4,2,clip_frozen
11440,dietfood_0007.png,1,4,2,clip_frozen
11441,dietfood_0007.png,3,4,2,clip_frozen
11442,dietfood_0007.png,1,4,2,clip_frozen
11443,dietfood_0007.png,2,4,2,clip_frozen
11444,dietfood_0007.png,1,4,2,clip_frozen
11477,dietfood_0015.png,0,4,2,clip_frozen
11478,dietfood_0015.png,0,4,2,clip_frozen
11479,dietfood_0015.png,0,4,2,clip_frozen
11480,dietfood_0015.png,0,4,2,clip_frozen
11481,dietfood_0015.png,0,4,2,clip_frozen
11482,dietfood_0015.png,0,4,2,clip_frozen
11497,dietfood_0019.png,4,4,2,clip_frozen
11498,dietfood_0019.png,3,4,2,clip_frozen
11499,dietfood_0019.png,4,4,2,clip_frozen
11500,dietfood_0019.png,4,4,2,clip_frozen
11501,dietfood_0019.png,2,4,2,clip_frozen
11549,dietfood_0027.png,0,4,2,clip_frozen
11550,dietfood_0027.png,0,4,2,clip_frozen
11551,dietfood_0027.png,0,4,2,clip_frozen
11552,dietfood_0027.png,0,4,2,clip_frozen
11553,dietfood_0027.png,0,4,2,clip_frozen
11554,dietfood_0027.png,0,4,2,clip_frozen
11555,dietfood_0027.png,0,4,2,clip_frozen
11556,dietfood_0027.png,0,4,2,clip_frozen
11557,dietfood_0027.png,0,4,2,clip_frozen
11558,dietfood_0027.png,0,4,2,clip_frozen
11559,dietfood_0027.png,0,3,2,clip_frozen
11560,dietfood_0027.png,0,4,2,clip_frozen
11561,dietfood_0027.png,0,4,2,clip_frozen
11562,dietfood_0027.png,0,3,2,clip_frozen
11563,dietfood_0027.png,1,4,2,clip_frozen
11564,dietfood_0028.png,3,4,2,clip_frozen
11565,dietfood_0028.png,3,4,2,clip_frozen
11566,dietfood_0028.png,1,4,2,clip_frozen
11577,dietfood_0032.png,4,4,2,clip_frozen
11578,dietfood_0032.png,3,4,2,clip_frozen
11579,dietfood_0032.png,4,4,2,clip_frozen
11580,dietfood_0032.png,3,4,2,clip_frozen
11581,dietfood_0032.png,2,4,2,clip_frozen
11592,dietfood_0034.png,2,4,2,clip_frozen
11593,dietfood_0034.png,4,4,2,clip_frozen
11594,dietfood_0034.png,4,4,2,clip_frozen
11595,dietfood_0034.png,2,4,2,clip_frozen
11596,dietfood_0034.png,4,4,2,clip_frozen
11597,dietfood_0035.png,4,4,2,clip_frozen
11598,dietfood_0035.png,3,4,2,clip_frozen
11599,dietfood_0035.png,2,4,2,clip_frozen
11600,dietfood_0035.png,4,4,2,clip_frozen
11601,dietfood_0035.png,4,4,2,clip_frozen
11602,dietfood_0035.png,3,4,2,clip_frozen
11603,dietfood_0035.png,3,4,2,clip_frozen
11604,dietfood_0035.png,4,4,2,clip_frozen
11605,dietfood_0035.png,3,4,2,clip_frozen
11606,dietfood_0035.png,3,4,2,clip_frozen
11607,dietfood_0035.png,4,4,2,clip_frozen
11608,dietfood_0035.png,4,4,2,clip_frozen
11609,dietfood_0035.png,3,4,2,clip_frozen
11610,dietfood_0035.png,1,4,2,clip_frozen
11611,dietfood_0035.png,3,4,2,clip_frozen
11612,dietfood_0035.png,1,4,2,clip_frozen
11613,dietfood_0035.png,3,4,2,clip_frozen
11614,dietfood_0035.png,2,4,2,clip_frozen
11655,dietfood_0047.png,0,1,2,clip_frozen
11656,dietfood_0047.png,0,1,2,clip_frozen
11657,dietfood_0047.png,0,1,2,clip_frozen
11658,dietfood_0047.png,0,1,2,clip_frozen
11659,dietfood_0047.png,0,1,2,clip_frozen
11660,dietfood_0049.png,3,4,2,clip_frozen
11661,dietfood_0049.png,4,4,2,clip_frozen
11662,dietfood_0049.png,4,4,2,clip_frozen
11663,dietfood_0050.png,2,4,2,clip_frozen
11664,dietfood_0050.png,2,3,2,clip_frozen
11665,dietfood_0050.png,1,4,2,clip_frozen
11666,dietfood_0050.png,4,4,2,clip_frozen
11667,dietfood_0050.png,4,4,2,clip_frozen
11668,dietfood_0050.png,3,4,2,clip_frozen
11669,dietfood_0050.png,3,4,2,clip_frozen
11670,dietfood_0050.png,4,4,2,clip_frozen
11671,dietfood_0050.png,3,3,2,clip_frozen
11672,dietfood_0050.png,4,4,2,clip_frozen
11673,dietfood_0050.png,3,3,2,clip_frozen
11674,dietfood_0050.png,3,3,2,clip_frozen
11696,dietfood_0054.png,4,4,2,clip_frozen
11697,dietfood_0054.png,2,4,2,clip_frozen
11698,dietfood_0054.png,1,4,2,clip_frozen
11699,dietfood_0054.png,4,4,2,clip_frozen
11700,dietfood_0054.png,2,4,2,clip_frozen
11706,dietfood_0056.png,4,4,2,clip_frozen
11707,dietfood_0056.png,4,4,2,clip_frozen
11708,dietfood_0056.png,3,4,2,clip_frozen
11709,dietfood_0056.png,2,4,2,clip_frozen
11710,dietfood_0056.png,4,4,2,clip_frozen
11731,dietfood_0060.png,4,4,2,clip_frozen
11732,dietfood_0060.png,4,4,2,clip_frozen
11733,dietfood_0060.png,2,4,2,clip_frozen
11734,dietfood_0060.png,4,4,2,clip_frozen
11735,dietfood_0060.png,4,4,2,clip_frozen
11736,dietfood_0060.png,3,4,2,clip_frozen
11737,dietfood_0060.png,2,4,2,clip_frozen
11916,dietfood_0086.png,3,4,2,clip_frozen
11917,dietfood_0086.png,1,4,2,clip_frozen
11918,dietfood_0086.png,4,4,2,clip_frozen
11919,dietfood_0086.png,1,4,2,clip_frozen
11920,dietfood_0086.png,3,4,2,clip_frozen
11921,dietfood_0086.png,2,4,2,clip_frozen
11922,dietfood_0086.png,1,4,2,clip_frozen
11923,dietfood_0086.png,3,4,2,clip_frozen
11984,dietfood_0096.png,4,4,2,clip_frozen
11985,dietfood_0096.png,3,4,2,clip_frozen
11986,dietfood_0096.png,3,4,2,clip_frozen
11987,dietfood_0096.png,3,4,2,clip_frozen
11988,dietfood_0096.png,3,4,2,clip_frozen
12000,dietfood_0098.png,3,4,2,clip_frozen
12001,dietfood_0098.png,3,3,2,clip_frozen
12002,dietfood_0098.png,3,3,2,clip_frozen
12003,dietfood_0098.png,2,3,2,clip_frozen
12004,dietfood_0098.png,3,3,2,clip_frozen
6,ai_0003.png,4,1,3,clip_frozen
7,ai_0003.png,3,4,3,clip_frozen
8,ai_0004.png,3,4,3,clip_frozen
9,ai_0004.png,3,4,3,clip_frozen
10,ai_0004.png,2,4,3,clip_frozen
11,ai_0004.png,3,4,3,clip_frozen
12,ai_0004.png,2,4,3,clip_frozen
13,ai_0004.png,4,4,3,clip_frozen
14,ai_0004.png,4,4,3,clip_frozen
21,ai_0008.png,4,2,3,clip_frozen
22,ai_0008.png,1,4,3,clip_frozen
23,ai_0008.png,1,3,3,clip_frozen
24,ai_0008.png,1,4,3,clip_frozen
25,ai_0008.png,2,3,3,clip_frozen
26,ai_0008.png,2,4,3,clip_frozen
27,ai_0008.png,1,4,3,clip_frozen
28,ai_0008.png,3,4,3,clip_frozen
29,ai_0008.png,4,4,3,clip_frozen
30,ai_0008.png,4,2,3,clip_frozen
31,ai_0008.png,2,2,3,clip_frozen
32,ai_0008.png,1,4,3,clip_frozen
33,ai_0008.png,1,4,3,clip_frozen
187,ai_0019.png,4,4,3,clip_frozen
188,ai_0019.png,4,4,3,clip_frozen
189,ai_0019.png,2,4,3,clip_frozen
190,ai_0019.png,1,4,3,clip_frozen
191,ai_0019.png,1,4,3,clip_frozen
192,ai_0019.png,1,4,3,clip_frozen
193,ai_0019.png,2,4,3,clip_frozen
194,ai_0019.png,3,4,3,clip_frozen
195,ai_0019.png,3,4,3,clip_frozen
196,ai_0019.png,1,4,3,clip_frozen
197,ai_0019.png,2,4,3,clip_frozen
198,ai_0019.png,1,4,3,clip_frozen
199,ai_0019.png,2,4,3,clip_frozen
200,ai_0019.png,3,4,3,clip_frozen
201,ai_0019.png,3,4,3,clip_frozen
202,ai_0019.png,3,4,3,clip_frozen
203,ai_0019.png,3,4,3,clip_frozen
204,ai_0019.png,3,4,3,clip_frozen
205,ai_0019.png,2,4,3,clip_frozen
206,ai_0019.png,2,4,3,clip_frozen
207,ai_0019.png,0,4,3,clip_frozen
208,ai_0019.png,1,4,3,clip_frozen
209,ai_0019.png,0,4,3,clip_frozen
210,ai_0019.png,1,4,3,clip_frozen
211,ai_0019.png,4,4,3,clip_frozen
212,ai_0019.png,1,4,3,clip_frozen
213,ai_0019.png,3,4,3,clip_frozen
237,domesticTravel_0004.png,4,1,3,clip_frozen
238,domesticTravel_0004.png,3,4,3,clip_frozen
239,domesticTravel_0004.png,4,1,3,clip_frozen
240,domesticTravel_0004.png,4,0,3,clip_frozen
241,domesticTravel_0004.png,3,4,3,clip_frozen
242,domesticTravel_0004.png,3,1,3,clip_frozen
243,domesticTravel_0004.png,3,1,3,clip_frozen
244,domesticTravel_0004.png,2,1,3,clip_frozen
245,domesticTravel_0004.png,2,4,3,clip_frozen
246,domesticTravel_0004.png,2,1,3,clip_frozen
247,domesticTravel_0004.png,0,0,3,clip_frozen
248,domesticTravel_0004.png,1,4,3,clip_frozen
249,domesticTravel_0004.png,4,0,3,clip_frozen
250,domesticTravel_0004.png,1,1,3,clip_frozen
251,domesticTravel_0004.png,2,4,3,clip_frozen
252,domesticTravel_0004.png,2,1,3,clip_frozen
253,domesticTravel_0004.png,3,1,3,clip_frozen
254,domesticTravel_0004.png,3,1,3,clip_frozen
255,domesticTravel_0004.png,2,0,3,clip_frozen
256,domesticTravel_0004.png,3,3,3,clip_frozen
266,domesticTravel_0010.png,3,1,3,clip_frozen
267,domesticTravel_0010.png,4,1,3,clip_frozen
268,domesticTravel_0010.png,4,3,3,clip_frozen
269,domesticTravel_0010.png,4,1,3,clip_frozen
270,domesticTravel_0010.png,3,4,3,clip_frozen
271,domesticTravel_0010.png,2,1,3,clip_frozen
272,domesticTravel_0010.png,3,1,3,clip_frozen
273,domesticTravel_0010.png,4,4,3,clip_frozen
274,domesticTravel_0010.png,4,1,3,clip_frozen
275,domesticTravel_0010.png,4,4,3,clip_frozen
276,domesticTravel_0010.png,1,4,3,clip_frozen
277,domesticTravel_0010.png,2,4,3,clip_frozen
278,domesticTravel_0010.png,0,1,3,clip_frozen
289,domesticTravel_0013.png,4,4,3,clip_frozen
378,fall_0007.png,4,1,3,clip_frozen
379,fall_0007.png,4,1,3,clip_frozen
380,fall_0007.png,3,1,3,clip_frozen
381,fall_0007.png,3,1,3,clip_frozen
382,fall_0007.png,4,1,3,clip_frozen
383,fall_0007.png,4,1,3,clip_frozen
384,fall_0007.png,4,1,3,clip_frozen
385,fall_0007.png,4,1,3,clip_frozen
386,fall_0007.png,4,1,3,clip_frozen
387,fall_0007.png,4,1,3,clip_frozen
388,fall_0007.png,4,1,3,clip_frozen
389,fall_0007.png,4,1,3,clip_frozen
390,fall_0007.png,4,1,3,clip_frozen
391,fall_0007.png,1,1,3,clip_frozen
392,fall_0007.png,1,1,3,clip_frozen
393,fall_0007.png,1,1,3,clip_frozen
394,fall_0007.png,0,1,3,clip_frozen
395,fall_0007.png,0,1,3,clip_frozen
396,fall_0007.png,1,1,3,clip_frozen
397,fall_0007.png,1,1,3,clip_frozen
398,fall_0007.png,1,1,3,clip_frozen
399,fall_0007.png,1,1,3,clip_frozen
400,fall_0007.png,1,1,3,clip_frozen
401,fall_0007.png,0,1,3,clip_frozen
402,fall_0007.png,0,1,3,clip_frozen
403,fall_0007.png,0,1,3,clip_frozen
404,fall_0007.png,1,1,3,clip_frozen
405,fall_0007.png,1,1,3,clip_frozen
406,fall_0007.png,2,1,3,clip_frozen
407,fall_0007.png,3,1,3,clip_frozen
408,fall_0008.png,4,1,3,clip_frozen
409,fall_0008.png,4,1,3,clip_frozen
410,fall_0008.png,4,1,3,clip_frozen
411,fall_0008.png,1,1,3,clip_frozen
609,fashion_0006.png,4,1,3,clip_frozen
610,fashion_0006.png,1,1,3,clip_frozen
611,fashion_0006.png,1,1,3,clip_frozen
612,fashion_0006.png,1,0,3,clip_frozen
613,fashion_0006.png,0,1,3,clip_frozen
614,fashion_0006.png,4,1,3,clip_frozen
615,fashion_0006.png,4,1,3,clip_frozen
616,fashion_0006.png,3,1,3,clip_frozen
617,fashion_0006.png,2,1,3,clip_frozen
618,fashion_0006.png,2,1,3,clip_frozen
619,fashion_0006.png,2,1,3,clip_frozen
620,fashion_0006.png,2,1,3,clip_frozen
621,fashion_0006.png,3,1,3,clip_frozen
622,fashion_0006.png,2,3,3,clip_frozen
623,fashion_0006.png,0,0,3,clip_frozen
624,fashion_0006.png,3,3,3,clip_frozen
625,fashion_0006.png,1,1,3,clip_frozen
626,fashion_0006.png,2,0,3,clip_frozen
627,fashion_0006.png,4,1,3,clip_frozen
628,fashion_0006.png,4,1,3,clip_frozen
629,fashion_0006.png,1,0,3,clip_frozen
630,fashion_0006.png,0,0,3,clip_frozen
631,fashion_0006.png,0,1,3,clip_frozen
632,fashion_0006.png,0,1,3,clip_frozen
633,fashion_0015.png,4,1,3,clip_frozen
634,fashion_0015.png,4,1,3,clip_frozen
635,fashion_0015.png,3,1,3,clip_frozen
636,fashion_0015.png,4,1,3,clip_frozen
637,fashion_0015.png,4,3,3,clip_frozen
638,fashion_0015.png,4,1,3,clip_frozen
639,fashion_0015.png,3,1,3,clip_frozen
640,fashion_0015.png,3,1,3,clip_frozen
641,fashion_0015.png,3,1,3,clip_frozen
642,fashion_0015.png,3,1,3,clip_frozen
643,fashion_0015.png,2,1,3,clip_frozen
644,fashion_0015.png,4,1,3,clip_frozen
645,fashion_0015.png,4,1,3,clip_frozen
646,fashion_0015.png,3,1,3,clip_frozen
647,fashion_0015.png,3,1,3,clip_frozen
648,fashion_0015.png,1,1,3,clip_frozen
649,fashion_0015.png,4,1,3,clip_frozen
650,fashion_0015.png,4,1,3,clip_frozen
651,fashion_0015.png,3,1,3,clip_frozen
652,fashion_0015.png,1,1,3,clip_frozen
653,fashion_0015.png,4,1,3,clip_frozen
654,fashion_0015.png,4,1,3,clip_frozen
655,fashion_0015.png,1,1,3,clip_frozen
656,fashion_0015.png,4,1,3,clip_frozen
657,fashion_0015.png,3,1,3,clip_frozen
658,fashion_0015.png,4,3,3,clip_frozen
659,fashion_0015.png,3,1,3,clip_frozen
660,fashion_0015.png,3,1,3,clip_frozen
661,fashion_0015.png,4,1,3,clip_frozen
662,fashion_0015.png,3,1,3,clip_frozen
763,movie_0008.png,1,4,3,clip_frozen
764,movie_0008.png,3,4,3,clip_frozen
765,movie_0008.png,3,4,3,clip_frozen
766,movie_0008.png,3,3,3,clip_frozen
767,movie_0008.png,3,2,3,clip_frozen
768,movie_0008.png,1,4,3,clip_frozen
769,movie_0008.png,3,4,3,clip_frozen
770,movie_0008.png,3,4,3,clip_frozen
771,movie_0008.png,3,4,3,clip_frozen
772,movie_0008.png,3,4,3,clip_frozen
773,movie_0008.png,2,4,3,clip_frozen
774,movie_0008.png,2,4,3,clip_frozen
775,movie_0008.png,3,4,3,clip_frozen
776,movie_0008.png,3,4,3,clip_frozen
777,movie_0008.png,1,3,3,clip_frozen
778,movie_0008.png,0,3,3,clip_frozen
779,movie_0008.png,1,4,3,clip_frozen
780,movie_0008.png,0,3,3,clip_frozen
781,movie_0008.png,1,4,3,clip_frozen
850,movie_0017.png,1,4,3,clip_frozen
851,movie_0017.png,1,4,3,clip_frozen
852,movie_0017.png,0,4,3,clip_frozen
853,movie_0017.png,1,4,3,clip_frozen
854,movie_0017.png,0,4,3,clip_frozen
855,movie_0017.png,2,4,3,clip_frozen
856,movie_0017.png,2,4,3,clip_frozen
857,movie_0017.png,1,4,3,clip_frozen
858,movie_0017.png,2,4,3,clip_frozen
859,movie_0017.png,0,4,3,clip_frozen
860,movie_0017.png,1,4,3,clip_frozen
861,movie_0017.png,0,4,3,clip_frozen
862,movie_0017.png,2,4,3,clip_frozen
863,movie_0017.png,1,4,3,clip_frozen
864,movie_0017.png,2,4,3,clip_frozen
865,movie_0017.png,3,4,3,clip_frozen
866,movie_0017.png,2,4,3,clip_frozen
867,movie_0017.png,3,4,3,clip_frozen
868,movie_0017.png,4,4,3,clip_frozen
869,movie_0017.png,2,0,3,clip_frozen
870,movie_0017.png,4,4,3,clip_frozen
871,movie_0017.png,2,4,3,clip_frozen
872,movie_0017.png,1,4,3,clip_frozen
873,movie_0017.png,4,4,3,clip_frozen
948,olive_0006.png,4,4,3,clip_frozen
949,olive_0006.png,4,4,3,clip_frozen
950,olive_0006.png,4,4,3,clip_frozen
951,olive_0006.png,4,4,3,clip_frozen
952,olive_0006.png,4,4,3,clip_frozen
953,olive_0006.png,4,4,3,clip_frozen
954,olive_0006.png,3,4,3,clip_frozen
955,olive_0006.png,1,4,3,clip_frozen
956,olive_0006.png,1,4,3,clip_frozen
957,olive_0006.png,1,4,3,clip_frozen
958,olive_0006.png,1,4,3,clip_frozen
959,olive_0006.png,1,4,3,clip_frozen
960,olive_0006.png,2,1,3,clip_frozen
961,olive_0006.png,1,4,3,clip_frozen
1062,olive_0018.png,4,3,3,clip_frozen
1063,olive_0018.png,4,4,3,clip_frozen
1064,olive_0018.png,3,3,3,clip_frozen
1065,olive_0018.png,3,3,3,clip_frozen
1066,olive_0018.png,4,3,3,clip_frozen
1067,olive_0018.png,4,3,3,clip_frozen
1144,restaurant_0003.png,4,4,3,clip_frozen
1145,restaurant_0003.png,2,3,3,clip_frozen
1146,restaurant_0003.png,3,3,3,clip_frozen
1147,restaurant_0003.png,4,3,3,clip_frozen
1148,restaurant_0003.png,4,0,3,clip_frozen
1149,restaurant_0003.png,4,3,3,clip_frozen
1150,restaurant_0003.png,4,3,3,clip_frozen
1151,restaurant_0003.png,2,3,3,clip_frozen
1152,restaurant_0003.png,3,3,3,clip_frozen
1153,restaurant_0003.png,4,0,3,clip_frozen
1154,restaurant_0003.png,4,0,3,clip_frozen
1155,restaurant_0003.png,4,0,3,clip_frozen
1156,restaurant_0003.png,4,0,3,clip_frozen
1157,restaurant_0003.png,3,4,3,clip_frozen
1158,restaurant_0003.png,4,3,3,clip_frozen
1159,restaurant_0003.png,2,0,3,clip_frozen
1160,restaurant_0003.png,0,4,3,clip_frozen
1352,zerokal_0003.png,4,4,3,clip_frozen
1353,zerokal_0003.png,3,3,3,clip_frozen
1354,zerokal_0003.png,3,4,3,clip_frozen
1355,zerokal_0003.png,2,3,3,clip_frozen
1408,zerokal_0007.png,2,4,3,clip_frozen
1409,zerokal_0007.png,3,4,3,clip_frozen
1410,zerokal_0007.png,1,4,3,clip_frozen
1411,zerokal_0007.png,4,4,3,clip_frozen
1412,zerokal_0007.png,3,0,3,clip_frozen
1413,zerokal_0007.png,3,0,3,clip_frozen
1414,zerokal_0007.png,3,0,3,clip_frozen
1437,zerokal_0011.png,0,1,3,clip_frozen
1438,zerokal_0011.png,4,1,3,clip_frozen
1439,zerokal_0011.png,3,1,3,clip_frozen
1440,zerokal_0011.png,2,3,3,clip_frozen
1441,zerokal_0011.png,4,1,3,clip_frozen
1442,zerokal_0011.png,1,1,3,clip_frozen
1443,zerokal_0011.png,1,1,3,clip_frozen
1444,zerokal_0011.png,2,3,3,clip_frozen
1445,zerokal_0011.png,2,1,3,clip_frozen
1446,zerokal_0011.png,3,1,3,clip_frozen
1500,zerokal_0019.png,4,1,3,clip_frozen
1501,zerokal_0019.png,4,1,3,clip_frozen
1502,zerokal_0019.png,4,0,3,clip_frozen
1503,zerokal_0019.png,1,1,3,clip_frozen
1504,zerokal_0019.png,4,1,3,clip_frozen
1505,zerokal_0019.png,1,1,3,clip_frozen
1506,zerokal_0019.png,1,1,3,clip_frozen
1507,zerokal_0019.png,1,1,3,clip_frozen
1508,zerokal_0019.png,0,1,3,clip_frozen
1509,zerokal_0019.png,4,1,3,clip_frozen
1510,zerokal_0019.png,3,1,3,clip_frozen
1511,zerokal_0019.png,1,1,3,clip_frozen
1512,zerokal_0019.png,0,3,3,clip_frozen
1634,travelgram_0031.png,4,3,3,clip_frozen
1635,travelgram_0031.png,4,3,3,clip_frozen
1636,travelgram_0031.png,3,3,3,clip_frozen
1637,travelgram_0031.png,3,3,3,clip_frozen
1638,travelgram_0031.png,4,3,3,clip_frozen
1643,travelgram_0036.png,4,1,3,clip_frozen
1644,travelgram_0036.png,4,1,3,clip_frozen
1645,travelgram_0036.png,4,1,3,clip_frozen
1646,travelgram_0036.png,3,3,3,clip_frozen
1647,travelgram_0036.png,3,3,3,clip_frozen
1672,travelgram_0047.png,2,1,3,clip_frozen
1673,travelgram_0047.png,4,3,3,clip_frozen
1674,travelgram_0047.png,1,1,3,clip_frozen
1675,travelgram_0047.png,3,3,3,clip_frozen
1676,travelgram_0047.png,3,1,3,clip_frozen
1677,travelgram_0049.png,1,3,3,clip_frozen
1678,travelgram_0049.png,2,1,3,clip_frozen
1679,travelgram_0049.png,0,1,3,clip_frozen
1680,travelgram_0049.png,0,1,3,clip_frozen
1681,travelgram_0049.png,2,1,3,clip_frozen
1691,travelgram_0053.png,2,2,3,clip_frozen
1695,travelgram_0055.png,4,3,3,clip_frozen
1696,travelgram_0055.png,4,3,3,clip_frozen
1697,travelgram_0055.png,3,3,3,clip_frozen
1698,travelgram_0055.png,3,0,3,clip_frozen
1699,travelgram_0055.png,3,3,3,clip_frozen
1732,travelgram_0058.png,4,3,3,clip_frozen
1733,travelgram_0058.png,4,4,3,clip_frozen
1734,travelgram_0058.png,1,0,3,clip_frozen
1735,travelgram_0058.png,1,0,3,clip_frozen
1736,travelgram_0058.png,3,1,3,clip_frozen
1848,travelgram_0087.png,2,1,3,clip_frozen
1881,solotravel_0006.png,4,3,3,clip_frozen
1882,solotravel_0006.png,3,3,3,clip_frozen
1883,solotravel_0006.png,4,3,3,clip_frozen
1927,solotravel_0022.png,1,3,3,clip_frozen
1928,solotravel_0022.png,1,3,3,clip_frozen
1929,solotravel_0022.png,2,3,3,clip_frozen
1930,solotravel_0023.png,4,1,3,clip_frozen
1931,solotravel_0023.png,4,3,3,clip_frozen
1932,solotravel_0023.png,4,3,3,clip_frozen
1933,solotravel_0023.png,2,1,3,clip_frozen
1934,solotravel_0023.png,2,1,3,clip_frozen
1959,solotravel_0035.png,0,4,3,clip_frozen
1960,solotravel_0035.png,0,4,3,clip_frozen
1961,solotravel_0035.png,1,4,3,clip_frozen
1962,solotravel_0035.png,1,4,3,clip_frozen
1963,solotravel_0035.png,1,4,3,clip_frozen
1968,solotravel_0038.png,2,4,3,clip_frozen
1969,solotravel_0038.png,1,4,3,clip_frozen
1970,solotravel_0038.png,1,1,3,clip_frozen
1971,solotravel_0038.png,4,4,3,clip_frozen
1972,solotravel_0038.png,4,1,3,clip_frozen
1973,solotravel_0039.png,4,4,3,clip_frozen
1974,solotravel_0039.png,1,3,3,clip_frozen
1975,solotravel_0039.png,1,4,3,clip_frozen
1976,solotravel_0039.png,1,3,3,clip_frozen
1977,solotravel_0039.png,1,4,3,clip_frozen
1978,solotravel_0039.png,4,4,3,clip_frozen
1979,solotravel_0039.png,3,4,3,clip_frozen
1980,solotravel_0039.png,3,3,3,clip_frozen
1981,solotravel_0039.png,4,4,3,clip_frozen
1982,solotravel_0039.png,1,3,3,clip_frozen
1983,solotravel_0039.png,1,4,3,clip_frozen
1984,solotravel_0039.png,2,4,3,clip_frozen
2012,solotravel_0046.png,1,3,3,clip_frozen
2013,solotravel_0046.png,1,3,3,clip_frozen
2014,solotravel_0046.png,1,4,3,clip_frozen
2015,solotravel_0046.png,3,4,3,clip_frozen
2016,solotravel_0046.png,3,4,3,clip_frozen
2017,solotravel_0046.png,2,4,3,clip_frozen
2018,solotravel_0046.png,1,4,3,clip_frozen
2019,solotravel_0046.png,3,4,3,clip_frozen
2020,solotravel_0046.png,3,3,3,clip_frozen
2021,solotravel_0046.png,4,4,3,clip_frozen
2022,solotravel_0046.png,4,4,3,clip_frozen
2023,solotravel_0046.png,4,4,3,clip_frozen
2024,solotravel_0046.png,2,4,3,clip_frozen
2025,solotravel_0046.png,0,4,3,clip_frozen
2026,solotravel_0046.png,2,3,3,clip_frozen
2058,solotravel_0051.png,4,3,3,clip_frozen
2059,solotravel_0051.png,2,4,3,clip_frozen
2060,solotravel_0051.png,3,3,3,clip_frozen
2076,solotravel_0059.png,4,3,3,clip_frozen
2077,solotravel_0059.png,3,3,3,clip_frozen
2078,solotravel_0059.png,4,3,3,clip_frozen
2079,solotravel_0059.png,4,3,3,clip_frozen
2080,solotravel_0059.png,2,3,3,clip_frozen
2081,solotravel_0059.png,1,3,3,clip_frozen
2082,solotravel_0059.png,4,3,3,clip_frozen
2096,solotravel_0062.png,4,1,3,clip_frozen
2097,solotravel_0063.png,4,3,3,clip_frozen
2098,solotravel_0063.png,4,3,3,clip_frozen
2099,solotravel_0063.png,3,3,3,clip_frozen
2100,solotravel_0063.png,3,3,3,clip_frozen
2101,solotravel_0063.png,4,3,3,clip_frozen
2102,solotravel_0063.png,3,3,3,clip_frozen
2103,solotravel_0063.png,1,3,3,clip_frozen
2104,solotravel_0063.png,1,3,3,clip_frozen
2105,solotravel_0063.png,1,3,3,clip_frozen
2106,solotravel_0063.png,3,3,3,clip_frozen
2107,solotravel_0064.png,1,0,3,clip_frozen
2108,solotravel_0064.png,1,0,3,clip_frozen
2109,solotravel_0064.png,2,0,3,clip_frozen
2110,solotravel_0064.png,3,4,3,clip_frozen
2126,solotravel_0068.png,4,4,3,clip_frozen
2127,solotravel_0068.png,4,4,3,clip_frozen
2128,solotravel_0068.png,4,4,3,clip_frozen
2129,solotravel_0068.png,3,4,3,clip_frozen
2130,solotravel_0068.png,1,4,3,clip_frozen
2131,solotravel_0068.png,1,4,3,clip_frozen
2132,solotravel_0068.png,0,4,3,clip_frozen
2133,solotravel_0068.png,1,4,3,clip_frozen
2134,solotravel_0068.png,1,4,3,clip_frozen
2135,solotravel_0068.png,1,4,3,clip_frozen
2136,solotravel_0068.png,1,4,3,clip_frozen
2137,solotravel_0068.png,1,4,3,clip_frozen
2138,solotravel_0068.png,1,4,3,clip_frozen
2139,solotravel_0068.png,0,4,3,clip_frozen
2199,solotravel_0083.png,2,3,3,clip_frozen
2200,solotravel_0083.png,3,3,3,clip_frozen
2201,solotravel_0083.png,3,3,3,clip_frozen
2202,solotravel_0083.png,4,3,3,clip_frozen
2203,solotravel_0083.png,1,3,3,clip_frozen
2219,solotravel_0089.png,4,3,3,clip_frozen
2220,solotravel_0089.png,3,3,3,clip_frozen
2221,solotravel_0089.png,3,3,3,clip_frozen
2222,solotravel_0089.png,4,3,3,clip_frozen
2241,solotravel_0097.png,3,0,3,clip_frozen
2242,solotravel_0097.png,4,0,3,clip_frozen
2243,solotravel_0097.png,3,0,3,clip_frozen
2279,travel_0007.png,2,3,3,clip_frozen
2280,travel_0007.png,3,3,3,clip_frozen
2327,travel_0019.png,3,3,3,clip_frozen
2328,travel_0019.png,4,1,3,clip_frozen
2329,travel_0019.png,4,1,3,clip_frozen
2330,travel_0019.png,3,1,3,clip_frozen
2354,travel_0026.png,4,3,3,clip_frozen
2355,travel_0029.png,4,4,3,clip_frozen
2356,travel_0029.png,3,4,3,clip_frozen
2357,travel_0029.png,1,4,3,clip_frozen
2358,travel_0029.png,2,4,3,clip_frozen
2359,travel_0029.png,0,4,3,clip_frozen
2369,travel_0032.png,4,3,3,clip_frozen
2370,travel_0032.png,4,3,3,clip_frozen
2371,travel_0032.png,3,3,3,clip_frozen
2372,travel_0032.png,4,3,3,clip_frozen
2373,travel_0032.png,3,3,3,clip_frozen
2389,travel_0043.png,4,4,3,clip_frozen
2390,travel_0043.png,3,4,3,clip_frozen
2391,travel_0043.png,2,4,3,clip_frozen
2395,travel_0045.png,2,3,3,clip_frozen
2396,travel_0045.png,4,3,3,clip_frozen
2397,travel_0045.png,0,3,3,clip_frozen
2398,travel_0045.png,2,4,3,clip_frozen
2399,travel_0045.png,2,3,3,clip_frozen
2400,travel_0045.png,2,4,3,clip_frozen
2401,travel_0045.png,0,3,3,clip_frozen
2402,travel_0045.png,0,4,3,clip_frozen
2403,travel_0045.png,0,4,3,clip_frozen
2404,travel_0045.png,0,3,3,clip_frozen
2405,travel_0045.png,0,4,3,clip_frozen
2406,travel_0045.png,0,4,3,clip_frozen
2421,travel_0048.png,4,3,3,clip_frozen
2422,travel_0048.png,3,3,3,clip_frozen
2423,travel_0048.png,3,3,3,clip_frozen
2424,travel_0048.png,4,3,3,clip_frozen
2478,travel_0058.png,4,3,3,clip_frozen
2479,travel_0058.png,4,3,3,clip_frozen
2480,travel_0058.png,1,3,3,clip_frozen
2481,travel_0058.png,4,3,3,clip_frozen
2482,travel_0058.png,2,3,3,clip_frozen
2522,travel_0066.png,0,1,3,clip_frozen
2523,travel_0066.png,0,1,3,clip_frozen
2524,travel_0066.png,0,0,3,clip_frozen
2525,travel_0066.png,0,0,3,clip_frozen
2526,travel_0066.png,0,0,3,clip_frozen
2591,travel_0082.png,1,4,3,clip_frozen
2592,travel_0082.png,4,3,3,clip_frozen
2593,travel_0082.png,3,4,3,clip_frozen
2594,travel_0082.png,1,3,3,clip_frozen
2595,travel_0082.png,3,3,3,clip_frozen
2596,travel_0082.png,3,3,3,clip_frozen
2597,travel_0082.png,0,3,3,clip_frozen
2646,travel_0095.png,4,1,3,clip_frozen
2666,foodstagram_0012.png,4,3,3,clip_frozen
2667,foodstagram_0012.png,2,3,3,clip_frozen
2668,foodstagram_0012.png,4,3,3,clip_frozen
2669,foodstagram_0012.png,3,3,3,clip_frozen
2670,foodstagram_0012.png,4,3,3,clip_frozen
2671,foodstagram_0012.png,3,3,3,clip_frozen
2672,foodstagram_0012.png,3,3,3,clip_frozen
2673,foodstagram_0012.png,3,3,3,clip_frozen
2674,foodstagram_0012.png,3,3,3,clip_frozen
2675,foodstagram_0012.png,4,3,3,clip_frozen
2676,foodstagram_0012.png,4,3,3,clip_frozen
2677,foodstagram_0012.png,1,4,3,clip_frozen
2678,foodstagram_0012.png,1,4,3,clip_frozen
2679,foodstagram_0012.png,2,4,3,clip_frozen
2680,foodstagram_0012.png,2,3,3,clip_frozen
2681,foodstagram_0012.png,3,4,3,clip_frozen
2682,foodstagram_0012.png,4,4,3,clip_frozen
2683,foodstagram_0012.png,3,3,3,clip_frozen
2684,foodstagram_0012.png,4,3,3,clip_frozen
2685,foodstagram_0012.png,4,4,3,clip_frozen
2686,foodstagram_0012.png,3,4,3,clip_frozen
2687,foodstagram_0012.png,3,4,3,clip_frozen
2688,foodstagram_0012.png,3,3,3,clip_frozen
2695,foodstagram_0014.png,4,4,3,clip_frozen
2696,foodstagram_0014.png,3,3,3,clip_frozen
2775,foodstagram_0026.png,1,3,3,clip_frozen
2776,foodstagram_0026.png,1,4,3,clip_frozen
2777,foodstagram_0026.png,4,3,3,clip_frozen
2778,foodstagram_0026.png,3,3,3,clip_frozen
2779,foodstagram_0026.png,4,3,3,clip_frozen
2780,foodstagram_0026.png,3,3,3,clip_frozen
2781,foodstagram_0026.png,1,4,3,clip_frozen
2782,foodstagram_0026.png,1,3,3,clip_frozen
2783,foodstagram_0026.png,2,3,3,clip_frozen
2784,foodstagram_0026.png,2,3,3,clip_frozen
2785,foodstagram_0026.png,2,3,3,clip_frozen
2786,foodstagram_0026.png,2,3,3,clip_frozen
2787,foodstagram_0026.png,2,3,3,clip_frozen
2788,foodstagram_0026.png,2,3,3,clip_frozen
2789,foodstagram_0026.png,2,3,3,clip_frozen
2790,foodstagram_0026.png,2,3,3,clip_frozen
2791,foodstagram_0026.png,1,4,3,clip_frozen
2792,foodstagram_0026.png,4,4,3,clip_frozen
2793,foodstagram_0026.png,4,3,3,clip_frozen
2794,foodstagram_0026.png,4,3,3,clip_frozen
2795,foodstagram_0026.png,4,3,3,clip_frozen
2796,foodstagram_0026.png,1,3,3,clip_frozen
2797,foodstagram_0026.png,1,3,3,clip_frozen
2798,foodstagram_0026.png,1,3,3,clip_frozen
2799,foodstagram_0026.png,1,3,3,clip_frozen
2800,foodstagram_0026.png,1,3,3,clip_frozen
2801,foodstagram_0026.png,1,3,3,clip_frozen
2802,foodstagram_0026.png,1,4,3,clip_frozen
2822,foodstagram_0031.png,0,4,3,clip_frozen
2823,foodstagram_0031.png,0,4,3,clip_frozen
2824,foodstagram_0031.png,0,4,3,clip_frozen
2825,foodstagram_0031.png,0,3,3,clip_frozen
2826,foodstagram_0031.png,0,3,3,clip_frozen
2827,foodstagram_0031.png,0,4,3,clip_frozen
2828,foodstagram_0032.png,4,4,3,clip_frozen
2829,foodstagram_0032.png,4,4,3,clip_frozen
2830,foodstagram_0032.png,4,4,3,clip_frozen
2831,foodstagram_0032.png,2,3,3,clip_frozen
2917,foodstagram_0058.png,4,3,3,clip_frozen
2918,foodstagram_0058.png,4,4,3,clip_frozen
2919,foodstagram_0058.png,1,4,3,clip_frozen
2920,foodstagram_0058.png,3,4,3,clip_frozen
2921,foodstagram_0058.png,3,4,3,clip_frozen
2998,foodstagram_0068.png,4,4,3,clip_frozen
2999,foodstagram_0068.png,4,4,3,clip_frozen
3000,foodstagram_0068.png,4,3,3,clip_frozen
3033,foodstagram_0083.png,4,4,3,clip_frozen
3034,foodstagram_0083.png,4,4,3,clip_frozen
3035,foodstagram_0083.png,4,4,3,clip_frozen
3036,foodstagram_0083.png,4,4,3,clip_frozen
3037,foodstagram_0083.png,4,4,3,clip_frozen
3038,foodstagram_0084.png,1,4,3,clip_frozen
3039,foodstagram_0084.png,0,4,3,clip_frozen
3040,foodstagram_0084.png,0,4,3,clip_frozen
3041,foodstagram_0084.png,0,4,3,clip_frozen
3042,foodstagram_0084.png,0,4,3,clip_frozen
3124,meokstagram_0005.png,3,3,3,clip_frozen
3125,meokstagram_0005.png,3,3,3,clip_frozen
3126,meokstagram_0005.png,3,3,3,clip_frozen
3127,meokstagram_0005.png,1,3,3,clip_frozen
3128,meokstagram_0005.png,1,4,3,clip_frozen
3129,meokstagram_0005.png,2,4,3,clip_frozen
3130,meokstagram_0005.png,1,4,3,clip_frozen
3131,meokstagram_0005.png,2,3,3,clip_frozen
3132,meokstagram_0005.png,4,4,3,clip_frozen
3133,meokstagram_0005.png,3,3,3,clip_frozen
3134,meokstagram_0005.png,3,3,3,clip_frozen
3179,meokstagram_0012.png,4,4,3,clip_frozen
3180,meokstagram_0012.png,4,4,3,clip_frozen
3181,meokstagram_0012.png,2,3,3,clip_frozen
3182,meokstagram_0012.png,4,3,3,clip_frozen
3183,meokstagram_0012.png,1,3,3,clip_frozen
3184,meokstagram_0012.png,1,4,3,clip_frozen
3185,meokstagram_0012.png,0,4,3,clip_frozen
3186,meokstagram_0012.png,3,4,3,clip_frozen
3187,meokstagram_0013.png,3,4,3,clip_frozen
3188,meokstagram_0013.png,3,4,3,clip_frozen
3195,meokstagram_0015.png,4,4,3,clip_frozen
3196,meokstagram_0015.png,3,3,3,clip_frozen
3197,meokstagram_0015.png,1,4,3,clip_frozen
3198,meokstagram_0015.png,1,4,3,clip_frozen
3199,meokstagram_0015.png,4,4,3,clip_frozen
3234,meokstagram_0021.png,4,4,3,clip_frozen
3235,meokstagram_0021.png,4,4,3,clip_frozen
3248,meokstagram_0028.png,4,4,3,clip_frozen
3249,meokstagram_0028.png,0,4,3,clip_frozen
3250,meokstagram_0028.png,1,3,3,clip_frozen
3266,meokstagram_0033.png,3,4,3,clip_frozen
3267,meokstagram_0033.png,3,4,3,clip_frozen
3268,meokstagram_0033.png,4,4,3,clip_frozen
3269,meokstagram_0033.png,4,3,3,clip_frozen
3270,meokstagram_0033.png,2,3,3,clip_frozen
3271,meokstagram_0033.png,1,4,3,clip_frozen
3272,meokstagram_0033.png,0,4,3,clip_frozen
3273,meokstagram_0033.png,3,4,3,clip_frozen
3274,meokstagram_0033.png,2,4,3,clip_frozen
3275,meokstagram_0033.png,2,4,3,clip_frozen
3276,meokstagram_0033.png,1,4,3,clip_frozen
3277,meokstagram_0033.png,1,4,3,clip_frozen
3278,meokstagram_0033.png,0,3,3,clip_frozen
3279,meokstagram_0033.png,0,3,3,clip_frozen
3280,meokstagram_0033.png,0,4,3,clip_frozen
3281,meokstagram_0033.png,1,4,3,clip_frozen
3282,meokstagram_0033.png,2,4,3,clip_frozen
3283,meokstagram_0033.png,4,4,3,clip_frozen
3284,meokstagram_0033.png,3,4,3,clip_frozen
3344,meokstagram_0048.png,0,4,3,clip_frozen
3345,meokstagram_0048.png,4,4,3,clip_frozen
3346,meokstagram_0048.png,4,4,3,clip_frozen
3347,meokstagram_0048.png,4,4,3,clip_frozen
3348,meokstagram_0048.png,3,3,3,clip_frozen
3349,meokstagram_0048.png,2,4,3,clip_frozen
3350,meokstagram_0048.png,2,4,3,clip_frozen
3351,meokstagram_0048.png,0,4,3,clip_frozen
3352,meokstagram_0048.png,0,4,3,clip_frozen
3353,meokstagram_0048.png,0,4,3,clip_frozen
3354,meokstagram_0048.png,0,4,3,clip_frozen
3470,meokstagram_0062.png,4,4,3,clip_frozen
3471,meokstagram_0062.png,4,4,3,clip_frozen
3472,meokstagram_0062.png,4,4,3,clip_frozen
3585,meokstagram_0090.png,4,4,3,clip_frozen
3586,meokstagram_0090.png,3,3,3,clip_frozen
3587,meokstagram_0090.png,4,3,3,clip_frozen
3588,meokstagram_0090.png,2,4,3,clip_frozen
3589,meokstagram_0090.png,0,4,3,clip_frozen
3602,meokstagram_0094.png,0,4,3,clip_frozen
3603,meokstagram_0094.png,0,4,3,clip_frozen
3604,meokstagram_0094.png,0,4,3,clip_frozen
3605,meokstagram_0094.png,0,4,3,clip_frozen
3606,meokstagram_0094.png,0,4,3,clip_frozen
3650,jmt_0007.png,1,3,3,clip_frozen
3651,jmt_0007.png,1,3,3,clip_frozen
3652,jmt_0007.png,1,1,3,clip_frozen
3653,jmt_0007.png,1,3,3,clip_frozen
3654,jmt_0007.png,0,1,3,clip_frozen
3655,jmt_0007.png,0,3,3,clip_frozen
3685,jmt_0019.png,1,4,3,clip_frozen
3686,jmt_0019.png,3,4,3,clip_frozen
3687,jmt_0019.png,2,4,3,clip_frozen
3703,jmt_0026.png,4,3,3,clip_frozen
3704,jmt_0026.png,4,3,3,clip_frozen
3705,jmt_0026.png,4,3,3,clip_frozen
3706,jmt_0026.png,3,3,3,clip_frozen
3707,jmt_0026.png,3,3,3,clip_frozen
3751,jmt_0041.png,4,3,3,clip_frozen
3752,jmt_0041.png,4,4,3,clip_frozen
3753,jmt_0041.png,1,4,3,clip_frozen
3754,jmt_0041.png,3,3,3,clip_frozen
3755,jmt_0041.png,2,4,3,clip_frozen
3761,jmt_0043.png,4,4,3,clip_frozen
3762,jmt_0043.png,1,4,3,clip_frozen
3763,jmt_0043.png,3,4,3,clip_frozen
3764,jmt_0043.png,2,0,3,clip_frozen
3765,jmt_0043.png,1,0,3,clip_frozen
3771,jmt_0045.png,1,4,3,clip_frozen
3772,jmt_0045.png,3,4,3,clip_frozen
3773,jmt_0045.png,4,4,3,clip_frozen
3774,jmt_0045.png,3,4,3,clip_frozen
3775,jmt_0045.png,2,4,3,clip_frozen
3779,jmt_0049.png,0,4,3,clip_frozen
3792,jmt_0056.png,4,4,3,clip_frozen
3793,jmt_0056.png,4,4,3,clip_frozen
3794,jmt_0056.png,3,4,3,clip_frozen
3804,jmt_0061.png,4,4,3,clip_frozen
3805,jmt_0061.png,4,4,3,clip_frozen
3806,jmt_0061.png,4,4,3,clip_frozen
3807,jmt_0061.png,3,3,3,clip_frozen
3808,jmt_0061.png,4,4,3,clip_frozen
3818,jmt_0066.png,4,4,3,clip_frozen
3819,jmt_0066.png,4,3,3,clip_frozen
3820,jmt_0066.png,3,4,3,clip_frozen
3821,jmt_0066.png,1,4,3,clip_frozen
3822,jmt_0066.png,1,4,3,clip_frozen
3835,jmt_0072.png,0,4,3,clip_frozen
3836,jmt_0072.png,4,4,3,clip_frozen
3837,jmt_0072.png,4,3,3,clip_frozen
3838,jmt_0072.png,0,4,3,clip_frozen
3839,jmt_0072.png,1,4,3,clip_frozen
3840,jmt_0072.png,4,4,3,clip_frozen
3841,jmt_0072.png,4,4,3,clip_frozen
3842,jmt_0072.png,3,4,3,clip_frozen
3843,jmt_0072.png,3,4,3,clip_frozen
3844,jmt_0072.png,3,4,3,clip_frozen
3845,jmt_0072.png,3,3,3,clip_frozen
3846,jmt_0072.png,3,4,3,clip_frozen
3847,jmt_0072.png,3,4,3,clip_frozen
3848,jmt_0072.png,2,4,3,clip_frozen
3849,jmt_0072.png,3,3,3,clip_frozen
3850,jmt_0072.png,3,3,3,clip_frozen
3851,jmt_0072.png,4,4,3,clip_frozen
3852,jmt_0072.png,3,3,3,clip_frozen
3853,jmt_0072.png,3,3,3,clip_frozen
3854,jmt_0072.png,1,4,3,clip_frozen
3855,jmt_0072.png,1,4,3,clip_frozen
3856,jmt_0072.png,2,4,3,clip_frozen
3857,jmt_0072.png,2,4,3,clip_frozen
3858,jmt_0072.png,2,4,3,clip_frozen
3859,jmt_0072.png,3,4,3,clip_frozen
3916,jmt_0090.png,1,0,3,clip_frozen
3917,jmt_0090.png,4,0,3,clip_frozen
3918,jmt_0090.png,3,3,3,clip_frozen
3919,jmt_0090.png,1,4,3,clip_frozen
3993,makeup_0016.png,3,1,3,clip_frozen
3994,makeup_0016.png,4,3,3,clip_frozen
3995,makeup_0016.png,3,3,3,clip_frozen
3996,makeup_0016.png,2,2,3,clip_frozen
3997,makeup_0016.png,4,3,3,clip_frozen
3998,makeup_0016.png,3,1,3,clip_frozen
4012,makeup_0027.png,3,3,3,clip_frozen
4013,makeup_0027.png,3,3,3,clip_frozen
4014,makeup_0027.png,3,3,3,clip_frozen
4015,makeup_0027.png,3,3,3,clip_frozen
4016,makeup_0027.png,4,3,3,clip_frozen
4017,makeup_0027.png,3,3,3,clip_frozen
4018,makeup_0027.png,4,3,3,clip_frozen
4019,makeup_0027.png,3,3,3,clip_frozen
4020,makeup_0027.png,2,3,3,clip_frozen
4021,makeup_0027.png,3,3,3,clip_frozen
4022,makeup_0027.png,2,3,3,clip_frozen
4023,makeup_0027.png,3,3,3,clip_frozen
4024,makeup_0027.png,3,3,3,clip_frozen
4025,makeup_0027.png,4,3,3,clip_frozen
4026,makeup_0027.png,2,3,3,clip_frozen
4063,makeup_0033.png,4,3,3,clip_frozen
4064,makeup_0033.png,2,3,3,clip_frozen
4065,makeup_0033.png,4,3,3,clip_frozen
4066,makeup_0033.png,3,3,3,clip_frozen
4067,makeup_0033.png,1,3,3,clip_frozen
4068,makeup_0033.png,3,3,3,clip_frozen
4069,makeup_0033.png,4,3,3,clip_frozen
4070,makeup_0033.png,1,3,3,clip_frozen
4071,makeup_0033.png,4,3,3,clip_frozen
4072,makeup_0033.png,4,3,3,clip_frozen
4073,makeup_0033.png,3,3,3,clip_frozen
4074,makeup_0033.png,1,3,3,clip_frozen
4075,makeup_0033.png,0,3,3,clip_frozen
4128,makeup_0043.png,1,3,3,clip_frozen
4129,makeup_0043.png,4,3,3,clip_frozen
4130,makeup_0043.png,4,3,3,clip_frozen
4131,makeup_0043.png,3,3,3,clip_frozen
4132,makeup_0043.png,2,3,3,clip_frozen
4133,makeup_0045.png,0,1,3,clip_frozen
4134,makeup_0045.png,1,1,3,clip_frozen
4135,makeup_0046.png,4,1,3,clip_frozen
4136,makeup_0046.png,4,1,3,clip_frozen
4137,makeup_0046.png,1,1,3,clip_frozen
4138,makeup_0046.png,4,3,3,clip_frozen
4139,makeup_0046.png,4,3,3,clip_frozen
4140,makeup_0046.png,3,3,3,clip_frozen
4176,makeup_0057.png,4,1,3,clip_frozen
4177,makeup_0057.png,4,1,3,clip_frozen
4178,makeup_0057.png,3,1,3,clip_frozen
4179,makeup_0057.png,4,1,3,clip_frozen
4180,makeup_0057.png,1,1,3,clip_frozen
4200,makeup_0063.png,4,3,3,clip_frozen
4201,makeup_0063.png,4,3,3,clip_frozen
4202,makeup_0063.png,4,3,3,clip_frozen
4203,makeup_0063.png,2,3,3,clip_frozen
4204,makeup_0063.png,4,3,3,clip_frozen
4226,makeup_0071.png,4,3,3,clip_frozen
4227,makeup_0071.png,3,3,3,clip_frozen
4228,makeup_0071.png,4,3,3,clip_frozen
4229,makeup_0071.png,2,3,3,clip_frozen
4230,makeup_0071.png,2,3,3,clip_frozen
4231,makeup_0071.png,1,3,3,clip_frozen
4232,makeup_0071.png,4,3,3,clip_frozen
4233,makeup_0071.png,3,3,3,clip_frozen
4234,makeup_0071.png,4,3,3,clip_frozen
4235,makeup_0071.png,4,3,3,clip_frozen
4236,makeup_0071.png,1,3,3,clip_frozen
4237,makeup_0071.png,1,3,3,clip_frozen
4251,makeup_0077.png,4,3,3,clip_frozen
4252,makeup_0077.png,0,0,3,clip_frozen
4253,makeup_0077.png,4,1,3,clip_frozen
4254,makeup_0077.png,1,0,3,clip_frozen
4265,makeup_0081.png,4,1,3,clip_frozen
4266,makeup_0081.png,3,1,3,clip_frozen
4267,makeup_0081.png,3,3,3,clip_frozen
4268,makeup_0081.png,2,1,3,clip_frozen
4269,makeup_0081.png,1,1,3,clip_frozen
4270,makeup_0081.png,3,1,3,clip_frozen
4271,makeup_0081.png,3,1,3,clip_frozen
4272,makeup_0081.png,2,1,3,clip_frozen
4273,makeup_0081.png,4,1,3,clip_frozen
4274,makeup_0081.png,3,1,3,clip_frozen
4275,makeup_0081.png,1,1,3,clip_frozen
4276,makeup_0081.png,1,1,3,clip_frozen
4277,makeup_0081.png,1,1,3,clip_frozen
4282,makeup_0083.png,4,1,3,clip_frozen
4283,makeup_0083.png,3,3,3,clip_frozen
4284,makeup_0083.png,1,1,3,clip_frozen
4285,makeup_0083.png,2,1,3,clip_frozen
4286,makeup_0084.png,4,3,3,clip_frozen
4287,makeup_0084.png,4,3,3,clip_frozen
4288,makeup_0084.png,4,3,3,clip_frozen
4289,makeup_0084.png,2,3,3,clip_frozen
4290,makeup_0084.png,3,3,3,clip_frozen
4291,makeup_0084.png,4,3,3,clip_frozen
4292,makeup_0084.png,1,3,3,clip_frozen
4293,makeup_0084.png,3,3,3,clip_frozen
4294,makeup_0084.png,1,3,3,clip_frozen
4295,makeup_0084.png,2,3,3,clip_frozen
4296,makeup_0084.png,2,3,3,clip_frozen
4297,makeup_0084.png,3,3,3,clip_frozen
4298,makeup_0084.png,4,3,3,clip_frozen
4299,makeup_0084.png,4,3,3,clip_frozen
4300,makeup_0084.png,1,3,3,clip_frozen
4301,makeup_0084.png,1,3,3,clip_frozen
4316,makeup_0087.png,2,1,3,clip_frozen
4317,makeup_0087.png,4,1,3,clip_frozen
4318,makeup_0087.png,3,1,3,clip_frozen
4319,makeup_0087.png,3,1,3,clip_frozen
4320,makeup_0087.png,3,1,3,clip_frozen
4329,makeup_0091.png,4,3,3,clip_frozen
4330,makeup_0091.png,4,3,3,clip_frozen
4331,makeup_0091.png,3,3,3,clip_frozen
4332,makeup_0091.png,4,3,3,clip_frozen
4333,makeup_0091.png,3,3,3,clip_frozen
4361,dailymakeup_0007.png,4,4,3,clip_frozen
4400,dailymakeup_0015.png,4,1,3,clip_frozen
4401,dailymakeup_0015.png,3,1,3,clip_frozen
4402,dailymakeup_0015.png,2,1,3,clip_frozen
4403,dailymakeup_0015.png,1,1,3,clip_frozen
4404,dailymakeup_0015.png,1,1,3,clip_frozen
4405,dailymakeup_0015.png,2,1,3,clip_frozen
4406,dailymakeup_0015.png,1,1,3,clip_frozen
4407,dailymakeup_0016.png,4,1,3,clip_frozen
4408,dailymakeup_0016.png,1,1,3,clip_frozen
4409,dailymakeup_0016.png,3,1,3,clip_frozen
4410,dailymakeup_0016.png,2,1,3,clip_frozen
4418,dailymakeup_0020.png,1,1,3,clip_frozen
4419,dailymakeup_0020.png,2,1,3,clip_frozen
4420,dailymakeup_0020.png,3,1,3,clip_frozen
4421,dailymakeup_0020.png,1,1,3,clip_frozen
4488,dailymakeup_0032.png,4,1,3,clip_frozen
4489,dailymakeup_0032.png,3,1,3,clip_frozen
4490,dailymakeup_0032.png,1,1,3,clip_frozen
4491,dailymakeup_0032.png,1,1,3,clip_frozen
4492,dailymakeup_0032.png,3,1,3,clip_frozen
4493,dailymakeup_0032.png,1,1,3,clip_frozen
4494,dailymakeup_0032.png,3,1,3,clip_frozen
4495,dailymakeup_0032.png,1,1,3,clip_frozen
4496,dailymakeup_0032.png,2,1,3,clip_frozen
4497,dailymakeup_0032.png,1,1,3,clip_frozen
4498,dailymakeup_0032.png,4,3,3,clip_frozen
4499,dailymakeup_0032.png,3,1,3,clip_frozen
4500,dailymakeup_0032.png,3,1,3,clip_frozen
4501,dailymakeup_0032.png,3,1,3,clip_frozen
4502,dailymakeup_0032.png,2,1,3,clip_frozen
4503,dailymakeup_0032.png,3,1,3,clip_frozen
4504,dailymakeup_0032.png,1,1,3,clip_frozen
4585,dailymakeup_0048.png,4,1,3,clip_frozen
4621,dailymakeup_0052.png,3,3,3,clip_frozen
4622,dailymakeup_0052.png,4,1,3,clip_frozen
4623,dailymakeup_0052.png,3,1,3,clip_frozen
4624,dailymakeup_0052.png,3,1,3,clip_frozen
4625,dailymakeup_0052.png,2,1,3,clip_frozen
4641,dailymakeup_0056.png,4,1,3,clip_frozen
4642,dailymakeup_0056.png,4,1,3,clip_frozen
4643,dailymakeup_0056.png,3,3,3,clip_frozen
4644,dailymakeup_0056.png,1,1,3,clip_frozen
4645,dailymakeup_0056.png,3,1,3,clip_frozen
4646,dailymakeup_0056.png,3,3,3,clip_frozen
4647,dailymakeup_0056.png,4,3,3,clip_frozen
4648,dailymakeup_0056.png,3,3,3,clip_frozen
4649,dailymakeup_0056.png,4,1,3,clip_frozen
4650,dailymakeup_0057.png,4,3,3,clip_frozen
4651,dailymakeup_0057.png,4,3,3,clip_frozen
4652,dailymakeup_0057.png,3,1,3,clip_frozen
4653,dailymakeup_0057.png,3,3,3,clip_frozen
4654,dailymakeup_0057.png,4,1,3,clip_frozen
4661,dailymakeup_0059.png,3,3,3,clip_frozen
4662,dailymakeup_0059.png,1,1,3,clip_frozen
4663,dailymakeup_0059.png,1,1,3,clip_frozen
4665,dailymakeup_0063.png,4,4,3,clip_frozen
4666,dailymakeup_0063.png,2,3,3,clip_frozen
4667,dailymakeup_0063.png,4,3,3,clip_frozen
4668,dailymakeup_0063.png,3,4,3,clip_frozen
4669,dailymakeup_0063.png,3,3,3,clip_frozen
4730,dailymakeup_0077.png,3,1,3,clip_frozen
4731,dailymakeup_0077.png,3,1,3,clip_frozen
4732,dailymakeup_0077.png,0,1,3,clip_frozen
4733,dailymakeup_0077.png,1,1,3,clip_frozen
4737,dailymakeup_0080.png,3,3,3,clip_frozen
4758,dailymakeup_0087.png,4,1,3,clip_frozen
4759,dailymakeup_0087.png,3,1,3,clip_frozen
4760,dailymakeup_0087.png,3,3,3,clip_frozen
4761,dailymakeup_0087.png,4,1,3,clip_frozen
4826,kkuankku_0004.png,4,3,3,clip_frozen
4827,kkuankku_0004.png,3,3,3,clip_frozen
4828,kkuankku_0004.png,3,3,3,clip_frozen
4829,kkuankku_0004.png,4,3,3,clip_frozen
4830,kkuankku_0004.png,2,3,3,clip_frozen
4831,kkuankku_0004.png,3,3,3,clip_frozen
4832,kkuankku_0004.png,4,3,3,clip_frozen
4833,kkuankku_0004.png,2,3,3,clip_frozen
4834,kkuankku_0004.png,4,3,3,clip_frozen
4835,kkuankku_0004.png,2,3,3,clip_frozen
4836,kkuankku_0004.png,1,3,3,clip_frozen
4837,kkuankku_0004.png,4,3,3,clip_frozen
4838,kkuankku_0004.png,3,3,3,clip_frozen
4839,kkuankku_0004.png,3,3,3,clip_frozen
4840,kkuankku_0004.png,1,3,3,clip_frozen
4841,kkuankku_0004.png,3,3,3,clip_frozen
4842,kkuankku_0004.png,4,3,3,clip_frozen
4843,kkuankku_0004.png,1,3,3,clip_frozen
4919,kkuankku_0027.png,2,3,3,clip_frozen
4920,kkuankku_0027.png,4,3,3,clip_frozen
4921,kkuankku_0027.png,4,3,3,clip_frozen
4922,kkuankku_0027.png,3,3,3,clip_frozen
4923,kkuankku_0028.png,4,3,3,clip_frozen
4924,kkuankku_0028.png,3,3,3,clip_frozen
4925,kkuankku_0028.png,3,3,3,clip_frozen
4926,kkuankku_0028.png,4,3,3,clip_frozen
4927,kkuankku_0028.png,2,3,3,clip_frozen
4928,kkuankku_0028.png,1,3,3,clip_frozen
4929,kkuankku_0028.png,1,3,3,clip_frozen
4930,kkuankku_0028.png,4,3,3,clip_frozen
4931,kkuankku_0028.png,3,3,3,clip_frozen
4932,kkuankku_0028.png,4,3,3,clip_frozen
4933,kkuankku_0028.png,3,3,3,clip_frozen
4934,kkuankku_0028.png,3,3,3,clip_frozen
4935,kkuankku_0028.png,3,3,3,clip_frozen
4936,kkuankku_0028.png,3,3,3,clip_frozen
4937,kkuankku_0028.png,4,3,3,clip_frozen
4938,kkuankku_0028.png,2,3,3,clip_frozen
4939,kkuankku_0028.png,3,3,3,clip_frozen
4940,kkuankku_0028.png,2,3,3,clip_frozen
4941,kkuankku_0028.png,2,3,3,clip_frozen
4947,kkuankku_0038.png,4,3,3,clip_frozen
4948,kkuankku_0038.png,4,3,3,clip_frozen
4949,kkuankku_0038.png,4,3,3,clip_frozen
4950,kkuankku_0038.png,2,3,3,clip_frozen
4951,kkuankku_0038.png,3,3,3,clip_frozen
4952,kkuankku_0038.png,3,3,3,clip_frozen
4953,kkuankku_0038.png,3,3,3,clip_frozen
4973,kkuankku_0041.png,3,3,3,clip_frozen
4974,kkuankku_0041.png,4,3,3,clip_frozen
4975,kkuankku_0041.png,4,3,3,clip_frozen
4976,kkuankku_0041.png,3,3,3,clip_frozen
4977,kkuankku_0041.png,4,3,3,clip_frozen
4978,kkuankku_0041.png,4,3,3,clip_frozen
4979,kkuankku_0041.png,3,3,3,clip_frozen
5028,kkuankku_0065.png,4,3,3,clip_frozen
5029,kkuankku_0065.png,4,3,3,clip_frozen
5030,kkuankku_0065.png,3,3,3,clip_frozen
5031,kkuankku_0065.png,4,3,3,clip_frozen
5032,kkuankku_0065.png,3,3,3,clip_frozen
5033,kkuankku_0065.png,4,3,3,clip_frozen
5034,kkuankku_0065.png,4,3,3,clip_frozen
5035,kkuankku_0065.png,3,3,3,clip_frozen
5036,kkuankku_0065.png,3,3,3,clip_frozen
5037,kkuankku_0065.png,3,3,3,clip_frozen
5038,kkuankku_0065.png,3,3,3,clip_frozen
5039,kkuankku_0065.png,4,3,3,clip_frozen
5040,kkuankku_0065.png,3,3,3,clip_frozen
5041,kkuankku_0065.png,4,3,3,clip_frozen
5042,kkuankku_0065.png,4,3,3,clip_frozen
5043,kkuankku_0065.png,3,3,3,clip_frozen
5044,kkuankku_0065.png,1,3,3,clip_frozen
5045,kkuankku_0065.png,3,3,3,clip_frozen
5090,kkuankku_0086.png,4,3,3,clip_frozen
5091,kkuankku_0086.png,3,3,3,clip_frozen
5092,kkuankku_0086.png,3,3,3,clip_frozen
5093,kkuankku_0086.png,4,3,3,clip_frozen
5094,kkuankku_0086.png,4,3,3,clip_frozen
5284,dailylook_0019.png,4,3,3,clip_frozen
5285,dailylook_0019.png,1,3,3,clip_frozen
5286,dailylook_0019.png,2,2,3,clip_frozen
5287,dailylook_0019.png,2,2,3,clip_frozen
5288,dailylook_0019.png,3,3,3,clip_frozen
5306,dailylook_0025.png,3,3,3,clip_frozen
5307,dailylook_0025.png,4,3,3,clip_frozen
5308,dailylook_0025.png,4,3,3,clip_frozen
5309,dailylook_0025.png,4,3,3,clip_frozen
5310,dailylook_0025.png,2,3,3,clip_frozen
5323,dailylook_0032.png,1,1,3,clip_frozen
5324,dailylook_0032.png,1,1,3,clip_frozen
5325,dailylook_0032.png,2,3,3,clip_frozen
5326,dailylook_0032.png,1,1,3,clip_frozen
5327,dailylook_0032.png,3,3,3,clip_frozen
5352,dailylook_0044.png,4,3,3,clip_frozen
5353,dailylook_0044.png,3,3,3,clip_frozen
5354,dailylook_0044.png,3,3,3,clip_frozen
5355,dailylook_0044.png,2,3,3,clip_frozen
5356,dailylook_0044.png,3,3,3,clip_frozen
5452,dailylook_0068.png,4,3,3,clip_frozen
5453,dailylook_0068.png,3,3,3,clip_frozen
5454,dailylook_0068.png,2,3,3,clip_frozen
5553,dailylook_0092.png,4,3,3,clip_frozen
5554,dailylook_0092.png,3,3,3,clip_frozen
5555,dailylook_0092.png,3,3,3,clip_frozen
5556,dailylook_0092.png,4,3,3,clip_frozen
5557,dailylook_0092.png,4,3,3,clip_frozen
5558,dailylook_0092.png,2,3,3,clip_frozen
5559,dailylook_0092.png,1,3,3,clip_frozen
5560,dailylook_0092.png,4,3,3,clip_frozen
5561,dailylook_0092.png,3,3,3,clip_frozen
5562,dailylook_0092.png,3,3,3,clip_frozen
5563,dailylook_0092.png,3,3,3,clip_frozen
5564,dailylook_0092.png,1,1,3,clip_frozen
5565,dailylook_0092.png,2,3,3,clip_frozen
5566,dailylook_0092.png,3,3,3,clip_frozen
5567,dailylook_0092.png,4,3,3,clip_frozen
5572,dailylook_0096.png,3,3,3,clip_frozen
5573,dailylook_0096.png,3,3,3,clip_frozen
5574,dailylook_0096.png,3,3,3,clip_frozen
5575,dailylook_0096.png,4,3,3,clip_frozen
5576,dailylook_0096.png,3,3,3,clip_frozen
5577,dailylook_0096.png,2,3,3,clip_frozen
5578,dailylook_0096.png,3,3,3,clip_frozen
5579,dailylook_0096.png,4,3,3,clip_frozen
5580,dailylook_0099.png,2,3,3,clip_frozen
5581,dailylook_0099.png,2,1,3,clip_frozen
5582,dailylook_0099.png,4,3,3,clip_frozen
5583,dailylook_0099.png,4,1,3,clip_frozen
5584,dailylook_0099.png,3,3,3,clip_frozen
5585,dailylook_0099.png,3,3,3,clip_frozen
5586,dailylook_0099.png,4,1,3,clip_frozen
5587,dailylook_0099.png,4,3,3,clip_frozen
5588,dailylook_0099.png,3,3,3,clip_frozen
5589,dailylook_0099.png,2,3,3,clip_frozen
5590,dailylook_0099.png,3,3,3,clip_frozen
5591,dailylook_0099.png,4,1,3,clip_frozen
5592,dailylook_0099.png,0,1,3,clip_frozen
5593,dailylook_0099.png,3,1,3,clip_frozen
5594,dailylook_0100.png,0,1,3,clip_frozen
5611,ootd_0010.png,3,0,3,clip_frozen
5612,ootd_0010.png,4,1,3,clip_frozen
5613,ootd_0010.png,4,1,3,clip_frozen
5614,ootd_0010.png,3,1,3,clip_frozen
5615,ootd_0010.png,2,3,3,clip_frozen
5617,ootd_0015.png,2,0,3,clip_frozen
5618,ootd_0015.png,4,0,3,clip_frozen
5619,ootd_0015.png,3,3,3,clip_frozen
5620,ootd_0015.png,2,2,3,clip_frozen
5621,ootd_0015.png,4,3,3,clip_frozen
5622,ootd_0015.png,2,0,3,clip_frozen
5623,ootd_0015.png,0,1,3,clip_frozen
5655,ootd_0021.png,4,3,3,clip_frozen
5656,ootd_0021.png,2,3,3,clip_frozen
5657,ootd_0021.png,2,3,3,clip_frozen
5658,ootd_0022.png,4,3,3,clip_frozen
5659,ootd_0022.png,4,3,3,clip_frozen
5660,ootd_0022.png,2,3,3,clip_frozen
5689,ootd_0037.png,3,1,3,clip_frozen
5690,ootd_0037.png,2,1,3,clip_frozen
5691,ootd_0037.png,3,1,3,clip_frozen
5692,ootd_0037.png,3,3,3,clip_frozen
5693,ootd_0037.png,4,1,3,clip_frozen
5694,ootd_0037.png,4,1,3,clip_frozen
5695,ootd_0037.png,1,1,3,clip_frozen
5696,ootd_0037.png,1,1,3,clip_frozen
5697,ootd_0037.png,3,3,3,clip_frozen
5698,ootd_0037.png,0,1,3,clip_frozen
5699,ootd_0037.png,1,1,3,clip_frozen
5700,ootd_0037.png,1,1,3,clip_frozen
5707,ootd_0041.png,3,3,3,clip_frozen
5708,ootd_0041.png,4,1,3,clip_frozen
5709,ootd_0041.png,2,1,3,clip_frozen
5710,ootd_0041.png,1,1,3,clip_frozen
5711,ootd_0041.png,4,1,3,clip_frozen
5759,ootd_0052.png,1,3,3,clip_frozen
5760,ootd_0052.png,0,3,3,clip_frozen
5761,ootd_0052.png,3,3,3,clip_frozen
5762,ootd_0052.png,4,3,3,clip_frozen
5763,ootd_0052.png,4,3,3,clip_frozen
5764,ootd_0052.png,2,3,3,clip_frozen
5765,ootd_0052.png,2,3,3,clip_frozen
5766,ootd_0052.png,3,3,3,clip_frozen
5767,ootd_0052.png,2,3,3,clip_frozen
5768,ootd_0052.png,2,3,3,clip_frozen
5769,ootd_0052.png,2,3,3,clip_frozen
5770,ootd_0052.png,0,3,3,clip_frozen
5771,ootd_0052.png,2,3,3,clip_frozen
5772,ootd_0052.png,3,3,3,clip_frozen
5773,ootd_0052.png,0,3,3,clip_frozen
5774,ootd_0052.png,0,3,3,clip_frozen
5775,ootd_0052.png,0,3,3,clip_frozen
5776,ootd_0052.png,2,3,3,clip_frozen
5777,ootd_0052.png,1,3,3,clip_frozen
5778,ootd_0052.png,0,3,3,clip_frozen
5779,ootd_0052.png,2,3,3,clip_frozen
5792,ootd_0057.png,4,3,3,clip_frozen
5793,ootd_0057.png,3,3,3,clip_frozen
5794,ootd_0057.png,4,3,3,clip_frozen
5795,ootd_0057.png,3,3,3,clip_frozen
5796,ootd_0057.png,2,3,3,clip_frozen
5807,ootd_0077.png,4,3,3,clip_frozen
5808,ootd_0077.png,3,3,3,clip_frozen
5809,ootd_0077.png,2,3,3,clip_frozen
5810,ootd_0078.png,3,3,3,clip_frozen
5811,ootd_0078.png,3,3,3,clip_frozen
5812,ootd_0078.png,3,3,3,clip_frozen
5813,ootd_0078.png,3,3,3,clip_frozen
5814,ootd_0078.png,1,3,3,clip_frozen
5881,ootd_0091.png,3,1,3,clip_frozen
5882,ootd_0091.png,4,1,3,clip_frozen
5883,ootd_0091.png,4,1,3,clip_frozen
5884,ootd_0091.png,3,1,3,clip_frozen
5885,ootd_0091.png,4,1,3,clip_frozen
5886,ootd_0091.png,3,3,3,clip_frozen
5887,ootd_0091.png,3,3,3,clip_frozen
5888,ootd_0091.png,2,3,3,clip_frozen
5889,ootd_0091.png,1,1,3,clip_frozen
5890,ootd_0091.png,2,1,3,clip_frozen
5891,ootd_0091.png,3,1,3,clip_frozen
5892,ootd_0091.png,3,3,3,clip_frozen
5893,ootd_0091.png,1,0,3,clip_frozen
5894,ootd_0091.png,1,0,3,clip_frozen
5895,ootd_0091.png,1,0,3,clip_frozen
5896,ootd_0091.png,3,3,3,clip_frozen
5897,ootd_0091.png,3,3,3,clip_frozen
5916,ootd_0098.png,3,3,3,clip_frozen
5917,ootd_0098.png,3,3,3,clip_frozen
5918,ootd_0098.png,3,3,3,clip_frozen
5919,ootd_0098.png,3,3,3,clip_frozen
5920,ootd_0098.png,3,3,3,clip_frozen
5921,ootd_0098.png,4,3,3,clip_frozen
5922,ootd_0098.png,3,3,3,clip_frozen
5923,ootd_0098.png,1,3,3,clip_frozen
5929,fashionista_0003.png,0,3,3,clip_frozen
5930,fashionista_0003.png,0,3,3,clip_frozen
5931,fashionista_0003.png,0,1,3,clip_frozen
5932,fashionista_0003.png,0,1,3,clip_frozen
5933,fashionista_0003.png,2,0,3,clip_frozen
6067,fashionista_0045.png,1,3,3,clip_frozen
6068,fashionista_0045.png,0,3,3,clip_frozen
6069,fashionista_0045.png,3,2,3,clip_frozen
6070,fashionista_0045.png,3,2,3,clip_frozen
6071,fashionista_0045.png,2,2,3,clip_frozen
6072,fashionista_0045.png,3,3,3,clip_frozen
6073,fashionista_0045.png,4,3,3,clip_frozen
6074,fashionista_0045.png,4,3,3,clip_frozen
6075,fashionista_0045.png,4,3,3,clip_frozen
6076,fashionista_0045.png,1,2,3,clip_frozen
6077,fashionista_0045.png,3,3,3,clip_frozen
6078,fashionista_0045.png,3,3,3,clip_frozen
6079,fashionista_0045.png,1,3,3,clip_frozen
6080,fashionista_0045.png,2,3,3,clip_frozen
6081,fashionista_0045.png,0,2,3,clip_frozen
6082,fashionista_0045.png,3,3,3,clip_frozen
6083,fashionista_0045.png,2,2,3,clip_frozen
6084,fashionista_0045.png,1,3,3,clip_frozen
6085,fashionista_0045.png,2,3,3,clip_frozen
6086,fashionista_0045.png,2,3,3,clip_frozen
6087,fashionista_0045.png,3,3,3,clip_frozen
6088,fashionista_0045.png,0,3,3,clip_frozen
6089,fashionista_0045.png,2,1,3,clip_frozen
6090,fashionista_0045.png,2,3,3,clip_frozen
6091,fashionista_0045.png,1,2,3,clip_frozen
6092,fashionista_0045.png,0,3,3,clip_frozen
6093,fashionista_0045.png,0,1,3,clip_frozen
6094,fashionista_0045.png,0,3,3,clip_frozen
6095,fashionista_0045.png,0,1,3,clip_frozen
6101,fashionista_0051.png,4,0,3,clip_frozen
6102,fashionista_0051.png,4,0,3,clip_frozen
6103,fashionista_0051.png,1,0,3,clip_frozen
6104,fashionista_0051.png,2,0,3,clip_frozen
6105,fashionista_0051.png,1,1,3,clip_frozen
6106,fashionista_0051.png,3,1,3,clip_frozen
6107,fashionista_0051.png,2,0,3,clip_frozen
6108,fashionista_0051.png,3,3,3,clip_frozen
6139,fashionista_0054.png,4,1,3,clip_frozen
6140,fashionista_0054.png,1,1,3,clip_frozen
6141,fashionista_0054.png,2,3,3,clip_frozen
6142,fashionista_0054.png,4,3,3,clip_frozen
6143,fashionista_0056.png,4,3,3,clip_frozen
6144,fashionista_0058.png,1,0,3,clip_frozen
6145,fashionista_0058.png,2,0,3,clip_frozen
6146,fashionista_0058.png,2,0,3,clip_frozen
6147,fashionista_0058.png,0,0,3,clip_frozen
6148,fashionista_0058.png,0,3,3,clip_frozen
6149,fashionista_0058.png,3,0,3,clip_frozen
6150,fashionista_0058.png,4,0,3,clip_frozen
6151,fashionista_0058.png,4,3,3,clip_frozen
6152,fashionista_0058.png,3,3,3,clip_frozen
6153,fashionista_0058.png,4,0,3,clip_frozen
6154,fashionista_0058.png,4,3,3,clip_frozen
6155,fashionista_0058.png,2,0,3,clip_frozen
6156,fashionista_0058.png,2,0,3,clip_frozen
6157,fashionista_0058.png,1,0,3,clip_frozen
6158,fashionista_0058.png,1,3,3,clip_frozen
6159,fashionista_0058.png,1,0,3,clip_frozen
6160,fashionista_0058.png,1,0,3,clip_frozen
6161,fashionista_0058.png,2,3,3,clip_frozen
6162,fashionista_0058.png,1,0,3,clip_frozen
6163,fashionista_0058.png,1,0,3,clip_frozen
6164,fashionista_0058.png,1,3,3,clip_frozen
6165,fashionista_0058.png,1,0,3,clip_frozen
6166,fashionista_0058.png,1,0,3,clip_frozen
6167,fashionista_0058.png,0,0,3,clip_frozen
6168,fashionista_0058.png,0,0,3,clip_frozen
6169,fashionista_0058.png,0,0,3,clip_frozen
6170,fashionista_0058.png,1,3,3,clip_frozen
6171,fashionista_0058.png,1,3,3,clip_frozen
6254,fashionista_0070.png,1,1,3,clip_frozen
6255,fashionista_0070.png,0,1,3,clip_frozen
6256,fashionista_0070.png,2,1,3,clip_frozen
6257,fashionista_0070.png,2,2,3,clip_frozen
6258,fashionista_0070.png,3,0,3,clip_frozen
6259,fashionista_0070.png,3,1,3,clip_frozen
6260,fashionista_0070.png,4,1,3,clip_frozen
6261,fashionista_0070.png,4,2,3,clip_frozen
6262,fashionista_0070.png,4,1,3,clip_frozen
6263,fashionista_0070.png,1,1,3,clip_frozen
6264,fashionista_0070.png,3,3,3,clip_frozen
6265,fashionista_0070.png,2,1,3,clip_frozen
6266,fashionista_0070.png,2,3,3,clip_frozen
6267,fashionista_0070.png,2,1,3,clip_frozen
6268,fashionista_0070.png,0,1,3,clip_frozen
6269,fashionista_0070.png,3,1,3,clip_frozen
6270,fashionista_0070.png,2,0,3,clip_frozen
6271,fashionista_0070.png,2,1,3,clip_frozen
6272,fashionista_0070.png,2,1,3,clip_frozen
6273,fashionista_0070.png,2,3,3,clip_frozen
6274,fashionista_0070.png,2,1,3,clip_frozen
6275,fashionista_0070.png,1,1,3,clip_frozen
6276,fashionista_0070.png,2,1,3,clip_frozen
6277,fashionista_0070.png,2,1,3,clip_frozen
6278,fashionista_0070.png,1,1,3,clip_frozen
6279,fashionista_0070.png,1,3,3,clip_frozen
6280,fashionista_0070.png,0,1,3,clip_frozen
6281,fashionista_0070.png,0,1,3,clip_frozen
6282,fashionista_0070.png,2,1,3,clip_frozen
6396,fashionista_0098.png,1,0,3,clip_frozen
6397,fashionista_0098.png,0,0,3,clip_frozen
6398,fashionista_0098.png,2,0,3,clip_frozen
6399,fashionista_0098.png,2,0,3,clip_frozen
6400,fashionista_0098.png,2,0,3,clip_frozen
6401,fashionista_0098.png,1,0,3,clip_frozen
6402,fashionista_0098.png,0,0,3,clip_frozen
6403,fashionista_0098.png,0,0,3,clip_frozen
6404,fashionista_0098.png,0,0,3,clip_frozen
6405,fashionista_0098.png,1,0,3,clip_frozen
6406,fashionista_0098.png,0,0,3,clip_frozen
6407,fashionista_0098.png,0,0,3,clip_frozen
6408,fashionista_0098.png,0,3,3,clip_frozen
6409,fashionista_0098.png,0,4,3,clip_frozen
6410,fashionista_0098.png,0,0,3,clip_frozen
6411,fashionista_0098.png,0,0,3,clip_frozen
6412,fashionista_0098.png,1,0,3,clip_frozen
6413,fashionista_0098.png,0,0,3,clip_frozen
6414,fashionista_0098.png,0,0,3,clip_frozen
6415,fashionista_0098.png,2,3,3,clip_frozen
6416,fashionista_0098.png,0,1,3,clip_frozen
6417,fashionista_0098.png,0,0,3,clip_frozen
6418,fashionista_0098.png,2,1,3,clip_frozen
6419,fashionista_0098.png,0,0,3,clip_frozen
6420,fashionista_0098.png,1,0,3,clip_frozen
6421,fashionista_0098.png,0,4,3,clip_frozen
6422,fashionista_0098.png,0,0,3,clip_frozen
6423,fashionista_0098.png,0,0,3,clip_frozen
6424,fashionista_0098.png,1,1,3,clip_frozen
6425,fashionista_0098.png,0,0,3,clip_frozen
6517,neungsohwa_0014.png,1,1,3,clip_frozen
6518,neungsohwa_0014.png,0,1,3,clip_frozen
6519,neungsohwa_0014.png,3,1,3,clip_frozen
6526,neungsohwa_0017.png,4,1,3,clip_frozen
6527,neungsohwa_0017.png,2,4,3,clip_frozen
6528,neungsohwa_0017.png,4,1,3,clip_frozen
6529,neungsohwa_0017.png,3,0,3,clip_frozen
6530,neungsohwa_0017.png,4,1,3,clip_frozen
6571,neungsohwa_0026.png,4,1,3,clip_frozen
6572,neungsohwa_0026.png,1,1,3,clip_frozen
6573,neungsohwa_0026.png,1,1,3,clip_frozen
6574,neungsohwa_0026.png,4,0,3,clip_frozen
6575,neungsohwa_0026.png,4,4,3,clip_frozen
6576,neungsohwa_0026.png,3,1,3,clip_frozen
6588,neungsohwa_0033.png,0,4,3,clip_frozen
6589,neungsohwa_0033.png,4,4,3,clip_frozen
6599,neungsohwa_0036.png,3,1,3,clip_frozen
6600,neungsohwa_0036.png,4,1,3,clip_frozen
6601,neungsohwa_0038.png,4,1,3,clip_frozen
6602,neungsohwa_0039.png,0,0,3,clip_frozen
6603,neungsohwa_0039.png,4,0,3,clip_frozen
6604,neungsohwa_0039.png,1,0,3,clip_frozen
6605,neungsohwa_0039.png,0,0,3,clip_frozen
6606,neungsohwa_0039.png,0,0,3,clip_frozen
6630,neungsohwa_0048.png,4,0,3,clip_frozen
6631,neungsohwa_0048.png,4,4,3,clip_frozen
6632,neungsohwa_0048.png,0,1,3,clip_frozen
6633,neungsohwa_0048.png,4,1,3,clip_frozen
6634,neungsohwa_0048.png,1,4,3,clip_frozen
6635,neungsohwa_0048.png,1,1,3,clip_frozen
6636,neungsohwa_0048.png,0,1,3,clip_frozen
6637,neungsohwa_0048.png,3,4,3,clip_frozen
6675,neungsohwa_0054.png,4,1,3,clip_frozen
6676,neungsohwa_0054.png,0,1,3,clip_frozen
6677,neungsohwa_0056.png,4,0,3,clip_frozen
6678,neungsohwa_0056.png,0,0,3,clip_frozen
6679,neungsohwa_0056.png,0,0,3,clip_frozen
6692,neungsohwa_0061.png,0,3,3,clip_frozen
6693,neungsohwa_0063.png,1,4,3,clip_frozen
6694,neungsohwa_0063.png,2,4,3,clip_frozen
6695,neungsohwa_0063.png,4,4,3,clip_frozen
6696,neungsohwa_0063.png,4,4,3,clip_frozen
6697,neungsohwa_0063.png,1,4,3,clip_frozen
6726,neungsohwa_0078.png,1,1,3,clip_frozen
6727,neungsohwa_0078.png,4,1,3,clip_frozen
6728,neungsohwa_0078.png,3,3,3,clip_frozen
6729,neungsohwa_0078.png,3,3,3,clip_frozen
6730,neungsohwa_0078.png,3,3,3,clip_frozen
6802,neungsohwa_0100.png,3,1,3,clip_frozen
6803,neungsohwa_0100.png,0,1,3,clip_frozen
6804,neungsohwa_0100.png,3,1,3,clip_frozen
6805,neungsohwa_0100.png,4,1,3,clip_frozen
6806,neungsohwa_0100.png,4,3,3,clip_frozen
6807,neungsohwa_0100.png,2,3,3,clip_frozen
6808,neungsohwa_0100.png,0,0,3,clip_frozen
6809,neungsohwa_0100.png,0,0,3,clip_frozen
6810,neungsohwa_0100.png,0,4,3,clip_frozen
6811,neungsohwa_0100.png,2,0,3,clip_frozen
6812,neungsohwa_0100.png,0,0,3,clip_frozen
6813,neungsohwa_0100.png,2,0,3,clip_frozen
6814,neungsohwa_0100.png,1,0,3,clip_frozen
6815,neungsohwa_0100.png,1,4,3,clip_frozen
6816,neungsohwa_0100.png,3,0,3,clip_frozen
6845,danpung_0008.png,1,4,3,clip_frozen
6846,danpung_0008.png,3,3,3,clip_frozen
6870,danpung_0013.png,4,3,3,clip_frozen
6871,danpung_0013.png,4,4,3,clip_frozen
6872,danpung_0013.png,4,4,3,clip_frozen
6873,danpung_0013.png,4,0,3,clip_frozen
6874,danpung_0013.png,3,3,3,clip_frozen
6875,danpung_0013.png,3,4,3,clip_frozen
6876,danpung_0013.png,2,4,3,clip_frozen
6877,danpung_0014.png,3,1,3,clip_frozen
6878,danpung_0014.png,4,1,3,clip_frozen
6879,danpung_0014.png,4,1,3,clip_frozen
6884,danpung_0016.png,4,3,3,clip_frozen
6885,danpung_0016.png,0,0,3,clip_frozen
6886,danpung_0016.png,1,3,3,clip_frozen
6887,danpung_0016.png,1,0,3,clip_frozen
6888,danpung_0016.png,0,0,3,clip_frozen
6889,danpung_0016.png,2,0,3,clip_frozen
6890,danpung_0016.png,3,0,3,clip_frozen
6891,danpung_0016.png,3,3,3,clip_frozen
6892,danpung_0016.png,4,0,3,clip_frozen
7037,danpung_0042.png,4,4,3,clip_frozen
7038,danpung_0042.png,4,2,3,clip_frozen
7039,danpung_0042.png,3,2,3,clip_frozen
7040,danpung_0042.png,3,3,3,clip_frozen
7041,danpung_0042.png,2,2,3,clip_frozen
7042,danpung_0042.png,1,0,3,clip_frozen
7043,danpung_0042.png,4,0,3,clip_frozen
7062,danpung_0051.png,1,0,3,clip_frozen
7063,danpung_0051.png,4,1,3,clip_frozen
7064,danpung_0051.png,3,0,3,clip_frozen
7065,danpung_0051.png,4,1,3,clip_frozen
7066,danpung_0051.png,4,1,3,clip_frozen
7067,danpung_0051.png,3,1,3,clip_frozen
7068,danpung_0051.png,3,3,3,clip_frozen
7069,danpung_0051.png,2,1,3,clip_frozen
7070,danpung_0052.png,4,3,3,clip_frozen
7071,danpung_0052.png,4,3,3,clip_frozen
7072,danpung_0052.png,4,3,3,clip_frozen
7073,danpung_0052.png,4,3,3,clip_frozen
7076,danpung_0056.png,4,1,3,clip_frozen
7077,danpung_0056.png,4,1,3,clip_frozen
7078,danpung_0056.png,3,1,3,clip_frozen
7079,danpung_0057.png,4,4,3,clip_frozen
7097,danpung_0059.png,4,4,3,clip_frozen
7098,danpung_0063.png,1,4,3,clip_frozen
7099,danpung_0063.png,1,4,3,clip_frozen
7100,danpung_0063.png,1,4,3,clip_frozen
7101,danpung_0063.png,4,4,3,clip_frozen
7102,danpung_0063.png,1,0,3,clip_frozen
7103,danpung_0063.png,1,0,3,clip_frozen
7104,danpung_0063.png,0,4,3,clip_frozen
7105,danpung_0063.png,0,4,3,clip_frozen
7106,danpung_0063.png,4,4,3,clip_frozen
7107,danpung_0063.png,0,4,3,clip_frozen
7108,danpung_0063.png,3,4,3,clip_frozen
7109,danpung_0063.png,3,4,3,clip_frozen
7110,danpung_0063.png,4,4,3,clip_frozen
7111,danpung_0063.png,3,3,3,clip_frozen
7112,danpung_0063.png,4,4,3,clip_frozen
7113,danpung_0063.png,2,4,3,clip_frozen
7114,danpung_0063.png,1,4,3,clip_frozen
7115,danpung_0063.png,2,4,3,clip_frozen
7116,danpung_0063.png,0,4,3,clip_frozen
7117,danpung_0063.png,1,4,3,clip_frozen
7118,danpung_0063.png,1,4,3,clip_frozen
7119,danpung_0063.png,0,4,3,clip_frozen
7137,danpung_0067.png,4,4,3,clip_frozen
7138,danpung_0067.png,3,3,3,clip_frozen
7139,danpung_0067.png,1,4,3,clip_frozen
7140,danpung_0067.png,1,4,3,clip_frozen
7141,danpung_0067.png,4,4,3,clip_frozen
7142,danpung_0067.png,1,4,3,clip_frozen
7143,danpung_0067.png,1,0,3,clip_frozen
7144,danpung_0067.png,3,4,3,clip_frozen
7201,danpung_0077.png,2,0,3,clip_frozen
7202,danpung_0077.png,3,3,3,clip_frozen
7203,danpung_0077.png,3,4,3,clip_frozen
7204,danpung_0077.png,3,4,3,clip_frozen
7205,danpung_0077.png,3,4,3,clip_frozen
7206,danpung_0078.png,1,3,3,clip_frozen
7207,danpung_0078.png,1,3,3,clip_frozen
7208,danpung_0078.png,0,3,3,clip_frozen
7209,danpung_0078.png,0,3,3,clip_frozen
7210,danpung_0078.png,1,3,3,clip_frozen
7211,danpung_0078.png,1,3,3,clip_frozen
7212,danpung_0078.png,3,3,3,clip_frozen
7213,danpung_0078.png,0,3,3,clip_frozen
7214,danpung_0078.png,0,3,3,clip_frozen
7225,danpung_0081.png,2,1,3,clip_frozen
7226,danpung_0081.png,1,4,3,clip_frozen
7227,danpung_0081.png,1,1,3,clip_frozen
7228,danpung_0081.png,4,0,3,clip_frozen
7229,danpung_0081.png,2,3,3,clip_frozen
7230,danpung_0081.png,2,3,3,clip_frozen
7231,danpung_0081.png,2,3,3,clip_frozen
7239,danpung_0084.png,1,4,3,clip_frozen
7240,danpung_0084.png,4,4,3,clip_frozen
7241,danpung_0084.png,0,0,3,clip_frozen
7242,danpung_0084.png,4,1,3,clip_frozen
7243,danpung_0084.png,4,4,3,clip_frozen
7244,danpung_0084.png,0,0,3,clip_frozen
7245,danpung_0084.png,4,0,3,clip_frozen
7246,danpung_0084.png,4,0,3,clip_frozen
7247,danpung_0084.png,3,0,3,clip_frozen
7314,cherryblossom_0016.png,4,3,3,clip_frozen
7315,cherryblossom_0016.png,4,0,3,clip_frozen
7316,cherryblossom_0016.png,3,3,3,clip_frozen
7354,cherryblossom_0027.png,4,0,3,clip_frozen
7355,cherryblossom_0027.png,4,0,3,clip_frozen
7356,cherryblossom_0027.png,2,0,3,clip_frozen
7357,cherryblossom_0027.png,3,0,3,clip_frozen
7358,cherryblossom_0027.png,3,0,3,clip_frozen
7362,cherryblossom_0030.png,4,1,3,clip_frozen
7363,cherryblossom_0030.png,4,1,3,clip_frozen
7364,cherryblossom_0030.png,0,1,3,clip_frozen
7365,cherryblossom_0030.png,0,1,3,clip_frozen
7366,cherryblossom_0030.png,0,1,3,clip_frozen
7367,cherryblossom_0031.png,1,1,3,clip_frozen
7368,cherryblossom_0031.png,4,1,3,clip_frozen
7369,cherryblossom_0032.png,2,0,3,clip_frozen
7370,cherryblossom_0032.png,1,0,3,clip_frozen
7371,cherryblossom_0032.png,4,0,3,clip_frozen
7372,cherryblossom_0032.png,3,4,3,clip_frozen
7373,cherryblossom_0032.png,1,0,3,clip_frozen
7406,cherryblossom_0037.png,1,0,3,clip_frozen
7407,cherryblossom_0037.png,4,0,3,clip_frozen
7408,cherryblossom_0037.png,3,0,3,clip_frozen
7409,cherryblossom_0037.png,1,3,3,clip_frozen
7433,cherryblossom_0046.png,0,1,3,clip_frozen
7434,cherryblossom_0046.png,0,3,3,clip_frozen
7435,cherryblossom_0046.png,1,3,3,clip_frozen
7436,cherryblossom_0047.png,4,4,3,clip_frozen
7437,cherryblossom_0047.png,4,0,3,clip_frozen
7445,cherryblossom_0050.png,0,0,3,clip_frozen
7446,cherryblossom_0050.png,1,0,3,clip_frozen
7447,cherryblossom_0050.png,3,0,3,clip_frozen
7448,cherryblossom_0050.png,3,0,3,clip_frozen
7449,cherryblossom_0050.png,4,0,3,clip_frozen
7450,cherryblossom_0050.png,2,3,3,clip_frozen
7451,cherryblossom_0050.png,4,3,3,clip_frozen
7452,cherryblossom_0050.png,1,0,3,clip_frozen
7453,cherryblossom_0050.png,3,3,3,clip_frozen
7454,cherryblossom_0050.png,1,0,3,clip_frozen
7455,cherryblossom_0050.png,2,0,3,clip_frozen
7525,cherryblossom_0077.png,4,1,3,clip_frozen
7526,cherryblossom_0077.png,4,3,3,clip_frozen
7527,cherryblossom_0077.png,1,1,3,clip_frozen
7545,cherryblossom_0080.png,3,3,3,clip_frozen
7546,cherryblossom_0080.png,3,0,3,clip_frozen
7547,cherryblossom_0080.png,4,3,3,clip_frozen
7548,cherryblossom_0080.png,1,0,3,clip_frozen
7549,cherryblossom_0080.png,4,0,3,clip_frozen
7568,cherryblossom_0087.png,4,0,3,clip_frozen
7569,cherryblossom_0087.png,3,0,3,clip_frozen
7570,cherryblossom_0087.png,4,0,3,clip_frozen
7571,cherryblossom_0087.png,2,1,3,clip_frozen
7575,cherryblossom_0090.png,4,3,3,clip_frozen
7576,cherryblossom_0090.png,1,3,3,clip_frozen
7577,cherryblossom_0090.png,4,1,3,clip_frozen
7599,cherryblossom_0097.png,4,4,3,clip_frozen
7600,cherryblossom_0097.png,4,0,3,clip_frozen
7601,cherryblossom_0097.png,4,0,3,clip_frozen
7602,cherryblossom_0097.png,4,0,3,clip_frozen
7603,cherryblossom_0097.png,4,0,3,clip_frozen
7604,cherryblossom_0097.png,4,1,3,clip_frozen
7631,kpop_0001.png,4,0,3,clip_frozen
7632,kpop_0001.png,4,0,3,clip_frozen
7633,kpop_0001.png,1,0,3,clip_frozen
7648,kpop_0005.png,4,3,3,clip_frozen
7649,kpop_0005.png,3,3,3,clip_frozen
7650,kpop_0005.png,2,0,3,clip_frozen
7651,kpop_0005.png,2,0,3,clip_frozen
7670,kpop_0008.png,4,1,3,clip_frozen
7671,kpop_0008.png,4,1,3,clip_frozen
7672,kpop_0008.png,4,1,3,clip_frozen
7673,kpop_0008.png,1,1,3,clip_frozen
7674,kpop_0008.png,1,1,3,clip_frozen
7675,kpop_0008.png,1,1,3,clip_frozen
7676,kpop_0008.png,1,1,3,clip_frozen
7677,kpop_0008.png,0,1,3,clip_frozen
7678,kpop_0008.png,1,1,3,clip_frozen
7679,kpop_0008.png,1,1,3,clip_frozen
7680,kpop_0008.png,2,1,3,clip_frozen
7681,kpop_0008.png,1,1,3,clip_frozen
7682,kpop_0008.png,1,1,3,clip_frozen
7683,kpop_0008.png,4,1,3,clip_frozen
7684,kpop_0008.png,1,1,3,clip_frozen
7685,kpop_0008.png,1,1,3,clip_frozen
7686,kpop_0008.png,1,1,3,clip_frozen
7687,kpop_0008.png,4,1,3,clip_frozen
7688,kpop_0008.png,4,1,3,clip_frozen
7689,kpop_0008.png,3,1,3,clip_frozen
7690,kpop_0008.png,3,3,3,clip_frozen
7691,kpop_0008.png,3,1,3,clip_frozen
7692,kpop_0008.png,3,1,3,clip_frozen
7693,kpop_0008.png,3,1,3,clip_frozen
7694,kpop_0008.png,2,1,3,clip_frozen
7695,kpop_0008.png,1,1,3,clip_frozen
7696,kpop_0008.png,1,1,3,clip_frozen
7697,kpop_0008.png,3,1,3,clip_frozen
7698,kpop_0008.png,1,1,3,clip_frozen
7699,kpop_0008.png,2,1,3,clip_frozen
7700,kpop_0009.png,4,0,3,clip_frozen
7701,kpop_0009.png,3,0,3,clip_frozen
7702,kpop_0009.png,3,3,3,clip_frozen
7703,kpop_0009.png,2,0,3,clip_frozen
7704,kpop_0009.png,1,0,3,clip_frozen
7730,kpop_0015.png,0,0,3,clip_frozen
7731,kpop_0015.png,0,0,3,clip_frozen
7732,kpop_0015.png,0,0,3,clip_frozen
7733,kpop_0015.png,3,4,3,clip_frozen
7734,kpop_0015.png,4,1,3,clip_frozen
7800,kpop_0026.png,4,1,3,clip_frozen
7801,kpop_0026.png,4,3,3,clip_frozen
7802,kpop_0026.png,4,1,3,clip_frozen
7803,kpop_0026.png,4,1,3,clip_frozen
7812,kpop_0029.png,4,3,3,clip_frozen
7813,kpop_0029.png,4,3,3,clip_frozen
7814,kpop_0029.png,4,3,3,clip_frozen
7815,kpop_0029.png,3,3,3,clip_frozen
7816,kpop_0029.png,1,3,3,clip_frozen
7854,kpop_0035.png,4,1,3,clip_frozen
7855,kpop_0035.png,4,3,3,clip_frozen
7856,kpop_0035.png,3,3,3,clip_frozen
7857,kpop_0035.png,3,3,3,clip_frozen
7858,kpop_0035.png,3,3,3,clip_frozen
7859,kpop_0035.png,4,1,3,clip_frozen
7860,kpop_0035.png,0,1,3,clip_frozen
7861,kpop_0035.png,0,1,3,clip_frozen
7862,kpop_0035.png,4,1,3,clip_frozen
7863,kpop_0035.png,0,1,3,clip_frozen
7864,kpop_0035.png,0,1,3,clip_frozen
7865,kpop_0035.png,4,1,3,clip_frozen
7866,kpop_0035.png,4,1,3,clip_frozen
7867,kpop_0035.png,0,1,3,clip_frozen
7868,kpop_0035.png,4,1,3,clip_frozen
7869,kpop_0035.png,4,1,3,clip_frozen
7928,kpop_0042.png,4,1,3,clip_frozen
7929,kpop_0042.png,4,1,3,clip_frozen
7930,kpop_0042.png,4,1,3,clip_frozen
7931,kpop_0042.png,4,1,3,clip_frozen
7932,kpop_0042.png,3,3,3,clip_frozen
7933,kpop_0042.png,1,1,3,clip_frozen
7934,kpop_0042.png,1,1,3,clip_frozen
7935,kpop_0042.png,4,1,3,clip_frozen
7936,kpop_0042.png,4,3,3,clip_frozen
7937,kpop_0042.png,4,1,3,clip_frozen
7938,kpop_0042.png,0,1,3,clip_frozen
7939,kpop_0042.png,3,1,3,clip_frozen
7940,kpop_0042.png,3,1,3,clip_frozen
7941,kpop_0042.png,3,1,3,clip_frozen
7942,kpop_0042.png,3,1,3,clip_frozen
7943,kpop_0042.png,3,1,3,clip_frozen
7944,kpop_0042.png,2,1,3,clip_frozen
7945,kpop_0044.png,4,4,3,clip_frozen
7946,kpop_0044.png,4,3,3,clip_frozen
7947,kpop_0044.png,4,4,3,clip_frozen
7948,kpop_0044.png,4,3,3,clip_frozen
7949,kpop_0044.png,2,4,3,clip_frozen
8011,kpop_0050.png,4,4,3,clip_frozen
8012,kpop_0050.png,4,4,3,clip_frozen
8013,kpop_0050.png,3,3,3,clip_frozen
8014,kpop_0050.png,3,4,3,clip_frozen
8093,kpop_0063.png,4,1,3,clip_frozen
8094,kpop_0063.png,4,4,3,clip_frozen
8095,kpop_0063.png,3,1,3,clip_frozen
8096,kpop_0063.png,1,1,3,clip_frozen
8097,kpop_0063.png,2,3,3,clip_frozen
8098,kpop_0064.png,4,0,3,clip_frozen
8099,kpop_0064.png,1,0,3,clip_frozen
8100,kpop_0064.png,4,1,3,clip_frozen
8101,kpop_0064.png,3,0,3,clip_frozen
8102,kpop_0064.png,1,3,3,clip_frozen
8103,kpop_0064.png,3,3,3,clip_frozen
8104,kpop_0064.png,3,3,3,clip_frozen
8105,kpop_0064.png,3,3,3,clip_frozen
8106,kpop_0064.png,2,0,3,clip_frozen
8131,kpop_0067.png,0,0,3,clip_frozen
8132,kpop_0067.png,0,0,3,clip_frozen
8133,kpop_0067.png,1,0,3,clip_frozen
8134,kpop_0067.png,1,0,3,clip_frozen
8223,kpop_0080.png,4,3,3,clip_frozen
8224,kpop_0080.png,4,3,3,clip_frozen
8225,kpop_0080.png,4,3,3,clip_frozen
8226,kpop_0080.png,2,3,3,clip_frozen
8227,kpop_0080.png,2,3,3,clip_frozen
8228,kpop_0080.png,1,3,3,clip_frozen
8229,kpop_0080.png,1,4,3,clip_frozen
8230,kpop_0080.png,1,3,3,clip_frozen
8231,kpop_0080.png,0,3,3,clip_frozen
8232,kpop_0080.png,0,3,3,clip_frozen
8254,kpop_0086.png,3,3,3,clip_frozen
8255,kpop_0086.png,4,4,3,clip_frozen
8256,kpop_0086.png,3,0,3,clip_frozen
8257,kpop_0086.png,3,0,3,clip_frozen
8258,kpop_0086.png,1,0,3,clip_frozen
8259,kpop_0086.png,4,0,3,clip_frozen
8260,kpop_0086.png,2,0,3,clip_frozen
8261,kpop_0086.png,1,4,3,clip_frozen
8262,kpop_0086.png,0,0,3,clip_frozen
8317,kpop_0096.png,4,4,3,clip_frozen
8318,kpop_0096.png,3,2,3,clip_frozen
8319,kpop_0096.png,4,4,3,clip_frozen
8320,kpop_0096.png,3,3,3,clip_frozen
8321,kpop_0096.png,2,3,3,clip_frozen
8322,kpop_0096.png,1,4,3,clip_frozen
8393,spotify_0005.png,1,4,3,clip_frozen
8394,spotify_0005.png,3,4,3,clip_frozen
8405,spotify_0009.png,4,3,3,clip_frozen
8406,spotify_0009.png,3,3,3,clip_frozen
8407,spotify_0009.png,2,1,3,clip_frozen
8408,spotify_0009.png,2,3,3,clip_frozen
8409,spotify_0009.png,4,1,3,clip_frozen
8473,spotify_0034.png,2,4,3,clip_frozen
8474,spotify_0034.png,3,4,3,clip_frozen
8475,spotify_0034.png,3,4,3,clip_frozen
8476,spotify_0034.png,4,4,3,clip_frozen
8477,spotify_0034.png,4,4,3,clip_frozen
8478,spotify_0035.png,4,1,3,clip_frozen
8479,spotify_0035.png,4,1,3,clip_frozen
8480,spotify_0035.png,3,1,3,clip_frozen
8481,spotify_0035.png,3,1,3,clip_frozen
8482,spotify_0035.png,1,1,3,clip_frozen
8534,spotify_0053.png,4,0,3,clip_frozen
8535,spotify_0053.png,4,4,3,clip_frozen
8536,spotify_0053.png,4,4,3,clip_frozen
8537,spotify_0053.png,4,4,3,clip_frozen
8538,spotify_0055.png,4,4,3,clip_frozen
8539,spotify_0055.png,4,4,3,clip_frozen
8540,spotify_0055.png,4,4,3,clip_frozen
8541,spotify_0055.png,3,4,3,clip_frozen
8542,spotify_0055.png,2,4,3,clip_frozen
8543,spotify_0055.png,2,4,3,clip_frozen
8567,spotify_0063.png,3,1,3,clip_frozen
8568,spotify_0063.png,2,3,3,clip_frozen
8569,spotify_0063.png,4,3,3,clip_frozen
8570,spotify_0064.png,2,4,3,clip_frozen
8571,spotify_0064.png,2,4,3,clip_frozen
8572,spotify_0064.png,3,4,3,clip_frozen
8573,spotify_0064.png,4,4,3,clip_frozen
8574,spotify_0064.png,4,4,3,clip_frozen
8575,spotify_0064.png,4,3,3,clip_frozen
8576,spotify_0064.png,4,4,3,clip_frozen
8577,spotify_0064.png,4,4,3,clip_frozen
8578,spotify_0064.png,2,4,3,clip_frozen
8579,spotify_0064.png,4,4,3,clip_frozen
8580,spotify_0064.png,4,4,3,clip_frozen
8581,spotify_0064.png,2,4,3,clip_frozen
8582,spotify_0064.png,2,4,3,clip_frozen
8583,spotify_0064.png,2,4,3,clip_frozen
8617,spotify_0077.png,4,0,3,clip_frozen
8622,spotify_0081.png,4,3,3,clip_frozen
8623,spotify_0081.png,3,3,3,clip_frozen
8624,spotify_0081.png,4,3,3,clip_frozen
8625,spotify_0081.png,2,3,3,clip_frozen
8627,spotify_0085.png,2,1,3,clip_frozen
8628,spotify_0085.png,3,1,3,clip_frozen
8629,spotify_0085.png,4,1,3,clip_frozen
8630,spotify_0085.png,3,2,3,clip_frozen
8631,spotify_0085.png,3,0,3,clip_frozen
8660,spotify_0097.png,3,3,3,clip_frozen
8661,spotify_0097.png,3,3,3,clip_frozen
8662,spotify_0097.png,4,4,3,clip_frozen
8663,spotify_0097.png,2,4,3,clip_frozen
8664,spotify_0097.png,3,3,3,clip_frozen
8670,netflix_0001.png,4,4,3,clip_frozen
8671,netflix_0001.png,1,4,3,clip_frozen
8672,netflix_0001.png,3,4,3,clip_frozen
8673,netflix_0001.png,4,4,3,clip_frozen
8674,netflix_0001.png,2,4,3,clip_frozen
8675,netflix_0001.png,1,4,3,clip_frozen
8676,netflix_0001.png,1,4,3,clip_frozen
8677,netflix_0001.png,1,4,3,clip_frozen
8678,netflix_0001.png,2,4,3,clip_frozen
8679,netflix_0001.png,2,4,3,clip_frozen
8743,netflix_0019.png,4,3,3,clip_frozen
8744,netflix_0019.png,4,3,3,clip_frozen
8745,netflix_0019.png,1,3,3,clip_frozen
8746,netflix_0019.png,3,3,3,clip_frozen
8747,netflix_0019.png,1,3,3,clip_frozen
8748,netflix_0019.png,1,3,3,clip_frozen
8749,netflix_0019.png,1,3,3,clip_frozen
8750,netflix_0019.png,3,3,3,clip_frozen
8751,netflix_0019.png,0,3,3,clip_frozen
8752,netflix_0019.png,0,3,3,clip_frozen
8775,netflix_0022.png,4,4,3,clip_frozen
8776,netflix_0022.png,4,4,3,clip_frozen
8777,netflix_0022.png,4,4,3,clip_frozen
8778,netflix_0022.png,4,3,3,clip_frozen
8779,netflix_0022.png,4,4,3,clip_frozen
8780,netflix_0022.png,2,4,3,clip_frozen
8791,netflix_0029.png,4,3,3,clip_frozen
8792,netflix_0029.png,4,3,3,clip_frozen
8793,netflix_0029.png,2,3,3,clip_frozen
8794,netflix_0029.png,3,3,3,clip_frozen
8795,netflix_0029.png,3,3,3,clip_frozen
8814,netflix_0036.png,4,3,3,clip_frozen
8815,netflix_0036.png,4,3,3,clip_frozen
8816,netflix_0036.png,2,3,3,clip_frozen
8817,netflix_0036.png,1,4,3,clip_frozen
8818,netflix_0036.png,3,3,3,clip_frozen
8819,netflix_0036.png,0,3,3,clip_frozen
8820,netflix_0036.png,0,4,3,clip_frozen
8853,netflix_0044.png,4,4,3,clip_frozen
8854,netflix_0044.png,4,4,3,clip_frozen
8855,netflix_0044.png,4,4,3,clip_frozen
8856,netflix_0044.png,1,4,3,clip_frozen
8857,netflix_0044.png,4,4,3,clip_frozen
8858,netflix_0046.png,1,4,3,clip_frozen
8859,netflix_0046.png,4,4,3,clip_frozen
8860,netflix_0046.png,3,3,3,clip_frozen
8861,netflix_0046.png,4,3,3,clip_frozen
8882,netflix_0051.png,4,0,3,clip_frozen
8883,netflix_0051.png,4,0,3,clip_frozen
8884,netflix_0051.png,4,1,3,clip_frozen
8885,netflix_0051.png,3,0,3,clip_frozen
8886,netflix_0051.png,3,0,3,clip_frozen
8904,netflix_0054.png,4,3,3,clip_frozen
8905,netflix_0054.png,4,3,3,clip_frozen
8906,netflix_0054.png,2,3,3,clip_frozen
8907,netflix_0054.png,2,3,3,clip_frozen
8908,netflix_0054.png,2,3,3,clip_frozen
8919,netflix_0059.png,4,4,3,clip_frozen
8920,netflix_0059.png,3,4,3,clip_frozen
8921,netflix_0059.png,3,3,3,clip_frozen
8922,netflix_0059.png,4,4,3,clip_frozen
8923,netflix_0059.png,3,4,3,clip_frozen
8924,netflix_0059.png,3,4,3,clip_frozen
8925,netflix_0059.png,2,4,3,clip_frozen
8926,netflix_0059.png,1,4,3,clip_frozen
8927,netflix_0059.png,3,4,3,clip_frozen
8928,netflix_0059.png,2,3,3,clip_frozen
8929,netflix_0059.png,4,4,3,clip_frozen
8930,netflix_0059.png,4,4,3,clip_frozen
8931,netflix_0059.png,1,3,3,clip_frozen
8932,netflix_0059.png,1,3,3,clip_frozen
8933,netflix_0059.png,2,4,3,clip_frozen
8961,netflix_0069.png,1,4,3,clip_frozen
8962,netflix_0069.png,1,4,3,clip_frozen
8963,netflix_0069.png,1,4,3,clip_frozen
8964,netflix_0069.png,2,4,3,clip_frozen
8965,netflix_0069.png,2,4,3,clip_frozen
8978,netflix_0073.png,0,4,3,clip_frozen
8979,netflix_0073.png,0,4,3,clip_frozen
8980,netflix_0073.png,1,4,3,clip_frozen
8981,netflix_0073.png,1,0,3,clip_frozen
8987,netflix_0079.png,4,1,3,clip_frozen
8988,netflix_0079.png,4,2,3,clip_frozen
8989,netflix_0079.png,4,4,3,clip_frozen
8990,netflix_0079.png,4,1,3,clip_frozen
8991,netflix_0079.png,4,3,3,clip_frozen
8999,netflix_0086.png,4,0,3,clip_frozen
9000,netflix_0086.png,4,0,3,clip_frozen
9001,netflix_0086.png,4,0,3,clip_frozen
9002,netflix_0086.png,1,0,3,clip_frozen
9003,netflix_0086.png,4,0,3,clip_frozen
9004,netflix_0088.png,4,4,3,clip_frozen
9005,netflix_0088.png,3,3,3,clip_frozen
9006,netflix_0088.png,1,3,3,clip_frozen
9007,netflix_0088.png,1,3,3,clip_frozen
9008,netflix_0088.png,1,4,3,clip_frozen
9039,netflix_0097.png,4,4,3,clip_frozen
9040,netflix_0097.png,4,4,3,clip_frozen
9041,netflix_0097.png,3,4,3,clip_frozen
9042,netflix_0097.png,3,4,3,clip_frozen
9043,netflix_0097.png,2,4,3,clip_frozen
9044,netflix_0098.png,4,4,3,clip_frozen
9045,netflix_0098.png,4,3,3,clip_frozen
9046,netflix_0098.png,4,3,3,clip_frozen
9047,netflix_0098.png,1,4,3,clip_frozen
9048,netflix_0098.png,4,4,3,clip_frozen
9049,netflix_0098.png,4,3,3,clip_frozen
9050,netflix_0098.png,0,3,3,clip_frozen
9051,netflix_0098.png,0,4,3,clip_frozen
9052,netflix_0098.png,0,3,3,clip_frozen
9053,netflix_0098.png,0,3,3,clip_frozen
9054,netflix_0098.png,0,3,3,clip_frozen
9055,netflix_0098.png,2,4,3,clip_frozen
9056,netflix_0098.png,1,4,3,clip_frozen
9057,netflix_0098.png,0,3,3,clip_frozen
9058,netflix_0098.png,0,4,3,clip_frozen
9059,netflix_0098.png,0,1,3,clip_frozen
9060,netflix_0099.png,4,3,3,clip_frozen
9061,netflix_0099.png,4,4,3,clip_frozen
9067,apple_0002.png,1,2,3,clip_frozen
9068,apple_0002.png,1,3,3,clip_frozen
9069,apple_0002.png,1,3,3,clip_frozen
9070,apple_0002.png,2,1,3,clip_frozen
9071,apple_0002.png,1,0,3,clip_frozen
9100,apple_0010.png,4,4,3,clip_frozen
9101,apple_0010.png,3,4,3,clip_frozen
9102,apple_0010.png,2,4,3,clip_frozen
9103,apple_0010.png,1,4,3,clip_frozen
9104,apple_0010.png,1,4,3,clip_frozen
9105,apple_0010.png,1,4,3,clip_frozen
9106,apple_0010.png,0,4,3,clip_frozen
9107,apple_0010.png,1,4,3,clip_frozen
9108,apple_0010.png,1,4,3,clip_frozen
9109,apple_0010.png,1,4,3,clip_frozen
9110,apple_0010.png,1,4,3,clip_frozen
9111,apple_0010.png,1,4,3,clip_frozen
9112,apple_0010.png,0,4,3,clip_frozen
9113,apple_0010.png,2,4,3,clip_frozen
9114,apple_0010.png,2,4,3,clip_frozen
9115,apple_0010.png,2,4,3,clip_frozen
9116,apple_0010.png,2,4,3,clip_frozen
9117,apple_0010.png,2,4,3,clip_frozen
9121,apple_0013.png,4,4,3,clip_frozen
9122,apple_0013.png,4,4,3,clip_frozen
9123,apple_0013.png,4,4,3,clip_frozen
9124,apple_0013.png,4,4,3,clip_frozen
9125,apple_0013.png,4,4,3,clip_frozen
9126,apple_0013.png,4,4,3,clip_frozen
9127,apple_0013.png,4,4,3,clip_frozen
9128,apple_0013.png,4,4,3,clip_frozen
9129,apple_0013.png,4,4,3,clip_frozen
9130,apple_0013.png,4,4,3,clip_frozen
9133,apple_0021.png,4,4,3,clip_frozen
9134,apple_0021.png,4,4,3,clip_frozen
9135,apple_0021.png,4,4,3,clip_frozen
9136,apple_0021.png,2,4,3,clip_frozen
9137,apple_0021.png,3,4,3,clip_frozen
9142,apple_0024.png,4,4,3,clip_frozen
9143,apple_0024.png,4,4,3,clip_frozen
9144,apple_0024.png,4,4,3,clip_frozen
9145,apple_0024.png,1,4,3,clip_frozen
9146,apple_0024.png,2,4,3,clip_frozen
9199,apple_0045.png,4,4,3,clip_frozen
9200,apple_0045.png,3,4,3,clip_frozen
9201,apple_0045.png,4,4,3,clip_frozen
9202,apple_0045.png,4,4,3,clip_frozen
9203,apple_0045.png,3,4,3,clip_frozen
9228,apple_0051.png,4,4,3,clip_frozen
9229,apple_0051.png,4,4,3,clip_frozen
9230,apple_0051.png,4,4,3,clip_frozen
9231,apple_0051.png,4,4,3,clip_frozen
9249,apple_0061.png,4,4,3,clip_frozen
9250,apple_0061.png,4,4,3,clip_frozen
9251,apple_0061.png,3,4,3,clip_frozen
9252,apple_0061.png,4,4,3,clip_frozen
9253,apple_0061.png,3,4,3,clip_frozen
9254,apple_0064.png,4,4,3,clip_frozen
9255,apple_0064.png,4,4,3,clip_frozen
9267,apple_0070.png,4,4,3,clip_frozen
9268,apple_0070.png,4,4,3,clip_frozen
9269,apple_0070.png,3,4,3,clip_frozen
9270,apple_0070.png,1,4,3,clip_frozen
9271,apple_0070.png,0,4,3,clip_frozen
9287,apple_0076.png,4,4,3,clip_frozen
9288,apple_0076.png,4,4,3,clip_frozen
9289,apple_0076.png,0,4,3,clip_frozen
9290,apple_0076.png,3,4,3,clip_frozen
9291,apple_0076.png,2,4,3,clip_frozen
9292,apple_0076.png,1,4,3,clip_frozen
9293,apple_0076.png,2,4,3,clip_frozen
9294,apple_0076.png,2,4,3,clip_frozen
9295,apple_0076.png,0,4,3,clip_frozen
9296,apple_0076.png,4,4,3,clip_frozen
9297,apple_0076.png,1,4,3,clip_frozen
9298,apple_0076.png,3,4,3,clip_frozen
9299,apple_0076.png,0,4,3,clip_frozen
9300,apple_0076.png,0,4,3,clip_frozen
9301,apple_0076.png,1,4,3,clip_frozen
9302,apple_0076.png,0,4,3,clip_frozen
9303,apple_0076.png,3,4,3,clip_frozen
9304,apple_0076.png,0,4,3,clip_frozen
9305,apple_0076.png,0,4,3,clip_frozen
9316,apple_0088.png,4,4,3,clip_frozen
9317,apple_0088.png,4,4,3,clip_frozen
9318,apple_0088.png,0,4,3,clip_frozen
9319,apple_0088.png,2,4,3,clip_frozen
9320,apple_0088.png,3,4,3,clip_frozen
9321,apple_0090.png,4,4,3,clip_frozen
9322,apple_0090.png,4,4,3,clip_frozen
9323,apple_0090.png,1,4,3,clip_frozen
9324,apple_0091.png,4,4,3,clip_frozen
9325,apple_0091.png,4,4,3,clip_frozen
9326,apple_0091.png,1,4,3,clip_frozen
9327,apple_0091.png,3,4,3,clip_frozen
9328,apple_0091.png,1,4,3,clip_frozen
9351,apple_0099.png,4,4,3,clip_frozen
9352,apple_0099.png,4,4,3,clip_frozen
9353,apple_0099.png,2,4,3,clip_frozen
9354,apple_0099.png,3,4,3,clip_frozen
9355,galaxy_0002.png,4,1,3,clip_frozen
9356,galaxy_0002.png,4,0,3,clip_frozen
9357,galaxy_0002.png,4,1,3,clip_frozen
9358,galaxy_0002.png,0,1,3,clip_frozen
9359,galaxy_0002.png,1,1,3,clip_frozen
9400,galaxy_0013.png,4,4,3,clip_frozen
9401,galaxy_0013.png,4,4,3,clip_frozen
9402,galaxy_0013.png,1,4,3,clip_frozen
9403,galaxy_0013.png,3,4,3,clip_frozen
9404,galaxy_0013.png,2,3,3,clip_frozen
9497,galaxy_0030.png,4,4,3,clip_frozen
9498,galaxy_0030.png,3,4,3,clip_frozen
9499,galaxy_0030.png,4,4,3,clip_frozen
9500,galaxy_0030.png,4,4,3,clip_frozen
9501,galaxy_0030.png,4,4,3,clip_frozen
9502,galaxy_0030.png,0,4,3,clip_frozen
9572,galaxy_0051.png,1,1,3,clip_frozen
9573,galaxy_0051.png,3,1,3,clip_frozen
9574,galaxy_0051.png,1,1,3,clip_frozen
9575,galaxy_0051.png,1,1,3,clip_frozen
9587,galaxy_0059.png,1,0,3,clip_frozen
9588,galaxy_0059.png,4,0,3,clip_frozen
9589,galaxy_0059.png,3,4,3,clip_frozen
9590,galaxy_0059.png,4,0,3,clip_frozen
9591,galaxy_0059.png,2,0,3,clip_frozen
9620,galaxy_0066.png,1,1,3,clip_frozen
9621,galaxy_0066.png,4,1,3,clip_frozen
9622,galaxy_0066.png,1,1,3,clip_frozen
9623,galaxy_0066.png,3,1,3,clip_frozen
9624,galaxy_0066.png,4,1,3,clip_frozen
9629,galaxy_0068.png,2,1,3,clip_frozen
9630,galaxy_0068.png,4,1,3,clip_frozen
9631,galaxy_0068.png,4,1,3,clip_frozen
9632,galaxy_0068.png,2,2,3,clip_frozen
9633,galaxy_0069.png,1,1,3,clip_frozen
9634,galaxy_0069.png,4,1,3,clip_frozen
9635,galaxy_0069.png,2,1,3,clip_frozen
9636,galaxy_0069.png,3,1,3,clip_frozen
9679,galaxy_0080.png,4,1,3,clip_frozen
9680,galaxy_0080.png,1,1,3,clip_frozen
9681,galaxy_0080.png,3,1,3,clip_frozen
9682,galaxy_0080.png,4,1,3,clip_frozen
9712,galaxy_0086.png,4,4,3,clip_frozen
9713,galaxy_0086.png,4,4,3,clip_frozen
9714,galaxy_0086.png,4,4,3,clip_frozen
9715,galaxy_0086.png,4,4,3,clip_frozen
9716,galaxy_0086.png,1,4,3,clip_frozen
9722,galaxy_0088.png,4,4,3,clip_frozen
9723,galaxy_0088.png,3,4,3,clip_frozen
9724,galaxy_0088.png,1,4,3,clip_frozen
9725,galaxy_0088.png,2,0,3,clip_frozen
9726,galaxy_0088.png,4,0,3,clip_frozen
9727,galaxy_0089.png,3,1,3,clip_frozen
9728,galaxy_0089.png,4,1,3,clip_frozen
9729,galaxy_0089.png,4,1,3,clip_frozen
9730,galaxy_0089.png,1,1,3,clip_frozen
9731,galaxy_0089.png,4,1,3,clip_frozen
9732,galaxy_0089.png,2,1,3,clip_frozen
9733,galaxy_0089.png,4,1,3,clip_frozen
9734,galaxy_0089.png,4,1,3,clip_frozen
9735,galaxy_0089.png,4,1,3,clip_frozen
9736,galaxy_0089.png,1,1,3,clip_frozen
9745,galaxy_0091.png,4,3,3,clip_frozen
9746,galaxy_0091.png,4,3,3,clip_frozen
9747,galaxy_0091.png,4,3,3,clip_frozen
9748,galaxy_0091.png,4,3,3,clip_frozen
9749,galaxy_0091.png,3,3,3,clip_frozen
9750,galaxy_0091.png,4,3,3,clip_frozen
9751,galaxy_0091.png,4,3,3,clip_frozen
9752,galaxy_0091.png,4,3,3,clip_frozen
9753,galaxy_0091.png,3,3,3,clip_frozen
9754,galaxy_0091.png,3,3,3,clip_frozen
9755,galaxy_0091.png,3,3,3,clip_frozen
9756,galaxy_0091.png,3,3,3,clip_frozen
9757,galaxy_0091.png,3,3,3,clip_frozen
9758,galaxy_0091.png,1,3,3,clip_frozen
9761,galaxy_0093.png,3,4,3,clip_frozen
9762,galaxy_0093.png,2,4,3,clip_frozen
9763,galaxy_0093.png,4,4,3,clip_frozen
9764,galaxy_0093.png,3,4,3,clip_frozen
9765,galaxy_0093.png,2,4,3,clip_frozen
9771,galaxy_0097.png,4,0,3,clip_frozen
9772,galaxy_0097.png,4,0,3,clip_frozen
9773,galaxy_0097.png,3,0,3,clip_frozen
9774,galaxy_0097.png,1,0,3,clip_frozen
9775,galaxy_0098.png,4,4,3,clip_frozen
9776,galaxy_0098.png,4,4,3,clip_frozen
9777,galaxy_0098.png,2,4,3,clip_frozen
9778,galaxy_0098.png,2,3,3,clip_frozen
9817,iphone16_0005.png,4,4,3,clip_frozen
9818,iphone16_0005.png,4,4,3,clip_frozen
9819,iphone16_0005.png,3,4,3,clip_frozen
9820,iphone16_0005.png,4,4,3,clip_frozen
9821,iphone16_0005.png,4,4,3,clip_frozen
9822,iphone16_0005.png,3,4,3,clip_frozen
9823,iphone16_0005.png,3,4,3,clip_frozen
9824,iphone16_0005.png,4,4,3,clip_frozen
9825,iphone16_0005.png,3,4,3,clip_frozen
9826,iphone16_0005.png,3,4,3,clip_frozen
9827,iphone16_0005.png,3,4,3,clip_frozen
9828,iphone16_0005.png,4,4,3,clip_frozen
9829,iphone16_0005.png,0,4,3,clip_frozen
9830,iphone16_0005.png,4,4,3,clip_frozen
9831,iphone16_0005.png,0,4,3,clip_frozen
9832,iphone16_0005.png,0,4,3,clip_frozen
9833,iphone16_0005.png,0,4,3,clip_frozen
9834,iphone16_0005.png,0,4,3,clip_frozen
9862,iphone16_0013.png,4,0,3,clip_frozen
9863,iphone16_0013.png,1,0,3,clip_frozen
9864,iphone16_0013.png,4,0,3,clip_frozen
9865,iphone16_0013.png,2,0,3,clip_frozen
9866,iphone16_0013.png,0,4,3,clip_frozen
9867,iphone16_0013.png,2,0,3,clip_frozen
9872,iphone16_0015.png,4,0,3,clip_frozen
9873,iphone16_0015.png,3,0,3,clip_frozen
9874,iphone16_0015.png,0,0,3,clip_frozen
9875,iphone16_0015.png,4,0,3,clip_frozen
9895,iphone16_0024.png,1,0,3,clip_frozen
9896,iphone16_0024.png,1,0,3,clip_frozen
9897,iphone16_0024.png,1,0,3,clip_frozen
9898,iphone16_0024.png,3,0,3,clip_frozen
9899,iphone16_0024.png,4,0,3,clip_frozen
9909,iphone16_0030.png,4,0,3,clip_frozen
9910,iphone16_0030.png,1,0,3,clip_frozen
9925,iphone16_0035.png,4,0,3,clip_frozen
9926,iphone16_0035.png,4,0,3,clip_frozen
9927,iphone16_0035.png,4,0,3,clip_frozen
9928,iphone16_0036.png,4,0,3,clip_frozen
9929,iphone16_0036.png,4,0,3,clip_frozen
9930,iphone16_0036.png,3,0,3,clip_frozen
9931,iphone16_0036.png,4,0,3,clip_frozen
9978,iphone16_0049.png,4,4,3,clip_frozen
9979,iphone16_0049.png,4,4,3,clip_frozen
9980,iphone16_0049.png,4,4,3,clip_frozen
9981,iphone16_0049.png,3,4,3,clip_frozen
9982,iphone16_0049.png,3,4,3,clip_frozen
10002,iphone16_0056.png,4,0,3,clip_frozen
10003,iphone16_0056.png,4,0,3,clip_frozen
10004,iphone16_0056.png,1,0,3,clip_frozen
10005,iphone16_0056.png,2,0,3,clip_frozen
10006,iphone16_0056.png,3,0,3,clip_frozen
10048,iphone16_0064.png,4,0,3,clip_frozen
10049,iphone16_0064.png,4,0,3,clip_frozen
10050,iphone16_0064.png,3,0,3,clip_frozen
10051,iphone16_0064.png,3,0,3,clip_frozen
10052,iphone16_0064.png,1,0,3,clip_frozen
10077,iphone16_0073.png,4,4,3,clip_frozen
10078,iphone16_0073.png,3,4,3,clip_frozen
10079,iphone16_0073.png,1,4,3,clip_frozen
10080,iphone16_0073.png,0,4,3,clip_frozen
10081,iphone16_0073.png,0,4,3,clip_frozen
10082,iphone16_0073.png,3,4,3,clip_frozen
10083,iphone16_0073.png,4,4,3,clip_frozen
10084,iphone16_0073.png,2,4,3,clip_frozen
10085,iphone16_0073.png,4,4,3,clip_frozen
10086,iphone16_0073.png,0,4,3,clip_frozen
10087,iphone16_0073.png,0,4,3,clip_frozen
10088,iphone16_0073.png,4,4,3,clip_frozen
10089,iphone16_0073.png,0,4,3,clip_frozen
10090,iphone16_0073.png,4,4,3,clip_frozen
10091,iphone16_0073.png,0,4,3,clip_frozen
10092,iphone16_0073.png,0,4,3,clip_frozen
10093,iphone16_0073.png,1,4,3,clip_frozen
10094,iphone16_0073.png,0,4,3,clip_frozen
10095,iphone16_0073.png,4,4,3,clip_frozen
10096,iphone16_0073.png,0,4,3,clip_frozen
10097,iphone16_0073.png,3,4,3,clip_frozen
10098,iphone16_0073.png,0,4,3,clip_frozen
10099,iphone16_0073.png,0,4,3,clip_frozen
10100,iphone16_0073.png,4,4,3,clip_frozen
10101,iphone16_0073.png,0,4,3,clip_frozen
10102,iphone16_0073.png,0,4,3,clip_frozen
10103,iphone16_0073.png,0,4,3,clip_frozen
10104,iphone16_0073.png,0,4,3,clip_frozen
10105,iphone16_0073.png,0,4,3,clip_frozen
10116,iphone16_0077.png,4,0,3,clip_frozen
10152,iphone16_0080.png,3,0,3,clip_frozen
10153,iphone16_0080.png,4,0,3,clip_frozen
10154,iphone16_0080.png,3,0,3,clip_frozen
10155,iphone16_0080.png,4,0,3,clip_frozen
10156,iphone16_0080.png,2,0,3,clip_frozen
10162,iphone16_0083.png,4,0,3,clip_frozen
10163,iphone16_0083.png,4,0,3,clip_frozen
10164,iphone16_0083.png,2,0,3,clip_frozen
10165,iphone16_0083.png,1,0,3,clip_frozen
10166,iphone16_0083.png,0,0,3,clip_frozen
10167,iphone16_0084.png,4,0,3,clip_frozen
10168,iphone16_0084.png,3,0,3,clip_frozen
10169,iphone16_0084.png,1,0,3,clip_frozen
10170,iphone16_0084.png,1,0,3,clip_frozen
10171,iphone16_0084.png,4,0,3,clip_frozen
10194,iphone16_0089.png,4,4,3,clip_frozen
10195,iphone16_0089.png,4,4,3,clip_frozen
10196,iphone16_0089.png,4,4,3,clip_frozen
10197,iphone16_0089.png,3,4,3,clip_frozen
10198,iphone16_0089.png,4,4,3,clip_frozen
10229,iphone16_0093.png,0,0,3,clip_frozen
10230,iphone16_0093.png,1,0,3,clip_frozen
10231,iphone16_0093.png,0,0,3,clip_frozen
10232,iphone16_0093.png,4,0,3,clip_frozen
10233,iphone16_0093.png,3,0,3,clip_frozen
10257,iphone16_0099.png,1,0,3,clip_frozen
10258,iphone16_0099.png,0,0,3,clip_frozen
10259,iphone16_0099.png,4,0,3,clip_frozen
10260,iphone16_0099.png,3,0,3,clip_frozen
10292,healthstagram_0010.png,3,1,3,clip_frozen
10293,healthstagram_0010.png,4,0,3,clip_frozen
10294,healthstagram_0010.png,4,0,3,clip_frozen
10295,healthstagram_0010.png,4,0,3,clip_frozen
10296,healthstagram_0010.png,3,3,3,clip_frozen
10297,healthstagram_0010.png,3,3,3,clip_frozen
10298,healthstagram_0010.png,1,0,3,clip_frozen
10299,healthstagram_0010.png,2,0,3,clip_frozen
10300,healthstagram_0010.png,4,0,3,clip_frozen
10301,healthstagram_0010.png,2,1,3,clip_frozen
10302,healthstagram_0010.png,2,1,3,clip_frozen
10303,healthstagram_0010.png,2,1,3,clip_frozen
10304,healthstagram_0010.png,3,1,3,clip_frozen
10305,healthstagram_0010.png,0,1,3,clip_frozen
10306,healthstagram_0010.png,2,3,3,clip_frozen
10307,healthstagram_0010.png,2,3,3,clip_frozen
10308,healthstagram_0010.png,3,0,3,clip_frozen
10309,healthstagram_0010.png,3,0,3,clip_frozen
10310,healthstagram_0010.png,4,0,3,clip_frozen
10311,healthstagram_0010.png,1,0,3,clip_frozen
10314,healthstagram_0012.png,4,2,3,clip_frozen
10315,healthstagram_0012.png,4,3,3,clip_frozen
10316,healthstagram_0012.png,3,3,3,clip_frozen
10317,healthstagram_0012.png,4,2,3,clip_frozen
10318,healthstagram_0012.png,2,2,3,clip_frozen
10319,healthstagram_0012.png,3,2,3,clip_frozen
10320,healthstagram_0012.png,2,2,3,clip_frozen
10321,healthstagram_0012.png,2,2,3,clip_frozen
10322,healthstagram_0012.png,1,2,3,clip_frozen
10323,healthstagram_0012.png,1,0,3,clip_frozen
10324,healthstagram_0012.png,1,2,3,clip_frozen
10380,healthstagram_0024.png,3,0,3,clip_frozen
10381,healthstagram_0024.png,4,3,3,clip_frozen
10382,healthstagram_0024.png,3,0,3,clip_frozen
10383,healthstagram_0024.png,2,0,3,clip_frozen
10384,healthstagram_0024.png,4,3,3,clip_frozen
10385,healthstagram_0024.png,4,0,3,clip_frozen
10386,healthstagram_0024.png,3,0,3,clip_frozen
10387,healthstagram_0024.png,3,0,3,clip_frozen
10388,healthstagram_0024.png,0,0,3,clip_frozen
10389,healthstagram_0024.png,4,0,3,clip_frozen
10390,healthstagram_0024.png,1,0,3,clip_frozen
10391,healthstagram_0024.png,3,0,3,clip_frozen
10392,healthstagram_0024.png,4,0,3,clip_frozen
10393,healthstagram_0024.png,1,0,3,clip_frozen
10394,healthstagram_0024.png,2,0,3,clip_frozen
10395,healthstagram_0024.png,1,0,3,clip_frozen
10396,healthstagram_0024.png,0,0,3,clip_frozen
10397,healthstagram_0024.png,2,0,3,clip_frozen
10398,healthstagram_0024.png,3,0,3,clip_frozen
10399,healthstagram_0024.png,2,0,3,clip_frozen
10400,healthstagram_0024.png,3,0,3,clip_frozen
10401,healthstagram_0024.png,1,0,3,clip_frozen
10402,healthstagram_0024.png,3,0,3,clip_frozen
10403,healthstagram_0024.png,2,0,3,clip_frozen
10404,healthstagram_0024.png,2,0,3,clip_frozen
10405,healthstagram_0024.png,4,0,3,clip_frozen
10406,healthstagram_0024.png,3,0,3,clip_frozen
10407,healthstagram_0025.png,1,0,3,clip_frozen
10441,healthstagram_0038.png,4,0,3,clip_frozen
10442,healthstagram_0038.png,4,2,3,clip_frozen
10443,healthstagram_0038.png,1,2,3,clip_frozen
10444,healthstagram_0038.png,2,0,3,clip_frozen
10445,healthstagram_0038.png,4,0,3,clip_frozen
10446,healthstagram_0038.png,0,0,3,clip_frozen
10447,healthstagram_0038.png,3,2,3,clip_frozen
10448,healthstagram_0038.png,3,0,3,clip_frozen
10449,healthstagram_0038.png,1,0,3,clip_frozen
10450,healthstagram_0038.png,1,0,3,clip_frozen
10451,healthstagram_0038.png,2,0,3,clip_frozen
10452,healthstagram_0038.png,1,0,3,clip_frozen
10453,healthstagram_0038.png,0,2,3,clip_frozen
10454,healthstagram_0038.png,0,2,3,clip_frozen
10455,healthstagram_0038.png,3,0,3,clip_frozen
10456,healthstagram_0038.png,2,2,3,clip_frozen
10457,healthstagram_0038.png,2,2,3,clip_frozen
10458,healthstagram_0038.png,1,2,3,clip_frozen
10459,healthstagram_0038.png,1,0,3,clip_frozen
10460,healthstagram_0038.png,0,0,3,clip_frozen
10461,healthstagram_0038.png,0,2,3,clip_frozen
10462,healthstagram_0038.png,1,0,3,clip_frozen
10463,healthstagram_0038.png,2,0,3,clip_frozen
10464,healthstagram_0038.png,1,0,3,clip_frozen
10465,healthstagram_0038.png,4,0,3,clip_frozen
10466,healthstagram_0038.png,4,0,3,clip_frozen
10467,healthstagram_0038.png,4,3,3,clip_frozen
10468,healthstagram_0038.png,0,0,3,clip_frozen
10469,healthstagram_0038.png,0,0,3,clip_frozen
10470,healthstagram_0038.png,0,0,3,clip_frozen
10506,healthstagram_0042.png,1,4,3,clip_frozen
10507,healthstagram_0042.png,2,2,3,clip_frozen
10508,healthstagram_0042.png,1,3,3,clip_frozen
10509,healthstagram_0042.png,0,4,3,clip_frozen
10510,healthstagram_0042.png,0,4,3,clip_frozen
10511,healthstagram_0046.png,4,3,3,clip_frozen
10560,healthstagram_0061.png,0,0,3,clip_frozen
10561,healthstagram_0061.png,0,0,3,clip_frozen
10562,healthstagram_0061.png,0,1,3,clip_frozen
10563,healthstagram_0061.png,0,1,3,clip_frozen
10564,healthstagram_0061.png,0,3,3,clip_frozen
10565,healthstagram_0061.png,0,1,3,clip_frozen
10566,healthstagram_0061.png,0,3,3,clip_frozen
10567,healthstagram_0061.png,0,1,3,clip_frozen
10568,healthstagram_0061.png,4,1,3,clip_frozen
10569,healthstagram_0061.png,2,1,3,clip_frozen
10570,healthstagram_0061.png,2,0,3,clip_frozen
10571,healthstagram_0061.png,2,0,3,clip_frozen
10572,healthstagram_0061.png,1,3,3,clip_frozen
10573,healthstagram_0061.png,0,0,3,clip_frozen
10574,healthstagram_0061.png,0,0,3,clip_frozen
10575,healthstagram_0061.png,1,1,3,clip_frozen
10576,healthstagram_0061.png,0,2,3,clip_frozen
10577,healthstagram_0061.png,0,0,3,clip_frozen
10578,healthstagram_0061.png,1,1,3,clip_frozen
10579,healthstagram_0061.png,4,0,3,clip_frozen
10580,healthstagram_0061.png,4,1,3,clip_frozen
10581,healthstagram_0061.png,0,0,3,clip_frozen
10582,healthstagram_0061.png,1,1,3,clip_frozen
10583,healthstagram_0061.png,2,3,3,clip_frozen
10584,healthstagram_0061.png,4,1,3,clip_frozen
10585,healthstagram_0061.png,3,0,3,clip_frozen
10586,healthstagram_0061.png,0,1,3,clip_frozen
10587,healthstagram_0061.png,1,1,3,clip_frozen
10588,healthstagram_0061.png,3,1,3,clip_frozen
10636,healthstagram_0074.png,4,2,3,clip_frozen
10648,healthstagram_0084.png,3,1,3,clip_frozen
10649,healthstagram_0084.png,3,1,3,clip_frozen
10728,healthstagram_0092.png,4,2,3,clip_frozen
10729,healthstagram_0092.png,1,2,3,clip_frozen
10730,healthstagram_0092.png,2,0,3,clip_frozen
10731,healthstagram_0092.png,3,2,3,clip_frozen
10732,healthstagram_0092.png,3,0,3,clip_frozen
10733,healthstagram_0092.png,2,0,3,clip_frozen
10734,healthstagram_0092.png,2,2,3,clip_frozen
10735,healthstagram_0092.png,1,2,3,clip_frozen
10736,healthstagram_0092.png,2,0,3,clip_frozen
10737,healthstagram_0092.png,4,0,3,clip_frozen
10738,healthstagram_0092.png,0,2,3,clip_frozen
10739,healthstagram_0092.png,1,0,3,clip_frozen
10740,healthstagram_0092.png,2,2,3,clip_frozen
10741,healthstagram_0092.png,1,0,3,clip_frozen
10742,healthstagram_0092.png,1,2,3,clip_frozen
10743,healthstagram_0092.png,1,2,3,clip_frozen
10744,healthstagram_0092.png,2,2,3,clip_frozen
10745,healthstagram_0092.png,2,0,3,clip_frozen
10746,healthstagram_0092.png,4,2,3,clip_frozen
10747,healthstagram_0092.png,4,2,3,clip_frozen
10748,healthstagram_0092.png,2,2,3,clip_frozen
10749,healthstagram_0092.png,4,2,3,clip_frozen
10750,healthstagram_0092.png,4,3,3,clip_frozen
10751,healthstagram_0092.png,4,0,3,clip_frozen
10752,healthstagram_0092.png,1,0,3,clip_frozen
10753,healthstagram_0092.png,1,2,3,clip_frozen
10754,healthstagram_0092.png,4,2,3,clip_frozen
10755,healthstagram_0092.png,3,2,3,clip_frozen
10756,healthstagram_0092.png,3,2,3,clip_frozen
10757,healthstagram_0092.png,1,1,3,clip_frozen
10790,ounwan_0004.png,0,0,3,clip_frozen
10791,ounwan_0004.png,0,0,3,clip_frozen
10792,ounwan_0004.png,3,0,3,clip_frozen
10793,ounwan_0004.png,3,0,3,clip_frozen
10794,ounwan_0004.png,4,0,3,clip_frozen
10795,ounwan_0004.png,4,0,3,clip_frozen
10796,ounwan_0004.png,4,0,3,clip_frozen
10797,ounwan_0004.png,4,0,3,clip_frozen
10798,ounwan_0004.png,3,0,3,clip_frozen
10938,ounwan_0025.png,1,0,3,clip_frozen
10939,ounwan_0029.png,1,2,3,clip_frozen
10940,ounwan_0029.png,1,3,3,clip_frozen
10941,ounwan_0029.png,1,3,3,clip_frozen
10942,ounwan_0029.png,3,2,3,clip_frozen
10943,ounwan_0029.png,1,1,3,clip_frozen
10944,ounwan_0029.png,1,1,3,clip_frozen
10945,ounwan_0029.png,1,1,3,clip_frozen
10946,ounwan_0029.png,1,1,3,clip_frozen
11142,ounwan_0063.png,0,2,3,clip_frozen
11143,ounwan_0063.png,0,2,3,clip_frozen
11144,ounwan_0063.png,0,1,3,clip_frozen
11145,ounwan_0063.png,0,1,3,clip_frozen
11146,ounwan_0063.png,0,1,3,clip_frozen
11147,ounwan_0063.png,1,2,3,clip_frozen
11148,ounwan_0063.png,1,1,3,clip_frozen
11149,ounwan_0063.png,1,2,3,clip_frozen
11150,ounwan_0063.png,1,2,3,clip_frozen
11151,ounwan_0063.png,2,3,3,clip_frozen
11152,ounwan_0063.png,0,2,3,clip_frozen
11153,ounwan_0063.png,1,3,3,clip_frozen
11277,ounwan_0079.png,2,2,3,clip_frozen
11278,ounwan_0079.png,4,2,3,clip_frozen
11279,ounwan_0079.png,2,0,3,clip_frozen
11303,ounwan_0082.png,1,1,3,clip_frozen
11304,ounwan_0082.png,4,1,3,clip_frozen
11305,ounwan_0082.png,2,2,3,clip_frozen
11306,ounwan_0082.png,3,3,3,clip_frozen
11318,ounwan_0088.png,4,1,3,clip_frozen
11319,ounwan_0088.png,3,1,3,clip_frozen
11320,ounwan_0088.png,2,1,3,clip_frozen
11321,ounwan_0088.png,0,1,3,clip_frozen
11322,ounwan_0088.png,3,1,3,clip_frozen
11323,ounwan_0088.png,4,3,3,clip_frozen
11324,ounwan_0088.png,0,1,3,clip_frozen
11325,ounwan_0088.png,0,1,3,clip_frozen
11326,ounwan_0088.png,1,1,3,clip_frozen
11507,dietfood_0021.png,0,4,3,clip_frozen
11508,dietfood_0021.png,0,4,3,clip_frozen
11509,dietfood_0021.png,0,3,3,clip_frozen
11510,dietfood_0021.png,2,3,3,clip_frozen
11511,dietfood_0021.png,2,4,3,clip_frozen
11512,dietfood_0021.png,0,4,3,clip_frozen
11519,dietfood_0025.png,4,4,3,clip_frozen
11520,dietfood_0025.png,4,4,3,clip_frozen
11521,dietfood_0025.png,4,3,3,clip_frozen
11522,dietfood_0025.png,4,4,3,clip_frozen
11523,dietfood_0025.png,3,4,3,clip_frozen
11524,dietfood_0025.png,4,4,3,clip_frozen
11525,dietfood_0025.png,4,4,3,clip_frozen
11526,dietfood_0025.png,2,4,3,clip_frozen
11527,dietfood_0025.png,3,4,3,clip_frozen
11528,dietfood_0025.png,4,4,3,clip_frozen
11582,dietfood_0033.png,4,4,3,clip_frozen
11583,dietfood_0033.png,3,3,3,clip_frozen
11584,dietfood_0033.png,3,4,3,clip_frozen
11585,dietfood_0033.png,2,4,3,clip_frozen
11586,dietfood_0033.png,4,3,3,clip_frozen
11587,dietfood_0033.png,2,4,3,clip_frozen
11588,dietfood_0033.png,4,4,3,clip_frozen
11589,dietfood_0033.png,3,4,3,clip_frozen
11590,dietfood_0033.png,3,3,3,clip_frozen
11591,dietfood_0033.png,2,3,3,clip_frozen
11615,dietfood_0036.png,4,3,3,clip_frozen
11616,dietfood_0036.png,2,3,3,clip_frozen
11617,dietfood_0036.png,3,3,3,clip_frozen
11618,dietfood_0036.png,2,3,3,clip_frozen
11619,dietfood_0036.png,2,3,3,clip_frozen
11620,dietfood_0036.png,2,3,3,clip_frozen
11621,dietfood_0036.png,1,3,3,clip_frozen
11622,dietfood_0036.png,1,3,3,clip_frozen
11623,dietfood_0036.png,1,3,3,clip_frozen
11624,dietfood_0036.png,2,3,3,clip_frozen
11625,dietfood_0036.png,1,3,3,clip_frozen
11680,dietfood_0052.png,3,4,3,clip_frozen
11681,dietfood_0052.png,4,4,3,clip_frozen
11682,dietfood_0052.png,4,4,3,clip_frozen
11683,dietfood_0052.png,3,4,3,clip_frozen
11684,dietfood_0052.png,2,4,3,clip_frozen
11685,dietfood_0052.png,3,4,3,clip_frozen
11686,dietfood_0052.png,2,3,3,clip_frozen
11687,dietfood_0052.png,0,4,3,clip_frozen
11801,dietfood_0069.png,2,4,3,clip_frozen
11802,dietfood_0069.png,4,4,3,clip_frozen
11803,dietfood_0069.png,4,4,3,clip_frozen
11804,dietfood_0069.png,1,4,3,clip_frozen
11805,dietfood_0069.png,2,4,3,clip_frozen
11869,dietfood_0078.png,4,4,3,clip_frozen
11870,dietfood_0078.png,4,4,3,clip_frozen
11871,dietfood_0078.png,4,4,3,clip_frozen
11872,dietfood_0078.png,3,4,3,clip_frozen
11911,dietfood_0085.png,4,4,3,clip_frozen
11912,dietfood_0085.png,4,4,3,clip_frozen
11913,dietfood_0085.png,3,4,3,clip_frozen
11914,dietfood_0085.png,3,4,3,clip_frozen
11915,dietfood_0085.png,3,4,3,clip_frozen
11955,dietfood_0093.png,4,4,3,clip_frozen
11956,dietfood_0093.png,4,4,3,clip_frozen
11957,dietfood_0093.png,3,4,3,clip_frozen
11958,dietfood_0093.png,2,4,3,clip_frozen
11959,dietfood_0093.png,3,4,3,clip_frozen
11960,dietfood_0093.png,2,4,3,clip_frozen
11961,dietfood_0093.png,4,4,3,clip_frozen
11962,dietfood_0093.png,3,4,3,clip_frozen
11963,dietfood_0093.png,3,4,3,clip_frozen
11964,dietfood_0093.png,3,4,3,clip_frozen
11965,dietfood_0093.png,3,4,3,clip_frozen
11966,dietfood_0093.png,2,4,3,clip_frozen
11967,dietfood_0093.png,1,4,3,clip_frozen
11968,dietfood_0093.png,1,4,3,clip_frozen
11969,dietfood_0093.png,3,4,3,clip_frozen
11970,dietfood_0093.png,3,4,3,clip_frozen
11971,dietfood_0093.png,3,4,3,clip_frozen
11972,dietfood_0093.png,2,4,3,clip_frozen
11973,dietfood_0093.png,2,4,3,clip_frozen
11974,dietfood_0093.png,4,4,3,clip_frozen
11975,dietfood_0093.png,2,4,3,clip_frozen
11980,dietfood_0095.png,0,4,3,clip_frozen
11981,dietfood_0095.png,3,4,3,clip_frozen
11982,dietfood_0095.png,4,4,3,clip_frozen
11983,dietfood_0095.png,4,4,3,clip_frozen
11989,dietfood_0097.png,4,4,3,clip_frozen
11990,dietfood_0097.png,3,4,3,clip_frozen
11991,dietfood_0097.png,4,4,3,clip_frozen
11992,dietfood_0097.png,4,3,3,clip_frozen
11993,dietfood_0097.png,4,4,3,clip_frozen
11994,dietfood_0097.png,4,4,3,clip_frozen
11995,dietfood_0097.png,4,4,3,clip_frozen
11996,dietfood_0097.png,3,3,3,clip_frozen
11997,dietfood_0097.png,4,4,3,clip_frozen
11998,dietfood_0097.png,4,4,3,clip_frozen
11999,dietfood_0097.png,3,4,3,clip_frozen
34,ai_0009.png,2,4,4,clip_frozen
35,ai_0009.png,3,0,4,clip_frozen
36,ai_0009.png,3,4,4,clip_frozen
37,ai_0009.png,2,0,4,clip_frozen
38,ai_0009.png,1,4,4,clip_frozen
39,ai_0009.png,2,4,4,clip_frozen
40,ai_0009.png,1,4,4,clip_frozen
41,ai_0009.png,4,0,4,clip_frozen
42,ai_0009.png,4,4,4,clip_frozen
43,ai_0009.png,3,4,4,clip_frozen
44,ai_0009.png,3,0,4,clip_frozen
157,ai_0018.png,4,4,4,clip_frozen
158,ai_0018.png,4,4,4,clip_frozen
159,ai_0018.png,4,4,4,clip_frozen
160,ai_0018.png,4,4,4,clip_frozen
161,ai_0018.png,3,4,4,clip_frozen
162,ai_0018.png,4,4,4,clip_frozen
163,ai_0018.png,4,4,4,clip_frozen
164,ai_0018.png,4,4,4,clip_frozen
165,ai_0018.png,1,4,4,clip_frozen
166,ai_0018.png,1,4,4,clip_frozen
167,ai_0018.png,2,4,4,clip_frozen
168,ai_0018.png,2,4,4,clip_frozen
169,ai_0018.png,2,4,4,clip_frozen
170,ai_0018.png,3,4,4,clip_frozen
171,ai_0018.png,4,4,4,clip_frozen
172,ai_0018.png,3,4,4,clip_frozen
173,ai_0018.png,2,4,4,clip_frozen
174,ai_0018.png,2,4,4,clip_frozen
175,ai_0018.png,3,4,4,clip_frozen
176,ai_0018.png,2,4,4,clip_frozen
177,ai_0018.png,4,4,4,clip_frozen
178,ai_0018.png,4,4,4,clip_frozen
179,ai_0018.png,4,4,4,clip_frozen
180,ai_0018.png,4,4,4,clip_frozen
181,ai_0018.png,3,4,4,clip_frozen
182,ai_0018.png,3,4,4,clip_frozen
183,ai_0018.png,3,4,4,clip_frozen
184,ai_0018.png,1,4,4,clip_frozen
185,ai_0018.png,3,4,4,clip_frozen
186,ai_0018.png,3,4,4,clip_frozen
263,domesticTravel_0007.png,3,0,4,clip_frozen
321,domesticTravel_0017.png,4,0,4,clip_frozen
322,domesticTravel_0017.png,4,0,4,clip_frozen
323,domesticTravel_0017.png,4,0,4,clip_frozen
324,domesticTravel_0020.png,2,0,4,clip_frozen
353,fall_0002.png,4,4,4,clip_frozen
354,fall_0002.png,1,4,4,clip_frozen
355,fall_0002.png,0,0,4,clip_frozen
356,fall_0002.png,1,0,4,clip_frozen
357,fall_0002.png,4,1,4,clip_frozen
358,fall_0002.png,4,0,4,clip_frozen
359,fall_0002.png,3,4,4,clip_frozen
360,fall_0002.png,2,0,4,clip_frozen
361,fall_0002.png,2,0,4,clip_frozen
362,fall_0002.png,1,0,4,clip_frozen
363,fall_0002.png,1,0,4,clip_frozen
364,fall_0002.png,3,0,4,clip_frozen
365,fall_0002.png,3,4,4,clip_frozen
366,fall_0002.png,1,4,4,clip_frozen
417,fall_0010.png,4,1,4,clip_frozen
418,fall_0010.png,1,1,4,clip_frozen
419,fall_0010.png,4,1,4,clip_frozen
420,fall_0010.png,4,1,4,clip_frozen
421,fall_0010.png,1,1,4,clip_frozen
422,fall_0010.png,1,1,4,clip_frozen
423,fall_0012.png,4,4,4,clip_frozen
424,fall_0012.png,2,3,4,clip_frozen
425,fall_0012.png,4,2,4,clip_frozen
426,fall_0012.png,1,4,4,clip_frozen
427,fall_0012.png,1,4,4,clip_frozen
428,fall_0012.png,1,4,4,clip_frozen
429,fall_0012.png,2,3,4,clip_frozen
430,fall_0012.png,1,4,4,clip_frozen
431,fall_0012.png,1,4,4,clip_frozen
432,fall_0012.png,3,3,4,clip_frozen
433,fall_0012.png,4,3,4,clip_frozen
434,fall_0012.png,2,4,4,clip_frozen
435,fall_0012.png,3,4,4,clip_frozen
436,fall_0012.png,1,3,4,clip_frozen
437,fall_0012.png,1,3,4,clip_frozen
438,fall_0012.png,2,3,4,clip_frozen
537,fall_0022.png,4,0,4,clip_frozen
538,fall_0022.png,3,0,4,clip_frozen
539,fall_0022.png,4,0,4,clip_frozen
540,fall_0022.png,4,0,4,clip_frozen
541,fall_0022.png,4,0,4,clip_frozen
542,fall_0022.png,3,0,4,clip_frozen
543,fall_0022.png,0,0,4,clip_frozen
544,fall_0022.png,3,4,4,clip_frozen
545,fall_0022.png,2,0,4,clip_frozen
546,fall_0022.png,3,0,4,clip_frozen
547,fall_0022.png,3,4,4,clip_frozen
548,fall_0022.png,3,4,4,clip_frozen
549,fall_0022.png,3,4,4,clip_frozen
550,fall_0022.png,3,4,4,clip_frozen
551,fall_0022.png,2,0,4,clip_frozen
552,fall_0022.png,2,0,4,clip_frozen
553,fall_0022.png,1,0,4,clip_frozen
554,fall_0022.png,1,0,4,clip_frozen
555,fall_0022.png,2,0,4,clip_frozen
556,fall_0022.png,3,0,4,clip_frozen
557,fall_0022.png,4,4,4,clip_frozen
558,fall_0022.png,2,0,4,clip_frozen
702,fashion_0021.png,1,1,4,clip_frozen
703,fashion_0021.png,1,4,4,clip_frozen
704,fashion_0021.png,3,3,4,clip_frozen
705,fashion_0021.png,2,1,4,clip_frozen
706,fashion_0021.png,2,1,4,clip_frozen
707,fashion_0021.png,0,1,4,clip_frozen
708,fashion_0021.png,0,1,4,clip_frozen
709,fashion_0021.png,3,4,4,clip_frozen
710,fashion_0021.png,2,4,4,clip_frozen
711,fashion_0021.png,2,3,4,clip_frozen
712,fashion_0021.png,4,3,4,clip_frozen
713,fashion_0021.png,3,1,4,clip_frozen
714,fashion_0021.png,2,1,4,clip_frozen
715,movie_0001.png,4,4,4,clip_frozen
716,movie_0001.png,4,4,4,clip_frozen
717,movie_0001.png,4,4,4,clip_frozen
718,movie_0001.png,4,4,4,clip_frozen
719,movie_0001.png,3,4,4,clip_frozen
720,movie_0001.png,2,4,4,clip_frozen
721,movie_0001.png,2,4,4,clip_frozen
722,movie_0001.png,1,4,4,clip_frozen
723,movie_0001.png,1,4,4,clip_frozen
724,movie_0001.png,4,3,4,clip_frozen
725,movie_0001.png,3,3,4,clip_frozen
753,movie_0005.png,4,4,4,clip_frozen
754,movie_0005.png,4,4,4,clip_frozen
755,movie_0005.png,4,4,4,clip_frozen
756,movie_0005.png,1,4,4,clip_frozen
757,movie_0005.png,2,4,4,clip_frozen
758,movie_0005.png,1,4,4,clip_frozen
759,movie_0005.png,1,4,4,clip_frozen
760,movie_0005.png,1,4,4,clip_frozen
761,movie_0005.png,1,3,4,clip_frozen
762,movie_0005.png,3,4,4,clip_frozen
782,movie_0010.png,4,4,4,clip_frozen
783,movie_0010.png,4,3,4,clip_frozen
784,movie_0010.png,4,4,4,clip_frozen
785,movie_0010.png,4,4,4,clip_frozen
786,movie_0010.png,3,4,4,clip_frozen
787,movie_0010.png,1,4,4,clip_frozen
788,movie_0010.png,3,4,4,clip_frozen
789,movie_0010.png,3,4,4,clip_frozen
790,movie_0010.png,3,4,4,clip_frozen
791,movie_0010.png,3,4,4,clip_frozen
792,movie_0010.png,4,3,4,clip_frozen
793,movie_0010.png,3,3,4,clip_frozen
805,movie_0014.png,4,4,4,clip_frozen
806,movie_0014.png,4,4,4,clip_frozen
807,movie_0014.png,1,4,4,clip_frozen
808,movie_0014.png,1,4,4,clip_frozen
809,movie_0014.png,2,4,4,clip_frozen
810,movie_0014.png,2,4,4,clip_frozen
811,movie_0014.png,4,3,4,clip_frozen
812,movie_0014.png,2,4,4,clip_frozen
888,movie_0021.png,1,1,4,clip_frozen
889,movie_0021.png,1,1,4,clip_frozen
890,movie_0021.png,1,3,4,clip_frozen
891,movie_0021.png,2,1,4,clip_frozen
892,movie_0021.png,4,1,4,clip_frozen
893,movie_0021.png,4,4,4,clip_frozen
894,movie_0021.png,3,4,4,clip_frozen
895,movie_0021.png,2,1,4,clip_frozen
896,movie_0021.png,1,1,4,clip_frozen
897,movie_0021.png,1,1,4,clip_frozen
898,movie_0021.png,4,1,4,clip_frozen
899,movie_0021.png,4,1,4,clip_frozen
900,movie_0021.png,3,1,4,clip_frozen
901,movie_0021.png,3,1,4,clip_frozen
902,movie_0021.png,3,1,4,clip_frozen
903,movie_0021.png,1,1,4,clip_frozen
904,movie_0021.png,1,1,4,clip_frozen
905,movie_0021.png,1,1,4,clip_frozen
906,movie_0021.png,4,1,4,clip_frozen
907,movie_0021.png,4,1,4,clip_frozen
908,movie_0021.png,2,1,4,clip_frozen
909,movie_0021.png,1,1,4,clip_frozen
910,movie_0021.png,1,1,4,clip_frozen
911,movie_0021.png,2,4,4,clip_frozen
912,movie_0021.png,1,1,4,clip_frozen
913,movie_0021.png,1,1,4,clip_frozen
914,movie_0021.png,1,1,4,clip_frozen
915,movie_0021.png,1,1,4,clip_frozen
916,movie_0021.png,4,1,4,clip_frozen
917,movie_0021.png,0,1,4,clip_frozen
935,olive_0002.png,1,3,4,clip_frozen
936,olive_0002.png,1,3,4,clip_frozen
937,olive_0002.png,2,3,4,clip_frozen
938,olive_0002.png,1,3,4,clip_frozen
939,olive_0002.png,1,3,4,clip_frozen
940,olive_0002.png,0,4,4,clip_frozen
941,olive_0002.png,0,3,4,clip_frozen
942,olive_0002.png,0,3,4,clip_frozen
943,olive_0002.png,2,3,4,clip_frozen
944,olive_0002.png,2,3,4,clip_frozen
945,olive_0002.png,0,4,4,clip_frozen
946,olive_0002.png,2,4,4,clip_frozen
947,olive_0002.png,3,3,4,clip_frozen
1068,olive_0019.png,4,1,4,clip_frozen
1170,restaurant_0011.png,1,3,4,clip_frozen
1171,restaurant_0011.png,2,4,4,clip_frozen
1172,restaurant_0011.png,3,4,4,clip_frozen
1173,restaurant_0011.png,4,4,4,clip_frozen
1174,restaurant_0011.png,4,4,4,clip_frozen
1175,restaurant_0011.png,2,3,4,clip_frozen
1176,restaurant_0011.png,3,3,4,clip_frozen
1380,zerokal_0005.png,0,4,4,clip_frozen
1381,zerokal_0005.png,4,4,4,clip_frozen
1382,zerokal_0005.png,4,3,4,clip_frozen
1383,zerokal_0005.png,1,4,4,clip_frozen
1384,zerokal_0005.png,1,4,4,clip_frozen
1385,zerokal_0005.png,2,4,4,clip_frozen
1386,zerokal_0005.png,0,4,4,clip_frozen
1387,zerokal_0005.png,1,4,4,clip_frozen
1388,zerokal_0005.png,4,4,4,clip_frozen
1389,zerokal_0005.png,4,4,4,clip_frozen
1390,zerokal_0006.png,1,1,4,clip_frozen
1391,zerokal_0006.png,4,1,4,clip_frozen
1392,zerokal_0006.png,4,1,4,clip_frozen
1393,zerokal_0006.png,1,1,4,clip_frozen
1394,zerokal_0006.png,4,1,4,clip_frozen
1395,zerokal_0006.png,1,1,4,clip_frozen
1396,zerokal_0006.png,1,1,4,clip_frozen
1397,zerokal_0006.png,1,1,4,clip_frozen
1398,zerokal_0006.png,1,1,4,clip_frozen
1399,zerokal_0006.png,1,1,4,clip_frozen
1400,zerokal_0006.png,1,1,4,clip_frozen
1401,zerokal_0006.png,1,1,4,clip_frozen
1402,zerokal_0006.png,3,1,4,clip_frozen
1403,zerokal_0006.png,3,1,4,clip_frozen
1404,zerokal_0006.png,1,1,4,clip_frozen
1405,zerokal_0006.png,1,1,4,clip_frozen
1406,zerokal_0006.png,2,1,4,clip_frozen
1407,zerokal_0006.png,4,1,4,clip_frozen
1435,zerokal_0010.png,2,1,4,clip_frozen
1436,zerokal_0010.png,4,1,4,clip_frozen
1578,travelgram_0017.png,4,0,4,clip_frozen
1579,travelgram_0017.png,4,3,4,clip_frozen
1580,travelgram_0017.png,4,0,4,clip_frozen
1581,travelgram_0017.png,4,0,4,clip_frozen
1582,travelgram_0017.png,4,0,4,clip_frozen
1630,travelgram_0025.png,2,3,4,clip_frozen
1631,travelgram_0025.png,4,3,4,clip_frozen
1632,travelgram_0025.png,0,3,4,clip_frozen
1633,travelgram_0025.png,0,3,4,clip_frozen
1639,travelgram_0033.png,2,0,4,clip_frozen
1640,travelgram_0033.png,4,1,4,clip_frozen
1641,travelgram_0033.png,3,1,4,clip_frozen
1642,travelgram_0033.png,4,1,4,clip_frozen
1692,travelgram_0054.png,1,1,4,clip_frozen
1693,travelgram_0054.png,2,1,4,clip_frozen
1694,travelgram_0054.png,2,1,4,clip_frozen
1737,travelgram_0064.png,4,0,4,clip_frozen
1738,travelgram_0064.png,3,1,4,clip_frozen
1739,travelgram_0064.png,3,3,4,clip_frozen
1740,travelgram_0064.png,4,4,4,clip_frozen
1744,travelgram_0068.png,4,0,4,clip_frozen
1745,travelgram_0068.png,4,0,4,clip_frozen
1762,travelgram_0071.png,0,4,4,clip_frozen
1763,travelgram_0071.png,0,4,4,clip_frozen
1764,travelgram_0071.png,0,4,4,clip_frozen
1765,travelgram_0071.png,0,4,4,clip_frozen
1766,travelgram_0071.png,1,4,4,clip_frozen
1778,travelgram_0081.png,1,1,4,clip_frozen
1779,travelgram_0081.png,1,0,4,clip_frozen
1780,travelgram_0081.png,0,0,4,clip_frozen
1781,travelgram_0081.png,2,3,4,clip_frozen
1782,travelgram_0081.png,2,1,4,clip_frozen
1783,travelgram_0081.png,1,1,4,clip_frozen
1784,travelgram_0081.png,1,1,4,clip_frozen
1785,travelgram_0081.png,1,1,4,clip_frozen
1786,travelgram_0081.png,2,0,4,clip_frozen
1787,travelgram_0081.png,2,0,4,clip_frozen
1788,travelgram_0082.png,4,1,4,clip_frozen
1789,travelgram_0082.png,4,1,4,clip_frozen
1790,travelgram_0082.png,3,0,4,clip_frozen
1791,travelgram_0082.png,3,1,4,clip_frozen
1792,travelgram_0082.png,3,0,4,clip_frozen
1793,travelgram_0082.png,3,1,4,clip_frozen
1794,travelgram_0082.png,3,3,4,clip_frozen
1795,travelgram_0082.png,2,1,4,clip_frozen
1796,travelgram_0082.png,3,0,4,clip_frozen
1797,travelgram_0082.png,2,0,4,clip_frozen
1798,travelgram_0082.png,2,0,4,clip_frozen
1799,travelgram_0082.png,3,3,4,clip_frozen
1800,travelgram_0082.png,2,0,4,clip_frozen
1801,travelgram_0082.png,1,1,4,clip_frozen
1802,travelgram_0082.png,1,0,4,clip_frozen
1803,travelgram_0082.png,1,3,4,clip_frozen
1804,travelgram_0082.png,1,0,4,clip_frozen
1805,travelgram_0082.png,1,0,4,clip_frozen
1806,travelgram_0082.png,2,0,4,clip_frozen
1807,travelgram_0082.png,2,1,4,clip_frozen
1808,travelgram_0082.png,2,3,4,clip_frozen
1809,travelgram_0082.png,2,3,4,clip_frozen
1810,travelgram_0082.png,2,0,4,clip_frozen
1811,travelgram_0082.png,1,0,4,clip_frozen
1812,travelgram_0082.png,1,0,4,clip_frozen
1813,travelgram_0082.png,1,0,4,clip_frozen
1814,travelgram_0082.png,1,0,4,clip_frozen
1815,travelgram_0082.png,0,0,4,clip_frozen
1816,travelgram_0082.png,2,0,4,clip_frozen
1854,travelgram_0092.png,3,1,4,clip_frozen
1855,travelgram_0092.png,3,3,4,clip_frozen
1856,travelgram_0092.png,4,1,4,clip_frozen
1867,travelgram_0098.png,3,1,4,clip_frozen
1868,travelgram_0098.png,3,1,4,clip_frozen
1869,travelgram_0100.png,3,4,4,clip_frozen
1870,travelgram_0100.png,3,3,4,clip_frozen
1871,travelgram_0100.png,4,4,4,clip_frozen
1872,travelgram_0100.png,3,3,4,clip_frozen
1873,travelgram_0100.png,2,4,4,clip_frozen
1905,solotravel_0012.png,3,3,4,clip_frozen
1906,solotravel_0012.png,3,4,4,clip_frozen
1907,solotravel_0012.png,2,3,4,clip_frozen
1908,solotravel_0012.png,2,4,4,clip_frozen
1909,solotravel_0012.png,1,3,4,clip_frozen
1920,solotravel_0020.png,4,4,4,clip_frozen
1921,solotravel_0020.png,4,4,4,clip_frozen
1922,solotravel_0020.png,4,4,4,clip_frozen
1923,solotravel_0020.png,4,4,4,clip_frozen
1924,solotravel_0020.png,2,4,4,clip_frozen
1985,solotravel_0040.png,1,3,4,clip_frozen
1986,solotravel_0040.png,2,4,4,clip_frozen
1987,solotravel_0040.png,3,3,4,clip_frozen
1988,solotravel_0040.png,2,3,4,clip_frozen
1989,solotravel_0040.png,1,3,4,clip_frozen
1990,solotravel_0040.png,3,4,4,clip_frozen
1991,solotravel_0040.png,4,3,4,clip_frozen
1992,solotravel_0040.png,1,3,4,clip_frozen
2027,solotravel_0047.png,3,3,4,clip_frozen
2028,solotravel_0047.png,4,0,4,clip_frozen
2029,solotravel_0047.png,1,0,4,clip_frozen
2030,solotravel_0047.png,2,3,4,clip_frozen
2031,solotravel_0047.png,1,0,4,clip_frozen
2032,solotravel_0047.png,1,0,4,clip_frozen
2033,solotravel_0047.png,2,0,4,clip_frozen
2034,solotravel_0047.png,2,1,4,clip_frozen
2035,solotravel_0047.png,0,1,4,clip_frozen
2036,solotravel_0047.png,0,3,4,clip_frozen
2037,solotravel_0047.png,0,0,4,clip_frozen
2038,solotravel_0048.png,4,4,4,clip_frozen
2039,solotravel_0048.png,4,3,4,clip_frozen
2040,solotravel_0048.png,4,4,4,clip_frozen
2041,solotravel_0048.png,3,4,4,clip_frozen
2042,solotravel_0048.png,3,3,4,clip_frozen
2043,solotravel_0048.png,4,4,4,clip_frozen
2044,solotravel_0048.png,2,4,4,clip_frozen
2045,solotravel_0048.png,4,4,4,clip_frozen
2046,solotravel_0048.png,4,4,4,clip_frozen
2047,solotravel_0048.png,3,4,4,clip_frozen
2048,solotravel_0048.png,3,3,4,clip_frozen
2049,solotravel_0048.png,3,3,4,clip_frozen
2050,solotravel_0048.png,4,3,4,clip_frozen
2051,solotravel_0048.png,1,4,4,clip_frozen
2140,solotravel_0069.png,4,3,4,clip_frozen
2141,solotravel_0069.png,3,4,4,clip_frozen
2142,solotravel_0069.png,4,4,4,clip_frozen
2143,solotravel_0069.png,0,4,4,clip_frozen
2144,solotravel_0069.png,0,4,4,clip_frozen
2145,solotravel_0069.png,0,4,4,clip_frozen
2146,solotravel_0069.png,1,4,4,clip_frozen
2147,solotravel_0069.png,0,4,4,clip_frozen
2148,solotravel_0069.png,1,4,4,clip_frozen
2149,solotravel_0069.png,0,3,4,clip_frozen
2150,solotravel_0069.png,0,4,4,clip_frozen
2151,solotravel_0070.png,1,3,4,clip_frozen
2152,solotravel_0070.png,4,3,4,clip_frozen
2153,solotravel_0070.png,4,3,4,clip_frozen
2176,solotravel_0076.png,4,4,4,clip_frozen
2177,solotravel_0076.png,4,4,4,clip_frozen
2178,solotravel_0076.png,4,4,4,clip_frozen
2204,solotravel_0084.png,3,4,4,clip_frozen
2205,solotravel_0084.png,4,4,4,clip_frozen
2206,solotravel_0084.png,3,4,4,clip_frozen
2207,solotravel_0084.png,3,4,4,clip_frozen
2208,solotravel_0084.png,4,4,4,clip_frozen
2236,solotravel_0096.png,4,4,4,clip_frozen
2237,solotravel_0096.png,4,4,4,clip_frozen
2238,solotravel_0096.png,3,4,4,clip_frozen
2239,solotravel_0096.png,1,4,4,clip_frozen
2240,solotravel_0096.png,2,4,4,clip_frozen
2253,travel_0002.png,4,3,4,clip_frozen
2254,travel_0002.png,4,4,4,clip_frozen
2255,travel_0002.png,3,3,4,clip_frozen
2256,travel_0002.png,1,4,4,clip_frozen
2257,travel_0002.png,3,3,4,clip_frozen
2268,travel_0005.png,4,0,4,clip_frozen
2269,travel_0005.png,0,1,4,clip_frozen
2270,travel_0005.png,0,1,4,clip_frozen
2271,travel_0005.png,1,0,4,clip_frozen
2272,travel_0005.png,3,3,4,clip_frozen
2273,travel_0005.png,3,0,4,clip_frozen
2274,travel_0005.png,1,0,4,clip_frozen
2275,travel_0005.png,0,1,4,clip_frozen
2276,travel_0005.png,1,0,4,clip_frozen
2277,travel_0005.png,1,0,4,clip_frozen
2278,travel_0005.png,0,0,4,clip_frozen
2281,travel_0009.png,4,1,4,clip_frozen
2282,travel_0009.png,3,1,4,clip_frozen
2283,travel_0009.png,3,1,4,clip_frozen
2284,travel_0009.png,3,1,4,clip_frozen
2416,travel_0047.png,0,4,4,clip_frozen
2417,travel_0047.png,4,4,4,clip_frozen
2418,travel_0047.png,3,4,4,clip_frozen
2419,travel_0047.png,1,4,4,clip_frozen
2420,travel_0047.png,2,4,4,clip_frozen
2436,travel_0050.png,4,3,4,clip_frozen
2437,travel_0050.png,3,3,4,clip_frozen
2438,travel_0050.png,2,3,4,clip_frozen
2439,travel_0050.png,2,3,4,clip_frozen
2440,travel_0050.png,3,3,4,clip_frozen
2441,travel_0051.png,4,3,4,clip_frozen
2442,travel_0051.png,4,3,4,clip_frozen
2443,travel_0051.png,4,3,4,clip_frozen
2444,travel_0051.png,3,3,4,clip_frozen
2445,travel_0051.png,2,3,4,clip_frozen
2446,travel_0051.png,4,3,4,clip_frozen
2447,travel_0051.png,3,3,4,clip_frozen
2448,travel_0051.png,3,3,4,clip_frozen
2449,travel_0051.png,4,3,4,clip_frozen
2450,travel_0051.png,4,3,4,clip_frozen
2451,travel_0051.png,1,3,4,clip_frozen
2452,travel_0051.png,2,3,4,clip_frozen
2453,travel_0051.png,3,3,4,clip_frozen
2454,travel_0051.png,1,3,4,clip_frozen
2455,travel_0051.png,4,3,4,clip_frozen
2456,travel_0051.png,3,3,4,clip_frozen
2457,travel_0051.png,4,3,4,clip_frozen
2458,travel_0051.png,4,3,4,clip_frozen
2459,travel_0051.png,4,3,4,clip_frozen
2460,travel_0051.png,3,3,4,clip_frozen
2461,travel_0053.png,1,1,4,clip_frozen
2462,travel_0053.png,3,1,4,clip_frozen
2463,travel_0053.png,1,3,4,clip_frozen
2464,travel_0053.png,1,0,4,clip_frozen
2465,travel_0053.png,2,0,4,clip_frozen
2466,travel_0053.png,1,0,4,clip_frozen
2467,travel_0053.png,1,1,4,clip_frozen
2468,travel_0056.png,1,1,4,clip_frozen
2469,travel_0056.png,3,1,4,clip_frozen
2470,travel_0056.png,2,1,4,clip_frozen
2471,travel_0056.png,0,1,4,clip_frozen
2472,travel_0056.png,0,1,4,clip_frozen
2486,travel_0061.png,0,0,4,clip_frozen
2487,travel_0061.png,0,0,4,clip_frozen
2488,travel_0061.png,1,0,4,clip_frozen
2489,travel_0061.png,0,0,4,clip_frozen
2490,travel_0061.png,0,0,4,clip_frozen
2491,travel_0061.png,1,0,4,clip_frozen
2492,travel_0061.png,0,0,4,clip_frozen
2493,travel_0061.png,1,0,4,clip_frozen
2494,travel_0061.png,0,0,4,clip_frozen
2495,travel_0061.png,3,0,4,clip_frozen
2496,travel_0061.png,1,0,4,clip_frozen
2497,travel_0061.png,0,0,4,clip_frozen
2498,travel_0061.png,0,0,4,clip_frozen
2499,travel_0061.png,0,0,4,clip_frozen
2500,travel_0061.png,0,0,4,clip_frozen
2501,travel_0061.png,0,0,4,clip_frozen
2502,travel_0061.png,0,3,4,clip_frozen
2503,travel_0061.png,0,0,4,clip_frozen
2504,travel_0061.png,0,0,4,clip_frozen
2505,travel_0061.png,0,0,4,clip_frozen
2506,travel_0061.png,1,0,4,clip_frozen
2507,travel_0061.png,0,2,4,clip_frozen
2508,travel_0061.png,2,0,4,clip_frozen
2509,travel_0061.png,2,3,4,clip_frozen
2510,travel_0061.png,1,0,4,clip_frozen
2511,travel_0061.png,1,0,4,clip_frozen
2563,travel_0076.png,3,3,4,clip_frozen
2564,travel_0076.png,2,3,4,clip_frozen
2565,travel_0076.png,4,3,4,clip_frozen
2566,travel_0076.png,3,2,4,clip_frozen
2567,travel_0076.png,4,3,4,clip_frozen
2568,travel_0076.png,2,3,4,clip_frozen
2569,travel_0076.png,4,3,4,clip_frozen
2570,travel_0076.png,1,3,4,clip_frozen
2571,travel_0076.png,4,3,4,clip_frozen
2572,travel_0076.png,2,3,4,clip_frozen
2573,travel_0076.png,2,3,4,clip_frozen
2574,travel_0076.png,1,3,4,clip_frozen
2575,travel_0076.png,2,3,4,clip_frozen
2576,travel_0076.png,4,3,4,clip_frozen
2587,travel_0079.png,4,4,4,clip_frozen
2588,travel_0079.png,3,4,4,clip_frozen
2589,travel_0079.png,4,0,4,clip_frozen
2590,travel_0079.png,0,4,4,clip_frozen
2604,travel_0085.png,4,3,4,clip_frozen
2605,travel_0085.png,4,3,4,clip_frozen
2606,travel_0085.png,2,1,4,clip_frozen
2607,travel_0085.png,0,0,4,clip_frozen
2608,travel_0085.png,1,1,4,clip_frozen
2612,travel_0087.png,3,4,4,clip_frozen
2613,travel_0087.png,2,3,4,clip_frozen
2614,travel_0087.png,3,4,4,clip_frozen
2615,travel_0087.png,1,4,4,clip_frozen
2616,travel_0087.png,2,4,4,clip_frozen
2617,travel_0090.png,0,0,4,clip_frozen
2618,travel_0090.png,4,4,4,clip_frozen
2619,travel_0090.png,3,4,4,clip_frozen
2620,travel_0090.png,3,4,4,clip_frozen
2621,travel_0090.png,2,4,4,clip_frozen
2622,travel_0090.png,4,0,4,clip_frozen
2623,travel_0090.png,4,0,4,clip_frozen
2624,travel_0090.png,0,0,4,clip_frozen
2732,foodstagram_0019.png,1,4,4,clip_frozen
2834,foodstagram_0035.png,4,4,4,clip_frozen
2835,foodstagram_0035.png,4,0,4,clip_frozen
2836,foodstagram_0035.png,4,4,4,clip_frozen
2837,foodstagram_0035.png,3,4,4,clip_frozen
2838,foodstagram_0035.png,3,3,4,clip_frozen
2852,foodstagram_0041.png,3,4,4,clip_frozen
2853,foodstagram_0041.png,2,0,4,clip_frozen
2854,foodstagram_0041.png,4,4,4,clip_frozen
2855,foodstagram_0041.png,4,4,4,clip_frozen
2856,foodstagram_0041.png,3,4,4,clip_frozen
2858,foodstagram_0044.png,4,4,4,clip_frozen
2859,foodstagram_0044.png,3,3,4,clip_frozen
2860,foodstagram_0044.png,4,3,4,clip_frozen
2861,foodstagram_0044.png,4,3,4,clip_frozen
2862,foodstagram_0044.png,1,4,4,clip_frozen
2888,foodstagram_0056.png,4,0,4,clip_frozen
2889,foodstagram_0056.png,4,0,4,clip_frozen
2890,foodstagram_0056.png,4,3,4,clip_frozen
2891,foodstagram_0056.png,1,4,4,clip_frozen
2892,foodstagram_0056.png,4,3,4,clip_frozen
2893,foodstagram_0056.png,1,4,4,clip_frozen
2931,foodstagram_0061.png,4,4,4,clip_frozen
2932,foodstagram_0061.png,4,4,4,clip_frozen
2933,foodstagram_0061.png,1,4,4,clip_frozen
2934,foodstagram_0061.png,1,4,4,clip_frozen
3004,foodstagram_0072.png,4,4,4,clip_frozen
3005,foodstagram_0072.png,4,4,4,clip_frozen
3006,foodstagram_0072.png,4,4,4,clip_frozen
3007,foodstagram_0072.png,3,3,4,clip_frozen
3014,foodstagram_0074.png,4,4,4,clip_frozen
3015,foodstagram_0074.png,3,3,4,clip_frozen
3016,foodstagram_0074.png,4,4,4,clip_frozen
3017,foodstagram_0074.png,4,3,4,clip_frozen
3018,foodstagram_0074.png,4,4,4,clip_frozen
3030,foodstagram_0081.png,3,3,4,clip_frozen
3031,foodstagram_0081.png,4,4,4,clip_frozen
3051,foodstagram_0089.png,4,3,4,clip_frozen
3057,foodstagram_0092.png,4,4,4,clip_frozen
3058,foodstagram_0092.png,4,4,4,clip_frozen
3059,foodstagram_0092.png,4,0,4,clip_frozen
3060,foodstagram_0092.png,4,4,4,clip_frozen
3061,foodstagram_0092.png,2,4,4,clip_frozen
3170,meokstagram_0010.png,4,0,4,clip_frozen
3171,meokstagram_0010.png,3,4,4,clip_frozen
3172,meokstagram_0011.png,4,4,4,clip_frozen
3173,meokstagram_0011.png,4,4,4,clip_frozen
3174,meokstagram_0011.png,3,3,4,clip_frozen
3175,meokstagram_0011.png,3,3,4,clip_frozen
3176,meokstagram_0011.png,4,4,4,clip_frozen
3177,meokstagram_0011.png,4,4,4,clip_frozen
3178,meokstagram_0011.png,2,4,4,clip_frozen
3200,meokstagram_0017.png,4,4,4,clip_frozen
3201,meokstagram_0017.png,4,4,4,clip_frozen
3202,meokstagram_0018.png,4,4,4,clip_frozen
3203,meokstagram_0018.png,4,0,4,clip_frozen
3204,meokstagram_0018.png,4,3,4,clip_frozen
3205,meokstagram_0018.png,4,4,4,clip_frozen
3206,meokstagram_0018.png,3,4,4,clip_frozen
3207,meokstagram_0018.png,4,4,4,clip_frozen
3208,meokstagram_0018.png,4,4,4,clip_frozen
3209,meokstagram_0018.png,4,4,4,clip_frozen
3210,meokstagram_0018.png,4,4,4,clip_frozen
3211,meokstagram_0018.png,4,0,4,clip_frozen
3212,meokstagram_0018.png,4,4,4,clip_frozen
3213,meokstagram_0018.png,4,4,4,clip_frozen
3214,meokstagram_0018.png,4,4,4,clip_frozen
3215,meokstagram_0018.png,4,4,4,clip_frozen
3216,meokstagram_0018.png,1,4,4,clip_frozen
3217,meokstagram_0018.png,1,4,4,clip_frozen
3218,meokstagram_0018.png,3,4,4,clip_frozen
3219,meokstagram_0018.png,3,4,4,clip_frozen
3220,meokstagram_0018.png,4,4,4,clip_frozen
3221,meokstagram_0018.png,4,3,4,clip_frozen
3222,meokstagram_0018.png,4,4,4,clip_frozen
3223,meokstagram_0018.png,4,4,4,clip_frozen
3224,meokstagram_0018.png,1,4,4,clip_frozen
3225,meokstagram_0018.png,4,4,4,clip_frozen
3226,meokstagram_0018.png,4,4,4,clip_frozen
3227,meokstagram_0018.png,1,4,4,clip_frozen
3228,meokstagram_0018.png,1,4,4,clip_frozen
3247,meokstagram_0026.png,4,4,4,clip_frozen
3286,meokstagram_0035.png,4,3,4,clip_frozen
3287,meokstagram_0035.png,3,4,4,clip_frozen
3288,meokstagram_0035.png,4,3,4,clip_frozen
3289,meokstagram_0035.png,3,4,4,clip_frozen
3290,meokstagram_0035.png,4,4,4,clip_frozen
3295,meokstagram_0040.png,4,4,4,clip_frozen
3296,meokstagram_0040.png,4,4,4,clip_frozen
3297,meokstagram_0040.png,3,2,4,clip_frozen
3298,meokstagram_0040.png,3,2,4,clip_frozen
3299,meokstagram_0040.png,3,2,4,clip_frozen
3300,meokstagram_0040.png,4,3,4,clip_frozen
3301,meokstagram_0040.png,4,3,4,clip_frozen
3314,meokstagram_0043.png,4,0,4,clip_frozen
3315,meokstagram_0043.png,4,0,4,clip_frozen
3339,meokstagram_0046.png,1,4,4,clip_frozen
3340,meokstagram_0046.png,4,4,4,clip_frozen
3341,meokstagram_0046.png,3,4,4,clip_frozen
3342,meokstagram_0046.png,3,3,4,clip_frozen
3343,meokstagram_0046.png,0,4,4,clip_frozen
3473,meokstagram_0066.png,4,4,4,clip_frozen
3474,meokstagram_0066.png,2,3,4,clip_frozen
3475,meokstagram_0066.png,3,3,4,clip_frozen
3476,meokstagram_0066.png,3,3,4,clip_frozen
3477,meokstagram_0067.png,4,4,4,clip_frozen
3478,meokstagram_0067.png,3,4,4,clip_frozen
3479,meokstagram_0067.png,4,4,4,clip_frozen
3480,meokstagram_0067.png,2,4,4,clip_frozen
3481,meokstagram_0067.png,2,4,4,clip_frozen
3506,meokstagram_0072.png,1,4,4,clip_frozen
3507,meokstagram_0072.png,4,4,4,clip_frozen
3508,meokstagram_0072.png,3,3,4,clip_frozen
3509,meokstagram_0072.png,3,3,4,clip_frozen
3510,meokstagram_0072.png,1,4,4,clip_frozen
3511,meokstagram_0072.png,1,4,4,clip_frozen
3512,meokstagram_0072.png,2,4,4,clip_frozen
3513,meokstagram_0072.png,1,4,4,clip_frozen
3514,meokstagram_0072.png,1,3,4,clip_frozen
3515,meokstagram_0072.png,4,3,4,clip_frozen
3516,meokstagram_0072.png,3,4,4,clip_frozen
3517,meokstagram_0072.png,3,3,4,clip_frozen
3518,meokstagram_0072.png,1,4,4,clip_frozen
3519,meokstagram_0072.png,1,4,4,clip_frozen
3520,meokstagram_0072.png,0,4,4,clip_frozen
3521,meokstagram_0072.png,1,4,4,clip_frozen
3522,meokstagram_0072.png,1,4,4,clip_frozen
3523,meokstagram_0072.png,1,4,4,clip_frozen
3524,meokstagram_0072.png,3,4,4,clip_frozen
3525,meokstagram_0072.png,4,4,4,clip_frozen
3526,meokstagram_0072.png,3,3,4,clip_frozen
3527,meokstagram_0072.png,3,3,4,clip_frozen
3528,meokstagram_0072.png,4,3,4,clip_frozen
3548,meokstagram_0074.png,3,3,4,clip_frozen
3549,meokstagram_0074.png,1,4,4,clip_frozen
3550,meokstagram_0074.png,3,4,4,clip_frozen
3551,meokstagram_0074.png,4,4,4,clip_frozen
3552,meokstagram_0074.png,4,4,4,clip_frozen
3554,meokstagram_0077.png,4,4,4,clip_frozen
3555,meokstagram_0077.png,3,4,4,clip_frozen
3556,meokstagram_0077.png,2,4,4,clip_frozen
3557,meokstagram_0077.png,2,4,4,clip_frozen
3558,meokstagram_0077.png,3,4,4,clip_frozen
3559,meokstagram_0077.png,3,3,4,clip_frozen
3560,meokstagram_0079.png,1,3,4,clip_frozen
3561,meokstagram_0079.png,0,3,4,clip_frozen
3562,meokstagram_0079.png,0,4,4,clip_frozen
3563,meokstagram_0080.png,4,4,4,clip_frozen
3564,meokstagram_0080.png,4,4,4,clip_frozen
3565,meokstagram_0080.png,3,4,4,clip_frozen
3566,meokstagram_0080.png,3,4,4,clip_frozen
3567,meokstagram_0080.png,2,3,4,clip_frozen
3590,meokstagram_0091.png,1,0,4,clip_frozen
3591,meokstagram_0091.png,3,3,4,clip_frozen
3592,meokstagram_0091.png,0,3,4,clip_frozen
3593,meokstagram_0091.png,1,3,4,clip_frozen
3594,meokstagram_0091.png,4,4,4,clip_frozen
3595,meokstagram_0091.png,2,0,4,clip_frozen
3596,meokstagram_0091.png,3,0,4,clip_frozen
3615,meokstagram_0097.png,3,4,4,clip_frozen
3616,meokstagram_0097.png,1,4,4,clip_frozen
3617,meokstagram_0097.png,4,4,4,clip_frozen
3623,meokstagram_0099.png,4,4,4,clip_frozen
3624,meokstagram_0099.png,1,4,4,clip_frozen
3625,meokstagram_0099.png,2,0,4,clip_frozen
3626,meokstagram_0099.png,3,4,4,clip_frozen
3627,meokstagram_0099.png,2,4,4,clip_frozen
3633,jmt_0002.png,4,0,4,clip_frozen
3634,jmt_0002.png,3,0,4,clip_frozen
3635,jmt_0002.png,1,3,4,clip_frozen
3636,jmt_0002.png,2,0,4,clip_frozen
3637,jmt_0002.png,1,3,4,clip_frozen
3643,jmt_0004.png,4,3,4,clip_frozen
3644,jmt_0004.png,4,0,4,clip_frozen
3645,jmt_0004.png,1,0,4,clip_frozen
3646,jmt_0004.png,4,0,4,clip_frozen
3647,jmt_0004.png,2,0,4,clip_frozen
3663,jmt_0012.png,4,0,4,clip_frozen
3664,jmt_0012.png,3,3,4,clip_frozen
3665,jmt_0012.png,2,0,4,clip_frozen
3666,jmt_0012.png,1,0,4,clip_frozen
3667,jmt_0012.png,1,0,4,clip_frozen
3673,jmt_0014.png,1,4,4,clip_frozen
3674,jmt_0014.png,4,3,4,clip_frozen
3675,jmt_0014.png,4,0,4,clip_frozen
3676,jmt_0014.png,1,3,4,clip_frozen
3677,jmt_0014.png,1,4,4,clip_frozen
3684,jmt_0017.png,4,0,4,clip_frozen
3688,jmt_0020.png,1,3,4,clip_frozen
3689,jmt_0020.png,2,4,4,clip_frozen
3690,jmt_0020.png,0,4,4,clip_frozen
3691,jmt_0020.png,4,4,4,clip_frozen
3692,jmt_0020.png,4,4,4,clip_frozen
3693,jmt_0020.png,1,4,4,clip_frozen
3694,jmt_0020.png,2,4,4,clip_frozen
3695,jmt_0020.png,2,4,4,clip_frozen
3696,jmt_0022.png,4,0,4,clip_frozen
3697,jmt_0022.png,4,0,4,clip_frozen
3698,jmt_0022.png,3,0,4,clip_frozen
3732,jmt_0035.png,3,0,4,clip_frozen
3733,jmt_0035.png,4,0,4,clip_frozen
3734,jmt_0036.png,4,0,4,clip_frozen
3783,jmt_0054.png,4,4,4,clip_frozen
3784,jmt_0054.png,2,0,4,clip_frozen
3785,jmt_0054.png,0,4,4,clip_frozen
3786,jmt_0054.png,1,4,4,clip_frozen
3787,jmt_0054.png,1,0,4,clip_frozen
3788,jmt_0054.png,1,4,4,clip_frozen
3789,jmt_0054.png,2,4,4,clip_frozen
3790,jmt_0054.png,4,4,4,clip_frozen
3791,jmt_0054.png,4,0,4,clip_frozen
3830,jmt_0071.png,1,4,4,clip_frozen
3831,jmt_0071.png,4,0,4,clip_frozen
3832,jmt_0071.png,4,0,4,clip_frozen
3833,jmt_0071.png,4,0,4,clip_frozen
3834,jmt_0071.png,3,1,4,clip_frozen
3860,jmt_0073.png,4,0,4,clip_frozen
3861,jmt_0074.png,4,4,4,clip_frozen
3862,jmt_0074.png,3,4,4,clip_frozen
3863,jmt_0074.png,2,4,4,clip_frozen
3864,jmt_0074.png,1,3,4,clip_frozen
3865,jmt_0074.png,3,4,4,clip_frozen
3885,jmt_0080.png,4,4,4,clip_frozen
3896,jmt_0085.png,0,0,4,clip_frozen
3897,jmt_0085.png,4,4,4,clip_frozen
3898,jmt_0085.png,3,4,4,clip_frozen
3899,jmt_0085.png,1,4,4,clip_frozen
3900,jmt_0085.png,0,3,4,clip_frozen
3932,jmt_0095.png,1,3,4,clip_frozen
3933,jmt_0095.png,2,4,4,clip_frozen
3934,jmt_0095.png,3,4,4,clip_frozen
3935,jmt_0095.png,4,4,4,clip_frozen
3966,makeup_0004.png,0,0,4,clip_frozen
3967,makeup_0004.png,4,0,4,clip_frozen
3968,makeup_0004.png,4,1,4,clip_frozen
3969,makeup_0005.png,1,1,4,clip_frozen
3970,makeup_0005.png,4,3,4,clip_frozen
3971,makeup_0005.png,3,3,4,clip_frozen
3972,makeup_0005.png,4,1,4,clip_frozen
3973,makeup_0005.png,1,1,4,clip_frozen
3982,makeup_0009.png,3,4,4,clip_frozen
3983,makeup_0009.png,2,4,4,clip_frozen
3984,makeup_0009.png,4,4,4,clip_frozen
3985,makeup_0009.png,4,4,4,clip_frozen
3986,makeup_0009.png,1,4,4,clip_frozen
3987,makeup_0011.png,3,3,4,clip_frozen
3988,makeup_0011.png,4,3,4,clip_frozen
4032,makeup_0030.png,4,4,4,clip_frozen
4033,makeup_0030.png,3,4,4,clip_frozen
4034,makeup_0030.png,4,4,4,clip_frozen
4035,makeup_0030.png,3,4,4,clip_frozen
4036,makeup_0030.png,4,4,4,clip_frozen
4037,makeup_0030.png,3,4,4,clip_frozen
4038,makeup_0030.png,1,4,4,clip_frozen
4039,makeup_0030.png,1,4,4,clip_frozen
4040,makeup_0030.png,2,4,4,clip_frozen
4041,makeup_0030.png,2,4,4,clip_frozen
4042,makeup_0030.png,2,4,4,clip_frozen
4043,makeup_0030.png,2,4,4,clip_frozen
4044,makeup_0030.png,2,4,4,clip_frozen
4045,makeup_0030.png,3,4,4,clip_frozen
4046,makeup_0030.png,3,4,4,clip_frozen
4047,makeup_0030.png,3,4,4,clip_frozen
4048,makeup_0030.png,2,4,4,clip_frozen
4049,makeup_0030.png,2,4,4,clip_frozen
4050,makeup_0030.png,2,4,4,clip_frozen
4163,makeup_0053.png,0,3,4,clip_frozen
4164,makeup_0053.png,4,4,4,clip_frozen
4165,makeup_0053.png,4,4,4,clip_frozen
4166,makeup_0053.png,4,4,4,clip_frozen
4185,makeup_0059.png,3,3,4,clip_frozen
4186,makeup_0059.png,3,3,4,clip_frozen
4187,makeup_0059.png,3,3,4,clip_frozen
4188,makeup_0059.png,3,3,4,clip_frozen
4189,makeup_0059.png,2,3,4,clip_frozen
4205,makeup_0065.png,4,3,4,clip_frozen
4206,makeup_0065.png,4,3,4,clip_frozen
4207,makeup_0065.png,3,3,4,clip_frozen
4208,makeup_0065.png,4,3,4,clip_frozen
4209,makeup_0065.png,3,3,4,clip_frozen
4220,makeup_0068.png,3,1,4,clip_frozen
4221,makeup_0068.png,2,1,4,clip_frozen
4222,makeup_0068.png,1,1,4,clip_frozen
4223,makeup_0068.png,3,3,4,clip_frozen
4224,makeup_0068.png,4,1,4,clip_frozen
4245,makeup_0074.png,4,3,4,clip_frozen
4334,makeup_0094.png,4,4,4,clip_frozen
4335,makeup_0094.png,4,4,4,clip_frozen
4336,makeup_0094.png,3,3,4,clip_frozen
4337,makeup_0094.png,4,4,4,clip_frozen
4338,makeup_0094.png,1,4,4,clip_frozen
4345,dailymakeup_0002.png,4,1,4,clip_frozen
4346,dailymakeup_0002.png,2,1,4,clip_frozen
4347,dailymakeup_0002.png,1,1,4,clip_frozen
4348,dailymakeup_0002.png,0,1,4,clip_frozen
4356,dailymakeup_0006.png,4,1,4,clip_frozen
4357,dailymakeup_0006.png,1,3,4,clip_frozen
4358,dailymakeup_0006.png,0,3,4,clip_frozen
4359,dailymakeup_0006.png,0,3,4,clip_frozen
4360,dailymakeup_0006.png,0,1,4,clip_frozen
4362,dailymakeup_0008.png,3,1,4,clip_frozen
4363,dailymakeup_0008.png,4,3,4,clip_frozen
4368,dailymakeup_0011.png,2,3,4,clip_frozen
4369,dailymakeup_0011.png,4,3,4,clip_frozen
4370,dailymakeup_0011.png,2,3,4,clip_frozen
4371,dailymakeup_0011.png,3,3,4,clip_frozen
4372,dailymakeup_0011.png,3,3,4,clip_frozen
4373,dailymakeup_0012.png,3,1,4,clip_frozen
4429,dailymakeup_0023.png,4,1,4,clip_frozen
4430,dailymakeup_0023.png,2,1,4,clip_frozen
4431,dailymakeup_0023.png,3,3,4,clip_frozen
4432,dailymakeup_0023.png,1,1,4,clip_frozen
4433,dailymakeup_0023.png,1,1,4,clip_frozen
4476,dailymakeup_0031.png,2,1,4,clip_frozen
4477,dailymakeup_0031.png,1,1,4,clip_frozen
4478,dailymakeup_0031.png,1,1,4,clip_frozen
4479,dailymakeup_0031.png,3,1,4,clip_frozen
4480,dailymakeup_0031.png,3,1,4,clip_frozen
4481,dailymakeup_0031.png,4,1,4,clip_frozen
4482,dailymakeup_0031.png,1,1,4,clip_frozen
4483,dailymakeup_0031.png,2,1,4,clip_frozen
4484,dailymakeup_0031.png,3,3,4,clip_frozen
4485,dailymakeup_0031.png,1,1,4,clip_frozen
4486,dailymakeup_0031.png,3,1,4,clip_frozen
4487,dailymakeup_0031.png,1,1,4,clip_frozen
4544,dailymakeup_0039.png,3,3,4,clip_frozen
4545,dailymakeup_0039.png,4,1,4,clip_frozen
4546,dailymakeup_0039.png,4,1,4,clip_frozen
4547,dailymakeup_0039.png,3,1,4,clip_frozen
4548,dailymakeup_0039.png,1,1,4,clip_frozen
4549,dailymakeup_0039.png,1,1,4,clip_frozen
4550,dailymakeup_0039.png,1,1,4,clip_frozen
4551,dailymakeup_0039.png,2,1,4,clip_frozen
4571,dailymakeup_0043.png,4,1,4,clip_frozen
4572,dailymakeup_0043.png,1,1,4,clip_frozen
4573,dailymakeup_0043.png,3,1,4,clip_frozen
4574,dailymakeup_0043.png,1,1,4,clip_frozen
4586,dailymakeup_0049.png,2,1,4,clip_frozen
4587,dailymakeup_0049.png,3,4,4,clip_frozen
4588,dailymakeup_0049.png,1,1,4,clip_frozen
4589,dailymakeup_0049.png,4,1,4,clip_frozen
4590,dailymakeup_0049.png,3,4,4,clip_frozen
4591,dailymakeup_0049.png,1,1,4,clip_frozen
4626,dailymakeup_0054.png,3,1,4,clip_frozen
4627,dailymakeup_0054.png,4,3,4,clip_frozen
4628,dailymakeup_0054.png,2,1,4,clip_frozen
4629,dailymakeup_0054.png,1,3,4,clip_frozen
4630,dailymakeup_0054.png,3,3,4,clip_frozen
4631,dailymakeup_0054.png,2,3,4,clip_frozen
4632,dailymakeup_0054.png,3,3,4,clip_frozen
4633,dailymakeup_0054.png,3,1,4,clip_frozen
4634,dailymakeup_0054.png,4,3,4,clip_frozen
4635,dailymakeup_0054.png,3,3,4,clip_frozen
4636,dailymakeup_0054.png,3,3,4,clip_frozen
4675,dailymakeup_0068.png,1,3,4,clip_frozen
4676,dailymakeup_0068.png,3,1,4,clip_frozen
4677,dailymakeup_0068.png,3,3,4,clip_frozen
4678,dailymakeup_0068.png,4,1,4,clip_frozen
4679,dailymakeup_0068.png,3,3,4,clip_frozen
4680,dailymakeup_0068.png,4,3,4,clip_frozen
4681,dailymakeup_0068.png,4,3,4,clip_frozen
4682,dailymakeup_0068.png,2,1,4,clip_frozen
4683,dailymakeup_0068.png,3,1,4,clip_frozen
4684,dailymakeup_0068.png,4,1,4,clip_frozen
4685,dailymakeup_0068.png,4,1,4,clip_frozen
4686,dailymakeup_0068.png,1,1,4,clip_frozen
4687,dailymakeup_0068.png,3,3,4,clip_frozen
4688,dailymakeup_0068.png,1,1,4,clip_frozen
4689,dailymakeup_0068.png,2,3,4,clip_frozen
4705,dailymakeup_0072.png,1,1,4,clip_frozen
4706,dailymakeup_0072.png,1,1,4,clip_frozen
4707,dailymakeup_0072.png,1,1,4,clip_frozen
4708,dailymakeup_0072.png,4,1,4,clip_frozen
4709,dailymakeup_0072.png,4,1,4,clip_frozen
4710,dailymakeup_0072.png,3,1,4,clip_frozen
4711,dailymakeup_0072.png,3,1,4,clip_frozen
4712,dailymakeup_0072.png,3,1,4,clip_frozen
4713,dailymakeup_0072.png,3,3,4,clip_frozen
4714,dailymakeup_0072.png,3,1,4,clip_frozen
4715,dailymakeup_0072.png,3,1,4,clip_frozen
4716,dailymakeup_0072.png,3,1,4,clip_frozen
4718,dailymakeup_0074.png,4,1,4,clip_frozen
4719,dailymakeup_0074.png,3,1,4,clip_frozen
4720,dailymakeup_0074.png,3,1,4,clip_frozen
4721,dailymakeup_0074.png,3,1,4,clip_frozen
4727,dailymakeup_0076.png,4,1,4,clip_frozen
4728,dailymakeup_0076.png,4,1,4,clip_frozen
4729,dailymakeup_0076.png,4,4,4,clip_frozen
4762,dailymakeup_0088.png,4,1,4,clip_frozen
4763,dailymakeup_0088.png,3,1,4,clip_frozen
4764,dailymakeup_0088.png,3,3,4,clip_frozen
4770,dailymakeup_0090.png,4,1,4,clip_frozen
4771,dailymakeup_0090.png,4,1,4,clip_frozen
4772,dailymakeup_0090.png,2,3,4,clip_frozen
4773,dailymakeup_0090.png,3,1,4,clip_frozen
4774,dailymakeup_0090.png,2,1,4,clip_frozen
4775,dailymakeup_0090.png,1,1,4,clip_frozen
4776,dailymakeup_0090.png,3,3,4,clip_frozen
4777,dailymakeup_0090.png,4,1,4,clip_frozen
4778,dailymakeup_0090.png,0,1,4,clip_frozen
4779,dailymakeup_0090.png,0,1,4,clip_frozen
4780,dailymakeup_0090.png,0,1,4,clip_frozen
4807,kkuankku_0001.png,0,3,4,clip_frozen
4808,kkuankku_0001.png,2,3,4,clip_frozen
4809,kkuankku_0001.png,4,3,4,clip_frozen
4810,kkuankku_0001.png,3,3,4,clip_frozen
4811,kkuankku_0002.png,0,3,4,clip_frozen
4812,kkuankku_0002.png,3,3,4,clip_frozen
4813,kkuankku_0002.png,1,3,4,clip_frozen
4814,kkuankku_0002.png,3,3,4,clip_frozen
4815,kkuankku_0002.png,3,3,4,clip_frozen
4816,kkuankku_0002.png,4,3,4,clip_frozen
4817,kkuankku_0002.png,2,3,4,clip_frozen
4818,kkuankku_0002.png,3,3,4,clip_frozen
4819,kkuankku_0002.png,3,3,4,clip_frozen
4820,kkuankku_0002.png,3,3,4,clip_frozen
4847,kkuankku_0006.png,1,3,4,clip_frozen
4848,kkuankku_0006.png,0,3,4,clip_frozen
4849,kkuankku_0006.png,1,3,4,clip_frozen
4850,kkuankku_0006.png,4,3,4,clip_frozen
4851,kkuankku_0006.png,4,3,4,clip_frozen
4852,kkuankku_0006.png,2,3,4,clip_frozen
4853,kkuankku_0006.png,2,3,4,clip_frozen
4854,kkuankku_0006.png,4,3,4,clip_frozen
4855,kkuankku_0006.png,3,3,4,clip_frozen
4887,kkuankku_0013.png,4,3,4,clip_frozen
4888,kkuankku_0013.png,4,3,4,clip_frozen
4889,kkuankku_0013.png,3,3,4,clip_frozen
4890,kkuankku_0013.png,3,3,4,clip_frozen
4891,kkuankku_0013.png,3,3,4,clip_frozen
4906,kkuankku_0020.png,4,3,4,clip_frozen
4907,kkuankku_0020.png,4,3,4,clip_frozen
4908,kkuankku_0020.png,3,3,4,clip_frozen
4909,kkuankku_0020.png,3,3,4,clip_frozen
4954,kkuankku_0039.png,3,4,4,clip_frozen
4955,kkuankku_0039.png,4,4,4,clip_frozen
4956,kkuankku_0039.png,3,4,4,clip_frozen
4957,kkuankku_0039.png,4,3,4,clip_frozen
4958,kkuankku_0039.png,3,4,4,clip_frozen
4959,kkuankku_0039.png,3,4,4,clip_frozen
4960,kkuankku_0039.png,3,4,4,clip_frozen
4961,kkuankku_0039.png,3,4,4,clip_frozen
4962,kkuankku_0040.png,4,3,4,clip_frozen
4963,kkuankku_0040.png,4,3,4,clip_frozen
4964,kkuankku_0040.png,2,3,4,clip_frozen
4965,kkuankku_0040.png,3,3,4,clip_frozen
4966,kkuankku_0040.png,2,3,4,clip_frozen
4967,kkuankku_0040.png,3,3,4,clip_frozen
4968,kkuankku_0040.png,3,3,4,clip_frozen
4969,kkuankku_0040.png,3,3,4,clip_frozen
4970,kkuankku_0040.png,1,3,4,clip_frozen
4971,kkuankku_0040.png,0,3,4,clip_frozen
4972,kkuankku_0040.png,0,3,4,clip_frozen
5001,kkuankku_0057.png,3,3,4,clip_frozen
5002,kkuankku_0057.png,4,3,4,clip_frozen
5003,kkuankku_0057.png,4,3,4,clip_frozen
5004,kkuankku_0057.png,3,3,4,clip_frozen
5005,kkuankku_0057.png,3,3,4,clip_frozen
5006,kkuankku_0057.png,4,3,4,clip_frozen
5007,kkuankku_0057.png,4,3,4,clip_frozen
5008,kkuankku_0057.png,4,3,4,clip_frozen
5009,kkuankku_0057.png,3,3,4,clip_frozen
5010,kkuankku_0057.png,4,3,4,clip_frozen
5011,kkuankku_0060.png,4,3,4,clip_frozen
5012,kkuankku_0060.png,4,3,4,clip_frozen
5013,kkuankku_0060.png,3,3,4,clip_frozen
5014,kkuankku_0060.png,3,3,4,clip_frozen
5015,kkuankku_0060.png,3,3,4,clip_frozen
5016,kkuankku_0060.png,2,3,4,clip_frozen
5017,kkuankku_0060.png,4,3,4,clip_frozen
5018,kkuankku_0060.png,4,3,4,clip_frozen
5019,kkuankku_0060.png,4,3,4,clip_frozen
5020,kkuankku_0060.png,1,3,4,clip_frozen
5021,kkuankku_0060.png,1,3,4,clip_frozen
5022,kkuankku_0060.png,0,3,4,clip_frozen
5023,kkuankku_0060.png,0,3,4,clip_frozen
5024,kkuankku_0060.png,0,3,4,clip_frozen
5025,kkuankku_0060.png,0,3,4,clip_frozen
5026,kkuankku_0060.png,0,3,4,clip_frozen
5027,kkuankku_0060.png,1,3,4,clip_frozen
5110,kkuankku_0094.png,3,3,4,clip_frozen
5111,kkuankku_0094.png,3,3,4,clip_frozen
5112,kkuankku_0094.png,4,3,4,clip_frozen
5113,kkuankku_0094.png,3,3,4,clip_frozen
5114,kkuankku_0094.png,2,3,4,clip_frozen
5235,dailylook_0010.png,4,3,4,clip_frozen
5236,dailylook_0010.png,3,3,4,clip_frozen
5237,dailylook_0010.png,3,3,4,clip_frozen
5238,dailylook_0010.png,3,3,4,clip_frozen
5239,dailylook_0010.png,4,3,4,clip_frozen
5240,dailylook_0010.png,3,3,4,clip_frozen
5241,dailylook_0010.png,4,3,4,clip_frozen
5242,dailylook_0010.png,4,3,4,clip_frozen
5243,dailylook_0010.png,0,3,4,clip_frozen
5244,dailylook_0010.png,1,3,4,clip_frozen
5245,dailylook_0010.png,1,3,4,clip_frozen
5246,dailylook_0010.png,1,3,4,clip_frozen
5247,dailylook_0010.png,1,3,4,clip_frozen
5248,dailylook_0010.png,0,3,4,clip_frozen
5249,dailylook_0010.png,1,3,4,clip_frozen
5250,dailylook_0010.png,1,3,4,clip_frozen
5251,dailylook_0010.png,1,3,4,clip_frozen
5252,dailylook_0010.png,1,3,4,clip_frozen
5253,dailylook_0010.png,2,3,4,clip_frozen
5278,dailylook_0018.png,4,3,4,clip_frozen
5279,dailylook_0018.png,4,3,4,clip_frozen
5280,dailylook_0018.png,3,3,4,clip_frozen
5281,dailylook_0018.png,3,3,4,clip_frozen
5282,dailylook_0018.png,3,3,4,clip_frozen
5283,dailylook_0018.png,1,3,4,clip_frozen
5406,dailylook_0055.png,1,4,4,clip_frozen
5407,dailylook_0055.png,2,3,4,clip_frozen
5408,dailylook_0055.png,2,3,4,clip_frozen
5409,dailylook_0055.png,0,4,4,clip_frozen
5410,dailylook_0055.png,0,4,4,clip_frozen
5411,dailylook_0055.png,0,4,4,clip_frozen
5412,dailylook_0055.png,1,4,4,clip_frozen
5413,dailylook_0055.png,1,4,4,clip_frozen
5414,dailylook_0055.png,1,4,4,clip_frozen
5415,dailylook_0055.png,1,4,4,clip_frozen
5416,dailylook_0055.png,3,3,4,clip_frozen
5417,dailylook_0055.png,1,3,4,clip_frozen
5437,dailylook_0063.png,4,4,4,clip_frozen
5438,dailylook_0063.png,1,3,4,clip_frozen
5439,dailylook_0063.png,3,3,4,clip_frozen
5440,dailylook_0063.png,0,3,4,clip_frozen
5441,dailylook_0063.png,3,3,4,clip_frozen
5442,dailylook_0063.png,4,4,4,clip_frozen
5443,dailylook_0063.png,3,3,4,clip_frozen
5444,dailylook_0063.png,2,3,4,clip_frozen
5445,dailylook_0063.png,3,3,4,clip_frozen
5446,dailylook_0063.png,3,3,4,clip_frozen
5447,dailylook_0063.png,3,3,4,clip_frozen
5448,dailylook_0063.png,3,3,4,clip_frozen
5449,dailylook_0063.png,3,3,4,clip_frozen
5450,dailylook_0063.png,3,3,4,clip_frozen
5451,dailylook_0066.png,1,0,4,clip_frozen
5455,dailylook_0070.png,1,3,4,clip_frozen
5456,dailylook_0070.png,1,0,4,clip_frozen
5457,dailylook_0070.png,1,0,4,clip_frozen
5458,dailylook_0070.png,1,0,4,clip_frozen
5479,dailylook_0078.png,4,3,4,clip_frozen
5480,dailylook_0078.png,2,3,4,clip_frozen
5481,dailylook_0078.png,3,3,4,clip_frozen
5482,dailylook_0078.png,3,3,4,clip_frozen
5483,dailylook_0078.png,0,3,4,clip_frozen
5624,ootd_0016.png,1,2,4,clip_frozen
5625,ootd_0016.png,1,3,4,clip_frozen
5626,ootd_0016.png,1,3,4,clip_frozen
5627,ootd_0016.png,3,3,4,clip_frozen
5628,ootd_0016.png,2,3,4,clip_frozen
5629,ootd_0016.png,3,3,4,clip_frozen
5630,ootd_0016.png,2,3,4,clip_frozen
5631,ootd_0016.png,1,2,4,clip_frozen
5632,ootd_0016.png,3,3,4,clip_frozen
5633,ootd_0016.png,2,3,4,clip_frozen
5634,ootd_0016.png,3,3,4,clip_frozen
5635,ootd_0016.png,3,3,4,clip_frozen
5636,ootd_0016.png,4,3,4,clip_frozen
5637,ootd_0016.png,3,1,4,clip_frozen
5663,ootd_0034.png,4,4,4,clip_frozen
5664,ootd_0034.png,0,3,4,clip_frozen
5665,ootd_0034.png,2,3,4,clip_frozen
5666,ootd_0034.png,1,3,4,clip_frozen
5667,ootd_0034.png,2,4,4,clip_frozen
5668,ootd_0034.png,3,3,4,clip_frozen
5669,ootd_0034.png,3,4,4,clip_frozen
5670,ootd_0034.png,1,3,4,clip_frozen
5671,ootd_0034.png,3,3,4,clip_frozen
5672,ootd_0034.png,0,3,4,clip_frozen
5673,ootd_0034.png,2,3,4,clip_frozen
5674,ootd_0034.png,2,4,4,clip_frozen
5675,ootd_0034.png,0,4,4,clip_frozen
5676,ootd_0034.png,1,2,4,clip_frozen
5677,ootd_0034.png,1,4,4,clip_frozen
5678,ootd_0034.png,0,4,4,clip_frozen
5679,ootd_0034.png,1,4,4,clip_frozen
5680,ootd_0034.png,1,3,4,clip_frozen
5681,ootd_0034.png,1,4,4,clip_frozen
5682,ootd_0034.png,1,4,4,clip_frozen
5683,ootd_0034.png,1,4,4,clip_frozen
5684,ootd_0034.png,1,3,4,clip_frozen
5685,ootd_0034.png,0,3,4,clip_frozen
5686,ootd_0035.png,4,1,4,clip_frozen
5687,ootd_0035.png,2,1,4,clip_frozen
5688,ootd_0035.png,2,1,4,clip_frozen
5701,ootd_0040.png,3,3,4,clip_frozen
5702,ootd_0040.png,3,3,4,clip_frozen
5703,ootd_0040.png,4,3,4,clip_frozen
5704,ootd_0040.png,3,3,4,clip_frozen
5705,ootd_0040.png,2,3,4,clip_frozen
5706,ootd_0040.png,4,3,4,clip_frozen
5737,ootd_0044.png,3,1,4,clip_frozen
5738,ootd_0044.png,4,1,4,clip_frozen
5739,ootd_0044.png,4,2,4,clip_frozen
5740,ootd_0044.png,3,3,4,clip_frozen
5741,ootd_0044.png,3,2,4,clip_frozen
5742,ootd_0044.png,1,1,4,clip_frozen
5797,ootd_0061.png,0,1,4,clip_frozen
5798,ootd_0061.png,0,1,4,clip_frozen
5799,ootd_0061.png,0,1,4,clip_frozen
5800,ootd_0061.png,2,2,4,clip_frozen
5801,ootd_0061.png,2,3,4,clip_frozen
5802,ootd_0071.png,1,3,4,clip_frozen
5803,ootd_0071.png,4,3,4,clip_frozen
5804,ootd_0071.png,4,0,4,clip_frozen
5805,ootd_0071.png,3,3,4,clip_frozen
5806,ootd_0074.png,1,3,4,clip_frozen
5815,ootd_0079.png,3,1,4,clip_frozen
5816,ootd_0079.png,2,1,4,clip_frozen
5817,ootd_0079.png,2,1,4,clip_frozen
5818,ootd_0079.png,2,1,4,clip_frozen
5819,ootd_0079.png,4,1,4,clip_frozen
5820,ootd_0080.png,3,1,4,clip_frozen
5821,ootd_0080.png,3,1,4,clip_frozen
5822,ootd_0080.png,3,1,4,clip_frozen
5823,ootd_0080.png,3,1,4,clip_frozen
5824,ootd_0080.png,3,3,4,clip_frozen
5825,ootd_0080.png,3,1,4,clip_frozen
5826,ootd_0080.png,3,3,4,clip_frozen
5827,ootd_0080.png,3,3,4,clip_frozen
5828,ootd_0080.png,4,3,4,clip_frozen
5829,ootd_0080.png,2,3,4,clip_frozen
5830,ootd_0080.png,4,3,4,clip_frozen
5831,ootd_0080.png,4,3,4,clip_frozen
5832,ootd_0080.png,4,1,4,clip_frozen
5833,ootd_0080.png,4,1,4,clip_frozen
5834,ootd_0080.png,2,1,4,clip_frozen
5924,fashionista_0001.png,4,3,4,clip_frozen
5925,fashionista_0001.png,2,3,4,clip_frozen
5926,fashionista_0001.png,1,3,4,clip_frozen
5927,fashionista_0001.png,4,3,4,clip_frozen
5928,fashionista_0001.png,3,3,4,clip_frozen
5984,fashionista_0032.png,4,3,4,clip_frozen
5985,fashionista_0032.png,3,1,4,clip_frozen
5986,fashionista_0032.png,3,3,4,clip_frozen
5987,fashionista_0032.png,3,3,4,clip_frozen
5988,fashionista_0032.png,3,2,4,clip_frozen
5993,fashionista_0035.png,4,3,4,clip_frozen
5994,fashionista_0035.png,3,3,4,clip_frozen
5995,fashionista_0035.png,4,3,4,clip_frozen
5996,fashionista_0035.png,3,3,4,clip_frozen
5997,fashionista_0035.png,2,3,4,clip_frozen
5998,fashionista_0037.png,4,1,4,clip_frozen
5999,fashionista_0037.png,3,0,4,clip_frozen
6000,fashionista_0037.png,2,1,4,clip_frozen
6109,fashionista_0052.png,1,1,4,clip_frozen
6110,fashionista_0052.png,1,1,4,clip_frozen
6111,fashionista_0052.png,0,1,4,clip_frozen
6112,fashionista_0052.png,2,3,4,clip_frozen
6113,fashionista_0052.png,3,3,4,clip_frozen
6114,fashionista_0052.png,1,1,4,clip_frozen
6115,fashionista_0052.png,0,1,4,clip_frozen
6116,fashionista_0052.png,0,1,4,clip_frozen
6117,fashionista_0052.png,0,1,4,clip_frozen
6118,fashionista_0052.png,2,1,4,clip_frozen
6119,fashionista_0052.png,0,1,4,clip_frozen
6120,fashionista_0052.png,3,1,4,clip_frozen
6121,fashionista_0052.png,3,3,4,clip_frozen
6122,fashionista_0052.png,2,1,4,clip_frozen
6123,fashionista_0052.png,2,3,4,clip_frozen
6124,fashionista_0052.png,0,1,4,clip_frozen
6125,fashionista_0052.png,3,4,4,clip_frozen
6126,fashionista_0052.png,4,1,4,clip_frozen
6127,fashionista_0052.png,2,1,4,clip_frozen
6128,fashionista_0052.png,2,3,4,clip_frozen
6129,fashionista_0052.png,3,1,4,clip_frozen
6130,fashionista_0052.png,0,1,4,clip_frozen
6131,fashionista_0052.png,0,1,4,clip_frozen
6132,fashionista_0052.png,1,1,4,clip_frozen
6133,fashionista_0052.png,2,1,4,clip_frozen
6134,fashionista_0052.png,2,1,4,clip_frozen
6135,fashionista_0052.png,3,3,4,clip_frozen
6136,fashionista_0052.png,1,3,4,clip_frozen
6137,fashionista_0052.png,0,1,4,clip_frozen
6138,fashionista_0052.png,2,2,4,clip_frozen
6200,fashionista_0063.png,2,3,4,clip_frozen
6201,fashionista_0063.png,2,3,4,clip_frozen
6202,fashionista_0063.png,2,3,4,clip_frozen
6203,fashionista_0063.png,2,3,4,clip_frozen
6204,fashionista_0063.png,1,3,4,clip_frozen
6205,fashionista_0063.png,2,3,4,clip_frozen
6206,fashionista_0063.png,2,3,4,clip_frozen
6207,fashionista_0063.png,4,3,4,clip_frozen
6208,fashionista_0063.png,3,3,4,clip_frozen
6209,fashionista_0063.png,4,3,4,clip_frozen
6210,fashionista_0063.png,4,3,4,clip_frozen
6211,fashionista_0063.png,2,3,4,clip_frozen
6212,fashionista_0063.png,2,3,4,clip_frozen
6213,fashionista_0063.png,2,3,4,clip_frozen
6214,fashionista_0063.png,2,3,4,clip_frozen
6215,fashionista_0063.png,1,3,4,clip_frozen
6216,fashionista_0063.png,2,3,4,clip_frozen
6217,fashionista_0063.png,0,3,4,clip_frozen
6218,fashionista_0063.png,2,3,4,clip_frozen
6219,fashionista_0063.png,1,3,4,clip_frozen
6220,fashionista_0063.png,1,1,4,clip_frozen
6221,fashionista_0063.png,1,1,4,clip_frozen
6222,fashionista_0063.png,3,3,4,clip_frozen
6223,fashionista_0063.png,2,1,4,clip_frozen
6224,fashionista_0065.png,0,3,4,clip_frozen
6225,fashionista_0065.png,0,3,4,clip_frozen
6226,fashionista_0065.png,3,2,4,clip_frozen
6227,fashionista_0065.png,3,2,4,clip_frozen
6228,fashionista_0065.png,2,2,4,clip_frozen
6229,fashionista_0065.png,3,3,4,clip_frozen
6230,fashionista_0065.png,4,3,4,clip_frozen
6231,fashionista_0065.png,4,3,4,clip_frozen
6232,fashionista_0065.png,4,3,4,clip_frozen
6233,fashionista_0065.png,1,2,4,clip_frozen
6234,fashionista_0065.png,3,3,4,clip_frozen
6235,fashionista_0065.png,2,2,4,clip_frozen
6236,fashionista_0065.png,2,3,4,clip_frozen
6237,fashionista_0065.png,1,3,4,clip_frozen
6238,fashionista_0065.png,0,3,4,clip_frozen
6239,fashionista_0065.png,3,2,4,clip_frozen
6240,fashionista_0065.png,2,2,4,clip_frozen
6241,fashionista_0065.png,2,3,4,clip_frozen
6242,fashionista_0065.png,2,3,4,clip_frozen
6243,fashionista_0065.png,2,3,4,clip_frozen
6244,fashionista_0065.png,3,2,4,clip_frozen
6245,fashionista_0065.png,0,3,4,clip_frozen
6246,fashionista_0065.png,2,1,4,clip_frozen
6247,fashionista_0065.png,2,2,4,clip_frozen
6248,fashionista_0065.png,1,2,4,clip_frozen
6249,fashionista_0065.png,0,3,4,clip_frozen
6250,fashionista_0065.png,0,0,4,clip_frozen
6251,fashionista_0065.png,0,2,4,clip_frozen
6252,fashionista_0065.png,0,2,4,clip_frozen
6253,fashionista_0066.png,3,1,4,clip_frozen
6313,fashionista_0084.png,2,0,4,clip_frozen
6314,fashionista_0084.png,2,0,4,clip_frozen
6315,fashionista_0084.png,4,0,4,clip_frozen
6316,fashionista_0084.png,4,1,4,clip_frozen
6317,fashionista_0084.png,3,0,4,clip_frozen
6318,fashionista_0084.png,4,1,4,clip_frozen
6319,fashionista_0084.png,4,1,4,clip_frozen
6320,fashionista_0084.png,3,1,4,clip_frozen
6321,fashionista_0084.png,1,1,4,clip_frozen
6322,fashionista_0084.png,2,0,4,clip_frozen
6323,fashionista_0084.png,3,3,4,clip_frozen
6324,fashionista_0084.png,1,0,4,clip_frozen
6325,fashionista_0084.png,0,1,4,clip_frozen
6326,fashionista_0084.png,1,0,4,clip_frozen
6327,fashionista_0084.png,1,1,4,clip_frozen
6328,fashionista_0084.png,1,1,4,clip_frozen
6329,fashionista_0084.png,1,1,4,clip_frozen
6330,fashionista_0084.png,1,3,4,clip_frozen
6331,fashionista_0084.png,0,0,4,clip_frozen
6332,fashionista_0084.png,0,0,4,clip_frozen
6333,fashionista_0084.png,0,1,4,clip_frozen
6334,fashionista_0084.png,1,1,4,clip_frozen
6335,fashionista_0084.png,1,1,4,clip_frozen
6336,fashionista_0085.png,4,0,4,clip_frozen
6366,fashionista_0091.png,3,1,4,clip_frozen
6367,fashionista_0091.png,3,3,4,clip_frozen
6368,fashionista_0091.png,3,1,4,clip_frozen
6369,fashionista_0091.png,4,3,4,clip_frozen
6370,fashionista_0091.png,3,3,4,clip_frozen
6371,fashionista_0091.png,3,3,4,clip_frozen
6372,fashionista_0091.png,3,1,4,clip_frozen
6373,fashionista_0091.png,3,1,4,clip_frozen
6374,fashionista_0091.png,4,1,4,clip_frozen
6375,fashionista_0091.png,3,1,4,clip_frozen
6376,fashionista_0091.png,2,1,4,clip_frozen
6377,fashionista_0091.png,3,1,4,clip_frozen
6378,fashionista_0091.png,4,1,4,clip_frozen
6379,fashionista_0091.png,3,1,4,clip_frozen
6380,fashionista_0091.png,1,1,4,clip_frozen
6381,fashionista_0091.png,3,1,4,clip_frozen
6382,fashionista_0091.png,3,1,4,clip_frozen
6383,fashionista_0091.png,3,3,4,clip_frozen
6384,fashionista_0091.png,1,1,4,clip_frozen
6385,fashionista_0091.png,0,1,4,clip_frozen
6386,fashionista_0091.png,2,1,4,clip_frozen
6387,fashionista_0091.png,4,3,4,clip_frozen
6388,fashionista_0091.png,3,3,4,clip_frozen
6389,fashionista_0091.png,0,0,4,clip_frozen
6390,fashionista_0091.png,0,0,4,clip_frozen
6391,fashionista_0091.png,0,1,4,clip_frozen
6392,fashionista_0091.png,4,1,4,clip_frozen
6393,fashionista_0091.png,4,1,4,clip_frozen
6394,fashionista_0091.png,4,1,4,clip_frozen
6395,fashionista_0091.png,1,1,4,clip_frozen
6426,fashionista_0099.png,0,0,4,clip_frozen
6427,fashionista_0099.png,3,0,4,clip_frozen
6428,fashionista_0099.png,4,1,4,clip_frozen
6429,fashionista_0099.png,3,1,4,clip_frozen
6430,fashionista_0099.png,3,3,4,clip_frozen
6431,fashionista_0099.png,3,3,4,clip_frozen
6432,fashionista_0099.png,3,0,4,clip_frozen
6433,fashionista_0099.png,1,1,4,clip_frozen
6434,fashionista_0099.png,1,3,4,clip_frozen
6435,fashionista_0099.png,3,3,4,clip_frozen
6436,fashionista_0099.png,3,3,4,clip_frozen
6437,fashionista_0099.png,1,0,4,clip_frozen
6507,neungsohwa_0009.png,4,1,4,clip_frozen
6508,neungsohwa_0009.png,4,1,4,clip_frozen
6509,neungsohwa_0009.png,2,1,4,clip_frozen
6512,neungsohwa_0013.png,4,3,4,clip_frozen
6513,neungsohwa_0013.png,4,3,4,clip_frozen
6514,neungsohwa_0013.png,0,3,4,clip_frozen
6515,neungsohwa_0013.png,3,3,4,clip_frozen
6516,neungsohwa_0013.png,4,3,4,clip_frozen
6560,neungsohwa_0022.png,4,0,4,clip_frozen
6561,neungsohwa_0022.png,4,0,4,clip_frozen
6562,neungsohwa_0022.png,0,0,4,clip_frozen
6563,neungsohwa_0024.png,4,4,4,clip_frozen
6564,neungsohwa_0024.png,4,1,4,clip_frozen
6565,neungsohwa_0024.png,4,1,4,clip_frozen
6566,neungsohwa_0024.png,4,4,4,clip_frozen
6567,neungsohwa_0024.png,2,1,4,clip_frozen
6568,neungsohwa_0024.png,3,1,4,clip_frozen
6569,neungsohwa_0024.png,1,4,4,clip_frozen
6570,neungsohwa_0024.png,1,1,4,clip_frozen
6580,neungsohwa_0028.png,4,0,4,clip_frozen
6616,neungsohwa_0043.png,1,4,4,clip_frozen
6617,neungsohwa_0043.png,4,4,4,clip_frozen
6618,neungsohwa_0043.png,4,0,4,clip_frozen
6619,neungsohwa_0043.png,3,4,4,clip_frozen
6710,neungsohwa_0069.png,4,0,4,clip_frozen
6711,neungsohwa_0069.png,1,1,4,clip_frozen
6712,neungsohwa_0069.png,1,1,4,clip_frozen
6719,neungsohwa_0075.png,1,1,4,clip_frozen
6720,neungsohwa_0075.png,4,1,4,clip_frozen
6769,neungsohwa_0090.png,4,0,4,clip_frozen
6770,neungsohwa_0090.png,4,4,4,clip_frozen
6771,neungsohwa_0090.png,3,4,4,clip_frozen
6772,neungsohwa_0090.png,0,0,4,clip_frozen
6778,neungsohwa_0093.png,4,0,4,clip_frozen
6779,neungsohwa_0093.png,4,4,4,clip_frozen
6780,neungsohwa_0093.png,4,4,4,clip_frozen
6781,neungsohwa_0093.png,4,4,4,clip_frozen
6782,neungsohwa_0093.png,4,3,4,clip_frozen
6839,danpung_0005.png,4,0,4,clip_frozen
6840,danpung_0005.png,4,1,4,clip_frozen
6841,danpung_0006.png,2,1,4,clip_frozen
6842,danpung_0006.png,3,3,4,clip_frozen
6911,danpung_0021.png,4,1,4,clip_frozen
6912,danpung_0021.png,0,0,4,clip_frozen
6913,danpung_0021.png,3,1,4,clip_frozen
6914,danpung_0021.png,4,1,4,clip_frozen
6915,danpung_0021.png,3,3,4,clip_frozen
6971,danpung_0033.png,3,1,4,clip_frozen
6972,danpung_0033.png,2,1,4,clip_frozen
6973,danpung_0033.png,4,3,4,clip_frozen
6974,danpung_0033.png,3,3,4,clip_frozen
6975,danpung_0033.png,4,0,4,clip_frozen
6976,danpung_0033.png,3,0,4,clip_frozen
6977,danpung_0033.png,3,3,4,clip_frozen
6978,danpung_0033.png,2,0,4,clip_frozen
6979,danpung_0033.png,4,0,4,clip_frozen
6980,danpung_0033.png,4,0,4,clip_frozen
6988,danpung_0036.png,4,4,4,clip_frozen
6989,danpung_0036.png,4,4,4,clip_frozen
6990,danpung_0036.png,4,4,4,clip_frozen
6991,danpung_0036.png,1,4,4,clip_frozen
7044,danpung_0043.png,4,4,4,clip_frozen
7045,danpung_0043.png,2,3,4,clip_frozen
7046,danpung_0043.png,1,2,4,clip_frozen
7047,danpung_0043.png,1,3,4,clip_frozen
7048,danpung_0043.png,1,2,4,clip_frozen
7049,danpung_0043.png,4,3,4,clip_frozen
7050,danpung_0043.png,2,3,4,clip_frozen
7075,danpung_0054.png,0,4,4,clip_frozen
7193,danpung_0072.png,1,3,4,clip_frozen
7194,danpung_0072.png,1,3,4,clip_frozen
7195,danpung_0072.png,4,0,4,clip_frozen
7200,danpung_0076.png,4,4,4,clip_frozen
7259,danpung_0088.png,3,0,4,clip_frozen
7260,danpung_0088.png,2,1,4,clip_frozen
7261,danpung_0088.png,4,1,4,clip_frozen
7270,danpung_0093.png,4,1,4,clip_frozen
7271,danpung_0093.png,3,3,4,clip_frozen
7296,cherryblossom_0005.png,4,3,4,clip_frozen
7306,cherryblossom_0012.png,3,1,4,clip_frozen
7317,cherryblossom_0018.png,4,4,4,clip_frozen
7318,cherryblossom_0018.png,0,0,4,clip_frozen
7331,cherryblossom_0025.png,0,0,4,clip_frozen
7332,cherryblossom_0025.png,0,0,4,clip_frozen
7333,cherryblossom_0025.png,1,0,4,clip_frozen
7334,cherryblossom_0025.png,1,0,4,clip_frozen
7335,cherryblossom_0025.png,1,0,4,clip_frozen
7336,cherryblossom_0025.png,0,0,4,clip_frozen
7337,cherryblossom_0025.png,0,0,4,clip_frozen
7338,cherryblossom_0025.png,0,3,4,clip_frozen
7339,cherryblossom_0025.png,2,0,4,clip_frozen
7340,cherryblossom_0025.png,1,0,4,clip_frozen
7341,cherryblossom_0025.png,0,3,4,clip_frozen
7342,cherryblossom_0025.png,0,0,4,clip_frozen
7343,cherryblossom_0025.png,1,0,4,clip_frozen
7344,cherryblossom_0025.png,1,3,4,clip_frozen
7345,cherryblossom_0025.png,0,0,4,clip_frozen
7346,cherryblossom_0025.png,1,0,4,clip_frozen
7347,cherryblossom_0025.png,1,0,4,clip_frozen
7348,cherryblossom_0025.png,1,0,4,clip_frozen
7349,cherryblossom_0025.png,1,0,4,clip_frozen
7350,cherryblossom_0025.png,1,3,4,clip_frozen
7359,cherryblossom_0028.png,1,1,4,clip_frozen
7360,cherryblossom_0028.png,4,4,4,clip_frozen
7361,cherryblossom_0028.png,2,4,4,clip_frozen
7410,cherryblossom_0040.png,0,0,4,clip_frozen
7411,cherryblossom_0040.png,0,0,4,clip_frozen
7412,cherryblossom_0040.png,0,0,4,clip_frozen
7413,cherryblossom_0040.png,0,0,4,clip_frozen
7414,cherryblossom_0040.png,1,0,4,clip_frozen
7419,cherryblossom_0043.png,4,3,4,clip_frozen
7420,cherryblossom_0043.png,1,1,4,clip_frozen
7421,cherryblossom_0043.png,1,1,4,clip_frozen
7422,cherryblossom_0043.png,4,3,4,clip_frozen
7423,cherryblossom_0043.png,4,0,4,clip_frozen
7424,cherryblossom_0044.png,4,4,4,clip_frozen
7425,cherryblossom_0044.png,4,4,4,clip_frozen
7426,cherryblossom_0044.png,3,1,4,clip_frozen
7427,cherryblossom_0044.png,1,1,4,clip_frozen
7469,cherryblossom_0055.png,3,1,4,clip_frozen
7470,cherryblossom_0055.png,2,1,4,clip_frozen
7471,cherryblossom_0055.png,2,1,4,clip_frozen
7472,cherryblossom_0055.png,1,1,4,clip_frozen
7518,cherryblossom_0069.png,4,3,4,clip_frozen
7519,cherryblossom_0069.png,3,3,4,clip_frozen
7532,cherryblossom_0079.png,4,1,4,clip_frozen
7533,cherryblossom_0079.png,4,1,4,clip_frozen
7534,cherryblossom_0079.png,3,1,4,clip_frozen
7535,cherryblossom_0079.png,3,1,4,clip_frozen
7536,cherryblossom_0079.png,3,1,4,clip_frozen
7537,cherryblossom_0079.png,4,1,4,clip_frozen
7538,cherryblossom_0079.png,3,1,4,clip_frozen
7539,cherryblossom_0079.png,4,1,4,clip_frozen
7540,cherryblossom_0079.png,4,1,4,clip_frozen
7541,cherryblossom_0079.png,4,1,4,clip_frozen
7542,cherryblossom_0079.png,4,1,4,clip_frozen
7543,cherryblossom_0079.png,3,1,4,clip_frozen
7544,cherryblossom_0079.png,3,1,4,clip_frozen
7550,cherryblossom_0082.png,1,1,4,clip_frozen
7551,cherryblossom_0082.png,1,1,4,clip_frozen
7552,cherryblossom_0082.png,4,3,4,clip_frozen
7553,cherryblossom_0082.png,4,1,4,clip_frozen
7591,cherryblossom_0095.png,3,3,4,clip_frozen
7592,cherryblossom_0095.png,4,3,4,clip_frozen
7593,cherryblossom_0095.png,4,3,4,clip_frozen
7594,cherryblossom_0096.png,4,0,4,clip_frozen
7595,cherryblossom_0096.png,3,0,4,clip_frozen
7596,cherryblossom_0096.png,4,0,4,clip_frozen
7597,cherryblossom_0096.png,4,0,4,clip_frozen
7598,cherryblossom_0096.png,2,0,4,clip_frozen
7634,kpop_0002.png,3,3,4,clip_frozen
7635,kpop_0002.png,4,4,4,clip_frozen
7636,kpop_0002.png,4,4,4,clip_frozen
7637,kpop_0002.png,1,4,4,clip_frozen
7638,kpop_0002.png,1,4,4,clip_frozen
7709,kpop_0012.png,4,4,4,clip_frozen
7710,kpop_0012.png,4,4,4,clip_frozen
7711,kpop_0012.png,4,4,4,clip_frozen
7712,kpop_0012.png,4,3,4,clip_frozen
7713,kpop_0012.png,4,4,4,clip_frozen
7714,kpop_0012.png,4,3,4,clip_frozen
7715,kpop_0012.png,1,4,4,clip_frozen
7778,kpop_0025.png,4,1,4,clip_frozen
7779,kpop_0025.png,4,1,4,clip_frozen
7780,kpop_0025.png,4,1,4,clip_frozen
7781,kpop_0025.png,3,1,4,clip_frozen
7782,kpop_0025.png,3,3,4,clip_frozen
7783,kpop_0025.png,4,1,4,clip_frozen
7784,kpop_0025.png,1,1,4,clip_frozen
7785,kpop_0025.png,1,1,4,clip_frozen
7786,kpop_0025.png,1,1,4,clip_frozen
7787,kpop_0025.png,1,3,4,clip_frozen
7788,kpop_0025.png,1,1,4,clip_frozen
7789,kpop_0025.png,1,1,4,clip_frozen
7790,kpop_0025.png,1,1,4,clip_frozen
7791,kpop_0025.png,1,1,4,clip_frozen
7792,kpop_0025.png,2,1,4,clip_frozen
7793,kpop_0025.png,2,1,4,clip_frozen
7794,kpop_0025.png,2,1,4,clip_frozen
7795,kpop_0025.png,1,1,4,clip_frozen
7796,kpop_0025.png,1,3,4,clip_frozen
7797,kpop_0025.png,3,3,4,clip_frozen
7798,kpop_0025.png,3,1,4,clip_frozen
7799,kpop_0025.png,2,1,4,clip_frozen
7833,kpop_0032.png,4,1,4,clip_frozen
7834,kpop_0032.png,4,1,4,clip_frozen
7835,kpop_0032.png,4,1,4,clip_frozen
7836,kpop_0032.png,4,1,4,clip_frozen
7837,kpop_0032.png,4,1,4,clip_frozen
7838,kpop_0032.png,4,1,4,clip_frozen
7839,kpop_0032.png,3,1,4,clip_frozen
7840,kpop_0032.png,3,1,4,clip_frozen
7841,kpop_0032.png,2,1,4,clip_frozen
7842,kpop_0032.png,2,3,4,clip_frozen
7843,kpop_0032.png,3,3,4,clip_frozen
7844,kpop_0032.png,3,1,4,clip_frozen
7845,kpop_0032.png,2,1,4,clip_frozen
7846,kpop_0033.png,4,0,4,clip_frozen
7847,kpop_0033.png,3,0,4,clip_frozen
7848,kpop_0033.png,2,0,4,clip_frozen
7889,kpop_0039.png,4,1,4,clip_frozen
7890,kpop_0039.png,4,1,4,clip_frozen
7891,kpop_0039.png,4,1,4,clip_frozen
7892,kpop_0039.png,4,1,4,clip_frozen
7893,kpop_0039.png,3,1,4,clip_frozen
7894,kpop_0039.png,2,1,4,clip_frozen
7895,kpop_0039.png,4,1,4,clip_frozen
7950,kpop_0045.png,4,3,4,clip_frozen
7951,kpop_0045.png,4,4,4,clip_frozen
7952,kpop_0045.png,4,4,4,clip_frozen
7953,kpop_0045.png,4,3,4,clip_frozen
7954,kpop_0045.png,4,4,4,clip_frozen
7955,kpop_0045.png,1,4,4,clip_frozen
7956,kpop_0045.png,1,4,4,clip_frozen
7957,kpop_0045.png,2,4,4,clip_frozen
7958,kpop_0045.png,1,4,4,clip_frozen
7959,kpop_0045.png,1,3,4,clip_frozen
7960,kpop_0045.png,2,4,4,clip_frozen
7961,kpop_0045.png,2,4,4,clip_frozen
7962,kpop_0045.png,4,4,4,clip_frozen
7963,kpop_0045.png,4,3,4,clip_frozen
7964,kpop_0045.png,4,4,4,clip_frozen
7965,kpop_0045.png,3,3,4,clip_frozen
7993,kpop_0048.png,4,4,4,clip_frozen
7994,kpop_0048.png,4,4,4,clip_frozen
7995,kpop_0048.png,3,4,4,clip_frozen
7996,kpop_0048.png,3,4,4,clip_frozen
7997,kpop_0048.png,3,3,4,clip_frozen
7998,kpop_0049.png,4,4,4,clip_frozen
7999,kpop_0049.png,4,4,4,clip_frozen
8000,kpop_0049.png,4,4,4,clip_frozen
8001,kpop_0049.png,4,4,4,clip_frozen
8002,kpop_0049.png,3,4,4,clip_frozen
8003,kpop_0049.png,4,4,4,clip_frozen
8004,kpop_0049.png,4,4,4,clip_frozen
8005,kpop_0049.png,4,4,4,clip_frozen
8006,kpop_0049.png,4,4,4,clip_frozen
8007,kpop_0049.png,4,3,4,clip_frozen
8008,kpop_0049.png,4,4,4,clip_frozen
8009,kpop_0049.png,2,4,4,clip_frozen
8010,kpop_0049.png,2,4,4,clip_frozen
8021,kpop_0053.png,0,4,4,clip_frozen
8022,kpop_0053.png,0,1,4,clip_frozen
8023,kpop_0053.png,0,4,4,clip_frozen
8024,kpop_0053.png,1,4,4,clip_frozen
8025,kpop_0053.png,3,4,4,clip_frozen
8026,kpop_0054.png,1,4,4,clip_frozen
8027,kpop_0054.png,1,4,4,clip_frozen
8028,kpop_0054.png,1,4,4,clip_frozen
8029,kpop_0054.png,2,4,4,clip_frozen
8030,kpop_0054.png,0,0,4,clip_frozen
8048,kpop_0056.png,4,4,4,clip_frozen
8049,kpop_0056.png,2,3,4,clip_frozen
8050,kpop_0056.png,3,0,4,clip_frozen
8051,kpop_0056.png,4,3,4,clip_frozen
8052,kpop_0056.png,3,4,4,clip_frozen
8053,kpop_0056.png,4,0,4,clip_frozen
8054,kpop_0056.png,4,3,4,clip_frozen
8055,kpop_0056.png,4,4,4,clip_frozen
8056,kpop_0056.png,4,4,4,clip_frozen
8057,kpop_0056.png,3,4,4,clip_frozen
8058,kpop_0056.png,3,4,4,clip_frozen
8059,kpop_0056.png,4,4,4,clip_frozen
8060,kpop_0056.png,4,3,4,clip_frozen
8061,kpop_0056.png,3,3,4,clip_frozen
8062,kpop_0056.png,3,0,4,clip_frozen
8063,kpop_0056.png,2,0,4,clip_frozen
8064,kpop_0056.png,2,4,4,clip_frozen
8065,kpop_0057.png,0,4,4,clip_frozen
8066,kpop_0057.png,0,0,4,clip_frozen
8067,kpop_0057.png,0,4,4,clip_frozen
8068,kpop_0057.png,3,4,4,clip_frozen
8069,kpop_0057.png,0,3,4,clip_frozen
8079,kpop_0060.png,4,4,4,clip_frozen
8080,kpop_0060.png,4,1,4,clip_frozen
8081,kpop_0060.png,4,1,4,clip_frozen
8082,kpop_0060.png,3,3,4,clip_frozen
8151,kpop_0071.png,0,0,4,clip_frozen
8152,kpop_0071.png,0,0,4,clip_frozen
8153,kpop_0071.png,0,0,4,clip_frozen
8154,kpop_0071.png,0,4,4,clip_frozen
8155,kpop_0071.png,1,0,4,clip_frozen
8199,kpop_0077.png,1,3,4,clip_frozen
8200,kpop_0077.png,3,3,4,clip_frozen
8201,kpop_0077.png,3,3,4,clip_frozen
8202,kpop_0077.png,3,3,4,clip_frozen
8203,kpop_0077.png,4,3,4,clip_frozen
8204,kpop_0077.png,4,3,4,clip_frozen
8205,kpop_0077.png,4,3,4,clip_frozen
8206,kpop_0077.png,3,3,4,clip_frozen
8207,kpop_0077.png,4,3,4,clip_frozen
8208,kpop_0077.png,4,3,4,clip_frozen
8209,kpop_0077.png,3,3,4,clip_frozen
8210,kpop_0077.png,2,3,4,clip_frozen
8211,kpop_0077.png,1,3,4,clip_frozen
8212,kpop_0077.png,3,3,4,clip_frozen
8213,kpop_0077.png,4,3,4,clip_frozen
8218,kpop_0079.png,4,4,4,clip_frozen
8219,kpop_0079.png,4,1,4,clip_frozen
8220,kpop_0079.png,3,3,4,clip_frozen
8221,kpop_0079.png,4,4,4,clip_frozen
8222,kpop_0079.png,4,4,4,clip_frozen
8236,kpop_0082.png,4,4,4,clip_frozen
8237,kpop_0082.png,4,4,4,clip_frozen
8238,kpop_0082.png,3,4,4,clip_frozen
8239,kpop_0082.png,4,4,4,clip_frozen
8240,kpop_0082.png,3,4,4,clip_frozen
8241,kpop_0082.png,3,4,4,clip_frozen
8242,kpop_0082.png,3,4,4,clip_frozen
8243,kpop_0082.png,3,3,4,clip_frozen
8244,kpop_0082.png,4,4,4,clip_frozen
8245,kpop_0082.png,2,1,4,clip_frozen
8246,kpop_0082.png,1,4,4,clip_frozen
8263,kpop_0087.png,4,4,4,clip_frozen
8264,kpop_0087.png,4,0,4,clip_frozen
8265,kpop_0087.png,3,3,4,clip_frozen
8266,kpop_0087.png,3,4,4,clip_frozen
8267,kpop_0087.png,3,4,4,clip_frozen
8268,kpop_0087.png,1,4,4,clip_frozen
8269,kpop_0087.png,2,0,4,clip_frozen
8270,kpop_0087.png,1,4,4,clip_frozen
8385,spotify_0002.png,1,4,4,clip_frozen
8386,spotify_0002.png,0,4,4,clip_frozen
8387,spotify_0002.png,0,4,4,clip_frozen
8388,spotify_0002.png,0,3,4,clip_frozen
8400,spotify_0008.png,3,3,4,clip_frozen
8401,spotify_0008.png,4,4,4,clip_frozen
8402,spotify_0008.png,4,3,4,clip_frozen
8403,spotify_0008.png,3,4,4,clip_frozen
8404,spotify_0008.png,2,4,4,clip_frozen
8421,spotify_0015.png,3,3,4,clip_frozen
8422,spotify_0015.png,3,3,4,clip_frozen
8423,spotify_0015.png,4,4,4,clip_frozen
8424,spotify_0015.png,4,0,4,clip_frozen
8450,spotify_0024.png,4,4,4,clip_frozen
8451,spotify_0024.png,4,4,4,clip_frozen
8452,spotify_0024.png,3,4,4,clip_frozen
8453,spotify_0024.png,2,4,4,clip_frozen
8483,spotify_0040.png,4,4,4,clip_frozen
8484,spotify_0040.png,4,4,4,clip_frozen
8485,spotify_0040.png,2,4,4,clip_frozen
8486,spotify_0040.png,2,4,4,clip_frozen
8558,spotify_0059.png,3,4,4,clip_frozen
8559,spotify_0059.png,3,4,4,clip_frozen
8560,spotify_0059.png,2,4,4,clip_frozen
8561,spotify_0059.png,2,4,4,clip_frozen
8562,spotify_0059.png,2,3,4,clip_frozen
8588,spotify_0066.png,3,4,4,clip_frozen
8589,spotify_0066.png,2,4,4,clip_frozen
8590,spotify_0066.png,2,3,4,clip_frozen
8591,spotify_0066.png,4,4,4,clip_frozen
8592,spotify_0066.png,4,4,4,clip_frozen
8599,spotify_0072.png,4,1,4,clip_frozen
8600,spotify_0072.png,3,4,4,clip_frozen
8601,spotify_0072.png,1,4,4,clip_frozen
8602,spotify_0072.png,3,4,4,clip_frozen
8603,spotify_0072.png,4,4,4,clip_frozen
8633,spotify_0089.png,1,4,4,clip_frozen
8634,spotify_0089.png,3,4,4,clip_frozen
8635,spotify_0089.png,2,4,4,clip_frozen
8636,spotify_0089.png,2,4,4,clip_frozen
8637,spotify_0089.png,2,0,4,clip_frozen
8638,spotify_0093.png,4,3,4,clip_frozen
8639,spotify_0093.png,4,4,4,clip_frozen
8640,spotify_0093.png,4,4,4,clip_frozen
8641,spotify_0093.png,1,4,4,clip_frozen
8642,spotify_0093.png,1,4,4,clip_frozen
8643,spotify_0093.png,1,4,4,clip_frozen
8644,spotify_0093.png,0,4,4,clip_frozen
8645,spotify_0093.png,0,0,4,clip_frozen
8646,spotify_0093.png,3,4,4,clip_frozen
8647,spotify_0093.png,0,4,4,clip_frozen
8648,spotify_0093.png,3,4,4,clip_frozen
8649,spotify_0093.png,3,3,4,clip_frozen
8655,spotify_0095.png,2,3,4,clip_frozen
8656,spotify_0095.png,3,3,4,clip_frozen
8657,spotify_0095.png,3,3,4,clip_frozen
8658,spotify_0095.png,2,4,4,clip_frozen
8659,spotify_0095.png,4,4,4,clip_frozen
8680,netflix_0002.png,4,4,4,clip_frozen
8681,netflix_0002.png,1,3,4,clip_frozen
8682,netflix_0002.png,1,4,4,clip_frozen
8683,netflix_0002.png,0,4,4,clip_frozen
8684,netflix_0002.png,1,4,4,clip_frozen
8690,netflix_0004.png,4,4,4,clip_frozen
8691,netflix_0004.png,4,4,4,clip_frozen
8692,netflix_0004.png,4,4,4,clip_frozen
8693,netflix_0004.png,3,4,4,clip_frozen
8694,netflix_0004.png,3,4,4,clip_frozen
8695,netflix_0004.png,1,3,4,clip_frozen
8696,netflix_0004.png,2,3,4,clip_frozen
8697,netflix_0004.png,1,4,4,clip_frozen
8698,netflix_0004.png,1,4,4,clip_frozen
8699,netflix_0004.png,1,4,4,clip_frozen
8704,netflix_0006.png,3,1,4,clip_frozen
8705,netflix_0006.png,0,1,4,clip_frozen
8706,netflix_0006.png,0,1,4,clip_frozen
8707,netflix_0006.png,1,1,4,clip_frozen
8708,netflix_0006.png,1,1,4,clip_frozen
8727,netflix_0013.png,4,4,4,clip_frozen
8772,netflix_0021.png,1,4,4,clip_frozen
8773,netflix_0021.png,1,0,4,clip_frozen
8774,netflix_0021.png,1,0,4,clip_frozen
8800,netflix_0031.png,4,4,4,clip_frozen
8801,netflix_0031.png,3,4,4,clip_frozen
8802,netflix_0031.png,3,4,4,clip_frozen
8803,netflix_0031.png,4,4,4,clip_frozen
8804,netflix_0031.png,3,4,4,clip_frozen
8805,netflix_0031.png,3,4,4,clip_frozen
8806,netflix_0031.png,2,4,4,clip_frozen
8809,netflix_0034.png,2,4,4,clip_frozen
8810,netflix_0034.png,4,4,4,clip_frozen
8811,netflix_0034.png,1,4,4,clip_frozen
8812,netflix_0034.png,3,4,4,clip_frozen
8813,netflix_0034.png,3,3,4,clip_frozen
8826,netflix_0038.png,4,4,4,clip_frozen
8827,netflix_0038.png,1,4,4,clip_frozen
8828,netflix_0038.png,1,4,4,clip_frozen
8829,netflix_0038.png,4,1,4,clip_frozen
8830,netflix_0038.png,0,4,4,clip_frozen
8848,netflix_0042.png,4,4,4,clip_frozen
8849,netflix_0042.png,2,4,4,clip_frozen
8850,netflix_0042.png,1,4,4,clip_frozen
8867,netflix_0048.png,4,4,4,clip_frozen
8868,netflix_0048.png,3,4,4,clip_frozen
8869,netflix_0048.png,3,4,4,clip_frozen
8870,netflix_0048.png,2,4,4,clip_frozen
8871,netflix_0048.png,2,4,4,clip_frozen
8957,netflix_0068.png,4,4,4,clip_frozen
8958,netflix_0068.png,2,4,4,clip_frozen
8959,netflix_0068.png,4,4,4,clip_frozen
8960,netflix_0068.png,4,4,4,clip_frozen
8966,netflix_0070.png,4,4,4,clip_frozen
8967,netflix_0070.png,4,4,4,clip_frozen
8968,netflix_0070.png,4,4,4,clip_frozen
9022,netflix_0092.png,1,1,4,clip_frozen
9023,netflix_0092.png,4,1,4,clip_frozen
9024,netflix_0092.png,1,0,4,clip_frozen
9025,netflix_0093.png,1,1,4,clip_frozen
9026,netflix_0093.png,3,0,4,clip_frozen
9027,netflix_0093.png,1,0,4,clip_frozen
9028,netflix_0093.png,4,0,4,clip_frozen
9029,netflix_0093.png,2,0,4,clip_frozen
9030,netflix_0095.png,4,0,4,clip_frozen
9031,netflix_0095.png,3,0,4,clip_frozen
9032,netflix_0095.png,4,0,4,clip_frozen
9033,netflix_0095.png,4,0,4,clip_frozen
9034,netflix_0095.png,4,1,4,clip_frozen
9035,netflix_0095.png,1,0,4,clip_frozen
9036,netflix_0096.png,2,0,4,clip_frozen
9037,netflix_0096.png,0,0,4,clip_frozen
9038,netflix_0096.png,1,1,4,clip_frozen
9147,apple_0026.png,4,4,4,clip_frozen
9148,apple_0026.png,4,4,4,clip_frozen
9149,apple_0026.png,3,4,4,clip_frozen
9150,apple_0026.png,4,4,4,clip_frozen
9151,apple_0026.png,4,4,4,clip_frozen
9152,apple_0026.png,4,4,4,clip_frozen
9153,apple_0026.png,1,4,4,clip_frozen
9184,apple_0040.png,4,4,4,clip_frozen
9185,apple_0040.png,4,4,4,clip_frozen
9186,apple_0040.png,4,4,4,clip_frozen
9187,apple_0040.png,4,4,4,clip_frozen
9188,apple_0041.png,4,4,4,clip_frozen
9189,apple_0041.png,4,4,4,clip_frozen
9190,apple_0041.png,4,4,4,clip_frozen
9191,apple_0041.png,3,4,4,clip_frozen
9192,apple_0041.png,4,4,4,clip_frozen
9193,apple_0042.png,4,4,4,clip_frozen
9194,apple_0042.png,3,4,4,clip_frozen
9195,apple_0042.png,2,4,4,clip_frozen
9196,apple_0042.png,0,4,4,clip_frozen
9197,apple_0042.png,2,4,4,clip_frozen
9208,apple_0047.png,4,4,4,clip_frozen
9209,apple_0047.png,4,4,4,clip_frozen
9210,apple_0047.png,3,4,4,clip_frozen
9211,apple_0047.png,2,4,4,clip_frozen
9212,apple_0047.png,3,4,4,clip_frozen
9213,apple_0047.png,4,4,4,clip_frozen
9223,apple_0050.png,4,4,4,clip_frozen
9224,apple_0050.png,4,4,4,clip_frozen
9225,apple_0050.png,4,4,4,clip_frozen
9226,apple_0050.png,2,4,4,clip_frozen
9227,apple_0050.png,4,4,4,clip_frozen
9232,apple_0052.png,4,4,4,clip_frozen
9233,apple_0052.png,4,4,4,clip_frozen
9234,apple_0052.png,4,4,4,clip_frozen
9235,apple_0052.png,4,4,4,clip_frozen
9236,apple_0052.png,4,4,4,clip_frozen
9237,apple_0055.png,4,4,4,clip_frozen
9238,apple_0055.png,3,4,4,clip_frozen
9239,apple_0055.png,4,4,4,clip_frozen
9240,apple_0055.png,4,4,4,clip_frozen
9241,apple_0055.png,3,4,4,clip_frozen
9344,apple_0097.png,4,4,4,clip_frozen
9345,apple_0097.png,4,4,4,clip_frozen
9346,apple_0098.png,4,4,4,clip_frozen
9347,apple_0098.png,4,4,4,clip_frozen
9348,apple_0098.png,1,4,4,clip_frozen
9349,apple_0098.png,2,4,4,clip_frozen
9350,apple_0098.png,3,4,4,clip_frozen
9379,galaxy_0007.png,4,1,4,clip_frozen
9380,galaxy_0007.png,1,1,4,clip_frozen
9381,galaxy_0007.png,0,1,4,clip_frozen
9382,galaxy_0007.png,1,1,4,clip_frozen
9383,galaxy_0007.png,1,1,4,clip_frozen
9384,galaxy_0007.png,4,3,4,clip_frozen
9424,galaxy_0018.png,1,4,4,clip_frozen
9425,galaxy_0018.png,1,4,4,clip_frozen
9426,galaxy_0018.png,1,4,4,clip_frozen
9447,galaxy_0023.png,4,4,4,clip_frozen
9448,galaxy_0023.png,1,4,4,clip_frozen
9449,galaxy_0023.png,1,4,4,clip_frozen
9450,galaxy_0023.png,2,4,4,clip_frozen
9451,galaxy_0023.png,2,4,4,clip_frozen
9452,galaxy_0025.png,1,4,4,clip_frozen
9453,galaxy_0025.png,1,4,4,clip_frozen
9454,galaxy_0025.png,4,4,4,clip_frozen
9455,galaxy_0025.png,4,4,4,clip_frozen
9456,galaxy_0025.png,2,4,4,clip_frozen
9487,galaxy_0028.png,0,1,4,clip_frozen
9488,galaxy_0028.png,2,1,4,clip_frozen
9489,galaxy_0028.png,4,1,4,clip_frozen
9490,galaxy_0028.png,3,1,4,clip_frozen
9491,galaxy_0028.png,1,4,4,clip_frozen
9532,galaxy_0035.png,4,4,4,clip_frozen
9533,galaxy_0035.png,3,4,4,clip_frozen
9540,galaxy_0039.png,4,4,4,clip_frozen
9541,galaxy_0039.png,4,4,4,clip_frozen
9542,galaxy_0039.png,4,4,4,clip_frozen
9543,galaxy_0039.png,3,4,4,clip_frozen
9544,galaxy_0039.png,4,4,4,clip_frozen
9596,galaxy_0061.png,2,1,4,clip_frozen
9597,galaxy_0061.png,3,1,4,clip_frozen
9598,galaxy_0061.png,4,1,4,clip_frozen
9599,galaxy_0061.png,1,0,4,clip_frozen
9600,galaxy_0061.png,3,1,4,clip_frozen
9601,galaxy_0063.png,4,3,4,clip_frozen
9602,galaxy_0063.png,4,3,4,clip_frozen
9603,galaxy_0063.png,4,3,4,clip_frozen
9604,galaxy_0063.png,4,4,4,clip_frozen
9605,galaxy_0063.png,3,3,4,clip_frozen
9606,galaxy_0063.png,1,3,4,clip_frozen
9607,galaxy_0063.png,1,3,4,clip_frozen
9608,galaxy_0063.png,0,3,4,clip_frozen
9609,galaxy_0063.png,4,3,4,clip_frozen
9610,galaxy_0063.png,3,3,4,clip_frozen
9611,galaxy_0063.png,3,3,4,clip_frozen
9637,galaxy_0070.png,4,1,4,clip_frozen
9638,galaxy_0070.png,4,1,4,clip_frozen
9639,galaxy_0070.png,3,4,4,clip_frozen
9640,galaxy_0070.png,3,1,4,clip_frozen
9644,galaxy_0073.png,4,1,4,clip_frozen
9645,galaxy_0073.png,4,1,4,clip_frozen
9646,galaxy_0073.png,4,1,4,clip_frozen
9647,galaxy_0073.png,4,1,4,clip_frozen
9648,galaxy_0073.png,4,1,4,clip_frozen
9649,galaxy_0073.png,4,1,4,clip_frozen
9650,galaxy_0073.png,1,1,4,clip_frozen
9651,galaxy_0073.png,1,1,4,clip_frozen
9652,galaxy_0073.png,0,1,4,clip_frozen
9662,galaxy_0077.png,0,0,4,clip_frozen
9663,galaxy_0077.png,3,1,4,clip_frozen
9664,galaxy_0077.png,4,1,4,clip_frozen
9665,galaxy_0077.png,4,1,4,clip_frozen
9666,galaxy_0077.png,1,1,4,clip_frozen
9667,galaxy_0078.png,2,1,4,clip_frozen
9668,galaxy_0078.png,3,1,4,clip_frozen
9669,galaxy_0078.png,1,1,4,clip_frozen
9670,galaxy_0078.png,0,1,4,clip_frozen
9671,galaxy_0078.png,4,3,4,clip_frozen
9672,galaxy_0078.png,2,1,4,clip_frozen
9673,galaxy_0078.png,2,1,4,clip_frozen
9674,galaxy_0078.png,0,0,4,clip_frozen
9683,galaxy_0081.png,4,4,4,clip_frozen
9684,galaxy_0081.png,4,4,4,clip_frozen
9685,galaxy_0081.png,4,4,4,clip_frozen
9686,galaxy_0081.png,4,4,4,clip_frozen
9687,galaxy_0081.png,4,3,4,clip_frozen
9688,galaxy_0081.png,1,3,4,clip_frozen
9689,galaxy_0081.png,1,4,4,clip_frozen
9690,galaxy_0081.png,1,4,4,clip_frozen
9691,galaxy_0081.png,4,4,4,clip_frozen
9692,galaxy_0081.png,2,3,4,clip_frozen
9693,galaxy_0081.png,3,3,4,clip_frozen
9695,galaxy_0083.png,3,1,4,clip_frozen
9696,galaxy_0083.png,1,1,4,clip_frozen
9697,galaxy_0083.png,4,1,4,clip_frozen
9698,galaxy_0083.png,4,1,4,clip_frozen
9779,iphone16_0001.png,4,0,4,clip_frozen
9780,iphone16_0001.png,3,0,4,clip_frozen
9781,iphone16_0001.png,3,0,4,clip_frozen
9782,iphone16_0001.png,1,0,4,clip_frozen
9783,iphone16_0001.png,2,0,4,clip_frozen
9784,iphone16_0001.png,3,0,4,clip_frozen
9785,iphone16_0001.png,0,0,4,clip_frozen
9786,iphone16_0001.png,0,0,4,clip_frozen
9787,iphone16_0001.png,0,0,4,clip_frozen
9788,iphone16_0001.png,0,0,4,clip_frozen
9789,iphone16_0001.png,1,0,4,clip_frozen
9790,iphone16_0001.png,0,0,4,clip_frozen
9791,iphone16_0001.png,0,0,4,clip_frozen
9792,iphone16_0001.png,0,0,4,clip_frozen
9793,iphone16_0001.png,0,0,4,clip_frozen
9794,iphone16_0001.png,0,0,4,clip_frozen
9795,iphone16_0001.png,0,4,4,clip_frozen
9796,iphone16_0001.png,0,0,4,clip_frozen
9797,iphone16_0001.png,0,0,4,clip_frozen
9798,iphone16_0001.png,0,0,4,clip_frozen
9799,iphone16_0001.png,0,0,4,clip_frozen
9800,iphone16_0001.png,1,0,4,clip_frozen
9801,iphone16_0001.png,1,0,4,clip_frozen
9802,iphone16_0001.png,2,0,4,clip_frozen
9803,iphone16_0001.png,2,0,4,clip_frozen
9804,iphone16_0001.png,2,4,4,clip_frozen
9805,iphone16_0001.png,2,0,4,clip_frozen
9806,iphone16_0001.png,1,4,4,clip_frozen
9807,iphone16_0002.png,1,0,4,clip_frozen
9808,iphone16_0002.png,4,0,4,clip_frozen
9809,iphone16_0002.png,3,0,4,clip_frozen
9810,iphone16_0002.png,2,0,4,clip_frozen
9811,iphone16_0002.png,2,0,4,clip_frozen
9849,iphone16_0010.png,4,0,4,clip_frozen
9850,iphone16_0010.png,0,0,4,clip_frozen
9851,iphone16_0010.png,0,0,4,clip_frozen
9868,iphone16_0014.png,0,0,4,clip_frozen
9869,iphone16_0014.png,4,0,4,clip_frozen
9870,iphone16_0014.png,2,4,4,clip_frozen
9871,iphone16_0014.png,4,0,4,clip_frozen
9876,iphone16_0016.png,4,0,4,clip_frozen
9877,iphone16_0016.png,4,4,4,clip_frozen
9878,iphone16_0016.png,1,0,4,clip_frozen
9879,iphone16_0016.png,1,0,4,clip_frozen
9880,iphone16_0016.png,3,4,4,clip_frozen
9881,iphone16_0017.png,4,0,4,clip_frozen
9882,iphone16_0017.png,4,0,4,clip_frozen
9884,iphone16_0020.png,1,0,4,clip_frozen
9885,iphone16_0020.png,0,4,4,clip_frozen
9886,iphone16_0020.png,1,4,4,clip_frozen
9887,iphone16_0020.png,2,4,4,clip_frozen
9888,iphone16_0020.png,2,4,4,clip_frozen
9889,iphone16_0022.png,4,0,4,clip_frozen
9890,iphone16_0022.png,1,0,4,clip_frozen
9891,iphone16_0022.png,1,0,4,clip_frozen
9892,iphone16_0022.png,0,0,4,clip_frozen
9893,iphone16_0022.png,3,0,4,clip_frozen
9911,iphone16_0032.png,3,4,4,clip_frozen
9912,iphone16_0032.png,4,4,4,clip_frozen
9913,iphone16_0032.png,3,4,4,clip_frozen
9914,iphone16_0032.png,4,4,4,clip_frozen
9915,iphone16_0032.png,4,0,4,clip_frozen
9916,iphone16_0032.png,4,4,4,clip_frozen
9917,iphone16_0032.png,4,4,4,clip_frozen
9918,iphone16_0032.png,3,4,4,clip_frozen
9938,iphone16_0039.png,0,0,4,clip_frozen
9973,iphone16_0048.png,4,4,4,clip_frozen
9974,iphone16_0048.png,4,4,4,clip_frozen
9975,iphone16_0048.png,0,4,4,clip_frozen
9976,iphone16_0048.png,1,4,4,clip_frozen
9977,iphone16_0048.png,2,4,4,clip_frozen
9983,iphone16_0051.png,1,0,4,clip_frozen
9984,iphone16_0051.png,4,4,4,clip_frozen
9985,iphone16_0051.png,2,0,4,clip_frozen
9986,iphone16_0051.png,2,0,4,clip_frozen
9987,iphone16_0051.png,0,0,4,clip_frozen
9988,iphone16_0052.png,4,0,4,clip_frozen
9989,iphone16_0052.png,1,0,4,clip_frozen
9990,iphone16_0052.png,1,0,4,clip_frozen
9991,iphone16_0052.png,0,0,4,clip_frozen
9992,iphone16_0052.png,3,0,4,clip_frozen
9998,iphone16_0054.png,1,0,4,clip_frozen
9999,iphone16_0054.png,4,0,4,clip_frozen
10000,iphone16_0054.png,4,0,4,clip_frozen
10001,iphone16_0054.png,2,0,4,clip_frozen
10043,iphone16_0063.png,4,0,4,clip_frozen
10044,iphone16_0063.png,4,0,4,clip_frozen
10045,iphone16_0063.png,3,4,4,clip_frozen
10046,iphone16_0063.png,1,4,4,clip_frozen
10047,iphone16_0063.png,1,4,4,clip_frozen
10053,iphone16_0065.png,4,0,4,clip_frozen
10054,iphone16_0065.png,4,0,4,clip_frozen
10126,iphone16_0079.png,1,0,4,clip_frozen
10127,iphone16_0079.png,1,0,4,clip_frozen
10128,iphone16_0079.png,4,0,4,clip_frozen
10129,iphone16_0079.png,0,0,4,clip_frozen
10130,iphone16_0079.png,0,0,4,clip_frozen
10131,iphone16_0079.png,0,0,4,clip_frozen
10132,iphone16_0079.png,0,0,4,clip_frozen
10133,iphone16_0079.png,3,0,4,clip_frozen
10134,iphone16_0079.png,1,0,4,clip_frozen
10135,iphone16_0079.png,4,0,4,clip_frozen
10136,iphone16_0079.png,4,0,4,clip_frozen
10137,iphone16_0079.png,4,0,4,clip_frozen
10138,iphone16_0079.png,3,0,4,clip_frozen
10139,iphone16_0079.png,4,0,4,clip_frozen
10140,iphone16_0079.png,4,0,4,clip_frozen
10141,iphone16_0079.png,4,0,4,clip_frozen
10142,iphone16_0079.png,4,0,4,clip_frozen
10143,iphone16_0079.png,3,0,4,clip_frozen
10144,iphone16_0079.png,4,0,4,clip_frozen
10145,iphone16_0079.png,0,0,4,clip_frozen
10146,iphone16_0079.png,0,0,4,clip_frozen
10147,iphone16_0079.png,0,0,4,clip_frozen
10148,iphone16_0079.png,2,0,4,clip_frozen
10149,iphone16_0079.png,3,0,4,clip_frozen
10150,iphone16_0079.png,0,0,4,clip_frozen
10151,iphone16_0079.png,3,0,4,clip_frozen
10157,iphone16_0081.png,0,0,4,clip_frozen
10158,iphone16_0081.png,2,0,4,clip_frozen
10159,iphone16_0081.png,3,0,4,clip_frozen
10160,iphone16_0081.png,4,0,4,clip_frozen
10161,iphone16_0081.png,4,0,4,clip_frozen
10182,iphone16_0086.png,3,4,4,clip_frozen
10183,iphone16_0086.png,4,4,4,clip_frozen
10184,iphone16_0086.png,3,4,4,clip_frozen
10185,iphone16_0086.png,2,4,4,clip_frozen
10186,iphone16_0086.png,2,4,4,clip_frozen
10187,iphone16_0086.png,2,4,4,clip_frozen
10188,iphone16_0086.png,1,4,4,clip_frozen
10189,iphone16_0088.png,4,4,4,clip_frozen
10190,iphone16_0088.png,4,4,4,clip_frozen
10191,iphone16_0088.png,4,4,4,clip_frozen
10192,iphone16_0088.png,3,4,4,clip_frozen
10193,iphone16_0088.png,4,0,4,clip_frozen
10199,iphone16_0090.png,1,0,4,clip_frozen
10200,iphone16_0090.png,4,0,4,clip_frozen
10247,iphone16_0097.png,4,0,4,clip_frozen
10248,iphone16_0097.png,4,0,4,clip_frozen
10249,iphone16_0097.png,3,0,4,clip_frozen
10250,iphone16_0097.png,4,0,4,clip_frozen
10251,iphone16_0097.png,2,0,4,clip_frozen
10252,iphone16_0098.png,4,4,4,clip_frozen
10253,iphone16_0098.png,0,4,4,clip_frozen
10254,iphone16_0098.png,3,4,4,clip_frozen
10255,iphone16_0098.png,0,4,4,clip_frozen
10256,iphone16_0098.png,4,4,4,clip_frozen
10273,healthstagram_0006.png,3,2,4,clip_frozen
10408,healthstagram_0027.png,0,1,4,clip_frozen
10698,healthstagram_0091.png,1,1,4,clip_frozen
10699,healthstagram_0091.png,4,1,4,clip_frozen
10700,healthstagram_0091.png,0,1,4,clip_frozen
10701,healthstagram_0091.png,0,1,4,clip_frozen
10702,healthstagram_0091.png,1,1,4,clip_frozen
10703,healthstagram_0091.png,2,2,4,clip_frozen
10704,healthstagram_0091.png,0,1,4,clip_frozen
10705,healthstagram_0091.png,0,1,4,clip_frozen
10706,healthstagram_0091.png,0,1,4,clip_frozen
10707,healthstagram_0091.png,0,1,4,clip_frozen
10708,healthstagram_0091.png,0,1,4,clip_frozen
10709,healthstagram_0091.png,0,1,4,clip_frozen
10710,healthstagram_0091.png,0,1,4,clip_frozen
10711,healthstagram_0091.png,0,1,4,clip_frozen
10712,healthstagram_0091.png,2,3,4,clip_frozen
10713,healthstagram_0091.png,0,1,4,clip_frozen
10714,healthstagram_0091.png,4,1,4,clip_frozen
10715,healthstagram_0091.png,4,1,4,clip_frozen
10716,healthstagram_0091.png,4,3,4,clip_frozen
10717,healthstagram_0091.png,3,3,4,clip_frozen
10718,healthstagram_0091.png,3,3,4,clip_frozen
10719,healthstagram_0091.png,0,1,4,clip_frozen
10720,healthstagram_0091.png,1,1,4,clip_frozen
10721,healthstagram_0091.png,0,1,4,clip_frozen
10722,healthstagram_0091.png,1,1,4,clip_frozen
10723,healthstagram_0091.png,0,1,4,clip_frozen
10724,healthstagram_0091.png,0,2,4,clip_frozen
10725,healthstagram_0091.png,3,3,4,clip_frozen
10726,healthstagram_0091.png,0,1,4,clip_frozen
10727,healthstagram_0091.png,0,1,4,clip_frozen
10763,healthstagram_0095.png,4,2,4,clip_frozen
10764,healthstagram_0095.png,4,2,4,clip_frozen
10765,healthstagram_0095.png,4,2,4,clip_frozen
10766,healthstagram_0095.png,3,2,4,clip_frozen
10767,healthstagram_0095.png,4,2,4,clip_frozen
10768,healthstagram_0095.png,4,2,4,clip_frozen
10769,healthstagram_0095.png,4,2,4,clip_frozen
10770,healthstagram_0095.png,0,2,4,clip_frozen
10771,healthstagram_0095.png,0,1,4,clip_frozen
10772,healthstagram_0095.png,4,2,4,clip_frozen
10773,healthstagram_0095.png,4,2,4,clip_frozen
10774,healthstagram_0095.png,1,2,4,clip_frozen
10775,healthstagram_0095.png,0,1,4,clip_frozen
10776,healthstagram_0095.png,4,2,4,clip_frozen
10777,healthstagram_0095.png,4,2,4,clip_frozen
10852,ounwan_0014.png,1,1,4,clip_frozen
10853,ounwan_0014.png,3,3,4,clip_frozen
10854,ounwan_0014.png,0,2,4,clip_frozen
10855,ounwan_0014.png,4,1,4,clip_frozen
10856,ounwan_0014.png,4,2,4,clip_frozen
10857,ounwan_0014.png,4,2,4,clip_frozen
10858,ounwan_0014.png,4,2,4,clip_frozen
10859,ounwan_0014.png,4,1,4,clip_frozen
10860,ounwan_0014.png,2,3,4,clip_frozen
10861,ounwan_0014.png,3,3,4,clip_frozen
10862,ounwan_0014.png,2,2,4,clip_frozen
10863,ounwan_0014.png,1,2,4,clip_frozen
10864,ounwan_0014.png,0,3,4,clip_frozen
10865,ounwan_0014.png,2,1,4,clip_frozen
10866,ounwan_0014.png,2,1,4,clip_frozen
10867,ounwan_0014.png,2,2,4,clip_frozen
10868,ounwan_0014.png,3,2,4,clip_frozen
10869,ounwan_0014.png,3,3,4,clip_frozen
10870,ounwan_0014.png,2,2,4,clip_frozen
10871,ounwan_0014.png,2,3,4,clip_frozen
10872,ounwan_0014.png,2,2,4,clip_frozen
10873,ounwan_0014.png,2,1,4,clip_frozen
10874,ounwan_0014.png,4,3,4,clip_frozen
10875,ounwan_0014.png,0,1,4,clip_frozen
10876,ounwan_0014.png,1,1,4,clip_frozen
10877,ounwan_0014.png,1,1,4,clip_frozen
10878,ounwan_0014.png,3,3,4,clip_frozen
10879,ounwan_0014.png,1,1,4,clip_frozen
10880,ounwan_0014.png,2,3,4,clip_frozen
10881,ounwan_0014.png,2,3,4,clip_frozen
10936,ounwan_0021.png,4,2,4,clip_frozen
10976,ounwan_0038.png,4,1,4,clip_frozen
10977,ounwan_0038.png,3,2,4,clip_frozen
10978,ounwan_0038.png,4,2,4,clip_frozen
10979,ounwan_0038.png,2,2,4,clip_frozen
10980,ounwan_0038.png,0,1,4,clip_frozen
10981,ounwan_0038.png,4,1,4,clip_frozen
10982,ounwan_0038.png,1,1,4,clip_frozen
10983,ounwan_0038.png,3,1,4,clip_frozen
10984,ounwan_0038.png,3,2,4,clip_frozen
10985,ounwan_0038.png,1,1,4,clip_frozen
10986,ounwan_0038.png,2,1,4,clip_frozen
10987,ounwan_0038.png,4,1,4,clip_frozen
10988,ounwan_0038.png,2,1,4,clip_frozen
10989,ounwan_0038.png,2,1,4,clip_frozen
10990,ounwan_0038.png,0,1,4,clip_frozen
10991,ounwan_0038.png,2,2,4,clip_frozen
10992,ounwan_0038.png,0,1,4,clip_frozen
10993,ounwan_0038.png,0,1,4,clip_frozen
10994,ounwan_0038.png,4,1,4,clip_frozen
10995,ounwan_0038.png,4,1,4,clip_frozen
10996,ounwan_0038.png,0,1,4,clip_frozen
10997,ounwan_0038.png,0,1,4,clip_frozen
10998,ounwan_0038.png,4,1,4,clip_frozen
10999,ounwan_0038.png,4,2,4,clip_frozen
11000,ounwan_0038.png,3,2,4,clip_frozen
11001,ounwan_0038.png,0,2,4,clip_frozen
11002,ounwan_0038.png,0,2,4,clip_frozen
11004,ounwan_0042.png,4,3,4,clip_frozen
11029,ounwan_0044.png,3,2,4,clip_frozen
11030,ounwan_0044.png,4,1,4,clip_frozen
11031,ounwan_0044.png,3,1,4,clip_frozen
11032,ounwan_0044.png,2,1,4,clip_frozen
11033,ounwan_0044.png,2,1,4,clip_frozen
11034,ounwan_0044.png,3,1,4,clip_frozen
11035,ounwan_0044.png,3,1,4,clip_frozen
11036,ounwan_0044.png,3,1,4,clip_frozen
11037,ounwan_0044.png,1,1,4,clip_frozen
11038,ounwan_0044.png,2,1,4,clip_frozen
11039,ounwan_0044.png,4,1,4,clip_frozen
11040,ounwan_0044.png,2,1,4,clip_frozen
11041,ounwan_0044.png,0,1,4,clip_frozen
11042,ounwan_0044.png,1,1,4,clip_frozen
11043,ounwan_0044.png,3,1,4,clip_frozen
11044,ounwan_0044.png,1,1,4,clip_frozen
11045,ounwan_0047.png,3,3,4,clip_frozen
11046,ounwan_0047.png,3,1,4,clip_frozen
11047,ounwan_0047.png,4,1,4,clip_frozen
11048,ounwan_0047.png,1,1,4,clip_frozen
11049,ounwan_0049.png,4,2,4,clip_frozen
11050,ounwan_0049.png,1,2,4,clip_frozen
11051,ounwan_0049.png,4,2,4,clip_frozen
11052,ounwan_0049.png,0,2,4,clip_frozen
11053,ounwan_0049.png,3,2,4,clip_frozen
11054,ounwan_0049.png,4,2,4,clip_frozen
11055,ounwan_0049.png,3,2,4,clip_frozen
11056,ounwan_0049.png,4,2,4,clip_frozen
11057,ounwan_0049.png,3,2,4,clip_frozen
11058,ounwan_0049.png,4,2,4,clip_frozen
11059,ounwan_0049.png,2,2,4,clip_frozen
11060,ounwan_0049.png,2,0,4,clip_frozen
11061,ounwan_0049.png,0,0,4,clip_frozen
11062,ounwan_0049.png,2,2,4,clip_frozen
11063,ounwan_0049.png,4,0,4,clip_frozen
11064,ounwan_0049.png,0,0,4,clip_frozen
11066,ounwan_0053.png,3,3,4,clip_frozen
11067,ounwan_0053.png,2,2,4,clip_frozen
11068,ounwan_0053.png,4,1,4,clip_frozen
11069,ounwan_0053.png,4,3,4,clip_frozen
11070,ounwan_0053.png,4,1,4,clip_frozen
11071,ounwan_0053.png,3,1,4,clip_frozen
11072,ounwan_0053.png,2,3,4,clip_frozen
11073,ounwan_0053.png,4,3,4,clip_frozen
11074,ounwan_0053.png,4,3,4,clip_frozen
11075,ounwan_0053.png,4,1,4,clip_frozen
11076,ounwan_0053.png,2,2,4,clip_frozen
11077,ounwan_0053.png,3,3,4,clip_frozen
11078,ounwan_0053.png,1,1,4,clip_frozen
11079,ounwan_0053.png,1,1,4,clip_frozen
11080,ounwan_0053.png,1,1,4,clip_frozen
11081,ounwan_0053.png,1,2,4,clip_frozen
11082,ounwan_0053.png,0,1,4,clip_frozen
11083,ounwan_0053.png,0,1,4,clip_frozen
11084,ounwan_0053.png,1,1,4,clip_frozen
11085,ounwan_0053.png,0,1,4,clip_frozen
11086,ounwan_0053.png,4,3,4,clip_frozen
11087,ounwan_0053.png,4,2,4,clip_frozen
11088,ounwan_0053.png,2,2,4,clip_frozen
11089,ounwan_0053.png,1,1,4,clip_frozen
11090,ounwan_0053.png,0,1,4,clip_frozen
11091,ounwan_0053.png,0,2,4,clip_frozen
11092,ounwan_0053.png,1,2,4,clip_frozen
11093,ounwan_0053.png,0,2,4,clip_frozen
11094,ounwan_0053.png,1,1,4,clip_frozen
11096,ounwan_0056.png,3,1,4,clip_frozen
11097,ounwan_0056.png,1,2,4,clip_frozen
11098,ounwan_0056.png,1,1,4,clip_frozen
11099,ounwan_0056.png,1,2,4,clip_frozen
11100,ounwan_0056.png,4,1,4,clip_frozen
11101,ounwan_0056.png,1,1,4,clip_frozen
11102,ounwan_0056.png,1,2,4,clip_frozen
11103,ounwan_0056.png,1,2,4,clip_frozen
11104,ounwan_0056.png,4,3,4,clip_frozen
11105,ounwan_0056.png,4,2,4,clip_frozen
11106,ounwan_0056.png,0,1,4,clip_frozen
11107,ounwan_0056.png,0,2,4,clip_frozen
11108,ounwan_0056.png,0,2,4,clip_frozen
11109,ounwan_0056.png,0,1,4,clip_frozen
11110,ounwan_0056.png,1,2,4,clip_frozen
11111,ounwan_0056.png,1,1,4,clip_frozen
11112,ounwan_0056.png,2,2,4,clip_frozen
11113,ounwan_0056.png,1,1,4,clip_frozen
11114,ounwan_0056.png,2,2,4,clip_frozen
11115,ounwan_0056.png,0,2,4,clip_frozen
11116,ounwan_0056.png,2,3,4,clip_frozen
11117,ounwan_0056.png,3,1,4,clip_frozen
11118,ounwan_0056.png,2,1,4,clip_frozen
11119,ounwan_0056.png,3,3,4,clip_frozen
11133,ounwan_0058.png,1,1,4,clip_frozen
11134,ounwan_0058.png,0,1,4,clip_frozen
11185,ounwan_0066.png,3,2,4,clip_frozen
11216,ounwan_0072.png,4,3,4,clip_frozen
11217,ounwan_0072.png,3,3,4,clip_frozen
11360,ounwan_0092.png,3,2,4,clip_frozen
11361,ounwan_0092.png,4,3,4,clip_frozen
11435,dietfood_0006.png,4,4,4,clip_frozen
11436,dietfood_0006.png,3,4,4,clip_frozen
11437,dietfood_0006.png,3,4,4,clip_frozen
11438,dietfood_0006.png,4,3,4,clip_frozen
11439,dietfood_0006.png,4,4,4,clip_frozen
11445,dietfood_0008.png,4,4,4,clip_frozen
11446,dietfood_0008.png,4,4,4,clip_frozen
11447,dietfood_0008.png,3,4,4,clip_frozen
11448,dietfood_0008.png,4,4,4,clip_frozen
11449,dietfood_0008.png,4,4,4,clip_frozen
11459,dietfood_0012.png,4,4,4,clip_frozen
11460,dietfood_0012.png,3,3,4,clip_frozen
11461,dietfood_0012.png,4,4,4,clip_frozen
11462,dietfood_0012.png,4,4,4,clip_frozen
11463,dietfood_0012.png,3,3,4,clip_frozen
11469,dietfood_0014.png,4,4,4,clip_frozen
11470,dietfood_0014.png,2,4,4,clip_frozen
11471,dietfood_0014.png,3,4,4,clip_frozen
11472,dietfood_0014.png,3,4,4,clip_frozen
11473,dietfood_0014.png,1,4,4,clip_frozen
11474,dietfood_0014.png,4,4,4,clip_frozen
11475,dietfood_0014.png,1,4,4,clip_frozen
11476,dietfood_0014.png,2,4,4,clip_frozen
11514,dietfood_0024.png,1,4,4,clip_frozen
11515,dietfood_0024.png,1,4,4,clip_frozen
11516,dietfood_0024.png,0,4,4,clip_frozen
11517,dietfood_0024.png,0,4,4,clip_frozen
11518,dietfood_0024.png,0,4,4,clip_frozen
11529,dietfood_0026.png,4,4,4,clip_frozen
11530,dietfood_0026.png,4,4,4,clip_frozen
11531,dietfood_0026.png,3,4,4,clip_frozen
11532,dietfood_0026.png,2,4,4,clip_frozen
11533,dietfood_0026.png,3,4,4,clip_frozen
11534,dietfood_0026.png,2,4,4,clip_frozen
11535,dietfood_0026.png,1,4,4,clip_frozen
11536,dietfood_0026.png,4,4,4,clip_frozen
11537,dietfood_0026.png,1,4,4,clip_frozen
11538,dietfood_0026.png,2,4,4,clip_frozen
11539,dietfood_0026.png,3,4,4,clip_frozen
11540,dietfood_0026.png,2,4,4,clip_frozen
11541,dietfood_0026.png,3,4,4,clip_frozen
11542,dietfood_0026.png,4,4,4,clip_frozen
11543,dietfood_0026.png,3,4,4,clip_frozen
11544,dietfood_0026.png,4,4,4,clip_frozen
11545,dietfood_0026.png,4,4,4,clip_frozen
11546,dietfood_0026.png,1,4,4,clip_frozen
11547,dietfood_0026.png,1,4,4,clip_frozen
11548,dietfood_0026.png,0,4,4,clip_frozen
11650,dietfood_0045.png,4,4,4,clip_frozen
11651,dietfood_0045.png,4,4,4,clip_frozen
11652,dietfood_0045.png,3,4,4,clip_frozen
11653,dietfood_0045.png,4,4,4,clip_frozen
11654,dietfood_0045.png,3,4,4,clip_frozen
11688,dietfood_0053.png,3,4,4,clip_frozen
11689,dietfood_0053.png,3,4,4,clip_frozen
11690,dietfood_0053.png,4,4,4,clip_frozen
11691,dietfood_0053.png,2,4,4,clip_frozen
11692,dietfood_0053.png,2,4,4,clip_frozen
11693,dietfood_0053.png,1,4,4,clip_frozen
11694,dietfood_0053.png,3,4,4,clip_frozen
11695,dietfood_0053.png,3,4,4,clip_frozen
11701,dietfood_0055.png,4,4,4,clip_frozen
11702,dietfood_0055.png,4,4,4,clip_frozen
11703,dietfood_0055.png,4,4,4,clip_frozen
11704,dietfood_0055.png,2,4,4,clip_frozen
11705,dietfood_0055.png,4,4,4,clip_frozen
11738,dietfood_0061.png,3,4,4,clip_frozen
11739,dietfood_0061.png,3,4,4,clip_frozen
11740,dietfood_0061.png,3,4,4,clip_frozen
11741,dietfood_0061.png,3,4,4,clip_frozen
11742,dietfood_0061.png,3,4,4,clip_frozen
11743,dietfood_0061.png,1,4,4,clip_frozen
11744,dietfood_0061.png,2,4,4,clip_frozen
11745,dietfood_0061.png,3,3,4,clip_frozen
11746,dietfood_0061.png,4,4,4,clip_frozen
11747,dietfood_0061.png,3,4,4,clip_frozen
11748,dietfood_0061.png,3,4,4,clip_frozen
11749,dietfood_0061.png,2,4,4,clip_frozen
11750,dietfood_0061.png,4,4,4,clip_frozen
11751,dietfood_0061.png,2,4,4,clip_frozen
11752,dietfood_0061.png,2,4,4,clip_frozen
11753,dietfood_0061.png,3,4,4,clip_frozen
11754,dietfood_0061.png,4,4,4,clip_frozen
11760,dietfood_0063.png,4,4,4,clip_frozen
11761,dietfood_0063.png,3,4,4,clip_frozen
11762,dietfood_0063.png,4,4,4,clip_frozen
11763,dietfood_0063.png,3,4,4,clip_frozen
11764,dietfood_0063.png,2,4,4,clip_frozen
11765,dietfood_0064.png,4,4,4,clip_frozen
11766,dietfood_0064.png,4,4,4,clip_frozen
11767,dietfood_0064.png,3,4,4,clip_frozen
11768,dietfood_0064.png,4,4,4,clip_frozen
11769,dietfood_0064.png,1,4,4,clip_frozen
11770,dietfood_0064.png,2,4,4,clip_frozen
11771,dietfood_0064.png,4,3,4,clip_frozen
11772,dietfood_0064.png,1,4,4,clip_frozen
11773,dietfood_0064.png,1,4,4,clip_frozen
11774,dietfood_0065.png,4,4,4,clip_frozen
11775,dietfood_0065.png,3,4,4,clip_frozen
11776,dietfood_0065.png,3,4,4,clip_frozen
11777,dietfood_0065.png,2,4,4,clip_frozen
11778,dietfood_0065.png,3,4,4,clip_frozen
11779,dietfood_0065.png,3,4,4,clip_frozen
11780,dietfood_0065.png,4,4,4,clip_frozen
11781,dietfood_0065.png,2,3,4,clip_frozen
11782,dietfood_0065.png,3,4,4,clip_frozen
11783,dietfood_0067.png,0,3,4,clip_frozen
11784,dietfood_0067.png,0,3,4,clip_frozen
11785,dietfood_0067.png,0,3,4,clip_frozen
11786,dietfood_0067.png,0,3,4,clip_frozen
11787,dietfood_0067.png,0,3,4,clip_frozen
11818,dietfood_0071.png,4,4,4,clip_frozen
11819,dietfood_0071.png,4,4,4,clip_frozen
11820,dietfood_0071.png,4,4,4,clip_frozen
11821,dietfood_0071.png,2,4,4,clip_frozen
11822,dietfood_0071.png,3,4,4,clip_frozen
11828,dietfood_0073.png,0,3,4,clip_frozen
11829,dietfood_0073.png,3,4,4,clip_frozen
11830,dietfood_0073.png,4,4,4,clip_frozen
11831,dietfood_0073.png,1,4,4,clip_frozen
11832,dietfood_0073.png,4,4,4,clip_frozen
11833,dietfood_0074.png,1,4,4,clip_frozen
11834,dietfood_0074.png,3,4,4,clip_frozen
11835,dietfood_0074.png,3,4,4,clip_frozen
11836,dietfood_0074.png,4,4,4,clip_frozen
11837,dietfood_0074.png,2,4,4,clip_frozen
11838,dietfood_0075.png,4,4,4,clip_frozen
11839,dietfood_0075.png,4,4,4,clip_frozen
11840,dietfood_0075.png,4,4,4,clip_frozen
11841,dietfood_0075.png,3,4,4,clip_frozen
11842,dietfood_0075.png,3,4,4,clip_frozen
11843,dietfood_0075.png,4,4,4,clip_frozen
11844,dietfood_0075.png,4,4,4,clip_frozen
11845,dietfood_0075.png,3,4,4,clip_frozen
11846,dietfood_0075.png,4,4,4,clip_frozen
11847,dietfood_0075.png,4,4,4,clip_frozen
11848,dietfood_0075.png,4,4,4,clip_frozen
11849,dietfood_0075.png,4,4,4,clip_frozen
11850,dietfood_0075.png,0,4,4,clip_frozen
11851,dietfood_0075.png,2,4,4,clip_frozen
11873,dietfood_0079.png,4,4,4,clip_frozen
11874,dietfood_0079.png,4,4,4,clip_frozen
11875,dietfood_0079.png,2,4,4,clip_frozen
11876,dietfood_0079.png,4,4,4,clip_frozen
11877,dietfood_0079.png,4,4,4,clip_frozen
11878,dietfood_0080.png,4,4,4,clip_frozen
11879,dietfood_0080.png,2,4,4,clip_frozen
11880,dietfood_0080.png,4,4,4,clip_frozen
11881,dietfood_0080.png,3,4,4,clip_frozen
11882,dietfood_0080.png,2,4,4,clip_frozen
11948,dietfood_0091.png,3,4,4,clip_frozen
11949,dietfood_0091.png,4,4,4,clip_frozen
11976,dietfood_0094.png,3,4,4,clip_frozen
11977,dietfood_0094.png,1,4,4,clip_frozen
11978,dietfood_0094.png,3,4,4,clip_frozen
11979,dietfood_0094.png,2,4,4,clip_frozen
12007,dietfood_0100.png,0,4,4,clip_frozen
12008,dietfood_0100.png,1,4,4,clip_frozen
12009,dietfood_0100.png,1,4,4,clip_frozen
12010,dietfood_0100.png,2,4,4,clip_frozen
12011,dietfood_0100.png,3,4,4,clip_frozen
